m2m server on :8894, results -> /Users/s32863/personal/elektron/results/m2m-p3a-media-N24.jsonl, app 8c2a974b…
08:01:55 "GET /roster HTTP/1.1" 200 -
08:05:26 "GET /roster HTTP/1.1" 200 -
08:05:26 "POST /reset HTTP/1.1" 200 -
08:05:26 "GET /room.html?id=1&n=24&hold=1&cb=1787720726667&audio=1&mode=full&cls=probe HTTP/1.1" 200 -
08:05:26 code 404, message File not found
08:05:26 "GET /favicon.ico HTTP/1.1" 404 -
08:05:26 "GET /room.html?id=2&n=24&hold=1&cb=1787720726753&audio=1&mode=full&cls=probe HTTP/1.1" 200 -
08:05:26 "GET /room.html?id=A&n=24&hold=1&cb=1787720726834&audio=1&mode=pub&vw=320&vh=180&vfps=15&cls=light HTTP/1.1" 200 -
08:05:26 "GET /room.html?id=B&n=24&hold=1&cb=1787720726908&audio=1&mode=pub&vw=320&vh=180&vfps=15&cls=light HTTP/1.1" 200 -
08:05:27 "GET /room.html?id=C&n=24&hold=1&cb=1787720726983&audio=1&mode=pub&vw=320&vh=180&vfps=15&cls=light HTTP/1.1" 200 -
08:05:27 "GET /room.html?id=D&n=24&hold=1&cb=1787720727461&audio=1&mode=pub&vw=320&vh=180&vfps=15&cls=light HTTP/1.1" 200 -
08:05:27 code 404, message File not found
08:05:27 "GET /favicon.ico HTTP/1.1" 404 -
08:05:27 "GET /room.html?id=E&n=24&hold=1&cb=1787720727544&audio=1&mode=pub&vw=320&vh=180&vfps=15&cls=light HTTP/1.1" 200 -
08:05:27 "GET /room.html?id=F&n=24&hold=1&cb=1787720727628&audio=1&mode=pub&vw=320&vh=180&vfps=15&cls=light HTTP/1.1" 200 -
08:05:27 "GET /room.html?id=G&n=24&hold=1&cb=1787720727707&audio=1&mode=pub&vw=320&vh=180&vfps=15&cls=light HTTP/1.1" 200 -
08:05:27 "GET /room.html?id=H&n=24&hold=1&cb=1787720727783&audio=1&mode=pub&vw=320&vh=180&vfps=15&cls=light HTTP/1.1" 200 -
08:05:28 "GET /room.html?id=I&n=24&hold=1&cb=1787720728274&audio=1&mode=pub&vw=320&vh=180&vfps=15&cls=light HTTP/1.1" 200 -
08:05:28 code 404, message File not found
08:05:28 "GET /favicon.ico HTTP/1.1" 404 -
08:05:28 "GET /room.html?id=J&n=24&hold=1&cb=1787720728365&audio=1&mode=pub&vw=320&vh=180&vfps=15&cls=light HTTP/1.1" 200 -
08:05:28 "GET /room.html?id=K&n=24&hold=1&cb=1787720728441&audio=1&mode=pub&vw=320&vh=180&vfps=15&cls=light HTTP/1.1" 200 -
08:05:28 "GET /room.html?id=L&n=24&hold=1&cb=1787720728517&audio=1&mode=pub&vw=320&vh=180&vfps=15&cls=light HTTP/1.1" 200 -
08:05:28 "GET /room.html?id=M&n=24&hold=1&cb=1787720728593&audio=1&mode=pub&vw=320&vh=180&vfps=15&cls=light HTTP/1.1" 200 -
08:05:29 "GET /room.html?id=N&n=24&hold=1&cb=1787720729131&audio=1&mode=pub&vw=320&vh=180&vfps=15&cls=light HTTP/1.1" 200 -
08:05:29 code 404, message File not found
08:05:29 "GET /favicon.ico HTTP/1.1" 404 -
08:05:29 "GET /room.html?id=O&n=24&hold=1&cb=1787720729221&audio=1&mode=pub&vw=320&vh=180&vfps=15&cls=light HTTP/1.1" 200 -
08:05:29 "GET /room.html?id=P&n=24&hold=1&cb=1787720729304&audio=1&mode=pub&vw=320&vh=180&vfps=15&cls=light HTTP/1.1" 200 -
08:05:29 "GET /room.html?id=Q&n=24&hold=1&cb=1787720729382&audio=1&mode=pub&vw=320&vh=180&vfps=15&cls=light HTTP/1.1" 200 -
08:05:29 "GET /room.html?id=R&n=24&hold=1&cb=1787720729460&audio=1&mode=pub&vw=320&vh=180&vfps=15&cls=light HTTP/1.1" 200 -
08:05:30 "GET /room.html?id=S&n=24&hold=1&cb=1787720729967&audio=1&mode=pub&vw=320&vh=180&vfps=15&cls=light HTTP/1.1" 200 -
08:05:30 code 404, message File not found
08:05:30 "GET /favicon.ico HTTP/1.1" 404 -
08:05:30 "GET /room.html?id=T&n=24&hold=1&cb=1787720730062&audio=1&mode=pub&vw=320&vh=180&vfps=15&cls=light HTTP/1.1" 200 -
08:05:30 "GET /room.html?id=U&n=24&hold=1&cb=1787720730143&audio=1&mode=pub&vw=320&vh=180&vfps=15&cls=light HTTP/1.1" 200 -
08:05:30 "GET /room.html?id=V&n=24&hold=1&cb=1787720730228&audio=1&mode=pub&vw=320&vh=180&vfps=15&cls=light HTTP/1.1" 200 -
08:05:30 "POST /collect HTTP/1.1" 200 -
08:05:30 CF POST /sessions/new -> 201 (283 ms)
08:05:30 "POST /cf/sessions/new HTTP/1.1" 201 -
08:05:30 CF POST /sessions/new -> 201 (265 ms)
08:05:30 "POST /cf/sessions/new HTTP/1.1" 201 -
08:05:30 CF POST /sessions/new -> 201 (281 ms)
08:05:30 "POST /cf/sessions/new HTTP/1.1" 201 -
08:05:30 CF POST /sessions/new -> 201 (277 ms)
08:05:30 "POST /cf/sessions/new HTTP/1.1" 201 -
08:05:30 CF POST /sessions/new -> 201 (264 ms)
08:05:30 "POST /cf/sessions/new HTTP/1.1" 201 -
08:05:30 CF POST /sessions/new -> 201 (289 ms)
08:05:30 "POST /cf/sessions/new HTTP/1.1" 201 -
08:05:30 CF POST /sessions/new -> 201 (225 ms)
08:05:30 "POST /cf/sessions/new HTTP/1.1" 201 -
08:05:30 CF POST /sessions/new -> 201 (287 ms)
08:05:30 "POST /cf/sessions/new HTTP/1.1" 201 -
08:05:30 CF POST /sessions/new -> 201 (227 ms)
08:05:30 "POST /cf/sessions/new HTTP/1.1" 201 -
08:05:30 CF POST /sessions/new -> 201 (266 ms)
08:05:30 "POST /cf/sessions/new HTTP/1.1" 201 -
08:05:30 CF POST /sessions/new -> 201 (228 ms)
08:05:30 "POST /cf/sessions/new HTTP/1.1" 201 -
08:05:30 CF POST /sessions/new -> 201 (289 ms)
08:05:30 "POST /cf/sessions/new HTTP/1.1" 201 -
08:05:30 CF POST /sessions/new -> 201 (270 ms)
08:05:30 "POST /cf/sessions/new HTTP/1.1" 201 -
08:05:30 CF POST /sessions/new -> 201 (271 ms)
08:05:30 "POST /cf/sessions/new HTTP/1.1" 201 -
08:05:30 CF POST /sessions/new -> 201 (301 ms)
08:05:30 "POST /cf/sessions/new HTTP/1.1" 201 -
08:05:30 CF POST /sessions/new -> 201 (297 ms)
08:05:30 "POST /cf/sessions/new HTTP/1.1" 201 -
08:05:30 CF POST /sessions/new -> 201 (272 ms)
08:05:30 "POST /cf/sessions/new HTTP/1.1" 201 -
08:05:30 CF POST /sessions/new -> 201 (239 ms)
08:05:30 "POST /cf/sessions/new HTTP/1.1" 201 -
08:05:30 CF POST /sessions/new -> 201 (277 ms)
08:05:30 "POST /cf/sessions/new HTTP/1.1" 201 -
08:05:30 CF POST /sessions/new -> 201 (277 ms)
08:05:30 "POST /cf/sessions/new HTTP/1.1" 201 -
08:05:30 CF POST /sessions/new -> 201 (336 ms)
08:05:30 "POST /cf/sessions/new HTTP/1.1" 201 -
08:05:30 CF POST /sessions/new -> 201 (334 ms)
08:05:30 "POST /cf/sessions/new HTTP/1.1" 201 -
08:05:30 CF POST /sessions/new -> 201 (299 ms)
08:05:30 "POST /cf/sessions/new HTTP/1.1" 201 -
08:05:30 CF POST /sessions/new -> 201 (364 ms)
08:05:30 "POST /cf/sessions/new HTTP/1.1" 201 -
08:05:31 "POST /save/pub-offer-r.sdp HTTP/1.1" 200 -
08:05:31 "POST /save/pub-offer-c.sdp HTTP/1.1" 200 -
08:05:31 "POST /save/pub-offer-m.sdp HTTP/1.1" 200 -
08:05:31 "POST /save/pub-offer-v.sdp HTTP/1.1" 200 -
08:05:31 "POST /save/pub-offer-l.sdp HTTP/1.1" 200 -
08:05:31 "POST /save/pub-offer-t.sdp HTTP/1.1" 200 -
08:05:31 "POST /save/pub-offer-p.sdp HTTP/1.1" 200 -
08:05:31 "POST /save/pub-offer-q.sdp HTTP/1.1" 200 -
08:05:31 "POST /save/pub-offer-j.sdp HTTP/1.1" 200 -
08:05:31 "POST /save/pub-offer-h.sdp HTTP/1.1" 200 -
08:05:31 "POST /save/pub-offer-n.sdp HTTP/1.1" 200 -
08:05:31 "POST /save/pub-offer-f.sdp HTTP/1.1" 200 -
08:05:31 "POST /save/pub-offer-g.sdp HTTP/1.1" 200 -
08:05:31 "POST /save/pub-offer-e.sdp HTTP/1.1" 200 -
08:05:31 "POST /save/pub-offer-b.sdp HTTP/1.1" 200 -
08:05:31 "POST /save/pub-offer-d.sdp HTTP/1.1" 200 -
08:05:31 "POST /save/pub-offer-o.sdp HTTP/1.1" 200 -
08:05:31 "POST /save/pub-offer-u.sdp HTTP/1.1" 200 -
08:05:31 "POST /save/pub-offer-s.sdp HTTP/1.1" 200 -
08:05:31 "POST /save/pub-offer-1.sdp HTTP/1.1" 200 -
08:05:31 "POST /save/pub-offer-2.sdp HTTP/1.1" 200 -
08:05:31 "POST /save/pub-offer-a.sdp HTTP/1.1" 200 -
08:05:31 "POST /save/pub-offer-k.sdp HTTP/1.1" 200 -
08:05:31 "POST /save/pub-offer-i.sdp HTTP/1.1" 200 -
08:05:31 CF POST /sessions/c504e6d04c7f332b09b787ed38dfe6d4b3def9a385126fbaa390222fe8f51272/tracks/new -> 200 (357 ms)
08:05:31 "POST /cf/sessions/c504e6d04c7f332b09b787ed38dfe6d4b3def9a385126fbaa390222fe8f51272/tracks/new HTTP/1.1" 200 -
08:05:31 CF POST /sessions/c601ffaf8f0cbecde095a167d7807ac0968d157d7cca59de9bad73b368ff9b69/tracks/new -> 200 (367 ms)
08:05:31 "POST /cf/sessions/c601ffaf8f0cbecde095a167d7807ac0968d157d7cca59de9bad73b368ff9b69/tracks/new HTTP/1.1" 200 -
08:05:31 "POST /save/pub-answer-v.sdp HTTP/1.1" 200 -
08:05:31 "POST /save/pub-answer-r.sdp HTTP/1.1" 200 -
08:05:31 CF POST /sessions/4c638fb750160caa919f1721b4c064f43358c9782c0221bad9fe3624818332fc/tracks/new -> 200 (335 ms)
08:05:31 "POST /cf/sessions/4c638fb750160caa919f1721b4c064f43358c9782c0221bad9fe3624818332fc/tracks/new HTTP/1.1" 200 -
08:05:31 "POST /collect HTTP/1.1" 200 -
08:05:31 "POST /save/pub-answer-n.sdp HTTP/1.1" 200 -
08:05:31 "POST /collect HTTP/1.1" 200 -
08:05:31 "POST /collect HTTP/1.1" 200 -
08:05:31 "POST /collect HTTP/1.1" 200 -
08:05:31 CF POST /sessions/f8fb885753200746e661da263bb8e346133b42f50b444e0c093625d184143163/tracks/new -> 200 (358 ms)
08:05:31 "POST /cf/sessions/f8fb885753200746e661da263bb8e346133b42f50b444e0c093625d184143163/tracks/new HTTP/1.1" 200 -
08:05:31 "POST /collect HTTP/1.1" 200 -
08:05:31 "POST /collect HTTP/1.1" 200 -
08:05:31 "POST /collect HTTP/1.1" 200 -
08:05:31 "POST /save/pub-answer-l.sdp HTTP/1.1" 200 -
08:05:31 "POST /collect HTTP/1.1" 200 -
08:05:31 "POST /collect HTTP/1.1" 200 -
08:05:31 "POST /collect HTTP/1.1" 200 -
08:05:31 "POST /collect HTTP/1.1" 200 -
08:05:31 "POST /collect HTTP/1.1" 200 -
08:05:31 CF POST /sessions/100fa1533b4b34551ef51c7ccfe7f3f8f56a0fd7d8af76a9a2792e675cdfdeb6/tracks/new -> 200 (387 ms)
08:05:31 "POST /cf/sessions/100fa1533b4b34551ef51c7ccfe7f3f8f56a0fd7d8af76a9a2792e675cdfdeb6/tracks/new HTTP/1.1" 200 -
08:05:31 "POST /save/pub-answer-m.sdp HTTP/1.1" 200 -
08:05:31 "POST /collect HTTP/1.1" 200 -
08:05:31 "POST /collect HTTP/1.1" 200 -
08:05:31 "POST /collect HTTP/1.1" 200 -
08:05:31 CF POST /sessions/768f08ae7c9687aa3fc725a9360bafe0c9e3fedc963813fda4ed6f7abf752b55/tracks/new -> 200 (395 ms)
08:05:31 "POST /cf/sessions/768f08ae7c9687aa3fc725a9360bafe0c9e3fedc963813fda4ed6f7abf752b55/tracks/new HTTP/1.1" 200 -
08:05:31 "POST /save/pub-answer-c.sdp HTTP/1.1" 200 -
08:05:31 "POST /collect HTTP/1.1" 200 -
08:05:31 "POST /collect HTTP/1.1" 200 -
08:05:31 CF POST /sessions/1ad2e6c66236f1c99c44456eb40b7229cc8bea2a19f8f7d0196efbd58c24f345/tracks/new -> 200 (379 ms)
08:05:31 "POST /cf/sessions/1ad2e6c66236f1c99c44456eb40b7229cc8bea2a19f8f7d0196efbd58c24f345/tracks/new HTTP/1.1" 200 -
08:05:31 "POST /collect HTTP/1.1" 200 -
08:05:31 CF POST /sessions/d66b7f3241f0b00a5e62d0024b822790e3c46b70477e68bde72483cc0b37eef2/tracks/new -> 200 (383 ms)
08:05:31 "POST /cf/sessions/d66b7f3241f0b00a5e62d0024b822790e3c46b70477e68bde72483cc0b37eef2/tracks/new HTTP/1.1" 200 -
08:05:31 "POST /save/pub-answer-h.sdp HTTP/1.1" 200 -
08:05:31 "POST /save/pub-answer-p.sdp HTTP/1.1" 200 -
08:05:31 "POST /collect HTTP/1.1" 200 -
08:05:31 "POST /collect HTTP/1.1" 200 -
08:05:31 "POST /collect HTTP/1.1" 200 -
08:05:31 "POST /collect HTTP/1.1" 200 -
08:05:31 "POST /collect HTTP/1.1" 200 -
08:05:31 "POST /collect HTTP/1.1" 200 -
08:05:31 CF POST /sessions/cdabd515ed8763f5cf92a2cedeb1ff39683e2c4d9a73aa29a6ca49878290fe4b/tracks/new -> 200 (357 ms)
08:05:31 CF POST /sessions/9966d1bbb8d41d0f002d801ea8c7486f171dade306ef42a7f50c2271782b4b18/tracks/new -> 200 (393 ms)
08:05:31 "POST /cf/sessions/cdabd515ed8763f5cf92a2cedeb1ff39683e2c4d9a73aa29a6ca49878290fe4b/tracks/new HTTP/1.1" 200 -
08:05:31 "POST /cf/sessions/9966d1bbb8d41d0f002d801ea8c7486f171dade306ef42a7f50c2271782b4b18/tracks/new HTTP/1.1" 200 -
08:05:31 "POST /save/pub-answer-j.sdp HTTP/1.1" 200 -
08:05:31 "POST /save/pub-answer-o.sdp HTTP/1.1" 200 -
08:05:31 "POST /collect HTTP/1.1" 200 -
08:05:31 CF POST /sessions/5ef43e114a4142b6fa7185473b9f57fb8945ea06f05029799b2253dded164b32/tracks/new -> 200 (373 ms)
08:05:31 "POST /cf/sessions/5ef43e114a4142b6fa7185473b9f57fb8945ea06f05029799b2253dded164b32/tracks/new HTTP/1.1" 200 -
08:05:31 "POST /collect HTTP/1.1" 200 -
08:05:31 "POST /collect HTTP/1.1" 200 -
08:05:31 "POST /collect HTTP/1.1" 200 -
08:05:31 "POST /collect HTTP/1.1" 200 -
08:05:31 CF POST /sessions/bcd772f1ae76843577ff98267a525b3ee8135b968794a782c67826fba763179c/tracks/new -> 200 (340 ms)
08:05:31 "POST /cf/sessions/bcd772f1ae76843577ff98267a525b3ee8135b968794a782c67826fba763179c/tracks/new HTTP/1.1" 200 -
08:05:31 "POST /collect HTTP/1.1" 200 -
08:05:31 "POST /save/pub-answer-g.sdp HTTP/1.1" 200 -
08:05:31 CF POST /sessions/9cabe085a2331a3e49b55fdb495d55b4706cc62b2784aca22d242a286c153a66/tracks/new -> 200 (406 ms)
08:05:31 "POST /cf/sessions/9cabe085a2331a3e49b55fdb495d55b4706cc62b2784aca22d242a286c153a66/tracks/new HTTP/1.1" 200 -
08:05:31 "POST /save/pub-answer-a.sdp HTTP/1.1" 200 -
08:05:31 "POST /collect HTTP/1.1" 200 -
08:05:31 "POST /save/pub-answer-t.sdp HTTP/1.1" 200 -
08:05:31 "POST /collect HTTP/1.1" 200 -
08:05:31 "POST /collect HTTP/1.1" 200 -
08:05:31 "POST /collect HTTP/1.1" 200 -
08:05:31 "POST /collect HTTP/1.1" 200 -
08:05:31 "POST /collect HTTP/1.1" 200 -
08:05:31 CF POST /sessions/b77846956224609099b79f3d35f3abe34b885f77802bd916a514fbd0ec80cdd4/tracks/new -> 200 (409 ms)
08:05:31 "POST /cf/sessions/b77846956224609099b79f3d35f3abe34b885f77802bd916a514fbd0ec80cdd4/tracks/new HTTP/1.1" 200 -
08:05:31 "POST /collect HTTP/1.1" 200 -
08:05:31 "POST /collect HTTP/1.1" 200 -
08:05:31 "POST /collect HTTP/1.1" 200 -
08:05:31 "POST /save/pub-answer-q.sdp HTTP/1.1" 200 -
08:05:31 "POST /collect HTTP/1.1" 200 -
08:05:31 "POST /collect HTTP/1.1" 200 -
08:05:31 "POST /collect HTTP/1.1" 200 -
08:05:31 CF POST /sessions/0500c0c8a8e1d0515fd81f530be4afe5772a1ba6647191cfd44467b31e5c7288/tracks/new -> 200 (397 ms)
08:05:31 "POST /cf/sessions/0500c0c8a8e1d0515fd81f530be4afe5772a1ba6647191cfd44467b31e5c7288/tracks/new HTTP/1.1" 200 -
08:05:31 CF POST /sessions/1bdedb983113957b5094ce762d82ff746eead141f41684cb8f06989ec78a5672/tracks/new -> 200 (361 ms)
08:05:31 "POST /cf/sessions/1bdedb983113957b5094ce762d82ff746eead141f41684cb8f06989ec78a5672/tracks/new HTTP/1.1" 200 -
08:05:31 "POST /save/pub-answer-f.sdp HTTP/1.1" 200 -
08:05:31 "POST /save/pub-answer-2.sdp HTTP/1.1" 200 -
08:05:31 "POST /collect HTTP/1.1" 200 -
08:05:31 "POST /collect HTTP/1.1" 200 -
08:05:31 "POST /collect HTTP/1.1" 200 -
08:05:31 "POST /collect HTTP/1.1" 200 -
08:05:31 "POST /collect HTTP/1.1" 200 -
08:05:31 "POST /collect HTTP/1.1" 200 -
08:05:31 CF POST /sessions/813ca996094f0006dc42ba745f7b34aee7896ccdf3ecbd7043cc2d992a6cd3bd/tracks/new -> 200 (401 ms)
08:05:31 "POST /cf/sessions/813ca996094f0006dc42ba745f7b34aee7896ccdf3ecbd7043cc2d992a6cd3bd/tracks/new HTTP/1.1" 200 -
08:05:31 CF POST /sessions/32ebc02bf31d6d4a536ecc0844ce1a71028279efd429d92276e03381774000f8/tracks/new -> 200 (391 ms)
08:05:31 "POST /cf/sessions/32ebc02bf31d6d4a536ecc0844ce1a71028279efd429d92276e03381774000f8/tracks/new HTTP/1.1" 200 -
08:05:31 "POST /save/pub-answer-u.sdp HTTP/1.1" 200 -
08:05:31 "POST /save/pub-answer-d.sdp HTTP/1.1" 200 -
08:05:31 "POST /collect HTTP/1.1" 200 -
08:05:31 "POST /collect HTTP/1.1" 200 -
08:05:31 CF POST /sessions/cf2de7d5fd768fb61a94e82004fb6d14dc03941ffc157e671ffdfcd862d128b9/tracks/new -> 200 (394 ms)
08:05:31 "POST /cf/sessions/cf2de7d5fd768fb61a94e82004fb6d14dc03941ffc157e671ffdfcd862d128b9/tracks/new HTTP/1.1" 200 -
08:05:31 "POST /collect HTTP/1.1" 200 -
08:05:31 "POST /collect HTTP/1.1" 200 -
08:05:31 "POST /collect HTTP/1.1" 200 -
08:05:31 "POST /collect HTTP/1.1" 200 -
08:05:31 "POST /save/pub-answer-s.sdp HTTP/1.1" 200 -
08:05:31 "POST /collect HTTP/1.1" 200 -
08:05:31 CF POST /sessions/250d9ad79d1391ca05d594afb5c76188d8a46477b643e89724a756651100ca97/tracks/new -> 200 (381 ms)
08:05:31 "POST /cf/sessions/250d9ad79d1391ca05d594afb5c76188d8a46477b643e89724a756651100ca97/tracks/new HTTP/1.1" 200 -
08:05:31 "POST /collect HTTP/1.1" 200 -
08:05:31 "POST /collect HTTP/1.1" 200 -
08:05:31 CF POST /sessions/2c2e15ded444733a24c83466f9ab58923f2c8506e6fc15e1dea2313daa535655/tracks/new -> 200 (401 ms)
08:05:31 "POST /cf/sessions/2c2e15ded444733a24c83466f9ab58923f2c8506e6fc15e1dea2313daa535655/tracks/new HTTP/1.1" 200 -
08:05:31 "POST /save/pub-answer-i.sdp HTTP/1.1" 200 -
08:05:31 "POST /save/pub-answer-1.sdp HTTP/1.1" 200 -
08:05:31 "POST /collect HTTP/1.1" 200 -
08:05:31 "POST /collect HTTP/1.1" 200 -
08:05:31 "POST /collect HTTP/1.1" 200 -
08:05:31 "POST /collect HTTP/1.1" 200 -
08:05:31 "POST /collect HTTP/1.1" 200 -
08:05:31 "POST /collect HTTP/1.1" 200 -
08:05:31 CF POST /sessions/8837a1deecfce2825a10d9ffc0b18f36a0aef557b0136d32527f9ef255d84994/tracks/new -> 200 (426 ms)
08:05:31 "POST /cf/sessions/8837a1deecfce2825a10d9ffc0b18f36a0aef557b0136d32527f9ef255d84994/tracks/new HTTP/1.1" 200 -
08:05:31 "POST /save/pub-answer-e.sdp HTTP/1.1" 200 -
08:05:31 "POST /collect HTTP/1.1" 200 -
08:05:31 "POST /collect HTTP/1.1" 200 -
08:05:31 "POST /collect HTTP/1.1" 200 -
08:05:31 "POST /collect HTTP/1.1" 200 -
08:05:31 CF POST /sessions/73dbd4b6b4b5cfd2232946768f5a114d805e6affa856c305b1f40ca7a24b3fa1/tracks/new -> 200 (400 ms)
08:05:31 "POST /cf/sessions/73dbd4b6b4b5cfd2232946768f5a114d805e6affa856c305b1f40ca7a24b3fa1/tracks/new HTTP/1.1" 200 -
08:05:31 "POST /save/pub-answer-k.sdp HTTP/1.1" 200 -
08:05:31 CF POST /sessions/cb9ebfcb09333363b74a0043e2f736cb800d8d66f72324877c93f07cf5fa09a8/tracks/new -> 200 (434 ms)
08:05:31 "POST /cf/sessions/cb9ebfcb09333363b74a0043e2f736cb800d8d66f72324877c93f07cf5fa09a8/tracks/new HTTP/1.1" 200 -
08:05:31 "POST /collect HTTP/1.1" 200 -
08:05:31 "POST /collect HTTP/1.1" 200 -
08:05:31 "POST /save/pub-answer-b.sdp HTTP/1.1" 200 -
08:05:31 "POST /collect HTTP/1.1" 200 -
08:05:31 "POST /collect HTTP/1.1" 200 -
08:05:31 "POST /collect HTTP/1.1" 200 -
08:05:31 "POST /collect HTTP/1.1" 200 -
08:05:31 "POST /join HTTP/1.1" 200 -
08:05:31 "POST /collect HTTP/1.1" 200 -
08:05:31 "POST /collect HTTP/1.1" 200 -
08:05:31 "POST /collect HTTP/1.1" 200 -
08:05:31 "POST /collect HTTP/1.1" 200 -
08:05:31 "POST /collect HTTP/1.1" 200 -
08:05:31 "POST /collect HTTP/1.1" 200 -
08:05:31 "POST /collect HTTP/1.1" 200 -
08:05:31 "POST /collect HTTP/1.1" 200 -
08:05:31 "POST /collect HTTP/1.1" 200 -
08:05:31 "POST /collect HTTP/1.1" 200 -
08:05:31 "POST /join HTTP/1.1" 200 -
08:05:31 "POST /collect HTTP/1.1" 200 -
08:05:31 "POST /collect HTTP/1.1" 200 -
08:05:31 "POST /collect HTTP/1.1" 200 -
08:05:31 "POST /collect HTTP/1.1" 200 -
08:05:31 "POST /collect HTTP/1.1" 200 -
08:05:31 "POST /collect HTTP/1.1" 200 -
08:05:31 "POST /join HTTP/1.1" 200 -
08:05:31 "POST /collect HTTP/1.1" 200 -
08:05:31 "POST /collect HTTP/1.1" 200 -
08:05:31 "POST /collect HTTP/1.1" 200 -
08:05:32 "POST /join HTTP/1.1" 200 -
08:05:32 "POST /collect HTTP/1.1" 200 -
08:05:32 "POST /collect HTTP/1.1" 200 -
08:05:32 "POST /collect HTTP/1.1" 200 -
08:05:32 "POST /collect HTTP/1.1" 200 -
08:05:32 "POST /join HTTP/1.1" 200 -
08:05:32 "POST /join HTTP/1.1" 200 -
08:05:32 "POST /join HTTP/1.1" 200 -
08:05:32 "POST /join HTTP/1.1" 200 -
08:05:32 "POST /collect HTTP/1.1" 200 -
08:05:32 "POST /collect HTTP/1.1" 200 -
08:05:32 "POST /collect HTTP/1.1" 200 -
08:05:32 "POST /collect HTTP/1.1" 200 -
08:05:32 "POST /join HTTP/1.1" 200 -
08:05:32 "POST /join HTTP/1.1" 200 -
08:05:32 "POST /join HTTP/1.1" 200 -
08:05:32 "POST /join HTTP/1.1" 200 -
08:05:32 "POST /collect HTTP/1.1" 200 -
08:05:32 "POST /collect HTTP/1.1" 200 -
08:05:32 "POST /collect HTTP/1.1" 200 -
08:05:32 "POST /collect HTTP/1.1" 200 -
08:05:32 "POST /collect HTTP/1.1" 200 -
08:05:32 "POST /collect HTTP/1.1" 200 -
08:05:32 "POST /join HTTP/1.1" 200 -
08:05:32 "POST /join HTTP/1.1" 200 -
08:05:32 "POST /collect HTTP/1.1" 200 -
08:05:32 "POST /collect HTTP/1.1" 200 -
08:05:32 "POST /collect HTTP/1.1" 200 -
08:05:32 "POST /join HTTP/1.1" 200 -
08:05:32 "POST /collect HTTP/1.1" 200 -
08:05:32 "POST /join HTTP/1.1" 200 -
08:05:32 "POST /collect HTTP/1.1" 200 -
08:05:32 "POST /join HTTP/1.1" 200 -
08:05:32 "POST /collect HTTP/1.1" 200 -
08:05:32 "GET /roster HTTP/1.1" 200 -
08:05:32 CF POST /sessions/2c2e15ded444733a24c83466f9ab58923f2c8506e6fc15e1dea2313daa535655/tracks/new -> 200 (264 ms)
08:05:32 "POST /cf/sessions/2c2e15ded444733a24c83466f9ab58923f2c8506e6fc15e1dea2313daa535655/tracks/new HTTP/1.1" 200 -
08:05:32 CF PUT /sessions/2c2e15ded444733a24c83466f9ab58923f2c8506e6fc15e1dea2313daa535655/renegotiate -> 200 (152 ms)
08:05:32 "PUT /cf/sessions/2c2e15ded444733a24c83466f9ab58923f2c8506e6fc15e1dea2313daa535655/renegotiate HTTP/1.1" 200 -
08:05:32 "POST /collect HTTP/1.1" 200 -
08:05:32 "POST /collect HTTP/1.1" 200 -
08:05:32 CF POST /sessions/2c2e15ded444733a24c83466f9ab58923f2c8506e6fc15e1dea2313daa535655/tracks/new -> 200 (265 ms)
08:05:32 "POST /cf/sessions/2c2e15ded444733a24c83466f9ab58923f2c8506e6fc15e1dea2313daa535655/tracks/new HTTP/1.1" 200 -
08:05:32 "POST /collect HTTP/1.1" 200 -
08:05:32 CF PUT /sessions/2c2e15ded444733a24c83466f9ab58923f2c8506e6fc15e1dea2313daa535655/renegotiate -> 200 (136 ms)
08:05:32 "PUT /cf/sessions/2c2e15ded444733a24c83466f9ab58923f2c8506e6fc15e1dea2313daa535655/renegotiate HTTP/1.1" 200 -
08:05:32 "POST /collect HTTP/1.1" 200 -
08:05:32 "POST /join HTTP/1.1" 200 -
08:05:32 "POST /collect HTTP/1.1" 200 -
08:05:33 "POST /join HTTP/1.1" 200 -
08:05:33 "POST /collect HTTP/1.1" 200 -
08:05:33 "POST /join HTTP/1.1" 200 -
08:05:33 "POST /collect HTTP/1.1" 200 -
08:05:33 "POST /join HTTP/1.1" 200 -
08:05:33 "POST /collect HTTP/1.1" 200 -
08:05:33 "POST /join HTTP/1.1" 200 -
08:05:33 "POST /collect HTTP/1.1" 200 -
08:05:33 "GET /roster HTTP/1.1" 200 -
08:05:33 "POST /join HTTP/1.1" 200 -
08:05:33 "POST /collect HTTP/1.1" 200 -
08:05:33 CF POST /sessions/2c2e15ded444733a24c83466f9ab58923f2c8506e6fc15e1dea2313daa535655/tracks/new -> 200 (292 ms)
08:05:33 "POST /cf/sessions/2c2e15ded444733a24c83466f9ab58923f2c8506e6fc15e1dea2313daa535655/tracks/new HTTP/1.1" 200 -
08:05:33 CF POST /sessions/1bdedb983113957b5094ce762d82ff746eead141f41684cb8f06989ec78a5672/tracks/new -> 200 (253 ms)
08:05:33 "POST /cf/sessions/1bdedb983113957b5094ce762d82ff746eead141f41684cb8f06989ec78a5672/tracks/new HTTP/1.1" 200 -
08:05:33 CF PUT /sessions/2c2e15ded444733a24c83466f9ab58923f2c8506e6fc15e1dea2313daa535655/renegotiate -> 200 (133 ms)
08:05:33 "PUT /cf/sessions/2c2e15ded444733a24c83466f9ab58923f2c8506e6fc15e1dea2313daa535655/renegotiate HTTP/1.1" 200 -
08:05:33 "POST /collect HTTP/1.1" 200 -
08:05:33 CF PUT /sessions/1bdedb983113957b5094ce762d82ff746eead141f41684cb8f06989ec78a5672/renegotiate -> 200 (196 ms)
08:05:33 "PUT /cf/sessions/1bdedb983113957b5094ce762d82ff746eead141f41684cb8f06989ec78a5672/renegotiate HTTP/1.1" 200 -
08:05:33 "POST /collect HTTP/1.1" 200 -
08:05:33 "POST /collect HTTP/1.1" 200 -
08:05:33 CF POST /sessions/2c2e15ded444733a24c83466f9ab58923f2c8506e6fc15e1dea2313daa535655/tracks/new -> 200 (312 ms)
08:05:33 "POST /cf/sessions/2c2e15ded444733a24c83466f9ab58923f2c8506e6fc15e1dea2313daa535655/tracks/new HTTP/1.1" 200 -
08:05:33 "POST /collect HTTP/1.1" 200 -
08:05:33 CF POST /sessions/1bdedb983113957b5094ce762d82ff746eead141f41684cb8f06989ec78a5672/tracks/new -> 200 (216 ms)
08:05:33 "POST /cf/sessions/1bdedb983113957b5094ce762d82ff746eead141f41684cb8f06989ec78a5672/tracks/new HTTP/1.1" 200 -
08:05:33 CF PUT /sessions/2c2e15ded444733a24c83466f9ab58923f2c8506e6fc15e1dea2313daa535655/renegotiate -> 200 (163 ms)
08:05:33 "PUT /cf/sessions/2c2e15ded444733a24c83466f9ab58923f2c8506e6fc15e1dea2313daa535655/renegotiate HTTP/1.1" 200 -
08:05:33 "POST /collect HTTP/1.1" 200 -
08:05:33 CF PUT /sessions/1bdedb983113957b5094ce762d82ff746eead141f41684cb8f06989ec78a5672/renegotiate -> 200 (148 ms)
08:05:33 "PUT /cf/sessions/1bdedb983113957b5094ce762d82ff746eead141f41684cb8f06989ec78a5672/renegotiate HTTP/1.1" 200 -
08:05:33 "POST /collect HTTP/1.1" 200 -
08:05:34 "GET /roster HTTP/1.1" 200 -
08:05:34 "POST /collect HTTP/1.1" 200 -
08:05:34 CF POST /sessions/1bdedb983113957b5094ce762d82ff746eead141f41684cb8f06989ec78a5672/tracks/new -> 200 (185 ms)
08:05:34 "POST /cf/sessions/1bdedb983113957b5094ce762d82ff746eead141f41684cb8f06989ec78a5672/tracks/new HTTP/1.1" 200 -
08:05:34 CF POST /sessions/2c2e15ded444733a24c83466f9ab58923f2c8506e6fc15e1dea2313daa535655/tracks/new -> 200 (275 ms)
08:05:34 "POST /cf/sessions/2c2e15ded444733a24c83466f9ab58923f2c8506e6fc15e1dea2313daa535655/tracks/new HTTP/1.1" 200 -
08:05:34 CF PUT /sessions/1bdedb983113957b5094ce762d82ff746eead141f41684cb8f06989ec78a5672/renegotiate -> 200 (158 ms)
08:05:34 "PUT /cf/sessions/1bdedb983113957b5094ce762d82ff746eead141f41684cb8f06989ec78a5672/renegotiate HTTP/1.1" 200 -
08:05:34 "POST /collect HTTP/1.1" 200 -
08:05:34 CF PUT /sessions/2c2e15ded444733a24c83466f9ab58923f2c8506e6fc15e1dea2313daa535655/renegotiate -> 200 (156 ms)
08:05:34 "PUT /cf/sessions/2c2e15ded444733a24c83466f9ab58923f2c8506e6fc15e1dea2313daa535655/renegotiate HTTP/1.1" 200 -
08:05:34 "POST /collect HTTP/1.1" 200 -
08:05:34 CF POST /sessions/1bdedb983113957b5094ce762d82ff746eead141f41684cb8f06989ec78a5672/tracks/new -> 200 (186 ms)
08:05:34 "POST /cf/sessions/1bdedb983113957b5094ce762d82ff746eead141f41684cb8f06989ec78a5672/tracks/new HTTP/1.1" 200 -
08:05:34 CF POST /sessions/2c2e15ded444733a24c83466f9ab58923f2c8506e6fc15e1dea2313daa535655/tracks/new -> 200 (269 ms)
08:05:34 "POST /cf/sessions/2c2e15ded444733a24c83466f9ab58923f2c8506e6fc15e1dea2313daa535655/tracks/new HTTP/1.1" 200 -
08:05:34 CF PUT /sessions/1bdedb983113957b5094ce762d82ff746eead141f41684cb8f06989ec78a5672/renegotiate -> 200 (167 ms)
08:05:34 "PUT /cf/sessions/1bdedb983113957b5094ce762d82ff746eead141f41684cb8f06989ec78a5672/renegotiate HTTP/1.1" 200 -
08:05:34 "POST /collect HTTP/1.1" 200 -
08:05:34 "POST /collect HTTP/1.1" 200 -
08:05:34 "POST /join HTTP/1.1" 200 -
08:05:34 "POST /collect HTTP/1.1" 200 -
08:05:34 "POST /collect HTTP/1.1" 200 -
08:05:34 CF PUT /sessions/2c2e15ded444733a24c83466f9ab58923f2c8506e6fc15e1dea2313daa535655/renegotiate -> 200 (162 ms)
08:05:34 "PUT /cf/sessions/2c2e15ded444733a24c83466f9ab58923f2c8506e6fc15e1dea2313daa535655/renegotiate HTTP/1.1" 200 -
08:05:34 "POST /collect HTTP/1.1" 200 -
08:05:34 "POST /collect HTTP/1.1" 200 -
08:05:34 CF POST /sessions/1bdedb983113957b5094ce762d82ff746eead141f41684cb8f06989ec78a5672/tracks/new -> 200 (196 ms)
08:05:34 "POST /cf/sessions/1bdedb983113957b5094ce762d82ff746eead141f41684cb8f06989ec78a5672/tracks/new HTTP/1.1" 200 -
08:05:34 "POST /collect HTTP/1.1" 200 -
08:05:34 "POST /collect HTTP/1.1" 200 -
08:05:35 "POST /collect HTTP/1.1" 200 -
08:05:35 "POST /collect HTTP/1.1" 200 -
08:05:35 "POST /collect HTTP/1.1" 200 -
08:05:35 "POST /collect HTTP/1.1" 200 -
08:05:35 "POST /collect HTTP/1.1" 200 -
08:05:35 "POST /collect HTTP/1.1" 200 -
08:05:35 "POST /collect HTTP/1.1" 200 -
08:05:35 "POST /collect HTTP/1.1" 200 -
08:05:35 "POST /collect HTTP/1.1" 200 -
08:05:35 CF POST /sessions/2c2e15ded444733a24c83466f9ab58923f2c8506e6fc15e1dea2313daa535655/tracks/new -> 200 (265 ms)
08:05:35 "POST /cf/sessions/2c2e15ded444733a24c83466f9ab58923f2c8506e6fc15e1dea2313daa535655/tracks/new HTTP/1.1" 200 -
08:05:35 CF PUT /sessions/1bdedb983113957b5094ce762d82ff746eead141f41684cb8f06989ec78a5672/renegotiate -> 200 (161 ms)
08:05:35 "PUT /cf/sessions/1bdedb983113957b5094ce762d82ff746eead141f41684cb8f06989ec78a5672/renegotiate HTTP/1.1" 200 -
08:05:35 "POST /collect HTTP/1.1" 200 -
08:05:35 "POST /collect HTTP/1.1" 200 -
08:05:35 "POST /collect HTTP/1.1" 200 -
08:05:35 "POST /collect HTTP/1.1" 200 -
08:05:35 "POST /collect HTTP/1.1" 200 -
08:05:35 "GET /roster HTTP/1.1" 200 -
08:05:35 "POST /collect HTTP/1.1" 200 -
08:05:35 CF PUT /sessions/2c2e15ded444733a24c83466f9ab58923f2c8506e6fc15e1dea2313daa535655/renegotiate -> 200 (177 ms)
08:05:35 "PUT /cf/sessions/2c2e15ded444733a24c83466f9ab58923f2c8506e6fc15e1dea2313daa535655/renegotiate HTTP/1.1" 200 -
08:05:35 CF POST /sessions/1bdedb983113957b5094ce762d82ff746eead141f41684cb8f06989ec78a5672/tracks/new -> 200 (196 ms)
08:05:35 "POST /cf/sessions/1bdedb983113957b5094ce762d82ff746eead141f41684cb8f06989ec78a5672/tracks/new HTTP/1.1" 200 -
08:05:35 "POST /collect HTTP/1.1" 200 -
08:05:35 CF PUT /sessions/1bdedb983113957b5094ce762d82ff746eead141f41684cb8f06989ec78a5672/renegotiate -> 200 (156 ms)
08:05:35 "PUT /cf/sessions/1bdedb983113957b5094ce762d82ff746eead141f41684cb8f06989ec78a5672/renegotiate HTTP/1.1" 200 -
08:05:35 "POST /collect HTTP/1.1" 200 -
08:05:35 CF POST /sessions/2c2e15ded444733a24c83466f9ab58923f2c8506e6fc15e1dea2313daa535655/tracks/new -> 200 (321 ms)
08:05:35 "POST /cf/sessions/2c2e15ded444733a24c83466f9ab58923f2c8506e6fc15e1dea2313daa535655/tracks/new HTTP/1.1" 200 -
08:05:35 CF POST /sessions/1bdedb983113957b5094ce762d82ff746eead141f41684cb8f06989ec78a5672/tracks/new -> 200 (201 ms)
08:05:35 "POST /cf/sessions/1bdedb983113957b5094ce762d82ff746eead141f41684cb8f06989ec78a5672/tracks/new HTTP/1.1" 200 -
08:05:35 "POST /collect HTTP/1.1" 200 -
08:05:35 "POST /collect HTTP/1.1" 200 -
08:05:35 CF PUT /sessions/2c2e15ded444733a24c83466f9ab58923f2c8506e6fc15e1dea2313daa535655/renegotiate -> 200 (184 ms)
08:05:35 "PUT /cf/sessions/2c2e15ded444733a24c83466f9ab58923f2c8506e6fc15e1dea2313daa535655/renegotiate HTTP/1.1" 200 -
08:05:35 "POST /collect HTTP/1.1" 200 -
08:05:35 CF PUT /sessions/1bdedb983113957b5094ce762d82ff746eead141f41684cb8f06989ec78a5672/renegotiate -> 200 (177 ms)
08:05:35 "PUT /cf/sessions/1bdedb983113957b5094ce762d82ff746eead141f41684cb8f06989ec78a5672/renegotiate HTTP/1.1" 200 -
08:05:35 "POST /collect HTTP/1.1" 200 -
08:05:35 "POST /collect HTTP/1.1" 200 -
08:05:36 "POST /collect HTTP/1.1" 200 -
08:05:36 CF POST /sessions/1bdedb983113957b5094ce762d82ff746eead141f41684cb8f06989ec78a5672/tracks/new -> 200 (227 ms)
08:05:36 "POST /cf/sessions/1bdedb983113957b5094ce762d82ff746eead141f41684cb8f06989ec78a5672/tracks/new HTTP/1.1" 200 -
08:05:36 "POST /collect HTTP/1.1" 200 -
08:05:36 "GET /roster HTTP/1.1" 200 -
08:05:36 "POST /collect HTTP/1.1" 200 -
08:05:36 "POST /collect HTTP/1.1" 200 -
08:05:36 CF POST /sessions/2c2e15ded444733a24c83466f9ab58923f2c8506e6fc15e1dea2313daa535655/tracks/new -> 200 (315 ms)
08:05:36 "POST /cf/sessions/2c2e15ded444733a24c83466f9ab58923f2c8506e6fc15e1dea2313daa535655/tracks/new HTTP/1.1" 200 -
08:05:36 "POST /collect HTTP/1.1" 200 -
08:05:36 CF PUT /sessions/1bdedb983113957b5094ce762d82ff746eead141f41684cb8f06989ec78a5672/renegotiate -> 200 (198 ms)
08:05:36 "PUT /cf/sessions/1bdedb983113957b5094ce762d82ff746eead141f41684cb8f06989ec78a5672/renegotiate HTTP/1.1" 200 -
08:05:36 "POST /collect HTTP/1.1" 200 -
08:05:36 CF PUT /sessions/2c2e15ded444733a24c83466f9ab58923f2c8506e6fc15e1dea2313daa535655/renegotiate -> 200 (161 ms)
08:05:36 "PUT /cf/sessions/2c2e15ded444733a24c83466f9ab58923f2c8506e6fc15e1dea2313daa535655/renegotiate HTTP/1.1" 200 -
08:05:36 "POST /collect HTTP/1.1" 200 -
08:05:36 CF POST /sessions/1bdedb983113957b5094ce762d82ff746eead141f41684cb8f06989ec78a5672/tracks/new -> 200 (209 ms)
08:05:36 "POST /cf/sessions/1bdedb983113957b5094ce762d82ff746eead141f41684cb8f06989ec78a5672/tracks/new HTTP/1.1" 200 -
08:05:36 CF POST /sessions/2c2e15ded444733a24c83466f9ab58923f2c8506e6fc15e1dea2313daa535655/tracks/new -> 200 (271 ms)
08:05:36 "POST /cf/sessions/2c2e15ded444733a24c83466f9ab58923f2c8506e6fc15e1dea2313daa535655/tracks/new HTTP/1.1" 200 -
08:05:36 "POST /collect HTTP/1.1" 200 -
08:05:36 CF PUT /sessions/1bdedb983113957b5094ce762d82ff746eead141f41684cb8f06989ec78a5672/renegotiate -> 200 (197 ms)
08:05:36 "PUT /cf/sessions/1bdedb983113957b5094ce762d82ff746eead141f41684cb8f06989ec78a5672/renegotiate HTTP/1.1" 200 -
08:05:36 "POST /collect HTTP/1.1" 200 -
08:05:36 CF PUT /sessions/2c2e15ded444733a24c83466f9ab58923f2c8506e6fc15e1dea2313daa535655/renegotiate -> 200 (166 ms)
08:05:36 "PUT /cf/sessions/2c2e15ded444733a24c83466f9ab58923f2c8506e6fc15e1dea2313daa535655/renegotiate HTTP/1.1" 200 -
08:05:36 "POST /collect HTTP/1.1" 200 -
08:05:36 "POST /collect HTTP/1.1" 200 -
08:05:36 CF POST /sessions/1bdedb983113957b5094ce762d82ff746eead141f41684cb8f06989ec78a5672/tracks/new -> 200 (191 ms)
08:05:36 "POST /cf/sessions/1bdedb983113957b5094ce762d82ff746eead141f41684cb8f06989ec78a5672/tracks/new HTTP/1.1" 200 -
08:05:37 CF POST /sessions/2c2e15ded444733a24c83466f9ab58923f2c8506e6fc15e1dea2313daa535655/tracks/new -> 200 (269 ms)
08:05:37 "POST /cf/sessions/2c2e15ded444733a24c83466f9ab58923f2c8506e6fc15e1dea2313daa535655/tracks/new HTTP/1.1" 200 -
08:05:37 CF PUT /sessions/1bdedb983113957b5094ce762d82ff746eead141f41684cb8f06989ec78a5672/renegotiate -> 200 (160 ms)
08:05:37 "PUT /cf/sessions/1bdedb983113957b5094ce762d82ff746eead141f41684cb8f06989ec78a5672/renegotiate HTTP/1.1" 200 -
08:05:37 "GET /roster HTTP/1.1" 200 -
08:05:37 "POST /collect HTTP/1.1" 200 -
08:05:37 "POST /collect HTTP/1.1" 200 -
08:05:37 CF PUT /sessions/2c2e15ded444733a24c83466f9ab58923f2c8506e6fc15e1dea2313daa535655/renegotiate -> 200 (168 ms)
08:05:37 "PUT /cf/sessions/2c2e15ded444733a24c83466f9ab58923f2c8506e6fc15e1dea2313daa535655/renegotiate HTTP/1.1" 200 -
08:05:37 "POST /collect HTTP/1.1" 200 -
08:05:37 CF POST /sessions/1bdedb983113957b5094ce762d82ff746eead141f41684cb8f06989ec78a5672/tracks/new -> 200 (207 ms)
08:05:37 "POST /cf/sessions/1bdedb983113957b5094ce762d82ff746eead141f41684cb8f06989ec78a5672/tracks/new HTTP/1.1" 200 -
08:05:37 CF POST /sessions/2c2e15ded444733a24c83466f9ab58923f2c8506e6fc15e1dea2313daa535655/tracks/new -> 200 (241 ms)
08:05:37 "POST /cf/sessions/2c2e15ded444733a24c83466f9ab58923f2c8506e6fc15e1dea2313daa535655/tracks/new HTTP/1.1" 200 -
08:05:37 CF PUT /sessions/1bdedb983113957b5094ce762d82ff746eead141f41684cb8f06989ec78a5672/renegotiate -> 200 (178 ms)
08:05:37 "PUT /cf/sessions/1bdedb983113957b5094ce762d82ff746eead141f41684cb8f06989ec78a5672/renegotiate HTTP/1.1" 200 -
08:05:37 "POST /collect HTTP/1.1" 200 -
08:05:37 CF PUT /sessions/2c2e15ded444733a24c83466f9ab58923f2c8506e6fc15e1dea2313daa535655/renegotiate -> 200 (187 ms)
08:05:37 "PUT /cf/sessions/2c2e15ded444733a24c83466f9ab58923f2c8506e6fc15e1dea2313daa535655/renegotiate HTTP/1.1" 200 -
08:05:37 "POST /collect HTTP/1.1" 200 -
08:05:37 "POST /collect HTTP/1.1" 200 -
08:05:37 "POST /collect HTTP/1.1" 200 -
08:05:37 CF POST /sessions/1bdedb983113957b5094ce762d82ff746eead141f41684cb8f06989ec78a5672/tracks/new -> 200 (215 ms)
08:05:37 "POST /cf/sessions/1bdedb983113957b5094ce762d82ff746eead141f41684cb8f06989ec78a5672/tracks/new HTTP/1.1" 200 -
08:05:37 "POST /collect HTTP/1.1" 200 -
08:05:37 "POST /collect HTTP/1.1" 200 -
08:05:37 "POST /collect HTTP/1.1" 200 -
08:05:37 "POST /collect HTTP/1.1" 200 -
08:05:37 CF PUT /sessions/1bdedb983113957b5094ce762d82ff746eead141f41684cb8f06989ec78a5672/renegotiate -> 200 (168 ms)
08:05:37 "PUT /cf/sessions/1bdedb983113957b5094ce762d82ff746eead141f41684cb8f06989ec78a5672/renegotiate HTTP/1.1" 200 -
08:05:37 "POST /collect HTTP/1.1" 200 -
08:05:38 "POST /collect HTTP/1.1" 200 -
08:05:38 "POST /collect HTTP/1.1" 200 -
08:05:38 "POST /collect HTTP/1.1" 200 -
08:05:38 "POST /collect HTTP/1.1" 200 -
08:05:38 "POST /collect HTTP/1.1" 200 -
08:05:38 CF POST /sessions/2c2e15ded444733a24c83466f9ab58923f2c8506e6fc15e1dea2313daa535655/tracks/new -> 200 (308 ms)
08:05:38 "POST /cf/sessions/2c2e15ded444733a24c83466f9ab58923f2c8506e6fc15e1dea2313daa535655/tracks/new HTTP/1.1" 200 -
08:05:38 "POST /collect HTTP/1.1" 200 -
08:05:38 "POST /collect HTTP/1.1" 200 -
08:05:38 "POST /collect HTTP/1.1" 200 -
08:05:38 "POST /collect HTTP/1.1" 200 -
08:05:38 "POST /collect HTTP/1.1" 200 -
08:05:38 "POST /collect HTTP/1.1" 200 -
08:05:38 "POST /collect HTTP/1.1" 200 -
08:05:38 "POST /collect HTTP/1.1" 200 -
08:05:38 "GET /roster HTTP/1.1" 200 -
08:05:38 "POST /collect HTTP/1.1" 200 -
08:05:38 CF POST /sessions/1bdedb983113957b5094ce762d82ff746eead141f41684cb8f06989ec78a5672/tracks/new -> 200 (219 ms)
08:05:38 "POST /cf/sessions/1bdedb983113957b5094ce762d82ff746eead141f41684cb8f06989ec78a5672/tracks/new HTTP/1.1" 200 -
08:05:38 CF PUT /sessions/2c2e15ded444733a24c83466f9ab58923f2c8506e6fc15e1dea2313daa535655/renegotiate -> 200 (164 ms)
08:05:38 "PUT /cf/sessions/2c2e15ded444733a24c83466f9ab58923f2c8506e6fc15e1dea2313daa535655/renegotiate HTTP/1.1" 200 -
08:05:38 "POST /collect HTTP/1.1" 200 -
08:05:38 CF PUT /sessions/1bdedb983113957b5094ce762d82ff746eead141f41684cb8f06989ec78a5672/renegotiate -> 200 (157 ms)
08:05:38 "PUT /cf/sessions/1bdedb983113957b5094ce762d82ff746eead141f41684cb8f06989ec78a5672/renegotiate HTTP/1.1" 200 -
08:05:38 "POST /collect HTTP/1.1" 200 -
08:05:38 CF POST /sessions/2c2e15ded444733a24c83466f9ab58923f2c8506e6fc15e1dea2313daa535655/tracks/new -> 200 (208 ms)
08:05:38 "POST /cf/sessions/2c2e15ded444733a24c83466f9ab58923f2c8506e6fc15e1dea2313daa535655/tracks/new HTTP/1.1" 200 -
08:05:38 CF POST /sessions/1bdedb983113957b5094ce762d82ff746eead141f41684cb8f06989ec78a5672/tracks/new -> 200 (172 ms)
08:05:38 "POST /cf/sessions/1bdedb983113957b5094ce762d82ff746eead141f41684cb8f06989ec78a5672/tracks/new HTTP/1.1" 200 -
08:05:38 "POST /collect HTTP/1.1" 200 -
08:05:38 CF PUT /sessions/2c2e15ded444733a24c83466f9ab58923f2c8506e6fc15e1dea2313daa535655/renegotiate -> 200 (201 ms)
08:05:38 "PUT /cf/sessions/2c2e15ded444733a24c83466f9ab58923f2c8506e6fc15e1dea2313daa535655/renegotiate HTTP/1.1" 200 -
08:05:38 "POST /collect HTTP/1.1" 200 -
08:05:38 CF PUT /sessions/1bdedb983113957b5094ce762d82ff746eead141f41684cb8f06989ec78a5672/renegotiate -> 200 (168 ms)
08:05:38 "PUT /cf/sessions/1bdedb983113957b5094ce762d82ff746eead141f41684cb8f06989ec78a5672/renegotiate HTTP/1.1" 200 -
08:05:38 "POST /collect HTTP/1.1" 200 -
08:05:38 "POST /collect HTTP/1.1" 200 -
08:05:38 "POST /collect HTTP/1.1" 200 -
08:05:39 CF POST /sessions/2c2e15ded444733a24c83466f9ab58923f2c8506e6fc15e1dea2313daa535655/tracks/new -> 200 (315 ms)
08:05:39 "POST /cf/sessions/2c2e15ded444733a24c83466f9ab58923f2c8506e6fc15e1dea2313daa535655/tracks/new HTTP/1.1" 200 -
08:05:39 CF POST /sessions/1bdedb983113957b5094ce762d82ff746eead141f41684cb8f06989ec78a5672/tracks/new -> 200 (246 ms)
08:05:39 "POST /cf/sessions/1bdedb983113957b5094ce762d82ff746eead141f41684cb8f06989ec78a5672/tracks/new HTTP/1.1" 200 -
08:05:39 "POST /collect HTTP/1.1" 200 -
08:05:39 "POST /collect HTTP/1.1" 200 -
08:05:39 "POST /collect HTTP/1.1" 200 -
08:05:39 "GET /roster HTTP/1.1" 200 -
08:05:39 "POST /collect HTTP/1.1" 200 -
08:05:39 "POST /collect HTTP/1.1" 200 -
08:05:39 CF PUT /sessions/2c2e15ded444733a24c83466f9ab58923f2c8506e6fc15e1dea2313daa535655/renegotiate -> 200 (183 ms)
08:05:39 "PUT /cf/sessions/2c2e15ded444733a24c83466f9ab58923f2c8506e6fc15e1dea2313daa535655/renegotiate HTTP/1.1" 200 -
08:05:39 CF PUT /sessions/1bdedb983113957b5094ce762d82ff746eead141f41684cb8f06989ec78a5672/renegotiate -> 200 (171 ms)
08:05:39 "PUT /cf/sessions/1bdedb983113957b5094ce762d82ff746eead141f41684cb8f06989ec78a5672/renegotiate HTTP/1.1" 200 -
08:05:39 "POST /collect HTTP/1.1" 200 -
08:05:39 "POST /collect HTTP/1.1" 200 -
08:05:39 CF POST /sessions/2c2e15ded444733a24c83466f9ab58923f2c8506e6fc15e1dea2313daa535655/tracks/new -> 200 (294 ms)
08:05:39 CF POST /sessions/1bdedb983113957b5094ce762d82ff746eead141f41684cb8f06989ec78a5672/tracks/new -> 200 (307 ms)
08:05:39 "POST /cf/sessions/1bdedb983113957b5094ce762d82ff746eead141f41684cb8f06989ec78a5672/tracks/new HTTP/1.1" 200 -
08:05:39 "POST /cf/sessions/2c2e15ded444733a24c83466f9ab58923f2c8506e6fc15e1dea2313daa535655/tracks/new HTTP/1.1" 200 -
08:05:39 "POST /collect HTTP/1.1" 200 -
08:05:39 CF PUT /sessions/2c2e15ded444733a24c83466f9ab58923f2c8506e6fc15e1dea2313daa535655/renegotiate -> 200 (163 ms)
08:05:39 "PUT /cf/sessions/2c2e15ded444733a24c83466f9ab58923f2c8506e6fc15e1dea2313daa535655/renegotiate HTTP/1.1" 200 -
08:05:39 "POST /collect HTTP/1.1" 200 -
08:05:39 CF PUT /sessions/1bdedb983113957b5094ce762d82ff746eead141f41684cb8f06989ec78a5672/renegotiate -> 200 (178 ms)
08:05:39 "PUT /cf/sessions/1bdedb983113957b5094ce762d82ff746eead141f41684cb8f06989ec78a5672/renegotiate HTTP/1.1" 200 -
08:05:39 "POST /collect HTTP/1.1" 200 -
08:05:39 "POST /collect HTTP/1.1" 200 -
08:05:40 CF POST /sessions/2c2e15ded444733a24c83466f9ab58923f2c8506e6fc15e1dea2313daa535655/tracks/new -> 200 (214 ms)
08:05:40 "POST /cf/sessions/2c2e15ded444733a24c83466f9ab58923f2c8506e6fc15e1dea2313daa535655/tracks/new HTTP/1.1" 200 -
08:05:40 CF POST /sessions/1bdedb983113957b5094ce762d82ff746eead141f41684cb8f06989ec78a5672/tracks/new -> 200 (270 ms)
08:05:40 "POST /cf/sessions/1bdedb983113957b5094ce762d82ff746eead141f41684cb8f06989ec78a5672/tracks/new HTTP/1.1" 200 -
08:05:40 "GET /roster HTTP/1.1" 200 -
08:05:40 "POST /collect HTTP/1.1" 200 -
08:05:40 CF PUT /sessions/2c2e15ded444733a24c83466f9ab58923f2c8506e6fc15e1dea2313daa535655/renegotiate -> 200 (203 ms)
08:05:40 "PUT /cf/sessions/2c2e15ded444733a24c83466f9ab58923f2c8506e6fc15e1dea2313daa535655/renegotiate HTTP/1.1" 200 -
08:05:40 "POST /collect HTTP/1.1" 200 -
08:05:40 CF PUT /sessions/1bdedb983113957b5094ce762d82ff746eead141f41684cb8f06989ec78a5672/renegotiate -> 200 (202 ms)
08:05:40 "PUT /cf/sessions/1bdedb983113957b5094ce762d82ff746eead141f41684cb8f06989ec78a5672/renegotiate HTTP/1.1" 200 -
08:05:40 "POST /collect HTTP/1.1" 200 -
08:05:40 CF POST /sessions/1bdedb983113957b5094ce762d82ff746eead141f41684cb8f06989ec78a5672/tracks/new -> 200 (181 ms)
08:05:40 "POST /cf/sessions/1bdedb983113957b5094ce762d82ff746eead141f41684cb8f06989ec78a5672/tracks/new HTTP/1.1" 200 -
08:05:40 CF POST /sessions/2c2e15ded444733a24c83466f9ab58923f2c8506e6fc15e1dea2313daa535655/tracks/new -> 200 (311 ms)
08:05:40 "POST /cf/sessions/2c2e15ded444733a24c83466f9ab58923f2c8506e6fc15e1dea2313daa535655/tracks/new HTTP/1.1" 200 -
08:05:40 "POST /collect HTTP/1.1" 200 -
08:05:40 "POST /collect HTTP/1.1" 200 -
08:05:40 CF PUT /sessions/1bdedb983113957b5094ce762d82ff746eead141f41684cb8f06989ec78a5672/renegotiate -> 200 (213 ms)
08:05:40 "PUT /cf/sessions/1bdedb983113957b5094ce762d82ff746eead141f41684cb8f06989ec78a5672/renegotiate HTTP/1.1" 200 -
08:05:40 "POST /collect HTTP/1.1" 200 -
08:05:40 "POST /collect HTTP/1.1" 200 -
08:05:40 CF PUT /sessions/2c2e15ded444733a24c83466f9ab58923f2c8506e6fc15e1dea2313daa535655/renegotiate -> 200 (192 ms)
08:05:40 "PUT /cf/sessions/2c2e15ded444733a24c83466f9ab58923f2c8506e6fc15e1dea2313daa535655/renegotiate HTTP/1.1" 200 -
08:05:40 "POST /collect HTTP/1.1" 200 -
08:05:40 "POST /collect HTTP/1.1" 200 -
08:05:40 "POST /collect HTTP/1.1" 200 -
08:05:40 "POST /collect HTTP/1.1" 200 -
08:05:41 "POST /collect HTTP/1.1" 200 -
08:05:41 CF POST /sessions/1bdedb983113957b5094ce762d82ff746eead141f41684cb8f06989ec78a5672/tracks/new -> 200 (234 ms)
08:05:41 "POST /cf/sessions/1bdedb983113957b5094ce762d82ff746eead141f41684cb8f06989ec78a5672/tracks/new HTTP/1.1" 200 -
08:05:41 "POST /collect HTTP/1.1" 200 -
08:05:41 "POST /collect HTTP/1.1" 200 -
08:05:41 "POST /collect HTTP/1.1" 200 -
08:05:41 "POST /collect HTTP/1.1" 200 -
08:05:41 "POST /collect HTTP/1.1" 200 -
08:05:41 CF POST /sessions/2c2e15ded444733a24c83466f9ab58923f2c8506e6fc15e1dea2313daa535655/tracks/new -> 200 (217 ms)
08:05:41 "POST /cf/sessions/2c2e15ded444733a24c83466f9ab58923f2c8506e6fc15e1dea2313daa535655/tracks/new HTTP/1.1" 200 -
08:05:41 "POST /collect HTTP/1.1" 200 -
08:05:41 "POST /collect HTTP/1.1" 200 -
08:05:41 "POST /collect HTTP/1.1" 200 -
08:05:41 "POST /collect HTTP/1.1" 200 -
08:05:41 "POST /collect HTTP/1.1" 200 -
08:05:41 "POST /collect HTTP/1.1" 200 -
08:05:41 "POST /collect HTTP/1.1" 200 -
08:05:41 "GET /roster HTTP/1.1" 200 -
08:05:41 "POST /collect HTTP/1.1" 200 -
08:05:41 CF PUT /sessions/1bdedb983113957b5094ce762d82ff746eead141f41684cb8f06989ec78a5672/renegotiate -> 200 (194 ms)
08:05:41 "PUT /cf/sessions/1bdedb983113957b5094ce762d82ff746eead141f41684cb8f06989ec78a5672/renegotiate HTTP/1.1" 200 -
08:05:41 "POST /collect HTTP/1.1" 200 -
08:05:41 CF PUT /sessions/2c2e15ded444733a24c83466f9ab58923f2c8506e6fc15e1dea2313daa535655/renegotiate -> 200 (182 ms)
08:05:41 "PUT /cf/sessions/2c2e15ded444733a24c83466f9ab58923f2c8506e6fc15e1dea2313daa535655/renegotiate HTTP/1.1" 200 -
08:05:41 "POST /collect HTTP/1.1" 200 -
08:05:41 CF POST /sessions/1bdedb983113957b5094ce762d82ff746eead141f41684cb8f06989ec78a5672/tracks/new -> 200 (178 ms)
08:05:41 "POST /cf/sessions/1bdedb983113957b5094ce762d82ff746eead141f41684cb8f06989ec78a5672/tracks/new HTTP/1.1" 200 -
08:05:41 CF POST /sessions/2c2e15ded444733a24c83466f9ab58923f2c8506e6fc15e1dea2313daa535655/tracks/new -> 200 (286 ms)
08:05:41 "POST /cf/sessions/2c2e15ded444733a24c83466f9ab58923f2c8506e6fc15e1dea2313daa535655/tracks/new HTTP/1.1" 200 -
08:05:41 "POST /collect HTTP/1.1" 200 -
08:05:41 CF PUT /sessions/1bdedb983113957b5094ce762d82ff746eead141f41684cb8f06989ec78a5672/renegotiate -> 200 (214 ms)
08:05:41 "PUT /cf/sessions/1bdedb983113957b5094ce762d82ff746eead141f41684cb8f06989ec78a5672/renegotiate HTTP/1.1" 200 -
08:05:41 "POST /collect HTTP/1.1" 200 -
08:05:41 "POST /collect HTTP/1.1" 200 -
08:05:41 CF PUT /sessions/2c2e15ded444733a24c83466f9ab58923f2c8506e6fc15e1dea2313daa535655/renegotiate -> 200 (210 ms)
08:05:41 "PUT /cf/sessions/2c2e15ded444733a24c83466f9ab58923f2c8506e6fc15e1dea2313daa535655/renegotiate HTTP/1.1" 200 -
08:05:41 "POST /collect HTTP/1.1" 200 -
08:05:41 CF POST /sessions/1bdedb983113957b5094ce762d82ff746eead141f41684cb8f06989ec78a5672/tracks/new -> 200 (213 ms)
08:05:41 "POST /cf/sessions/1bdedb983113957b5094ce762d82ff746eead141f41684cb8f06989ec78a5672/tracks/new HTTP/1.1" 200 -
08:05:41 "POST /collect HTTP/1.1" 200 -
08:05:42 CF POST /sessions/2c2e15ded444733a24c83466f9ab58923f2c8506e6fc15e1dea2313daa535655/tracks/new -> 200 (215 ms)
08:05:42 "POST /cf/sessions/2c2e15ded444733a24c83466f9ab58923f2c8506e6fc15e1dea2313daa535655/tracks/new HTTP/1.1" 200 -
08:05:42 "POST /collect HTTP/1.1" 200 -
08:05:42 "POST /collect HTTP/1.1" 200 -
08:05:42 "POST /collect HTTP/1.1" 200 -
08:05:42 "GET /roster HTTP/1.1" 200 -
08:05:42 "POST /collect HTTP/1.1" 200 -
08:05:42 "POST /collect HTTP/1.1" 200 -
08:05:42 CF PUT /sessions/1bdedb983113957b5094ce762d82ff746eead141f41684cb8f06989ec78a5672/renegotiate -> 200 (201 ms)
08:05:42 "PUT /cf/sessions/1bdedb983113957b5094ce762d82ff746eead141f41684cb8f06989ec78a5672/renegotiate HTTP/1.1" 200 -
08:05:42 "POST /collect HTTP/1.1" 200 -
08:05:42 CF PUT /sessions/2c2e15ded444733a24c83466f9ab58923f2c8506e6fc15e1dea2313daa535655/renegotiate -> 200 (178 ms)
08:05:42 "PUT /cf/sessions/2c2e15ded444733a24c83466f9ab58923f2c8506e6fc15e1dea2313daa535655/renegotiate HTTP/1.1" 200 -
08:05:42 "POST /collect HTTP/1.1" 200 -
08:05:42 CF POST /sessions/1bdedb983113957b5094ce762d82ff746eead141f41684cb8f06989ec78a5672/tracks/new -> 200 (281 ms)
08:05:42 "POST /cf/sessions/1bdedb983113957b5094ce762d82ff746eead141f41684cb8f06989ec78a5672/tracks/new HTTP/1.1" 200 -
08:05:42 CF POST /sessions/2c2e15ded444733a24c83466f9ab58923f2c8506e6fc15e1dea2313daa535655/tracks/new -> 200 (230 ms)
08:05:42 "POST /cf/sessions/2c2e15ded444733a24c83466f9ab58923f2c8506e6fc15e1dea2313daa535655/tracks/new HTTP/1.1" 200 -
08:05:42 "POST /collect HTTP/1.1" 200 -
08:05:42 "POST /collect HTTP/1.1" 200 -
08:05:42 CF PUT /sessions/2c2e15ded444733a24c83466f9ab58923f2c8506e6fc15e1dea2313daa535655/renegotiate -> 200 (209 ms)
08:05:42 "PUT /cf/sessions/2c2e15ded444733a24c83466f9ab58923f2c8506e6fc15e1dea2313daa535655/renegotiate HTTP/1.1" 200 -
08:05:42 CF PUT /sessions/1bdedb983113957b5094ce762d82ff746eead141f41684cb8f06989ec78a5672/renegotiate -> 200 (236 ms)
08:05:42 "PUT /cf/sessions/1bdedb983113957b5094ce762d82ff746eead141f41684cb8f06989ec78a5672/renegotiate HTTP/1.1" 200 -
08:05:42 "POST /collect HTTP/1.1" 200 -
08:05:42 "POST /collect HTTP/1.1" 200 -
08:05:43 "GET /roster HTTP/1.1" 200 -
08:05:43 "POST /collect HTTP/1.1" 200 -
08:05:43 CF POST /sessions/1bdedb983113957b5094ce762d82ff746eead141f41684cb8f06989ec78a5672/tracks/new -> 200 (370 ms)
08:05:43 "POST /cf/sessions/1bdedb983113957b5094ce762d82ff746eead141f41684cb8f06989ec78a5672/tracks/new HTTP/1.1" 200 -
08:05:43 CF POST /sessions/2c2e15ded444733a24c83466f9ab58923f2c8506e6fc15e1dea2313daa535655/tracks/new -> 200 (362 ms)
08:05:43 "POST /cf/sessions/2c2e15ded444733a24c83466f9ab58923f2c8506e6fc15e1dea2313daa535655/tracks/new HTTP/1.1" 200 -
08:05:43 CF PUT /sessions/1bdedb983113957b5094ce762d82ff746eead141f41684cb8f06989ec78a5672/renegotiate -> 200 (206 ms)
08:05:43 "PUT /cf/sessions/1bdedb983113957b5094ce762d82ff746eead141f41684cb8f06989ec78a5672/renegotiate HTTP/1.1" 200 -
08:05:43 "POST /collect HTTP/1.1" 200 -
08:05:43 CF PUT /sessions/2c2e15ded444733a24c83466f9ab58923f2c8506e6fc15e1dea2313daa535655/renegotiate -> 200 (230 ms)
08:05:43 "PUT /cf/sessions/2c2e15ded444733a24c83466f9ab58923f2c8506e6fc15e1dea2313daa535655/renegotiate HTTP/1.1" 200 -
08:05:43 "POST /collect HTTP/1.1" 200 -
08:05:43 "POST /collect HTTP/1.1" 200 -
08:05:43 "POST /collect HTTP/1.1" 200 -
08:05:43 "POST /collect HTTP/1.1" 200 -
08:05:43 "POST /collect HTTP/1.1" 200 -
08:05:43 "POST /collect HTTP/1.1" 200 -
08:05:43 "POST /collect HTTP/1.1" 200 -
08:05:44 "POST /collect HTTP/1.1" 200 -
08:05:44 "POST /collect HTTP/1.1" 200 -
08:05:44 "POST /collect HTTP/1.1" 200 -
08:05:44 "POST /collect HTTP/1.1" 200 -
08:05:44 "POST /collect HTTP/1.1" 200 -
08:05:44 "POST /collect HTTP/1.1" 200 -
08:05:44 "POST /collect HTTP/1.1" 200 -
08:05:44 "POST /collect HTTP/1.1" 200 -
08:05:44 "POST /collect HTTP/1.1" 200 -
08:05:44 "POST /collect HTTP/1.1" 200 -
08:05:44 "POST /collect HTTP/1.1" 200 -
08:05:44 "POST /collect HTTP/1.1" 200 -
08:05:44 "POST /collect HTTP/1.1" 200 -
08:05:44 "GET /roster HTTP/1.1" 200 -
08:05:44 "POST /collect HTTP/1.1" 200 -
08:05:44 "POST /collect HTTP/1.1" 200 -
08:05:44 "POST /collect HTTP/1.1" 200 -
08:05:44 "POST /collect HTTP/1.1" 200 -
08:05:45 "POST /collect HTTP/1.1" 200 -
08:05:45 "POST /collect HTTP/1.1" 200 -
08:05:45 "POST /collect HTTP/1.1" 200 -
08:05:45 "GET /roster HTTP/1.1" 200 -
08:05:45 "POST /collect HTTP/1.1" 200 -
08:05:45 "POST /collect HTTP/1.1" 200 -
08:05:45 "POST /collect HTTP/1.1" 200 -
08:05:45 "POST /collect HTTP/1.1" 200 -
08:05:46 "GET /roster HTTP/1.1" 200 -
08:05:46 "POST /collect HTTP/1.1" 200 -
08:05:46 "POST /collect HTTP/1.1" 200 -
08:05:46 "POST /collect HTTP/1.1" 200 -
08:05:46 "POST /collect HTTP/1.1" 200 -
08:05:46 "POST /collect HTTP/1.1" 200 -
08:05:46 "POST /collect HTTP/1.1" 200 -
08:05:46 "POST /collect HTTP/1.1" 200 -
08:05:46 "POST /collect HTTP/1.1" 200 -
08:05:46 "POST /collect HTTP/1.1" 200 -
08:05:47 "POST /collect HTTP/1.1" 200 -
08:05:47 "POST /collect HTTP/1.1" 200 -
08:05:47 "POST /collect HTTP/1.1" 200 -
08:05:47 "POST /collect HTTP/1.1" 200 -
08:05:47 "POST /collect HTTP/1.1" 200 -
08:05:47 "POST /collect HTTP/1.1" 200 -
08:05:47 "POST /collect HTTP/1.1" 200 -
08:05:47 "POST /collect HTTP/1.1" 200 -
08:05:47 "POST /collect HTTP/1.1" 200 -
08:05:47 "POST /collect HTTP/1.1" 200 -
08:05:47 "POST /collect HTTP/1.1" 200 -
08:05:47 "POST /collect HTTP/1.1" 200 -
08:05:47 "POST /collect HTTP/1.1" 200 -
08:05:47 "GET /roster HTTP/1.1" 200 -
08:05:47 "POST /collect HTTP/1.1" 200 -
08:05:47 "POST /collect HTTP/1.1" 200 -
08:05:47 "POST /collect HTTP/1.1" 200 -
08:05:47 "POST /collect HTTP/1.1" 200 -
08:05:48 "POST /collect HTTP/1.1" 200 -
08:05:48 "POST /collect HTTP/1.1" 200 -
08:05:48 "GET /roster HTTP/1.1" 200 -
08:05:48 "POST /collect HTTP/1.1" 200 -
08:05:48 "POST /collect HTTP/1.1" 200 -
08:05:48 "POST /collect HTTP/1.1" 200 -
08:05:48 "POST /collect HTTP/1.1" 200 -
08:05:48 "POST /collect HTTP/1.1" 200 -
08:05:49 "GET /roster HTTP/1.1" 200 -
08:05:49 "POST /collect HTTP/1.1" 200 -
08:05:49 "POST /collect HTTP/1.1" 200 -
08:05:49 "POST /collect HTTP/1.1" 200 -
08:05:49 "POST /collect HTTP/1.1" 200 -
08:05:49 "POST /collect HTTP/1.1" 200 -
08:05:49 "POST /collect HTTP/1.1" 200 -
08:05:49 "POST /collect HTTP/1.1" 200 -
08:05:50 "POST /collect HTTP/1.1" 200 -
08:05:50 "POST /collect HTTP/1.1" 200 -
08:05:50 "POST /collect HTTP/1.1" 200 -
08:05:50 "POST /collect HTTP/1.1" 200 -
08:05:50 "POST /collect HTTP/1.1" 200 -
08:05:50 "POST /collect HTTP/1.1" 200 -
08:05:50 "POST /collect HTTP/1.1" 200 -
08:05:50 "POST /collect HTTP/1.1" 200 -
08:05:50 "POST /collect HTTP/1.1" 200 -
08:05:50 "POST /collect HTTP/1.1" 200 -
08:05:50 "POST /collect HTTP/1.1" 200 -
08:05:50 "POST /collect HTTP/1.1" 200 -
08:05:50 "POST /collect HTTP/1.1" 200 -
08:05:50 "GET /roster HTTP/1.1" 200 -
08:05:50 "POST /collect HTTP/1.1" 200 -
08:05:50 "POST /collect HTTP/1.1" 200 -
08:05:50 "POST /collect HTTP/1.1" 200 -
08:05:50 "POST /collect HTTP/1.1" 200 -
08:05:51 "POST /collect HTTP/1.1" 200 -
08:05:51 "POST /collect HTTP/1.1" 200 -
08:05:51 "POST /collect HTTP/1.1" 200 -
08:05:51 "GET /roster HTTP/1.1" 200 -
08:05:51 "POST /collect HTTP/1.1" 200 -
08:05:51 "POST /collect HTTP/1.1" 200 -
08:05:51 "POST /collect HTTP/1.1" 200 -
08:05:51 "POST /collect HTTP/1.1" 200 -
08:05:51 "POST /collect HTTP/1.1" 200 -
08:05:51 "POST /collect HTTP/1.1" 200 -
08:05:52 "GET /roster HTTP/1.1" 200 -
08:05:52 "POST /collect HTTP/1.1" 200 -
08:05:52 "POST /collect HTTP/1.1" 200 -
08:05:52 "POST /collect HTTP/1.1" 200 -
08:05:52 "POST /collect HTTP/1.1" 200 -
08:05:52 "POST /collect HTTP/1.1" 200 -
08:05:52 "POST /collect HTTP/1.1" 200 -
08:05:52 "POST /collect HTTP/1.1" 200 -
08:05:53 "POST /collect HTTP/1.1" 200 -
08:05:53 "POST /collect HTTP/1.1" 200 -
08:05:53 "POST /collect HTTP/1.1" 200 -
08:05:53 "POST /collect HTTP/1.1" 200 -
08:05:53 "POST /collect HTTP/1.1" 200 -
08:05:53 "POST /collect HTTP/1.1" 200 -
08:05:53 "POST /collect HTTP/1.1" 200 -
08:05:53 "POST /collect HTTP/1.1" 200 -
08:05:53 "POST /collect HTTP/1.1" 200 -
08:05:53 "POST /collect HTTP/1.1" 200 -
08:05:53 "POST /collect HTTP/1.1" 200 -
08:05:53 "POST /collect HTTP/1.1" 200 -
08:05:53 "POST /collect HTTP/1.1" 200 -
08:05:53 "GET /roster HTTP/1.1" 200 -
08:05:53 "POST /collect HTTP/1.1" 200 -
08:05:53 "POST /collect HTTP/1.1" 200 -
08:05:53 "POST /collect HTTP/1.1" 200 -
08:05:53 "POST /collect HTTP/1.1" 200 -
08:05:54 "POST /collect HTTP/1.1" 200 -
08:05:54 "POST /collect HTTP/1.1" 200 -
08:05:54 "GET /roster HTTP/1.1" 200 -
08:05:54 "POST /collect HTTP/1.1" 200 -
08:05:54 "POST /collect HTTP/1.1" 200 -
08:05:54 "POST /collect HTTP/1.1" 200 -
08:05:54 "POST /collect HTTP/1.1" 200 -
08:05:54 "POST /collect HTTP/1.1" 200 -
08:05:55 "GET /roster HTTP/1.1" 200 -
08:05:55 "POST /collect HTTP/1.1" 200 -
08:05:55 "POST /collect HTTP/1.1" 200 -
08:05:55 "POST /collect HTTP/1.1" 200 -
08:05:55 "POST /collect HTTP/1.1" 200 -
08:05:55 "POST /collect HTTP/1.1" 200 -
08:05:55 "POST /collect HTTP/1.1" 200 -
08:05:55 "POST /collect HTTP/1.1" 200 -
08:05:56 "POST /collect HTTP/1.1" 200 -
08:05:56 "POST /collect HTTP/1.1" 200 -
08:05:56 "POST /collect HTTP/1.1" 200 -
08:05:56 "POST /collect HTTP/1.1" 200 -
08:05:56 "POST /collect HTTP/1.1" 200 -
08:05:56 "POST /collect HTTP/1.1" 200 -
08:05:56 "POST /collect HTTP/1.1" 200 -
08:05:56 "POST /collect HTTP/1.1" 200 -
08:05:56 "POST /collect HTTP/1.1" 200 -
08:05:56 "POST /collect HTTP/1.1" 200 -
08:05:56 "POST /collect HTTP/1.1" 200 -
08:05:56 "POST /collect HTTP/1.1" 200 -
08:05:56 "POST /collect HTTP/1.1" 200 -
08:05:56 "GET /roster HTTP/1.1" 200 -
08:05:56 "POST /collect HTTP/1.1" 200 -
08:05:56 "POST /collect HTTP/1.1" 200 -
08:05:56 "POST /collect HTTP/1.1" 200 -
08:05:56 "POST /collect HTTP/1.1" 200 -
08:05:57 "POST /collect HTTP/1.1" 200 -
08:05:57 "POST /collect HTTP/1.1" 200 -
08:05:57 "POST /collect HTTP/1.1" 200 -
08:05:57 "GET /roster HTTP/1.1" 200 -
08:05:57 "POST /collect HTTP/1.1" 200 -
08:05:57 "POST /collect HTTP/1.1" 200 -
08:05:57 "POST /collect HTTP/1.1" 200 -
08:05:57 "POST /collect HTTP/1.1" 200 -
08:05:58 "GET /roster HTTP/1.1" 200 -
08:05:58 "POST /collect HTTP/1.1" 200 -
08:05:58 "POST /collect HTTP/1.1" 200 -
08:05:58 "POST /collect HTTP/1.1" 200 -
08:05:58 "POST /collect HTTP/1.1" 200 -
08:05:58 "POST /collect HTTP/1.1" 200 -
08:05:58 "POST /collect HTTP/1.1" 200 -
08:05:58 "POST /collect HTTP/1.1" 200 -
08:05:59 "POST /collect HTTP/1.1" 200 -
08:05:59 "POST /collect HTTP/1.1" 200 -
08:05:59 "POST /collect HTTP/1.1" 200 -
08:05:59 "POST /collect HTTP/1.1" 200 -
08:05:59 "POST /collect HTTP/1.1" 200 -
08:05:59 "POST /collect HTTP/1.1" 200 -
08:05:59 "POST /collect HTTP/1.1" 200 -
08:05:59 "POST /collect HTTP/1.1" 200 -
08:05:59 "POST /collect HTTP/1.1" 200 -
08:05:59 "POST /collect HTTP/1.1" 200 -
08:05:59 "POST /collect HTTP/1.1" 200 -
08:05:59 "POST /collect HTTP/1.1" 200 -
08:05:59 "POST /collect HTTP/1.1" 200 -
08:05:59 "GET /roster HTTP/1.1" 200 -
08:05:59 "POST /collect HTTP/1.1" 200 -
08:05:59 "POST /collect HTTP/1.1" 200 -
08:05:59 "POST /collect HTTP/1.1" 200 -
08:05:59 "POST /collect HTTP/1.1" 200 -
08:06:00 "POST /collect HTTP/1.1" 200 -
08:06:00 "POST /collect HTTP/1.1" 200 -
08:06:00 "POST /collect HTTP/1.1" 200 -
08:06:00 "GET /roster HTTP/1.1" 200 -
08:06:00 "POST /collect HTTP/1.1" 200 -
08:06:00 "POST /collect HTTP/1.1" 200 -
08:06:00 "POST /collect HTTP/1.1" 200 -
08:06:00 "POST /collect HTTP/1.1" 200 -
08:06:01 "GET /roster HTTP/1.1" 200 -
08:06:01 "POST /collect HTTP/1.1" 200 -
08:06:01 "POST /collect HTTP/1.1" 200 -
08:06:01 "POST /collect HTTP/1.1" 200 -
08:06:01 "POST /collect HTTP/1.1" 200 -
08:06:01 "POST /collect HTTP/1.1" 200 -
08:06:01 "POST /collect HTTP/1.1" 200 -
08:06:01 "POST /collect HTTP/1.1" 200 -
08:06:02 "POST /collect HTTP/1.1" 200 -
08:06:02 "POST /collect HTTP/1.1" 200 -
08:06:02 "POST /collect HTTP/1.1" 200 -
08:06:02 "POST /collect HTTP/1.1" 200 -
08:06:02 "POST /collect HTTP/1.1" 200 -
08:06:02 "POST /collect HTTP/1.1" 200 -
08:06:02 "POST /collect HTTP/1.1" 200 -
08:06:02 "POST /collect HTTP/1.1" 200 -
08:06:02 "POST /collect HTTP/1.1" 200 -
08:06:02 "POST /collect HTTP/1.1" 200 -
08:06:02 "POST /collect HTTP/1.1" 200 -
08:06:02 "POST /collect HTTP/1.1" 200 -
08:06:02 "POST /collect HTTP/1.1" 200 -
08:06:02 "GET /roster HTTP/1.1" 200 -
08:06:02 "POST /collect HTTP/1.1" 200 -
08:06:02 "POST /collect HTTP/1.1" 200 -
08:06:02 "POST /collect HTTP/1.1" 200 -
08:06:02 "POST /collect HTTP/1.1" 200 -
08:06:03 "POST /collect HTTP/1.1" 200 -
08:06:03 "POST /collect HTTP/1.1" 200 -
08:06:03 "POST /collect HTTP/1.1" 200 -
08:06:03 "GET /roster HTTP/1.1" 200 -
08:06:03 "POST /collect HTTP/1.1" 200 -
08:06:03 "POST /collect HTTP/1.1" 200 -
08:06:03 "POST /collect HTTP/1.1" 200 -
08:06:03 "POST /collect HTTP/1.1" 200 -
08:06:04 "GET /roster HTTP/1.1" 200 -
08:06:04 "POST /collect HTTP/1.1" 200 -
08:06:04 "POST /collect HTTP/1.1" 200 -
08:06:04 "POST /collect HTTP/1.1" 200 -
08:06:04 "POST /collect HTTP/1.1" 200 -
08:06:04 "POST /collect HTTP/1.1" 200 -
08:06:04 "POST /collect HTTP/1.1" 200 -
08:06:04 "POST /collect HTTP/1.1" 200 -
08:06:05 "POST /collect HTTP/1.1" 200 -
08:06:05 "POST /collect HTTP/1.1" 200 -
08:06:05 "POST /collect HTTP/1.1" 200 -
08:06:05 "POST /collect HTTP/1.1" 200 -
08:06:05 "POST /collect HTTP/1.1" 200 -
08:06:05 "POST /collect HTTP/1.1" 200 -
08:06:05 "POST /collect HTTP/1.1" 200 -
08:06:05 "POST /collect HTTP/1.1" 200 -
08:06:05 "POST /collect HTTP/1.1" 200 -
08:06:05 "POST /collect HTTP/1.1" 200 -
08:06:05 "POST /collect HTTP/1.1" 200 -
08:06:05 "POST /collect HTTP/1.1" 200 -
08:06:05 "POST /collect HTTP/1.1" 200 -
08:06:05 "GET /roster HTTP/1.1" 200 -
08:06:05 "POST /collect HTTP/1.1" 200 -
08:06:05 "POST /collect HTTP/1.1" 200 -
08:06:05 "POST /collect HTTP/1.1" 200 -
08:06:05 "POST /collect HTTP/1.1" 200 -
08:06:06 "POST /collect HTTP/1.1" 200 -
08:06:06 "POST /collect HTTP/1.1" 200 -
08:06:06 "GET /roster HTTP/1.1" 200 -
08:06:06 "POST /collect HTTP/1.1" 200 -
08:06:06 "POST /collect HTTP/1.1" 200 -
08:06:06 "POST /collect HTTP/1.1" 200 -
08:06:06 "POST /collect HTTP/1.1" 200 -
08:06:06 "POST /collect HTTP/1.1" 200 -
08:06:06 "POST /collect HTTP/1.1" 200 -
08:06:07 "GET /roster HTTP/1.1" 200 -
08:06:07 "POST /collect HTTP/1.1" 200 -
08:06:07 "POST /collect HTTP/1.1" 200 -
08:06:07 "POST /collect HTTP/1.1" 200 -
08:06:07 "POST /collect HTTP/1.1" 200 -
08:06:07 "POST /collect HTTP/1.1" 200 -
08:06:07 "POST /collect HTTP/1.1" 200 -
08:06:07 "POST /collect HTTP/1.1" 200 -
08:06:08 "POST /collect HTTP/1.1" 200 -
08:06:08 "POST /collect HTTP/1.1" 200 -
08:06:08 "POST /collect HTTP/1.1" 200 -
08:06:08 "POST /collect HTTP/1.1" 200 -
08:06:08 "POST /collect HTTP/1.1" 200 -
08:06:08 "POST /collect HTTP/1.1" 200 -
08:06:08 "POST /collect HTTP/1.1" 200 -
08:06:08 "POST /collect HTTP/1.1" 200 -
08:06:08 "POST /collect HTTP/1.1" 200 -
08:06:08 "POST /collect HTTP/1.1" 200 -
08:06:08 "POST /collect HTTP/1.1" 200 -
08:06:08 "POST /collect HTTP/1.1" 200 -
08:06:08 "POST /collect HTTP/1.1" 200 -
08:06:08 "GET /roster HTTP/1.1" 200 -
08:06:08 "POST /collect HTTP/1.1" 200 -
08:06:08 "POST /collect HTTP/1.1" 200 -
08:06:08 "POST /collect HTTP/1.1" 200 -
08:06:08 "POST /collect HTTP/1.1" 200 -
08:06:09 "POST /collect HTTP/1.1" 200 -
08:06:09 "POST /collect HTTP/1.1" 200 -
08:06:09 "POST /collect HTTP/1.1" 200 -
08:06:09 "GET /roster HTTP/1.1" 200 -
08:06:09 "POST /collect HTTP/1.1" 200 -
08:06:09 "POST /collect HTTP/1.1" 200 -
08:06:09 "POST /collect HTTP/1.1" 200 -
08:06:09 "POST /collect HTTP/1.1" 200 -
08:06:10 "GET /roster HTTP/1.1" 200 -
08:06:10 "POST /collect HTTP/1.1" 200 -
08:06:10 "POST /collect HTTP/1.1" 200 -
08:06:10 "POST /collect HTTP/1.1" 200 -
08:06:10 "POST /collect HTTP/1.1" 200 -
08:06:10 "POST /collect HTTP/1.1" 200 -
08:06:10 "POST /collect HTTP/1.1" 200 -
08:06:10 "POST /collect HTTP/1.1" 200 -
08:06:11 "POST /collect HTTP/1.1" 200 -
08:06:11 "POST /collect HTTP/1.1" 200 -
08:06:11 "POST /collect HTTP/1.1" 200 -
08:06:11 "POST /collect HTTP/1.1" 200 -
08:06:11 "POST /collect HTTP/1.1" 200 -
08:06:11 "POST /collect HTTP/1.1" 200 -
08:06:11 "POST /collect HTTP/1.1" 200 -
08:06:11 "POST /collect HTTP/1.1" 200 -
08:06:11 "POST /collect HTTP/1.1" 200 -
08:06:11 "POST /collect HTTP/1.1" 200 -
08:06:11 "POST /collect HTTP/1.1" 200 -
08:06:11 "POST /collect HTTP/1.1" 200 -
08:06:11 "POST /collect HTTP/1.1" 200 -
08:06:11 "GET /roster HTTP/1.1" 200 -
08:06:11 "POST /collect HTTP/1.1" 200 -
08:06:11 "POST /collect HTTP/1.1" 200 -
08:06:11 "POST /collect HTTP/1.1" 200 -
08:06:11 "POST /collect HTTP/1.1" 200 -
08:06:12 "POST /collect HTTP/1.1" 200 -
08:06:12 "POST /collect HTTP/1.1" 200 -
08:06:12 "GET /roster HTTP/1.1" 200 -
08:06:12 "POST /collect HTTP/1.1" 200 -
08:06:12 "POST /collect HTTP/1.1" 200 -
08:06:12 "POST /collect HTTP/1.1" 200 -
08:06:12 "POST /collect HTTP/1.1" 200 -
08:06:12 "POST /collect HTTP/1.1" 200 -
08:06:13 "GET /roster HTTP/1.1" 200 -
08:06:13 "POST /collect HTTP/1.1" 200 -
08:06:13 "POST /collect HTTP/1.1" 200 -
08:06:13 "POST /collect HTTP/1.1" 200 -
08:06:13 "POST /collect HTTP/1.1" 200 -
08:06:13 "POST /collect HTTP/1.1" 200 -
08:06:13 "POST /collect HTTP/1.1" 200 -
08:06:13 "POST /collect HTTP/1.1" 200 -
08:06:14 "POST /collect HTTP/1.1" 200 -
08:06:14 "POST /collect HTTP/1.1" 200 -
08:06:14 "POST /collect HTTP/1.1" 200 -
08:06:14 "POST /collect HTTP/1.1" 200 -
08:06:14 "POST /collect HTTP/1.1" 200 -
08:06:14 "POST /collect HTTP/1.1" 200 -
08:06:14 "POST /collect HTTP/1.1" 200 -
08:06:14 "POST /collect HTTP/1.1" 200 -
08:06:14 "POST /collect HTTP/1.1" 200 -
08:06:14 "POST /collect HTTP/1.1" 200 -
08:06:14 "POST /collect HTTP/1.1" 200 -
08:06:14 "POST /collect HTTP/1.1" 200 -
08:06:14 "POST /collect HTTP/1.1" 200 -
08:06:14 "GET /roster HTTP/1.1" 200 -
08:06:14 "POST /collect HTTP/1.1" 200 -
08:06:14 "POST /collect HTTP/1.1" 200 -
08:06:14 "POST /collect HTTP/1.1" 200 -
08:06:14 "POST /collect HTTP/1.1" 200 -
08:06:15 "POST /collect HTTP/1.1" 200 -
08:06:15 "POST /collect HTTP/1.1" 200 -
08:06:15 "POST /collect HTTP/1.1" 200 -
08:06:15 "POST /collect HTTP/1.1" 200 -
08:06:15 "GET /roster HTTP/1.1" 200 -
08:06:15 "POST /collect HTTP/1.1" 200 -
08:06:15 "POST /collect HTTP/1.1" 200 -
08:06:15 "POST /collect HTTP/1.1" 200 -
08:06:16 "GET /roster HTTP/1.1" 200 -
08:06:16 "POST /collect HTTP/1.1" 200 -
08:06:16 "POST /collect HTTP/1.1" 200 -
08:06:16 "POST /collect HTTP/1.1" 200 -
08:06:16 "POST /collect HTTP/1.1" 200 -
08:06:16 "POST /collect HTTP/1.1" 200 -
08:06:16 "POST /collect HTTP/1.1" 200 -
08:06:16 "POST /collect HTTP/1.1" 200 -
08:06:17 "POST /collect HTTP/1.1" 200 -
08:06:17 "POST /collect HTTP/1.1" 200 -
08:06:17 "POST /collect HTTP/1.1" 200 -
08:06:17 "POST /collect HTTP/1.1" 200 -
08:06:17 "POST /collect HTTP/1.1" 200 -
08:06:17 "POST /collect HTTP/1.1" 200 -
08:06:17 "POST /collect HTTP/1.1" 200 -
08:06:17 "POST /collect HTTP/1.1" 200 -
08:06:17 "POST /collect HTTP/1.1" 200 -
08:06:17 "POST /collect HTTP/1.1" 200 -
08:06:17 "POST /collect HTTP/1.1" 200 -
08:06:17 "POST /collect HTTP/1.1" 200 -
08:06:17 "POST /collect HTTP/1.1" 200 -
08:06:17 "GET /roster HTTP/1.1" 200 -
08:06:17 "POST /collect HTTP/1.1" 200 -
08:06:17 "POST /collect HTTP/1.1" 200 -
08:06:17 "POST /collect HTTP/1.1" 200 -
08:06:17 "POST /collect HTTP/1.1" 200 -
08:06:18 "POST /collect HTTP/1.1" 200 -
08:06:18 "POST /collect HTTP/1.1" 200 -
08:06:18 "GET /roster HTTP/1.1" 200 -
08:06:18 "POST /collect HTTP/1.1" 200 -
08:06:18 "POST /collect HTTP/1.1" 200 -
08:06:18 "POST /collect HTTP/1.1" 200 -
08:06:18 "POST /collect HTTP/1.1" 200 -
08:06:18 "POST /collect HTTP/1.1" 200 -
08:06:19 "GET /roster HTTP/1.1" 200 -
08:06:19 "POST /collect HTTP/1.1" 200 -
08:06:19 "POST /collect HTTP/1.1" 200 -
08:06:19 "POST /collect HTTP/1.1" 200 -
08:06:19 "POST /collect HTTP/1.1" 200 -
08:06:19 "POST /collect HTTP/1.1" 200 -
08:06:19 "POST /collect HTTP/1.1" 200 -
08:06:19 "POST /collect HTTP/1.1" 200 -
08:06:20 "POST /collect HTTP/1.1" 200 -
08:06:20 "POST /collect HTTP/1.1" 200 -
08:06:20 "POST /collect HTTP/1.1" 200 -
08:06:20 "POST /collect HTTP/1.1" 200 -
08:06:20 "POST /collect HTTP/1.1" 200 -
08:06:20 "POST /collect HTTP/1.1" 200 -
08:06:20 "POST /collect HTTP/1.1" 200 -
08:06:20 "POST /collect HTTP/1.1" 200 -
08:06:20 "POST /collect HTTP/1.1" 200 -
08:06:20 "POST /collect HTTP/1.1" 200 -
08:06:20 "POST /collect HTTP/1.1" 200 -
08:06:20 "POST /collect HTTP/1.1" 200 -
08:06:20 "POST /collect HTTP/1.1" 200 -
08:06:20 "GET /roster HTTP/1.1" 200 -
08:06:20 "POST /collect HTTP/1.1" 200 -
08:06:20 "POST /collect HTTP/1.1" 200 -
08:06:20 "POST /collect HTTP/1.1" 200 -
08:06:20 "POST /collect HTTP/1.1" 200 -
08:06:21 "POST /collect HTTP/1.1" 200 -
08:06:21 "POST /collect HTTP/1.1" 200 -
08:06:21 "POST /collect HTTP/1.1" 200 -
08:06:21 "GET /roster HTTP/1.1" 200 -
08:06:21 "POST /collect HTTP/1.1" 200 -
08:06:21 "POST /collect HTTP/1.1" 200 -
08:06:21 "POST /collect HTTP/1.1" 200 -
08:06:21 "POST /collect HTTP/1.1" 200 -
08:06:21 "POST /collect HTTP/1.1" 200 -
08:06:21 "POST /collect HTTP/1.1" 200 -
08:06:22 "GET /roster HTTP/1.1" 200 -
08:06:22 "POST /collect HTTP/1.1" 200 -
08:06:22 "POST /collect HTTP/1.1" 200 -
08:06:22 "POST /collect HTTP/1.1" 200 -
08:06:22 "POST /collect HTTP/1.1" 200 -
08:06:22 "POST /collect HTTP/1.1" 200 -
08:06:22 "POST /collect HTTP/1.1" 200 -
08:06:22 "POST /collect HTTP/1.1" 200 -
08:06:23 "POST /collect HTTP/1.1" 200 -
08:06:23 "POST /collect HTTP/1.1" 200 -
08:06:23 "POST /collect HTTP/1.1" 200 -
08:06:23 "POST /collect HTTP/1.1" 200 -
08:06:23 "POST /collect HTTP/1.1" 200 -
08:06:23 "POST /collect HTTP/1.1" 200 -
08:06:23 "POST /collect HTTP/1.1" 200 -
08:06:23 "POST /collect HTTP/1.1" 200 -
08:06:23 "POST /collect HTTP/1.1" 200 -
08:06:23 "POST /collect HTTP/1.1" 200 -
08:06:23 "POST /collect HTTP/1.1" 200 -
08:06:23 "POST /collect HTTP/1.1" 200 -
08:06:23 "POST /collect HTTP/1.1" 200 -
08:06:23 "GET /roster HTTP/1.1" 200 -
08:06:23 "POST /collect HTTP/1.1" 200 -
08:06:23 "POST /collect HTTP/1.1" 200 -
08:06:23 "POST /collect HTTP/1.1" 200 -
08:06:23 "POST /collect HTTP/1.1" 200 -
08:06:24 "POST /collect HTTP/1.1" 200 -
08:06:24 "POST /collect HTTP/1.1" 200 -
08:06:24 "GET /roster HTTP/1.1" 200 -
08:06:24 "POST /collect HTTP/1.1" 200 -
08:06:24 "POST /collect HTTP/1.1" 200 -
08:06:24 "POST /collect HTTP/1.1" 200 -
08:06:24 "POST /collect HTTP/1.1" 200 -
08:06:24 "POST /collect HTTP/1.1" 200 -
08:06:25 "GET /roster HTTP/1.1" 200 -
08:06:25 "POST /collect HTTP/1.1" 200 -
08:06:25 "POST /collect HTTP/1.1" 200 -
08:06:25 "POST /collect HTTP/1.1" 200 -
08:06:25 "POST /collect HTTP/1.1" 200 -
08:06:25 "POST /collect HTTP/1.1" 200 -
08:06:25 "POST /collect HTTP/1.1" 200 -
08:06:25 "POST /collect HTTP/1.1" 200 -
08:06:26 "POST /collect HTTP/1.1" 200 -
08:06:26 "POST /collect HTTP/1.1" 200 -
08:06:26 "POST /collect HTTP/1.1" 200 -
08:06:26 "POST /collect HTTP/1.1" 200 -
08:06:26 "POST /collect HTTP/1.1" 200 -
08:06:26 "POST /collect HTTP/1.1" 200 -
08:06:26 "POST /collect HTTP/1.1" 200 -
08:06:26 "POST /collect HTTP/1.1" 200 -
08:06:26 "POST /collect HTTP/1.1" 200 -
08:06:26 "POST /collect HTTP/1.1" 200 -
08:06:26 "POST /collect HTTP/1.1" 200 -
08:06:26 "POST /collect HTTP/1.1" 200 -
08:06:26 "POST /collect HTTP/1.1" 200 -
08:06:26 "GET /roster HTTP/1.1" 200 -
08:06:26 "POST /collect HTTP/1.1" 200 -
08:06:26 "POST /collect HTTP/1.1" 200 -
08:06:26 "POST /collect HTTP/1.1" 200 -
08:06:26 "POST /collect HTTP/1.1" 200 -
08:06:27 "POST /collect HTTP/1.1" 200 -
08:06:27 "POST /collect HTTP/1.1" 200 -
08:06:27 "POST /collect HTTP/1.1" 200 -
08:06:27 "GET /roster HTTP/1.1" 200 -
08:06:27 "POST /collect HTTP/1.1" 200 -
08:06:27 "POST /collect HTTP/1.1" 200 -
08:06:27 "POST /collect HTTP/1.1" 200 -
08:06:27 "POST /collect HTTP/1.1" 200 -
08:06:28 "GET /roster HTTP/1.1" 200 -
08:06:28 "POST /collect HTTP/1.1" 200 -
08:06:28 "POST /collect HTTP/1.1" 200 -
08:06:28 "POST /collect HTTP/1.1" 200 -
08:06:28 "POST /collect HTTP/1.1" 200 -
08:06:28 "POST /collect HTTP/1.1" 200 -
08:06:28 "POST /collect HTTP/1.1" 200 -
08:06:28 "POST /collect HTTP/1.1" 200 -
08:06:29 "POST /collect HTTP/1.1" 200 -
08:06:29 "POST /collect HTTP/1.1" 200 -
08:06:29 "POST /collect HTTP/1.1" 200 -
08:06:29 "POST /collect HTTP/1.1" 200 -
08:06:29 "POST /collect HTTP/1.1" 200 -
08:06:29 "POST /collect HTTP/1.1" 200 -
08:06:29 "POST /collect HTTP/1.1" 200 -
08:06:29 "POST /collect HTTP/1.1" 200 -
08:06:29 "POST /collect HTTP/1.1" 200 -
08:06:29 "POST /collect HTTP/1.1" 200 -
08:06:29 "POST /collect HTTP/1.1" 200 -
08:06:29 "POST /collect HTTP/1.1" 200 -
08:06:29 "POST /collect HTTP/1.1" 200 -
08:06:29 "GET /roster HTTP/1.1" 200 -
08:06:29 "POST /collect HTTP/1.1" 200 -
08:06:29 "POST /collect HTTP/1.1" 200 -
08:06:29 "POST /collect HTTP/1.1" 200 -
08:06:29 "POST /collect HTTP/1.1" 200 -
08:06:30 "POST /collect HTTP/1.1" 200 -
08:06:30 "POST /collect HTTP/1.1" 200 -
08:06:30 "GET /roster HTTP/1.1" 200 -
08:06:30 "POST /collect HTTP/1.1" 200 -
08:06:30 "POST /collect HTTP/1.1" 200 -
08:06:30 "POST /collect HTTP/1.1" 200 -
08:06:30 "POST /collect HTTP/1.1" 200 -
08:06:30 "POST /collect HTTP/1.1" 200 -
08:06:31 "GET /roster HTTP/1.1" 200 -
08:06:31 "POST /collect HTTP/1.1" 200 -
08:06:31 "POST /collect HTTP/1.1" 200 -
08:06:31 "POST /collect HTTP/1.1" 200 -
08:06:31 "POST /collect HTTP/1.1" 200 -
08:06:31 "POST /collect HTTP/1.1" 200 -
08:06:31 "POST /collect HTTP/1.1" 200 -
08:06:31 "POST /collect HTTP/1.1" 200 -
08:06:32 "POST /collect HTTP/1.1" 200 -
08:06:32 "POST /collect HTTP/1.1" 200 -
08:06:32 "POST /collect HTTP/1.1" 200 -
08:06:32 "POST /collect HTTP/1.1" 200 -
08:06:32 "POST /collect HTTP/1.1" 200 -
08:06:32 "POST /collect HTTP/1.1" 200 -
08:06:32 "POST /collect HTTP/1.1" 200 -
08:06:32 "POST /collect HTTP/1.1" 200 -
08:06:32 "POST /collect HTTP/1.1" 200 -
08:06:32 "POST /collect HTTP/1.1" 200 -
08:06:32 "POST /collect HTTP/1.1" 200 -
08:06:32 "POST /collect HTTP/1.1" 200 -
08:06:32 "POST /collect HTTP/1.1" 200 -
08:06:32 "GET /roster HTTP/1.1" 200 -
08:06:32 "POST /collect HTTP/1.1" 200 -
08:06:32 "POST /collect HTTP/1.1" 200 -
08:06:32 "POST /collect HTTP/1.1" 200 -
08:06:32 "POST /collect HTTP/1.1" 200 -
08:06:33 "POST /collect HTTP/1.1" 200 -
08:06:33 "POST /collect HTTP/1.1" 200 -
08:06:33 "POST /collect HTTP/1.1" 200 -
08:06:33 "POST /collect HTTP/1.1" 200 -
08:06:33 "GET /roster HTTP/1.1" 200 -
08:06:33 "POST /collect HTTP/1.1" 200 -
08:06:33 "POST /collect HTTP/1.1" 200 -
08:06:33 "POST /collect HTTP/1.1" 200 -
08:06:34 "GET /roster HTTP/1.1" 200 -
08:06:34 "POST /collect HTTP/1.1" 200 -
08:06:34 "POST /collect HTTP/1.1" 200 -
08:06:34 "POST /collect HTTP/1.1" 200 -
08:06:34 "POST /collect HTTP/1.1" 200 -
08:06:34 "POST /collect HTTP/1.1" 200 -
08:06:34 "POST /collect HTTP/1.1" 200 -
08:06:34 "POST /collect HTTP/1.1" 200 -
08:06:35 "POST /collect HTTP/1.1" 200 -
08:06:35 "POST /collect HTTP/1.1" 200 -
08:06:35 "POST /collect HTTP/1.1" 200 -
08:06:35 "POST /collect HTTP/1.1" 200 -
08:06:35 "POST /collect HTTP/1.1" 200 -
08:06:35 "POST /collect HTTP/1.1" 200 -
08:06:35 "POST /collect HTTP/1.1" 200 -
08:06:35 "POST /collect HTTP/1.1" 200 -
08:06:35 "POST /collect HTTP/1.1" 200 -
08:06:35 "POST /collect HTTP/1.1" 200 -
08:06:35 "POST /collect HTTP/1.1" 200 -
08:06:35 "POST /collect HTTP/1.1" 200 -
08:06:35 "POST /collect HTTP/1.1" 200 -
08:06:35 "GET /roster HTTP/1.1" 200 -
08:06:35 "POST /collect HTTP/1.1" 200 -
08:06:35 "POST /collect HTTP/1.1" 200 -
08:06:35 "POST /collect HTTP/1.1" 200 -
08:06:35 "POST /collect HTTP/1.1" 200 -
08:06:36 "POST /collect HTTP/1.1" 200 -
08:06:36 "POST /collect HTTP/1.1" 200 -
08:06:36 "GET /roster HTTP/1.1" 200 -
08:06:36 "POST /collect HTTP/1.1" 200 -
08:06:36 "POST /collect HTTP/1.1" 200 -
08:06:36 "POST /collect HTTP/1.1" 200 -
08:06:36 "POST /collect HTTP/1.1" 200 -
08:06:36 "POST /collect HTTP/1.1" 200 -
08:06:37 "POST /collect HTTP/1.1" 200 -
08:06:37 "GET /roster HTTP/1.1" 200 -
08:06:37 "POST /collect HTTP/1.1" 200 -
08:06:37 "POST /collect HTTP/1.1" 200 -
08:06:37 "POST /collect HTTP/1.1" 200 -
08:06:37 "POST /collect HTTP/1.1" 200 -
08:06:37 "POST /collect HTTP/1.1" 200 -
08:06:37 "POST /collect HTTP/1.1" 200 -
08:06:37 "POST /collect HTTP/1.1" 200 -
08:06:38 "POST /collect HTTP/1.1" 200 -
08:06:38 "POST /collect HTTP/1.1" 200 -
08:06:38 "POST /collect HTTP/1.1" 200 -
08:06:38 "POST /collect HTTP/1.1" 200 -
08:06:38 "POST /collect HTTP/1.1" 200 -
08:06:38 "POST /collect HTTP/1.1" 200 -
08:06:38 "POST /collect HTTP/1.1" 200 -
08:06:38 "POST /collect HTTP/1.1" 200 -
08:06:38 "POST /collect HTTP/1.1" 200 -
08:06:38 "POST /collect HTTP/1.1" 200 -
08:06:38 "POST /collect HTTP/1.1" 200 -
08:06:38 "POST /collect HTTP/1.1" 200 -
08:06:38 "POST /collect HTTP/1.1" 200 -
08:06:38 "GET /roster HTTP/1.1" 200 -
08:06:38 "POST /collect HTTP/1.1" 200 -
08:06:38 "POST /collect HTTP/1.1" 200 -
08:06:38 "POST /collect HTTP/1.1" 200 -
08:06:38 "POST /collect HTTP/1.1" 200 -
08:06:39 "POST /collect HTTP/1.1" 200 -
08:06:39 "POST /collect HTTP/1.1" 200 -
08:06:39 "POST /collect HTTP/1.1" 200 -
08:06:39 "GET /roster HTTP/1.1" 200 -
08:06:39 "POST /collect HTTP/1.1" 200 -
08:06:39 "POST /collect HTTP/1.1" 200 -
08:06:39 "POST /collect HTTP/1.1" 200 -
08:06:39 "POST /collect HTTP/1.1" 200 -
08:06:40 "GET /roster HTTP/1.1" 200 -
08:06:40 "POST /collect HTTP/1.1" 200 -
08:06:40 "POST /collect HTTP/1.1" 200 -
08:06:40 "POST /collect HTTP/1.1" 200 -
08:06:40 "POST /collect HTTP/1.1" 200 -
08:06:40 "POST /collect HTTP/1.1" 200 -
08:06:40 "POST /collect HTTP/1.1" 200 -
08:06:40 "POST /collect HTTP/1.1" 200 -
08:06:41 "POST /collect HTTP/1.1" 200 -
08:06:41 "POST /collect HTTP/1.1" 200 -
08:06:41 "POST /collect HTTP/1.1" 200 -
08:06:41 "POST /collect HTTP/1.1" 200 -
08:06:41 "POST /collect HTTP/1.1" 200 -
08:06:41 "POST /collect HTTP/1.1" 200 -
08:06:41 "POST /collect HTTP/1.1" 200 -
08:06:41 "POST /collect HTTP/1.1" 200 -
08:06:41 "POST /collect HTTP/1.1" 200 -
08:06:41 "POST /collect HTTP/1.1" 200 -
08:06:41 "POST /collect HTTP/1.1" 200 -
08:06:41 "POST /collect HTTP/1.1" 200 -
08:06:41 "POST /collect HTTP/1.1" 200 -
08:06:41 "GET /roster HTTP/1.1" 200 -
08:06:41 "POST /collect HTTP/1.1" 200 -
08:06:41 "POST /collect HTTP/1.1" 200 -
08:06:41 "POST /collect HTTP/1.1" 200 -
08:06:41 "POST /collect HTTP/1.1" 200 -
08:06:42 "POST /collect HTTP/1.1" 200 -
08:06:42 "POST /collect HTTP/1.1" 200 -
08:06:42 "POST /collect HTTP/1.1" 200 -
08:06:42 "GET /roster HTTP/1.1" 200 -
08:06:42 "POST /collect HTTP/1.1" 200 -
08:06:42 "POST /collect HTTP/1.1" 200 -
08:06:42 "POST /collect HTTP/1.1" 200 -
08:06:42 "POST /collect HTTP/1.1" 200 -
08:06:43 "GET /roster HTTP/1.1" 200 -
08:06:43 "POST /collect HTTP/1.1" 200 -
08:06:43 "POST /collect HTTP/1.1" 200 -
08:06:43 "POST /collect HTTP/1.1" 200 -
08:06:43 "POST /collect HTTP/1.1" 200 -
08:06:43 "POST /collect HTTP/1.1" 200 -
08:06:43 "POST /collect HTTP/1.1" 200 -
08:06:43 "POST /collect HTTP/1.1" 200 -
08:06:44 "POST /collect HTTP/1.1" 200 -
08:06:44 "POST /collect HTTP/1.1" 200 -
08:06:44 "POST /collect HTTP/1.1" 200 -
08:06:44 "POST /collect HTTP/1.1" 200 -
08:06:44 "POST /collect HTTP/1.1" 200 -
08:06:44 "POST /collect HTTP/1.1" 200 -
08:06:44 "POST /collect HTTP/1.1" 200 -
08:06:44 "POST /collect HTTP/1.1" 200 -
08:06:44 "POST /collect HTTP/1.1" 200 -
08:06:44 "POST /collect HTTP/1.1" 200 -
08:06:44 "POST /collect HTTP/1.1" 200 -
08:06:44 "POST /collect HTTP/1.1" 200 -
08:06:44 "POST /collect HTTP/1.1" 200 -
08:06:44 "GET /roster HTTP/1.1" 200 -
08:06:44 "POST /collect HTTP/1.1" 200 -
08:06:44 "POST /collect HTTP/1.1" 200 -
08:06:44 "POST /collect HTTP/1.1" 200 -
08:06:44 "POST /collect HTTP/1.1" 200 -
08:06:45 "POST /collect HTTP/1.1" 200 -
08:06:45 "POST /collect HTTP/1.1" 200 -
08:06:45 "POST /collect HTTP/1.1" 200 -
08:06:45 "GET /roster HTTP/1.1" 200 -
08:06:45 "POST /collect HTTP/1.1" 200 -
08:06:45 "POST /collect HTTP/1.1" 200 -
08:06:45 "POST /collect HTTP/1.1" 200 -
08:06:45 "POST /collect HTTP/1.1" 200 -
08:06:46 "GET /roster HTTP/1.1" 200 -
08:06:46 "POST /collect HTTP/1.1" 200 -
08:06:46 "POST /collect HTTP/1.1" 200 -
08:06:46 "POST /collect HTTP/1.1" 200 -
08:06:46 "POST /collect HTTP/1.1" 200 -
08:06:46 "POST /collect HTTP/1.1" 200 -
08:06:46 "POST /collect HTTP/1.1" 200 -
08:06:46 "POST /collect HTTP/1.1" 200 -
08:06:47 "POST /collect HTTP/1.1" 200 -
08:06:47 "POST /collect HTTP/1.1" 200 -
08:06:47 "POST /collect HTTP/1.1" 200 -
08:06:47 "POST /collect HTTP/1.1" 200 -
08:06:47 "POST /collect HTTP/1.1" 200 -
08:06:47 "POST /collect HTTP/1.1" 200 -
08:06:47 "POST /collect HTTP/1.1" 200 -
08:06:47 "POST /collect HTTP/1.1" 200 -
08:06:47 "POST /collect HTTP/1.1" 200 -
08:06:47 "POST /collect HTTP/1.1" 200 -
08:06:47 "POST /collect HTTP/1.1" 200 -
08:06:47 "POST /collect HTTP/1.1" 200 -
08:06:47 "POST /collect HTTP/1.1" 200 -
08:06:47 "GET /roster HTTP/1.1" 200 -
08:06:47 "POST /collect HTTP/1.1" 200 -
08:06:47 "POST /collect HTTP/1.1" 200 -
08:06:47 "POST /collect HTTP/1.1" 200 -
08:06:47 "POST /collect HTTP/1.1" 200 -
08:06:48 "POST /collect HTTP/1.1" 200 -
08:06:48 "POST /collect HTTP/1.1" 200 -
08:06:48 "GET /roster HTTP/1.1" 200 -
08:06:48 "POST /collect HTTP/1.1" 200 -
08:06:48 "POST /collect HTTP/1.1" 200 -
08:06:48 "POST /collect HTTP/1.1" 200 -
08:06:48 "POST /collect HTTP/1.1" 200 -
08:06:48 "POST /collect HTTP/1.1" 200 -
08:06:49 "GET /roster HTTP/1.1" 200 -
08:06:49 "POST /collect HTTP/1.1" 200 -
08:06:49 "POST /collect HTTP/1.1" 200 -
08:06:49 "POST /collect HTTP/1.1" 200 -
08:06:49 "POST /collect HTTP/1.1" 200 -
08:06:49 "POST /collect HTTP/1.1" 200 -
08:06:49 "POST /collect HTTP/1.1" 200 -
08:06:49 "POST /collect HTTP/1.1" 200 -
08:06:50 "POST /collect HTTP/1.1" 200 -
08:06:50 "POST /collect HTTP/1.1" 200 -
08:06:50 "POST /collect HTTP/1.1" 200 -
08:06:50 "POST /collect HTTP/1.1" 200 -
08:06:50 "POST /collect HTTP/1.1" 200 -
08:06:50 "POST /collect HTTP/1.1" 200 -
08:06:50 "POST /collect HTTP/1.1" 200 -
08:06:50 "POST /collect HTTP/1.1" 200 -
08:06:50 "POST /collect HTTP/1.1" 200 -
08:06:50 "POST /collect HTTP/1.1" 200 -
08:06:50 "POST /collect HTTP/1.1" 200 -
08:06:50 "POST /collect HTTP/1.1" 200 -
08:06:50 "POST /collect HTTP/1.1" 200 -
08:06:50 "GET /roster HTTP/1.1" 200 -
08:06:50 "POST /collect HTTP/1.1" 200 -
08:06:50 "POST /collect HTTP/1.1" 200 -
08:06:50 "POST /collect HTTP/1.1" 200 -
08:06:50 "POST /collect HTTP/1.1" 200 -
08:06:51 "POST /collect HTTP/1.1" 200 -
08:06:51 "POST /collect HTTP/1.1" 200 -
08:06:51 "POST /collect HTTP/1.1" 200 -
08:06:51 "GET /roster HTTP/1.1" 200 -
08:06:51 "POST /collect HTTP/1.1" 200 -
08:06:51 "POST /collect HTTP/1.1" 200 -
08:06:51 "POST /collect HTTP/1.1" 200 -
08:06:51 "POST /collect HTTP/1.1" 200 -
08:06:52 "GET /roster HTTP/1.1" 200 -
08:06:52 "POST /collect HTTP/1.1" 200 -
08:06:52 "POST /collect HTTP/1.1" 200 -
08:06:52 "POST /collect HTTP/1.1" 200 -
08:06:52 "POST /collect HTTP/1.1" 200 -
08:06:52 "POST /collect HTTP/1.1" 200 -
08:06:52 "POST /collect HTTP/1.1" 200 -
08:06:52 "POST /collect HTTP/1.1" 200 -
08:06:52 "POST /collect HTTP/1.1" 200 -
08:06:52 "POST /collect HTTP/1.1" 200 -
08:06:53 "POST /collect HTTP/1.1" 200 -
08:06:53 "POST /collect HTTP/1.1" 200 -
08:06:53 "POST /collect HTTP/1.1" 200 -
08:06:53 "POST /collect HTTP/1.1" 200 -
08:06:53 "POST /collect HTTP/1.1" 200 -
08:06:53 "POST /collect HTTP/1.1" 200 -
08:06:53 "POST /collect HTTP/1.1" 200 -
08:06:53 "POST /collect HTTP/1.1" 200 -
08:06:53 "POST /collect HTTP/1.1" 200 -
08:06:53 "POST /collect HTTP/1.1" 200 -
08:06:53 "POST /collect HTTP/1.1" 200 -
08:06:53 "POST /collect HTTP/1.1" 200 -
08:06:53 "POST /collect HTTP/1.1" 200 -
08:06:53 "GET /roster HTTP/1.1" 200 -
08:06:53 "POST /collect HTTP/1.1" 200 -
08:06:53 "POST /collect HTTP/1.1" 200 -
08:06:53 "POST /collect HTTP/1.1" 200 -
08:06:53 "POST /collect HTTP/1.1" 200 -
08:06:54 "POST /collect HTTP/1.1" 200 -
08:06:54 "POST /collect HTTP/1.1" 200 -
08:06:54 "GET /roster HTTP/1.1" 200 -
08:06:54 "POST /collect HTTP/1.1" 200 -
08:06:54 "POST /collect HTTP/1.1" 200 -
08:06:54 "POST /collect HTTP/1.1" 200 -
08:06:54 "POST /collect HTTP/1.1" 200 -
08:06:54 "POST /collect HTTP/1.1" 200 -
08:06:55 "GET /roster HTTP/1.1" 200 -
08:06:55 "POST /collect HTTP/1.1" 200 -
08:06:55 "POST /collect HTTP/1.1" 200 -
08:06:55 "POST /collect HTTP/1.1" 200 -
08:06:55 "POST /collect HTTP/1.1" 200 -
08:06:55 "POST /collect HTTP/1.1" 200 -
08:06:55 "POST /collect HTTP/1.1" 200 -
08:06:55 "POST /collect HTTP/1.1" 200 -
08:06:56 "POST /collect HTTP/1.1" 200 -
08:06:56 "POST /collect HTTP/1.1" 200 -
08:06:56 "POST /collect HTTP/1.1" 200 -
08:06:56 "POST /collect HTTP/1.1" 200 -
08:06:56 "POST /collect HTTP/1.1" 200 -
08:06:56 "POST /collect HTTP/1.1" 200 -
08:06:56 "POST /collect HTTP/1.1" 200 -
08:06:56 "POST /collect HTTP/1.1" 200 -
08:06:56 "POST /collect HTTP/1.1" 200 -
08:06:56 "POST /collect HTTP/1.1" 200 -
08:06:56 "POST /collect HTTP/1.1" 200 -
08:06:56 "POST /collect HTTP/1.1" 200 -
08:06:56 "POST /collect HTTP/1.1" 200 -
08:06:56 "GET /roster HTTP/1.1" 200 -
08:06:56 "POST /collect HTTP/1.1" 200 -
08:06:56 "POST /collect HTTP/1.1" 200 -
08:06:56 "POST /collect HTTP/1.1" 200 -
08:06:56 "POST /collect HTTP/1.1" 200 -
08:06:57 "POST /collect HTTP/1.1" 200 -
08:06:57 "POST /collect HTTP/1.1" 200 -
08:06:57 "POST /collect HTTP/1.1" 200 -
08:06:57 "GET /roster HTTP/1.1" 200 -
08:06:57 "POST /collect HTTP/1.1" 200 -
08:06:57 "POST /collect HTTP/1.1" 200 -
08:06:57 "POST /collect HTTP/1.1" 200 -
08:06:57 "POST /collect HTTP/1.1" 200 -
08:06:58 "GET /roster HTTP/1.1" 200 -
08:06:58 "POST /collect HTTP/1.1" 200 -
08:06:58 "POST /collect HTTP/1.1" 200 -
08:06:58 "POST /collect HTTP/1.1" 200 -
08:06:58 "POST /collect HTTP/1.1" 200 -
08:06:58 "POST /collect HTTP/1.1" 200 -
08:06:58 "POST /collect HTTP/1.1" 200 -
08:06:58 "POST /collect HTTP/1.1" 200 -
08:06:59 "POST /collect HTTP/1.1" 200 -
08:06:59 "POST /collect HTTP/1.1" 200 -
08:06:59 "POST /collect HTTP/1.1" 200 -
08:06:59 "POST /collect HTTP/1.1" 200 -
08:06:59 "POST /collect HTTP/1.1" 200 -
08:06:59 "POST /collect HTTP/1.1" 200 -
08:06:59 "POST /collect HTTP/1.1" 200 -
08:06:59 "POST /collect HTTP/1.1" 200 -
08:06:59 "POST /collect HTTP/1.1" 200 -
08:06:59 "POST /collect HTTP/1.1" 200 -
08:06:59 "POST /collect HTTP/1.1" 200 -
08:06:59 "POST /collect HTTP/1.1" 200 -
08:06:59 "POST /collect HTTP/1.1" 200 -
08:06:59 "GET /roster HTTP/1.1" 200 -
08:06:59 "POST /collect HTTP/1.1" 200 -
08:06:59 "POST /collect HTTP/1.1" 200 -
08:06:59 "POST /collect HTTP/1.1" 200 -
08:06:59 "POST /collect HTTP/1.1" 200 -
08:07:00 "POST /collect HTTP/1.1" 200 -
08:07:00 "POST /collect HTTP/1.1" 200 -
08:07:00 "GET /roster HTTP/1.1" 200 -
08:07:00 "POST /collect HTTP/1.1" 200 -
08:07:00 "POST /collect HTTP/1.1" 200 -
08:07:00 "POST /collect HTTP/1.1" 200 -
08:07:00 "POST /collect HTTP/1.1" 200 -
08:07:00 "POST /collect HTTP/1.1" 200 -
08:07:01 "GET /roster HTTP/1.1" 200 -
08:07:01 "POST /collect HTTP/1.1" 200 -
08:07:01 "POST /collect HTTP/1.1" 200 -
08:07:01 "POST /collect HTTP/1.1" 200 -
08:07:01 "POST /collect HTTP/1.1" 200 -
08:07:01 "POST /collect HTTP/1.1" 200 -
08:07:01 "POST /collect HTTP/1.1" 200 -
08:07:01 "POST /collect HTTP/1.1" 200 -
08:07:02 "POST /collect HTTP/1.1" 200 -
08:07:02 "POST /collect HTTP/1.1" 200 -
08:07:02 "POST /collect HTTP/1.1" 200 -
08:07:02 "POST /collect HTTP/1.1" 200 -
08:07:02 "POST /collect HTTP/1.1" 200 -
08:07:02 "POST /collect HTTP/1.1" 200 -
08:07:02 "POST /collect HTTP/1.1" 200 -
08:07:02 "POST /collect HTTP/1.1" 200 -
08:07:02 "POST /collect HTTP/1.1" 200 -
08:07:02 "POST /collect HTTP/1.1" 200 -
08:07:02 "POST /collect HTTP/1.1" 200 -
08:07:02 "POST /collect HTTP/1.1" 200 -
08:07:02 "POST /collect HTTP/1.1" 200 -
08:07:02 "GET /roster HTTP/1.1" 200 -
08:07:02 "POST /collect HTTP/1.1" 200 -
08:07:02 "POST /collect HTTP/1.1" 200 -
08:07:02 "POST /collect HTTP/1.1" 200 -
08:07:02 "POST /collect HTTP/1.1" 200 -
08:07:03 "POST /collect HTTP/1.1" 200 -
08:07:03 "POST /collect HTTP/1.1" 200 -
08:07:03 "POST /collect HTTP/1.1" 200 -
08:07:03 "GET /roster HTTP/1.1" 200 -
08:07:03 "POST /collect HTTP/1.1" 200 -
08:07:03 "POST /collect HTTP/1.1" 200 -
08:07:03 "POST /collect HTTP/1.1" 200 -
08:07:03 "POST /collect HTTP/1.1" 200 -
08:07:04 "GET /roster HTTP/1.1" 200 -
08:07:04 "POST /collect HTTP/1.1" 200 -
08:07:04 "POST /collect HTTP/1.1" 200 -
08:07:04 "POST /collect HTTP/1.1" 200 -
08:07:04 "POST /collect HTTP/1.1" 200 -
08:07:04 "POST /collect HTTP/1.1" 200 -
08:07:04 "POST /collect HTTP/1.1" 200 -
08:07:04 "POST /collect HTTP/1.1" 200 -
08:07:05 "POST /collect HTTP/1.1" 200 -
08:07:05 "POST /collect HTTP/1.1" 200 -
08:07:05 "POST /collect HTTP/1.1" 200 -
08:07:05 "POST /collect HTTP/1.1" 200 -
08:07:05 "POST /collect HTTP/1.1" 200 -
08:07:05 "POST /collect HTTP/1.1" 200 -
08:07:05 "POST /collect HTTP/1.1" 200 -
08:07:05 "POST /collect HTTP/1.1" 200 -
08:07:05 "POST /collect HTTP/1.1" 200 -
08:07:05 "POST /collect HTTP/1.1" 200 -
08:07:05 "POST /collect HTTP/1.1" 200 -
08:07:05 "POST /collect HTTP/1.1" 200 -
08:07:05 "POST /collect HTTP/1.1" 200 -
08:07:05 "GET /roster HTTP/1.1" 200 -
08:07:05 "POST /collect HTTP/1.1" 200 -
08:07:05 "POST /collect HTTP/1.1" 200 -
08:07:05 "POST /collect HTTP/1.1" 200 -
08:07:05 "POST /collect HTTP/1.1" 200 -
08:07:06 "POST /collect HTTP/1.1" 200 -
08:07:06 "POST /collect HTTP/1.1" 200 -
08:07:06 "POST /collect HTTP/1.1" 200 -
08:07:06 "GET /roster HTTP/1.1" 200 -
08:07:06 "POST /collect HTTP/1.1" 200 -
08:07:06 "POST /collect HTTP/1.1" 200 -
08:07:06 "POST /collect HTTP/1.1" 200 -
08:07:06 "POST /collect HTTP/1.1" 200 -
08:07:07 "GET /roster HTTP/1.1" 200 -
08:07:07 "POST /collect HTTP/1.1" 200 -
08:07:07 "POST /collect HTTP/1.1" 200 -
08:07:07 "POST /collect HTTP/1.1" 200 -
08:07:07 "POST /collect HTTP/1.1" 200 -
08:07:07 "POST /collect HTTP/1.1" 200 -
08:07:07 "POST /collect HTTP/1.1" 200 -
08:07:07 "POST /collect HTTP/1.1" 200 -
08:07:07 "POST /collect HTTP/1.1" 200 -
08:07:08 "POST /collect HTTP/1.1" 200 -
08:07:08 "POST /collect HTTP/1.1" 200 -
08:07:08 "POST /collect HTTP/1.1" 200 -
08:07:08 "POST /collect HTTP/1.1" 200 -
08:07:08 "POST /collect HTTP/1.1" 200 -
08:07:08 "POST /collect HTTP/1.1" 200 -
08:07:08 "POST /collect HTTP/1.1" 200 -
08:07:08 "POST /collect HTTP/1.1" 200 -
08:07:08 "POST /collect HTTP/1.1" 200 -
08:07:08 "POST /collect HTTP/1.1" 200 -
08:07:08 "POST /collect HTTP/1.1" 200 -
08:07:08 "POST /collect HTTP/1.1" 200 -
08:07:08 "POST /collect HTTP/1.1" 200 -
08:07:08 "GET /roster HTTP/1.1" 200 -
08:07:08 "POST /collect HTTP/1.1" 200 -
08:07:08 "POST /collect HTTP/1.1" 200 -
08:07:08 "POST /collect HTTP/1.1" 200 -
08:07:08 "POST /collect HTTP/1.1" 200 -
08:07:09 "POST /collect HTTP/1.1" 200 -
08:07:09 "POST /collect HTTP/1.1" 200 -
08:07:09 "POST /collect HTTP/1.1" 200 -
08:07:09 "GET /roster HTTP/1.1" 200 -
08:07:09 "POST /collect HTTP/1.1" 200 -
08:07:09 "POST /collect HTTP/1.1" 200 -
08:07:09 "POST /collect HTTP/1.1" 200 -
08:07:09 "POST /collect HTTP/1.1" 200 -
08:07:10 "GET /roster HTTP/1.1" 200 -
08:07:10 "POST /collect HTTP/1.1" 200 -
08:07:10 "POST /collect HTTP/1.1" 200 -
08:07:10 "POST /collect HTTP/1.1" 200 -
08:07:10 "POST /collect HTTP/1.1" 200 -
08:07:10 "POST /collect HTTP/1.1" 200 -
08:07:10 "POST /collect HTTP/1.1" 200 -
08:07:10 "POST /collect HTTP/1.1" 200 -
08:07:11 "POST /collect HTTP/1.1" 200 -
08:07:11 "POST /collect HTTP/1.1" 200 -
08:07:11 "POST /collect HTTP/1.1" 200 -
08:07:11 "POST /collect HTTP/1.1" 200 -
08:07:11 "POST /collect HTTP/1.1" 200 -
08:07:11 "POST /collect HTTP/1.1" 200 -
08:07:11 "POST /collect HTTP/1.1" 200 -
08:07:11 "POST /collect HTTP/1.1" 200 -
08:07:11 "POST /collect HTTP/1.1" 200 -
08:07:11 "POST /collect HTTP/1.1" 200 -
08:07:11 "POST /collect HTTP/1.1" 200 -
08:07:11 "POST /collect HTTP/1.1" 200 -
08:07:11 "POST /collect HTTP/1.1" 200 -
08:07:11 "GET /roster HTTP/1.1" 200 -
08:07:11 "POST /collect HTTP/1.1" 200 -
08:07:11 "POST /collect HTTP/1.1" 200 -
08:07:11 "POST /collect HTTP/1.1" 200 -
08:07:11 "POST /collect HTTP/1.1" 200 -
08:07:12 "POST /collect HTTP/1.1" 200 -
08:07:12 "POST /collect HTTP/1.1" 200 -
08:07:12 "GET /roster HTTP/1.1" 200 -
08:07:12 "POST /collect HTTP/1.1" 200 -
08:07:12 "POST /collect HTTP/1.1" 200 -
08:07:12 "POST /collect HTTP/1.1" 200 -
08:07:12 "POST /collect HTTP/1.1" 200 -
08:07:12 "POST /collect HTTP/1.1" 200 -
08:07:13 "GET /roster HTTP/1.1" 200 -
08:07:13 "POST /collect HTTP/1.1" 200 -
08:07:13 "POST /collect HTTP/1.1" 200 -
08:07:13 "POST /collect HTTP/1.1" 200 -
08:07:13 "POST /collect HTTP/1.1" 200 -
08:07:13 "POST /collect HTTP/1.1" 200 -
08:07:13 "POST /collect HTTP/1.1" 200 -
08:07:13 "POST /collect HTTP/1.1" 200 -
08:07:14 "POST /collect HTTP/1.1" 200 -
08:07:14 "POST /collect HTTP/1.1" 200 -
08:07:14 "POST /collect HTTP/1.1" 200 -
08:07:14 "POST /collect HTTP/1.1" 200 -
08:07:14 "POST /collect HTTP/1.1" 200 -
08:07:14 "POST /collect HTTP/1.1" 200 -
08:07:14 "POST /collect HTTP/1.1" 200 -
08:07:14 "POST /collect HTTP/1.1" 200 -
08:07:14 "POST /collect HTTP/1.1" 200 -
08:07:14 "POST /collect HTTP/1.1" 200 -
08:07:14 "POST /collect HTTP/1.1" 200 -
08:07:14 "POST /collect HTTP/1.1" 200 -
08:07:14 "POST /collect HTTP/1.1" 200 -
08:07:14 "GET /roster HTTP/1.1" 200 -
08:07:14 "POST /collect HTTP/1.1" 200 -
08:07:14 "POST /collect HTTP/1.1" 200 -
08:07:14 "POST /collect HTTP/1.1" 200 -
08:07:14 "POST /collect HTTP/1.1" 200 -
08:07:15 "POST /collect HTTP/1.1" 200 -
08:07:15 "POST /collect HTTP/1.1" 200 -
08:07:15 "POST /collect HTTP/1.1" 200 -
08:07:15 "GET /roster HTTP/1.1" 200 -
08:07:15 "POST /collect HTTP/1.1" 200 -
08:07:15 "POST /collect HTTP/1.1" 200 -
08:07:15 "POST /collect HTTP/1.1" 200 -
08:07:15 "POST /collect HTTP/1.1" 200 -
08:07:16 "GET /roster HTTP/1.1" 200 -
08:07:16 "POST /collect HTTP/1.1" 200 -
08:07:16 "POST /collect HTTP/1.1" 200 -
08:07:16 "POST /collect HTTP/1.1" 200 -
08:07:16 "POST /collect HTTP/1.1" 200 -
08:07:16 "POST /collect HTTP/1.1" 200 -
08:07:16 "POST /collect HTTP/1.1" 200 -
08:07:16 "POST /collect HTTP/1.1" 200 -
08:07:17 "POST /collect HTTP/1.1" 200 -
08:07:17 "POST /collect HTTP/1.1" 200 -
08:07:17 "POST /collect HTTP/1.1" 200 -
08:07:17 "POST /collect HTTP/1.1" 200 -
08:07:17 "POST /collect HTTP/1.1" 200 -
08:07:17 "POST /collect HTTP/1.1" 200 -
08:07:17 "POST /collect HTTP/1.1" 200 -
08:07:17 "POST /collect HTTP/1.1" 200 -
08:07:17 "POST /collect HTTP/1.1" 200 -
08:07:17 "POST /collect HTTP/1.1" 200 -
08:07:17 "POST /collect HTTP/1.1" 200 -
08:07:17 "POST /collect HTTP/1.1" 200 -
08:07:17 "POST /collect HTTP/1.1" 200 -
08:07:17 "GET /roster HTTP/1.1" 200 -
08:07:17 "POST /collect HTTP/1.1" 200 -
08:07:17 "POST /collect HTTP/1.1" 200 -
08:07:17 "POST /collect HTTP/1.1" 200 -
08:07:17 "POST /collect HTTP/1.1" 200 -
08:07:18 "POST /collect HTTP/1.1" 200 -
08:07:18 "POST /collect HTTP/1.1" 200 -
08:07:18 "GET /roster HTTP/1.1" 200 -
08:07:18 "POST /collect HTTP/1.1" 200 -
08:07:18 "POST /collect HTTP/1.1" 200 -
08:07:18 "POST /collect HTTP/1.1" 200 -
08:07:18 "POST /collect HTTP/1.1" 200 -
08:07:18 "POST /collect HTTP/1.1" 200 -
08:07:19 "GET /roster HTTP/1.1" 200 -
08:07:19 "POST /collect HTTP/1.1" 200 -
08:07:19 "POST /collect HTTP/1.1" 200 -
08:07:19 "POST /collect HTTP/1.1" 200 -
08:07:19 "POST /collect HTTP/1.1" 200 -
08:07:19 "POST /collect HTTP/1.1" 200 -
08:07:19 "POST /collect HTTP/1.1" 200 -
08:07:19 "POST /collect HTTP/1.1" 200 -
08:07:20 "POST /collect HTTP/1.1" 200 -
08:07:20 "POST /collect HTTP/1.1" 200 -
08:07:20 "POST /collect HTTP/1.1" 200 -
08:07:20 "POST /collect HTTP/1.1" 200 -
08:07:20 "POST /collect HTTP/1.1" 200 -
08:07:20 "POST /collect HTTP/1.1" 200 -
08:07:20 "POST /collect HTTP/1.1" 200 -
08:07:20 "POST /collect HTTP/1.1" 200 -
08:07:20 "POST /collect HTTP/1.1" 200 -
08:07:20 "POST /collect HTTP/1.1" 200 -
08:07:20 "POST /collect HTTP/1.1" 200 -
08:07:20 "POST /collect HTTP/1.1" 200 -
08:07:20 "POST /collect HTTP/1.1" 200 -
08:07:20 "GET /roster HTTP/1.1" 200 -
08:07:20 "POST /collect HTTP/1.1" 200 -
08:07:20 "POST /collect HTTP/1.1" 200 -
08:07:20 "POST /collect HTTP/1.1" 200 -
08:07:20 "POST /collect HTTP/1.1" 200 -
08:07:21 "POST /collect HTTP/1.1" 200 -
08:07:21 "POST /collect HTTP/1.1" 200 -
08:07:21 "POST /collect HTTP/1.1" 200 -
08:07:21 "GET /roster HTTP/1.1" 200 -
08:07:21 "POST /collect HTTP/1.1" 200 -
08:07:21 "POST /collect HTTP/1.1" 200 -
08:07:21 "POST /collect HTTP/1.1" 200 -
08:07:21 "POST /collect HTTP/1.1" 200 -
08:07:22 "GET /roster HTTP/1.1" 200 -
08:07:22 "POST /collect HTTP/1.1" 200 -
08:07:22 "POST /collect HTTP/1.1" 200 -
08:07:22 "POST /collect HTTP/1.1" 200 -
08:07:22 "POST /collect HTTP/1.1" 200 -
08:07:22 "POST /collect HTTP/1.1" 200 -
08:07:22 "POST /collect HTTP/1.1" 200 -
08:07:22 "POST /collect HTTP/1.1" 200 -
08:07:22 "POST /collect HTTP/1.1" 200 -
08:07:22 "POST /collect HTTP/1.1" 200 -
08:07:23 "POST /collect HTTP/1.1" 200 -
08:07:23 "POST /collect HTTP/1.1" 200 -
08:07:23 "POST /collect HTTP/1.1" 200 -
08:07:23 "POST /collect HTTP/1.1" 200 -
08:07:23 "POST /collect HTTP/1.1" 200 -
08:07:23 "POST /collect HTTP/1.1" 200 -
08:07:23 "POST /collect HTTP/1.1" 200 -
08:07:23 "POST /collect HTTP/1.1" 200 -
08:07:23 "POST /collect HTTP/1.1" 200 -
08:07:23 "POST /collect HTTP/1.1" 200 -
08:07:23 "POST /collect HTTP/1.1" 200 -
08:07:23 "POST /collect HTTP/1.1" 200 -
08:07:23 "POST /collect HTTP/1.1" 200 -
08:07:23 "GET /roster HTTP/1.1" 200 -
08:07:23 "POST /collect HTTP/1.1" 200 -
08:07:23 "POST /collect HTTP/1.1" 200 -
08:07:23 "POST /collect HTTP/1.1" 200 -
08:07:23 "POST /collect HTTP/1.1" 200 -
08:07:24 "POST /collect HTTP/1.1" 200 -
08:07:24 "POST /collect HTTP/1.1" 200 -
08:07:24 "GET /roster HTTP/1.1" 200 -
08:07:24 "POST /collect HTTP/1.1" 200 -
08:07:24 "POST /collect HTTP/1.1" 200 -
08:07:24 "POST /collect HTTP/1.1" 200 -
08:07:24 "POST /collect HTTP/1.1" 200 -
08:07:24 "POST /collect HTTP/1.1" 200 -
08:07:25 "GET /roster HTTP/1.1" 200 -
08:07:25 "POST /collect HTTP/1.1" 200 -
08:07:25 "POST /collect HTTP/1.1" 200 -
08:07:25 "POST /collect HTTP/1.1" 200 -
08:07:25 "POST /collect HTTP/1.1" 200 -
08:07:25 "POST /collect HTTP/1.1" 200 -
08:07:25 "POST /collect HTTP/1.1" 200 -
08:07:25 "POST /collect HTTP/1.1" 200 -
08:07:26 "POST /collect HTTP/1.1" 200 -
08:07:26 "POST /collect HTTP/1.1" 200 -
08:07:26 "POST /collect HTTP/1.1" 200 -
08:07:26 "POST /collect HTTP/1.1" 200 -
08:07:26 "POST /collect HTTP/1.1" 200 -
08:07:26 "POST /collect HTTP/1.1" 200 -
08:07:26 "POST /collect HTTP/1.1" 200 -
08:07:26 "POST /collect HTTP/1.1" 200 -
08:07:26 "POST /collect HTTP/1.1" 200 -
08:07:26 "POST /collect HTTP/1.1" 200 -
08:07:26 "POST /collect HTTP/1.1" 200 -
08:07:26 "POST /collect HTTP/1.1" 200 -
08:07:26 "POST /collect HTTP/1.1" 200 -
08:07:26 "GET /roster HTTP/1.1" 200 -
08:07:26 "POST /collect HTTP/1.1" 200 -
08:07:26 "POST /collect HTTP/1.1" 200 -
08:07:26 "POST /collect HTTP/1.1" 200 -
08:07:26 "POST /collect HTTP/1.1" 200 -
08:07:27 "POST /collect HTTP/1.1" 200 -
08:07:27 "POST /collect HTTP/1.1" 200 -
08:07:27 "POST /collect HTTP/1.1" 200 -
08:07:27 "GET /roster HTTP/1.1" 200 -
08:07:27 "POST /collect HTTP/1.1" 200 -
08:07:27 "POST /collect HTTP/1.1" 200 -
08:07:27 "POST /collect HTTP/1.1" 200 -
08:07:27 "POST /collect HTTP/1.1" 200 -
08:07:28 "GET /roster HTTP/1.1" 200 -
08:07:28 "POST /collect HTTP/1.1" 200 -
08:07:28 "POST /collect HTTP/1.1" 200 -
08:07:28 "POST /collect HTTP/1.1" 200 -
08:07:28 "POST /collect HTTP/1.1" 200 -
08:07:28 "POST /collect HTTP/1.1" 200 -
08:07:28 "POST /collect HTTP/1.1" 200 -
08:07:28 "POST /collect HTTP/1.1" 200 -
08:07:29 "POST /collect HTTP/1.1" 200 -
08:07:29 "POST /collect HTTP/1.1" 200 -
08:07:29 "POST /collect HTTP/1.1" 200 -
08:07:29 "POST /collect HTTP/1.1" 200 -
08:07:29 "POST /collect HTTP/1.1" 200 -
08:07:29 "POST /collect HTTP/1.1" 200 -
08:07:29 "POST /collect HTTP/1.1" 200 -
08:07:29 "POST /collect HTTP/1.1" 200 -
08:07:29 "POST /collect HTTP/1.1" 200 -
08:07:29 "POST /collect HTTP/1.1" 200 -
08:07:29 "POST /collect HTTP/1.1" 200 -
08:07:29 "POST /collect HTTP/1.1" 200 -
08:07:29 "POST /collect HTTP/1.1" 200 -
08:07:29 "GET /roster HTTP/1.1" 200 -
08:07:29 "POST /collect HTTP/1.1" 200 -
08:07:29 "POST /collect HTTP/1.1" 200 -
08:07:29 "POST /collect HTTP/1.1" 200 -
08:07:29 "POST /collect HTTP/1.1" 200 -
08:07:30 "POST /collect HTTP/1.1" 200 -
08:07:30 "POST /collect HTTP/1.1" 200 -
08:07:30 "GET /roster HTTP/1.1" 200 -
08:07:30 "POST /collect HTTP/1.1" 200 -
08:07:30 "POST /collect HTTP/1.1" 200 -
08:07:30 "POST /collect HTTP/1.1" 200 -
08:07:30 "POST /collect HTTP/1.1" 200 -
08:07:30 "POST /collect HTTP/1.1" 200 -
08:07:31 "GET /roster HTTP/1.1" 200 -
08:07:31 "POST /collect HTTP/1.1" 200 -
08:07:31 "POST /collect HTTP/1.1" 200 -
08:07:31 "POST /collect HTTP/1.1" 200 -
08:07:31 "POST /collect HTTP/1.1" 200 -
08:07:31 "POST /collect HTTP/1.1" 200 -
08:07:31 "POST /collect HTTP/1.1" 200 -
08:07:31 "POST /collect HTTP/1.1" 200 -
08:07:32 "POST /collect HTTP/1.1" 200 -
08:07:32 "POST /collect HTTP/1.1" 200 -
08:07:32 "POST /collect HTTP/1.1" 200 -
08:07:32 "POST /collect HTTP/1.1" 200 -
08:07:32 "POST /collect HTTP/1.1" 200 -
08:07:32 "POST /collect HTTP/1.1" 200 -
08:07:32 "POST /collect HTTP/1.1" 200 -
08:07:32 "POST /collect HTTP/1.1" 200 -
08:07:32 "POST /collect HTTP/1.1" 200 -
08:07:32 "POST /collect HTTP/1.1" 200 -
08:07:32 "POST /collect HTTP/1.1" 200 -
08:07:32 "POST /collect HTTP/1.1" 200 -
08:07:32 "POST /collect HTTP/1.1" 200 -
08:07:32 "GET /roster HTTP/1.1" 200 -
08:07:32 "POST /collect HTTP/1.1" 200 -
08:07:32 "POST /collect HTTP/1.1" 200 -
08:07:32 "POST /collect HTTP/1.1" 200 -
08:07:32 "POST /collect HTTP/1.1" 200 -
08:07:33 "POST /collect HTTP/1.1" 200 -
08:07:33 "POST /collect HTTP/1.1" 200 -
08:07:33 "POST /collect HTTP/1.1" 200 -
08:07:33 "GET /roster HTTP/1.1" 200 -
08:07:33 "POST /collect HTTP/1.1" 200 -
08:07:33 "POST /collect HTTP/1.1" 200 -
08:07:33 "POST /collect HTTP/1.1" 200 -
08:07:33 "POST /collect HTTP/1.1" 200 -
08:07:34 "GET /roster HTTP/1.1" 200 -
08:07:34 "POST /collect HTTP/1.1" 200 -
08:07:34 "POST /collect HTTP/1.1" 200 -
08:07:34 "POST /collect HTTP/1.1" 200 -
08:07:34 "POST /collect HTTP/1.1" 200 -
08:07:34 "POST /collect HTTP/1.1" 200 -
08:07:34 "POST /collect HTTP/1.1" 200 -
08:07:34 "POST /collect HTTP/1.1" 200 -
08:07:35 "POST /collect HTTP/1.1" 200 -
08:07:35 "POST /collect HTTP/1.1" 200 -
08:07:35 "POST /collect HTTP/1.1" 200 -
08:07:35 "POST /collect HTTP/1.1" 200 -
08:07:35 "POST /collect HTTP/1.1" 200 -
08:07:35 "POST /collect HTTP/1.1" 200 -
08:07:35 "POST /collect HTTP/1.1" 200 -
08:07:35 "POST /collect HTTP/1.1" 200 -
08:07:35 "POST /collect HTTP/1.1" 200 -
08:07:35 "POST /collect HTTP/1.1" 200 -
08:07:35 "POST /collect HTTP/1.1" 200 -
08:07:35 "POST /collect HTTP/1.1" 200 -
08:07:35 "POST /collect HTTP/1.1" 200 -
08:07:35 "GET /roster HTTP/1.1" 200 -
08:07:35 "POST /collect HTTP/1.1" 200 -
08:07:35 "POST /collect HTTP/1.1" 200 -
08:07:35 "POST /collect HTTP/1.1" 200 -
08:07:35 "POST /collect HTTP/1.1" 200 -
08:07:36 "POST /collect HTTP/1.1" 200 -
08:07:36 "POST /collect HTTP/1.1" 200 -
08:07:36 "GET /roster HTTP/1.1" 200 -
08:07:36 "POST /collect HTTP/1.1" 200 -
08:07:36 "POST /collect HTTP/1.1" 200 -
08:07:36 "POST /collect HTTP/1.1" 200 -
08:07:36 "POST /collect HTTP/1.1" 200 -
08:07:36 "POST /collect HTTP/1.1" 200 -
08:07:37 "GET /roster HTTP/1.1" 200 -
08:07:37 "POST /collect HTTP/1.1" 200 -
08:07:37 "POST /collect HTTP/1.1" 200 -
08:07:37 "POST /collect HTTP/1.1" 200 -
08:07:37 "POST /collect HTTP/1.1" 200 -
08:07:37 "POST /collect HTTP/1.1" 200 -
08:07:37 "POST /collect HTTP/1.1" 200 -
08:07:37 "POST /collect HTTP/1.1" 200 -
08:07:37 "POST /collect HTTP/1.1" 200 -
08:07:38 "POST /collect HTTP/1.1" 200 -
08:07:38 "POST /collect HTTP/1.1" 200 -
08:07:38 "POST /collect HTTP/1.1" 200 -
08:07:38 "POST /collect HTTP/1.1" 200 -
08:07:38 "POST /collect HTTP/1.1" 200 -
08:07:38 "POST /collect HTTP/1.1" 200 -
08:07:38 "POST /collect HTTP/1.1" 200 -
08:07:38 "POST /collect HTTP/1.1" 200 -
08:07:38 "POST /collect HTTP/1.1" 200 -
08:07:38 "POST /collect HTTP/1.1" 200 -
08:07:38 "POST /collect HTTP/1.1" 200 -
08:07:38 "POST /collect HTTP/1.1" 200 -
08:07:38 "POST /collect HTTP/1.1" 200 -
08:07:38 "GET /roster HTTP/1.1" 200 -
08:07:38 "POST /collect HTTP/1.1" 200 -
08:07:38 "POST /collect HTTP/1.1" 200 -
08:07:38 "POST /collect HTTP/1.1" 200 -
08:07:38 "POST /collect HTTP/1.1" 200 -
08:07:39 "POST /collect HTTP/1.1" 200 -
08:07:39 "POST /collect HTTP/1.1" 200 -
08:07:39 "POST /collect HTTP/1.1" 200 -
08:07:39 "GET /roster HTTP/1.1" 200 -
08:07:39 "POST /collect HTTP/1.1" 200 -
08:07:39 "POST /collect HTTP/1.1" 200 -
08:07:39 "POST /collect HTTP/1.1" 200 -
08:07:39 "POST /collect HTTP/1.1" 200 -
08:07:40 "GET /roster HTTP/1.1" 200 -
08:07:40 "POST /collect HTTP/1.1" 200 -
08:07:40 "POST /collect HTTP/1.1" 200 -
08:07:40 "POST /collect HTTP/1.1" 200 -
08:07:40 "POST /collect HTTP/1.1" 200 -
08:07:40 "POST /collect HTTP/1.1" 200 -
08:07:40 "POST /collect HTTP/1.1" 200 -
08:07:40 "POST /collect HTTP/1.1" 200 -
08:07:41 "POST /collect HTTP/1.1" 200 -
08:07:41 "POST /collect HTTP/1.1" 200 -
08:07:41 "POST /collect HTTP/1.1" 200 -
08:07:41 "POST /collect HTTP/1.1" 200 -
08:07:41 "POST /collect HTTP/1.1" 200 -
08:07:41 "POST /collect HTTP/1.1" 200 -
08:07:41 "POST /collect HTTP/1.1" 200 -
08:07:41 "POST /collect HTTP/1.1" 200 -
08:07:41 "POST /collect HTTP/1.1" 200 -
08:07:41 "POST /collect HTTP/1.1" 200 -
08:07:41 "POST /collect HTTP/1.1" 200 -
08:07:41 "POST /collect HTTP/1.1" 200 -
08:07:41 "POST /collect HTTP/1.1" 200 -
08:07:41 "GET /roster HTTP/1.1" 200 -
08:07:41 "POST /collect HTTP/1.1" 200 -
08:07:41 "POST /collect HTTP/1.1" 200 -
08:07:41 "POST /collect HTTP/1.1" 200 -
08:07:41 "POST /collect HTTP/1.1" 200 -
08:07:42 "POST /collect HTTP/1.1" 200 -
08:07:42 "POST /collect HTTP/1.1" 200 -
08:07:42 "GET /roster HTTP/1.1" 200 -
08:07:42 "POST /collect HTTP/1.1" 200 -
08:07:42 "POST /collect HTTP/1.1" 200 -
08:07:42 "POST /collect HTTP/1.1" 200 -
08:07:42 "POST /collect HTTP/1.1" 200 -
08:07:42 "POST /collect HTTP/1.1" 200 -
08:07:43 "GET /roster HTTP/1.1" 200 -
08:07:43 "POST /collect HTTP/1.1" 200 -
08:07:43 "POST /collect HTTP/1.1" 200 -
08:07:43 "POST /collect HTTP/1.1" 200 -
08:07:43 "POST /collect HTTP/1.1" 200 -
08:07:43 "POST /collect HTTP/1.1" 200 -
08:07:43 "POST /collect HTTP/1.1" 200 -
08:07:43 "POST /collect HTTP/1.1" 200 -
08:07:44 "POST /collect HTTP/1.1" 200 -
08:07:44 "POST /collect HTTP/1.1" 200 -
08:07:44 "POST /collect HTTP/1.1" 200 -
08:07:44 "POST /collect HTTP/1.1" 200 -
08:07:44 "POST /collect HTTP/1.1" 200 -
08:07:44 "POST /collect HTTP/1.1" 200 -
08:07:44 "POST /collect HTTP/1.1" 200 -
08:07:44 "POST /collect HTTP/1.1" 200 -
08:07:44 "POST /collect HTTP/1.1" 200 -
08:07:44 "POST /collect HTTP/1.1" 200 -
08:07:44 "POST /collect HTTP/1.1" 200 -
08:07:44 "POST /collect HTTP/1.1" 200 -
08:07:44 "POST /collect HTTP/1.1" 200 -
08:07:44 "GET /roster HTTP/1.1" 200 -
08:07:44 "POST /collect HTTP/1.1" 200 -
08:07:44 "POST /collect HTTP/1.1" 200 -
08:07:44 "POST /collect HTTP/1.1" 200 -
08:07:44 "POST /collect HTTP/1.1" 200 -
08:07:45 "POST /collect HTTP/1.1" 200 -
08:07:45 "POST /collect HTTP/1.1" 200 -
08:07:45 "POST /collect HTTP/1.1" 200 -
08:07:45 "GET /roster HTTP/1.1" 200 -
08:07:45 "POST /collect HTTP/1.1" 200 -
08:07:45 "POST /collect HTTP/1.1" 200 -
08:07:45 "POST /collect HTTP/1.1" 200 -
08:07:45 "POST /collect HTTP/1.1" 200 -
08:07:46 "GET /roster HTTP/1.1" 200 -
08:07:46 "POST /collect HTTP/1.1" 200 -
08:07:46 "POST /collect HTTP/1.1" 200 -
08:07:46 "POST /collect HTTP/1.1" 200 -
08:07:46 "POST /collect HTTP/1.1" 200 -
08:07:46 "POST /collect HTTP/1.1" 200 -
08:07:46 "POST /collect HTTP/1.1" 200 -
08:07:46 "POST /collect HTTP/1.1" 200 -
08:07:47 "POST /collect HTTP/1.1" 200 -
08:07:47 "POST /collect HTTP/1.1" 200 -
08:07:47 "POST /collect HTTP/1.1" 200 -
08:07:47 "POST /collect HTTP/1.1" 200 -
08:07:47 "POST /collect HTTP/1.1" 200 -
08:07:47 "POST /collect HTTP/1.1" 200 -
08:07:47 "POST /collect HTTP/1.1" 200 -
08:07:47 "POST /collect HTTP/1.1" 200 -
08:07:47 "POST /collect HTTP/1.1" 200 -
08:07:47 "POST /collect HTTP/1.1" 200 -
08:07:47 "POST /collect HTTP/1.1" 200 -
08:07:47 "POST /collect HTTP/1.1" 200 -
08:07:47 "POST /collect HTTP/1.1" 200 -
08:07:47 "GET /roster HTTP/1.1" 200 -
08:07:47 "POST /collect HTTP/1.1" 200 -
08:07:47 "POST /collect HTTP/1.1" 200 -
08:07:47 "POST /collect HTTP/1.1" 200 -
08:07:47 "POST /collect HTTP/1.1" 200 -
08:07:48 "POST /collect HTTP/1.1" 200 -
08:07:48 "POST /collect HTTP/1.1" 200 -
08:07:48 "GET /roster HTTP/1.1" 200 -
08:07:48 "POST /collect HTTP/1.1" 200 -
08:07:48 "POST /collect HTTP/1.1" 200 -
08:07:48 "POST /collect HTTP/1.1" 200 -
08:07:48 "POST /collect HTTP/1.1" 200 -
08:07:48 "POST /collect HTTP/1.1" 200 -
08:07:49 "GET /roster HTTP/1.1" 200 -
08:07:49 "POST /collect HTTP/1.1" 200 -
08:07:49 "POST /collect HTTP/1.1" 200 -
08:07:49 "POST /collect HTTP/1.1" 200 -
08:07:49 "POST /collect HTTP/1.1" 200 -
08:07:49 "POST /collect HTTP/1.1" 200 -
08:07:49 "POST /collect HTTP/1.1" 200 -
08:07:49 "POST /collect HTTP/1.1" 200 -
08:07:50 "POST /collect HTTP/1.1" 200 -
08:07:50 "POST /collect HTTP/1.1" 200 -
08:07:50 "POST /collect HTTP/1.1" 200 -
08:07:50 "POST /collect HTTP/1.1" 200 -
08:07:50 "POST /collect HTTP/1.1" 200 -
08:07:50 "POST /collect HTTP/1.1" 200 -
08:07:50 "POST /collect HTTP/1.1" 200 -
08:07:50 "POST /collect HTTP/1.1" 200 -
08:07:50 "POST /collect HTTP/1.1" 200 -
08:07:50 "POST /collect HTTP/1.1" 200 -
08:07:50 "POST /collect HTTP/1.1" 200 -
08:07:50 "POST /collect HTTP/1.1" 200 -
08:07:50 "POST /collect HTTP/1.1" 200 -
08:07:50 "GET /roster HTTP/1.1" 200 -
08:07:50 "POST /collect HTTP/1.1" 200 -
08:07:50 "POST /collect HTTP/1.1" 200 -
08:07:50 "POST /collect HTTP/1.1" 200 -
08:07:50 "POST /collect HTTP/1.1" 200 -
08:07:51 "POST /collect HTTP/1.1" 200 -
08:07:51 "POST /collect HTTP/1.1" 200 -
08:07:51 "POST /collect HTTP/1.1" 200 -
08:07:51 "GET /roster HTTP/1.1" 200 -
08:07:51 "POST /collect HTTP/1.1" 200 -
08:07:51 "POST /collect HTTP/1.1" 200 -
08:07:51 "POST /collect HTTP/1.1" 200 -
08:07:51 "POST /collect HTTP/1.1" 200 -
08:07:52 "GET /roster HTTP/1.1" 200 -
08:07:52 "POST /collect HTTP/1.1" 200 -
08:07:52 "POST /collect HTTP/1.1" 200 -
08:07:52 "POST /collect HTTP/1.1" 200 -
08:07:52 "POST /collect HTTP/1.1" 200 -
08:07:52 "POST /collect HTTP/1.1" 200 -
08:07:52 "POST /collect HTTP/1.1" 200 -
08:07:52 "POST /collect HTTP/1.1" 200 -
08:07:52 "POST /collect HTTP/1.1" 200 -
08:07:52 "POST /collect HTTP/1.1" 200 -
08:07:53 "POST /collect HTTP/1.1" 200 -
08:07:53 "POST /collect HTTP/1.1" 200 -
08:07:53 "POST /collect HTTP/1.1" 200 -
08:07:53 "POST /collect HTTP/1.1" 200 -
08:07:53 "POST /collect HTTP/1.1" 200 -
08:07:53 "POST /collect HTTP/1.1" 200 -
08:07:53 "POST /collect HTTP/1.1" 200 -
08:07:53 "POST /collect HTTP/1.1" 200 -
08:07:53 "POST /collect HTTP/1.1" 200 -
08:07:53 "POST /collect HTTP/1.1" 200 -
08:07:53 "POST /collect HTTP/1.1" 200 -
08:07:53 "POST /collect HTTP/1.1" 200 -
08:07:53 "POST /collect HTTP/1.1" 200 -
08:07:53 "GET /roster HTTP/1.1" 200 -
08:07:53 "POST /collect HTTP/1.1" 200 -
08:07:53 "POST /collect HTTP/1.1" 200 -
08:07:53 "POST /collect HTTP/1.1" 200 -
08:07:53 "POST /collect HTTP/1.1" 200 -
08:07:54 "POST /collect HTTP/1.1" 200 -
08:07:54 "POST /collect HTTP/1.1" 200 -
08:07:54 "GET /roster HTTP/1.1" 200 -
08:07:54 "POST /collect HTTP/1.1" 200 -
08:07:54 "POST /collect HTTP/1.1" 200 -
08:07:54 "POST /collect HTTP/1.1" 200 -
08:07:54 "POST /collect HTTP/1.1" 200 -
08:07:54 "POST /collect HTTP/1.1" 200 -
08:07:55 "GET /roster HTTP/1.1" 200 -
08:07:55 "POST /collect HTTP/1.1" 200 -
08:07:55 "POST /collect HTTP/1.1" 200 -
08:07:55 "POST /collect HTTP/1.1" 200 -
08:07:55 "POST /collect HTTP/1.1" 200 -
08:07:55 "POST /collect HTTP/1.1" 200 -
08:07:55 "POST /collect HTTP/1.1" 200 -
08:07:55 "POST /collect HTTP/1.1" 200 -
08:07:56 "POST /collect HTTP/1.1" 200 -
08:07:56 "POST /collect HTTP/1.1" 200 -
08:07:56 "POST /collect HTTP/1.1" 200 -
08:07:56 "POST /collect HTTP/1.1" 200 -
08:07:56 "POST /collect HTTP/1.1" 200 -
08:07:56 "POST /collect HTTP/1.1" 200 -
08:07:56 "POST /collect HTTP/1.1" 200 -
08:07:56 "POST /collect HTTP/1.1" 200 -
08:07:56 "POST /collect HTTP/1.1" 200 -
08:07:56 "POST /collect HTTP/1.1" 200 -
08:07:56 "POST /collect HTTP/1.1" 200 -
08:07:56 "POST /collect HTTP/1.1" 200 -
08:07:56 "POST /collect HTTP/1.1" 200 -
08:07:56 "GET /roster HTTP/1.1" 200 -
08:07:56 "POST /collect HTTP/1.1" 200 -
08:07:56 "POST /collect HTTP/1.1" 200 -
08:07:56 "POST /collect HTTP/1.1" 200 -
08:07:56 "POST /collect HTTP/1.1" 200 -
08:07:57 "POST /collect HTTP/1.1" 200 -
08:07:57 "POST /collect HTTP/1.1" 200 -
08:07:57 "POST /collect HTTP/1.1" 200 -
08:07:57 "GET /roster HTTP/1.1" 200 -
08:07:57 "POST /collect HTTP/1.1" 200 -
08:07:57 "POST /collect HTTP/1.1" 200 -
08:07:57 "POST /collect HTTP/1.1" 200 -
08:07:57 "POST /collect HTTP/1.1" 200 -
08:07:58 "GET /roster HTTP/1.1" 200 -
08:07:58 "POST /collect HTTP/1.1" 200 -
08:07:58 "POST /collect HTTP/1.1" 200 -
08:07:58 "POST /collect HTTP/1.1" 200 -
08:07:58 "POST /collect HTTP/1.1" 200 -
08:07:58 "POST /collect HTTP/1.1" 200 -
08:07:58 "POST /collect HTTP/1.1" 200 -
08:07:58 "POST /collect HTTP/1.1" 200 -
08:07:59 "POST /collect HTTP/1.1" 200 -
08:07:59 "POST /collect HTTP/1.1" 200 -
08:07:59 "POST /collect HTTP/1.1" 200 -
08:07:59 "POST /collect HTTP/1.1" 200 -
08:07:59 "POST /collect HTTP/1.1" 200 -
08:07:59 "POST /collect HTTP/1.1" 200 -
08:07:59 "POST /collect HTTP/1.1" 200 -
08:07:59 "POST /collect HTTP/1.1" 200 -
08:07:59 "POST /collect HTTP/1.1" 200 -
08:07:59 "POST /collect HTTP/1.1" 200 -
08:07:59 "POST /collect HTTP/1.1" 200 -
08:07:59 "POST /collect HTTP/1.1" 200 -
08:07:59 "POST /collect HTTP/1.1" 200 -
08:07:59 "GET /roster HTTP/1.1" 200 -
08:07:59 "POST /collect HTTP/1.1" 200 -
08:07:59 "POST /collect HTTP/1.1" 200 -
08:07:59 "POST /collect HTTP/1.1" 200 -
08:07:59 "POST /collect HTTP/1.1" 200 -
08:08:00 "POST /collect HTTP/1.1" 200 -
08:08:00 "POST /collect HTTP/1.1" 200 -
08:08:00 "GET /roster HTTP/1.1" 200 -
08:08:00 "POST /collect HTTP/1.1" 200 -
08:08:00 "POST /collect HTTP/1.1" 200 -
08:08:00 "POST /collect HTTP/1.1" 200 -
08:08:00 "POST /collect HTTP/1.1" 200 -
08:08:00 "POST /collect HTTP/1.1" 200 -
08:08:01 "GET /roster HTTP/1.1" 200 -
08:08:01 "POST /collect HTTP/1.1" 200 -
08:08:01 "POST /collect HTTP/1.1" 200 -
08:08:01 "POST /collect HTTP/1.1" 200 -
08:08:01 "POST /collect HTTP/1.1" 200 -
08:08:01 "POST /collect HTTP/1.1" 200 -
08:08:01 "POST /collect HTTP/1.1" 200 -
08:08:01 "POST /collect HTTP/1.1" 200 -
08:08:02 "POST /collect HTTP/1.1" 200 -
08:08:02 "POST /collect HTTP/1.1" 200 -
08:08:02 "POST /collect HTTP/1.1" 200 -
08:08:02 "POST /collect HTTP/1.1" 200 -
08:08:02 "POST /collect HTTP/1.1" 200 -
08:08:02 "POST /collect HTTP/1.1" 200 -
08:08:02 "POST /collect HTTP/1.1" 200 -
08:08:02 "POST /collect HTTP/1.1" 200 -
08:08:02 "POST /collect HTTP/1.1" 200 -
08:08:02 "POST /collect HTTP/1.1" 200 -
08:08:02 "POST /collect HTTP/1.1" 200 -
08:08:02 "POST /collect HTTP/1.1" 200 -
08:08:02 "POST /collect HTTP/1.1" 200 -
08:08:02 "GET /roster HTTP/1.1" 200 -
08:08:02 "POST /collect HTTP/1.1" 200 -
08:08:02 "POST /collect HTTP/1.1" 200 -
08:08:02 "POST /collect HTTP/1.1" 200 -
08:08:02 "POST /collect HTTP/1.1" 200 -
08:08:03 "POST /collect HTTP/1.1" 200 -
08:08:03 "POST /collect HTTP/1.1" 200 -
08:08:03 "POST /collect HTTP/1.1" 200 -
08:08:03 "GET /roster HTTP/1.1" 200 -
08:08:03 "POST /collect HTTP/1.1" 200 -
08:08:03 "POST /collect HTTP/1.1" 200 -
08:08:03 "POST /collect HTTP/1.1" 200 -
08:08:03 "POST /collect HTTP/1.1" 200 -
08:08:04 "GET /roster HTTP/1.1" 200 -
08:08:04 "POST /collect HTTP/1.1" 200 -
08:08:04 "POST /collect HTTP/1.1" 200 -
08:08:04 "POST /collect HTTP/1.1" 200 -
08:08:04 "POST /collect HTTP/1.1" 200 -
08:08:04 "POST /collect HTTP/1.1" 200 -
08:08:04 "POST /collect HTTP/1.1" 200 -
08:08:04 "POST /collect HTTP/1.1" 200 -
08:08:05 "POST /collect HTTP/1.1" 200 -
08:08:05 "POST /collect HTTP/1.1" 200 -
08:08:05 "POST /collect HTTP/1.1" 200 -
08:08:05 "POST /collect HTTP/1.1" 200 -
08:08:05 "POST /collect HTTP/1.1" 200 -
08:08:05 "POST /collect HTTP/1.1" 200 -
08:08:05 "POST /collect HTTP/1.1" 200 -
08:08:05 "POST /collect HTTP/1.1" 200 -
08:08:05 "POST /collect HTTP/1.1" 200 -
08:08:05 "POST /collect HTTP/1.1" 200 -
08:08:05 "POST /collect HTTP/1.1" 200 -
08:08:05 "POST /collect HTTP/1.1" 200 -
08:08:05 "POST /collect HTTP/1.1" 200 -
08:08:05 "GET /roster HTTP/1.1" 200 -
08:08:05 "POST /collect HTTP/1.1" 200 -
08:08:05 "POST /collect HTTP/1.1" 200 -
08:08:05 "POST /collect HTTP/1.1" 200 -
08:08:05 "POST /collect HTTP/1.1" 200 -
08:08:06 "POST /collect HTTP/1.1" 200 -
08:08:06 "POST /collect HTTP/1.1" 200 -
08:08:06 "GET /roster HTTP/1.1" 200 -
08:08:06 "POST /collect HTTP/1.1" 200 -
08:08:06 "POST /collect HTTP/1.1" 200 -
08:08:06 "POST /collect HTTP/1.1" 200 -
08:08:06 "POST /collect HTTP/1.1" 200 -
08:08:06 "POST /collect HTTP/1.1" 200 -
08:08:07 "GET /roster HTTP/1.1" 200 -
08:08:07 "POST /collect HTTP/1.1" 200 -
08:08:07 "POST /collect HTTP/1.1" 200 -
08:08:07 "POST /collect HTTP/1.1" 200 -
08:08:07 "POST /collect HTTP/1.1" 200 -
08:08:07 "POST /collect HTTP/1.1" 200 -
08:08:07 "POST /collect HTTP/1.1" 200 -
08:08:07 "POST /collect HTTP/1.1" 200 -
08:08:07 "POST /collect HTTP/1.1" 200 -
08:08:08 "POST /collect HTTP/1.1" 200 -
08:08:08 "POST /collect HTTP/1.1" 200 -
08:08:08 "POST /collect HTTP/1.1" 200 -
08:08:08 "POST /collect HTTP/1.1" 200 -
08:08:08 "POST /collect HTTP/1.1" 200 -
08:08:08 "POST /collect HTTP/1.1" 200 -
08:08:08 "POST /collect HTTP/1.1" 200 -
08:08:08 "POST /collect HTTP/1.1" 200 -
08:08:08 "POST /collect HTTP/1.1" 200 -
08:08:08 "POST /collect HTTP/1.1" 200 -
08:08:08 "POST /collect HTTP/1.1" 200 -
08:08:08 "POST /collect HTTP/1.1" 200 -
08:08:08 "POST /collect HTTP/1.1" 200 -
08:08:08 "GET /roster HTTP/1.1" 200 -
08:08:08 "POST /collect HTTP/1.1" 200 -
08:08:08 "POST /collect HTTP/1.1" 200 -
08:08:08 "POST /collect HTTP/1.1" 200 -
08:08:08 "POST /collect HTTP/1.1" 200 -
08:08:09 "POST /collect HTTP/1.1" 200 -
08:08:09 "POST /collect HTTP/1.1" 200 -
08:08:09 "POST /collect HTTP/1.1" 200 -
08:08:09 "GET /roster HTTP/1.1" 200 -
08:08:09 "POST /collect HTTP/1.1" 200 -
08:08:09 "POST /collect HTTP/1.1" 200 -
08:08:09 "POST /collect HTTP/1.1" 200 -
08:08:09 "POST /collect HTTP/1.1" 200 -
08:08:10 "GET /roster HTTP/1.1" 200 -
08:08:10 "POST /collect HTTP/1.1" 200 -
08:08:10 "POST /collect HTTP/1.1" 200 -
08:08:10 "POST /collect HTTP/1.1" 200 -
08:08:10 "POST /collect HTTP/1.1" 200 -
08:08:10 "POST /collect HTTP/1.1" 200 -
08:08:10 "POST /collect HTTP/1.1" 200 -
08:08:10 "POST /collect HTTP/1.1" 200 -
08:08:11 "POST /collect HTTP/1.1" 200 -
08:08:11 "POST /collect HTTP/1.1" 200 -
08:08:11 "POST /collect HTTP/1.1" 200 -
08:08:11 "POST /collect HTTP/1.1" 200 -
08:08:11 "POST /collect HTTP/1.1" 200 -
08:08:11 "POST /collect HTTP/1.1" 200 -
08:08:11 "POST /collect HTTP/1.1" 200 -
08:08:11 "POST /collect HTTP/1.1" 200 -
08:08:11 "POST /collect HTTP/1.1" 200 -
08:08:11 "POST /collect HTTP/1.1" 200 -
08:08:11 "POST /collect HTTP/1.1" 200 -
08:08:11 "POST /collect HTTP/1.1" 200 -
08:08:11 "POST /collect HTTP/1.1" 200 -
08:08:11 "GET /roster HTTP/1.1" 200 -
08:08:11 "POST /collect HTTP/1.1" 200 -
08:08:11 "POST /collect HTTP/1.1" 200 -
08:08:11 "POST /collect HTTP/1.1" 200 -
08:08:11 "POST /collect HTTP/1.1" 200 -
08:08:12 "POST /collect HTTP/1.1" 200 -
08:08:12 "POST /collect HTTP/1.1" 200 -
08:08:12 "GET /roster HTTP/1.1" 200 -
08:08:12 "POST /collect HTTP/1.1" 200 -
08:08:12 "POST /collect HTTP/1.1" 200 -
08:08:12 "POST /collect HTTP/1.1" 200 -
08:08:12 "POST /collect HTTP/1.1" 200 -
08:08:12 "POST /collect HTTP/1.1" 200 -
08:08:13 "GET /roster HTTP/1.1" 200 -
08:08:13 "POST /collect HTTP/1.1" 200 -
08:08:13 "POST /collect HTTP/1.1" 200 -
08:08:13 "POST /collect HTTP/1.1" 200 -
08:08:13 "POST /collect HTTP/1.1" 200 -
08:08:13 "POST /collect HTTP/1.1" 200 -
08:08:13 "POST /collect HTTP/1.1" 200 -
08:08:13 "POST /collect HTTP/1.1" 200 -
08:08:14 "POST /collect HTTP/1.1" 200 -
08:08:14 "POST /collect HTTP/1.1" 200 -
08:08:14 "POST /collect HTTP/1.1" 200 -
08:08:14 "POST /collect HTTP/1.1" 200 -
08:08:14 "POST /collect HTTP/1.1" 200 -
08:08:14 "POST /collect HTTP/1.1" 200 -
08:08:14 "POST /collect HTTP/1.1" 200 -
08:08:14 "POST /collect HTTP/1.1" 200 -
08:08:14 "POST /collect HTTP/1.1" 200 -
08:08:14 "POST /collect HTTP/1.1" 200 -
08:08:14 "POST /collect HTTP/1.1" 200 -
08:08:14 "POST /collect HTTP/1.1" 200 -
08:08:14 "POST /collect HTTP/1.1" 200 -
08:08:14 "GET /roster HTTP/1.1" 200 -
08:08:14 "POST /collect HTTP/1.1" 200 -
08:08:14 "POST /collect HTTP/1.1" 200 -
08:08:14 "POST /collect HTTP/1.1" 200 -
08:08:14 "POST /collect HTTP/1.1" 200 -
08:08:15 "POST /collect HTTP/1.1" 200 -
08:08:15 "POST /collect HTTP/1.1" 200 -
08:08:15 "POST /collect HTTP/1.1" 200 -
08:08:15 "GET /roster HTTP/1.1" 200 -
08:08:15 "POST /collect HTTP/1.1" 200 -
08:08:15 "POST /collect HTTP/1.1" 200 -
08:08:15 "POST /collect HTTP/1.1" 200 -
08:08:15 "POST /collect HTTP/1.1" 200 -
08:08:16 "GET /roster HTTP/1.1" 200 -
08:08:16 "POST /collect HTTP/1.1" 200 -
08:08:16 "POST /collect HTTP/1.1" 200 -
08:08:16 "POST /collect HTTP/1.1" 200 -
08:08:16 "POST /collect HTTP/1.1" 200 -
08:08:16 "POST /collect HTTP/1.1" 200 -
08:08:16 "POST /collect HTTP/1.1" 200 -
08:08:16 "POST /collect HTTP/1.1" 200 -
08:08:17 "POST /collect HTTP/1.1" 200 -
08:08:17 "POST /collect HTTP/1.1" 200 -
08:08:17 "POST /collect HTTP/1.1" 200 -
08:08:17 "POST /collect HTTP/1.1" 200 -
08:08:17 "POST /collect HTTP/1.1" 200 -
08:08:17 "POST /collect HTTP/1.1" 200 -
08:08:17 "POST /collect HTTP/1.1" 200 -
08:08:17 "POST /collect HTTP/1.1" 200 -
08:08:17 "POST /collect HTTP/1.1" 200 -
08:08:17 "POST /collect HTTP/1.1" 200 -
08:08:17 "POST /collect HTTP/1.1" 200 -
08:08:17 "POST /collect HTTP/1.1" 200 -
08:08:17 "POST /collect HTTP/1.1" 200 -
08:08:17 "GET /roster HTTP/1.1" 200 -
08:08:17 "POST /collect HTTP/1.1" 200 -
08:08:17 "POST /collect HTTP/1.1" 200 -
08:08:17 "POST /collect HTTP/1.1" 200 -
08:08:17 "POST /collect HTTP/1.1" 200 -
08:08:18 "POST /collect HTTP/1.1" 200 -
08:08:18 "POST /collect HTTP/1.1" 200 -
08:08:18 "GET /roster HTTP/1.1" 200 -
08:08:18 "POST /collect HTTP/1.1" 200 -
08:08:18 "POST /collect HTTP/1.1" 200 -
08:08:18 "POST /collect HTTP/1.1" 200 -
08:08:18 "POST /collect HTTP/1.1" 200 -
08:08:18 "POST /collect HTTP/1.1" 200 -
08:08:19 "GET /roster HTTP/1.1" 200 -
08:08:19 "POST /collect HTTP/1.1" 200 -
08:08:19 "POST /collect HTTP/1.1" 200 -
08:08:19 "POST /collect HTTP/1.1" 200 -
08:08:19 "POST /collect HTTP/1.1" 200 -
08:08:19 "POST /collect HTTP/1.1" 200 -
08:08:19 "POST /collect HTTP/1.1" 200 -
08:08:19 "POST /collect HTTP/1.1" 200 -
08:08:20 "POST /collect HTTP/1.1" 200 -
08:08:20 "POST /collect HTTP/1.1" 200 -
08:08:20 "POST /collect HTTP/1.1" 200 -
08:08:20 "POST /collect HTTP/1.1" 200 -
08:08:20 "POST /collect HTTP/1.1" 200 -
08:08:20 "POST /collect HTTP/1.1" 200 -
08:08:20 "POST /collect HTTP/1.1" 200 -
08:08:20 "POST /collect HTTP/1.1" 200 -
08:08:20 "POST /collect HTTP/1.1" 200 -
08:08:20 "POST /collect HTTP/1.1" 200 -
08:08:20 "POST /collect HTTP/1.1" 200 -
08:08:20 "POST /collect HTTP/1.1" 200 -
08:08:20 "POST /collect HTTP/1.1" 200 -
08:08:20 "GET /roster HTTP/1.1" 200 -
08:08:20 "POST /collect HTTP/1.1" 200 -
08:08:20 "POST /collect HTTP/1.1" 200 -
08:08:20 "POST /collect HTTP/1.1" 200 -
08:08:20 "POST /collect HTTP/1.1" 200 -
08:08:21 "POST /collect HTTP/1.1" 200 -
08:08:21 "POST /collect HTTP/1.1" 200 -
08:08:21 "POST /collect HTTP/1.1" 200 -
08:08:21 "GET /roster HTTP/1.1" 200 -
08:08:21 "POST /collect HTTP/1.1" 200 -
08:08:21 "POST /collect HTTP/1.1" 200 -
08:08:21 "POST /collect HTTP/1.1" 200 -
08:08:21 "POST /collect HTTP/1.1" 200 -
08:08:22 "GET /roster HTTP/1.1" 200 -
08:08:22 "POST /collect HTTP/1.1" 200 -
08:08:22 "POST /collect HTTP/1.1" 200 -
08:08:22 "POST /collect HTTP/1.1" 200 -
08:08:22 "POST /collect HTTP/1.1" 200 -
08:08:22 "POST /collect HTTP/1.1" 200 -
08:08:22 "POST /collect HTTP/1.1" 200 -
08:08:22 "POST /collect HTTP/1.1" 200 -
08:08:22 "POST /collect HTTP/1.1" 200 -
08:08:22 "POST /collect HTTP/1.1" 200 -
08:08:23 "POST /collect HTTP/1.1" 200 -
08:08:23 "POST /collect HTTP/1.1" 200 -
08:08:23 "POST /collect HTTP/1.1" 200 -
08:08:23 "POST /collect HTTP/1.1" 200 -
08:08:23 "POST /collect HTTP/1.1" 200 -
08:08:23 "POST /collect HTTP/1.1" 200 -
08:08:23 "POST /collect HTTP/1.1" 200 -
08:08:23 "POST /collect HTTP/1.1" 200 -
08:08:23 "POST /collect HTTP/1.1" 200 -
08:08:23 "POST /collect HTTP/1.1" 200 -
08:08:23 "POST /collect HTTP/1.1" 200 -
08:08:23 "POST /collect HTTP/1.1" 200 -
08:08:23 "POST /collect HTTP/1.1" 200 -
08:08:23 "GET /roster HTTP/1.1" 200 -
08:08:23 "POST /collect HTTP/1.1" 200 -
08:08:23 "POST /collect HTTP/1.1" 200 -
08:08:23 "POST /collect HTTP/1.1" 200 -
08:08:23 "POST /collect HTTP/1.1" 200 -
08:08:24 "POST /collect HTTP/1.1" 200 -
08:08:24 "POST /collect HTTP/1.1" 200 -
08:08:24 "GET /roster HTTP/1.1" 200 -
08:08:24 "POST /collect HTTP/1.1" 200 -
08:08:24 "POST /collect HTTP/1.1" 200 -
08:08:24 "POST /collect HTTP/1.1" 200 -
08:08:24 "POST /collect HTTP/1.1" 200 -
08:08:24 "POST /collect HTTP/1.1" 200 -
08:08:25 "GET /roster HTTP/1.1" 200 -
08:08:25 "POST /collect HTTP/1.1" 200 -
08:08:25 "POST /collect HTTP/1.1" 200 -
08:08:25 "POST /collect HTTP/1.1" 200 -
08:08:25 "POST /collect HTTP/1.1" 200 -
08:08:25 "POST /collect HTTP/1.1" 200 -
08:08:25 "POST /collect HTTP/1.1" 200 -
08:08:25 "POST /collect HTTP/1.1" 200 -
08:08:26 "POST /collect HTTP/1.1" 200 -
08:08:26 "POST /collect HTTP/1.1" 200 -
08:08:26 "POST /collect HTTP/1.1" 200 -
08:08:26 "POST /collect HTTP/1.1" 200 -
08:08:26 "POST /collect HTTP/1.1" 200 -
08:08:26 "POST /collect HTTP/1.1" 200 -
08:08:26 "POST /collect HTTP/1.1" 200 -
08:08:26 "POST /collect HTTP/1.1" 200 -
08:08:26 "POST /collect HTTP/1.1" 200 -
08:08:26 "POST /collect HTTP/1.1" 200 -
08:08:26 "POST /collect HTTP/1.1" 200 -
08:08:26 "POST /collect HTTP/1.1" 200 -
08:08:26 "POST /collect HTTP/1.1" 200 -
08:08:26 "GET /roster HTTP/1.1" 200 -
08:08:26 "POST /collect HTTP/1.1" 200 -
08:08:26 "POST /collect HTTP/1.1" 200 -
08:08:26 "POST /collect HTTP/1.1" 200 -
08:08:26 "POST /collect HTTP/1.1" 200 -
08:08:27 "POST /collect HTTP/1.1" 200 -
08:08:27 "POST /collect HTTP/1.1" 200 -
08:08:27 "POST /collect HTTP/1.1" 200 -
08:08:27 "GET /roster HTTP/1.1" 200 -
08:08:27 "POST /collect HTTP/1.1" 200 -
08:08:27 "POST /collect HTTP/1.1" 200 -
08:08:27 "POST /collect HTTP/1.1" 200 -
08:08:27 "POST /collect HTTP/1.1" 200 -
08:08:28 "GET /roster HTTP/1.1" 200 -
08:08:28 "POST /collect HTTP/1.1" 200 -
08:08:28 "POST /collect HTTP/1.1" 200 -
08:08:28 "POST /collect HTTP/1.1" 200 -
08:08:28 "POST /collect HTTP/1.1" 200 -
08:08:28 "POST /collect HTTP/1.1" 200 -
08:08:28 "POST /collect HTTP/1.1" 200 -
08:08:28 "POST /collect HTTP/1.1" 200 -
08:08:29 "POST /collect HTTP/1.1" 200 -
08:08:29 "POST /collect HTTP/1.1" 200 -
08:08:29 "POST /collect HTTP/1.1" 200 -
08:08:29 "POST /collect HTTP/1.1" 200 -
08:08:29 "POST /collect HTTP/1.1" 200 -
08:08:29 "POST /collect HTTP/1.1" 200 -
08:08:29 "POST /collect HTTP/1.1" 200 -
08:08:29 "POST /collect HTTP/1.1" 200 -
08:08:29 "POST /collect HTTP/1.1" 200 -
08:08:29 "POST /collect HTTP/1.1" 200 -
08:08:29 "POST /collect HTTP/1.1" 200 -
08:08:29 "POST /collect HTTP/1.1" 200 -
08:08:29 "POST /collect HTTP/1.1" 200 -
08:08:29 "GET /roster HTTP/1.1" 200 -
08:08:29 "POST /collect HTTP/1.1" 200 -
08:08:29 "POST /collect HTTP/1.1" 200 -
08:08:29 "POST /collect HTTP/1.1" 200 -
08:08:29 "POST /collect HTTP/1.1" 200 -
08:08:30 "POST /collect HTTP/1.1" 200 -
08:08:30 "POST /collect HTTP/1.1" 200 -
08:08:30 "GET /roster HTTP/1.1" 200 -
08:08:30 "POST /collect HTTP/1.1" 200 -
08:08:30 "POST /collect HTTP/1.1" 200 -
08:08:30 "POST /collect HTTP/1.1" 200 -
08:08:30 "POST /collect HTTP/1.1" 200 -
08:08:30 "POST /collect HTTP/1.1" 200 -
08:08:31 "GET /roster HTTP/1.1" 200 -
08:08:31 "POST /collect HTTP/1.1" 200 -
08:08:31 "POST /collect HTTP/1.1" 200 -
08:08:31 "POST /collect HTTP/1.1" 200 -
08:08:31 "POST /collect HTTP/1.1" 200 -
08:08:31 "POST /collect HTTP/1.1" 200 -
08:08:31 "POST /collect HTTP/1.1" 200 -
08:08:31 "POST /collect HTTP/1.1" 200 -
08:08:32 "POST /collect HTTP/1.1" 200 -
08:08:32 "POST /collect HTTP/1.1" 200 -
08:08:32 "POST /collect HTTP/1.1" 200 -
08:08:32 "POST /collect HTTP/1.1" 200 -
08:08:32 "POST /collect HTTP/1.1" 200 -
08:08:32 "POST /collect HTTP/1.1" 200 -
08:08:32 "POST /collect HTTP/1.1" 200 -
08:08:32 "POST /collect HTTP/1.1" 200 -
08:08:32 "POST /collect HTTP/1.1" 200 -
08:08:32 "POST /collect HTTP/1.1" 200 -
08:08:32 "POST /collect HTTP/1.1" 200 -
08:08:32 "POST /collect HTTP/1.1" 200 -
08:08:32 "POST /collect HTTP/1.1" 200 -
08:08:32 "GET /roster HTTP/1.1" 200 -
08:08:32 "POST /collect HTTP/1.1" 200 -
08:08:32 "POST /collect HTTP/1.1" 200 -
08:08:32 "POST /collect HTTP/1.1" 200 -
08:08:32 "POST /collect HTTP/1.1" 200 -
08:08:33 "POST /collect HTTP/1.1" 200 -
08:08:33 "POST /collect HTTP/1.1" 200 -
08:08:33 "POST /collect HTTP/1.1" 200 -
08:08:33 "GET /roster HTTP/1.1" 200 -
08:08:33 "POST /collect HTTP/1.1" 200 -
08:08:33 "POST /collect HTTP/1.1" 200 -
08:08:33 "POST /collect HTTP/1.1" 200 -
08:08:33 "POST /collect HTTP/1.1" 200 -
08:08:34 "GET /roster HTTP/1.1" 200 -
08:08:34 "POST /collect HTTP/1.1" 200 -
08:08:34 "POST /collect HTTP/1.1" 200 -
08:08:34 "POST /collect HTTP/1.1" 200 -
08:08:34 "POST /collect HTTP/1.1" 200 -
08:08:34 "POST /collect HTTP/1.1" 200 -
08:08:34 "POST /collect HTTP/1.1" 200 -
08:08:34 "POST /collect HTTP/1.1" 200 -
08:08:35 "POST /collect HTTP/1.1" 200 -
08:08:35 "POST /collect HTTP/1.1" 200 -
08:08:35 "POST /collect HTTP/1.1" 200 -
08:08:35 "POST /collect HTTP/1.1" 200 -
08:08:35 "POST /collect HTTP/1.1" 200 -
08:08:35 "POST /collect HTTP/1.1" 200 -
08:08:35 "POST /collect HTTP/1.1" 200 -
08:08:35 "POST /collect HTTP/1.1" 200 -
08:08:35 "POST /collect HTTP/1.1" 200 -
08:08:35 "POST /collect HTTP/1.1" 200 -
08:08:35 "POST /collect HTTP/1.1" 200 -
08:08:35 "POST /collect HTTP/1.1" 200 -
08:08:35 "POST /collect HTTP/1.1" 200 -
08:08:35 "GET /roster HTTP/1.1" 200 -
08:08:35 "POST /collect HTTP/1.1" 200 -
08:08:35 "POST /collect HTTP/1.1" 200 -
08:08:35 "POST /collect HTTP/1.1" 200 -
08:08:35 "POST /collect HTTP/1.1" 200 -
08:08:36 "POST /collect HTTP/1.1" 200 -
08:08:36 "POST /collect HTTP/1.1" 200 -
08:08:36 "POST /collect HTTP/1.1" 200 -
08:08:36 "GET /roster HTTP/1.1" 200 -
08:08:36 "POST /collect HTTP/1.1" 200 -
08:08:36 "POST /collect HTTP/1.1" 200 -
08:08:36 "POST /collect HTTP/1.1" 200 -
08:08:36 "POST /collect HTTP/1.1" 200 -
08:08:37 "GET /roster HTTP/1.1" 200 -
08:08:37 "POST /collect HTTP/1.1" 200 -
08:08:37 "POST /collect HTTP/1.1" 200 -
08:08:37 "POST /collect HTTP/1.1" 200 -
08:08:37 "POST /collect HTTP/1.1" 200 -
08:08:37 "POST /collect HTTP/1.1" 200 -
08:08:37 "POST /collect HTTP/1.1" 200 -
08:08:37 "POST /collect HTTP/1.1" 200 -
08:08:38 "POST /collect HTTP/1.1" 200 -
08:08:38 "POST /collect HTTP/1.1" 200 -
08:08:38 "POST /collect HTTP/1.1" 200 -
08:08:38 "POST /collect HTTP/1.1" 200 -
08:08:38 "POST /collect HTTP/1.1" 200 -
08:08:38 "POST /collect HTTP/1.1" 200 -
08:08:38 "POST /collect HTTP/1.1" 200 -
08:08:38 "POST /collect HTTP/1.1" 200 -
08:08:38 "POST /collect HTTP/1.1" 200 -
08:08:38 "POST /collect HTTP/1.1" 200 -
08:08:38 "POST /collect HTTP/1.1" 200 -
08:08:38 "POST /collect HTTP/1.1" 200 -
08:08:38 "POST /collect HTTP/1.1" 200 -
08:08:38 "POST /collect HTTP/1.1" 200 -
08:08:38 "GET /roster HTTP/1.1" 200 -
08:08:38 "POST /collect HTTP/1.1" 200 -
08:08:38 "POST /collect HTTP/1.1" 200 -
08:08:38 "POST /collect HTTP/1.1" 200 -
08:08:38 "POST /collect HTTP/1.1" 200 -
08:08:39 "POST /collect HTTP/1.1" 200 -
08:08:39 "POST /collect HTTP/1.1" 200 -
08:08:39 "POST /collect HTTP/1.1" 200 -
08:08:39 "GET /roster HTTP/1.1" 200 -
08:08:39 "POST /collect HTTP/1.1" 200 -
08:08:39 "POST /collect HTTP/1.1" 200 -
08:08:39 "POST /collect HTTP/1.1" 200 -
08:08:39 "POST /collect HTTP/1.1" 200 -
08:08:40 "GET /roster HTTP/1.1" 200 -
08:08:40 "POST /collect HTTP/1.1" 200 -
08:08:40 "POST /collect HTTP/1.1" 200 -
08:08:40 "POST /collect HTTP/1.1" 200 -
08:08:40 "POST /collect HTTP/1.1" 200 -
08:08:40 "POST /collect HTTP/1.1" 200 -
08:08:40 "POST /collect HTTP/1.1" 200 -
08:08:40 "POST /collect HTTP/1.1" 200 -
08:08:41 "POST /collect HTTP/1.1" 200 -
08:08:41 "POST /collect HTTP/1.1" 200 -
08:08:41 "POST /collect HTTP/1.1" 200 -
08:08:41 "POST /collect HTTP/1.1" 200 -
08:08:41 "POST /collect HTTP/1.1" 200 -
08:08:41 "POST /collect HTTP/1.1" 200 -
08:08:41 "POST /collect HTTP/1.1" 200 -
08:08:41 "POST /collect HTTP/1.1" 200 -
08:08:41 "POST /collect HTTP/1.1" 200 -
08:08:41 "POST /collect HTTP/1.1" 200 -
08:08:41 "POST /collect HTTP/1.1" 200 -
08:08:41 "POST /collect HTTP/1.1" 200 -
08:08:41 "POST /collect HTTP/1.1" 200 -
08:08:41 "GET /roster HTTP/1.1" 200 -
08:08:41 "POST /collect HTTP/1.1" 200 -
08:08:41 "POST /collect HTTP/1.1" 200 -
08:08:41 "POST /collect HTTP/1.1" 200 -
08:08:41 "POST /collect HTTP/1.1" 200 -
08:08:42 "POST /collect HTTP/1.1" 200 -
08:08:42 "POST /collect HTTP/1.1" 200 -
08:08:42 "GET /roster HTTP/1.1" 200 -
08:08:42 "POST /collect HTTP/1.1" 200 -
08:08:42 "POST /collect HTTP/1.1" 200 -
08:08:42 "POST /collect HTTP/1.1" 200 -
08:08:42 "POST /collect HTTP/1.1" 200 -
08:08:42 "POST /collect HTTP/1.1" 200 -
08:08:43 "GET /roster HTTP/1.1" 200 -
08:08:43 "POST /collect HTTP/1.1" 200 -
08:08:43 "POST /collect HTTP/1.1" 200 -
08:08:43 "POST /collect HTTP/1.1" 200 -
08:08:43 "POST /collect HTTP/1.1" 200 -
08:08:43 "POST /collect HTTP/1.1" 200 -
08:08:43 "POST /collect HTTP/1.1" 200 -
08:08:43 "POST /collect HTTP/1.1" 200 -
08:08:44 "POST /collect HTTP/1.1" 200 -
08:08:44 "POST /collect HTTP/1.1" 200 -
08:08:44 "POST /collect HTTP/1.1" 200 -
08:08:44 "POST /collect HTTP/1.1" 200 -
08:08:44 "POST /collect HTTP/1.1" 200 -
08:08:44 "POST /collect HTTP/1.1" 200 -
08:08:44 "POST /collect HTTP/1.1" 200 -
08:08:44 "POST /collect HTTP/1.1" 200 -
08:08:44 "POST /collect HTTP/1.1" 200 -
08:08:44 "POST /collect HTTP/1.1" 200 -
08:08:44 "POST /collect HTTP/1.1" 200 -
08:08:44 "POST /collect HTTP/1.1" 200 -
08:08:44 "POST /collect HTTP/1.1" 200 -
08:08:44 "GET /roster HTTP/1.1" 200 -
08:08:44 "POST /collect HTTP/1.1" 200 -
08:08:44 "POST /collect HTTP/1.1" 200 -
08:08:44 "POST /collect HTTP/1.1" 200 -
08:08:44 "POST /collect HTTP/1.1" 200 -
08:08:45 "POST /collect HTTP/1.1" 200 -
08:08:45 "POST /collect HTTP/1.1" 200 -
08:08:45 "POST /collect HTTP/1.1" 200 -
08:08:45 "GET /roster HTTP/1.1" 200 -
08:08:45 "POST /collect HTTP/1.1" 200 -
08:08:45 "POST /collect HTTP/1.1" 200 -
08:08:45 "POST /collect HTTP/1.1" 200 -
08:08:45 "POST /collect HTTP/1.1" 200 -
08:08:46 "GET /roster HTTP/1.1" 200 -
08:08:46 "POST /collect HTTP/1.1" 200 -
08:08:46 "POST /collect HTTP/1.1" 200 -
08:08:46 "POST /collect HTTP/1.1" 200 -
08:08:46 "POST /collect HTTP/1.1" 200 -
08:08:46 "POST /collect HTTP/1.1" 200 -
08:08:46 "POST /collect HTTP/1.1" 200 -
08:08:46 "POST /collect HTTP/1.1" 200 -
08:08:47 "POST /collect HTTP/1.1" 200 -
08:08:47 "POST /collect HTTP/1.1" 200 -
08:08:47 "POST /collect HTTP/1.1" 200 -
08:08:47 "POST /collect HTTP/1.1" 200 -
08:08:47 "POST /collect HTTP/1.1" 200 -
08:08:47 "POST /collect HTTP/1.1" 200 -
08:08:47 "POST /collect HTTP/1.1" 200 -
08:08:47 "POST /collect HTTP/1.1" 200 -
08:08:47 "POST /collect HTTP/1.1" 200 -
08:08:47 "POST /collect HTTP/1.1" 200 -
08:08:47 "POST /collect HTTP/1.1" 200 -
08:08:47 "POST /collect HTTP/1.1" 200 -
08:08:47 "POST /collect HTTP/1.1" 200 -
08:08:47 "GET /roster HTTP/1.1" 200 -
08:08:47 "POST /collect HTTP/1.1" 200 -
08:08:47 "POST /collect HTTP/1.1" 200 -
08:08:47 "POST /collect HTTP/1.1" 200 -
08:08:47 "POST /collect HTTP/1.1" 200 -
08:08:48 "POST /collect HTTP/1.1" 200 -
08:08:48 "POST /collect HTTP/1.1" 200 -
08:08:48 "POST /collect HTTP/1.1" 200 -
08:08:48 "GET /roster HTTP/1.1" 200 -
08:08:48 "POST /collect HTTP/1.1" 200 -
08:08:48 "POST /collect HTTP/1.1" 200 -
08:08:48 "POST /collect HTTP/1.1" 200 -
08:08:48 "POST /collect HTTP/1.1" 200 -
08:08:49 "GET /roster HTTP/1.1" 200 -
08:08:49 "POST /collect HTTP/1.1" 200 -
08:08:49 "POST /collect HTTP/1.1" 200 -
08:08:49 "POST /collect HTTP/1.1" 200 -
08:08:49 "POST /collect HTTP/1.1" 200 -
08:08:49 "POST /collect HTTP/1.1" 200 -
08:08:49 "POST /collect HTTP/1.1" 200 -
08:08:49 "POST /collect HTTP/1.1" 200 -
08:08:50 "POST /collect HTTP/1.1" 200 -
08:08:50 "POST /collect HTTP/1.1" 200 -
08:08:50 "POST /collect HTTP/1.1" 200 -
08:08:50 "POST /collect HTTP/1.1" 200 -
08:08:50 "POST /collect HTTP/1.1" 200 -
08:08:50 "POST /collect HTTP/1.1" 200 -
08:08:50 "POST /collect HTTP/1.1" 200 -
08:08:50 "POST /collect HTTP/1.1" 200 -
08:08:50 "POST /collect HTTP/1.1" 200 -
08:08:50 "POST /collect HTTP/1.1" 200 -
08:08:50 "POST /collect HTTP/1.1" 200 -
08:08:50 "POST /collect HTTP/1.1" 200 -
08:08:50 "POST /collect HTTP/1.1" 200 -
08:08:50 "GET /roster HTTP/1.1" 200 -
08:08:50 "POST /collect HTTP/1.1" 200 -
08:08:50 "POST /collect HTTP/1.1" 200 -
08:08:50 "POST /collect HTTP/1.1" 200 -
08:08:50 "POST /collect HTTP/1.1" 200 -
08:08:51 "POST /collect HTTP/1.1" 200 -
08:08:51 "POST /collect HTTP/1.1" 200 -
08:08:51 "POST /collect HTTP/1.1" 200 -
08:08:51 "GET /roster HTTP/1.1" 200 -
08:08:51 "POST /collect HTTP/1.1" 200 -
08:08:51 "POST /collect HTTP/1.1" 200 -
08:08:51 "POST /collect HTTP/1.1" 200 -
08:08:51 "POST /collect HTTP/1.1" 200 -
08:08:52 "GET /roster HTTP/1.1" 200 -
08:08:52 "POST /collect HTTP/1.1" 200 -
08:08:52 "POST /collect HTTP/1.1" 200 -
08:08:52 "POST /collect HTTP/1.1" 200 -
08:08:52 "POST /collect HTTP/1.1" 200 -
08:08:52 "POST /collect HTTP/1.1" 200 -
08:08:52 "POST /collect HTTP/1.1" 200 -
08:08:52 "POST /collect HTTP/1.1" 200 -
08:08:53 "POST /collect HTTP/1.1" 200 -
08:08:53 "POST /collect HTTP/1.1" 200 -
08:08:53 "POST /collect HTTP/1.1" 200 -
08:08:53 "POST /collect HTTP/1.1" 200 -
08:08:53 "POST /collect HTTP/1.1" 200 -
08:08:53 "POST /collect HTTP/1.1" 200 -
08:08:53 "POST /collect HTTP/1.1" 200 -
08:08:53 "POST /collect HTTP/1.1" 200 -
08:08:53 "POST /collect HTTP/1.1" 200 -
08:08:53 "POST /collect HTTP/1.1" 200 -
08:08:53 "POST /collect HTTP/1.1" 200 -
08:08:53 "POST /collect HTTP/1.1" 200 -
08:08:53 "POST /collect HTTP/1.1" 200 -
08:08:53 "GET /roster HTTP/1.1" 200 -
08:08:53 "POST /collect HTTP/1.1" 200 -
08:08:53 "POST /collect HTTP/1.1" 200 -
08:08:53 "POST /collect HTTP/1.1" 200 -
08:08:53 "POST /collect HTTP/1.1" 200 -
08:08:53 "POST /collect HTTP/1.1" 200 -
08:08:53 "POST /collect HTTP/1.1" 200 -
08:08:54 "POST /collect HTTP/1.1" 200 -
08:08:54 "POST /collect HTTP/1.1" 200 -
08:08:54 "POST /collect HTTP/1.1" 200 -
08:08:54 "GET /roster HTTP/1.1" 200 -
08:08:54 "POST /collect HTTP/1.1" 200 -
08:08:54 "POST /collect HTTP/1.1" 200 -
08:08:54 "POST /collect HTTP/1.1" 200 -
08:08:54 "POST /collect HTTP/1.1" 200 -
08:08:55 "GET /roster HTTP/1.1" 200 -
08:08:55 "POST /collect HTTP/1.1" 200 -
08:08:55 "POST /collect HTTP/1.1" 200 -
08:08:55 "POST /collect HTTP/1.1" 200 -
08:08:55 "POST /collect HTTP/1.1" 200 -
08:08:55 "POST /collect HTTP/1.1" 200 -
08:08:55 "POST /collect HTTP/1.1" 200 -
08:08:55 "POST /collect HTTP/1.1" 200 -
08:08:56 "POST /collect HTTP/1.1" 200 -
08:08:56 "POST /collect HTTP/1.1" 200 -
08:08:56 "POST /collect HTTP/1.1" 200 -
08:08:56 "POST /collect HTTP/1.1" 200 -
08:08:56 "POST /collect HTTP/1.1" 200 -
08:08:56 "POST /collect HTTP/1.1" 200 -
08:08:56 "POST /collect HTTP/1.1" 200 -
08:08:56 "POST /collect HTTP/1.1" 200 -
08:08:56 "POST /collect HTTP/1.1" 200 -
08:08:56 "POST /collect HTTP/1.1" 200 -
08:08:56 "POST /collect HTTP/1.1" 200 -
08:08:56 "POST /collect HTTP/1.1" 200 -
08:08:56 "POST /collect HTTP/1.1" 200 -
08:08:56 "GET /roster HTTP/1.1" 200 -
08:08:56 "POST /collect HTTP/1.1" 200 -
08:08:56 "POST /collect HTTP/1.1" 200 -
08:08:56 "POST /collect HTTP/1.1" 200 -
08:08:56 "POST /collect HTTP/1.1" 200 -
08:08:57 "POST /collect HTTP/1.1" 200 -
08:08:57 "POST /collect HTTP/1.1" 200 -
08:08:57 "POST /collect HTTP/1.1" 200 -
08:08:57 "GET /roster HTTP/1.1" 200 -
08:08:57 "POST /collect HTTP/1.1" 200 -
08:08:57 "POST /collect HTTP/1.1" 200 -
08:08:57 "POST /collect HTTP/1.1" 200 -
08:08:57 "POST /collect HTTP/1.1" 200 -
08:08:58 "GET /roster HTTP/1.1" 200 -
08:08:58 "POST /collect HTTP/1.1" 200 -
08:08:58 "POST /collect HTTP/1.1" 200 -
08:08:58 "POST /collect HTTP/1.1" 200 -
08:08:58 "POST /collect HTTP/1.1" 200 -
08:08:58 "POST /collect HTTP/1.1" 200 -
08:08:58 "POST /collect HTTP/1.1" 200 -
08:08:58 "POST /collect HTTP/1.1" 200 -
08:08:59 "POST /collect HTTP/1.1" 200 -
08:08:59 "POST /collect HTTP/1.1" 200 -
08:08:59 "POST /collect HTTP/1.1" 200 -
08:08:59 "POST /collect HTTP/1.1" 200 -
08:08:59 "POST /collect HTTP/1.1" 200 -
08:08:59 "POST /collect HTTP/1.1" 200 -
08:08:59 "POST /collect HTTP/1.1" 200 -
08:08:59 "POST /collect HTTP/1.1" 200 -
08:08:59 "POST /collect HTTP/1.1" 200 -
08:08:59 "POST /collect HTTP/1.1" 200 -
08:08:59 "POST /collect HTTP/1.1" 200 -
08:08:59 "POST /collect HTTP/1.1" 200 -
08:08:59 "POST /collect HTTP/1.1" 200 -
08:08:59 "GET /roster HTTP/1.1" 200 -
08:08:59 "POST /collect HTTP/1.1" 200 -
08:08:59 "POST /collect HTTP/1.1" 200 -
08:08:59 "POST /collect HTTP/1.1" 200 -
08:08:59 "POST /collect HTTP/1.1" 200 -
08:09:00 "POST /collect HTTP/1.1" 200 -
08:09:00 "POST /collect HTTP/1.1" 200 -
08:09:00 "GET /roster HTTP/1.1" 200 -
08:09:00 "POST /collect HTTP/1.1" 200 -
08:09:00 "POST /collect HTTP/1.1" 200 -
08:09:00 "POST /collect HTTP/1.1" 200 -
08:09:00 "POST /collect HTTP/1.1" 200 -
08:09:00 "POST /collect HTTP/1.1" 200 -
08:09:01 "GET /roster HTTP/1.1" 200 -
08:09:01 "POST /collect HTTP/1.1" 200 -
08:09:01 "POST /collect HTTP/1.1" 200 -
08:09:01 "POST /collect HTTP/1.1" 200 -
08:09:01 "POST /collect HTTP/1.1" 200 -
08:09:01 "POST /collect HTTP/1.1" 200 -
08:09:01 "POST /collect HTTP/1.1" 200 -
08:09:01 "POST /collect HTTP/1.1" 200 -
08:09:02 "POST /collect HTTP/1.1" 200 -
08:09:02 "POST /collect HTTP/1.1" 200 -
08:09:02 "POST /collect HTTP/1.1" 200 -
08:09:02 "POST /collect HTTP/1.1" 200 -
08:09:02 "POST /collect HTTP/1.1" 200 -
08:09:02 "POST /collect HTTP/1.1" 200 -
08:09:02 "POST /collect HTTP/1.1" 200 -
08:09:02 "POST /collect HTTP/1.1" 200 -
08:09:02 "POST /collect HTTP/1.1" 200 -
08:09:02 "POST /collect HTTP/1.1" 200 -
08:09:02 "POST /collect HTTP/1.1" 200 -
08:09:02 "POST /collect HTTP/1.1" 200 -
08:09:02 "POST /collect HTTP/1.1" 200 -
08:09:02 "GET /roster HTTP/1.1" 200 -
08:09:02 "POST /collect HTTP/1.1" 200 -
08:09:02 "POST /collect HTTP/1.1" 200 -
08:09:02 "POST /collect HTTP/1.1" 200 -
08:09:02 "POST /collect HTTP/1.1" 200 -
08:09:03 "POST /collect HTTP/1.1" 200 -
08:09:03 "POST /collect HTTP/1.1" 200 -
08:09:03 "POST /collect HTTP/1.1" 200 -
08:09:03 "GET /roster HTTP/1.1" 200 -
08:09:03 "POST /collect HTTP/1.1" 200 -
08:09:03 "POST /collect HTTP/1.1" 200 -
08:09:03 "POST /collect HTTP/1.1" 200 -
08:09:03 "POST /collect HTTP/1.1" 200 -
08:09:04 "GET /roster HTTP/1.1" 200 -
08:09:04 "POST /collect HTTP/1.1" 200 -
08:09:04 "POST /collect HTTP/1.1" 200 -
08:09:04 "POST /collect HTTP/1.1" 200 -
08:09:04 "POST /collect HTTP/1.1" 200 -
08:09:04 "POST /collect HTTP/1.1" 200 -
08:09:04 "POST /collect HTTP/1.1" 200 -
08:09:04 "POST /collect HTTP/1.1" 200 -
08:09:05 "POST /collect HTTP/1.1" 200 -
08:09:05 "POST /collect HTTP/1.1" 200 -
08:09:05 "POST /collect HTTP/1.1" 200 -
08:09:05 "POST /collect HTTP/1.1" 200 -
08:09:05 "POST /collect HTTP/1.1" 200 -
08:09:05 "POST /collect HTTP/1.1" 200 -
08:09:05 "POST /collect HTTP/1.1" 200 -
08:09:05 "POST /collect HTTP/1.1" 200 -
08:09:05 "POST /collect HTTP/1.1" 200 -
08:09:05 "POST /collect HTTP/1.1" 200 -
08:09:05 "POST /collect HTTP/1.1" 200 -
08:09:05 "POST /collect HTTP/1.1" 200 -
08:09:05 "POST /collect HTTP/1.1" 200 -
08:09:05 "GET /roster HTTP/1.1" 200 -
08:09:05 "POST /collect HTTP/1.1" 200 -
08:09:05 "POST /collect HTTP/1.1" 200 -
08:09:05 "POST /collect HTTP/1.1" 200 -
08:09:05 "POST /collect HTTP/1.1" 200 -
08:09:06 "POST /collect HTTP/1.1" 200 -
08:09:06 "POST /collect HTTP/1.1" 200 -
08:09:06 "GET /roster HTTP/1.1" 200 -
08:09:06 "POST /collect HTTP/1.1" 200 -
08:09:06 "POST /collect HTTP/1.1" 200 -
08:09:06 "POST /collect HTTP/1.1" 200 -
08:09:06 "POST /collect HTTP/1.1" 200 -
08:09:06 "POST /collect HTTP/1.1" 200 -
08:09:07 "GET /roster HTTP/1.1" 200 -
08:09:07 "POST /collect HTTP/1.1" 200 -
08:09:07 "POST /collect HTTP/1.1" 200 -
08:09:07 "POST /collect HTTP/1.1" 200 -
08:09:07 "POST /collect HTTP/1.1" 200 -
08:09:07 "POST /collect HTTP/1.1" 200 -
08:09:07 "POST /collect HTTP/1.1" 200 -
08:09:07 "POST /collect HTTP/1.1" 200 -
08:09:08 "POST /collect HTTP/1.1" 200 -
08:09:08 "POST /collect HTTP/1.1" 200 -
08:09:08 "POST /collect HTTP/1.1" 200 -
08:09:08 "POST /collect HTTP/1.1" 200 -
08:09:08 "POST /collect HTTP/1.1" 200 -
08:09:08 "POST /collect HTTP/1.1" 200 -
08:09:08 "POST /collect HTTP/1.1" 200 -
08:09:08 "POST /collect HTTP/1.1" 200 -
08:09:08 "POST /collect HTTP/1.1" 200 -
08:09:08 "POST /collect HTTP/1.1" 200 -
08:09:08 "POST /collect HTTP/1.1" 200 -
08:09:08 "POST /collect HTTP/1.1" 200 -
08:09:08 "POST /collect HTTP/1.1" 200 -
08:09:08 "GET /roster HTTP/1.1" 200 -
08:09:08 "POST /collect HTTP/1.1" 200 -
08:09:08 "POST /collect HTTP/1.1" 200 -
08:09:08 "POST /collect HTTP/1.1" 200 -
08:09:08 "POST /collect HTTP/1.1" 200 -
08:09:08 "POST /collect HTTP/1.1" 200 -
08:09:09 "POST /collect HTTP/1.1" 200 -
08:09:09 "POST /collect HTTP/1.1" 200 -
08:09:09 "POST /collect HTTP/1.1" 200 -
08:09:09 "GET /roster HTTP/1.1" 200 -
08:09:09 "POST /collect HTTP/1.1" 200 -
08:09:09 "POST /collect HTTP/1.1" 200 -
08:09:09 "POST /collect HTTP/1.1" 200 -
08:09:09 "POST /collect HTTP/1.1" 200 -
08:09:10 "GET /roster HTTP/1.1" 200 -
08:09:10 "POST /collect HTTP/1.1" 200 -
08:09:10 "POST /collect HTTP/1.1" 200 -
08:09:10 "POST /collect HTTP/1.1" 200 -
08:09:10 "POST /collect HTTP/1.1" 200 -
08:09:10 "POST /collect HTTP/1.1" 200 -
08:09:10 "POST /collect HTTP/1.1" 200 -
08:09:10 "POST /collect HTTP/1.1" 200 -
08:09:11 "POST /collect HTTP/1.1" 200 -
08:09:11 "POST /collect HTTP/1.1" 200 -
08:09:11 "POST /collect HTTP/1.1" 200 -
08:09:11 "POST /collect HTTP/1.1" 200 -
08:09:11 "POST /collect HTTP/1.1" 200 -
08:09:11 "POST /collect HTTP/1.1" 200 -
08:09:11 "POST /collect HTTP/1.1" 200 -
08:09:11 "POST /collect HTTP/1.1" 200 -
08:09:11 "POST /collect HTTP/1.1" 200 -
08:09:11 "POST /collect HTTP/1.1" 200 -
08:09:11 "POST /collect HTTP/1.1" 200 -
08:09:11 "POST /collect HTTP/1.1" 200 -
08:09:11 "POST /collect HTTP/1.1" 200 -
08:09:11 "GET /roster HTTP/1.1" 200 -
08:09:11 "POST /collect HTTP/1.1" 200 -
08:09:11 "POST /collect HTTP/1.1" 200 -
08:09:11 "POST /collect HTTP/1.1" 200 -
08:09:11 "POST /collect HTTP/1.1" 200 -
08:09:12 "POST /collect HTTP/1.1" 200 -
08:09:12 "POST /collect HTTP/1.1" 200 -
08:09:12 "GET /roster HTTP/1.1" 200 -
08:09:12 "POST /collect HTTP/1.1" 200 -
08:09:12 "POST /collect HTTP/1.1" 200 -
08:09:12 "POST /collect HTTP/1.1" 200 -
08:09:12 "POST /collect HTTP/1.1" 200 -
08:09:12 "POST /collect HTTP/1.1" 200 -
08:09:13 "GET /roster HTTP/1.1" 200 -
08:09:13 "POST /collect HTTP/1.1" 200 -
08:09:13 "POST /collect HTTP/1.1" 200 -
08:09:13 "POST /collect HTTP/1.1" 200 -
08:09:13 "POST /collect HTTP/1.1" 200 -
08:09:13 "POST /collect HTTP/1.1" 200 -
08:09:13 "POST /collect HTTP/1.1" 200 -
08:09:13 "POST /collect HTTP/1.1" 200 -
08:09:14 "POST /collect HTTP/1.1" 200 -
08:09:14 "POST /collect HTTP/1.1" 200 -
08:09:14 "POST /collect HTTP/1.1" 200 -
08:09:14 "POST /collect HTTP/1.1" 200 -
08:09:14 "POST /collect HTTP/1.1" 200 -
08:09:14 "POST /collect HTTP/1.1" 200 -
08:09:14 "POST /collect HTTP/1.1" 200 -
08:09:14 "POST /collect HTTP/1.1" 200 -
08:09:14 "POST /collect HTTP/1.1" 200 -
08:09:14 "POST /collect HTTP/1.1" 200 -
08:09:14 "POST /collect HTTP/1.1" 200 -
08:09:14 "POST /collect HTTP/1.1" 200 -
08:09:14 "POST /collect HTTP/1.1" 200 -
08:09:14 "GET /roster HTTP/1.1" 200 -
08:09:14 "POST /collect HTTP/1.1" 200 -
08:09:14 "POST /collect HTTP/1.1" 200 -
08:09:14 "POST /collect HTTP/1.1" 200 -
08:09:14 "POST /collect HTTP/1.1" 200 -
08:09:15 "POST /collect HTTP/1.1" 200 -
08:09:15 "POST /collect HTTP/1.1" 200 -
08:09:15 "POST /collect HTTP/1.1" 200 -
08:09:15 "GET /roster HTTP/1.1" 200 -
08:09:15 "POST /collect HTTP/1.1" 200 -
08:09:15 "POST /collect HTTP/1.1" 200 -
08:09:15 "POST /collect HTTP/1.1" 200 -
08:09:15 "POST /collect HTTP/1.1" 200 -
08:09:16 "GET /roster HTTP/1.1" 200 -
08:09:16 "POST /collect HTTP/1.1" 200 -
08:09:16 "POST /collect HTTP/1.1" 200 -
08:09:16 "POST /collect HTTP/1.1" 200 -
08:09:16 "POST /collect HTTP/1.1" 200 -
08:09:16 "POST /collect HTTP/1.1" 200 -
08:09:16 "POST /collect HTTP/1.1" 200 -
08:09:16 "POST /collect HTTP/1.1" 200 -
08:09:17 "POST /collect HTTP/1.1" 200 -
08:09:17 "POST /collect HTTP/1.1" 200 -
08:09:17 "POST /collect HTTP/1.1" 200 -
08:09:17 "POST /collect HTTP/1.1" 200 -
08:09:17 "POST /collect HTTP/1.1" 200 -
08:09:17 "POST /collect HTTP/1.1" 200 -
08:09:17 "POST /collect HTTP/1.1" 200 -
08:09:17 "POST /collect HTTP/1.1" 200 -
08:09:17 "POST /collect HTTP/1.1" 200 -
08:09:17 "POST /collect HTTP/1.1" 200 -
08:09:17 "POST /collect HTTP/1.1" 200 -
08:09:17 "POST /collect HTTP/1.1" 200 -
08:09:17 "POST /collect HTTP/1.1" 200 -
08:09:17 "GET /roster HTTP/1.1" 200 -
08:09:17 "POST /collect HTTP/1.1" 200 -
08:09:17 "POST /collect HTTP/1.1" 200 -
08:09:17 "POST /collect HTTP/1.1" 200 -
08:09:17 "POST /collect HTTP/1.1" 200 -
08:09:18 "POST /collect HTTP/1.1" 200 -
08:09:18 "POST /collect HTTP/1.1" 200 -
08:09:18 "POST /collect HTTP/1.1" 200 -
08:09:18 "GET /roster HTTP/1.1" 200 -
08:09:18 "POST /collect HTTP/1.1" 200 -
08:09:18 "POST /collect HTTP/1.1" 200 -
08:09:18 "POST /collect HTTP/1.1" 200 -
08:09:18 "POST /collect HTTP/1.1" 200 -
08:09:19 "GET /roster HTTP/1.1" 200 -
08:09:19 "POST /collect HTTP/1.1" 200 -
08:09:19 "POST /collect HTTP/1.1" 200 -
08:09:19 "POST /collect HTTP/1.1" 200 -
08:09:19 "POST /collect HTTP/1.1" 200 -
08:09:19 "POST /collect HTTP/1.1" 200 -
08:09:19 "POST /collect HTTP/1.1" 200 -
08:09:19 "POST /collect HTTP/1.1" 200 -
08:09:20 "POST /collect HTTP/1.1" 200 -
08:09:20 "POST /collect HTTP/1.1" 200 -
08:09:20 "POST /collect HTTP/1.1" 200 -
08:09:20 "POST /collect HTTP/1.1" 200 -
08:09:20 "POST /collect HTTP/1.1" 200 -
08:09:20 "POST /collect HTTP/1.1" 200 -
08:09:20 "POST /collect HTTP/1.1" 200 -
08:09:20 "POST /collect HTTP/1.1" 200 -
08:09:20 "POST /collect HTTP/1.1" 200 -
08:09:20 "POST /collect HTTP/1.1" 200 -
08:09:20 "POST /collect HTTP/1.1" 200 -
08:09:20 "POST /collect HTTP/1.1" 200 -
08:09:20 "POST /collect HTTP/1.1" 200 -
08:09:20 "GET /roster HTTP/1.1" 200 -
08:09:20 "POST /collect HTTP/1.1" 200 -
08:09:20 "POST /collect HTTP/1.1" 200 -
08:09:20 "POST /collect HTTP/1.1" 200 -
08:09:20 "POST /collect HTTP/1.1" 200 -
08:09:21 "POST /collect HTTP/1.1" 200 -
08:09:21 "POST /collect HTTP/1.1" 200 -
08:09:21 "POST /collect HTTP/1.1" 200 -
08:09:21 "GET /roster HTTP/1.1" 200 -
08:09:21 "POST /collect HTTP/1.1" 200 -
08:09:21 "POST /collect HTTP/1.1" 200 -
08:09:21 "POST /collect HTTP/1.1" 200 -
08:09:21 "POST /collect HTTP/1.1" 200 -
08:09:22 "GET /roster HTTP/1.1" 200 -
08:09:22 "POST /collect HTTP/1.1" 200 -
08:09:22 "POST /collect HTTP/1.1" 200 -
08:09:22 "POST /collect HTTP/1.1" 200 -
08:09:22 "POST /collect HTTP/1.1" 200 -
08:09:22 "POST /collect HTTP/1.1" 200 -
08:09:22 "POST /collect HTTP/1.1" 200 -
08:09:22 "POST /collect HTTP/1.1" 200 -
08:09:23 "POST /collect HTTP/1.1" 200 -
08:09:23 "POST /collect HTTP/1.1" 200 -
08:09:23 "POST /collect HTTP/1.1" 200 -
08:09:23 "POST /collect HTTP/1.1" 200 -
08:09:23 "POST /collect HTTP/1.1" 200 -
08:09:23 "POST /collect HTTP/1.1" 200 -
08:09:23 "POST /collect HTTP/1.1" 200 -
08:09:23 "POST /collect HTTP/1.1" 200 -
08:09:23 "POST /collect HTTP/1.1" 200 -
08:09:23 "POST /collect HTTP/1.1" 200 -
08:09:23 "POST /collect HTTP/1.1" 200 -
08:09:23 "POST /collect HTTP/1.1" 200 -
08:09:23 "POST /collect HTTP/1.1" 200 -
08:09:23 "GET /roster HTTP/1.1" 200 -
08:09:23 "POST /collect HTTP/1.1" 200 -
08:09:23 "POST /collect HTTP/1.1" 200 -
08:09:23 "POST /collect HTTP/1.1" 200 -
08:09:23 "POST /collect HTTP/1.1" 200 -
08:09:23 "POST /collect HTTP/1.1" 200 -
08:09:23 "POST /collect HTTP/1.1" 200 -
08:09:24 "POST /collect HTTP/1.1" 200 -
08:09:24 "POST /collect HTTP/1.1" 200 -
08:09:24 "GET /roster HTTP/1.1" 200 -
08:09:24 "POST /collect HTTP/1.1" 200 -
08:09:24 "POST /collect HTTP/1.1" 200 -
08:09:24 "POST /collect HTTP/1.1" 200 -
08:09:24 "POST /collect HTTP/1.1" 200 -
08:09:24 "POST /collect HTTP/1.1" 200 -
08:09:25 "GET /roster HTTP/1.1" 200 -
08:09:25 "POST /collect HTTP/1.1" 200 -
08:09:25 "POST /collect HTTP/1.1" 200 -
08:09:25 "POST /collect HTTP/1.1" 200 -
08:09:25 "POST /collect HTTP/1.1" 200 -
08:09:25 "POST /collect HTTP/1.1" 200 -
08:09:25 "POST /collect HTTP/1.1" 200 -
08:09:25 "POST /collect HTTP/1.1" 200 -
08:09:26 "POST /collect HTTP/1.1" 200 -
08:09:26 "POST /collect HTTP/1.1" 200 -
08:09:26 "POST /collect HTTP/1.1" 200 -
08:09:26 "POST /collect HTTP/1.1" 200 -
08:09:26 "POST /collect HTTP/1.1" 200 -
08:09:26 "POST /collect HTTP/1.1" 200 -
08:09:26 "POST /collect HTTP/1.1" 200 -
08:09:26 "POST /collect HTTP/1.1" 200 -
08:09:26 "POST /collect HTTP/1.1" 200 -
08:09:26 "POST /collect HTTP/1.1" 200 -
08:09:26 "POST /collect HTTP/1.1" 200 -
08:09:26 "POST /collect HTTP/1.1" 200 -
08:09:26 "POST /collect HTTP/1.1" 200 -
08:09:26 "GET /roster HTTP/1.1" 200 -
08:09:26 "POST /collect HTTP/1.1" 200 -
08:09:26 "POST /collect HTTP/1.1" 200 -
08:09:26 "POST /collect HTTP/1.1" 200 -
08:09:26 "POST /collect HTTP/1.1" 200 -
08:09:27 "POST /collect HTTP/1.1" 200 -
08:09:27 "POST /collect HTTP/1.1" 200 -
08:09:27 "POST /collect HTTP/1.1" 200 -
08:09:27 "POST /collect HTTP/1.1" 200 -
08:09:27 "GET /roster HTTP/1.1" 200 -
08:09:27 "POST /collect HTTP/1.1" 200 -
08:09:27 "POST /collect HTTP/1.1" 200 -
08:09:27 "POST /collect HTTP/1.1" 200 -
08:09:28 "GET /roster HTTP/1.1" 200 -
08:09:28 "POST /collect HTTP/1.1" 200 -
08:09:28 "POST /collect HTTP/1.1" 200 -
08:09:28 "POST /collect HTTP/1.1" 200 -
08:09:28 "POST /collect HTTP/1.1" 200 -
08:09:28 "POST /collect HTTP/1.1" 200 -
08:09:28 "POST /collect HTTP/1.1" 200 -
08:09:28 "POST /collect HTTP/1.1" 200 -
08:09:29 "POST /collect HTTP/1.1" 200 -
08:09:29 "POST /collect HTTP/1.1" 200 -
08:09:29 "POST /collect HTTP/1.1" 200 -
08:09:29 "POST /collect HTTP/1.1" 200 -
08:09:29 "POST /collect HTTP/1.1" 200 -
08:09:29 "POST /collect HTTP/1.1" 200 -
08:09:29 "POST /collect HTTP/1.1" 200 -
08:09:29 "POST /collect HTTP/1.1" 200 -
08:09:29 "POST /collect HTTP/1.1" 200 -
08:09:29 "POST /collect HTTP/1.1" 200 -
08:09:29 "POST /collect HTTP/1.1" 200 -
08:09:29 "POST /collect HTTP/1.1" 200 -
08:09:29 "POST /collect HTTP/1.1" 200 -
08:09:29 "GET /roster HTTP/1.1" 200 -
08:09:29 "POST /collect HTTP/1.1" 200 -
08:09:29 "POST /collect HTTP/1.1" 200 -
08:09:29 "POST /collect HTTP/1.1" 200 -
08:09:29 "POST /collect HTTP/1.1" 200 -
08:09:30 "POST /collect HTTP/1.1" 200 -
08:09:30 "POST /collect HTTP/1.1" 200 -
08:09:30 "POST /collect HTTP/1.1" 200 -
08:09:30 "GET /roster HTTP/1.1" 200 -
08:09:30 "POST /collect HTTP/1.1" 200 -
08:09:30 "POST /collect HTTP/1.1" 200 -
08:09:30 "POST /collect HTTP/1.1" 200 -
08:09:30 "POST /collect HTTP/1.1" 200 -
08:09:31 "GET /roster HTTP/1.1" 200 -
08:09:31 "POST /collect HTTP/1.1" 200 -
08:09:31 "POST /collect HTTP/1.1" 200 -
08:09:31 "POST /collect HTTP/1.1" 200 -
08:09:31 "POST /collect HTTP/1.1" 200 -
08:09:31 "POST /collect HTTP/1.1" 200 -
08:09:31 "POST /collect HTTP/1.1" 200 -
08:09:31 "POST /collect HTTP/1.1" 200 -
08:09:32 "POST /collect HTTP/1.1" 200 -
08:09:32 "POST /collect HTTP/1.1" 200 -
08:09:32 "POST /collect HTTP/1.1" 200 -
08:09:32 "POST /collect HTTP/1.1" 200 -
08:09:32 "POST /collect HTTP/1.1" 200 -
08:09:32 "POST /collect HTTP/1.1" 200 -
08:09:32 "POST /collect HTTP/1.1" 200 -
08:09:32 "POST /collect HTTP/1.1" 200 -
08:09:32 "POST /collect HTTP/1.1" 200 -
08:09:32 "POST /collect HTTP/1.1" 200 -
08:09:32 "POST /collect HTTP/1.1" 200 -
08:09:32 "POST /collect HTTP/1.1" 200 -
08:09:32 "POST /collect HTTP/1.1" 200 -
08:09:32 "GET /roster HTTP/1.1" 200 -
08:09:32 "POST /collect HTTP/1.1" 200 -
08:09:32 "POST /collect HTTP/1.1" 200 -
08:09:32 "POST /collect HTTP/1.1" 200 -
08:09:32 "POST /collect HTTP/1.1" 200 -
08:09:33 "POST /collect HTTP/1.1" 200 -
08:09:33 "POST /collect HTTP/1.1" 200 -
08:09:33 "POST /collect HTTP/1.1" 200 -
08:09:33 "GET /roster HTTP/1.1" 200 -
08:09:33 "POST /collect HTTP/1.1" 200 -
08:09:33 "POST /collect HTTP/1.1" 200 -
08:09:33 "POST /collect HTTP/1.1" 200 -
08:09:33 "POST /collect HTTP/1.1" 200 -
08:09:34 "GET /roster HTTP/1.1" 200 -
08:09:34 "POST /collect HTTP/1.1" 200 -
08:09:34 "POST /collect HTTP/1.1" 200 -
08:09:34 "POST /collect HTTP/1.1" 200 -
08:09:34 "POST /collect HTTP/1.1" 200 -
08:09:34 "POST /collect HTTP/1.1" 200 -
08:09:34 "POST /collect HTTP/1.1" 200 -
08:09:34 "POST /collect HTTP/1.1" 200 -
08:09:35 "POST /collect HTTP/1.1" 200 -
08:09:35 "POST /collect HTTP/1.1" 200 -
08:09:35 "POST /collect HTTP/1.1" 200 -
08:09:35 "POST /collect HTTP/1.1" 200 -
08:09:35 "POST /collect HTTP/1.1" 200 -
08:09:35 "POST /collect HTTP/1.1" 200 -
08:09:35 "POST /collect HTTP/1.1" 200 -
08:09:35 "POST /collect HTTP/1.1" 200 -
08:09:35 "POST /collect HTTP/1.1" 200 -
08:09:35 "POST /collect HTTP/1.1" 200 -
08:09:35 "POST /collect HTTP/1.1" 200 -
08:09:35 "POST /collect HTTP/1.1" 200 -
08:09:35 "POST /collect HTTP/1.1" 200 -
08:09:35 "GET /roster HTTP/1.1" 200 -
08:09:35 "POST /collect HTTP/1.1" 200 -
08:09:35 "POST /collect HTTP/1.1" 200 -
08:09:35 "POST /collect HTTP/1.1" 200 -
08:09:35 "POST /collect HTTP/1.1" 200 -
08:09:36 "POST /collect HTTP/1.1" 200 -
08:09:36 "POST /collect HTTP/1.1" 200 -
08:09:36 "POST /collect HTTP/1.1" 200 -
08:09:36 "GET /roster HTTP/1.1" 200 -
08:09:36 "POST /collect HTTP/1.1" 200 -
08:09:36 "POST /collect HTTP/1.1" 200 -
08:09:36 "POST /collect HTTP/1.1" 200 -
08:09:36 "POST /collect HTTP/1.1" 200 -
08:09:37 "GET /roster HTTP/1.1" 200 -
08:09:37 "POST /collect HTTP/1.1" 200 -
08:09:37 "POST /collect HTTP/1.1" 200 -
08:09:37 "POST /collect HTTP/1.1" 200 -
08:09:37 "POST /collect HTTP/1.1" 200 -
08:09:37 "POST /collect HTTP/1.1" 200 -
08:09:37 "POST /collect HTTP/1.1" 200 -
08:09:37 "POST /collect HTTP/1.1" 200 -
08:09:38 "POST /collect HTTP/1.1" 200 -
08:09:38 "POST /collect HTTP/1.1" 200 -
08:09:38 "POST /collect HTTP/1.1" 200 -
08:09:38 "POST /collect HTTP/1.1" 200 -
08:09:38 "POST /collect HTTP/1.1" 200 -
08:09:38 "POST /collect HTTP/1.1" 200 -
08:09:38 "POST /collect HTTP/1.1" 200 -
08:09:38 "POST /collect HTTP/1.1" 200 -
08:09:38 "POST /collect HTTP/1.1" 200 -
08:09:38 "POST /collect HTTP/1.1" 200 -
08:09:38 "POST /collect HTTP/1.1" 200 -
08:09:38 "POST /collect HTTP/1.1" 200 -
08:09:38 "POST /collect HTTP/1.1" 200 -
08:09:38 "GET /roster HTTP/1.1" 200 -
08:09:38 "POST /collect HTTP/1.1" 200 -
08:09:38 "POST /collect HTTP/1.1" 200 -
08:09:38 "POST /collect HTTP/1.1" 200 -
08:09:38 "POST /collect HTTP/1.1" 200 -
08:09:38 "POST /collect HTTP/1.1" 200 -
08:09:39 "POST /collect HTTP/1.1" 200 -
08:09:39 "POST /collect HTTP/1.1" 200 -
08:09:39 "POST /collect HTTP/1.1" 200 -
08:09:39 "GET /roster HTTP/1.1" 200 -
08:09:39 "POST /collect HTTP/1.1" 200 -
08:09:39 "POST /collect HTTP/1.1" 200 -
08:09:39 "POST /collect HTTP/1.1" 200 -
08:09:39 "POST /collect HTTP/1.1" 200 -
08:09:40 "GET /roster HTTP/1.1" 200 -
08:09:40 "POST /collect HTTP/1.1" 200 -
08:09:40 "POST /collect HTTP/1.1" 200 -
08:09:40 "POST /collect HTTP/1.1" 200 -
08:09:40 "POST /collect HTTP/1.1" 200 -
08:09:40 "POST /collect HTTP/1.1" 200 -
08:09:40 "POST /collect HTTP/1.1" 200 -
08:09:40 "POST /collect HTTP/1.1" 200 -
08:09:41 "POST /collect HTTP/1.1" 200 -
08:09:41 "POST /collect HTTP/1.1" 200 -
08:09:41 "POST /collect HTTP/1.1" 200 -
08:09:41 "POST /collect HTTP/1.1" 200 -
08:09:41 "POST /collect HTTP/1.1" 200 -
08:09:41 "POST /collect HTTP/1.1" 200 -
08:09:41 "POST /collect HTTP/1.1" 200 -
08:09:41 "POST /collect HTTP/1.1" 200 -
08:09:41 "POST /collect HTTP/1.1" 200 -
08:09:41 "POST /collect HTTP/1.1" 200 -
08:09:41 "POST /collect HTTP/1.1" 200 -
08:09:41 "POST /collect HTTP/1.1" 200 -
08:09:41 "POST /collect HTTP/1.1" 200 -
08:09:41 "GET /roster HTTP/1.1" 200 -
08:09:41 "POST /collect HTTP/1.1" 200 -
08:09:41 "POST /collect HTTP/1.1" 200 -
08:09:41 "POST /collect HTTP/1.1" 200 -
08:09:41 "POST /collect HTTP/1.1" 200 -
08:09:42 "POST /collect HTTP/1.1" 200 -
08:09:42 "POST /collect HTTP/1.1" 200 -
08:09:42 "GET /roster HTTP/1.1" 200 -
08:09:42 "POST /collect HTTP/1.1" 200 -
08:09:42 "POST /collect HTTP/1.1" 200 -
08:09:42 "POST /collect HTTP/1.1" 200 -
08:09:42 "POST /collect HTTP/1.1" 200 -
08:09:42 "POST /collect HTTP/1.1" 200 -
08:09:43 "GET /roster HTTP/1.1" 200 -
08:09:43 "POST /collect HTTP/1.1" 200 -
08:09:43 "POST /collect HTTP/1.1" 200 -
08:09:43 "POST /collect HTTP/1.1" 200 -
08:09:43 "POST /collect HTTP/1.1" 200 -
08:09:43 "POST /collect HTTP/1.1" 200 -
08:09:43 "POST /collect HTTP/1.1" 200 -
08:09:43 "POST /collect HTTP/1.1" 200 -
08:09:44 "POST /collect HTTP/1.1" 200 -
08:09:44 "POST /collect HTTP/1.1" 200 -
08:09:44 "POST /collect HTTP/1.1" 200 -
08:09:44 "POST /collect HTTP/1.1" 200 -
08:09:44 "POST /collect HTTP/1.1" 200 -
08:09:44 "POST /collect HTTP/1.1" 200 -
08:09:44 "POST /collect HTTP/1.1" 200 -
08:09:44 "POST /collect HTTP/1.1" 200 -
08:09:44 "POST /collect HTTP/1.1" 200 -
08:09:44 "POST /collect HTTP/1.1" 200 -
08:09:44 "POST /collect HTTP/1.1" 200 -
08:09:44 "POST /collect HTTP/1.1" 200 -
08:09:44 "POST /collect HTTP/1.1" 200 -
08:09:44 "GET /roster HTTP/1.1" 200 -
08:09:44 "POST /collect HTTP/1.1" 200 -
08:09:44 "POST /collect HTTP/1.1" 200 -
08:09:44 "POST /collect HTTP/1.1" 200 -
08:09:44 "POST /collect HTTP/1.1" 200 -
08:09:45 "POST /collect HTTP/1.1" 200 -
08:09:45 "POST /collect HTTP/1.1" 200 -
08:09:45 "POST /collect HTTP/1.1" 200 -
08:09:45 "GET /roster HTTP/1.1" 200 -
08:09:45 "POST /collect HTTP/1.1" 200 -
08:09:45 "POST /collect HTTP/1.1" 200 -
08:09:45 "POST /collect HTTP/1.1" 200 -
08:09:45 "POST /collect HTTP/1.1" 200 -
08:09:46 "GET /roster HTTP/1.1" 200 -
08:09:46 "POST /collect HTTP/1.1" 200 -
08:09:46 "POST /collect HTTP/1.1" 200 -
08:09:46 "POST /collect HTTP/1.1" 200 -
08:09:46 "POST /collect HTTP/1.1" 200 -
08:09:46 "POST /collect HTTP/1.1" 200 -
08:09:46 "POST /collect HTTP/1.1" 200 -
08:09:46 "POST /collect HTTP/1.1" 200 -
08:09:47 "POST /collect HTTP/1.1" 200 -
08:09:47 "POST /collect HTTP/1.1" 200 -
08:09:47 "POST /collect HTTP/1.1" 200 -
08:09:47 "POST /collect HTTP/1.1" 200 -
08:09:47 "POST /collect HTTP/1.1" 200 -
08:09:47 "POST /collect HTTP/1.1" 200 -
08:09:47 "POST /collect HTTP/1.1" 200 -
08:09:47 "POST /collect HTTP/1.1" 200 -
08:09:47 "POST /collect HTTP/1.1" 200 -
08:09:47 "POST /collect HTTP/1.1" 200 -
08:09:47 "POST /collect HTTP/1.1" 200 -
08:09:47 "POST /collect HTTP/1.1" 200 -
08:09:47 "POST /collect HTTP/1.1" 200 -
08:09:47 "GET /roster HTTP/1.1" 200 -
08:09:47 "POST /collect HTTP/1.1" 200 -
08:09:47 "POST /collect HTTP/1.1" 200 -
08:09:47 "POST /collect HTTP/1.1" 200 -
08:09:47 "POST /collect HTTP/1.1" 200 -
08:09:48 "POST /collect HTTP/1.1" 200 -
08:09:48 "POST /collect HTTP/1.1" 200 -
08:09:48 "POST /collect HTTP/1.1" 200 -
08:09:48 "GET /roster HTTP/1.1" 200 -
08:09:48 "POST /collect HTTP/1.1" 200 -
08:09:48 "POST /collect HTTP/1.1" 200 -
08:09:48 "POST /collect HTTP/1.1" 200 -
08:09:48 "POST /collect HTTP/1.1" 200 -
08:09:49 "GET /roster HTTP/1.1" 200 -
08:09:49 "POST /collect HTTP/1.1" 200 -
08:09:49 "POST /collect HTTP/1.1" 200 -
08:09:49 "POST /collect HTTP/1.1" 200 -
08:09:49 "POST /collect HTTP/1.1" 200 -
08:09:49 "POST /collect HTTP/1.1" 200 -
08:09:49 "POST /collect HTTP/1.1" 200 -
08:09:49 "POST /collect HTTP/1.1" 200 -
08:09:50 "POST /collect HTTP/1.1" 200 -
08:09:50 "POST /collect HTTP/1.1" 200 -
08:09:50 "POST /collect HTTP/1.1" 200 -
08:09:50 "POST /collect HTTP/1.1" 200 -
08:09:50 "POST /collect HTTP/1.1" 200 -
08:09:50 "POST /collect HTTP/1.1" 200 -
08:09:50 "POST /collect HTTP/1.1" 200 -
08:09:50 "POST /collect HTTP/1.1" 200 -
08:09:50 "POST /collect HTTP/1.1" 200 -
08:09:50 "POST /collect HTTP/1.1" 200 -
08:09:50 "POST /collect HTTP/1.1" 200 -
08:09:50 "POST /collect HTTP/1.1" 200 -
08:09:50 "POST /collect HTTP/1.1" 200 -
08:09:50 "GET /roster HTTP/1.1" 200 -
08:09:50 "POST /collect HTTP/1.1" 200 -
08:09:50 "POST /collect HTTP/1.1" 200 -
08:09:50 "POST /collect HTTP/1.1" 200 -
08:09:50 "POST /collect HTTP/1.1" 200 -
08:09:51 "POST /collect HTTP/1.1" 200 -
08:09:51 "POST /collect HTTP/1.1" 200 -
08:09:51 "POST /collect HTTP/1.1" 200 -
08:09:51 "GET /roster HTTP/1.1" 200 -
08:09:51 "POST /collect HTTP/1.1" 200 -
08:09:51 "POST /collect HTTP/1.1" 200 -
08:09:51 "POST /collect HTTP/1.1" 200 -
08:09:51 "POST /collect HTTP/1.1" 200 -
08:09:52 "GET /roster HTTP/1.1" 200 -
08:09:52 "POST /collect HTTP/1.1" 200 -
08:09:52 "POST /collect HTTP/1.1" 200 -
08:09:52 "POST /collect HTTP/1.1" 200 -
08:09:52 "POST /collect HTTP/1.1" 200 -
08:09:52 "POST /collect HTTP/1.1" 200 -
08:09:52 "POST /collect HTTP/1.1" 200 -
08:09:52 "POST /collect HTTP/1.1" 200 -
08:09:53 "POST /collect HTTP/1.1" 200 -
08:09:53 "POST /collect HTTP/1.1" 200 -
08:09:53 "POST /collect HTTP/1.1" 200 -
08:09:53 "POST /collect HTTP/1.1" 200 -
08:09:53 "POST /collect HTTP/1.1" 200 -
08:09:53 "POST /collect HTTP/1.1" 200 -
08:09:53 "POST /collect HTTP/1.1" 200 -
08:09:53 "POST /collect HTTP/1.1" 200 -
08:09:53 "POST /collect HTTP/1.1" 200 -
08:09:53 "POST /collect HTTP/1.1" 200 -
08:09:53 "POST /collect HTTP/1.1" 200 -
08:09:53 "POST /collect HTTP/1.1" 200 -
08:09:53 "POST /collect HTTP/1.1" 200 -
08:09:53 "GET /roster HTTP/1.1" 200 -
08:09:53 "POST /collect HTTP/1.1" 200 -
08:09:53 "POST /collect HTTP/1.1" 200 -
08:09:53 "POST /collect HTTP/1.1" 200 -
08:09:53 "POST /collect HTTP/1.1" 200 -
08:09:53 "POST /collect HTTP/1.1" 200 -
08:09:54 "POST /collect HTTP/1.1" 200 -
08:09:54 "POST /collect HTTP/1.1" 200 -
08:09:54 "POST /collect HTTP/1.1" 200 -
08:09:54 "GET /roster HTTP/1.1" 200 -
08:09:54 "POST /collect HTTP/1.1" 200 -
08:09:54 "POST /collect HTTP/1.1" 200 -
08:09:54 "POST /collect HTTP/1.1" 200 -
08:09:54 "POST /collect HTTP/1.1" 200 -
08:09:54 "POST /collect HTTP/1.1" 200 -
08:09:55 "GET /roster HTTP/1.1" 200 -
08:09:55 "POST /collect HTTP/1.1" 200 -
08:09:55 "POST /collect HTTP/1.1" 200 -
08:09:55 "POST /collect HTTP/1.1" 200 -
08:09:55 "POST /collect HTTP/1.1" 200 -
08:09:55 "POST /collect HTTP/1.1" 200 -
08:09:55 "POST /collect HTTP/1.1" 200 -
08:09:55 "POST /collect HTTP/1.1" 200 -
08:09:56 "POST /collect HTTP/1.1" 200 -
08:09:56 "POST /collect HTTP/1.1" 200 -
08:09:56 "POST /collect HTTP/1.1" 200 -
08:09:56 "POST /collect HTTP/1.1" 200 -
08:09:56 "POST /collect HTTP/1.1" 200 -
08:09:56 "POST /collect HTTP/1.1" 200 -
08:09:56 "POST /collect HTTP/1.1" 200 -
08:09:56 "POST /collect HTTP/1.1" 200 -
08:09:56 "POST /collect HTTP/1.1" 200 -
08:09:56 "POST /collect HTTP/1.1" 200 -
08:09:56 "POST /collect HTTP/1.1" 200 -
08:09:56 "POST /collect HTTP/1.1" 200 -
08:09:56 "POST /collect HTTP/1.1" 200 -
08:09:56 "GET /roster HTTP/1.1" 200 -
08:09:56 "POST /collect HTTP/1.1" 200 -
08:09:56 "POST /collect HTTP/1.1" 200 -
08:09:56 "POST /collect HTTP/1.1" 200 -
08:09:56 "POST /collect HTTP/1.1" 200 -
08:09:57 "POST /collect HTTP/1.1" 200 -
08:09:57 "POST /collect HTTP/1.1" 200 -
08:09:57 "POST /collect HTTP/1.1" 200 -
08:09:57 "GET /roster HTTP/1.1" 200 -
08:09:57 "POST /collect HTTP/1.1" 200 -
08:09:57 "POST /collect HTTP/1.1" 200 -
08:09:57 "POST /collect HTTP/1.1" 200 -
08:09:57 "POST /collect HTTP/1.1" 200 -
08:09:58 "GET /roster HTTP/1.1" 200 -
08:09:58 "POST /collect HTTP/1.1" 200 -
08:09:58 "POST /collect HTTP/1.1" 200 -
08:09:58 "POST /collect HTTP/1.1" 200 -
08:09:58 "POST /collect HTTP/1.1" 200 -
08:09:58 "POST /collect HTTP/1.1" 200 -
08:09:58 "POST /collect HTTP/1.1" 200 -
08:09:58 "POST /collect HTTP/1.1" 200 -
08:09:59 "POST /collect HTTP/1.1" 200 -
08:09:59 "POST /collect HTTP/1.1" 200 -
08:09:59 "POST /collect HTTP/1.1" 200 -
08:09:59 "POST /collect HTTP/1.1" 200 -
08:09:59 "POST /collect HTTP/1.1" 200 -
08:09:59 "POST /collect HTTP/1.1" 200 -
08:09:59 "POST /collect HTTP/1.1" 200 -
08:09:59 "POST /collect HTTP/1.1" 200 -
08:09:59 "POST /collect HTTP/1.1" 200 -
08:09:59 "POST /collect HTTP/1.1" 200 -
08:09:59 "POST /collect HTTP/1.1" 200 -
08:09:59 "POST /collect HTTP/1.1" 200 -
08:09:59 "POST /collect HTTP/1.1" 200 -
08:09:59 "GET /roster HTTP/1.1" 200 -
08:09:59 "POST /collect HTTP/1.1" 200 -
08:09:59 "POST /collect HTTP/1.1" 200 -
08:09:59 "POST /collect HTTP/1.1" 200 -
08:09:59 "POST /collect HTTP/1.1" 200 -
08:10:00 "POST /collect HTTP/1.1" 200 -
08:10:00 "POST /collect HTTP/1.1" 200 -
08:10:00 "GET /roster HTTP/1.1" 200 -
08:10:00 "POST /collect HTTP/1.1" 200 -
08:10:00 "POST /collect HTTP/1.1" 200 -
08:10:00 "POST /collect HTTP/1.1" 200 -
08:10:00 "POST /collect HTTP/1.1" 200 -
08:10:00 "POST /collect HTTP/1.1" 200 -
08:10:01 "GET /roster HTTP/1.1" 200 -
08:10:01 "POST /collect HTTP/1.1" 200 -
08:10:01 "POST /collect HTTP/1.1" 200 -
08:10:01 "POST /collect HTTP/1.1" 200 -
08:10:01 "POST /collect HTTP/1.1" 200 -
08:10:01 "POST /collect HTTP/1.1" 200 -
08:10:01 "POST /collect HTTP/1.1" 200 -
08:10:01 "POST /collect HTTP/1.1" 200 -
08:10:02 "POST /collect HTTP/1.1" 200 -
08:10:02 "POST /collect HTTP/1.1" 200 -
08:10:02 "POST /collect HTTP/1.1" 200 -
08:10:02 "POST /collect HTTP/1.1" 200 -
08:10:02 "POST /collect HTTP/1.1" 200 -
08:10:02 "POST /collect HTTP/1.1" 200 -
08:10:02 "POST /collect HTTP/1.1" 200 -
08:10:02 "POST /collect HTTP/1.1" 200 -
08:10:02 "POST /collect HTTP/1.1" 200 -
08:10:02 "POST /collect HTTP/1.1" 200 -
08:10:02 "POST /collect HTTP/1.1" 200 -
08:10:02 "POST /collect HTTP/1.1" 200 -
08:10:02 "POST /collect HTTP/1.1" 200 -
08:10:02 "GET /roster HTTP/1.1" 200 -
08:10:02 "POST /collect HTTP/1.1" 200 -
08:10:02 "POST /collect HTTP/1.1" 200 -
08:10:02 "POST /collect HTTP/1.1" 200 -
08:10:02 "POST /collect HTTP/1.1" 200 -
08:10:03 "POST /collect HTTP/1.1" 200 -
08:10:03 "POST /collect HTTP/1.1" 200 -
08:10:03 "POST /collect HTTP/1.1" 200 -
08:10:03 "GET /roster HTTP/1.1" 200 -
08:10:03 "POST /collect HTTP/1.1" 200 -
08:10:03 "POST /collect HTTP/1.1" 200 -
08:10:03 "POST /collect HTTP/1.1" 200 -
08:10:03 "POST /collect HTTP/1.1" 200 -
08:10:04 "GET /roster HTTP/1.1" 200 -
08:10:04 "POST /collect HTTP/1.1" 200 -
08:10:04 "POST /collect HTTP/1.1" 200 -
08:10:04 "POST /collect HTTP/1.1" 200 -
08:10:04 "POST /collect HTTP/1.1" 200 -
08:10:04 "POST /collect HTTP/1.1" 200 -
08:10:04 "POST /collect HTTP/1.1" 200 -
08:10:04 "POST /collect HTTP/1.1" 200 -
08:10:05 "POST /collect HTTP/1.1" 200 -
08:10:05 "POST /collect HTTP/1.1" 200 -
08:10:05 "POST /collect HTTP/1.1" 200 -
08:10:05 "POST /collect HTTP/1.1" 200 -
08:10:05 "POST /collect HTTP/1.1" 200 -
08:10:05 "POST /collect HTTP/1.1" 200 -
08:10:05 "POST /collect HTTP/1.1" 200 -
08:10:05 "POST /collect HTTP/1.1" 200 -
08:10:05 "POST /collect HTTP/1.1" 200 -
08:10:05 "POST /collect HTTP/1.1" 200 -
08:10:05 "POST /collect HTTP/1.1" 200 -
08:10:05 "POST /collect HTTP/1.1" 200 -
08:10:05 "POST /collect HTTP/1.1" 200 -
08:10:05 "GET /roster HTTP/1.1" 200 -
08:10:05 "POST /collect HTTP/1.1" 200 -
08:10:05 "POST /collect HTTP/1.1" 200 -
08:10:05 "POST /collect HTTP/1.1" 200 -
08:10:05 "POST /collect HTTP/1.1" 200 -
08:10:06 "POST /collect HTTP/1.1" 200 -
08:10:06 "POST /collect HTTP/1.1" 200 -
08:10:06 "POST /collect HTTP/1.1" 200 -
08:10:06 "GET /roster HTTP/1.1" 200 -
08:10:06 "POST /collect HTTP/1.1" 200 -
08:10:06 "POST /collect HTTP/1.1" 200 -
08:10:06 "POST /collect HTTP/1.1" 200 -
08:10:06 "POST /collect HTTP/1.1" 200 -
08:10:07 "GET /roster HTTP/1.1" 200 -
08:10:07 "POST /collect HTTP/1.1" 200 -
08:10:07 "POST /collect HTTP/1.1" 200 -
08:10:07 "POST /collect HTTP/1.1" 200 -
08:10:07 "POST /collect HTTP/1.1" 200 -
08:10:07 "POST /collect HTTP/1.1" 200 -
08:10:07 "POST /collect HTTP/1.1" 200 -
08:10:07 "POST /collect HTTP/1.1" 200 -
08:10:08 "POST /collect HTTP/1.1" 200 -
08:10:08 "POST /collect HTTP/1.1" 200 -
08:10:08 "POST /collect HTTP/1.1" 200 -
08:10:08 "POST /collect HTTP/1.1" 200 -
08:10:08 "POST /collect HTTP/1.1" 200 -
08:10:08 "POST /collect HTTP/1.1" 200 -
08:10:08 "POST /collect HTTP/1.1" 200 -
08:10:08 "POST /collect HTTP/1.1" 200 -
08:10:08 "POST /collect HTTP/1.1" 200 -
08:10:08 "POST /collect HTTP/1.1" 200 -
08:10:08 "POST /collect HTTP/1.1" 200 -
08:10:08 "POST /collect HTTP/1.1" 200 -
08:10:08 "POST /collect HTTP/1.1" 200 -
08:10:08 "GET /roster HTTP/1.1" 200 -
08:10:08 "POST /collect HTTP/1.1" 200 -
08:10:08 "POST /collect HTTP/1.1" 200 -
08:10:08 "POST /collect HTTP/1.1" 200 -
08:10:08 "POST /collect HTTP/1.1" 200 -
08:10:09 "POST /collect HTTP/1.1" 200 -
08:10:09 "POST /collect HTTP/1.1" 200 -
08:10:09 "POST /collect HTTP/1.1" 200 -
08:10:09 "GET /roster HTTP/1.1" 200 -
08:10:09 "POST /collect HTTP/1.1" 200 -
08:10:09 "POST /collect HTTP/1.1" 200 -
08:10:09 "POST /collect HTTP/1.1" 200 -
08:10:09 "POST /collect HTTP/1.1" 200 -
08:10:09 "POST /collect HTTP/1.1" 200 -
08:10:10 "GET /roster HTTP/1.1" 200 -
08:10:10 "POST /collect HTTP/1.1" 200 -
08:10:10 "POST /collect HTTP/1.1" 200 -
08:10:10 "POST /collect HTTP/1.1" 200 -
08:10:10 "POST /collect HTTP/1.1" 200 -
08:10:10 "POST /collect HTTP/1.1" 200 -
08:10:10 "POST /collect HTTP/1.1" 200 -
08:10:10 "POST /collect HTTP/1.1" 200 -
08:10:11 "POST /collect HTTP/1.1" 200 -
08:10:11 "POST /collect HTTP/1.1" 200 -
08:10:11 "POST /collect HTTP/1.1" 200 -
08:10:11 "POST /collect HTTP/1.1" 200 -
08:10:11 "POST /collect HTTP/1.1" 200 -
08:10:11 "POST /collect HTTP/1.1" 200 -
08:10:11 "POST /collect HTTP/1.1" 200 -
08:10:11 "POST /collect HTTP/1.1" 200 -
08:10:11 "POST /collect HTTP/1.1" 200 -
08:10:11 "POST /collect HTTP/1.1" 200 -
08:10:11 "POST /collect HTTP/1.1" 200 -
08:10:11 "POST /collect HTTP/1.1" 200 -
08:10:11 "POST /collect HTTP/1.1" 200 -
08:10:11 "GET /roster HTTP/1.1" 200 -
08:10:11 "POST /collect HTTP/1.1" 200 -
08:10:11 "POST /collect HTTP/1.1" 200 -
08:10:11 "POST /collect HTTP/1.1" 200 -
08:10:11 "POST /collect HTTP/1.1" 200 -
08:10:12 "POST /collect HTTP/1.1" 200 -
08:10:12 "POST /collect HTTP/1.1" 200 -
08:10:12 "GET /roster HTTP/1.1" 200 -
08:10:12 "POST /collect HTTP/1.1" 200 -
08:10:12 "POST /collect HTTP/1.1" 200 -
08:10:12 "POST /collect HTTP/1.1" 200 -
08:10:12 "POST /collect HTTP/1.1" 200 -
08:10:12 "POST /collect HTTP/1.1" 200 -
08:10:13 "GET /roster HTTP/1.1" 200 -
08:10:13 "POST /collect HTTP/1.1" 200 -
08:10:13 "POST /collect HTTP/1.1" 200 -
08:10:13 "POST /collect HTTP/1.1" 200 -
08:10:13 "POST /collect HTTP/1.1" 200 -
08:10:13 "POST /collect HTTP/1.1" 200 -
08:10:13 "POST /collect HTTP/1.1" 200 -
08:10:13 "POST /collect HTTP/1.1" 200 -
08:10:14 "POST /collect HTTP/1.1" 200 -
08:10:14 "POST /collect HTTP/1.1" 200 -
08:10:14 "POST /collect HTTP/1.1" 200 -
08:10:14 "POST /collect HTTP/1.1" 200 -
08:10:14 "POST /collect HTTP/1.1" 200 -
08:10:14 "POST /collect HTTP/1.1" 200 -
08:10:14 "POST /collect HTTP/1.1" 200 -
08:10:14 "POST /collect HTTP/1.1" 200 -
08:10:14 "POST /collect HTTP/1.1" 200 -
08:10:14 "POST /collect HTTP/1.1" 200 -
08:10:14 "POST /collect HTTP/1.1" 200 -
08:10:14 "POST /collect HTTP/1.1" 200 -
08:10:14 "POST /collect HTTP/1.1" 200 -
08:10:14 "GET /roster HTTP/1.1" 200 -
08:10:14 "POST /collect HTTP/1.1" 200 -
08:10:14 "POST /collect HTTP/1.1" 200 -
08:10:14 "POST /collect HTTP/1.1" 200 -
08:10:14 "POST /collect HTTP/1.1" 200 -
08:10:15 "POST /collect HTTP/1.1" 200 -
08:10:15 "POST /collect HTTP/1.1" 200 -
08:10:15 "POST /collect HTTP/1.1" 200 -
08:10:15 "GET /roster HTTP/1.1" 200 -
08:10:15 "POST /collect HTTP/1.1" 200 -
08:10:15 "POST /collect HTTP/1.1" 200 -
08:10:15 "POST /collect HTTP/1.1" 200 -
08:10:15 "POST /collect HTTP/1.1" 200 -
08:10:16 "GET /roster HTTP/1.1" 200 -
08:10:16 "POST /collect HTTP/1.1" 200 -
08:10:16 "POST /collect HTTP/1.1" 200 -
08:10:16 "POST /collect HTTP/1.1" 200 -
08:10:16 "POST /collect HTTP/1.1" 200 -
08:10:16 "POST /collect HTTP/1.1" 200 -
08:10:16 "POST /collect HTTP/1.1" 200 -
08:10:16 "POST /collect HTTP/1.1" 200 -
08:10:17 "POST /collect HTTP/1.1" 200 -
08:10:17 "POST /collect HTTP/1.1" 200 -
08:10:17 "POST /collect HTTP/1.1" 200 -
08:10:17 "POST /collect HTTP/1.1" 200 -
08:10:17 "POST /collect HTTP/1.1" 200 -
08:10:17 "POST /collect HTTP/1.1" 200 -
08:10:17 "POST /collect HTTP/1.1" 200 -
08:10:17 "POST /collect HTTP/1.1" 200 -
08:10:17 "POST /collect HTTP/1.1" 200 -
08:10:17 "POST /collect HTTP/1.1" 200 -
08:10:17 "POST /collect HTTP/1.1" 200 -
08:10:17 "POST /collect HTTP/1.1" 200 -
08:10:17 "POST /collect HTTP/1.1" 200 -
08:10:17 "GET /roster HTTP/1.1" 200 -
08:10:17 "POST /collect HTTP/1.1" 200 -
08:10:17 "POST /collect HTTP/1.1" 200 -
08:10:17 "POST /collect HTTP/1.1" 200 -
08:10:17 "POST /collect HTTP/1.1" 200 -
08:10:18 "POST /collect HTTP/1.1" 200 -
08:10:18 "POST /collect HTTP/1.1" 200 -
08:10:18 "POST /collect HTTP/1.1" 200 -
08:10:18 "GET /roster HTTP/1.1" 200 -
08:10:18 "POST /collect HTTP/1.1" 200 -
08:10:18 "POST /collect HTTP/1.1" 200 -
08:10:18 "POST /collect HTTP/1.1" 200 -
08:10:18 "POST /collect HTTP/1.1" 200 -
08:10:19 "GET /roster HTTP/1.1" 200 -
08:10:19 "POST /collect HTTP/1.1" 200 -
08:10:19 "POST /collect HTTP/1.1" 200 -
08:10:19 "POST /collect HTTP/1.1" 200 -
08:10:19 "POST /collect HTTP/1.1" 200 -
08:10:19 "POST /collect HTTP/1.1" 200 -
08:10:19 "POST /collect HTTP/1.1" 200 -
08:10:19 "POST /collect HTTP/1.1" 200 -
08:10:20 "POST /collect HTTP/1.1" 200 -
08:10:20 "POST /collect HTTP/1.1" 200 -
08:10:20 "POST /collect HTTP/1.1" 200 -
08:10:20 "POST /collect HTTP/1.1" 200 -
08:10:20 "POST /collect HTTP/1.1" 200 -
08:10:20 "POST /collect HTTP/1.1" 200 -
08:10:20 "POST /collect HTTP/1.1" 200 -
08:10:20 "POST /collect HTTP/1.1" 200 -
08:10:20 "POST /collect HTTP/1.1" 200 -
08:10:20 "POST /collect HTTP/1.1" 200 -
08:10:20 "POST /collect HTTP/1.1" 200 -
08:10:20 "POST /collect HTTP/1.1" 200 -
08:10:20 "POST /collect HTTP/1.1" 200 -
08:10:20 "GET /roster HTTP/1.1" 200 -
08:10:20 "POST /collect HTTP/1.1" 200 -
08:10:20 "POST /collect HTTP/1.1" 200 -
08:10:20 "POST /collect HTTP/1.1" 200 -
08:10:20 "POST /collect HTTP/1.1" 200 -
08:10:21 "POST /collect HTTP/1.1" 200 -
08:10:21 "POST /collect HTTP/1.1" 200 -
08:10:21 "POST /collect HTTP/1.1" 200 -
08:10:21 "GET /roster HTTP/1.1" 200 -
08:10:21 "POST /collect HTTP/1.1" 200 -
08:10:21 "POST /collect HTTP/1.1" 200 -
08:10:21 "POST /collect HTTP/1.1" 200 -
08:10:21 "POST /collect HTTP/1.1" 200 -
08:10:22 "GET /roster HTTP/1.1" 200 -
08:10:22 "POST /collect HTTP/1.1" 200 -
08:10:22 "POST /collect HTTP/1.1" 200 -
08:10:22 "POST /collect HTTP/1.1" 200 -
08:10:22 "POST /collect HTTP/1.1" 200 -
08:10:22 "POST /collect HTTP/1.1" 200 -
08:10:22 "POST /collect HTTP/1.1" 200 -
08:10:22 "POST /collect HTTP/1.1" 200 -
08:10:23 "POST /collect HTTP/1.1" 200 -
08:10:23 "POST /collect HTTP/1.1" 200 -
08:10:23 "POST /collect HTTP/1.1" 200 -
08:10:23 "POST /collect HTTP/1.1" 200 -
08:10:23 "POST /collect HTTP/1.1" 200 -
08:10:23 "POST /collect HTTP/1.1" 200 -
08:10:23 "POST /collect HTTP/1.1" 200 -
08:10:23 "POST /collect HTTP/1.1" 200 -
08:10:23 "POST /collect HTTP/1.1" 200 -
08:10:23 "POST /collect HTTP/1.1" 200 -
08:10:23 "POST /collect HTTP/1.1" 200 -
08:10:23 "POST /collect HTTP/1.1" 200 -
08:10:23 "POST /collect HTTP/1.1" 200 -
08:10:23 "GET /roster HTTP/1.1" 200 -
08:10:23 "POST /collect HTTP/1.1" 200 -
08:10:23 "POST /collect HTTP/1.1" 200 -
08:10:23 "POST /collect HTTP/1.1" 200 -
08:10:23 "POST /collect HTTP/1.1" 200 -
08:10:24 "POST /collect HTTP/1.1" 200 -
08:10:24 "POST /collect HTTP/1.1" 200 -
08:10:24 "GET /roster HTTP/1.1" 200 -
08:10:24 "POST /collect HTTP/1.1" 200 -
08:10:24 "POST /collect HTTP/1.1" 200 -
08:10:24 "POST /collect HTTP/1.1" 200 -
08:10:24 "POST /collect HTTP/1.1" 200 -
08:10:24 "POST /collect HTTP/1.1" 200 -
08:10:24 "POST /collect HTTP/1.1" 200 -
08:10:24 "POST /collect HTTP/1.1" 200 -
08:10:25 "GET /roster HTTP/1.1" 200 -
08:10:25 "POST /collect HTTP/1.1" 200 -
08:10:25 "POST /collect HTTP/1.1" 200 -
08:10:25 "POST /collect HTTP/1.1" 200 -
08:10:25 "POST /collect HTTP/1.1" 200 -
08:10:25 "POST /collect HTTP/1.1" 200 -
08:10:25 "POST /collect HTTP/1.1" 200 -
08:10:25 "POST /collect HTTP/1.1" 200 -
08:10:26 "POST /collect HTTP/1.1" 200 -
08:10:26 "POST /collect HTTP/1.1" 200 -
08:10:26 "POST /collect HTTP/1.1" 200 -
08:10:26 "POST /collect HTTP/1.1" 200 -
08:10:26 "POST /collect HTTP/1.1" 200 -
08:10:26 "POST /collect HTTP/1.1" 200 -
08:10:26 "POST /collect HTTP/1.1" 200 -
08:10:26 "POST /collect HTTP/1.1" 200 -
08:10:26 "POST /collect HTTP/1.1" 200 -
08:10:26 "POST /collect HTTP/1.1" 200 -
08:10:26 "POST /collect HTTP/1.1" 200 -
08:10:26 "POST /collect HTTP/1.1" 200 -
08:10:26 "POST /collect HTTP/1.1" 200 -
08:10:26 "GET /roster HTTP/1.1" 200 -
08:10:26 "POST /collect HTTP/1.1" 200 -
08:10:26 "POST /collect HTTP/1.1" 200 -
08:10:26 "POST /collect HTTP/1.1" 200 -
08:10:26 "POST /collect HTTP/1.1" 200 -
08:10:27 "POST /collect HTTP/1.1" 200 -
08:10:27 "POST /collect HTTP/1.1" 200 -
08:10:27 "POST /collect HTTP/1.1" 200 -
08:10:27 "GET /roster HTTP/1.1" 200 -
08:10:27 "POST /collect HTTP/1.1" 200 -
08:10:27 "POST /collect HTTP/1.1" 200 -
08:10:27 "POST /collect HTTP/1.1" 200 -
08:10:27 "POST /collect HTTP/1.1" 200 -
08:10:28 "GET /roster HTTP/1.1" 200 -
08:10:28 "POST /collect HTTP/1.1" 200 -
08:10:28 "POST /collect HTTP/1.1" 200 -
08:10:28 "POST /collect HTTP/1.1" 200 -
08:10:28 "POST /collect HTTP/1.1" 200 -
08:10:28 "POST /collect HTTP/1.1" 200 -
08:10:28 "POST /collect HTTP/1.1" 200 -
08:10:28 "POST /collect HTTP/1.1" 200 -
08:10:29 "POST /collect HTTP/1.1" 200 -
08:10:29 "POST /collect HTTP/1.1" 200 -
08:10:29 "POST /collect HTTP/1.1" 200 -
08:10:29 "POST /collect HTTP/1.1" 200 -
08:10:29 "POST /collect HTTP/1.1" 200 -
08:10:29 "POST /collect HTTP/1.1" 200 -
08:10:29 "POST /collect HTTP/1.1" 200 -
08:10:29 "POST /collect HTTP/1.1" 200 -
08:10:29 "POST /collect HTTP/1.1" 200 -
08:10:29 "POST /collect HTTP/1.1" 200 -
08:10:29 "POST /collect HTTP/1.1" 200 -
08:10:29 "POST /collect HTTP/1.1" 200 -
08:10:29 "POST /collect HTTP/1.1" 200 -
08:10:29 "GET /roster HTTP/1.1" 200 -
08:10:29 "POST /collect HTTP/1.1" 200 -
08:10:29 "POST /collect HTTP/1.1" 200 -
08:10:29 "POST /collect HTTP/1.1" 200 -
08:10:29 "POST /collect HTTP/1.1" 200 -
08:10:30 "POST /collect HTTP/1.1" 200 -
08:10:30 "POST /collect HTTP/1.1" 200 -
08:10:30 "GET /roster HTTP/1.1" 200 -
08:10:30 "POST /collect HTTP/1.1" 200 -
08:10:30 "POST /collect HTTP/1.1" 200 -
08:10:30 "POST /collect HTTP/1.1" 200 -
08:10:30 "POST /collect HTTP/1.1" 200 -
08:10:30 "POST /collect HTTP/1.1" 200 -
08:10:31 "GET /roster HTTP/1.1" 200 -
08:10:31 "POST /collect HTTP/1.1" 200 -
08:10:31 "POST /collect HTTP/1.1" 200 -
08:10:31 "POST /collect HTTP/1.1" 200 -
08:10:31 "POST /collect HTTP/1.1" 200 -
08:10:31 "POST /collect HTTP/1.1" 200 -
08:10:31 "POST /collect HTTP/1.1" 200 -
08:10:31 "POST /collect HTTP/1.1" 200 -
08:10:32 "POST /collect HTTP/1.1" 200 -
08:10:32 "POST /collect HTTP/1.1" 200 -
08:10:32 "POST /collect HTTP/1.1" 200 -
08:10:32 "POST /collect HTTP/1.1" 200 -
08:10:32 "POST /collect HTTP/1.1" 200 -
08:10:32 "POST /collect HTTP/1.1" 200 -
08:10:32 "POST /collect HTTP/1.1" 200 -
08:10:32 "POST /collect HTTP/1.1" 200 -
08:10:32 "POST /collect HTTP/1.1" 200 -
08:10:32 "POST /collect HTTP/1.1" 200 -
08:10:32 "POST /collect HTTP/1.1" 200 -
08:10:32 "POST /collect HTTP/1.1" 200 -
08:10:32 "POST /collect HTTP/1.1" 200 -
08:10:32 "GET /roster HTTP/1.1" 200 -
08:10:32 "POST /collect HTTP/1.1" 200 -
08:10:32 "POST /collect HTTP/1.1" 200 -
08:10:32 "POST /collect HTTP/1.1" 200 -
08:10:32 "POST /collect HTTP/1.1" 200 -
08:10:33 "POST /collect HTTP/1.1" 200 -
08:10:33 "POST /collect HTTP/1.1" 200 -
08:10:33 "POST /collect HTTP/1.1" 200 -
08:10:33 "GET /roster HTTP/1.1" 200 -
08:10:33 "POST /collect HTTP/1.1" 200 -
08:10:33 "POST /collect HTTP/1.1" 200 -
08:10:33 "POST /collect HTTP/1.1" 200 -
08:10:33 "POST /collect HTTP/1.1" 200 -
08:10:34 "GET /roster HTTP/1.1" 200 -
08:10:34 "POST /collect HTTP/1.1" 200 -
08:10:34 "POST /collect HTTP/1.1" 200 -
08:10:34 "POST /collect HTTP/1.1" 200 -
08:10:34 "POST /collect HTTP/1.1" 200 -
08:10:34 "POST /collect HTTP/1.1" 200 -
08:10:34 "POST /collect HTTP/1.1" 200 -
08:10:34 "POST /collect HTTP/1.1" 200 -
08:10:35 "POST /collect HTTP/1.1" 200 -
08:10:35 "POST /collect HTTP/1.1" 200 -
08:10:35 "POST /collect HTTP/1.1" 200 -
08:10:35 "POST /collect HTTP/1.1" 200 -
08:10:35 "POST /collect HTTP/1.1" 200 -
08:10:35 "POST /collect HTTP/1.1" 200 -
08:10:35 "POST /collect HTTP/1.1" 200 -
08:10:35 "POST /collect HTTP/1.1" 200 -
08:10:35 "POST /collect HTTP/1.1" 200 -
08:10:35 "POST /collect HTTP/1.1" 200 -
08:10:35 "POST /collect HTTP/1.1" 200 -
08:10:35 "POST /collect HTTP/1.1" 200 -
08:10:35 "POST /collect HTTP/1.1" 200 -
08:10:35 "GET /roster HTTP/1.1" 200 -
08:10:35 "POST /collect HTTP/1.1" 200 -
08:10:35 "POST /collect HTTP/1.1" 200 -
08:10:35 "POST /collect HTTP/1.1" 200 -
08:10:35 "POST /collect HTTP/1.1" 200 -
08:10:36 "POST /collect HTTP/1.1" 200 -
08:10:36 "POST /collect HTTP/1.1" 200 -
08:10:36 "GET /roster HTTP/1.1" 200 -
08:10:36 "POST /collect HTTP/1.1" 200 -
08:10:36 "POST /collect HTTP/1.1" 200 -
08:10:36 "POST /collect HTTP/1.1" 200 -
08:10:36 "POST /collect HTTP/1.1" 200 -
08:10:36 "POST /collect HTTP/1.1" 200 -
08:10:37 "GET /roster HTTP/1.1" 200 -
08:10:37 "POST /collect HTTP/1.1" 200 -
08:10:37 "POST /collect HTTP/1.1" 200 -
08:10:37 "POST /collect HTTP/1.1" 200 -
08:10:37 "POST /collect HTTP/1.1" 200 -
08:10:37 "POST /collect HTTP/1.1" 200 -
08:10:37 "POST /collect HTTP/1.1" 200 -
08:10:37 "POST /collect HTTP/1.1" 200 -
08:10:38 "POST /collect HTTP/1.1" 200 -
08:10:38 "POST /collect HTTP/1.1" 200 -
08:10:38 "POST /collect HTTP/1.1" 200 -
08:10:38 "POST /collect HTTP/1.1" 200 -
08:10:38 "POST /collect HTTP/1.1" 200 -
08:10:38 "POST /collect HTTP/1.1" 200 -
08:10:38 "POST /collect HTTP/1.1" 200 -
08:10:38 "POST /collect HTTP/1.1" 200 -
08:10:38 "POST /collect HTTP/1.1" 200 -
08:10:38 "POST /collect HTTP/1.1" 200 -
08:10:38 "POST /collect HTTP/1.1" 200 -
08:10:38 "POST /collect HTTP/1.1" 200 -
08:10:38 "POST /collect HTTP/1.1" 200 -
08:10:38 "GET /roster HTTP/1.1" 200 -
08:10:38 "POST /collect HTTP/1.1" 200 -
08:10:38 "POST /collect HTTP/1.1" 200 -
08:10:38 "POST /collect HTTP/1.1" 200 -
08:10:38 "POST /collect HTTP/1.1" 200 -
08:10:39 "POST /collect HTTP/1.1" 200 -
08:10:39 "POST /collect HTTP/1.1" 200 -
08:10:39 "POST /collect HTTP/1.1" 200 -
08:10:39 "GET /roster HTTP/1.1" 200 -
08:10:39 "POST /collect HTTP/1.1" 200 -
08:10:39 "POST /collect HTTP/1.1" 200 -
08:10:39 "POST /collect HTTP/1.1" 200 -
08:10:39 "POST /collect HTTP/1.1" 200 -
08:10:39 "POST /collect HTTP/1.1" 200 -
08:10:40 "GET /roster HTTP/1.1" 200 -
08:10:40 "POST /collect HTTP/1.1" 200 -
08:10:40 "POST /collect HTTP/1.1" 200 -
08:10:40 "POST /collect HTTP/1.1" 200 -
08:10:40 "POST /collect HTTP/1.1" 200 -
08:10:40 "POST /collect HTTP/1.1" 200 -
08:10:40 "POST /collect HTTP/1.1" 200 -
08:10:40 "POST /collect HTTP/1.1" 200 -
08:10:41 "POST /collect HTTP/1.1" 200 -
08:10:41 "POST /collect HTTP/1.1" 200 -
08:10:41 "POST /collect HTTP/1.1" 200 -
08:10:41 "POST /collect HTTP/1.1" 200 -
08:10:41 "POST /collect HTTP/1.1" 200 -
08:10:41 "POST /collect HTTP/1.1" 200 -
08:10:41 "POST /collect HTTP/1.1" 200 -
08:10:41 "POST /collect HTTP/1.1" 200 -
08:10:41 "POST /collect HTTP/1.1" 200 -
08:10:41 "POST /collect HTTP/1.1" 200 -
08:10:41 "POST /collect HTTP/1.1" 200 -
08:10:41 "POST /collect HTTP/1.1" 200 -
08:10:41 "POST /collect HTTP/1.1" 200 -
08:10:41 "GET /roster HTTP/1.1" 200 -
08:10:41 "POST /collect HTTP/1.1" 200 -
08:10:41 "POST /collect HTTP/1.1" 200 -
08:10:41 "POST /collect HTTP/1.1" 200 -
08:10:41 "POST /collect HTTP/1.1" 200 -
08:10:42 "POST /collect HTTP/1.1" 200 -
08:10:42 "POST /collect HTTP/1.1" 200 -
08:10:42 "POST /collect HTTP/1.1" 200 -
08:10:42 "POST /collect HTTP/1.1" 200 -
08:10:42 "GET /roster HTTP/1.1" 200 -
08:10:42 "POST /collect HTTP/1.1" 200 -
08:10:42 "POST /collect HTTP/1.1" 200 -
08:10:42 "POST /collect HTTP/1.1" 200 -
08:10:43 "GET /roster HTTP/1.1" 200 -
08:10:43 "POST /collect HTTP/1.1" 200 -
08:10:43 "POST /collect HTTP/1.1" 200 -
08:10:43 "POST /collect HTTP/1.1" 200 -
08:10:43 "POST /collect HTTP/1.1" 200 -
08:10:43 "POST /collect HTTP/1.1" 200 -
08:10:43 "POST /collect HTTP/1.1" 200 -
08:10:43 "POST /collect HTTP/1.1" 200 -
08:10:44 "POST /collect HTTP/1.1" 200 -
08:10:44 "POST /collect HTTP/1.1" 200 -
08:10:44 "POST /collect HTTP/1.1" 200 -
08:10:44 "POST /collect HTTP/1.1" 200 -
08:10:44 "POST /collect HTTP/1.1" 200 -
08:10:44 "POST /collect HTTP/1.1" 200 -
08:10:44 "POST /collect HTTP/1.1" 200 -
08:10:44 "POST /collect HTTP/1.1" 200 -
08:10:44 "POST /collect HTTP/1.1" 200 -
08:10:44 "POST /collect HTTP/1.1" 200 -
08:10:44 "POST /collect HTTP/1.1" 200 -
08:10:44 "POST /collect HTTP/1.1" 200 -
08:10:44 "POST /collect HTTP/1.1" 200 -
08:10:44 "GET /roster HTTP/1.1" 200 -
08:10:44 "POST /collect HTTP/1.1" 200 -
08:10:44 "POST /collect HTTP/1.1" 200 -
08:10:44 "POST /collect HTTP/1.1" 200 -
08:10:44 "POST /collect HTTP/1.1" 200 -
08:10:45 "POST /collect HTTP/1.1" 200 -
08:10:45 "POST /collect HTTP/1.1" 200 -
08:10:45 "POST /collect HTTP/1.1" 200 -
08:10:45 "GET /roster HTTP/1.1" 200 -
08:10:45 "POST /collect HTTP/1.1" 200 -
08:10:45 "POST /collect HTTP/1.1" 200 -
08:10:45 "POST /collect HTTP/1.1" 200 -
08:10:45 "POST /collect HTTP/1.1" 200 -
08:10:46 "GET /roster HTTP/1.1" 200 -
08:10:46 "POST /collect HTTP/1.1" 200 -
08:10:46 "POST /collect HTTP/1.1" 200 -
08:10:46 "POST /collect HTTP/1.1" 200 -
08:10:46 "POST /collect HTTP/1.1" 200 -
08:10:46 "POST /collect HTTP/1.1" 200 -
08:10:46 "POST /collect HTTP/1.1" 200 -
08:10:46 "POST /collect HTTP/1.1" 200 -
08:10:47 "POST /collect HTTP/1.1" 200 -
08:10:47 "POST /collect HTTP/1.1" 200 -
08:10:47 "POST /collect HTTP/1.1" 200 -
08:10:47 "POST /collect HTTP/1.1" 200 -
08:10:47 "POST /collect HTTP/1.1" 200 -
08:10:47 "POST /collect HTTP/1.1" 200 -
08:10:47 "POST /collect HTTP/1.1" 200 -
08:10:47 "POST /collect HTTP/1.1" 200 -
08:10:47 "POST /collect HTTP/1.1" 200 -
08:10:47 "POST /collect HTTP/1.1" 200 -
08:10:47 "POST /collect HTTP/1.1" 200 -
08:10:47 "POST /collect HTTP/1.1" 200 -
08:10:47 "POST /collect HTTP/1.1" 200 -
08:10:47 "GET /roster HTTP/1.1" 200 -
08:10:47 "POST /collect HTTP/1.1" 200 -
08:10:47 "POST /collect HTTP/1.1" 200 -
08:10:47 "POST /collect HTTP/1.1" 200 -
08:10:47 "POST /collect HTTP/1.1" 200 -
08:10:48 "POST /collect HTTP/1.1" 200 -
08:10:48 "POST /collect HTTP/1.1" 200 -
08:10:48 "POST /collect HTTP/1.1" 200 -
08:10:48 "GET /roster HTTP/1.1" 200 -
08:10:48 "POST /collect HTTP/1.1" 200 -
08:10:48 "POST /collect HTTP/1.1" 200 -
08:10:48 "POST /collect HTTP/1.1" 200 -
08:10:48 "POST /collect HTTP/1.1" 200 -
08:10:49 "GET /roster HTTP/1.1" 200 -
08:10:49 "POST /collect HTTP/1.1" 200 -
08:10:49 "POST /collect HTTP/1.1" 200 -
08:10:49 "POST /collect HTTP/1.1" 200 -
08:10:49 "POST /collect HTTP/1.1" 200 -
08:10:49 "POST /collect HTTP/1.1" 200 -
08:10:49 "POST /collect HTTP/1.1" 200 -
08:10:49 "POST /collect HTTP/1.1" 200 -
08:10:49 "POST /collect HTTP/1.1" 200 -
08:10:49 "POST /collect HTTP/1.1" 200 -
08:10:50 "POST /collect HTTP/1.1" 200 -
08:10:50 "POST /collect HTTP/1.1" 200 -
08:10:50 "POST /collect HTTP/1.1" 200 -
08:10:50 "POST /collect HTTP/1.1" 200 -
08:10:50 "POST /collect HTTP/1.1" 200 -
08:10:50 "POST /collect HTTP/1.1" 200 -
08:10:50 "POST /collect HTTP/1.1" 200 -
08:10:50 "POST /collect HTTP/1.1" 200 -
08:10:50 "POST /collect HTTP/1.1" 200 -
08:10:50 "POST /collect HTTP/1.1" 200 -
08:10:50 "POST /collect HTTP/1.1" 200 -
08:10:50 "POST /collect HTTP/1.1" 200 -
08:10:50 "POST /collect HTTP/1.1" 200 -
08:10:50 "GET /roster HTTP/1.1" 200 -
08:10:50 "POST /collect HTTP/1.1" 200 -
08:10:50 "POST /collect HTTP/1.1" 200 -
08:10:50 "POST /collect HTTP/1.1" 200 -
08:10:50 "POST /collect HTTP/1.1" 200 -
08:10:51 "POST /collect HTTP/1.1" 200 -
08:10:51 "POST /collect HTTP/1.1" 200 -
08:10:51 "POST /collect HTTP/1.1" 200 -
08:10:51 "GET /roster HTTP/1.1" 200 -
08:10:51 "POST /collect HTTP/1.1" 200 -
08:10:51 "POST /collect HTTP/1.1" 200 -
08:10:51 "POST /collect HTTP/1.1" 200 -
08:10:51 "POST /collect HTTP/1.1" 200 -
