m2m server on :8897, results -> /Users/s32863/personal/elektron/results/m2m-heavy-N48.jsonl, app 8c2a974b…
06:30:13 "GET /roster HTTP/1.1" 200 -
06:30:13 "POST /reset HTTP/1.1" 200 -
06:30:14 "GET /room.html?id=1&n=48&hold=1&cb=1787715014698&audio=1&mode=full&cls=probe HTTP/1.1" 200 -
06:30:14 code 404, message File not found
06:30:14 "GET /favicon.ico HTTP/1.1" 404 -
06:30:14 "GET /room.html?id=2&n=48&hold=1&cb=1787715014794&audio=1&mode=full&cls=probe HTTP/1.1" 200 -
06:30:14 "GET /room.html?id=A&n=48&hold=1&cb=1787715014882&audio=1&mode=pub&vw=320&vh=180&vfps=15&cls=light HTTP/1.1" 200 -
06:30:15 "GET /room.html?id=B&n=48&hold=1&cb=1787715014965&audio=1&mode=pub&vw=320&vh=180&vfps=15&cls=light HTTP/1.1" 200 -
06:30:15 "GET /room.html?id=C&n=48&hold=1&cb=1787715015057&audio=1&mode=pub&vw=320&vh=180&vfps=15&cls=light HTTP/1.1" 200 -
06:30:15 "GET /room.html?id=D&n=48&hold=1&cb=1787715015655&audio=1&mode=pub&vw=320&vh=180&vfps=15&cls=light HTTP/1.1" 200 -
06:30:15 code 404, message File not found
06:30:15 "GET /favicon.ico HTTP/1.1" 404 -
06:30:15 "GET /room.html?id=E&n=48&hold=1&cb=1787715015752&audio=1&mode=pub&vw=320&vh=180&vfps=15&cls=light HTTP/1.1" 200 -
06:30:15 "GET /room.html?id=F&n=48&hold=1&cb=1787715015837&audio=1&mode=pub&vw=320&vh=180&vfps=15&cls=light HTTP/1.1" 200 -
06:30:15 "GET /room.html?id=G&n=48&hold=1&cb=1787715015925&audio=1&mode=pub&vw=320&vh=180&vfps=15&cls=light HTTP/1.1" 200 -
06:30:16 "GET /room.html?id=H&n=48&hold=1&cb=1787715016012&audio=1&mode=pub&vw=320&vh=180&vfps=15&cls=light HTTP/1.1" 200 -
06:30:16 "GET /room.html?id=I&n=48&hold=1&cb=1787715016686&audio=1&mode=pub&vw=320&vh=180&vfps=15&cls=light HTTP/1.1" 200 -
06:30:16 code 404, message File not found
06:30:16 "GET /favicon.ico HTTP/1.1" 404 -
06:30:16 "GET /room.html?id=J&n=48&hold=1&cb=1787715016781&audio=1&mode=pub&vw=320&vh=180&vfps=15&cls=light HTTP/1.1" 200 -
06:30:16 "GET /room.html?id=K&n=48&hold=1&cb=1787715016867&audio=1&mode=pub&vw=320&vh=180&vfps=15&cls=light HTTP/1.1" 200 -
06:30:16 "GET /room.html?id=L&n=48&hold=1&cb=1787715016954&audio=1&mode=pub&vw=320&vh=180&vfps=15&cls=light HTTP/1.1" 200 -
06:30:17 "GET /room.html?id=M&n=48&hold=1&cb=1787715017039&audio=1&mode=pub&vw=320&vh=180&vfps=15&cls=light HTTP/1.1" 200 -
06:30:17 "GET /room.html?id=N&n=48&hold=1&cb=1787715017677&audio=1&mode=pub&vw=320&vh=180&vfps=15&cls=light HTTP/1.1" 200 -
06:30:17 code 404, message File not found
06:30:17 "GET /favicon.ico HTTP/1.1" 404 -
06:30:17 "GET /room.html?id=O&n=48&hold=1&cb=1787715017773&audio=1&mode=pub&vw=320&vh=180&vfps=15&cls=light HTTP/1.1" 200 -
06:30:17 "GET /room.html?id=P&n=48&hold=1&cb=1787715017865&audio=1&mode=pub&vw=320&vh=180&vfps=15&cls=light HTTP/1.1" 200 -
06:30:17 "GET /room.html?id=Q&n=48&hold=1&cb=1787715017953&audio=1&mode=pub&vw=320&vh=180&vfps=15&cls=light HTTP/1.1" 200 -
06:30:18 "GET /room.html?id=R&n=48&hold=1&cb=1787715018042&audio=1&mode=pub&vw=320&vh=180&vfps=15&cls=light HTTP/1.1" 200 -
06:30:18 "GET /room.html?id=S&n=48&hold=1&cb=1787715018729&audio=1&mode=pub&vw=320&vh=180&vfps=15&cls=light HTTP/1.1" 200 -
06:30:18 code 404, message File not found
06:30:18 "GET /favicon.ico HTTP/1.1" 404 -
06:30:18 "GET /room.html?id=T&n=48&hold=1&cb=1787715018841&audio=1&mode=pub&vw=320&vh=180&vfps=15&cls=light HTTP/1.1" 200 -
06:30:18 "GET /room.html?id=U&n=48&hold=1&cb=1787715018933&audio=1&mode=pub&vw=320&vh=180&vfps=15&cls=light HTTP/1.1" 200 -
06:30:19 "GET /room.html?id=V&n=48&hold=1&cb=1787715019026&audio=1&mode=pub&vw=320&vh=180&vfps=15&cls=light HTTP/1.1" 200 -
06:30:19 "GET /room.html?id=W&n=48&hold=1&cb=1787715019116&audio=1&mode=pub&vw=320&vh=180&vfps=15&cls=light HTTP/1.1" 200 -
06:30:19 "GET /room.html?id=X&n=48&hold=1&cb=1787715019812&audio=1&mode=pub&vw=320&vh=180&vfps=15&cls=light HTTP/1.1" 200 -
06:30:19 code 404, message File not found
06:30:19 "GET /favicon.ico HTTP/1.1" 404 -
06:30:19 "GET /room.html?id=Y&n=48&hold=1&cb=1787715019915&audio=1&mode=pub&vw=320&vh=180&vfps=15&cls=light HTTP/1.1" 200 -
06:30:20 "GET /room.html?id=Z&n=48&hold=1&cb=1787715020017&audio=1&mode=pub&vw=320&vh=180&vfps=15&cls=light HTTP/1.1" 200 -
06:30:20 "GET /room.html?id=a&n=48&hold=1&cb=1787715020114&audio=1&mode=pub&vw=320&vh=180&vfps=15&cls=light HTTP/1.1" 200 -
06:30:20 "GET /room.html?id=b&n=48&hold=1&cb=1787715020211&audio=1&mode=pub&vw=320&vh=180&vfps=15&cls=light HTTP/1.1" 200 -
06:30:20 "GET /room.html?id=c&n=48&hold=1&cb=1787715020873&audio=1&mode=pub&vw=320&vh=180&vfps=15&cls=light HTTP/1.1" 200 -
06:30:20 code 404, message File not found
06:30:20 "GET /favicon.ico HTTP/1.1" 404 -
06:30:21 "GET /room.html?id=d&n=48&hold=1&cb=1787715020978&audio=1&mode=pub&vw=320&vh=180&vfps=15&cls=light HTTP/1.1" 200 -
06:30:21 "GET /room.html?id=e&n=48&hold=1&cb=1787715021078&audio=1&mode=pub&vw=320&vh=180&vfps=15&cls=light HTTP/1.1" 200 -
06:30:21 "GET /room.html?id=f&n=48&hold=1&cb=1787715021170&audio=1&mode=pub&vw=320&vh=180&vfps=15&cls=light HTTP/1.1" 200 -
06:30:21 "GET /room.html?id=g&n=48&hold=1&cb=1787715021265&audio=1&mode=pub&vw=320&vh=180&vfps=15&cls=light HTTP/1.1" 200 -
06:30:21 "GET /room.html?id=h&n=48&hold=1&cb=1787715021943&audio=1&mode=pub&vw=320&vh=180&vfps=15&cls=light HTTP/1.1" 200 -
06:30:22 code 404, message File not found
06:30:22 "GET /favicon.ico HTTP/1.1" 404 -
06:30:22 "GET /room.html?id=i&n=48&hold=1&cb=1787715022070&audio=1&mode=pub&vw=320&vh=180&vfps=15&cls=light HTTP/1.1" 200 -
06:30:22 "GET /room.html?id=j&n=48&hold=1&cb=1787715022171&audio=1&mode=pub&vw=320&vh=180&vfps=15&cls=light HTTP/1.1" 200 -
06:30:22 "GET /room.html?id=k&n=48&hold=1&cb=1787715022270&audio=1&mode=pub&vw=320&vh=180&vfps=15&cls=light HTTP/1.1" 200 -
06:30:22 "GET /room.html?id=l&n=48&hold=1&cb=1787715022368&audio=1&mode=pub&vw=320&vh=180&vfps=15&cls=light HTTP/1.1" 200 -
06:30:23 "GET /room.html?id=m&n=48&hold=1&cb=1787715023078&audio=1&mode=pub&vw=320&vh=180&vfps=15&cls=light HTTP/1.1" 200 -
06:30:23 code 404, message File not found
06:30:23 "GET /favicon.ico HTTP/1.1" 404 -
06:30:23 "GET /room.html?id=n&n=48&hold=1&cb=1787715023206&audio=1&mode=pub&vw=320&vh=180&vfps=15&cls=light HTTP/1.1" 200 -
06:30:23 "GET /room.html?id=o&n=48&hold=1&cb=1787715023310&audio=1&mode=pub&vw=320&vh=180&vfps=15&cls=light HTTP/1.1" 200 -
06:30:23 "GET /room.html?id=p&n=48&hold=1&cb=1787715023425&audio=1&mode=pub&vw=320&vh=180&vfps=15&cls=light HTTP/1.1" 200 -
06:30:23 "GET /room.html?id=q&n=48&hold=1&cb=1787715023532&audio=1&mode=pub&vw=320&vh=180&vfps=15&cls=light HTTP/1.1" 200 -
06:30:24 "GET /room.html?id=r&n=48&hold=1&cb=1787715024204&audio=1&mode=pub&vw=320&vh=180&vfps=15&cls=light HTTP/1.1" 200 -
06:30:24 code 404, message File not found
06:30:24 "GET /favicon.ico HTTP/1.1" 404 -
06:30:24 "GET /room.html?id=s&n=48&hold=1&cb=1787715024310&audio=1&mode=pub&vw=320&vh=180&vfps=15&cls=light HTTP/1.1" 200 -
06:30:24 "GET /room.html?id=t&n=48&hold=1&cb=1787715024401&audio=1&mode=pub&vw=320&vh=180&vfps=15&cls=light HTTP/1.1" 200 -
06:30:24 "POST /collect HTTP/1.1" 200 -
06:30:25 CF POST /sessions/new -> 201 (251 ms)
06:30:25 "POST /cf/sessions/new HTTP/1.1" 201 -
06:30:25 CF POST /sessions/new -> 201 (533 ms)
06:30:25 "POST /cf/sessions/new HTTP/1.1" 201 -
06:30:25 CF POST /sessions/new -> 201 (428 ms)
06:30:25 "POST /cf/sessions/new HTTP/1.1" 201 -
06:30:25 CF POST /sessions/new -> 201 (371 ms)
06:30:25 "POST /cf/sessions/new HTTP/1.1" 201 -
06:30:25 CF POST /sessions/new -> 201 (298 ms)
06:30:25 "POST /cf/sessions/new HTTP/1.1" 201 -
06:30:25 CF POST /sessions/new -> 201 (338 ms)
06:30:25 "POST /cf/sessions/new HTTP/1.1" 201 -
06:30:25 CF POST /sessions/new -> 201 (321 ms)
06:30:25 "POST /cf/sessions/new HTTP/1.1" 201 -
06:30:25 CF POST /sessions/new -> 201 (354 ms)
06:30:25 "POST /cf/sessions/new HTTP/1.1" 201 -
06:30:25 CF POST /sessions/new -> 201 (440 ms)
06:30:25 "POST /cf/sessions/new HTTP/1.1" 201 -
06:30:25 CF POST /sessions/new -> 201 (486 ms)
06:30:25 "POST /cf/sessions/new HTTP/1.1" 201 -
06:30:25 CF POST /sessions/new -> 201 (185 ms)
06:30:25 "POST /cf/sessions/new HTTP/1.1" 201 -
06:30:25 CF POST /sessions/new -> 201 (548 ms)
06:30:25 "POST /cf/sessions/new HTTP/1.1" 201 -
06:30:25 CF POST /sessions/new -> 201 (370 ms)
06:30:25 "POST /cf/sessions/new HTTP/1.1" 201 -
06:30:25 CF POST /sessions/new -> 201 (307 ms)
06:30:25 CF POST /sessions/new -> 201 (388 ms)
06:30:25 "POST /cf/sessions/new HTTP/1.1" 201 -
06:30:25 CF POST /sessions/new -> 201 (457 ms)
06:30:25 "POST /cf/sessions/new HTTP/1.1" 201 -
06:30:25 "POST /cf/sessions/new HTTP/1.1" 201 -
06:30:25 CF POST /sessions/new -> 201 (519 ms)
06:30:25 "POST /cf/sessions/new HTTP/1.1" 201 -
06:30:25 CF POST /sessions/new -> 201 (356 ms)
06:30:25 "POST /cf/sessions/new HTTP/1.1" 201 -
06:30:25 CF POST /sessions/new -> 201 (192 ms)
06:30:25 "POST /cf/sessions/new HTTP/1.1" 201 -
06:30:25 CF POST /sessions/new -> 201 (328 ms)
06:30:25 "POST /cf/sessions/new HTTP/1.1" 201 -
06:30:25 CF POST /sessions/new -> 201 (436 ms)
06:30:25 "POST /cf/sessions/new HTTP/1.1" 201 -
06:30:25 CF POST /sessions/new -> 201 (462 ms)
06:30:25 "POST /cf/sessions/new HTTP/1.1" 201 -
06:30:25 CF POST /sessions/new -> 201 (314 ms)
06:30:25 "POST /cf/sessions/new HTTP/1.1" 201 -
06:30:25 CF POST /sessions/new -> 201 (509 ms)
06:30:25 "POST /cf/sessions/new HTTP/1.1" 201 -
06:30:25 CF POST /sessions/new -> 201 (324 ms)
06:30:25 "POST /cf/sessions/new HTTP/1.1" 201 -
06:30:25 CF POST /sessions/new -> 201 (319 ms)
06:30:25 "POST /cf/sessions/new HTTP/1.1" 201 -
06:30:25 CF POST /sessions/new -> 201 (377 ms)
06:30:25 "POST /cf/sessions/new HTTP/1.1" 201 -
06:30:25 CF POST /sessions/new -> 201 (472 ms)
06:30:25 "POST /cf/sessions/new HTTP/1.1" 201 -
06:30:25 CF POST /sessions/new -> 201 (346 ms)
06:30:25 "POST /cf/sessions/new HTTP/1.1" 201 -
06:30:25 CF POST /sessions/new -> 201 (472 ms)
06:30:25 "POST /cf/sessions/new HTTP/1.1" 201 -
06:30:25 CF POST /sessions/new -> 201 (476 ms)
06:30:25 "POST /cf/sessions/new HTTP/1.1" 201 -
06:30:25 CF POST /sessions/new -> 201 (511 ms)
06:30:25 "POST /cf/sessions/new HTTP/1.1" 201 -
06:30:25 CF POST /sessions/new -> 201 (554 ms)
06:30:25 "POST /cf/sessions/new HTTP/1.1" 201 -
06:30:25 CF POST /sessions/new -> 201 (419 ms)
06:30:25 "POST /cf/sessions/new HTTP/1.1" 201 -
06:30:25 CF POST /sessions/new -> 201 (574 ms)
06:30:25 "POST /cf/sessions/new HTTP/1.1" 201 -
06:30:25 CF POST /sessions/new -> 201 (403 ms)
06:30:25 "POST /cf/sessions/new HTTP/1.1" 201 -
06:30:25 CF POST /sessions/new -> 201 (588 ms)
06:30:25 "POST /cf/sessions/new HTTP/1.1" 201 -
06:30:25 CF POST /sessions/new -> 201 (448 ms)
06:30:25 "POST /cf/sessions/new HTTP/1.1" 201 -
06:30:25 CF POST /sessions/new -> 201 (609 ms)
06:30:25 "POST /cf/sessions/new HTTP/1.1" 201 -
06:30:25 CF POST /sessions/new -> 201 (365 ms)
06:30:25 "POST /cf/sessions/new HTTP/1.1" 201 -
06:30:25 CF POST /sessions/new -> 201 (441 ms)
06:30:25 "POST /cf/sessions/new HTTP/1.1" 201 -
06:30:25 CF POST /sessions/new -> 201 (265 ms)
06:30:25 "POST /cf/sessions/new HTTP/1.1" 201 -
06:30:25 CF POST /sessions/new -> 201 (448 ms)
06:30:25 "POST /cf/sessions/new HTTP/1.1" 201 -
06:30:25 CF POST /sessions/new -> 201 (486 ms)
06:30:25 "POST /cf/sessions/new HTTP/1.1" 201 -
06:30:25 CF POST /sessions/new -> 201 (348 ms)
06:30:25 "POST /cf/sessions/new HTTP/1.1" 201 -
06:30:25 CF POST /sessions/new -> 201 (587 ms)
06:30:25 "POST /cf/sessions/new HTTP/1.1" 201 -
06:30:25 CF POST /sessions/new -> 201 (364 ms)
06:30:25 "POST /cf/sessions/new HTTP/1.1" 201 -
06:30:25 CF POST /sessions/new -> 201 (391 ms)
06:30:25 "POST /cf/sessions/new HTTP/1.1" 201 -
06:30:26 "POST /save/pub-offer-i.sdp HTTP/1.1" 200 -
06:30:26 CF POST /sessions/330f23d6a4d512804a37ee18136d2f59a475c7bc4f1e75baddf0455f437a938c/tracks/new -> 200 (357 ms)
06:30:26 "POST /cf/sessions/330f23d6a4d512804a37ee18136d2f59a475c7bc4f1e75baddf0455f437a938c/tracks/new HTTP/1.1" 200 -
06:30:26 "POST /save/pub-answer-i.sdp HTTP/1.1" 200 -
06:30:26 "POST /collect HTTP/1.1" 200 -
06:30:26 "POST /collect HTTP/1.1" 200 -
06:30:26 "POST /collect HTTP/1.1" 200 -
06:30:26 "POST /collect HTTP/1.1" 200 -
06:30:26 "POST /join HTTP/1.1" 200 -
06:30:26 "POST /collect HTTP/1.1" 200 -
06:30:29 "POST /save/pub-offer-g.sdp HTTP/1.1" 200 -
06:30:29 "POST /save/pub-offer-w.sdp HTTP/1.1" 200 -
06:30:29 "POST /save/pub-offer-b.sdp HTTP/1.1" 200 -
06:30:29 "POST /save/pub-offer-t.sdp HTTP/1.1" 200 -
06:30:29 "POST /save/pub-offer-h.sdp HTTP/1.1" 200 -
06:30:29 "POST /save/pub-offer-m.sdp HTTP/1.1" 200 -
06:30:29 "POST /save/pub-offer-r.sdp HTTP/1.1" 200 -
06:30:29 "POST /save/pub-offer-l.sdp HTTP/1.1" 200 -
06:30:29 "POST /save/pub-offer-c.sdp HTTP/1.1" 200 -
06:30:29 "POST /save/pub-offer-q.sdp HTTP/1.1" 200 -
06:30:29 "POST /save/pub-offer-c.sdp HTTP/1.1" 200 -
06:30:29 "POST /save/pub-offer-f.sdp HTTP/1.1" 200 -
06:30:29 "POST /save/pub-offer-d.sdp HTTP/1.1" 200 -
06:30:29 "POST /save/pub-offer-e.sdp HTTP/1.1" 200 -
06:30:29 "POST /save/pub-offer-e.sdp HTTP/1.1" 200 -
06:30:29 "POST /save/pub-offer-d.sdp HTTP/1.1" 200 -
06:30:29 "POST /save/pub-offer-g.sdp HTTP/1.1" 200 -
06:30:29 "POST /save/pub-offer-f.sdp HTTP/1.1" 200 -
06:30:29 "POST /save/pub-offer-a.sdp HTTP/1.1" 200 -
06:30:29 "POST /save/pub-offer-y.sdp HTTP/1.1" 200 -
06:30:29 "POST /save/pub-offer-r.sdp HTTP/1.1" 200 -
06:30:29 "POST /save/pub-offer-z.sdp HTTP/1.1" 200 -
06:30:29 "POST /save/pub-offer-x.sdp HTTP/1.1" 200 -
06:30:29 "POST /save/pub-offer-s.sdp HTTP/1.1" 200 -
06:30:29 "POST /save/pub-offer-l.sdp HTTP/1.1" 200 -
06:30:29 "POST /save/pub-offer-v.sdp HTTP/1.1" 200 -
06:30:29 "POST /save/pub-offer-o.sdp HTTP/1.1" 200 -
06:30:29 "POST /save/pub-offer-t.sdp HTTP/1.1" 200 -
06:30:29 "POST /save/pub-offer-o.sdp HTTP/1.1" 200 -
06:30:29 "POST /save/pub-offer-i.sdp HTTP/1.1" 200 -
06:30:29 "POST /save/pub-offer-u.sdp HTTP/1.1" 200 -
06:30:29 "POST /save/pub-offer-1.sdp HTTP/1.1" 200 -
06:30:29 "POST /save/pub-offer-b.sdp HTTP/1.1" 200 -
06:30:29 "POST /save/pub-offer-2.sdp HTTP/1.1" 200 -
06:30:29 "POST /save/pub-offer-p.sdp HTTP/1.1" 200 -
06:30:29 "POST /save/pub-offer-j.sdp HTTP/1.1" 200 -
06:30:29 "POST /save/pub-offer-a.sdp HTTP/1.1" 200 -
06:30:29 "POST /save/pub-offer-s.sdp HTTP/1.1" 200 -
06:30:29 "POST /save/pub-offer-k.sdp HTTP/1.1" 200 -
06:30:29 "POST /save/pub-offer-q.sdp HTTP/1.1" 200 -
06:30:29 "POST /save/pub-offer-n.sdp HTTP/1.1" 200 -
06:30:29 "POST /save/pub-offer-n.sdp HTTP/1.1" 200 -
06:30:29 "POST /save/pub-offer-j.sdp HTTP/1.1" 200 -
06:30:29 "POST /save/pub-offer-k.sdp HTTP/1.1" 200 -
06:30:29 "POST /save/pub-offer-m.sdp HTTP/1.1" 200 -
06:30:29 "POST /save/pub-offer-p.sdp HTTP/1.1" 200 -
06:30:29 "POST /save/pub-offer-h.sdp HTTP/1.1" 200 -
06:30:29 CF POST /sessions/f485aed9365c3b942ecdd2cf0043f479c09acaa5307126c845b2a11a399a54a1/tracks/new -> 200 (343 ms)
06:30:29 "POST /cf/sessions/f485aed9365c3b942ecdd2cf0043f479c09acaa5307126c845b2a11a399a54a1/tracks/new HTTP/1.1" 200 -
06:30:29 "POST /save/pub-answer-t.sdp HTTP/1.1" 200 -
06:30:29 "POST /collect HTTP/1.1" 200 -
06:30:29 "POST /collect HTTP/1.1" 200 -
06:30:29 "POST /collect HTTP/1.1" 200 -
06:30:29 CF POST /sessions/6bed0be02ab7eb981b1032c1eede4504b7c19ff69219eb80be04fe4a92dd217e/tracks/new -> 200 (370 ms)
06:30:29 "POST /cf/sessions/6bed0be02ab7eb981b1032c1eede4504b7c19ff69219eb80be04fe4a92dd217e/tracks/new HTTP/1.1" 200 -
06:30:29 "POST /save/pub-answer-w.sdp HTTP/1.1" 200 -
06:30:29 "POST /collect HTTP/1.1" 200 -
06:30:29 "POST /collect HTTP/1.1" 200 -
06:30:29 "POST /collect HTTP/1.1" 200 -
06:30:29 CF POST /sessions/926061a5dcea9f7b4c0bba77d5ae975804c63460d90111a8f929597dfe4448f4/tracks/new -> 200 (395 ms)
06:30:29 "POST /cf/sessions/926061a5dcea9f7b4c0bba77d5ae975804c63460d90111a8f929597dfe4448f4/tracks/new HTTP/1.1" 200 -
06:30:29 CF POST /sessions/a91c98e2d1cf761c5fe6620543c10165ed8564b758afc819f4b4a6aa76a1d8ea/tracks/new -> 200 (376 ms)
06:30:29 "POST /cf/sessions/a91c98e2d1cf761c5fe6620543c10165ed8564b758afc819f4b4a6aa76a1d8ea/tracks/new HTTP/1.1" 200 -
06:30:29 "POST /save/pub-answer-g.sdp HTTP/1.1" 200 -
06:30:29 "POST /save/pub-answer-h.sdp HTTP/1.1" 200 -
06:30:29 CF POST /sessions/1b0e31251a2b673bed872c248b7c9ef77cc2fd2aea3b6f180ac184c7ef243ce1/tracks/new -> 200 (354 ms)
06:30:29 "POST /cf/sessions/1b0e31251a2b673bed872c248b7c9ef77cc2fd2aea3b6f180ac184c7ef243ce1/tracks/new HTTP/1.1" 200 -
06:30:29 "POST /collect HTTP/1.1" 200 -
06:30:29 "POST /collect HTTP/1.1" 200 -
06:30:29 "POST /save/pub-answer-l.sdp HTTP/1.1" 200 -
06:30:29 "POST /collect HTTP/1.1" 200 -
06:30:29 "POST /collect HTTP/1.1" 200 -
06:30:29 "POST /collect HTTP/1.1" 200 -
06:30:29 "POST /collect HTTP/1.1" 200 -
06:30:29 "POST /collect HTTP/1.1" 200 -
06:30:29 "POST /collect HTTP/1.1" 200 -
06:30:29 "POST /collect HTTP/1.1" 200 -
06:30:29 CF POST /sessions/3424807c2c546e2e5826fc95e0a0d4f513f1561a385a6e07983d4d1f50b834c9/tracks/new -> 200 (386 ms)
06:30:29 "POST /cf/sessions/3424807c2c546e2e5826fc95e0a0d4f513f1561a385a6e07983d4d1f50b834c9/tracks/new HTTP/1.1" 200 -
06:30:29 "POST /save/pub-answer-r.sdp HTTP/1.1" 200 -
06:30:29 "POST /collect HTTP/1.1" 200 -
06:30:29 "POST /collect HTTP/1.1" 200 -
06:30:29 "POST /collect HTTP/1.1" 200 -
06:30:29 CF POST /sessions/619afb22b78f26ca006d339d368f0393d0e7da136d8608dbe205be85e4a40d0b/tracks/new -> 200 (404 ms)
06:30:29 "POST /cf/sessions/619afb22b78f26ca006d339d368f0393d0e7da136d8608dbe205be85e4a40d0b/tracks/new HTTP/1.1" 200 -
06:30:29 CF POST /sessions/915a90451cba2233ecf082d493bd67e05f84d40be866bd888256f4d331f8b90b/tracks/new -> 200 (426 ms)
06:30:29 CF POST /sessions/5acd5f3356e5fec4a89decfc1e7f8329fbacc3931e3468e3bc95221a5d192b77/tracks/new -> 200 (380 ms)
06:30:29 "POST /cf/sessions/915a90451cba2233ecf082d493bd67e05f84d40be866bd888256f4d331f8b90b/tracks/new HTTP/1.1" 200 -
06:30:29 "POST /cf/sessions/5acd5f3356e5fec4a89decfc1e7f8329fbacc3931e3468e3bc95221a5d192b77/tracks/new HTTP/1.1" 200 -
06:30:29 "POST /save/pub-answer-m.sdp HTTP/1.1" 200 -
06:30:29 "POST /collect HTTP/1.1" 200 -
06:30:29 "POST /save/pub-answer-b.sdp HTTP/1.1" 200 -
06:30:29 "POST /save/pub-answer-c.sdp HTTP/1.1" 200 -
06:30:29 "POST /collect HTTP/1.1" 200 -
06:30:29 "POST /collect HTTP/1.1" 200 -
06:30:29 "POST /collect HTTP/1.1" 200 -
06:30:29 "POST /collect HTTP/1.1" 200 -
06:30:29 "POST /collect HTTP/1.1" 200 -
06:30:29 "POST /collect HTTP/1.1" 200 -
06:30:29 "POST /collect HTTP/1.1" 200 -
06:30:29 "POST /collect HTTP/1.1" 200 -
06:30:29 CF POST /sessions/91ff18fd7e147f60ecaab1c8e7c70d6e709d17c86729bef9ff1b1bb7aa01b7c6/tracks/new -> 200 (397 ms)
06:30:29 "POST /cf/sessions/91ff18fd7e147f60ecaab1c8e7c70d6e709d17c86729bef9ff1b1bb7aa01b7c6/tracks/new HTTP/1.1" 200 -
06:30:29 "POST /save/pub-answer-q.sdp HTTP/1.1" 200 -
06:30:29 "POST /collect HTTP/1.1" 200 -
06:30:29 "POST /collect HTTP/1.1" 200 -
06:30:29 "POST /collect HTTP/1.1" 200 -
06:30:29 CF POST /sessions/f8d30cc824f3f705a8022b8a0f958cbdfcc8eab0a22eb25e03af9511f7317346/tracks/new -> 200 (343 ms)
06:30:29 "POST /cf/sessions/f8d30cc824f3f705a8022b8a0f958cbdfcc8eab0a22eb25e03af9511f7317346/tracks/new HTTP/1.1" 200 -
06:30:29 "POST /save/pub-answer-t.sdp HTTP/1.1" 200 -
06:30:29 "POST /collect HTTP/1.1" 200 -
06:30:29 "POST /collect HTTP/1.1" 200 -
06:30:29 "POST /collect HTTP/1.1" 200 -
06:30:29 CF POST /sessions/a07383cb6070fb1f22f3fb46b3ad132b582fea7e8626fc3c835c840b2db9ecd7/tracks/new -> 200 (399 ms)
06:30:29 "POST /cf/sessions/a07383cb6070fb1f22f3fb46b3ad132b582fea7e8626fc3c835c840b2db9ecd7/tracks/new HTTP/1.1" 200 -
06:30:29 "POST /save/pub-answer-d.sdp HTTP/1.1" 200 -
06:30:29 "POST /collect HTTP/1.1" 200 -
06:30:29 "POST /collect HTTP/1.1" 200 -
06:30:29 "POST /collect HTTP/1.1" 200 -
06:30:29 CF POST /sessions/e8c799ef65cd2e0c6031473b3ea97a0af3b75fec86a0962ad10461400f5abd95/tracks/new -> 200 (419 ms)
06:30:29 "POST /cf/sessions/e8c799ef65cd2e0c6031473b3ea97a0af3b75fec86a0962ad10461400f5abd95/tracks/new HTTP/1.1" 200 -
06:30:29 CF POST /sessions/c6c0b1a7f8016e909d5479a0a9f7b1d11b06bfcc2bc3baab709cf24d25220410/tracks/new -> 200 (419 ms)
06:30:29 "POST /cf/sessions/c6c0b1a7f8016e909d5479a0a9f7b1d11b06bfcc2bc3baab709cf24d25220410/tracks/new HTTP/1.1" 200 -
06:30:29 "POST /save/pub-answer-d.sdp HTTP/1.1" 200 -
06:30:29 "POST /save/pub-answer-c.sdp HTTP/1.1" 200 -
06:30:29 "POST /collect HTTP/1.1" 200 -
06:30:29 "POST /collect HTTP/1.1" 200 -
06:30:29 "POST /collect HTTP/1.1" 200 -
06:30:29 "POST /collect HTTP/1.1" 200 -
06:30:29 "POST /collect HTTP/1.1" 200 -
06:30:29 "POST /collect HTTP/1.1" 200 -
06:30:29 CF POST /sessions/1d16ad956e3309e35e48915d2cfa5e610acd7c04c98035359a18972982a89bf3/tracks/new -> 200 (419 ms)
06:30:29 "POST /cf/sessions/1d16ad956e3309e35e48915d2cfa5e610acd7c04c98035359a18972982a89bf3/tracks/new HTTP/1.1" 200 -
06:30:29 CF POST /sessions/3e23d65984f1e8f99803e38deef64639328819336875b0901971dfb78ffd8586/tracks/new -> 200 (430 ms)
06:30:29 "POST /cf/sessions/3e23d65984f1e8f99803e38deef64639328819336875b0901971dfb78ffd8586/tracks/new HTTP/1.1" 200 -
06:30:29 "POST /save/pub-answer-f.sdp HTTP/1.1" 200 -
06:30:29 "POST /save/pub-answer-e.sdp HTTP/1.1" 200 -
06:30:29 "POST /collect HTTP/1.1" 200 -
06:30:29 CF POST /sessions/878e38c918a2e497e23c1a9e4f530e1c304d30eefe44cdc383bff91aa9e4c7f4/tracks/new -> 200 (375 ms)
06:30:29 "POST /cf/sessions/878e38c918a2e497e23c1a9e4f530e1c304d30eefe44cdc383bff91aa9e4c7f4/tracks/new HTTP/1.1" 200 -
06:30:29 "POST /collect HTTP/1.1" 200 -
06:30:29 "POST /collect HTTP/1.1" 200 -
06:30:29 "POST /collect HTTP/1.1" 200 -
06:30:29 "POST /collect HTTP/1.1" 200 -
06:30:29 "POST /save/pub-answer-o.sdp HTTP/1.1" 200 -
06:30:29 "POST /collect HTTP/1.1" 200 -
06:30:29 "POST /collect HTTP/1.1" 200 -
06:30:29 "POST /collect HTTP/1.1" 200 -
06:30:29 "POST /collect HTTP/1.1" 200 -
06:30:29 CF POST /sessions/4b119fec9abd5d9c3c4202835a0267e523530a601e48bdae449533c6e0278627/tracks/new -> 200 (366 ms)
06:30:29 "POST /cf/sessions/4b119fec9abd5d9c3c4202835a0267e523530a601e48bdae449533c6e0278627/tracks/new HTTP/1.1" 200 -
06:30:29 "POST /save/pub-answer-s.sdp HTTP/1.1" 200 -
06:30:29 "POST /collect HTTP/1.1" 200 -
06:30:29 "POST /collect HTTP/1.1" 200 -
06:30:29 "POST /collect HTTP/1.1" 200 -
06:30:29 CF POST /sessions/478f7ffd47803255018782f81b4877db372363fecb13662f03c9b97e2466ea66/tracks/new -> 200 (411 ms)
06:30:29 "POST /cf/sessions/478f7ffd47803255018782f81b4877db372363fecb13662f03c9b97e2466ea66/tracks/new HTTP/1.1" 200 -
06:30:29 "POST /save/pub-answer-v.sdp HTTP/1.1" 200 -
06:30:29 CF POST /sessions/6e976fde07b6790805768c70922e36fba5a54bb6bdb21d897683ff7cc1e14c66/tracks/new -> 200 (386 ms)
06:30:29 "POST /cf/sessions/6e976fde07b6790805768c70922e36fba5a54bb6bdb21d897683ff7cc1e14c66/tracks/new HTTP/1.1" 200 -
06:30:29 "POST /collect HTTP/1.1" 200 -
06:30:29 "POST /collect HTTP/1.1" 200 -
06:30:29 "POST /collect HTTP/1.1" 200 -
06:30:29 "POST /save/pub-answer-a.sdp HTTP/1.1" 200 -
06:30:29 "POST /collect HTTP/1.1" 200 -
06:30:29 "POST /collect HTTP/1.1" 200 -
06:30:29 "POST /collect HTTP/1.1" 200 -
06:30:29 CF POST /sessions/325763d77dd310fd789d078da7b6a1e7e5b047b2726de405962ca156faf3ba6e/tracks/new -> 200 (400 ms)
06:30:29 "POST /cf/sessions/325763d77dd310fd789d078da7b6a1e7e5b047b2726de405962ca156faf3ba6e/tracks/new HTTP/1.1" 200 -
06:30:29 "POST /collect HTTP/1.1" 200 -
06:30:29 "POST /save/pub-answer-j.sdp HTTP/1.1" 200 -
06:30:29 CF POST /sessions/3f8ad2ec9d8fdc37d123fbe02c7dd2ad5e3f8da7b01fafbfdc71e03b6591ac5d/tracks/new -> 200 (408 ms)
06:30:29 "POST /cf/sessions/3f8ad2ec9d8fdc37d123fbe02c7dd2ad5e3f8da7b01fafbfdc71e03b6591ac5d/tracks/new HTTP/1.1" 200 -
06:30:29 CF POST /sessions/f49501f9de589ed64aeb1ab88899bf9a7ef4cb1cbf996a2012ccbee94fd78289/tracks/new -> 200 (381 ms)
06:30:29 "POST /cf/sessions/f49501f9de589ed64aeb1ab88899bf9a7ef4cb1cbf996a2012ccbee94fd78289/tracks/new HTTP/1.1" 200 -
06:30:29 CF POST /sessions/a2b50ad575062adf6c5500412ba943c2ab1265d4a3d04ec824fd32a2c531d5a1/tracks/new -> 200 (457 ms)
06:30:29 "POST /cf/sessions/a2b50ad575062adf6c5500412ba943c2ab1265d4a3d04ec824fd32a2c531d5a1/tracks/new HTTP/1.1" 200 -
06:30:29 "POST /collect HTTP/1.1" 200 -
06:30:29 "POST /save/pub-answer-2.sdp HTTP/1.1" 200 -
06:30:29 CF POST /sessions/71ae8fc1c177643bc69bd1114937622a3c8d9741e3054dab062ab5191abf5125/tracks/new -> 200 (416 ms)
06:30:29 "POST /cf/sessions/71ae8fc1c177643bc69bd1114937622a3c8d9741e3054dab062ab5191abf5125/tracks/new HTTP/1.1" 200 -
06:30:29 "POST /collect HTTP/1.1" 200 -
06:30:29 "POST /save/pub-answer-p.sdp HTTP/1.1" 200 -
06:30:29 "POST /collect HTTP/1.1" 200 -
06:30:29 "POST /save/pub-answer-y.sdp HTTP/1.1" 200 -
06:30:29 "POST /save/pub-answer-u.sdp HTTP/1.1" 200 -
06:30:29 CF POST /sessions/accd5c2dcae65372218ae444c5fea428a2738830cdbb59a03cc984ee86f5b1e0/tracks/new -> 200 (410 ms)
06:30:29 "POST /cf/sessions/accd5c2dcae65372218ae444c5fea428a2738830cdbb59a03cc984ee86f5b1e0/tracks/new HTTP/1.1" 200 -
06:30:29 "POST /collect HTTP/1.1" 200 -
06:30:29 "POST /collect HTTP/1.1" 200 -
06:30:29 "POST /save/pub-answer-k.sdp HTTP/1.1" 200 -
06:30:29 "POST /collect HTTP/1.1" 200 -
06:30:29 "POST /collect HTTP/1.1" 200 -
06:30:29 "POST /collect HTTP/1.1" 200 -
06:30:29 "POST /collect HTTP/1.1" 200 -
06:30:29 "POST /collect HTTP/1.1" 200 -
06:30:29 "POST /collect HTTP/1.1" 200 -
06:30:29 "POST /collect HTTP/1.1" 200 -
06:30:29 "POST /collect HTTP/1.1" 200 -
06:30:29 "POST /collect HTTP/1.1" 200 -
06:30:29 CF POST /sessions/97a1861c1fa2310a15e3a2823cbc6d2e557f9014eb63fa93bbb9774e128827b6/tracks/new -> 200 (430 ms)
06:30:29 "POST /cf/sessions/97a1861c1fa2310a15e3a2823cbc6d2e557f9014eb63fa93bbb9774e128827b6/tracks/new HTTP/1.1" 200 -
06:30:29 "POST /collect HTTP/1.1" 200 -
06:30:29 "POST /collect HTTP/1.1" 200 -
06:30:29 "POST /collect HTTP/1.1" 200 -
06:30:29 "POST /collect HTTP/1.1" 200 -
06:30:29 "POST /save/pub-answer-i.sdp HTTP/1.1" 200 -
06:30:29 CF POST /sessions/6cc612f63f779bd0cba133e93d34c0d92f8851a25c7cfa9125225b60304a673a/tracks/new -> 200 (467 ms)
06:30:29 "POST /cf/sessions/6cc612f63f779bd0cba133e93d34c0d92f8851a25c7cfa9125225b60304a673a/tracks/new HTTP/1.1" 200 -
06:30:29 "POST /save/pub-answer-x.sdp HTTP/1.1" 200 -
06:30:29 "POST /collect HTTP/1.1" 200 -
06:30:29 "POST /collect HTTP/1.1" 200 -
06:30:29 "POST /collect HTTP/1.1" 200 -
06:30:29 "POST /collect HTTP/1.1" 200 -
06:30:29 "POST /collect HTTP/1.1" 200 -
06:30:29 "POST /collect HTTP/1.1" 200 -
06:30:29 CF POST /sessions/65b039bcb08c83421aa8c9dfe55d34b7f1efeb3a904b58dbe02f3ab629c6257e/tracks/new -> 200 (412 ms)
06:30:29 "POST /cf/sessions/65b039bcb08c83421aa8c9dfe55d34b7f1efeb3a904b58dbe02f3ab629c6257e/tracks/new HTTP/1.1" 200 -
06:30:29 "POST /save/pub-answer-j.sdp HTTP/1.1" 200 -
06:30:29 CF POST /sessions/ca11623281db65a0d7e3755e9aaf30b65233020d1e630a44e9b5a3096ed00bd2/tracks/new -> 200 (439 ms)
06:30:29 "POST /cf/sessions/ca11623281db65a0d7e3755e9aaf30b65233020d1e630a44e9b5a3096ed00bd2/tracks/new HTTP/1.1" 200 -
06:30:29 "POST /save/pub-answer-p.sdp HTTP/1.1" 200 -
06:30:29 "POST /collect HTTP/1.1" 200 -
06:30:29 "POST /collect HTTP/1.1" 200 -
06:30:29 "POST /collect HTTP/1.1" 200 -
06:30:29 "POST /collect HTTP/1.1" 200 -
06:30:29 "POST /collect HTTP/1.1" 200 -
06:30:29 "POST /collect HTTP/1.1" 200 -
06:30:29 "POST /collect HTTP/1.1" 200 -
06:30:29 CF POST /sessions/3c01acbb9f46cdb4423dc34168cea307bb88c86f7af6bca3789ee578ea1e0fc5/tracks/new -> 200 (480 ms)
06:30:29 "POST /cf/sessions/3c01acbb9f46cdb4423dc34168cea307bb88c86f7af6bca3789ee578ea1e0fc5/tracks/new HTTP/1.1" 200 -
06:30:29 "POST /save/pub-answer-o.sdp HTTP/1.1" 200 -
06:30:29 "POST /collect HTTP/1.1" 200 -
06:30:29 "POST /collect HTTP/1.1" 200 -
06:30:29 "POST /collect HTTP/1.1" 200 -
06:30:29 "POST /join HTTP/1.1" 200 -
06:30:29 "POST /collect HTTP/1.1" 200 -
06:30:29 CF POST /sessions/58031b840a74febcb1c1c4b2ab419ee6ca4cbd5f90cad98289ab03d6aacd0d3b/tracks/new -> 200 (426 ms)
06:30:29 "POST /cf/sessions/58031b840a74febcb1c1c4b2ab419ee6ca4cbd5f90cad98289ab03d6aacd0d3b/tracks/new HTTP/1.1" 200 -
06:30:29 "POST /save/pub-answer-h.sdp HTTP/1.1" 200 -
06:30:29 "POST /collect HTTP/1.1" 200 -
06:30:29 "POST /collect HTTP/1.1" 200 -
06:30:29 "POST /collect HTTP/1.1" 200 -
06:30:29 CF POST /sessions/462262037f257666329478fd4d46d32d5c2db37f6db891ceb793effe77538e64/tracks/new -> 200 (536 ms)
06:30:29 "POST /cf/sessions/462262037f257666329478fd4d46d32d5c2db37f6db891ceb793effe77538e64/tracks/new HTTP/1.1" 200 -
06:30:29 CF POST /sessions/4e524c92bb88ff102613426a4b28aea453f23c9cdbcb2d8122961dbae08a6586/tracks/new -> 200 (527 ms)
06:30:29 "POST /cf/sessions/4e524c92bb88ff102613426a4b28aea453f23c9cdbcb2d8122961dbae08a6586/tracks/new HTTP/1.1" 200 -
06:30:29 "POST /save/pub-answer-f.sdp HTTP/1.1" 200 -
06:30:29 "POST /save/pub-answer-z.sdp HTTP/1.1" 200 -
06:30:29 CF POST /sessions/ced072e018ec85b1072679ad8abdf33b180750558b68b9698efb0836790eed57/tracks/new -> 200 (463 ms)
06:30:29 "POST /cf/sessions/ced072e018ec85b1072679ad8abdf33b180750558b68b9698efb0836790eed57/tracks/new HTTP/1.1" 200 -
06:30:29 "POST /collect HTTP/1.1" 200 -
06:30:29 "POST /collect HTTP/1.1" 200 -
06:30:29 "POST /save/pub-answer-n.sdp HTTP/1.1" 200 -
06:30:29 "POST /collect HTTP/1.1" 200 -
06:30:29 "POST /collect HTTP/1.1" 200 -
06:30:29 "POST /collect HTTP/1.1" 200 -
06:30:29 "POST /collect HTTP/1.1" 200 -
06:30:29 "POST /collect HTTP/1.1" 200 -
06:30:29 "POST /collect HTTP/1.1" 200 -
06:30:29 "POST /collect HTTP/1.1" 200 -
06:30:29 CF POST /sessions/90b7e718a4cb624480e4acdf243587c484dcb319b1fc1d53e30614685cbed798/tracks/new -> 200 (552 ms)
06:30:29 "POST /cf/sessions/90b7e718a4cb624480e4acdf243587c484dcb319b1fc1d53e30614685cbed798/tracks/new HTTP/1.1" 200 -
06:30:29 CF POST /sessions/8750127d29800457707a138a67e91aafdc478b506b4934dc9ab58b44df58f23d/tracks/new -> 200 (512 ms)
06:30:29 "POST /cf/sessions/8750127d29800457707a138a67e91aafdc478b506b4934dc9ab58b44df58f23d/tracks/new HTTP/1.1" 200 -
06:30:29 "POST /save/pub-answer-a.sdp HTTP/1.1" 200 -
06:30:29 "POST /save/pub-answer-1.sdp HTTP/1.1" 200 -
06:30:29 CF POST /sessions/ce9067304d86098b489569f7b8cb286d6147deae8ca886d5dd47103626ba2482/tracks/new -> 200 (548 ms)
06:30:29 "POST /cf/sessions/ce9067304d86098b489569f7b8cb286d6147deae8ca886d5dd47103626ba2482/tracks/new HTTP/1.1" 200 -
06:30:29 "POST /collect HTTP/1.1" 200 -
06:30:29 "POST /save/pub-answer-s.sdp HTTP/1.1" 200 -
06:30:29 "POST /collect HTTP/1.1" 200 -
06:30:29 "POST /collect HTTP/1.1" 200 -
06:30:29 CF POST /sessions/ad275d1ade9f30296e8681175c486fdef597119b442a9f5aa387ed07ef2a8e24/tracks/new -> 200 (543 ms)
06:30:29 "POST /cf/sessions/ad275d1ade9f30296e8681175c486fdef597119b442a9f5aa387ed07ef2a8e24/tracks/new HTTP/1.1" 200 -
06:30:29 "POST /collect HTTP/1.1" 200 -
06:30:29 CF POST /sessions/8372372f4c7c633a1461a0538c6e6dbc3d81de1d501d979fdf7c961751c91488/tracks/new -> 200 (509 ms)
06:30:29 "POST /cf/sessions/8372372f4c7c633a1461a0538c6e6dbc3d81de1d501d979fdf7c961751c91488/tracks/new HTTP/1.1" 200 -
06:30:29 "POST /collect HTTP/1.1" 200 -
06:30:29 "POST /save/pub-answer-l.sdp HTTP/1.1" 200 -
06:30:29 "POST /collect HTTP/1.1" 200 -
06:30:29 "POST /collect HTTP/1.1" 200 -
06:30:29 CF POST /sessions/8b684416dcb10dc3fde59df15546d3a075aa3a9032f644ba8acaf416e4016d9a/tracks/new -> 200 (494 ms)
06:30:29 "POST /cf/sessions/8b684416dcb10dc3fde59df15546d3a075aa3a9032f644ba8acaf416e4016d9a/tracks/new HTTP/1.1" 200 -
06:30:29 CF POST /sessions/c0c5a35786acc73d9cc1f15a7c091bb815d529cd1178faf978bb6c2cba8ed7b3/tracks/new -> 200 (575 ms)
06:30:29 "POST /cf/sessions/c0c5a35786acc73d9cc1f15a7c091bb815d529cd1178faf978bb6c2cba8ed7b3/tracks/new HTTP/1.1" 200 -
06:30:29 "POST /collect HTTP/1.1" 200 -
06:30:29 "POST /save/pub-answer-q.sdp HTTP/1.1" 200 -
06:30:29 CF POST /sessions/47b823807aaa7e1b730d5840852ded3d8511b7daab69823468394a8107ccf7c9/tracks/new -> 200 (597 ms)
06:30:29 "POST /cf/sessions/47b823807aaa7e1b730d5840852ded3d8511b7daab69823468394a8107ccf7c9/tracks/new HTTP/1.1" 200 -
06:30:29 "POST /collect HTTP/1.1" 200 -
06:30:29 CF POST /sessions/6235d47520540e11596176e8fe3b3fa1705077963f48821fb6d2ab34a2366b38/tracks/new -> 200 (530 ms)
06:30:29 "POST /cf/sessions/6235d47520540e11596176e8fe3b3fa1705077963f48821fb6d2ab34a2366b38/tracks/new HTTP/1.1" 200 -
06:30:29 "POST /save/pub-answer-n.sdp HTTP/1.1" 200 -
06:30:29 "POST /collect HTTP/1.1" 200 -
06:30:29 "POST /save/pub-answer-g.sdp HTTP/1.1" 200 -
06:30:29 "POST /save/pub-answer-e.sdp HTTP/1.1" 200 -
06:30:29 "POST /collect HTTP/1.1" 200 -
06:30:29 "POST /save/pub-answer-b.sdp HTTP/1.1" 200 -
06:30:29 "POST /collect HTTP/1.1" 200 -
06:30:29 "POST /collect HTTP/1.1" 200 -
06:30:29 "POST /collect HTTP/1.1" 200 -
06:30:29 "POST /collect HTTP/1.1" 200 -
06:30:29 "POST /collect HTTP/1.1" 200 -
06:30:29 "POST /collect HTTP/1.1" 200 -
06:30:29 "POST /collect HTTP/1.1" 200 -
06:30:29 "POST /collect HTTP/1.1" 200 -
06:30:29 "POST /collect HTTP/1.1" 200 -
06:30:29 "POST /collect HTTP/1.1" 200 -
06:30:29 CF POST /sessions/5d843b40a8b62b47593373ce116fce21c36976b7ba97b5ceeb24e363649ebb66/tracks/new -> 200 (511 ms)
06:30:29 "POST /cf/sessions/5d843b40a8b62b47593373ce116fce21c36976b7ba97b5ceeb24e363649ebb66/tracks/new HTTP/1.1" 200 -
06:30:29 "POST /collect HTTP/1.1" 200 -
06:30:29 "POST /save/pub-answer-m.sdp HTTP/1.1" 200 -
06:30:29 "POST /collect HTTP/1.1" 200 -
06:30:29 "POST /collect HTTP/1.1" 200 -
06:30:29 "POST /collect HTTP/1.1" 200 -
06:30:29 CF POST /sessions/4095a15b6dca1dfe631e6e2250aefca7fbcfd5220f0086f5c65ca2f73d1094e5/tracks/new -> 200 (594 ms)
06:30:29 "POST /cf/sessions/4095a15b6dca1dfe631e6e2250aefca7fbcfd5220f0086f5c65ca2f73d1094e5/tracks/new HTTP/1.1" 200 -
06:30:29 CF POST /sessions/2c27509271484766884f5a85975a96c632c188db166bd9245058d6831a036db1/tracks/new -> 200 (522 ms)
06:30:29 "POST /cf/sessions/2c27509271484766884f5a85975a96c632c188db166bd9245058d6831a036db1/tracks/new HTTP/1.1" 200 -
06:30:29 "POST /save/pub-answer-r.sdp HTTP/1.1" 200 -
06:30:29 "POST /save/pub-answer-k.sdp HTTP/1.1" 200 -
06:30:29 "POST /collect HTTP/1.1" 200 -
06:30:29 "POST /collect HTTP/1.1" 200 -
06:30:29 "POST /collect HTTP/1.1" 200 -
06:30:29 "POST /collect HTTP/1.1" 200 -
06:30:29 "POST /collect HTTP/1.1" 200 -
06:30:29 "POST /join HTTP/1.1" 200 -
06:30:29 "POST /collect HTTP/1.1" 200 -
06:30:29 "POST /collect HTTP/1.1" 200 -
06:30:29 "POST /collect HTTP/1.1" 200 -
06:30:29 "POST /collect HTTP/1.1" 200 -
06:30:29 "POST /collect HTTP/1.1" 200 -
06:30:29 "POST /collect HTTP/1.1" 200 -
06:30:29 "POST /collect HTTP/1.1" 200 -
06:30:29 "POST /collect HTTP/1.1" 200 -
06:30:30 "POST /collect HTTP/1.1" 200 -
06:30:30 "POST /collect HTTP/1.1" 200 -
06:30:30 "POST /collect HTTP/1.1" 200 -
06:30:30 "POST /join HTTP/1.1" 200 -
06:30:30 "POST /collect HTTP/1.1" 200 -
06:30:30 "POST /join HTTP/1.1" 200 -
06:30:30 "POST /collect HTTP/1.1" 200 -
06:30:31 "POST /collect HTTP/1.1" 200 -
06:30:31 "POST /collect HTTP/1.1" 200 -
06:30:31 "POST /collect HTTP/1.1" 200 -
06:30:31 "POST /join HTTP/1.1" 200 -
06:30:31 "POST /join HTTP/1.1" 200 -
06:30:31 "POST /collect HTTP/1.1" 200 -
06:30:31 "POST /collect HTTP/1.1" 200 -
06:30:31 "POST /join HTTP/1.1" 200 -
06:30:31 "POST /collect HTTP/1.1" 200 -
06:30:32 "POST /collect HTTP/1.1" 200 -
06:30:32 "POST /collect HTTP/1.1" 200 -
06:30:32 "POST /collect HTTP/1.1" 200 -
06:30:32 "POST /collect HTTP/1.1" 200 -
06:30:32 "POST /collect HTTP/1.1" 200 -
06:30:32 "POST /collect HTTP/1.1" 200 -
06:30:32 "POST /join HTTP/1.1" 200 -
06:30:32 "POST /collect HTTP/1.1" 200 -
06:30:32 "POST /join HTTP/1.1" 200 -
06:30:32 "POST /collect HTTP/1.1" 200 -
06:30:32 "POST /join HTTP/1.1" 200 -
06:30:32 "POST /join HTTP/1.1" 200 -
06:30:32 "POST /collect HTTP/1.1" 200 -
06:30:32 "POST /collect HTTP/1.1" 200 -
06:30:32 "POST /join HTTP/1.1" 200 -
06:30:32 "POST /join HTTP/1.1" 200 -
06:30:32 "GET /roster HTTP/1.1" 200 -
06:30:32 "POST /collect HTTP/1.1" 200 -
06:30:32 "POST /collect HTTP/1.1" 200 -
06:30:32 "POST /join HTTP/1.1" 200 -
06:30:32 "POST /collect HTTP/1.1" 200 -
06:30:32 "POST /collect HTTP/1.1" 200 -
06:30:32 CF POST /sessions/8750127d29800457707a138a67e91aafdc478b506b4934dc9ab58b44df58f23d/tracks/new -> 200 (275 ms)
06:30:32 "POST /cf/sessions/8750127d29800457707a138a67e91aafdc478b506b4934dc9ab58b44df58f23d/tracks/new HTTP/1.1" 200 -
06:30:32 "POST /collect HTTP/1.1" 200 -
06:30:32 CF PUT /sessions/8750127d29800457707a138a67e91aafdc478b506b4934dc9ab58b44df58f23d/renegotiate -> 200 (135 ms)
06:30:32 "PUT /cf/sessions/8750127d29800457707a138a67e91aafdc478b506b4934dc9ab58b44df58f23d/renegotiate HTTP/1.1" 200 -
06:30:32 "POST /collect HTTP/1.1" 200 -
06:30:32 "POST /collect HTTP/1.1" 200 -
06:30:33 CF POST /sessions/8750127d29800457707a138a67e91aafdc478b506b4934dc9ab58b44df58f23d/tracks/new -> 200 (250 ms)
06:30:33 "POST /cf/sessions/8750127d29800457707a138a67e91aafdc478b506b4934dc9ab58b44df58f23d/tracks/new HTTP/1.1" 200 -
06:30:33 CF PUT /sessions/8750127d29800457707a138a67e91aafdc478b506b4934dc9ab58b44df58f23d/renegotiate -> 200 (148 ms)
06:30:33 "PUT /cf/sessions/8750127d29800457707a138a67e91aafdc478b506b4934dc9ab58b44df58f23d/renegotiate HTTP/1.1" 200 -
06:30:33 "POST /collect HTTP/1.1" 200 -
06:30:33 "POST /collect HTTP/1.1" 200 -
06:30:33 "POST /collect HTTP/1.1" 200 -
06:30:33 "POST /collect HTTP/1.1" 200 -
06:30:33 "POST /collect HTTP/1.1" 200 -
06:30:33 "POST /join HTTP/1.1" 200 -
06:30:33 "POST /collect HTTP/1.1" 200 -
06:30:33 "POST /collect HTTP/1.1" 200 -
06:30:33 "POST /join HTTP/1.1" 200 -
06:30:33 "POST /join HTTP/1.1" 200 -
06:30:33 "POST /collect HTTP/1.1" 200 -
06:30:33 "POST /collect HTTP/1.1" 200 -
06:30:33 "POST /collect HTTP/1.1" 200 -
06:30:33 CF POST /sessions/8750127d29800457707a138a67e91aafdc478b506b4934dc9ab58b44df58f23d/tracks/new -> 200 (276 ms)
06:30:33 "POST /cf/sessions/8750127d29800457707a138a67e91aafdc478b506b4934dc9ab58b44df58f23d/tracks/new HTTP/1.1" 200 -
06:30:33 "POST /collect HTTP/1.1" 200 -
06:30:33 CF PUT /sessions/8750127d29800457707a138a67e91aafdc478b506b4934dc9ab58b44df58f23d/renegotiate -> 200 (176 ms)
06:30:33 "PUT /cf/sessions/8750127d29800457707a138a67e91aafdc478b506b4934dc9ab58b44df58f23d/renegotiate HTTP/1.1" 200 -
06:30:33 "POST /collect HTTP/1.1" 200 -
06:30:34 CF POST /sessions/8750127d29800457707a138a67e91aafdc478b506b4934dc9ab58b44df58f23d/tracks/new -> 200 (259 ms)
06:30:34 "POST /cf/sessions/8750127d29800457707a138a67e91aafdc478b506b4934dc9ab58b44df58f23d/tracks/new HTTP/1.1" 200 -
06:30:34 CF PUT /sessions/8750127d29800457707a138a67e91aafdc478b506b4934dc9ab58b44df58f23d/renegotiate -> 200 (167 ms)
06:30:34 "PUT /cf/sessions/8750127d29800457707a138a67e91aafdc478b506b4934dc9ab58b44df58f23d/renegotiate HTTP/1.1" 200 -
06:30:34 "POST /collect HTTP/1.1" 200 -
06:30:34 "POST /collect HTTP/1.1" 200 -
06:30:34 "POST /collect HTTP/1.1" 200 -
06:30:34 "POST /collect HTTP/1.1" 200 -
06:30:34 "POST /collect HTTP/1.1" 200 -
06:30:34 "POST /join HTTP/1.1" 200 -
06:30:34 "POST /collect HTTP/1.1" 200 -
06:30:34 "POST /collect HTTP/1.1" 200 -
06:30:34 "POST /collect HTTP/1.1" 200 -
06:30:34 "POST /join HTTP/1.1" 200 -
06:30:34 "POST /join HTTP/1.1" 200 -
06:30:34 "POST /join HTTP/1.1" 200 -
06:30:34 "POST /collect HTTP/1.1" 200 -
06:30:34 "POST /collect HTTP/1.1" 200 -
06:30:34 "POST /collect HTTP/1.1" 200 -
06:30:34 "GET /roster HTTP/1.1" 200 -
06:30:34 "POST /collect HTTP/1.1" 200 -
06:30:34 CF POST /sessions/8750127d29800457707a138a67e91aafdc478b506b4934dc9ab58b44df58f23d/tracks/new -> 200 (247 ms)
06:30:34 "POST /cf/sessions/8750127d29800457707a138a67e91aafdc478b506b4934dc9ab58b44df58f23d/tracks/new HTTP/1.1" 200 -
06:30:34 "POST /collect HTTP/1.1" 200 -
06:30:34 "POST /join HTTP/1.1" 200 -
06:30:34 "POST /collect HTTP/1.1" 200 -
06:30:34 CF PUT /sessions/8750127d29800457707a138a67e91aafdc478b506b4934dc9ab58b44df58f23d/renegotiate -> 200 (159 ms)
06:30:34 "PUT /cf/sessions/8750127d29800457707a138a67e91aafdc478b506b4934dc9ab58b44df58f23d/renegotiate HTTP/1.1" 200 -
06:30:34 "POST /collect HTTP/1.1" 200 -
06:30:34 "POST /collect HTTP/1.1" 200 -
06:30:34 CF POST /sessions/8750127d29800457707a138a67e91aafdc478b506b4934dc9ab58b44df58f23d/tracks/new -> 200 (203 ms)
06:30:34 "POST /cf/sessions/8750127d29800457707a138a67e91aafdc478b506b4934dc9ab58b44df58f23d/tracks/new HTTP/1.1" 200 -
06:30:35 CF PUT /sessions/8750127d29800457707a138a67e91aafdc478b506b4934dc9ab58b44df58f23d/renegotiate -> 200 (161 ms)
06:30:35 "PUT /cf/sessions/8750127d29800457707a138a67e91aafdc478b506b4934dc9ab58b44df58f23d/renegotiate HTTP/1.1" 200 -
06:30:35 "POST /collect HTTP/1.1" 200 -
06:30:35 CF POST /sessions/8750127d29800457707a138a67e91aafdc478b506b4934dc9ab58b44df58f23d/tracks/new -> 200 (257 ms)
06:30:35 "POST /cf/sessions/8750127d29800457707a138a67e91aafdc478b506b4934dc9ab58b44df58f23d/tracks/new HTTP/1.1" 200 -
06:30:35 "POST /collect HTTP/1.1" 200 -
06:30:35 "POST /collect HTTP/1.1" 200 -
06:30:35 "POST /join HTTP/1.1" 200 -
06:30:35 "POST /collect HTTP/1.1" 200 -
06:30:35 "POST /collect HTTP/1.1" 200 -
06:30:35 "POST /collect HTTP/1.1" 200 -
06:30:35 "POST /collect HTTP/1.1" 200 -
06:30:35 "POST /collect HTTP/1.1" 200 -
06:30:35 "POST /collect HTTP/1.1" 200 -
06:30:35 "POST /join HTTP/1.1" 200 -
06:30:35 "POST /collect HTTP/1.1" 200 -
06:30:35 "GET /roster HTTP/1.1" 200 -
06:30:35 CF PUT /sessions/8750127d29800457707a138a67e91aafdc478b506b4934dc9ab58b44df58f23d/renegotiate -> 200 (168 ms)
06:30:35 "PUT /cf/sessions/8750127d29800457707a138a67e91aafdc478b506b4934dc9ab58b44df58f23d/renegotiate HTTP/1.1" 200 -
06:30:35 "POST /collect HTTP/1.1" 200 -
06:30:35 "POST /collect HTTP/1.1" 200 -
06:30:35 "POST /collect HTTP/1.1" 200 -
06:30:35 "POST /join HTTP/1.1" 200 -
06:30:35 "POST /collect HTTP/1.1" 200 -
06:30:35 CF POST /sessions/3f8ad2ec9d8fdc37d123fbe02c7dd2ad5e3f8da7b01fafbfdc71e03b6591ac5d/tracks/new -> 200 (203 ms)
06:30:35 "POST /cf/sessions/3f8ad2ec9d8fdc37d123fbe02c7dd2ad5e3f8da7b01fafbfdc71e03b6591ac5d/tracks/new HTTP/1.1" 200 -
06:30:35 "POST /collect HTTP/1.1" 200 -
06:30:35 CF POST /sessions/8750127d29800457707a138a67e91aafdc478b506b4934dc9ab58b44df58f23d/tracks/new -> 200 (206 ms)
06:30:35 "POST /cf/sessions/8750127d29800457707a138a67e91aafdc478b506b4934dc9ab58b44df58f23d/tracks/new HTTP/1.1" 200 -
06:30:35 "POST /collect HTTP/1.1" 200 -
06:30:35 "POST /collect HTTP/1.1" 200 -
06:30:35 CF PUT /sessions/3f8ad2ec9d8fdc37d123fbe02c7dd2ad5e3f8da7b01fafbfdc71e03b6591ac5d/renegotiate -> 200 (173 ms)
06:30:35 "PUT /cf/sessions/3f8ad2ec9d8fdc37d123fbe02c7dd2ad5e3f8da7b01fafbfdc71e03b6591ac5d/renegotiate HTTP/1.1" 200 -
06:30:35 "POST /collect HTTP/1.1" 200 -
06:30:35 CF PUT /sessions/8750127d29800457707a138a67e91aafdc478b506b4934dc9ab58b44df58f23d/renegotiate -> 200 (169 ms)
06:30:35 "PUT /cf/sessions/8750127d29800457707a138a67e91aafdc478b506b4934dc9ab58b44df58f23d/renegotiate HTTP/1.1" 200 -
06:30:35 "POST /collect HTTP/1.1" 200 -
06:30:35 "POST /collect HTTP/1.1" 200 -
06:30:36 CF POST /sessions/8750127d29800457707a138a67e91aafdc478b506b4934dc9ab58b44df58f23d/tracks/new -> 200 (263 ms)
06:30:36 CF POST /sessions/3f8ad2ec9d8fdc37d123fbe02c7dd2ad5e3f8da7b01fafbfdc71e03b6591ac5d/tracks/new -> 200 (280 ms)
06:30:36 "POST /cf/sessions/3f8ad2ec9d8fdc37d123fbe02c7dd2ad5e3f8da7b01fafbfdc71e03b6591ac5d/tracks/new HTTP/1.1" 200 -
06:30:36 "POST /cf/sessions/8750127d29800457707a138a67e91aafdc478b506b4934dc9ab58b44df58f23d/tracks/new HTTP/1.1" 200 -
06:30:36 "POST /collect HTTP/1.1" 200 -
06:30:36 CF PUT /sessions/3f8ad2ec9d8fdc37d123fbe02c7dd2ad5e3f8da7b01fafbfdc71e03b6591ac5d/renegotiate -> 200 (183 ms)
06:30:36 "PUT /cf/sessions/3f8ad2ec9d8fdc37d123fbe02c7dd2ad5e3f8da7b01fafbfdc71e03b6591ac5d/renegotiate HTTP/1.1" 200 -
06:30:36 "POST /collect HTTP/1.1" 200 -
06:30:36 "POST /collect HTTP/1.1" 200 -
06:30:36 "POST /collect HTTP/1.1" 200 -
06:30:36 "POST /collect HTTP/1.1" 200 -
06:30:36 CF PUT /sessions/8750127d29800457707a138a67e91aafdc478b506b4934dc9ab58b44df58f23d/renegotiate -> 200 (192 ms)
06:30:36 "PUT /cf/sessions/8750127d29800457707a138a67e91aafdc478b506b4934dc9ab58b44df58f23d/renegotiate HTTP/1.1" 200 -
06:30:36 "POST /collect HTTP/1.1" 200 -
06:30:36 "POST /collect HTTP/1.1" 200 -
06:30:36 "POST /collect HTTP/1.1" 200 -
06:30:36 "POST /join HTTP/1.1" 200 -
06:30:36 "POST /collect HTTP/1.1" 200 -
06:30:36 "POST /collect HTTP/1.1" 200 -
06:30:36 "POST /collect HTTP/1.1" 200 -
06:30:36 "POST /collect HTTP/1.1" 200 -
06:30:36 "GET /roster HTTP/1.1" 200 -
06:30:36 "POST /collect HTTP/1.1" 200 -
06:30:36 "POST /join HTTP/1.1" 200 -
06:30:36 "POST /collect HTTP/1.1" 200 -
06:30:36 "POST /join HTTP/1.1" 200 -
06:30:36 "POST /join HTTP/1.1" 200 -
06:30:36 "POST /collect HTTP/1.1" 200 -
06:30:36 "POST /collect HTTP/1.1" 200 -
06:30:36 CF POST /sessions/3f8ad2ec9d8fdc37d123fbe02c7dd2ad5e3f8da7b01fafbfdc71e03b6591ac5d/tracks/new -> 200 (217 ms)
06:30:36 "POST /cf/sessions/3f8ad2ec9d8fdc37d123fbe02c7dd2ad5e3f8da7b01fafbfdc71e03b6591ac5d/tracks/new HTTP/1.1" 200 -
06:30:36 CF POST /sessions/8750127d29800457707a138a67e91aafdc478b506b4934dc9ab58b44df58f23d/tracks/new -> 200 (226 ms)
06:30:36 "POST /cf/sessions/8750127d29800457707a138a67e91aafdc478b506b4934dc9ab58b44df58f23d/tracks/new HTTP/1.1" 200 -
06:30:36 CF PUT /sessions/3f8ad2ec9d8fdc37d123fbe02c7dd2ad5e3f8da7b01fafbfdc71e03b6591ac5d/renegotiate -> 200 (135 ms)
06:30:36 "PUT /cf/sessions/3f8ad2ec9d8fdc37d123fbe02c7dd2ad5e3f8da7b01fafbfdc71e03b6591ac5d/renegotiate HTTP/1.1" 200 -
06:30:36 "POST /collect HTTP/1.1" 200 -
06:30:36 "POST /collect HTTP/1.1" 200 -
06:30:36 "POST /collect HTTP/1.1" 200 -
06:30:36 CF PUT /sessions/8750127d29800457707a138a67e91aafdc478b506b4934dc9ab58b44df58f23d/renegotiate -> 200 (196 ms)
06:30:36 "PUT /cf/sessions/8750127d29800457707a138a67e91aafdc478b506b4934dc9ab58b44df58f23d/renegotiate HTTP/1.1" 200 -
06:30:36 "POST /collect HTTP/1.1" 200 -
06:30:36 CF POST /sessions/3f8ad2ec9d8fdc37d123fbe02c7dd2ad5e3f8da7b01fafbfdc71e03b6591ac5d/tracks/new -> 200 (216 ms)
06:30:36 "POST /cf/sessions/3f8ad2ec9d8fdc37d123fbe02c7dd2ad5e3f8da7b01fafbfdc71e03b6591ac5d/tracks/new HTTP/1.1" 200 -
06:30:37 CF POST /sessions/8750127d29800457707a138a67e91aafdc478b506b4934dc9ab58b44df58f23d/tracks/new -> 200 (253 ms)
06:30:37 "POST /cf/sessions/8750127d29800457707a138a67e91aafdc478b506b4934dc9ab58b44df58f23d/tracks/new HTTP/1.1" 200 -
06:30:37 CF PUT /sessions/3f8ad2ec9d8fdc37d123fbe02c7dd2ad5e3f8da7b01fafbfdc71e03b6591ac5d/renegotiate -> 200 (186 ms)
06:30:37 "PUT /cf/sessions/3f8ad2ec9d8fdc37d123fbe02c7dd2ad5e3f8da7b01fafbfdc71e03b6591ac5d/renegotiate HTTP/1.1" 200 -
06:30:37 "POST /collect HTTP/1.1" 200 -
06:30:37 CF POST /sessions/3f8ad2ec9d8fdc37d123fbe02c7dd2ad5e3f8da7b01fafbfdc71e03b6591ac5d/tracks/new -> 200 (145 ms)
06:30:37 "POST /cf/sessions/3f8ad2ec9d8fdc37d123fbe02c7dd2ad5e3f8da7b01fafbfdc71e03b6591ac5d/tracks/new HTTP/1.1" 200 -
06:30:37 CF PUT /sessions/8750127d29800457707a138a67e91aafdc478b506b4934dc9ab58b44df58f23d/renegotiate -> 200 (182 ms)
06:30:37 "PUT /cf/sessions/8750127d29800457707a138a67e91aafdc478b506b4934dc9ab58b44df58f23d/renegotiate HTTP/1.1" 200 -
06:30:37 "POST /collect HTTP/1.1" 200 -
06:30:37 "POST /collect HTTP/1.1" 200 -
06:30:37 "POST /collect HTTP/1.1" 200 -
06:30:37 "POST /collect HTTP/1.1" 200 -
06:30:37 "POST /collect HTTP/1.1" 200 -
06:30:37 "POST /collect HTTP/1.1" 200 -
06:30:37 "POST /collect HTTP/1.1" 200 -
06:30:37 "POST /collect HTTP/1.1" 200 -
06:30:37 "POST /collect HTTP/1.1" 200 -
06:30:37 "POST /collect HTTP/1.1" 200 -
06:30:37 "POST /join HTTP/1.1" 200 -
06:30:37 "POST /collect HTTP/1.1" 200 -
06:30:37 "GET /roster HTTP/1.1" 200 -
06:30:37 "POST /collect HTTP/1.1" 200 -
06:30:37 "POST /join HTTP/1.1" 200 -
06:30:37 "POST /collect HTTP/1.1" 200 -
06:30:37 CF PUT /sessions/3f8ad2ec9d8fdc37d123fbe02c7dd2ad5e3f8da7b01fafbfdc71e03b6591ac5d/renegotiate -> 200 (159 ms)
06:30:37 "PUT /cf/sessions/3f8ad2ec9d8fdc37d123fbe02c7dd2ad5e3f8da7b01fafbfdc71e03b6591ac5d/renegotiate HTTP/1.1" 200 -
06:30:37 "POST /collect HTTP/1.1" 200 -
06:30:37 "POST /join HTTP/1.1" 200 -
06:30:37 "POST /collect HTTP/1.1" 200 -
06:30:37 "POST /collect HTTP/1.1" 200 -
06:30:37 "POST /collect HTTP/1.1" 200 -
06:30:37 CF POST /sessions/8750127d29800457707a138a67e91aafdc478b506b4934dc9ab58b44df58f23d/tracks/new -> 200 (277 ms)
06:30:37 "POST /cf/sessions/8750127d29800457707a138a67e91aafdc478b506b4934dc9ab58b44df58f23d/tracks/new HTTP/1.1" 200 -
06:30:37 CF POST /sessions/3f8ad2ec9d8fdc37d123fbe02c7dd2ad5e3f8da7b01fafbfdc71e03b6591ac5d/tracks/new -> 200 (188 ms)
06:30:37 "POST /cf/sessions/3f8ad2ec9d8fdc37d123fbe02c7dd2ad5e3f8da7b01fafbfdc71e03b6591ac5d/tracks/new HTTP/1.1" 200 -
06:30:37 "POST /collect HTTP/1.1" 200 -
06:30:37 CF PUT /sessions/8750127d29800457707a138a67e91aafdc478b506b4934dc9ab58b44df58f23d/renegotiate -> 200 (168 ms)
06:30:37 "PUT /cf/sessions/8750127d29800457707a138a67e91aafdc478b506b4934dc9ab58b44df58f23d/renegotiate HTTP/1.1" 200 -
06:30:37 "POST /collect HTTP/1.1" 200 -
06:30:37 "POST /collect HTTP/1.1" 200 -
06:30:37 CF PUT /sessions/3f8ad2ec9d8fdc37d123fbe02c7dd2ad5e3f8da7b01fafbfdc71e03b6591ac5d/renegotiate -> 200 (166 ms)
06:30:37 "PUT /cf/sessions/3f8ad2ec9d8fdc37d123fbe02c7dd2ad5e3f8da7b01fafbfdc71e03b6591ac5d/renegotiate HTTP/1.1" 200 -
06:30:37 "POST /collect HTTP/1.1" 200 -
06:30:38 CF POST /sessions/8750127d29800457707a138a67e91aafdc478b506b4934dc9ab58b44df58f23d/tracks/new -> 200 (231 ms)
06:30:38 "POST /cf/sessions/8750127d29800457707a138a67e91aafdc478b506b4934dc9ab58b44df58f23d/tracks/new HTTP/1.1" 200 -
06:30:38 CF POST /sessions/3f8ad2ec9d8fdc37d123fbe02c7dd2ad5e3f8da7b01fafbfdc71e03b6591ac5d/tracks/new -> 200 (231 ms)
06:30:38 "POST /cf/sessions/3f8ad2ec9d8fdc37d123fbe02c7dd2ad5e3f8da7b01fafbfdc71e03b6591ac5d/tracks/new HTTP/1.1" 200 -
06:30:38 CF PUT /sessions/8750127d29800457707a138a67e91aafdc478b506b4934dc9ab58b44df58f23d/renegotiate -> 200 (187 ms)
06:30:38 "PUT /cf/sessions/8750127d29800457707a138a67e91aafdc478b506b4934dc9ab58b44df58f23d/renegotiate HTTP/1.1" 200 -
06:30:38 CF PUT /sessions/3f8ad2ec9d8fdc37d123fbe02c7dd2ad5e3f8da7b01fafbfdc71e03b6591ac5d/renegotiate -> 200 (160 ms)
06:30:38 "PUT /cf/sessions/3f8ad2ec9d8fdc37d123fbe02c7dd2ad5e3f8da7b01fafbfdc71e03b6591ac5d/renegotiate HTTP/1.1" 200 -
06:30:38 "POST /collect HTTP/1.1" 200 -
06:30:38 "POST /collect HTTP/1.1" 200 -
06:30:38 "POST /collect HTTP/1.1" 200 -
06:30:38 "POST /collect HTTP/1.1" 200 -
06:30:38 CF POST /sessions/3f8ad2ec9d8fdc37d123fbe02c7dd2ad5e3f8da7b01fafbfdc71e03b6591ac5d/tracks/new -> 200 (143 ms)
06:30:38 "POST /cf/sessions/3f8ad2ec9d8fdc37d123fbe02c7dd2ad5e3f8da7b01fafbfdc71e03b6591ac5d/tracks/new HTTP/1.1" 200 -
06:30:38 "POST /collect HTTP/1.1" 200 -
06:30:38 "POST /collect HTTP/1.1" 200 -
06:30:38 "POST /collect HTTP/1.1" 200 -
06:30:38 "POST /collect HTTP/1.1" 200 -
06:30:38 "GET /roster HTTP/1.1" 200 -
06:30:38 "POST /collect HTTP/1.1" 200 -
06:30:38 "POST /collect HTTP/1.1" 200 -
06:30:38 "POST /join HTTP/1.1" 200 -
06:30:38 "POST /collect HTTP/1.1" 200 -
06:30:38 CF POST /sessions/8750127d29800457707a138a67e91aafdc478b506b4934dc9ab58b44df58f23d/tracks/new -> 200 (207 ms)
06:30:38 "POST /cf/sessions/8750127d29800457707a138a67e91aafdc478b506b4934dc9ab58b44df58f23d/tracks/new HTTP/1.1" 200 -
06:30:38 "POST /collect HTTP/1.1" 200 -
06:30:38 "POST /collect HTTP/1.1" 200 -
06:30:38 CF PUT /sessions/3f8ad2ec9d8fdc37d123fbe02c7dd2ad5e3f8da7b01fafbfdc71e03b6591ac5d/renegotiate -> 200 (179 ms)
06:30:38 "PUT /cf/sessions/3f8ad2ec9d8fdc37d123fbe02c7dd2ad5e3f8da7b01fafbfdc71e03b6591ac5d/renegotiate HTTP/1.1" 200 -
06:30:38 "POST /collect HTTP/1.1" 200 -
06:30:38 "POST /collect HTTP/1.1" 200 -
06:30:38 CF PUT /sessions/8750127d29800457707a138a67e91aafdc478b506b4934dc9ab58b44df58f23d/renegotiate -> 200 (192 ms)
06:30:38 "PUT /cf/sessions/8750127d29800457707a138a67e91aafdc478b506b4934dc9ab58b44df58f23d/renegotiate HTTP/1.1" 200 -
06:30:38 "POST /collect HTTP/1.1" 200 -
06:30:38 "POST /collect HTTP/1.1" 200 -
06:30:38 "POST /collect HTTP/1.1" 200 -
06:30:38 "POST /collect HTTP/1.1" 200 -
06:30:38 CF POST /sessions/3f8ad2ec9d8fdc37d123fbe02c7dd2ad5e3f8da7b01fafbfdc71e03b6591ac5d/tracks/new -> 200 (227 ms)
06:30:38 "POST /cf/sessions/3f8ad2ec9d8fdc37d123fbe02c7dd2ad5e3f8da7b01fafbfdc71e03b6591ac5d/tracks/new HTTP/1.1" 200 -
06:30:38 "POST /collect HTTP/1.1" 200 -
06:30:38 CF POST /sessions/8750127d29800457707a138a67e91aafdc478b506b4934dc9ab58b44df58f23d/tracks/new -> 200 (248 ms)
06:30:38 "POST /cf/sessions/8750127d29800457707a138a67e91aafdc478b506b4934dc9ab58b44df58f23d/tracks/new HTTP/1.1" 200 -
06:30:39 CF PUT /sessions/3f8ad2ec9d8fdc37d123fbe02c7dd2ad5e3f8da7b01fafbfdc71e03b6591ac5d/renegotiate -> 200 (161 ms)
06:30:39 "PUT /cf/sessions/3f8ad2ec9d8fdc37d123fbe02c7dd2ad5e3f8da7b01fafbfdc71e03b6591ac5d/renegotiate HTTP/1.1" 200 -
06:30:39 "POST /collect HTTP/1.1" 200 -
06:30:39 CF PUT /sessions/8750127d29800457707a138a67e91aafdc478b506b4934dc9ab58b44df58f23d/renegotiate -> 200 (162 ms)
06:30:39 "PUT /cf/sessions/8750127d29800457707a138a67e91aafdc478b506b4934dc9ab58b44df58f23d/renegotiate HTTP/1.1" 200 -
06:30:39 "POST /collect HTTP/1.1" 200 -
06:30:39 CF POST /sessions/3f8ad2ec9d8fdc37d123fbe02c7dd2ad5e3f8da7b01fafbfdc71e03b6591ac5d/tracks/new -> 200 (139 ms)
06:30:39 "POST /cf/sessions/3f8ad2ec9d8fdc37d123fbe02c7dd2ad5e3f8da7b01fafbfdc71e03b6591ac5d/tracks/new HTTP/1.1" 200 -
06:30:39 "POST /collect HTTP/1.1" 200 -
06:30:39 "POST /collect HTTP/1.1" 200 -
06:30:39 "POST /collect HTTP/1.1" 200 -
06:30:39 "POST /collect HTTP/1.1" 200 -
06:30:39 "POST /collect HTTP/1.1" 200 -
06:30:39 "POST /collect HTTP/1.1" 200 -
06:30:39 "POST /collect HTTP/1.1" 200 -
06:30:39 "POST /collect HTTP/1.1" 200 -
06:30:39 CF PUT /sessions/3f8ad2ec9d8fdc37d123fbe02c7dd2ad5e3f8da7b01fafbfdc71e03b6591ac5d/renegotiate -> 200 (225 ms)
06:30:39 "PUT /cf/sessions/3f8ad2ec9d8fdc37d123fbe02c7dd2ad5e3f8da7b01fafbfdc71e03b6591ac5d/renegotiate HTTP/1.1" 200 -
06:30:39 CF POST /sessions/8750127d29800457707a138a67e91aafdc478b506b4934dc9ab58b44df58f23d/tracks/new -> 200 (274 ms)
06:30:39 "POST /cf/sessions/8750127d29800457707a138a67e91aafdc478b506b4934dc9ab58b44df58f23d/tracks/new HTTP/1.1" 200 -
06:30:39 "POST /join HTTP/1.1" 200 -
06:30:39 "POST /collect HTTP/1.1" 200 -
06:30:39 "GET /roster HTTP/1.1" 200 -
06:30:39 "POST /collect HTTP/1.1" 200 -
06:30:39 "POST /collect HTTP/1.1" 200 -
06:30:39 "POST /collect HTTP/1.1" 200 -
06:30:39 "POST /collect HTTP/1.1" 200 -
06:30:39 "POST /collect HTTP/1.1" 200 -
06:30:39 "POST /join HTTP/1.1" 200 -
06:30:39 "POST /collect HTTP/1.1" 200 -
06:30:39 CF POST /sessions/3f8ad2ec9d8fdc37d123fbe02c7dd2ad5e3f8da7b01fafbfdc71e03b6591ac5d/tracks/new -> 200 (229 ms)
06:30:39 "POST /cf/sessions/3f8ad2ec9d8fdc37d123fbe02c7dd2ad5e3f8da7b01fafbfdc71e03b6591ac5d/tracks/new HTTP/1.1" 200 -
06:30:39 CF PUT /sessions/8750127d29800457707a138a67e91aafdc478b506b4934dc9ab58b44df58f23d/renegotiate -> 200 (173 ms)
06:30:39 "PUT /cf/sessions/8750127d29800457707a138a67e91aafdc478b506b4934dc9ab58b44df58f23d/renegotiate HTTP/1.1" 200 -
06:30:39 "POST /collect HTTP/1.1" 200 -
06:30:39 "POST /collect HTTP/1.1" 200 -
06:30:39 "POST /collect HTTP/1.1" 200 -
06:30:39 CF PUT /sessions/3f8ad2ec9d8fdc37d123fbe02c7dd2ad5e3f8da7b01fafbfdc71e03b6591ac5d/renegotiate -> 200 (159 ms)
06:30:39 "PUT /cf/sessions/3f8ad2ec9d8fdc37d123fbe02c7dd2ad5e3f8da7b01fafbfdc71e03b6591ac5d/renegotiate HTTP/1.1" 200 -
06:30:39 "POST /collect HTTP/1.1" 200 -
06:30:39 CF POST /sessions/8750127d29800457707a138a67e91aafdc478b506b4934dc9ab58b44df58f23d/tracks/new -> 200 (261 ms)
06:30:39 "POST /cf/sessions/8750127d29800457707a138a67e91aafdc478b506b4934dc9ab58b44df58f23d/tracks/new HTTP/1.1" 200 -
06:30:40 CF POST /sessions/3f8ad2ec9d8fdc37d123fbe02c7dd2ad5e3f8da7b01fafbfdc71e03b6591ac5d/tracks/new -> 200 (212 ms)
06:30:40 "POST /cf/sessions/3f8ad2ec9d8fdc37d123fbe02c7dd2ad5e3f8da7b01fafbfdc71e03b6591ac5d/tracks/new HTTP/1.1" 200 -
06:30:40 CF PUT /sessions/8750127d29800457707a138a67e91aafdc478b506b4934dc9ab58b44df58f23d/renegotiate -> 200 (209 ms)
06:30:40 "PUT /cf/sessions/8750127d29800457707a138a67e91aafdc478b506b4934dc9ab58b44df58f23d/renegotiate HTTP/1.1" 200 -
06:30:40 "POST /collect HTTP/1.1" 200 -
06:30:40 CF PUT /sessions/3f8ad2ec9d8fdc37d123fbe02c7dd2ad5e3f8da7b01fafbfdc71e03b6591ac5d/renegotiate -> 200 (189 ms)
06:30:40 "PUT /cf/sessions/3f8ad2ec9d8fdc37d123fbe02c7dd2ad5e3f8da7b01fafbfdc71e03b6591ac5d/renegotiate HTTP/1.1" 200 -
06:30:40 "POST /collect HTTP/1.1" 200 -
06:30:40 "POST /collect HTTP/1.1" 200 -
06:30:40 "POST /collect HTTP/1.1" 200 -
06:30:40 "POST /collect HTTP/1.1" 200 -
06:30:40 "POST /collect HTTP/1.1" 200 -
06:30:40 "POST /collect HTTP/1.1" 200 -
06:30:40 "POST /collect HTTP/1.1" 200 -
06:30:40 "POST /collect HTTP/1.1" 200 -
06:30:40 "GET /roster HTTP/1.1" 200 -
06:30:40 "POST /collect HTTP/1.1" 200 -
06:30:40 "POST /collect HTTP/1.1" 200 -
06:30:40 "POST /collect HTTP/1.1" 200 -
06:30:40 "POST /collect HTTP/1.1" 200 -
06:30:40 "POST /collect HTTP/1.1" 200 -
06:30:40 CF POST /sessions/8750127d29800457707a138a67e91aafdc478b506b4934dc9ab58b44df58f23d/tracks/new -> 200 (275 ms)
06:30:40 "POST /cf/sessions/8750127d29800457707a138a67e91aafdc478b506b4934dc9ab58b44df58f23d/tracks/new HTTP/1.1" 200 -
06:30:40 "POST /collect HTTP/1.1" 200 -
06:30:40 CF POST /sessions/3f8ad2ec9d8fdc37d123fbe02c7dd2ad5e3f8da7b01fafbfdc71e03b6591ac5d/tracks/new -> 200 (287 ms)
06:30:40 "POST /cf/sessions/3f8ad2ec9d8fdc37d123fbe02c7dd2ad5e3f8da7b01fafbfdc71e03b6591ac5d/tracks/new HTTP/1.1" 200 -
06:30:40 "POST /collect HTTP/1.1" 200 -
06:30:40 CF PUT /sessions/8750127d29800457707a138a67e91aafdc478b506b4934dc9ab58b44df58f23d/renegotiate -> 200 (201 ms)
06:30:40 "PUT /cf/sessions/8750127d29800457707a138a67e91aafdc478b506b4934dc9ab58b44df58f23d/renegotiate HTTP/1.1" 200 -
06:30:40 "POST /collect HTTP/1.1" 200 -
06:30:40 "POST /collect HTTP/1.1" 200 -
06:30:40 CF PUT /sessions/3f8ad2ec9d8fdc37d123fbe02c7dd2ad5e3f8da7b01fafbfdc71e03b6591ac5d/renegotiate -> 200 (172 ms)
06:30:40 "PUT /cf/sessions/3f8ad2ec9d8fdc37d123fbe02c7dd2ad5e3f8da7b01fafbfdc71e03b6591ac5d/renegotiate HTTP/1.1" 200 -
06:30:40 "POST /collect HTTP/1.1" 200 -
06:30:41 CF POST /sessions/3f8ad2ec9d8fdc37d123fbe02c7dd2ad5e3f8da7b01fafbfdc71e03b6591ac5d/tracks/new -> 200 (177 ms)
06:30:41 "POST /cf/sessions/3f8ad2ec9d8fdc37d123fbe02c7dd2ad5e3f8da7b01fafbfdc71e03b6591ac5d/tracks/new HTTP/1.1" 200 -
06:30:41 CF POST /sessions/8750127d29800457707a138a67e91aafdc478b506b4934dc9ab58b44df58f23d/tracks/new -> 200 (266 ms)
06:30:41 "POST /cf/sessions/8750127d29800457707a138a67e91aafdc478b506b4934dc9ab58b44df58f23d/tracks/new HTTP/1.1" 200 -
06:30:41 CF PUT /sessions/3f8ad2ec9d8fdc37d123fbe02c7dd2ad5e3f8da7b01fafbfdc71e03b6591ac5d/renegotiate -> 200 (175 ms)
06:30:41 "PUT /cf/sessions/3f8ad2ec9d8fdc37d123fbe02c7dd2ad5e3f8da7b01fafbfdc71e03b6591ac5d/renegotiate HTTP/1.1" 200 -
06:30:41 "POST /collect HTTP/1.1" 200 -
06:30:41 CF PUT /sessions/8750127d29800457707a138a67e91aafdc478b506b4934dc9ab58b44df58f23d/renegotiate -> 200 (220 ms)
06:30:41 "PUT /cf/sessions/8750127d29800457707a138a67e91aafdc478b506b4934dc9ab58b44df58f23d/renegotiate HTTP/1.1" 200 -
06:30:41 "POST /collect HTTP/1.1" 200 -
06:30:41 "POST /collect HTTP/1.1" 200 -
06:30:41 "POST /collect HTTP/1.1" 200 -
06:30:41 "POST /collect HTTP/1.1" 200 -
06:30:41 "POST /collect HTTP/1.1" 200 -
06:30:41 "POST /collect HTTP/1.1" 200 -
06:30:41 "POST /collect HTTP/1.1" 200 -
06:30:41 "POST /collect HTTP/1.1" 200 -
06:30:41 "POST /join HTTP/1.1" 200 -
06:30:41 "POST /collect HTTP/1.1" 200 -
06:30:41 CF POST /sessions/3f8ad2ec9d8fdc37d123fbe02c7dd2ad5e3f8da7b01fafbfdc71e03b6591ac5d/tracks/new -> 200 (170 ms)
06:30:41 "POST /cf/sessions/3f8ad2ec9d8fdc37d123fbe02c7dd2ad5e3f8da7b01fafbfdc71e03b6591ac5d/tracks/new HTTP/1.1" 200 -
06:30:41 "GET /roster HTTP/1.1" 200 -
06:30:41 "POST /collect HTTP/1.1" 200 -
06:30:41 "POST /collect HTTP/1.1" 200 -
06:30:41 "POST /collect HTTP/1.1" 200 -
06:30:41 "POST /join HTTP/1.1" 200 -
06:30:41 "POST /collect HTTP/1.1" 200 -
06:30:41 CF POST /sessions/8750127d29800457707a138a67e91aafdc478b506b4934dc9ab58b44df58f23d/tracks/new -> 200 (226 ms)
06:30:41 "POST /cf/sessions/8750127d29800457707a138a67e91aafdc478b506b4934dc9ab58b44df58f23d/tracks/new HTTP/1.1" 200 -
06:30:41 "POST /collect HTTP/1.1" 200 -
06:30:41 "POST /collect HTTP/1.1" 200 -
06:30:41 CF PUT /sessions/3f8ad2ec9d8fdc37d123fbe02c7dd2ad5e3f8da7b01fafbfdc71e03b6591ac5d/renegotiate -> 200 (193 ms)
06:30:41 "PUT /cf/sessions/3f8ad2ec9d8fdc37d123fbe02c7dd2ad5e3f8da7b01fafbfdc71e03b6591ac5d/renegotiate HTTP/1.1" 200 -
06:30:41 "POST /collect HTTP/1.1" 200 -
06:30:41 "POST /collect HTTP/1.1" 200 -
06:30:41 "POST /collect HTTP/1.1" 200 -
06:30:41 "POST /collect HTTP/1.1" 200 -
06:30:41 CF PUT /sessions/8750127d29800457707a138a67e91aafdc478b506b4934dc9ab58b44df58f23d/renegotiate -> 200 (217 ms)
06:30:41 "PUT /cf/sessions/8750127d29800457707a138a67e91aafdc478b506b4934dc9ab58b44df58f23d/renegotiate HTTP/1.1" 200 -
06:30:41 "POST /collect HTTP/1.1" 200 -
06:30:41 CF POST /sessions/3f8ad2ec9d8fdc37d123fbe02c7dd2ad5e3f8da7b01fafbfdc71e03b6591ac5d/tracks/new -> 200 (178 ms)
06:30:41 "POST /cf/sessions/3f8ad2ec9d8fdc37d123fbe02c7dd2ad5e3f8da7b01fafbfdc71e03b6591ac5d/tracks/new HTTP/1.1" 200 -
06:30:41 "POST /collect HTTP/1.1" 200 -
06:30:42 CF PUT /sessions/3f8ad2ec9d8fdc37d123fbe02c7dd2ad5e3f8da7b01fafbfdc71e03b6591ac5d/renegotiate -> 200 (196 ms)
06:30:42 "PUT /cf/sessions/3f8ad2ec9d8fdc37d123fbe02c7dd2ad5e3f8da7b01fafbfdc71e03b6591ac5d/renegotiate HTTP/1.1" 200 -
06:30:42 "POST /collect HTTP/1.1" 200 -
06:30:42 CF POST /sessions/8750127d29800457707a138a67e91aafdc478b506b4934dc9ab58b44df58f23d/tracks/new -> 200 (285 ms)
06:30:42 "POST /cf/sessions/8750127d29800457707a138a67e91aafdc478b506b4934dc9ab58b44df58f23d/tracks/new HTTP/1.1" 200 -
06:30:42 CF POST /sessions/3f8ad2ec9d8fdc37d123fbe02c7dd2ad5e3f8da7b01fafbfdc71e03b6591ac5d/tracks/new -> 200 (214 ms)
06:30:42 "POST /cf/sessions/3f8ad2ec9d8fdc37d123fbe02c7dd2ad5e3f8da7b01fafbfdc71e03b6591ac5d/tracks/new HTTP/1.1" 200 -
06:30:42 "POST /collect HTTP/1.1" 200 -
06:30:42 "POST /collect HTTP/1.1" 200 -
06:30:42 "POST /collect HTTP/1.1" 200 -
06:30:42 "POST /collect HTTP/1.1" 200 -
06:30:42 "POST /collect HTTP/1.1" 200 -
06:30:42 "POST /collect HTTP/1.1" 200 -
06:30:42 "GET /roster HTTP/1.1" 200 -
06:30:42 CF PUT /sessions/8750127d29800457707a138a67e91aafdc478b506b4934dc9ab58b44df58f23d/renegotiate -> 200 (203 ms)
06:30:42 "PUT /cf/sessions/8750127d29800457707a138a67e91aafdc478b506b4934dc9ab58b44df58f23d/renegotiate HTTP/1.1" 200 -
06:30:42 "POST /collect HTTP/1.1" 200 -
06:30:42 "POST /collect HTTP/1.1" 200 -
06:30:42 "POST /collect HTTP/1.1" 200 -
06:30:42 "POST /collect HTTP/1.1" 200 -
06:30:42 "POST /collect HTTP/1.1" 200 -
06:30:42 "POST /collect HTTP/1.1" 200 -
06:30:42 "POST /collect HTTP/1.1" 200 -
06:30:42 CF PUT /sessions/3f8ad2ec9d8fdc37d123fbe02c7dd2ad5e3f8da7b01fafbfdc71e03b6591ac5d/renegotiate -> 200 (191 ms)
06:30:42 "PUT /cf/sessions/3f8ad2ec9d8fdc37d123fbe02c7dd2ad5e3f8da7b01fafbfdc71e03b6591ac5d/renegotiate HTTP/1.1" 200 -
06:30:42 "POST /collect HTTP/1.1" 200 -
06:30:42 CF POST /sessions/8750127d29800457707a138a67e91aafdc478b506b4934dc9ab58b44df58f23d/tracks/new -> 200 (226 ms)
06:30:42 "POST /cf/sessions/8750127d29800457707a138a67e91aafdc478b506b4934dc9ab58b44df58f23d/tracks/new HTTP/1.1" 200 -
06:30:42 "POST /collect HTTP/1.1" 200 -
06:30:42 CF POST /sessions/3f8ad2ec9d8fdc37d123fbe02c7dd2ad5e3f8da7b01fafbfdc71e03b6591ac5d/tracks/new -> 200 (199 ms)
06:30:42 "POST /cf/sessions/3f8ad2ec9d8fdc37d123fbe02c7dd2ad5e3f8da7b01fafbfdc71e03b6591ac5d/tracks/new HTTP/1.1" 200 -
06:30:42 "POST /collect HTTP/1.1" 200 -
06:30:42 CF PUT /sessions/8750127d29800457707a138a67e91aafdc478b506b4934dc9ab58b44df58f23d/renegotiate -> 200 (200 ms)
06:30:42 "PUT /cf/sessions/8750127d29800457707a138a67e91aafdc478b506b4934dc9ab58b44df58f23d/renegotiate HTTP/1.1" 200 -
06:30:42 "POST /collect HTTP/1.1" 200 -
06:30:43 CF PUT /sessions/3f8ad2ec9d8fdc37d123fbe02c7dd2ad5e3f8da7b01fafbfdc71e03b6591ac5d/renegotiate -> 200 (213 ms)
06:30:43 "PUT /cf/sessions/3f8ad2ec9d8fdc37d123fbe02c7dd2ad5e3f8da7b01fafbfdc71e03b6591ac5d/renegotiate HTTP/1.1" 200 -
06:30:43 "POST /collect HTTP/1.1" 200 -
06:30:43 CF POST /sessions/8750127d29800457707a138a67e91aafdc478b506b4934dc9ab58b44df58f23d/tracks/new -> 200 (274 ms)
06:30:43 "POST /cf/sessions/8750127d29800457707a138a67e91aafdc478b506b4934dc9ab58b44df58f23d/tracks/new HTTP/1.1" 200 -
06:30:43 CF POST /sessions/3f8ad2ec9d8fdc37d123fbe02c7dd2ad5e3f8da7b01fafbfdc71e03b6591ac5d/tracks/new -> 200 (196 ms)
06:30:43 "POST /cf/sessions/3f8ad2ec9d8fdc37d123fbe02c7dd2ad5e3f8da7b01fafbfdc71e03b6591ac5d/tracks/new HTTP/1.1" 200 -
06:30:43 "POST /collect HTTP/1.1" 200 -
06:30:43 "POST /collect HTTP/1.1" 200 -
06:30:43 "POST /collect HTTP/1.1" 200 -
06:30:43 "POST /collect HTTP/1.1" 200 -
06:30:43 "POST /collect HTTP/1.1" 200 -
06:30:43 "POST /collect HTTP/1.1" 200 -
06:30:43 "POST /collect HTTP/1.1" 200 -
06:30:43 "GET /roster HTTP/1.1" 200 -
06:30:43 "POST /collect HTTP/1.1" 200 -
06:30:43 "POST /collect HTTP/1.1" 200 -
06:30:43 "POST /collect HTTP/1.1" 200 -
06:30:43 "POST /collect HTTP/1.1" 200 -
06:30:43 "POST /collect HTTP/1.1" 200 -
06:30:43 CF PUT /sessions/8750127d29800457707a138a67e91aafdc478b506b4934dc9ab58b44df58f23d/renegotiate -> 200 (187 ms)
06:30:43 "PUT /cf/sessions/8750127d29800457707a138a67e91aafdc478b506b4934dc9ab58b44df58f23d/renegotiate HTTP/1.1" 200 -
06:30:43 CF PUT /sessions/3f8ad2ec9d8fdc37d123fbe02c7dd2ad5e3f8da7b01fafbfdc71e03b6591ac5d/renegotiate -> 200 (193 ms)
06:30:43 "PUT /cf/sessions/3f8ad2ec9d8fdc37d123fbe02c7dd2ad5e3f8da7b01fafbfdc71e03b6591ac5d/renegotiate HTTP/1.1" 200 -
06:30:43 "POST /collect HTTP/1.1" 200 -
06:30:43 "POST /collect HTTP/1.1" 200 -
06:30:43 "POST /collect HTTP/1.1" 200 -
06:30:43 CF POST /sessions/3f8ad2ec9d8fdc37d123fbe02c7dd2ad5e3f8da7b01fafbfdc71e03b6591ac5d/tracks/new -> 200 (219 ms)
06:30:43 "POST /cf/sessions/3f8ad2ec9d8fdc37d123fbe02c7dd2ad5e3f8da7b01fafbfdc71e03b6591ac5d/tracks/new HTTP/1.1" 200 -
06:30:43 CF POST /sessions/8750127d29800457707a138a67e91aafdc478b506b4934dc9ab58b44df58f23d/tracks/new -> 200 (271 ms)
06:30:43 "POST /cf/sessions/8750127d29800457707a138a67e91aafdc478b506b4934dc9ab58b44df58f23d/tracks/new HTTP/1.1" 200 -
06:30:43 "POST /collect HTTP/1.1" 200 -
06:30:44 CF PUT /sessions/3f8ad2ec9d8fdc37d123fbe02c7dd2ad5e3f8da7b01fafbfdc71e03b6591ac5d/renegotiate -> 200 (217 ms)
06:30:44 "PUT /cf/sessions/3f8ad2ec9d8fdc37d123fbe02c7dd2ad5e3f8da7b01fafbfdc71e03b6591ac5d/renegotiate HTTP/1.1" 200 -
06:30:44 "POST /collect HTTP/1.1" 200 -
06:30:44 CF PUT /sessions/8750127d29800457707a138a67e91aafdc478b506b4934dc9ab58b44df58f23d/renegotiate -> 200 (212 ms)
06:30:44 "PUT /cf/sessions/8750127d29800457707a138a67e91aafdc478b506b4934dc9ab58b44df58f23d/renegotiate HTTP/1.1" 200 -
06:30:44 "POST /collect HTTP/1.1" 200 -
06:30:44 CF POST /sessions/3f8ad2ec9d8fdc37d123fbe02c7dd2ad5e3f8da7b01fafbfdc71e03b6591ac5d/tracks/new -> 200 (178 ms)
06:30:44 "POST /cf/sessions/3f8ad2ec9d8fdc37d123fbe02c7dd2ad5e3f8da7b01fafbfdc71e03b6591ac5d/tracks/new HTTP/1.1" 200 -
06:30:44 "POST /collect HTTP/1.1" 200 -
06:30:44 "POST /collect HTTP/1.1" 200 -
06:30:44 "POST /collect HTTP/1.1" 200 -
06:30:44 "POST /collect HTTP/1.1" 200 -
06:30:44 "POST /collect HTTP/1.1" 200 -
06:30:44 "POST /collect HTTP/1.1" 200 -
06:30:44 "POST /collect HTTP/1.1" 200 -
06:30:44 "POST /collect HTTP/1.1" 200 -
06:30:44 "POST /collect HTTP/1.1" 200 -
06:30:44 "GET /roster HTTP/1.1" 200 -
06:30:44 "POST /collect HTTP/1.1" 200 -
06:30:44 "POST /join HTTP/1.1" 200 -
06:30:44 "POST /collect HTTP/1.1" 200 -
06:30:44 "POST /collect HTTP/1.1" 200 -
06:30:44 CF POST /sessions/8750127d29800457707a138a67e91aafdc478b506b4934dc9ab58b44df58f23d/tracks/new -> 200 (308 ms)
06:30:44 "POST /cf/sessions/8750127d29800457707a138a67e91aafdc478b506b4934dc9ab58b44df58f23d/tracks/new HTTP/1.1" 200 -
06:30:44 "POST /collect HTTP/1.1" 200 -
06:30:44 "POST /collect HTTP/1.1" 200 -
06:30:44 "POST /collect HTTP/1.1" 200 -
06:30:44 "POST /collect HTTP/1.1" 200 -
06:30:44 "POST /collect HTTP/1.1" 200 -
06:30:44 "POST /collect HTTP/1.1" 200 -
06:30:44 "POST /collect HTTP/1.1" 200 -
06:30:44 "POST /collect HTTP/1.1" 200 -
06:30:44 CF PUT /sessions/3f8ad2ec9d8fdc37d123fbe02c7dd2ad5e3f8da7b01fafbfdc71e03b6591ac5d/renegotiate -> 200 (252 ms)
06:30:44 "PUT /cf/sessions/3f8ad2ec9d8fdc37d123fbe02c7dd2ad5e3f8da7b01fafbfdc71e03b6591ac5d/renegotiate HTTP/1.1" 200 -
06:30:44 "POST /collect HTTP/1.1" 200 -
06:30:44 "POST /collect HTTP/1.1" 200 -
06:30:44 "POST /collect HTTP/1.1" 200 -
06:30:44 "POST /collect HTTP/1.1" 200 -
06:30:44 "POST /collect HTTP/1.1" 200 -
06:30:44 "POST /collect HTTP/1.1" 200 -
06:30:44 "POST /collect HTTP/1.1" 200 -
06:30:44 "POST /collect HTTP/1.1" 200 -
06:30:44 "POST /collect HTTP/1.1" 200 -
06:30:44 "POST /collect HTTP/1.1" 200 -
06:30:44 CF PUT /sessions/8750127d29800457707a138a67e91aafdc478b506b4934dc9ab58b44df58f23d/renegotiate -> 200 (233 ms)
06:30:44 "PUT /cf/sessions/8750127d29800457707a138a67e91aafdc478b506b4934dc9ab58b44df58f23d/renegotiate HTTP/1.1" 200 -
06:30:44 "POST /collect HTTP/1.1" 200 -
06:30:44 "POST /collect HTTP/1.1" 200 -
06:30:44 CF POST /sessions/3f8ad2ec9d8fdc37d123fbe02c7dd2ad5e3f8da7b01fafbfdc71e03b6591ac5d/tracks/new -> 200 (270 ms)
06:30:44 "POST /cf/sessions/3f8ad2ec9d8fdc37d123fbe02c7dd2ad5e3f8da7b01fafbfdc71e03b6591ac5d/tracks/new HTTP/1.1" 200 -
06:30:44 "POST /collect HTTP/1.1" 200 -
06:30:45 "GET /room.html?id=b&n=48&hold=1&cb=1787715020211&audio=1&mode=pub&vw=320&vh=180&vfps=15&cls=light HTTP/1.1" 200 -
06:30:45 "GET /room.html?id=M&n=48&hold=1&cb=1787715017039&audio=1&mode=pub&vw=320&vh=180&vfps=15&cls=light HTTP/1.1" 200 -
06:30:45 "GET /room.html?id=C&n=48&hold=1&cb=1787715015057&audio=1&mode=pub&vw=320&vh=180&vfps=15&cls=light HTTP/1.1" 200 -
06:30:45 "GET /room.html?id=o&n=48&hold=1&cb=1787715023310&audio=1&mode=pub&vw=320&vh=180&vfps=15&cls=light HTTP/1.1" 200 -
06:30:45 CF POST /sessions/8750127d29800457707a138a67e91aafdc478b506b4934dc9ab58b44df58f23d/tracks/new -> 200 (278 ms)
06:30:45 "POST /cf/sessions/8750127d29800457707a138a67e91aafdc478b506b4934dc9ab58b44df58f23d/tracks/new HTTP/1.1" 200 -
06:30:45 "GET /room.html?id=E&n=48&hold=1&cb=1787715015752&audio=1&mode=pub&vw=320&vh=180&vfps=15&cls=light HTTP/1.1" 200 -
06:30:45 CF PUT /sessions/3f8ad2ec9d8fdc37d123fbe02c7dd2ad5e3f8da7b01fafbfdc71e03b6591ac5d/renegotiate -> 200 (214 ms)
06:30:45 "PUT /cf/sessions/3f8ad2ec9d8fdc37d123fbe02c7dd2ad5e3f8da7b01fafbfdc71e03b6591ac5d/renegotiate HTTP/1.1" 200 -
06:30:45 "POST /collect HTTP/1.1" 200 -
06:30:45 "GET /room.html?id=h&n=48&hold=1&cb=1787715021943&audio=1&mode=pub&vw=320&vh=180&vfps=15&cls=light HTTP/1.1" 200 -
06:30:45 "GET /room.html?id=X&n=48&hold=1&cb=1787715019812&audio=1&mode=pub&vw=320&vh=180&vfps=15&cls=light HTTP/1.1" 200 -
06:30:45 CF POST /sessions/new -> 201 (239 ms)
06:30:45 "POST /cf/sessions/new HTTP/1.1" 201 -
06:30:45 "GET /room.html?id=B&n=48&hold=1&cb=1787715014965&audio=1&mode=pub&vw=320&vh=180&vfps=15&cls=light HTTP/1.1" 200 -
06:30:45 CF POST /sessions/new -> 201 (247 ms)
06:30:45 "POST /cf/sessions/new HTTP/1.1" 201 -
06:30:45 CF POST /sessions/new -> 201 (273 ms)
06:30:45 "POST /cf/sessions/new HTTP/1.1" 201 -
06:30:45 "GET /room.html?id=k&n=48&hold=1&cb=1787715022270&audio=1&mode=pub&vw=320&vh=180&vfps=15&cls=light HTTP/1.1" 200 -
06:30:45 CF POST /sessions/new -> 201 (226 ms)
06:30:45 "POST /cf/sessions/new HTTP/1.1" 201 -
06:30:45 CF POST /sessions/new -> 201 (214 ms)
06:30:45 "POST /cf/sessions/new HTTP/1.1" 201 -
06:30:45 "POST /collect HTTP/1.1" 200 -
06:30:45 "POST /collect HTTP/1.1" 200 -
06:30:45 "POST /collect HTTP/1.1" 200 -
06:30:45 CF POST /sessions/3f8ad2ec9d8fdc37d123fbe02c7dd2ad5e3f8da7b01fafbfdc71e03b6591ac5d/tracks/new -> 200 (213 ms)
06:30:45 "POST /cf/sessions/3f8ad2ec9d8fdc37d123fbe02c7dd2ad5e3f8da7b01fafbfdc71e03b6591ac5d/tracks/new HTTP/1.1" 200 -
06:30:45 "POST /collect HTTP/1.1" 200 -
06:30:45 "POST /collect HTTP/1.1" 200 -
06:30:45 "POST /collect HTTP/1.1" 200 -
06:30:45 "POST /collect HTTP/1.1" 200 -
06:30:45 "POST /collect HTTP/1.1" 200 -
06:30:45 "GET /roster HTTP/1.1" 200 -
06:30:45 "POST /collect HTTP/1.1" 200 -
06:30:45 "POST /collect HTTP/1.1" 200 -
06:30:45 CF POST /sessions/new -> 201 (236 ms)
06:30:45 "POST /cf/sessions/new HTTP/1.1" 201 -
06:30:45 CF POST /sessions/new -> 201 (275 ms)
06:30:45 "POST /cf/sessions/new HTTP/1.1" 201 -
06:30:45 "POST /collect HTTP/1.1" 200 -
06:30:45 "POST /collect HTTP/1.1" 200 -
06:30:45 CF POST /sessions/new -> 201 (255 ms)
06:30:45 "POST /cf/sessions/new HTTP/1.1" 201 -
06:30:45 CF PUT /sessions/8750127d29800457707a138a67e91aafdc478b506b4934dc9ab58b44df58f23d/renegotiate -> 200 (281 ms)
06:30:45 "PUT /cf/sessions/8750127d29800457707a138a67e91aafdc478b506b4934dc9ab58b44df58f23d/renegotiate HTTP/1.1" 200 -
06:30:45 "POST /collect HTTP/1.1" 200 -
06:30:45 CF POST /sessions/new -> 201 (236 ms)
06:30:45 "POST /cf/sessions/new HTTP/1.1" 201 -
06:30:45 "POST /collect HTTP/1.1" 200 -
06:30:45 CF PUT /sessions/3f8ad2ec9d8fdc37d123fbe02c7dd2ad5e3f8da7b01fafbfdc71e03b6591ac5d/renegotiate -> 200 (192 ms)
06:30:45 "PUT /cf/sessions/3f8ad2ec9d8fdc37d123fbe02c7dd2ad5e3f8da7b01fafbfdc71e03b6591ac5d/renegotiate HTTP/1.1" 200 -
06:30:45 "POST /collect HTTP/1.1" 200 -
06:30:45 CF POST /sessions/8750127d29800457707a138a67e91aafdc478b506b4934dc9ab58b44df58f23d/tracks/new -> 200 (248 ms)
06:30:45 "POST /cf/sessions/8750127d29800457707a138a67e91aafdc478b506b4934dc9ab58b44df58f23d/tracks/new HTTP/1.1" 200 -
06:30:45 "POST /collect HTTP/1.1" 200 -
06:30:46 CF POST /sessions/3f8ad2ec9d8fdc37d123fbe02c7dd2ad5e3f8da7b01fafbfdc71e03b6591ac5d/tracks/new -> 200 (248 ms)
06:30:46 "POST /cf/sessions/3f8ad2ec9d8fdc37d123fbe02c7dd2ad5e3f8da7b01fafbfdc71e03b6591ac5d/tracks/new HTTP/1.1" 200 -
06:30:46 CF PUT /sessions/8750127d29800457707a138a67e91aafdc478b506b4934dc9ab58b44df58f23d/renegotiate -> 200 (202 ms)
06:30:46 "PUT /cf/sessions/8750127d29800457707a138a67e91aafdc478b506b4934dc9ab58b44df58f23d/renegotiate HTTP/1.1" 200 -
06:30:46 "POST /collect HTTP/1.1" 200 -
06:30:46 "POST /save/pub-offer-b.sdp HTTP/1.1" 200 -
06:30:46 "POST /collect HTTP/1.1" 200 -
06:30:46 "POST /collect HTTP/1.1" 200 -
06:30:46 "POST /collect HTTP/1.1" 200 -
06:30:46 "POST /collect HTTP/1.1" 200 -
06:30:46 "POST /collect HTTP/1.1" 200 -
06:30:46 "POST /collect HTTP/1.1" 200 -
06:30:46 "GET /roster HTTP/1.1" 200 -
06:30:46 CF POST /sessions/8750127d29800457707a138a67e91aafdc478b506b4934dc9ab58b44df58f23d/tracks/new -> 200 (249 ms)
06:30:46 "POST /cf/sessions/8750127d29800457707a138a67e91aafdc478b506b4934dc9ab58b44df58f23d/tracks/new HTTP/1.1" 200 -
06:30:46 CF PUT /sessions/3f8ad2ec9d8fdc37d123fbe02c7dd2ad5e3f8da7b01fafbfdc71e03b6591ac5d/renegotiate -> 200 (233 ms)
06:30:46 "PUT /cf/sessions/3f8ad2ec9d8fdc37d123fbe02c7dd2ad5e3f8da7b01fafbfdc71e03b6591ac5d/renegotiate HTTP/1.1" 200 -
06:30:46 "POST /collect HTTP/1.1" 200 -
06:30:46 "POST /collect HTTP/1.1" 200 -
06:30:46 "POST /collect HTTP/1.1" 200 -
06:30:46 "POST /collect HTTP/1.1" 200 -
06:30:46 "POST /collect HTTP/1.1" 200 -
06:30:46 "POST /collect HTTP/1.1" 200 -
06:30:46 "POST /collect HTTP/1.1" 200 -
06:30:46 CF POST /sessions/9a32e2aa25281692b5256d74e7ebcad43d7c9afea7c8a54cd9c4c944666e7291/tracks/new -> 200 (402 ms)
06:30:46 "POST /cf/sessions/9a32e2aa25281692b5256d74e7ebcad43d7c9afea7c8a54cd9c4c944666e7291/tracks/new HTTP/1.1" 200 -
06:30:46 "POST /save/pub-answer-b.sdp HTTP/1.1" 200 -
06:30:46 "POST /collect HTTP/1.1" 200 -
06:30:46 "POST /collect HTTP/1.1" 200 -
06:30:46 "POST /collect HTTP/1.1" 200 -
06:30:46 CF POST /sessions/3f8ad2ec9d8fdc37d123fbe02c7dd2ad5e3f8da7b01fafbfdc71e03b6591ac5d/tracks/new -> 200 (214 ms)
06:30:46 "POST /cf/sessions/3f8ad2ec9d8fdc37d123fbe02c7dd2ad5e3f8da7b01fafbfdc71e03b6591ac5d/tracks/new HTTP/1.1" 200 -
06:30:46 CF PUT /sessions/8750127d29800457707a138a67e91aafdc478b506b4934dc9ab58b44df58f23d/renegotiate -> 200 (215 ms)
06:30:46 "PUT /cf/sessions/8750127d29800457707a138a67e91aafdc478b506b4934dc9ab58b44df58f23d/renegotiate HTTP/1.1" 200 -
06:30:46 "POST /collect HTTP/1.1" 200 -
06:30:46 "POST /collect HTTP/1.1" 200 -
06:30:46 "POST /collect HTTP/1.1" 200 -
06:30:46 "POST /collect HTTP/1.1" 200 -
06:30:46 "POST /join HTTP/1.1" 200 -
06:30:46 "POST /collect HTTP/1.1" 200 -
06:30:46 CF PUT /sessions/3f8ad2ec9d8fdc37d123fbe02c7dd2ad5e3f8da7b01fafbfdc71e03b6591ac5d/renegotiate -> 200 (202 ms)
06:30:46 "PUT /cf/sessions/3f8ad2ec9d8fdc37d123fbe02c7dd2ad5e3f8da7b01fafbfdc71e03b6591ac5d/renegotiate HTTP/1.1" 200 -
06:30:47 "POST /collect HTTP/1.1" 200 -
06:30:47 CF POST /sessions/8750127d29800457707a138a67e91aafdc478b506b4934dc9ab58b44df58f23d/tracks/new -> 200 (223 ms)
06:30:47 "POST /cf/sessions/8750127d29800457707a138a67e91aafdc478b506b4934dc9ab58b44df58f23d/tracks/new HTTP/1.1" 200 -
06:30:47 CF POST /sessions/3f8ad2ec9d8fdc37d123fbe02c7dd2ad5e3f8da7b01fafbfdc71e03b6591ac5d/tracks/new -> 200 (180 ms)
06:30:47 "POST /cf/sessions/3f8ad2ec9d8fdc37d123fbe02c7dd2ad5e3f8da7b01fafbfdc71e03b6591ac5d/tracks/new HTTP/1.1" 200 -
06:30:47 "POST /save/pub-offer-o.sdp HTTP/1.1" 200 -
06:30:47 "POST /save/pub-offer-e.sdp HTTP/1.1" 200 -
06:30:47 "POST /save/pub-offer-x.sdp HTTP/1.1" 200 -
06:30:47 "POST /save/pub-offer-h.sdp HTTP/1.1" 200 -
06:30:47 CF PUT /sessions/8750127d29800457707a138a67e91aafdc478b506b4934dc9ab58b44df58f23d/renegotiate -> 200 (251 ms)
06:30:47 "PUT /cf/sessions/8750127d29800457707a138a67e91aafdc478b506b4934dc9ab58b44df58f23d/renegotiate HTTP/1.1" 200 -
06:30:47 "POST /collect HTTP/1.1" 200 -
06:30:47 "POST /collect HTTP/1.1" 200 -
06:30:47 "POST /collect HTTP/1.1" 200 -
06:30:47 "POST /collect HTTP/1.1" 200 -
06:30:47 "POST /collect HTTP/1.1" 200 -
06:30:47 "POST /collect HTTP/1.1" 200 -
06:30:47 "POST /save/pub-offer-b.sdp HTTP/1.1" 200 -
06:30:47 "POST /collect HTTP/1.1" 200 -
06:30:47 "POST /collect HTTP/1.1" 200 -
06:30:47 "POST /collect HTTP/1.1" 200 -
06:30:47 "GET /roster HTTP/1.1" 200 -
06:30:47 "POST /collect HTTP/1.1" 200 -
06:30:47 "POST /collect HTTP/1.1" 200 -
06:30:47 "POST /collect HTTP/1.1" 200 -
06:30:47 "POST /save/pub-offer-k.sdp HTTP/1.1" 200 -
06:30:47 CF PUT /sessions/3f8ad2ec9d8fdc37d123fbe02c7dd2ad5e3f8da7b01fafbfdc71e03b6591ac5d/renegotiate -> 200 (212 ms)
06:30:47 "PUT /cf/sessions/3f8ad2ec9d8fdc37d123fbe02c7dd2ad5e3f8da7b01fafbfdc71e03b6591ac5d/renegotiate HTTP/1.1" 200 -
06:30:47 "POST /collect HTTP/1.1" 200 -
06:30:47 "POST /collect HTTP/1.1" 200 -
06:30:47 CF POST /sessions/dd8d6ec9f0f97fb5323dc9acbdc10618700cfea0f953e807b60f3873ccbf344c/tracks/new -> 200 (336 ms)
06:30:47 "POST /cf/sessions/dd8d6ec9f0f97fb5323dc9acbdc10618700cfea0f953e807b60f3873ccbf344c/tracks/new HTTP/1.1" 200 -
06:30:47 "POST /save/pub-answer-e.sdp HTTP/1.1" 200 -
06:30:47 "POST /collect HTTP/1.1" 200 -
06:30:47 "POST /collect HTTP/1.1" 200 -
06:30:47 "POST /collect HTTP/1.1" 200 -
06:30:47 CF POST /sessions/0d12cb0d840d2433547430bdb1e505d30f22b8c52665f5a18c2f47d2f6d9d4cd/tracks/new -> 200 (358 ms)
06:30:47 "POST /cf/sessions/0d12cb0d840d2433547430bdb1e505d30f22b8c52665f5a18c2f47d2f6d9d4cd/tracks/new HTTP/1.1" 200 -
06:30:47 "POST /collect HTTP/1.1" 200 -
06:30:47 "POST /save/pub-answer-o.sdp HTTP/1.1" 200 -
06:30:47 "POST /collect HTTP/1.1" 200 -
06:30:47 "POST /collect HTTP/1.1" 200 -
06:30:47 "POST /collect HTTP/1.1" 200 -
06:30:47 "POST /collect HTTP/1.1" 200 -
06:30:47 CF POST /sessions/8750127d29800457707a138a67e91aafdc478b506b4934dc9ab58b44df58f23d/tracks/new -> 200 (316 ms)
06:30:47 "POST /cf/sessions/8750127d29800457707a138a67e91aafdc478b506b4934dc9ab58b44df58f23d/tracks/new HTTP/1.1" 200 -
06:30:47 CF POST /sessions/3f8ad2ec9d8fdc37d123fbe02c7dd2ad5e3f8da7b01fafbfdc71e03b6591ac5d/tracks/new -> 200 (187 ms)
06:30:47 CF POST /sessions/c33ad5f6cd8ecd95e8fc1b611551df329645e0c22005a30e1b72ed35f47e6596/tracks/new -> 200 (331 ms)
06:30:47 "POST /cf/sessions/c33ad5f6cd8ecd95e8fc1b611551df329645e0c22005a30e1b72ed35f47e6596/tracks/new HTTP/1.1" 200 -
06:30:47 "POST /cf/sessions/3f8ad2ec9d8fdc37d123fbe02c7dd2ad5e3f8da7b01fafbfdc71e03b6591ac5d/tracks/new HTTP/1.1" 200 -
06:30:47 "POST /save/pub-answer-h.sdp HTTP/1.1" 200 -
06:30:47 "POST /collect HTTP/1.1" 200 -
06:30:47 "POST /collect HTTP/1.1" 200 -
06:30:47 "POST /collect HTTP/1.1" 200 -
06:30:47 CF POST /sessions/fb76758f3dc6833c973599997d8e1fa57c5aae4fbf95dbfe23af7bbfc708fb1c/tracks/new -> 200 (370 ms)
06:30:47 "POST /cf/sessions/fb76758f3dc6833c973599997d8e1fa57c5aae4fbf95dbfe23af7bbfc708fb1c/tracks/new HTTP/1.1" 200 -
06:30:47 "POST /save/pub-answer-x.sdp HTTP/1.1" 200 -
06:30:47 "POST /collect HTTP/1.1" 200 -
06:30:47 "POST /collect HTTP/1.1" 200 -
06:30:47 "POST /collect HTTP/1.1" 200 -
06:30:47 "POST /collect HTTP/1.1" 200 -
06:30:47 "POST /collect HTTP/1.1" 200 -
06:30:47 "POST /collect HTTP/1.1" 200 -
06:30:47 CF POST /sessions/c3ada4556efded969b6d1fa6fb37b263fd08d050fe98a48cf5e6805ac179e169/tracks/new -> 200 (366 ms)
06:30:47 "POST /cf/sessions/c3ada4556efded969b6d1fa6fb37b263fd08d050fe98a48cf5e6805ac179e169/tracks/new HTTP/1.1" 200 -
06:30:47 "POST /save/pub-answer-b.sdp HTTP/1.1" 200 -
06:30:47 "POST /collect HTTP/1.1" 200 -
06:30:47 "POST /collect HTTP/1.1" 200 -
06:30:47 "POST /collect HTTP/1.1" 200 -
06:30:47 "POST /collect HTTP/1.1" 200 -
06:30:47 CF POST /sessions/8bd4664ed2baca84ad8c5cfc513e8e4756420c232a08e23182f86f350772483d/tracks/new -> 200 (335 ms)
06:30:47 "POST /cf/sessions/8bd4664ed2baca84ad8c5cfc513e8e4756420c232a08e23182f86f350772483d/tracks/new HTTP/1.1" 200 -
06:30:47 "POST /save/pub-answer-k.sdp HTTP/1.1" 200 -
06:30:47 "POST /join HTTP/1.1" 200 -
06:30:47 "POST /collect HTTP/1.1" 200 -
06:30:47 "POST /collect HTTP/1.1" 200 -
06:30:47 "POST /collect HTTP/1.1" 200 -
06:30:47 "POST /collect HTTP/1.1" 200 -
06:30:47 "POST /collect HTTP/1.1" 200 -
06:30:47 "POST /collect HTTP/1.1" 200 -
06:30:47 "POST /collect HTTP/1.1" 200 -
06:30:47 "POST /collect HTTP/1.1" 200 -
06:30:48 "POST /join HTTP/1.1" 200 -
06:30:48 "POST /collect HTTP/1.1" 200 -
06:30:48 "POST /collect HTTP/1.1" 200 -
06:30:48 "POST /join HTTP/1.1" 200 -
06:30:48 "POST /collect HTTP/1.1" 200 -
06:30:48 "POST /collect HTTP/1.1" 200 -
06:30:48 "POST /join HTTP/1.1" 200 -
06:30:48 "POST /collect HTTP/1.1" 200 -
06:30:48 CF PUT /sessions/8750127d29800457707a138a67e91aafdc478b506b4934dc9ab58b44df58f23d/renegotiate -> 200 (217 ms)
06:30:48 "PUT /cf/sessions/8750127d29800457707a138a67e91aafdc478b506b4934dc9ab58b44df58f23d/renegotiate HTTP/1.1" 200 -
06:30:48 "POST /collect HTTP/1.1" 200 -
06:30:48 CF PUT /sessions/3f8ad2ec9d8fdc37d123fbe02c7dd2ad5e3f8da7b01fafbfdc71e03b6591ac5d/renegotiate -> 200 (209 ms)
06:30:48 "PUT /cf/sessions/3f8ad2ec9d8fdc37d123fbe02c7dd2ad5e3f8da7b01fafbfdc71e03b6591ac5d/renegotiate HTTP/1.1" 200 -
06:30:48 "POST /join HTTP/1.1" 200 -
06:30:48 "POST /collect HTTP/1.1" 200 -
06:30:48 "POST /collect HTTP/1.1" 200 -
06:30:48 "POST /save/pub-offer-c.sdp HTTP/1.1" 200 -
06:30:48 CF POST /sessions/3f8ad2ec9d8fdc37d123fbe02c7dd2ad5e3f8da7b01fafbfdc71e03b6591ac5d/tracks/new -> 200 (189 ms)
06:30:48 "POST /cf/sessions/3f8ad2ec9d8fdc37d123fbe02c7dd2ad5e3f8da7b01fafbfdc71e03b6591ac5d/tracks/new HTTP/1.1" 200 -
06:30:48 "POST /save/pub-offer-m.sdp HTTP/1.1" 200 -
06:30:48 CF POST /sessions/8750127d29800457707a138a67e91aafdc478b506b4934dc9ab58b44df58f23d/tracks/new -> 200 (249 ms)
06:30:48 "POST /cf/sessions/8750127d29800457707a138a67e91aafdc478b506b4934dc9ab58b44df58f23d/tracks/new HTTP/1.1" 200 -
06:30:48 "POST /collect HTTP/1.1" 200 -
06:30:48 "POST /collect HTTP/1.1" 200 -
06:30:48 "POST /collect HTTP/1.1" 200 -
06:30:48 "POST /collect HTTP/1.1" 200 -
06:30:48 "POST /collect HTTP/1.1" 200 -
06:30:48 "POST /collect HTTP/1.1" 200 -
06:30:48 "POST /collect HTTP/1.1" 200 -
06:30:48 "POST /collect HTTP/1.1" 200 -
06:30:48 "POST /collect HTTP/1.1" 200 -
06:30:48 "POST /collect HTTP/1.1" 200 -
06:30:48 "POST /collect HTTP/1.1" 200 -
06:30:48 "GET /roster HTTP/1.1" 200 -
06:30:48 "POST /collect HTTP/1.1" 200 -
06:30:48 CF PUT /sessions/3f8ad2ec9d8fdc37d123fbe02c7dd2ad5e3f8da7b01fafbfdc71e03b6591ac5d/renegotiate -> 200 (207 ms)
06:30:48 "PUT /cf/sessions/3f8ad2ec9d8fdc37d123fbe02c7dd2ad5e3f8da7b01fafbfdc71e03b6591ac5d/renegotiate HTTP/1.1" 200 -
06:30:48 CF POST /sessions/7278a01551b88a5dc8456f4268ac91064c5fc8ae41888cddb9dbdcded997cf66/tracks/new -> 200 (360 ms)
06:30:48 "POST /cf/sessions/7278a01551b88a5dc8456f4268ac91064c5fc8ae41888cddb9dbdcded997cf66/tracks/new HTTP/1.1" 200 -
06:30:48 "POST /save/pub-answer-c.sdp HTTP/1.1" 200 -
06:30:48 "POST /collect HTTP/1.1" 200 -
06:30:48 "POST /collect HTTP/1.1" 200 -
06:30:48 CF POST /sessions/b344075636c49821df16174aa7b470c22b78fb4ef9244620744678e56f10d4d3/tracks/new -> 200 (345 ms)
06:30:48 "POST /cf/sessions/b344075636c49821df16174aa7b470c22b78fb4ef9244620744678e56f10d4d3/tracks/new HTTP/1.1" 200 -
06:30:48 "POST /collect HTTP/1.1" 200 -
06:30:48 "POST /collect HTTP/1.1" 200 -
06:30:48 "POST /save/pub-answer-m.sdp HTTP/1.1" 200 -
06:30:48 "POST /collect HTTP/1.1" 200 -
06:30:48 "POST /collect HTTP/1.1" 200 -
06:30:48 "POST /collect HTTP/1.1" 200 -
06:30:48 "POST /collect HTTP/1.1" 200 -
06:30:48 CF PUT /sessions/8750127d29800457707a138a67e91aafdc478b506b4934dc9ab58b44df58f23d/renegotiate -> 200 (236 ms)
06:30:48 "PUT /cf/sessions/8750127d29800457707a138a67e91aafdc478b506b4934dc9ab58b44df58f23d/renegotiate HTTP/1.1" 200 -
06:30:48 "POST /collect HTTP/1.1" 200 -
06:30:48 "POST /collect HTTP/1.1" 200 -
06:30:48 "POST /collect HTTP/1.1" 200 -
06:30:48 CF POST /sessions/3f8ad2ec9d8fdc37d123fbe02c7dd2ad5e3f8da7b01fafbfdc71e03b6591ac5d/tracks/new -> 200 (212 ms)
06:30:48 "POST /cf/sessions/3f8ad2ec9d8fdc37d123fbe02c7dd2ad5e3f8da7b01fafbfdc71e03b6591ac5d/tracks/new HTTP/1.1" 200 -
06:30:48 "POST /collect HTTP/1.1" 200 -
06:30:48 "POST /join HTTP/1.1" 200 -
06:30:48 "POST /collect HTTP/1.1" 200 -
06:30:49 "POST /join HTTP/1.1" 200 -
06:30:49 "POST /collect HTTP/1.1" 200 -
06:30:49 "POST /join HTTP/1.1" 200 -
06:30:49 "POST /collect HTTP/1.1" 200 -
06:30:49 CF POST /sessions/8750127d29800457707a138a67e91aafdc478b506b4934dc9ab58b44df58f23d/tracks/new -> 200 (275 ms)
06:30:49 "POST /cf/sessions/8750127d29800457707a138a67e91aafdc478b506b4934dc9ab58b44df58f23d/tracks/new HTTP/1.1" 200 -
06:30:49 CF PUT /sessions/3f8ad2ec9d8fdc37d123fbe02c7dd2ad5e3f8da7b01fafbfdc71e03b6591ac5d/renegotiate -> 200 (202 ms)
06:30:49 "PUT /cf/sessions/3f8ad2ec9d8fdc37d123fbe02c7dd2ad5e3f8da7b01fafbfdc71e03b6591ac5d/renegotiate HTTP/1.1" 200 -
06:30:49 "POST /collect HTTP/1.1" 200 -
06:30:49 "POST /collect HTTP/1.1" 200 -
06:30:49 "POST /collect HTTP/1.1" 200 -
06:30:49 "POST /collect HTTP/1.1" 200 -
06:30:49 "POST /collect HTTP/1.1" 200 -
06:30:49 "POST /collect HTTP/1.1" 200 -
06:30:49 "POST /collect HTTP/1.1" 200 -
06:30:49 "POST /collect HTTP/1.1" 200 -
06:30:49 "GET /roster HTTP/1.1" 200 -
06:30:49 "POST /collect HTTP/1.1" 200 -
06:30:49 "POST /collect HTTP/1.1" 200 -
06:30:49 "POST /collect HTTP/1.1" 200 -
06:30:49 CF POST /sessions/3f8ad2ec9d8fdc37d123fbe02c7dd2ad5e3f8da7b01fafbfdc71e03b6591ac5d/tracks/new -> 200 (221 ms)
06:30:49 "POST /cf/sessions/3f8ad2ec9d8fdc37d123fbe02c7dd2ad5e3f8da7b01fafbfdc71e03b6591ac5d/tracks/new HTTP/1.1" 200 -
06:30:49 "POST /collect HTTP/1.1" 200 -
06:30:49 CF PUT /sessions/8750127d29800457707a138a67e91aafdc478b506b4934dc9ab58b44df58f23d/renegotiate -> 200 (229 ms)
06:30:49 "PUT /cf/sessions/8750127d29800457707a138a67e91aafdc478b506b4934dc9ab58b44df58f23d/renegotiate HTTP/1.1" 200 -
06:30:49 "POST /collect HTTP/1.1" 200 -
06:30:49 "POST /collect HTTP/1.1" 200 -
06:30:49 "POST /collect HTTP/1.1" 200 -
06:30:49 CF POST /sessions/8750127d29800457707a138a67e91aafdc478b506b4934dc9ab58b44df58f23d/tracks/new -> 200 (287 ms)
06:30:49 "POST /cf/sessions/8750127d29800457707a138a67e91aafdc478b506b4934dc9ab58b44df58f23d/tracks/new HTTP/1.1" 200 -
06:30:49 "POST /collect HTTP/1.1" 200 -
06:30:49 CF PUT /sessions/3f8ad2ec9d8fdc37d123fbe02c7dd2ad5e3f8da7b01fafbfdc71e03b6591ac5d/renegotiate -> 200 (226 ms)
06:30:49 "PUT /cf/sessions/3f8ad2ec9d8fdc37d123fbe02c7dd2ad5e3f8da7b01fafbfdc71e03b6591ac5d/renegotiate HTTP/1.1" 200 -
06:30:49 "POST /collect HTTP/1.1" 200 -
06:30:49 "POST /collect HTTP/1.1" 200 -
06:30:50 CF POST /sessions/3f8ad2ec9d8fdc37d123fbe02c7dd2ad5e3f8da7b01fafbfdc71e03b6591ac5d/tracks/new -> 200 (197 ms)
06:30:50 "POST /cf/sessions/3f8ad2ec9d8fdc37d123fbe02c7dd2ad5e3f8da7b01fafbfdc71e03b6591ac5d/tracks/new HTTP/1.1" 200 -
06:30:50 CF PUT /sessions/8750127d29800457707a138a67e91aafdc478b506b4934dc9ab58b44df58f23d/renegotiate -> 200 (258 ms)
06:30:50 "PUT /cf/sessions/8750127d29800457707a138a67e91aafdc478b506b4934dc9ab58b44df58f23d/renegotiate HTTP/1.1" 200 -
06:30:50 "POST /collect HTTP/1.1" 200 -
06:30:50 "POST /collect HTTP/1.1" 200 -
06:30:50 "POST /collect HTTP/1.1" 200 -
06:30:50 "POST /collect HTTP/1.1" 200 -
06:30:50 "POST /collect HTTP/1.1" 200 -
06:30:50 "POST /collect HTTP/1.1" 200 -
06:30:50 "POST /collect HTTP/1.1" 200 -
06:30:50 "POST /collect HTTP/1.1" 200 -
06:30:50 "POST /collect HTTP/1.1" 200 -
06:30:50 "POST /collect HTTP/1.1" 200 -
06:30:50 "GET /roster HTTP/1.1" 200 -
06:30:50 "POST /collect HTTP/1.1" 200 -
06:30:50 "POST /collect HTTP/1.1" 200 -
06:30:50 CF PUT /sessions/3f8ad2ec9d8fdc37d123fbe02c7dd2ad5e3f8da7b01fafbfdc71e03b6591ac5d/renegotiate -> 200 (263 ms)
06:30:50 "PUT /cf/sessions/3f8ad2ec9d8fdc37d123fbe02c7dd2ad5e3f8da7b01fafbfdc71e03b6591ac5d/renegotiate HTTP/1.1" 200 -
06:30:50 "POST /collect HTTP/1.1" 200 -
06:30:50 "POST /collect HTTP/1.1" 200 -
06:30:50 "POST /collect HTTP/1.1" 200 -
06:30:50 CF POST /sessions/8750127d29800457707a138a67e91aafdc478b506b4934dc9ab58b44df58f23d/tracks/new -> 200 (309 ms)
06:30:50 "POST /cf/sessions/8750127d29800457707a138a67e91aafdc478b506b4934dc9ab58b44df58f23d/tracks/new HTTP/1.1" 200 -
06:30:50 "POST /collect HTTP/1.1" 200 -
06:30:50 "POST /collect HTTP/1.1" 200 -
06:30:50 "POST /collect HTTP/1.1" 200 -
06:30:50 CF POST /sessions/3f8ad2ec9d8fdc37d123fbe02c7dd2ad5e3f8da7b01fafbfdc71e03b6591ac5d/tracks/new -> 200 (260 ms)
06:30:50 "POST /cf/sessions/3f8ad2ec9d8fdc37d123fbe02c7dd2ad5e3f8da7b01fafbfdc71e03b6591ac5d/tracks/new HTTP/1.1" 200 -
06:30:50 "POST /collect HTTP/1.1" 200 -
06:30:50 "POST /collect HTTP/1.1" 200 -
06:30:50 "POST /collect HTTP/1.1" 200 -
06:30:51 CF PUT /sessions/8750127d29800457707a138a67e91aafdc478b506b4934dc9ab58b44df58f23d/renegotiate -> 200 (247 ms)
06:30:51 "PUT /cf/sessions/8750127d29800457707a138a67e91aafdc478b506b4934dc9ab58b44df58f23d/renegotiate HTTP/1.1" 200 -
06:30:51 "POST /collect HTTP/1.1" 200 -
06:30:51 "POST /collect HTTP/1.1" 200 -
06:30:51 "POST /collect HTTP/1.1" 200 -
06:30:51 "POST /collect HTTP/1.1" 200 -
06:30:51 "POST /collect HTTP/1.1" 200 -
06:30:51 CF PUT /sessions/3f8ad2ec9d8fdc37d123fbe02c7dd2ad5e3f8da7b01fafbfdc71e03b6591ac5d/renegotiate -> 200 (224 ms)
06:30:51 "PUT /cf/sessions/3f8ad2ec9d8fdc37d123fbe02c7dd2ad5e3f8da7b01fafbfdc71e03b6591ac5d/renegotiate HTTP/1.1" 200 -
06:30:51 "POST /collect HTTP/1.1" 200 -
06:30:51 CF POST /sessions/8750127d29800457707a138a67e91aafdc478b506b4934dc9ab58b44df58f23d/tracks/new -> 200 (317 ms)
06:30:51 "POST /cf/sessions/8750127d29800457707a138a67e91aafdc478b506b4934dc9ab58b44df58f23d/tracks/new HTTP/1.1" 200 -
06:30:51 "POST /collect HTTP/1.1" 200 -
06:30:51 "POST /collect HTTP/1.1" 200 -
06:30:51 "POST /collect HTTP/1.1" 200 -
06:30:51 "POST /collect HTTP/1.1" 200 -
06:30:51 "POST /collect HTTP/1.1" 200 -
06:30:51 "POST /collect HTTP/1.1" 200 -
06:30:51 "POST /collect HTTP/1.1" 200 -
06:30:51 "POST /collect HTTP/1.1" 200 -
06:30:51 "POST /collect HTTP/1.1" 200 -
06:30:51 "GET /roster HTTP/1.1" 200 -
06:30:51 "POST /collect HTTP/1.1" 200 -
06:30:51 "POST /collect HTTP/1.1" 200 -
06:30:51 "POST /collect HTTP/1.1" 200 -
06:30:51 CF POST /sessions/3f8ad2ec9d8fdc37d123fbe02c7dd2ad5e3f8da7b01fafbfdc71e03b6591ac5d/tracks/new -> 200 (428 ms)
06:30:51 "POST /cf/sessions/3f8ad2ec9d8fdc37d123fbe02c7dd2ad5e3f8da7b01fafbfdc71e03b6591ac5d/tracks/new HTTP/1.1" 200 -
06:30:51 CF PUT /sessions/8750127d29800457707a138a67e91aafdc478b506b4934dc9ab58b44df58f23d/renegotiate -> 200 (227 ms)
06:30:51 "PUT /cf/sessions/8750127d29800457707a138a67e91aafdc478b506b4934dc9ab58b44df58f23d/renegotiate HTTP/1.1" 200 -
06:30:51 "POST /collect HTTP/1.1" 200 -
06:30:51 "POST /collect HTTP/1.1" 200 -
06:30:51 "POST /collect HTTP/1.1" 200 -
06:30:51 "POST /collect HTTP/1.1" 200 -
06:30:52 "POST /collect HTTP/1.1" 200 -
06:30:52 "POST /collect HTTP/1.1" 200 -
06:30:52 CF POST /sessions/8750127d29800457707a138a67e91aafdc478b506b4934dc9ab58b44df58f23d/tracks/new -> 200 (293 ms)
06:30:52 "POST /cf/sessions/8750127d29800457707a138a67e91aafdc478b506b4934dc9ab58b44df58f23d/tracks/new HTTP/1.1" 200 -
06:30:52 CF PUT /sessions/3f8ad2ec9d8fdc37d123fbe02c7dd2ad5e3f8da7b01fafbfdc71e03b6591ac5d/renegotiate -> 200 (248 ms)
06:30:52 "PUT /cf/sessions/3f8ad2ec9d8fdc37d123fbe02c7dd2ad5e3f8da7b01fafbfdc71e03b6591ac5d/renegotiate HTTP/1.1" 200 -
06:30:52 "POST /collect HTTP/1.1" 200 -
06:30:52 "POST /collect HTTP/1.1" 200 -
06:30:52 "POST /collect HTTP/1.1" 200 -
06:30:52 "POST /collect HTTP/1.1" 200 -
06:30:52 "POST /collect HTTP/1.1" 200 -
06:30:52 "POST /collect HTTP/1.1" 200 -
06:30:52 "POST /collect HTTP/1.1" 200 -
06:30:52 "POST /collect HTTP/1.1" 200 -
06:30:52 "POST /collect HTTP/1.1" 200 -
06:30:52 "POST /collect HTTP/1.1" 200 -
06:30:52 "GET /roster HTTP/1.1" 200 -
06:30:52 "POST /collect HTTP/1.1" 200 -
06:30:52 CF POST /sessions/3f8ad2ec9d8fdc37d123fbe02c7dd2ad5e3f8da7b01fafbfdc71e03b6591ac5d/tracks/new -> 200 (253 ms)
06:30:52 "POST /cf/sessions/3f8ad2ec9d8fdc37d123fbe02c7dd2ad5e3f8da7b01fafbfdc71e03b6591ac5d/tracks/new HTTP/1.1" 200 -
06:30:52 "POST /collect HTTP/1.1" 200 -
06:30:52 "POST /collect HTTP/1.1" 200 -
06:30:52 CF PUT /sessions/8750127d29800457707a138a67e91aafdc478b506b4934dc9ab58b44df58f23d/renegotiate -> 200 (226 ms)
06:30:52 "PUT /cf/sessions/8750127d29800457707a138a67e91aafdc478b506b4934dc9ab58b44df58f23d/renegotiate HTTP/1.1" 200 -
06:30:52 "POST /collect HTTP/1.1" 200 -
06:30:52 "POST /collect HTTP/1.1" 200 -
06:30:52 "POST /collect HTTP/1.1" 200 -
06:30:52 "POST /collect HTTP/1.1" 200 -
06:30:52 CF PUT /sessions/3f8ad2ec9d8fdc37d123fbe02c7dd2ad5e3f8da7b01fafbfdc71e03b6591ac5d/renegotiate -> 200 (246 ms)
06:30:52 "PUT /cf/sessions/3f8ad2ec9d8fdc37d123fbe02c7dd2ad5e3f8da7b01fafbfdc71e03b6591ac5d/renegotiate HTTP/1.1" 200 -
06:30:52 "POST /collect HTTP/1.1" 200 -
06:30:53 CF POST /sessions/8750127d29800457707a138a67e91aafdc478b506b4934dc9ab58b44df58f23d/tracks/new -> 200 (273 ms)
06:30:53 "POST /cf/sessions/8750127d29800457707a138a67e91aafdc478b506b4934dc9ab58b44df58f23d/tracks/new HTTP/1.1" 200 -
06:30:53 CF POST /sessions/3f8ad2ec9d8fdc37d123fbe02c7dd2ad5e3f8da7b01fafbfdc71e03b6591ac5d/tracks/new -> 200 (260 ms)
06:30:53 "POST /cf/sessions/3f8ad2ec9d8fdc37d123fbe02c7dd2ad5e3f8da7b01fafbfdc71e03b6591ac5d/tracks/new HTTP/1.1" 200 -
06:30:53 "POST /collect HTTP/1.1" 200 -
06:30:53 "POST /collect HTTP/1.1" 200 -
06:30:53 "POST /collect HTTP/1.1" 200 -
06:30:53 "POST /collect HTTP/1.1" 200 -
06:30:53 "POST /collect HTTP/1.1" 200 -
06:30:53 "POST /collect HTTP/1.1" 200 -
06:30:53 "POST /collect HTTP/1.1" 200 -
06:30:53 "POST /collect HTTP/1.1" 200 -
06:30:53 "POST /collect HTTP/1.1" 200 -
06:30:53 "GET /roster HTTP/1.1" 200 -
06:30:53 CF PUT /sessions/8750127d29800457707a138a67e91aafdc478b506b4934dc9ab58b44df58f23d/renegotiate -> 200 (232 ms)
06:30:53 "PUT /cf/sessions/8750127d29800457707a138a67e91aafdc478b506b4934dc9ab58b44df58f23d/renegotiate HTTP/1.1" 200 -
06:30:53 "POST /collect HTTP/1.1" 200 -
06:30:53 "POST /collect HTTP/1.1" 200 -
06:30:53 "POST /collect HTTP/1.1" 200 -
06:30:53 "POST /collect HTTP/1.1" 200 -
06:30:53 "POST /collect HTTP/1.1" 200 -
06:30:53 "POST /collect HTTP/1.1" 200 -
06:30:53 CF PUT /sessions/3f8ad2ec9d8fdc37d123fbe02c7dd2ad5e3f8da7b01fafbfdc71e03b6591ac5d/renegotiate -> 200 (229 ms)
06:30:53 "PUT /cf/sessions/3f8ad2ec9d8fdc37d123fbe02c7dd2ad5e3f8da7b01fafbfdc71e03b6591ac5d/renegotiate HTTP/1.1" 200 -
06:30:53 "POST /collect HTTP/1.1" 200 -
06:30:53 "POST /collect HTTP/1.1" 200 -
06:30:53 "POST /collect HTTP/1.1" 200 -
06:30:53 "POST /collect HTTP/1.1" 200 -
06:30:53 "POST /collect HTTP/1.1" 200 -
06:30:53 CF POST /sessions/3f8ad2ec9d8fdc37d123fbe02c7dd2ad5e3f8da7b01fafbfdc71e03b6591ac5d/tracks/new -> 200 (166 ms)
06:30:53 "POST /cf/sessions/3f8ad2ec9d8fdc37d123fbe02c7dd2ad5e3f8da7b01fafbfdc71e03b6591ac5d/tracks/new HTTP/1.1" 200 -
06:30:53 "POST /collect HTTP/1.1" 200 -
06:30:53 CF POST /sessions/8750127d29800457707a138a67e91aafdc478b506b4934dc9ab58b44df58f23d/tracks/new -> 200 (340 ms)
06:30:53 "POST /cf/sessions/8750127d29800457707a138a67e91aafdc478b506b4934dc9ab58b44df58f23d/tracks/new HTTP/1.1" 200 -
06:30:54 "POST /collect HTTP/1.1" 200 -
06:30:54 "POST /collect HTTP/1.1" 200 -
06:30:54 "POST /collect HTTP/1.1" 200 -
06:30:54 "POST /collect HTTP/1.1" 200 -
06:30:54 "POST /collect HTTP/1.1" 200 -
06:30:54 "POST /collect HTTP/1.1" 200 -
06:30:54 "POST /collect HTTP/1.1" 200 -
06:30:54 "POST /collect HTTP/1.1" 200 -
06:30:54 CF PUT /sessions/8750127d29800457707a138a67e91aafdc478b506b4934dc9ab58b44df58f23d/renegotiate -> 200 (222 ms)
06:30:54 "PUT /cf/sessions/8750127d29800457707a138a67e91aafdc478b506b4934dc9ab58b44df58f23d/renegotiate HTTP/1.1" 200 -
06:30:54 "POST /collect HTTP/1.1" 200 -
06:30:54 "POST /collect HTTP/1.1" 200 -
06:30:54 "GET /roster HTTP/1.1" 200 -
06:30:54 "POST /collect HTTP/1.1" 200 -
06:30:54 "POST /collect HTTP/1.1" 200 -
06:30:54 "POST /collect HTTP/1.1" 200 -
06:30:54 "POST /collect HTTP/1.1" 200 -
06:30:54 CF PUT /sessions/3f8ad2ec9d8fdc37d123fbe02c7dd2ad5e3f8da7b01fafbfdc71e03b6591ac5d/renegotiate -> 200 (235 ms)
06:30:54 "PUT /cf/sessions/3f8ad2ec9d8fdc37d123fbe02c7dd2ad5e3f8da7b01fafbfdc71e03b6591ac5d/renegotiate HTTP/1.1" 200 -
06:30:54 "POST /collect HTTP/1.1" 200 -
06:30:54 "POST /collect HTTP/1.1" 200 -
06:30:54 "POST /collect HTTP/1.1" 200 -
06:30:54 "POST /collect HTTP/1.1" 200 -
06:30:54 CF POST /sessions/3f8ad2ec9d8fdc37d123fbe02c7dd2ad5e3f8da7b01fafbfdc71e03b6591ac5d/tracks/new -> 200 (205 ms)
06:30:54 "POST /cf/sessions/3f8ad2ec9d8fdc37d123fbe02c7dd2ad5e3f8da7b01fafbfdc71e03b6591ac5d/tracks/new HTTP/1.1" 200 -
06:30:54 CF POST /sessions/8750127d29800457707a138a67e91aafdc478b506b4934dc9ab58b44df58f23d/tracks/new -> 200 (232 ms)
06:30:54 "POST /cf/sessions/8750127d29800457707a138a67e91aafdc478b506b4934dc9ab58b44df58f23d/tracks/new HTTP/1.1" 200 -
06:30:54 "POST /collect HTTP/1.1" 200 -
06:30:54 "POST /collect HTTP/1.1" 200 -
06:30:54 "POST /collect HTTP/1.1" 200 -
06:30:55 "POST /collect HTTP/1.1" 200 -
06:30:55 "POST /collect HTTP/1.1" 200 -
06:30:55 CF PUT /sessions/8750127d29800457707a138a67e91aafdc478b506b4934dc9ab58b44df58f23d/renegotiate -> 200 (242 ms)
06:30:55 "PUT /cf/sessions/8750127d29800457707a138a67e91aafdc478b506b4934dc9ab58b44df58f23d/renegotiate HTTP/1.1" 200 -
06:30:55 CF PUT /sessions/3f8ad2ec9d8fdc37d123fbe02c7dd2ad5e3f8da7b01fafbfdc71e03b6591ac5d/renegotiate -> 200 (268 ms)
06:30:55 "PUT /cf/sessions/3f8ad2ec9d8fdc37d123fbe02c7dd2ad5e3f8da7b01fafbfdc71e03b6591ac5d/renegotiate HTTP/1.1" 200 -
06:30:55 "POST /collect HTTP/1.1" 200 -
06:30:55 "POST /collect HTTP/1.1" 200 -
06:30:55 "POST /collect HTTP/1.1" 200 -
06:30:55 "POST /collect HTTP/1.1" 200 -
06:30:55 "POST /collect HTTP/1.1" 200 -
06:30:55 "POST /collect HTTP/1.1" 200 -
06:30:55 "POST /collect HTTP/1.1" 200 -
06:30:55 "POST /collect HTTP/1.1" 200 -
06:30:55 "POST /collect HTTP/1.1" 200 -
06:30:55 "POST /collect HTTP/1.1" 200 -
06:30:55 "GET /roster HTTP/1.1" 200 -
06:30:55 "POST /collect HTTP/1.1" 200 -
06:30:55 "POST /collect HTTP/1.1" 200 -
06:30:55 "POST /collect HTTP/1.1" 200 -
06:30:55 "POST /collect HTTP/1.1" 200 -
06:30:55 CF POST /sessions/3f8ad2ec9d8fdc37d123fbe02c7dd2ad5e3f8da7b01fafbfdc71e03b6591ac5d/tracks/new -> 200 (230 ms)
06:30:55 "POST /cf/sessions/3f8ad2ec9d8fdc37d123fbe02c7dd2ad5e3f8da7b01fafbfdc71e03b6591ac5d/tracks/new HTTP/1.1" 200 -
06:30:55 CF POST /sessions/8750127d29800457707a138a67e91aafdc478b506b4934dc9ab58b44df58f23d/tracks/new -> 200 (242 ms)
06:30:55 "POST /cf/sessions/8750127d29800457707a138a67e91aafdc478b506b4934dc9ab58b44df58f23d/tracks/new HTTP/1.1" 200 -
06:30:55 "POST /collect HTTP/1.1" 200 -
06:30:55 "POST /collect HTTP/1.1" 200 -
06:30:55 "POST /collect HTTP/1.1" 200 -
06:30:56 CF PUT /sessions/3f8ad2ec9d8fdc37d123fbe02c7dd2ad5e3f8da7b01fafbfdc71e03b6591ac5d/renegotiate -> 200 (217 ms)
06:30:56 "PUT /cf/sessions/3f8ad2ec9d8fdc37d123fbe02c7dd2ad5e3f8da7b01fafbfdc71e03b6591ac5d/renegotiate HTTP/1.1" 200 -
06:30:56 "POST /collect HTTP/1.1" 200 -
06:30:56 CF PUT /sessions/8750127d29800457707a138a67e91aafdc478b506b4934dc9ab58b44df58f23d/renegotiate -> 200 (252 ms)
06:30:56 "PUT /cf/sessions/8750127d29800457707a138a67e91aafdc478b506b4934dc9ab58b44df58f23d/renegotiate HTTP/1.1" 200 -
06:30:56 CF POST /sessions/3f8ad2ec9d8fdc37d123fbe02c7dd2ad5e3f8da7b01fafbfdc71e03b6591ac5d/tracks/new -> 200 (173 ms)
06:30:56 "POST /cf/sessions/3f8ad2ec9d8fdc37d123fbe02c7dd2ad5e3f8da7b01fafbfdc71e03b6591ac5d/tracks/new HTTP/1.1" 200 -
06:30:56 "POST /collect HTTP/1.1" 200 -
06:30:56 "POST /collect HTTP/1.1" 200 -
06:30:56 "POST /collect HTTP/1.1" 200 -
06:30:56 "POST /collect HTTP/1.1" 200 -
06:30:56 "POST /collect HTTP/1.1" 200 -
06:30:56 "POST /collect HTTP/1.1" 200 -
06:30:56 "POST /collect HTTP/1.1" 200 -
06:30:56 "POST /collect HTTP/1.1" 200 -
06:30:56 "POST /collect HTTP/1.1" 200 -
06:30:56 "POST /collect HTTP/1.1" 200 -
06:30:56 "GET /roster HTTP/1.1" 200 -
06:30:56 "POST /collect HTTP/1.1" 200 -
06:30:56 "POST /collect HTTP/1.1" 200 -
06:30:56 "POST /collect HTTP/1.1" 200 -
06:30:56 "POST /collect HTTP/1.1" 200 -
06:30:56 "POST /collect HTTP/1.1" 200 -
06:30:56 CF POST /sessions/8750127d29800457707a138a67e91aafdc478b506b4934dc9ab58b44df58f23d/tracks/new -> 200 (261 ms)
06:30:56 "POST /cf/sessions/8750127d29800457707a138a67e91aafdc478b506b4934dc9ab58b44df58f23d/tracks/new HTTP/1.1" 200 -
06:30:56 "POST /collect HTTP/1.1" 200 -
06:30:56 "POST /collect HTTP/1.1" 200 -
06:30:56 CF PUT /sessions/3f8ad2ec9d8fdc37d123fbe02c7dd2ad5e3f8da7b01fafbfdc71e03b6591ac5d/renegotiate -> 200 (234 ms)
06:30:56 "PUT /cf/sessions/3f8ad2ec9d8fdc37d123fbe02c7dd2ad5e3f8da7b01fafbfdc71e03b6591ac5d/renegotiate HTTP/1.1" 200 -
06:30:56 "POST /collect HTTP/1.1" 200 -
06:30:56 "POST /collect HTTP/1.1" 200 -
06:30:56 "POST /collect HTTP/1.1" 200 -
06:30:56 "POST /collect HTTP/1.1" 200 -
06:30:57 "POST /collect HTTP/1.1" 200 -
06:30:57 "POST /collect HTTP/1.1" 200 -
06:30:57 "POST /collect HTTP/1.1" 200 -
06:30:57 CF POST /sessions/3f8ad2ec9d8fdc37d123fbe02c7dd2ad5e3f8da7b01fafbfdc71e03b6591ac5d/tracks/new -> 200 (183 ms)
06:30:57 "POST /cf/sessions/3f8ad2ec9d8fdc37d123fbe02c7dd2ad5e3f8da7b01fafbfdc71e03b6591ac5d/tracks/new HTTP/1.1" 200 -
06:30:57 "POST /collect HTTP/1.1" 200 -
06:30:57 CF PUT /sessions/8750127d29800457707a138a67e91aafdc478b506b4934dc9ab58b44df58f23d/renegotiate -> 200 (264 ms)
06:30:57 "PUT /cf/sessions/8750127d29800457707a138a67e91aafdc478b506b4934dc9ab58b44df58f23d/renegotiate HTTP/1.1" 200 -
06:30:57 "POST /collect HTTP/1.1" 200 -
06:30:57 "POST /collect HTTP/1.1" 200 -
06:30:57 "POST /collect HTTP/1.1" 200 -
06:30:57 "POST /collect HTTP/1.1" 200 -
06:30:57 "POST /collect HTTP/1.1" 200 -
06:30:57 "POST /collect HTTP/1.1" 200 -
06:30:57 "POST /collect HTTP/1.1" 200 -
06:30:57 "POST /collect HTTP/1.1" 200 -
06:30:57 "POST /collect HTTP/1.1" 200 -
06:30:57 "POST /collect HTTP/1.1" 200 -
06:30:57 "POST /collect HTTP/1.1" 200 -
06:30:57 "POST /collect HTTP/1.1" 200 -
06:30:57 "GET /roster HTTP/1.1" 200 -
06:30:57 "POST /collect HTTP/1.1" 200 -
06:30:57 CF POST /sessions/8750127d29800457707a138a67e91aafdc478b506b4934dc9ab58b44df58f23d/tracks/new -> 200 (324 ms)
06:30:57 "POST /cf/sessions/8750127d29800457707a138a67e91aafdc478b506b4934dc9ab58b44df58f23d/tracks/new HTTP/1.1" 200 -
06:30:57 CF PUT /sessions/3f8ad2ec9d8fdc37d123fbe02c7dd2ad5e3f8da7b01fafbfdc71e03b6591ac5d/renegotiate -> 200 (217 ms)
06:30:57 "PUT /cf/sessions/3f8ad2ec9d8fdc37d123fbe02c7dd2ad5e3f8da7b01fafbfdc71e03b6591ac5d/renegotiate HTTP/1.1" 200 -
06:30:57 "POST /collect HTTP/1.1" 200 -
06:30:57 "POST /collect HTTP/1.1" 200 -
06:30:57 "POST /collect HTTP/1.1" 200 -
06:30:57 "POST /collect HTTP/1.1" 200 -
06:30:58 "POST /collect HTTP/1.1" 200 -
06:30:58 "POST /collect HTTP/1.1" 200 -
06:30:58 CF POST /sessions/3f8ad2ec9d8fdc37d123fbe02c7dd2ad5e3f8da7b01fafbfdc71e03b6591ac5d/tracks/new -> 200 (210 ms)
06:30:58 "POST /cf/sessions/3f8ad2ec9d8fdc37d123fbe02c7dd2ad5e3f8da7b01fafbfdc71e03b6591ac5d/tracks/new HTTP/1.1" 200 -
06:30:58 CF PUT /sessions/8750127d29800457707a138a67e91aafdc478b506b4934dc9ab58b44df58f23d/renegotiate -> 200 (276 ms)
06:30:58 "PUT /cf/sessions/8750127d29800457707a138a67e91aafdc478b506b4934dc9ab58b44df58f23d/renegotiate HTTP/1.1" 200 -
06:30:58 "POST /collect HTTP/1.1" 200 -
06:30:58 "POST /collect HTTP/1.1" 200 -
06:30:58 "POST /collect HTTP/1.1" 200 -
06:30:58 "POST /collect HTTP/1.1" 200 -
06:30:58 "POST /collect HTTP/1.1" 200 -
06:30:58 "POST /collect HTTP/1.1" 200 -
06:30:58 "POST /collect HTTP/1.1" 200 -
06:30:58 "POST /collect HTTP/1.1" 200 -
06:30:58 "POST /collect HTTP/1.1" 200 -
06:30:58 "POST /collect HTTP/1.1" 200 -
06:30:58 "GET /roster HTTP/1.1" 200 -
06:30:58 "POST /collect HTTP/1.1" 200 -
06:30:58 "POST /collect HTTP/1.1" 200 -
06:30:58 "POST /collect HTTP/1.1" 200 -
06:30:58 CF PUT /sessions/3f8ad2ec9d8fdc37d123fbe02c7dd2ad5e3f8da7b01fafbfdc71e03b6591ac5d/renegotiate -> 200 (233 ms)
06:30:58 "PUT /cf/sessions/3f8ad2ec9d8fdc37d123fbe02c7dd2ad5e3f8da7b01fafbfdc71e03b6591ac5d/renegotiate HTTP/1.1" 200 -
06:30:58 "POST /collect HTTP/1.1" 200 -
06:30:58 "POST /collect HTTP/1.1" 200 -
06:30:58 CF POST /sessions/8750127d29800457707a138a67e91aafdc478b506b4934dc9ab58b44df58f23d/tracks/new -> 200 (320 ms)
06:30:58 "POST /cf/sessions/8750127d29800457707a138a67e91aafdc478b506b4934dc9ab58b44df58f23d/tracks/new HTTP/1.1" 200 -
06:30:58 "POST /collect HTTP/1.1" 200 -
06:30:58 "POST /collect HTTP/1.1" 200 -
06:30:58 CF POST /sessions/3f8ad2ec9d8fdc37d123fbe02c7dd2ad5e3f8da7b01fafbfdc71e03b6591ac5d/tracks/new -> 200 (180 ms)
06:30:58 "POST /cf/sessions/3f8ad2ec9d8fdc37d123fbe02c7dd2ad5e3f8da7b01fafbfdc71e03b6591ac5d/tracks/new HTTP/1.1" 200 -
06:30:59 "POST /collect HTTP/1.1" 200 -
06:30:59 "POST /collect HTTP/1.1" 200 -
06:30:59 "POST /collect HTTP/1.1" 200 -
06:30:59 "POST /collect HTTP/1.1" 200 -
06:30:59 "POST /collect HTTP/1.1" 200 -
06:30:59 "POST /collect HTTP/1.1" 200 -
06:30:59 "POST /collect HTTP/1.1" 200 -
06:30:59 "POST /collect HTTP/1.1" 200 -
06:30:59 CF PUT /sessions/8750127d29800457707a138a67e91aafdc478b506b4934dc9ab58b44df58f23d/renegotiate -> 200 (238 ms)
06:30:59 "PUT /cf/sessions/8750127d29800457707a138a67e91aafdc478b506b4934dc9ab58b44df58f23d/renegotiate HTTP/1.1" 200 -
06:30:59 "GET /roster HTTP/1.1" 200 -
06:30:59 "POST /collect HTTP/1.1" 200 -
06:30:59 "POST /collect HTTP/1.1" 200 -
06:30:59 "POST /collect HTTP/1.1" 200 -
06:30:59 "POST /collect HTTP/1.1" 200 -
06:30:59 "POST /collect HTTP/1.1" 200 -
06:30:59 "POST /collect HTTP/1.1" 200 -
06:30:59 CF PUT /sessions/3f8ad2ec9d8fdc37d123fbe02c7dd2ad5e3f8da7b01fafbfdc71e03b6591ac5d/renegotiate -> 200 (281 ms)
06:30:59 "PUT /cf/sessions/3f8ad2ec9d8fdc37d123fbe02c7dd2ad5e3f8da7b01fafbfdc71e03b6591ac5d/renegotiate HTTP/1.1" 200 -
06:30:59 "POST /collect HTTP/1.1" 200 -
06:30:59 "POST /collect HTTP/1.1" 200 -
06:30:59 "POST /collect HTTP/1.1" 200 -
06:30:59 "POST /collect HTTP/1.1" 200 -
06:30:59 "POST /collect HTTP/1.1" 200 -
06:30:59 CF POST /sessions/8750127d29800457707a138a67e91aafdc478b506b4934dc9ab58b44df58f23d/tracks/new -> 200 (282 ms)
06:30:59 "POST /cf/sessions/8750127d29800457707a138a67e91aafdc478b506b4934dc9ab58b44df58f23d/tracks/new HTTP/1.1" 200 -
06:30:59 "POST /collect HTTP/1.1" 200 -
06:30:59 "POST /collect HTTP/1.1" 200 -
06:31:00 CF POST /sessions/3f8ad2ec9d8fdc37d123fbe02c7dd2ad5e3f8da7b01fafbfdc71e03b6591ac5d/tracks/new -> 200 (258 ms)
06:31:00 "POST /cf/sessions/3f8ad2ec9d8fdc37d123fbe02c7dd2ad5e3f8da7b01fafbfdc71e03b6591ac5d/tracks/new HTTP/1.1" 200 -
06:31:00 "POST /collect HTTP/1.1" 200 -
06:31:00 "POST /collect HTTP/1.1" 200 -
06:31:00 "POST /collect HTTP/1.1" 200 -
06:31:00 "POST /collect HTTP/1.1" 200 -
06:31:00 "POST /collect HTTP/1.1" 200 -
06:31:00 "POST /collect HTTP/1.1" 200 -
06:31:00 "POST /collect HTTP/1.1" 200 -
06:31:00 "POST /collect HTTP/1.1" 200 -
06:31:00 "POST /collect HTTP/1.1" 200 -
06:31:00 "POST /collect HTTP/1.1" 200 -
06:31:00 "POST /collect HTTP/1.1" 200 -
06:31:00 "POST /collect HTTP/1.1" 200 -
06:31:00 "POST /collect HTTP/1.1" 200 -
06:31:00 "POST /collect HTTP/1.1" 200 -
06:31:00 "POST /collect HTTP/1.1" 200 -
06:31:00 "GET /roster HTTP/1.1" 200 -
06:31:00 CF PUT /sessions/8750127d29800457707a138a67e91aafdc478b506b4934dc9ab58b44df58f23d/renegotiate -> 200 (232 ms)
06:31:00 "PUT /cf/sessions/8750127d29800457707a138a67e91aafdc478b506b4934dc9ab58b44df58f23d/renegotiate HTTP/1.1" 200 -
06:31:00 "POST /collect HTTP/1.1" 200 -
06:31:00 CF PUT /sessions/3f8ad2ec9d8fdc37d123fbe02c7dd2ad5e3f8da7b01fafbfdc71e03b6591ac5d/renegotiate -> 200 (234 ms)
06:31:00 "PUT /cf/sessions/3f8ad2ec9d8fdc37d123fbe02c7dd2ad5e3f8da7b01fafbfdc71e03b6591ac5d/renegotiate HTTP/1.1" 200 -
06:31:00 "POST /collect HTTP/1.1" 200 -
06:31:00 "POST /collect HTTP/1.1" 200 -
06:31:00 "POST /collect HTTP/1.1" 200 -
06:31:00 "POST /collect HTTP/1.1" 200 -
06:31:01 "POST /collect HTTP/1.1" 200 -
06:31:01 CF POST /sessions/3f8ad2ec9d8fdc37d123fbe02c7dd2ad5e3f8da7b01fafbfdc71e03b6591ac5d/tracks/new -> 200 (204 ms)
06:31:01 "POST /cf/sessions/3f8ad2ec9d8fdc37d123fbe02c7dd2ad5e3f8da7b01fafbfdc71e03b6591ac5d/tracks/new HTTP/1.1" 200 -
06:31:01 "POST /collect HTTP/1.1" 200 -
06:31:01 "POST /collect HTTP/1.1" 200 -
06:31:01 CF POST /sessions/8750127d29800457707a138a67e91aafdc478b506b4934dc9ab58b44df58f23d/tracks/new -> 200 (286 ms)
06:31:01 "POST /cf/sessions/8750127d29800457707a138a67e91aafdc478b506b4934dc9ab58b44df58f23d/tracks/new HTTP/1.1" 200 -
06:31:01 "POST /collect HTTP/1.1" 200 -
06:31:01 "POST /collect HTTP/1.1" 200 -
06:31:01 "POST /collect HTTP/1.1" 200 -
06:31:01 "POST /collect HTTP/1.1" 200 -
06:31:01 "POST /collect HTTP/1.1" 200 -
06:31:01 "POST /collect HTTP/1.1" 200 -
06:31:01 "POST /collect HTTP/1.1" 200 -
06:31:01 "GET /roster HTTP/1.1" 200 -
06:31:01 "POST /collect HTTP/1.1" 200 -
06:31:01 "POST /collect HTTP/1.1" 200 -
06:31:01 "POST /collect HTTP/1.1" 200 -
06:31:01 "POST /collect HTTP/1.1" 200 -
06:31:01 "POST /collect HTTP/1.1" 200 -
06:31:01 CF PUT /sessions/3f8ad2ec9d8fdc37d123fbe02c7dd2ad5e3f8da7b01fafbfdc71e03b6591ac5d/renegotiate -> 200 (222 ms)
06:31:01 "PUT /cf/sessions/3f8ad2ec9d8fdc37d123fbe02c7dd2ad5e3f8da7b01fafbfdc71e03b6591ac5d/renegotiate HTTP/1.1" 200 -
06:31:01 CF PUT /sessions/8750127d29800457707a138a67e91aafdc478b506b4934dc9ab58b44df58f23d/renegotiate -> 200 (261 ms)
06:31:01 "PUT /cf/sessions/8750127d29800457707a138a67e91aafdc478b506b4934dc9ab58b44df58f23d/renegotiate HTTP/1.1" 200 -
06:31:01 "POST /collect HTTP/1.1" 200 -
06:31:01 "POST /collect HTTP/1.1" 200 -
06:31:01 "POST /collect HTTP/1.1" 200 -
06:31:01 "POST /collect HTTP/1.1" 200 -
06:31:01 "POST /collect HTTP/1.1" 200 -
06:31:02 CF POST /sessions/3f8ad2ec9d8fdc37d123fbe02c7dd2ad5e3f8da7b01fafbfdc71e03b6591ac5d/tracks/new -> 200 (244 ms)
06:31:02 "POST /cf/sessions/3f8ad2ec9d8fdc37d123fbe02c7dd2ad5e3f8da7b01fafbfdc71e03b6591ac5d/tracks/new HTTP/1.1" 200 -
06:31:02 CF POST /sessions/8750127d29800457707a138a67e91aafdc478b506b4934dc9ab58b44df58f23d/tracks/new -> 200 (275 ms)
06:31:02 "POST /cf/sessions/8750127d29800457707a138a67e91aafdc478b506b4934dc9ab58b44df58f23d/tracks/new HTTP/1.1" 200 -
06:31:02 "POST /collect HTTP/1.1" 200 -
06:31:02 "POST /collect HTTP/1.1" 200 -
06:31:02 "POST /collect HTTP/1.1" 200 -
06:31:02 "POST /collect HTTP/1.1" 200 -
06:31:02 "POST /collect HTTP/1.1" 200 -
06:31:02 "POST /collect HTTP/1.1" 200 -
06:31:02 "POST /collect HTTP/1.1" 200 -
06:31:02 "POST /collect HTTP/1.1" 200 -
06:31:02 "POST /collect HTTP/1.1" 200 -
06:31:02 "POST /collect HTTP/1.1" 200 -
06:31:02 "POST /collect HTTP/1.1" 200 -
06:31:02 "POST /collect HTTP/1.1" 200 -
06:31:02 "GET /roster HTTP/1.1" 200 -
06:31:02 "POST /collect HTTP/1.1" 200 -
06:31:02 "POST /collect HTTP/1.1" 200 -
06:31:02 "POST /collect HTTP/1.1" 200 -
06:31:02 CF PUT /sessions/3f8ad2ec9d8fdc37d123fbe02c7dd2ad5e3f8da7b01fafbfdc71e03b6591ac5d/renegotiate -> 200 (250 ms)
06:31:02 "PUT /cf/sessions/3f8ad2ec9d8fdc37d123fbe02c7dd2ad5e3f8da7b01fafbfdc71e03b6591ac5d/renegotiate HTTP/1.1" 200 -
06:31:02 "POST /collect HTTP/1.1" 200 -
06:31:02 "POST /collect HTTP/1.1" 200 -
06:31:02 "POST /collect HTTP/1.1" 200 -
06:31:02 "POST /collect HTTP/1.1" 200 -
06:31:02 CF PUT /sessions/8750127d29800457707a138a67e91aafdc478b506b4934dc9ab58b44df58f23d/renegotiate -> 200 (233 ms)
06:31:02 "PUT /cf/sessions/8750127d29800457707a138a67e91aafdc478b506b4934dc9ab58b44df58f23d/renegotiate HTTP/1.1" 200 -
06:31:02 "POST /collect HTTP/1.1" 200 -
06:31:03 "POST /collect HTTP/1.1" 200 -
06:31:03 "POST /collect HTTP/1.1" 200 -
06:31:03 "POST /collect HTTP/1.1" 200 -
06:31:03 CF POST /sessions/3f8ad2ec9d8fdc37d123fbe02c7dd2ad5e3f8da7b01fafbfdc71e03b6591ac5d/tracks/new -> 200 (196 ms)
06:31:03 "POST /cf/sessions/3f8ad2ec9d8fdc37d123fbe02c7dd2ad5e3f8da7b01fafbfdc71e03b6591ac5d/tracks/new HTTP/1.1" 200 -
06:31:03 "POST /collect HTTP/1.1" 200 -
06:31:03 "POST /collect HTTP/1.1" 200 -
06:31:03 CF POST /sessions/8750127d29800457707a138a67e91aafdc478b506b4934dc9ab58b44df58f23d/tracks/new -> 200 (195 ms)
06:31:03 "POST /cf/sessions/8750127d29800457707a138a67e91aafdc478b506b4934dc9ab58b44df58f23d/tracks/new HTTP/1.1" 200 -
06:31:03 "POST /collect HTTP/1.1" 200 -
06:31:03 "POST /collect HTTP/1.1" 200 -
06:31:03 "POST /collect HTTP/1.1" 200 -
06:31:03 "POST /collect HTTP/1.1" 200 -
06:31:03 "POST /collect HTTP/1.1" 200 -
06:31:03 "POST /collect HTTP/1.1" 200 -
06:31:03 "POST /collect HTTP/1.1" 200 -
06:31:03 "POST /collect HTTP/1.1" 200 -
06:31:03 "POST /collect HTTP/1.1" 200 -
06:31:03 "POST /collect HTTP/1.1" 200 -
06:31:03 "POST /collect HTTP/1.1" 200 -
06:31:03 "GET /roster HTTP/1.1" 200 -
06:31:03 "POST /collect HTTP/1.1" 200 -
06:31:03 CF PUT /sessions/3f8ad2ec9d8fdc37d123fbe02c7dd2ad5e3f8da7b01fafbfdc71e03b6591ac5d/renegotiate -> 200 (230 ms)
06:31:03 "PUT /cf/sessions/3f8ad2ec9d8fdc37d123fbe02c7dd2ad5e3f8da7b01fafbfdc71e03b6591ac5d/renegotiate HTTP/1.1" 200 -
06:31:03 "POST /collect HTTP/1.1" 200 -
06:31:03 "POST /collect HTTP/1.1" 200 -
06:31:03 "POST /collect HTTP/1.1" 200 -
06:31:03 "POST /collect HTTP/1.1" 200 -
06:31:04 "POST /collect HTTP/1.1" 200 -
06:31:04 "POST /collect HTTP/1.1" 200 -
06:31:04 CF POST /sessions/3f8ad2ec9d8fdc37d123fbe02c7dd2ad5e3f8da7b01fafbfdc71e03b6591ac5d/tracks/new -> 200 (247 ms)
06:31:04 "POST /cf/sessions/3f8ad2ec9d8fdc37d123fbe02c7dd2ad5e3f8da7b01fafbfdc71e03b6591ac5d/tracks/new HTTP/1.1" 200 -
06:31:04 CF PUT /sessions/8750127d29800457707a138a67e91aafdc478b506b4934dc9ab58b44df58f23d/renegotiate -> 200 (282 ms)
06:31:04 "PUT /cf/sessions/8750127d29800457707a138a67e91aafdc478b506b4934dc9ab58b44df58f23d/renegotiate HTTP/1.1" 200 -
06:31:04 "POST /collect HTTP/1.1" 200 -
06:31:04 "POST /collect HTTP/1.1" 200 -
06:31:04 "POST /collect HTTP/1.1" 200 -
06:31:04 "POST /collect HTTP/1.1" 200 -
06:31:04 "POST /collect HTTP/1.1" 200 -
06:31:04 "POST /collect HTTP/1.1" 200 -
06:31:04 "POST /collect HTTP/1.1" 200 -
06:31:04 "POST /collect HTTP/1.1" 200 -
06:31:04 "POST /collect HTTP/1.1" 200 -
06:31:04 "POST /collect HTTP/1.1" 200 -
06:31:04 "POST /collect HTTP/1.1" 200 -
06:31:04 "POST /collect HTTP/1.1" 200 -
06:31:04 "GET /roster HTTP/1.1" 200 -
06:31:04 "POST /collect HTTP/1.1" 200 -
06:31:04 CF PUT /sessions/3f8ad2ec9d8fdc37d123fbe02c7dd2ad5e3f8da7b01fafbfdc71e03b6591ac5d/renegotiate -> 200 (246 ms)
06:31:04 "PUT /cf/sessions/3f8ad2ec9d8fdc37d123fbe02c7dd2ad5e3f8da7b01fafbfdc71e03b6591ac5d/renegotiate HTTP/1.1" 200 -
06:31:04 "POST /collect HTTP/1.1" 200 -
06:31:04 "POST /collect HTTP/1.1" 200 -
06:31:04 "POST /collect HTTP/1.1" 200 -
06:31:04 "POST /collect HTTP/1.1" 200 -
06:31:05 "POST /collect HTTP/1.1" 200 -
06:31:05 "POST /collect HTTP/1.1" 200 -
06:31:05 "POST /collect HTTP/1.1" 200 -
06:31:05 "POST /collect HTTP/1.1" 200 -
06:31:05 "POST /collect HTTP/1.1" 200 -
06:31:05 "POST /collect HTTP/1.1" 200 -
06:31:05 "POST /collect HTTP/1.1" 200 -
06:31:05 "POST /collect HTTP/1.1" 200 -
06:31:05 "POST /collect HTTP/1.1" 200 -
06:31:05 "POST /collect HTTP/1.1" 200 -
06:31:05 "POST /collect HTTP/1.1" 200 -
06:31:05 "GET /roster HTTP/1.1" 200 -
06:31:05 "POST /collect HTTP/1.1" 200 -
06:31:05 "POST /collect HTTP/1.1" 200 -
06:31:05 "POST /collect HTTP/1.1" 200 -
06:31:05 "POST /collect HTTP/1.1" 200 -
06:31:05 "POST /collect HTTP/1.1" 200 -
06:31:05 "POST /collect HTTP/1.1" 200 -
06:31:05 "POST /collect HTTP/1.1" 200 -
06:31:05 "POST /collect HTTP/1.1" 200 -
06:31:06 "POST /collect HTTP/1.1" 200 -
06:31:06 "POST /collect HTTP/1.1" 200 -
06:31:06 "POST /collect HTTP/1.1" 200 -
06:31:06 "POST /collect HTTP/1.1" 200 -
06:31:06 "POST /collect HTTP/1.1" 200 -
06:31:06 "POST /collect HTTP/1.1" 200 -
06:31:06 "POST /collect HTTP/1.1" 200 -
06:31:06 "POST /collect HTTP/1.1" 200 -
06:31:06 "POST /collect HTTP/1.1" 200 -
06:31:06 "POST /collect HTTP/1.1" 200 -
06:31:06 "POST /collect HTTP/1.1" 200 -
06:31:06 "POST /collect HTTP/1.1" 200 -
06:31:06 "POST /collect HTTP/1.1" 200 -
06:31:06 "POST /collect HTTP/1.1" 200 -
06:31:06 "POST /collect HTTP/1.1" 200 -
06:31:06 "GET /roster HTTP/1.1" 200 -
06:31:06 "POST /collect HTTP/1.1" 200 -
06:31:06 "POST /collect HTTP/1.1" 200 -
06:31:06 "POST /collect HTTP/1.1" 200 -
06:31:06 "POST /collect HTTP/1.1" 200 -
06:31:07 "POST /collect HTTP/1.1" 200 -
06:31:07 "POST /collect HTTP/1.1" 200 -
06:31:07 "POST /collect HTTP/1.1" 200 -
06:31:07 "POST /collect HTTP/1.1" 200 -
06:31:07 "POST /collect HTTP/1.1" 200 -
06:31:07 "POST /collect HTTP/1.1" 200 -
06:31:07 "POST /collect HTTP/1.1" 200 -
06:31:07 "POST /collect HTTP/1.1" 200 -
06:31:07 "POST /collect HTTP/1.1" 200 -
06:31:07 "POST /collect HTTP/1.1" 200 -
06:31:07 "POST /collect HTTP/1.1" 200 -
06:31:07 "POST /collect HTTP/1.1" 200 -
06:31:07 "POST /collect HTTP/1.1" 200 -
06:31:07 "POST /collect HTTP/1.1" 200 -
06:31:07 "GET /roster HTTP/1.1" 200 -
06:31:07 "POST /collect HTTP/1.1" 200 -
06:31:07 "POST /collect HTTP/1.1" 200 -
06:31:07 "POST /collect HTTP/1.1" 200 -
06:31:07 "POST /collect HTTP/1.1" 200 -
06:31:08 "POST /collect HTTP/1.1" 200 -
06:31:08 "POST /collect HTTP/1.1" 200 -
06:31:08 "POST /collect HTTP/1.1" 200 -
06:31:08 "POST /collect HTTP/1.1" 200 -
06:31:08 "POST /collect HTTP/1.1" 200 -
06:31:08 "POST /collect HTTP/1.1" 200 -
06:31:08 "POST /collect HTTP/1.1" 200 -
06:31:08 "POST /collect HTTP/1.1" 200 -
06:31:08 "POST /collect HTTP/1.1" 200 -
06:31:08 "POST /collect HTTP/1.1" 200 -
06:31:08 "POST /collect HTTP/1.1" 200 -
06:31:08 "GET /roster HTTP/1.1" 200 -
06:31:08 "POST /collect HTTP/1.1" 200 -
06:31:08 "POST /collect HTTP/1.1" 200 -
06:31:08 "POST /collect HTTP/1.1" 200 -
06:31:08 "POST /collect HTTP/1.1" 200 -
06:31:08 "POST /collect HTTP/1.1" 200 -
06:31:08 "POST /collect HTTP/1.1" 200 -
06:31:08 "POST /collect HTTP/1.1" 200 -
06:31:08 "POST /collect HTTP/1.1" 200 -
06:31:09 "POST /collect HTTP/1.1" 200 -
06:31:09 "POST /collect HTTP/1.1" 200 -
06:31:09 "POST /collect HTTP/1.1" 200 -
06:31:09 "POST /collect HTTP/1.1" 200 -
06:31:09 "POST /collect HTTP/1.1" 200 -
06:31:09 "POST /collect HTTP/1.1" 200 -
06:31:09 "POST /collect HTTP/1.1" 200 -
06:31:09 "POST /collect HTTP/1.1" 200 -
06:31:09 "POST /collect HTTP/1.1" 200 -
06:31:09 "POST /collect HTTP/1.1" 200 -
06:31:09 "POST /collect HTTP/1.1" 200 -
06:31:09 "POST /collect HTTP/1.1" 200 -
06:31:09 "POST /collect HTTP/1.1" 200 -
06:31:09 "POST /collect HTTP/1.1" 200 -
06:31:09 "POST /collect HTTP/1.1" 200 -
06:31:09 "GET /roster HTTP/1.1" 200 -
06:31:09 "POST /collect HTTP/1.1" 200 -
06:31:09 "POST /collect HTTP/1.1" 200 -
06:31:09 "POST /collect HTTP/1.1" 200 -
06:31:10 "POST /collect HTTP/1.1" 200 -
06:31:10 "POST /collect HTTP/1.1" 200 -
06:31:10 "POST /collect HTTP/1.1" 200 -
06:31:10 "POST /collect HTTP/1.1" 200 -
06:31:10 "POST /collect HTTP/1.1" 200 -
06:31:10 "POST /collect HTTP/1.1" 200 -
06:31:10 "POST /collect HTTP/1.1" 200 -
06:31:10 "POST /collect HTTP/1.1" 200 -
06:31:10 "POST /collect HTTP/1.1" 200 -
06:31:10 "GET /roster HTTP/1.1" 200 -
06:31:10 "POST /collect HTTP/1.1" 200 -
06:31:10 "POST /collect HTTP/1.1" 200 -
06:31:10 "POST /collect HTTP/1.1" 200 -
06:31:10 "POST /collect HTTP/1.1" 200 -
06:31:10 "POST /collect HTTP/1.1" 200 -
06:31:10 "POST /collect HTTP/1.1" 200 -
06:31:10 "POST /collect HTTP/1.1" 200 -
06:31:10 "POST /collect HTTP/1.1" 200 -
06:31:10 "POST /collect HTTP/1.1" 200 -
06:31:11 "POST /collect HTTP/1.1" 200 -
06:31:11 "POST /collect HTTP/1.1" 200 -
06:31:11 "POST /collect HTTP/1.1" 200 -
06:31:11 "POST /collect HTTP/1.1" 200 -
06:31:11 "POST /collect HTTP/1.1" 200 -
06:31:11 "POST /collect HTTP/1.1" 200 -
06:31:11 "POST /collect HTTP/1.1" 200 -
06:31:11 "POST /collect HTTP/1.1" 200 -
06:31:11 "POST /collect HTTP/1.1" 200 -
06:31:11 "POST /collect HTTP/1.1" 200 -
06:31:11 "POST /collect HTTP/1.1" 200 -
06:31:11 "GET /roster HTTP/1.1" 200 -
06:31:11 "POST /collect HTTP/1.1" 200 -
06:31:11 "POST /collect HTTP/1.1" 200 -
06:31:11 "POST /collect HTTP/1.1" 200 -
06:31:11 "POST /collect HTTP/1.1" 200 -
06:31:11 "POST /collect HTTP/1.1" 200 -
06:31:11 "POST /collect HTTP/1.1" 200 -
06:31:11 "POST /collect HTTP/1.1" 200 -
06:31:11 "POST /collect HTTP/1.1" 200 -
06:31:12 "POST /collect HTTP/1.1" 200 -
06:31:12 "POST /collect HTTP/1.1" 200 -
06:31:12 "POST /collect HTTP/1.1" 200 -
06:31:12 "POST /collect HTTP/1.1" 200 -
06:31:12 "POST /collect HTTP/1.1" 200 -
06:31:12 "POST /collect HTTP/1.1" 200 -
06:31:12 "POST /collect HTTP/1.1" 200 -
06:31:12 "POST /collect HTTP/1.1" 200 -
06:31:12 "POST /collect HTTP/1.1" 200 -
06:31:12 "POST /collect HTTP/1.1" 200 -
06:31:12 "POST /collect HTTP/1.1" 200 -
06:31:12 "POST /collect HTTP/1.1" 200 -
06:31:12 "POST /collect HTTP/1.1" 200 -
06:31:12 "POST /collect HTTP/1.1" 200 -
06:31:12 "POST /collect HTTP/1.1" 200 -
06:31:12 "GET /roster HTTP/1.1" 200 -
06:31:12 "POST /collect HTTP/1.1" 200 -
06:31:12 "POST /collect HTTP/1.1" 200 -
06:31:12 "POST /collect HTTP/1.1" 200 -
06:31:12 "POST /collect HTTP/1.1" 200 -
06:31:13 "POST /collect HTTP/1.1" 200 -
06:31:13 "POST /collect HTTP/1.1" 200 -
06:31:13 "POST /collect HTTP/1.1" 200 -
06:31:13 "POST /collect HTTP/1.1" 200 -
06:31:13 "POST /collect HTTP/1.1" 200 -
06:31:13 "POST /collect HTTP/1.1" 200 -
06:31:13 "POST /collect HTTP/1.1" 200 -
06:31:13 "POST /collect HTTP/1.1" 200 -
06:31:13 "POST /collect HTTP/1.1" 200 -
06:31:13 "POST /collect HTTP/1.1" 200 -
06:31:13 "POST /collect HTTP/1.1" 200 -
06:31:13 "POST /collect HTTP/1.1" 200 -
06:31:13 "POST /collect HTTP/1.1" 200 -
06:31:13 "GET /roster HTTP/1.1" 200 -
06:31:13 "POST /collect HTTP/1.1" 200 -
06:31:13 "POST /collect HTTP/1.1" 200 -
06:31:13 "POST /collect HTTP/1.1" 200 -
06:31:13 "POST /collect HTTP/1.1" 200 -
06:31:13 "POST /collect HTTP/1.1" 200 -
06:31:14 "POST /collect HTTP/1.1" 200 -
06:31:14 "POST /collect HTTP/1.1" 200 -
06:31:14 "POST /collect HTTP/1.1" 200 -
06:31:14 "POST /collect HTTP/1.1" 200 -
06:31:14 "POST /collect HTTP/1.1" 200 -
06:31:14 "POST /collect HTTP/1.1" 200 -
06:31:14 "POST /collect HTTP/1.1" 200 -
06:31:14 "POST /collect HTTP/1.1" 200 -
06:31:14 "POST /collect HTTP/1.1" 200 -
06:31:14 "GET /roster HTTP/1.1" 200 -
06:31:14 "POST /collect HTTP/1.1" 200 -
06:31:14 "POST /collect HTTP/1.1" 200 -
06:31:14 "POST /collect HTTP/1.1" 200 -
06:31:14 "POST /collect HTTP/1.1" 200 -
06:31:14 "POST /collect HTTP/1.1" 200 -
06:31:14 "POST /collect HTTP/1.1" 200 -
06:31:14 "POST /collect HTTP/1.1" 200 -
06:31:14 "POST /collect HTTP/1.1" 200 -
06:31:14 "POST /collect HTTP/1.1" 200 -
06:31:14 "POST /collect HTTP/1.1" 200 -
06:31:15 "POST /collect HTTP/1.1" 200 -
06:31:15 "POST /collect HTTP/1.1" 200 -
06:31:15 "POST /collect HTTP/1.1" 200 -
06:31:15 "POST /collect HTTP/1.1" 200 -
06:31:15 "POST /collect HTTP/1.1" 200 -
06:31:15 "POST /collect HTTP/1.1" 200 -
06:31:15 "POST /collect HTTP/1.1" 200 -
06:31:15 "POST /collect HTTP/1.1" 200 -
06:31:15 "POST /collect HTTP/1.1" 200 -
06:31:15 "POST /collect HTTP/1.1" 200 -
06:31:15 "POST /collect HTTP/1.1" 200 -
06:31:15 "POST /collect HTTP/1.1" 200 -
06:31:15 "POST /collect HTTP/1.1" 200 -
06:31:15 "POST /collect HTTP/1.1" 200 -
06:31:15 "POST /collect HTTP/1.1" 200 -
06:31:15 "GET /roster HTTP/1.1" 200 -
06:31:15 "POST /collect HTTP/1.1" 200 -
06:31:15 "POST /collect HTTP/1.1" 200 -
06:31:15 "POST /collect HTTP/1.1" 200 -
06:31:15 "POST /collect HTTP/1.1" 200 -
06:31:16 "POST /collect HTTP/1.1" 200 -
06:31:16 "POST /collect HTTP/1.1" 200 -
06:31:16 "POST /collect HTTP/1.1" 200 -
06:31:16 "POST /collect HTTP/1.1" 200 -
06:31:16 "POST /collect HTTP/1.1" 200 -
06:31:16 "POST /collect HTTP/1.1" 200 -
06:31:16 "POST /collect HTTP/1.1" 200 -
06:31:16 "POST /collect HTTP/1.1" 200 -
06:31:16 "POST /collect HTTP/1.1" 200 -
06:31:16 "POST /collect HTTP/1.1" 200 -
06:31:16 "POST /collect HTTP/1.1" 200 -
06:31:16 "POST /collect HTTP/1.1" 200 -
06:31:16 "GET /roster HTTP/1.1" 200 -
06:31:16 "POST /collect HTTP/1.1" 200 -
06:31:16 "POST /collect HTTP/1.1" 200 -
06:31:16 "POST /collect HTTP/1.1" 200 -
06:31:16 "POST /collect HTTP/1.1" 200 -
06:31:16 "POST /collect HTTP/1.1" 200 -
06:31:17 "POST /collect HTTP/1.1" 200 -
06:31:17 "POST /collect HTTP/1.1" 200 -
06:31:17 "POST /collect HTTP/1.1" 200 -
06:31:17 "POST /collect HTTP/1.1" 200 -
06:31:17 "POST /collect HTTP/1.1" 200 -
06:31:17 "POST /collect HTTP/1.1" 200 -
06:31:17 "POST /collect HTTP/1.1" 200 -
06:31:17 "POST /collect HTTP/1.1" 200 -
06:31:17 "POST /collect HTTP/1.1" 200 -
06:31:17 "POST /collect HTTP/1.1" 200 -
06:31:17 "POST /collect HTTP/1.1" 200 -
06:31:17 "GET /roster HTTP/1.1" 200 -
06:31:17 "POST /collect HTTP/1.1" 200 -
06:31:17 "POST /collect HTTP/1.1" 200 -
06:31:17 "POST /collect HTTP/1.1" 200 -
06:31:17 "POST /collect HTTP/1.1" 200 -
06:31:17 "POST /collect HTTP/1.1" 200 -
06:31:17 "POST /collect HTTP/1.1" 200 -
06:31:17 "POST /collect HTTP/1.1" 200 -
06:31:17 "POST /collect HTTP/1.1" 200 -
06:31:18 "POST /collect HTTP/1.1" 200 -
06:31:18 "POST /collect HTTP/1.1" 200 -
06:31:18 "POST /collect HTTP/1.1" 200 -
06:31:18 "POST /collect HTTP/1.1" 200 -
06:31:18 "POST /collect HTTP/1.1" 200 -
06:31:18 "POST /collect HTTP/1.1" 200 -
06:31:18 "POST /collect HTTP/1.1" 200 -
06:31:18 "POST /collect HTTP/1.1" 200 -
06:31:18 "POST /collect HTTP/1.1" 200 -
06:31:18 "POST /collect HTTP/1.1" 200 -
06:31:18 "POST /collect HTTP/1.1" 200 -
06:31:18 "POST /collect HTTP/1.1" 200 -
06:31:18 "POST /collect HTTP/1.1" 200 -
06:31:18 "POST /collect HTTP/1.1" 200 -
06:31:18 "POST /collect HTTP/1.1" 200 -
06:31:18 "GET /roster HTTP/1.1" 200 -
06:31:18 "POST /collect HTTP/1.1" 200 -
06:31:18 "POST /collect HTTP/1.1" 200 -
06:31:18 "POST /collect HTTP/1.1" 200 -
06:31:18 "POST /collect HTTP/1.1" 200 -
06:31:19 "POST /collect HTTP/1.1" 200 -
06:31:19 "POST /collect HTTP/1.1" 200 -
06:31:19 "POST /collect HTTP/1.1" 200 -
06:31:19 "POST /collect HTTP/1.1" 200 -
06:31:19 "POST /collect HTTP/1.1" 200 -
06:31:19 "POST /collect HTTP/1.1" 200 -
06:31:19 "POST /collect HTTP/1.1" 200 -
06:31:19 "POST /collect HTTP/1.1" 200 -
06:31:19 "POST /collect HTTP/1.1" 200 -
06:31:19 "POST /collect HTTP/1.1" 200 -
06:31:19 "POST /collect HTTP/1.1" 200 -
06:31:19 "POST /collect HTTP/1.1" 200 -
06:31:19 "POST /collect HTTP/1.1" 200 -
06:31:19 "GET /roster HTTP/1.1" 200 -
06:31:19 "POST /collect HTTP/1.1" 200 -
06:31:19 "POST /collect HTTP/1.1" 200 -
06:31:19 "POST /collect HTTP/1.1" 200 -
06:31:19 "POST /collect HTTP/1.1" 200 -
06:31:20 "POST /collect HTTP/1.1" 200 -
06:31:20 "POST /collect HTTP/1.1" 200 -
06:31:20 "POST /collect HTTP/1.1" 200 -
06:31:20 "POST /collect HTTP/1.1" 200 -
06:31:20 "POST /collect HTTP/1.1" 200 -
06:31:20 "POST /collect HTTP/1.1" 200 -
06:31:20 "POST /collect HTTP/1.1" 200 -
06:31:20 "POST /collect HTTP/1.1" 200 -
06:31:20 "POST /collect HTTP/1.1" 200 -
06:31:20 "GET /roster HTTP/1.1" 200 -
06:31:20 "POST /collect HTTP/1.1" 200 -
06:31:20 "POST /collect HTTP/1.1" 200 -
06:31:20 "POST /collect HTTP/1.1" 200 -
06:31:20 "POST /collect HTTP/1.1" 200 -
06:31:20 "POST /collect HTTP/1.1" 200 -
06:31:20 "POST /collect HTTP/1.1" 200 -
06:31:20 "POST /collect HTTP/1.1" 200 -
06:31:20 "POST /collect HTTP/1.1" 200 -
06:31:20 "POST /collect HTTP/1.1" 200 -
06:31:20 "POST /collect HTTP/1.1" 200 -
06:31:21 "POST /collect HTTP/1.1" 200 -
06:31:21 "POST /collect HTTP/1.1" 200 -
06:31:21 "POST /collect HTTP/1.1" 200 -
06:31:21 "POST /collect HTTP/1.1" 200 -
06:31:21 "POST /collect HTTP/1.1" 200 -
06:31:21 "POST /collect HTTP/1.1" 200 -
06:31:21 "POST /collect HTTP/1.1" 200 -
06:31:21 "POST /collect HTTP/1.1" 200 -
06:31:21 "POST /collect HTTP/1.1" 200 -
06:31:21 "POST /collect HTTP/1.1" 200 -
06:31:21 "POST /collect HTTP/1.1" 200 -
06:31:21 "POST /collect HTTP/1.1" 200 -
06:31:21 "POST /collect HTTP/1.1" 200 -
06:31:21 "POST /collect HTTP/1.1" 200 -
06:31:21 "POST /collect HTTP/1.1" 200 -
06:31:21 "GET /roster HTTP/1.1" 200 -
06:31:21 "POST /collect HTTP/1.1" 200 -
06:31:21 "POST /collect HTTP/1.1" 200 -
06:31:21 "POST /collect HTTP/1.1" 200 -
06:31:21 "POST /collect HTTP/1.1" 200 -
06:31:22 "POST /collect HTTP/1.1" 200 -
06:31:22 "POST /collect HTTP/1.1" 200 -
06:31:22 "POST /collect HTTP/1.1" 200 -
06:31:22 "POST /collect HTTP/1.1" 200 -
06:31:22 "POST /collect HTTP/1.1" 200 -
06:31:22 "POST /collect HTTP/1.1" 200 -
06:31:22 "POST /collect HTTP/1.1" 200 -
06:31:22 "POST /collect HTTP/1.1" 200 -
06:31:22 "POST /collect HTTP/1.1" 200 -
06:31:22 "POST /collect HTTP/1.1" 200 -
06:31:22 "POST /collect HTTP/1.1" 200 -
06:31:22 "POST /collect HTTP/1.1" 200 -
06:31:22 "POST /collect HTTP/1.1" 200 -
06:31:22 "GET /roster HTTP/1.1" 200 -
06:31:22 "POST /collect HTTP/1.1" 200 -
06:31:22 "POST /collect HTTP/1.1" 200 -
06:31:22 "POST /collect HTTP/1.1" 200 -
06:31:22 "POST /collect HTTP/1.1" 200 -
06:31:23 "POST /collect HTTP/1.1" 200 -
06:31:23 "POST /collect HTTP/1.1" 200 -
06:31:23 "POST /collect HTTP/1.1" 200 -
06:31:23 "POST /collect HTTP/1.1" 200 -
06:31:23 "POST /collect HTTP/1.1" 200 -
06:31:23 "POST /collect HTTP/1.1" 200 -
06:31:23 "POST /collect HTTP/1.1" 200 -
06:31:23 "POST /collect HTTP/1.1" 200 -
06:31:23 "POST /collect HTTP/1.1" 200 -
06:31:23 "POST /collect HTTP/1.1" 200 -
06:31:23 "POST /collect HTTP/1.1" 200 -
06:31:23 "GET /roster HTTP/1.1" 200 -
06:31:23 "POST /collect HTTP/1.1" 200 -
06:31:23 "POST /collect HTTP/1.1" 200 -
06:31:23 "POST /collect HTTP/1.1" 200 -
06:31:23 "POST /collect HTTP/1.1" 200 -
06:31:23 "POST /collect HTTP/1.1" 200 -
06:31:23 "POST /collect HTTP/1.1" 200 -
06:31:23 "POST /collect HTTP/1.1" 200 -
06:31:23 "POST /collect HTTP/1.1" 200 -
06:31:24 "POST /collect HTTP/1.1" 200 -
06:31:24 "POST /collect HTTP/1.1" 200 -
06:31:24 "POST /collect HTTP/1.1" 200 -
06:31:24 "POST /collect HTTP/1.1" 200 -
06:31:24 "POST /collect HTTP/1.1" 200 -
06:31:24 "POST /collect HTTP/1.1" 200 -
06:31:24 "POST /collect HTTP/1.1" 200 -
06:31:24 "POST /collect HTTP/1.1" 200 -
06:31:24 "POST /collect HTTP/1.1" 200 -
06:31:24 "POST /collect HTTP/1.1" 200 -
06:31:24 "POST /collect HTTP/1.1" 200 -
06:31:24 "POST /collect HTTP/1.1" 200 -
06:31:24 "POST /collect HTTP/1.1" 200 -
06:31:24 "POST /collect HTTP/1.1" 200 -
06:31:24 "POST /collect HTTP/1.1" 200 -
06:31:24 "GET /roster HTTP/1.1" 200 -
06:31:24 "POST /collect HTTP/1.1" 200 -
06:31:24 "POST /collect HTTP/1.1" 200 -
06:31:24 "POST /collect HTTP/1.1" 200 -
06:31:24 "POST /collect HTTP/1.1" 200 -
06:31:25 "POST /collect HTTP/1.1" 200 -
06:31:25 "POST /collect HTTP/1.1" 200 -
06:31:25 "POST /collect HTTP/1.1" 200 -
06:31:25 "POST /collect HTTP/1.1" 200 -
06:31:25 "POST /collect HTTP/1.1" 200 -
06:31:25 "POST /collect HTTP/1.1" 200 -
06:31:25 "POST /collect HTTP/1.1" 200 -
06:31:25 "POST /collect HTTP/1.1" 200 -
06:31:25 "POST /collect HTTP/1.1" 200 -
06:31:25 "POST /collect HTTP/1.1" 200 -
06:31:25 "POST /collect HTTP/1.1" 200 -
06:31:25 "POST /collect HTTP/1.1" 200 -
06:31:25 "POST /collect HTTP/1.1" 200 -
06:31:25 "GET /roster HTTP/1.1" 200 -
06:31:25 "POST /collect HTTP/1.1" 200 -
06:31:25 "POST /collect HTTP/1.1" 200 -
06:31:25 "POST /collect HTTP/1.1" 200 -
06:31:25 "POST /collect HTTP/1.1" 200 -
06:31:26 "POST /collect HTTP/1.1" 200 -
06:31:26 "POST /collect HTTP/1.1" 200 -
06:31:26 "POST /collect HTTP/1.1" 200 -
06:31:26 "POST /collect HTTP/1.1" 200 -
06:31:26 "POST /collect HTTP/1.1" 200 -
06:31:26 "POST /collect HTTP/1.1" 200 -
06:31:26 "POST /collect HTTP/1.1" 200 -
06:31:26 "POST /collect HTTP/1.1" 200 -
06:31:26 "POST /collect HTTP/1.1" 200 -
06:31:26 "POST /collect HTTP/1.1" 200 -
06:31:26 "GET /roster HTTP/1.1" 200 -
06:31:26 "POST /collect HTTP/1.1" 200 -
06:31:26 "POST /collect HTTP/1.1" 200 -
06:31:26 "POST /collect HTTP/1.1" 200 -
06:31:26 "POST /collect HTTP/1.1" 200 -
06:31:26 "POST /collect HTTP/1.1" 200 -
06:31:26 "POST /collect HTTP/1.1" 200 -
06:31:26 "POST /collect HTTP/1.1" 200 -
06:31:26 "POST /collect HTTP/1.1" 200 -
06:31:26 "POST /collect HTTP/1.1" 200 -
06:31:27 "POST /collect HTTP/1.1" 200 -
06:31:27 "POST /collect HTTP/1.1" 200 -
06:31:27 "POST /collect HTTP/1.1" 200 -
06:31:27 "POST /collect HTTP/1.1" 200 -
06:31:27 "POST /collect HTTP/1.1" 200 -
06:31:27 "POST /collect HTTP/1.1" 200 -
06:31:27 "POST /collect HTTP/1.1" 200 -
06:31:27 "POST /collect HTTP/1.1" 200 -
06:31:27 "POST /collect HTTP/1.1" 200 -
06:31:27 "POST /collect HTTP/1.1" 200 -
06:31:27 "POST /collect HTTP/1.1" 200 -
06:31:27 "POST /collect HTTP/1.1" 200 -
06:31:27 "POST /collect HTTP/1.1" 200 -
06:31:27 "POST /collect HTTP/1.1" 200 -
06:31:27 "POST /collect HTTP/1.1" 200 -
06:31:27 "GET /roster HTTP/1.1" 200 -
06:31:27 "POST /collect HTTP/1.1" 200 -
06:31:27 "POST /collect HTTP/1.1" 200 -
06:31:27 "POST /collect HTTP/1.1" 200 -
06:31:28 "POST /collect HTTP/1.1" 200 -
06:31:28 "POST /collect HTTP/1.1" 200 -
06:31:28 "POST /collect HTTP/1.1" 200 -
06:31:28 "POST /collect HTTP/1.1" 200 -
06:31:28 "POST /collect HTTP/1.1" 200 -
06:31:28 "POST /collect HTTP/1.1" 200 -
06:31:28 "POST /collect HTTP/1.1" 200 -
06:31:28 "POST /collect HTTP/1.1" 200 -
06:31:28 "POST /collect HTTP/1.1" 200 -
06:31:28 "POST /collect HTTP/1.1" 200 -
06:31:28 "POST /collect HTTP/1.1" 200 -
06:31:28 "POST /collect HTTP/1.1" 200 -
06:31:28 "POST /collect HTTP/1.1" 200 -
06:31:28 "GET /roster HTTP/1.1" 200 -
06:31:28 "POST /collect HTTP/1.1" 200 -
06:31:28 "POST /collect HTTP/1.1" 200 -
06:31:28 "POST /collect HTTP/1.1" 200 -
06:31:28 "POST /collect HTTP/1.1" 200 -
06:31:28 "POST /collect HTTP/1.1" 200 -
06:31:29 "POST /collect HTTP/1.1" 200 -
06:31:29 "POST /collect HTTP/1.1" 200 -
06:31:29 "POST /collect HTTP/1.1" 200 -
06:31:29 "POST /collect HTTP/1.1" 200 -
06:31:29 "POST /collect HTTP/1.1" 200 -
06:31:29 "POST /collect HTTP/1.1" 200 -
06:31:29 "POST /collect HTTP/1.1" 200 -
06:31:29 "POST /collect HTTP/1.1" 200 -
06:31:29 "POST /collect HTTP/1.1" 200 -
06:31:29 "POST /collect HTTP/1.1" 200 -
06:31:29 "POST /collect HTTP/1.1" 200 -
06:31:29 "POST /collect HTTP/1.1" 200 -
06:31:29 "GET /roster HTTP/1.1" 200 -
06:31:29 "POST /collect HTTP/1.1" 200 -
06:31:29 "POST /collect HTTP/1.1" 200 -
06:31:29 "POST /collect HTTP/1.1" 200 -
06:31:29 "POST /collect HTTP/1.1" 200 -
06:31:29 "POST /collect HTTP/1.1" 200 -
06:31:29 "POST /collect HTTP/1.1" 200 -
06:31:29 "POST /collect HTTP/1.1" 200 -
06:31:29 "POST /collect HTTP/1.1" 200 -
06:31:30 "POST /collect HTTP/1.1" 200 -
06:31:30 "POST /collect HTTP/1.1" 200 -
06:31:30 "POST /collect HTTP/1.1" 200 -
06:31:30 "POST /collect HTTP/1.1" 200 -
06:31:30 "POST /collect HTTP/1.1" 200 -
06:31:30 "POST /collect HTTP/1.1" 200 -
06:31:30 "POST /collect HTTP/1.1" 200 -
06:31:30 "POST /collect HTTP/1.1" 200 -
06:31:30 "POST /collect HTTP/1.1" 200 -
06:31:30 "POST /collect HTTP/1.1" 200 -
06:31:30 "POST /collect HTTP/1.1" 200 -
06:31:30 "POST /collect HTTP/1.1" 200 -
06:31:30 "POST /collect HTTP/1.1" 200 -
06:31:30 "POST /collect HTTP/1.1" 200 -
06:31:30 "POST /collect HTTP/1.1" 200 -
06:31:30 "GET /roster HTTP/1.1" 200 -
06:31:30 "POST /collect HTTP/1.1" 200 -
06:31:30 "POST /collect HTTP/1.1" 200 -
06:31:30 "POST /collect HTTP/1.1" 200 -
06:31:30 "POST /collect HTTP/1.1" 200 -
06:31:31 "POST /collect HTTP/1.1" 200 -
06:31:31 "POST /collect HTTP/1.1" 200 -
06:31:31 "POST /collect HTTP/1.1" 200 -
06:31:31 "POST /collect HTTP/1.1" 200 -
06:31:31 "POST /collect HTTP/1.1" 200 -
06:31:31 "POST /collect HTTP/1.1" 200 -
06:31:31 "POST /collect HTTP/1.1" 200 -
06:31:31 "POST /collect HTTP/1.1" 200 -
06:31:31 "POST /collect HTTP/1.1" 200 -
06:31:31 "POST /collect HTTP/1.1" 200 -
06:31:31 "POST /collect HTTP/1.1" 200 -
06:31:31 "POST /collect HTTP/1.1" 200 -
06:31:31 "POST /collect HTTP/1.1" 200 -
06:31:31 "GET /roster HTTP/1.1" 200 -
06:31:31 "POST /collect HTTP/1.1" 200 -
06:31:31 "POST /collect HTTP/1.1" 200 -
06:31:31 "POST /collect HTTP/1.1" 200 -
06:31:31 "POST /collect HTTP/1.1" 200 -
06:31:32 "POST /collect HTTP/1.1" 200 -
06:31:32 "POST /collect HTTP/1.1" 200 -
06:31:32 "POST /collect HTTP/1.1" 200 -
06:31:32 "POST /collect HTTP/1.1" 200 -
06:31:32 "POST /collect HTTP/1.1" 200 -
06:31:32 "POST /collect HTTP/1.1" 200 -
06:31:32 "POST /collect HTTP/1.1" 200 -
06:31:32 "POST /collect HTTP/1.1" 200 -
06:31:32 "POST /collect HTTP/1.1" 200 -
06:31:32 "GET /roster HTTP/1.1" 200 -
06:31:32 "POST /collect HTTP/1.1" 200 -
06:31:32 "POST /collect HTTP/1.1" 200 -
06:31:32 "POST /collect HTTP/1.1" 200 -
06:31:32 "POST /collect HTTP/1.1" 200 -
06:31:32 "POST /collect HTTP/1.1" 200 -
06:31:32 "POST /collect HTTP/1.1" 200 -
06:31:32 "POST /collect HTTP/1.1" 200 -
06:31:32 "POST /collect HTTP/1.1" 200 -
06:31:32 "POST /collect HTTP/1.1" 200 -
06:31:32 "POST /collect HTTP/1.1" 200 -
06:31:33 "POST /collect HTTP/1.1" 200 -
06:31:33 "POST /collect HTTP/1.1" 200 -
06:31:33 "POST /collect HTTP/1.1" 200 -
06:31:33 "POST /collect HTTP/1.1" 200 -
06:31:33 "POST /collect HTTP/1.1" 200 -
06:31:33 "POST /collect HTTP/1.1" 200 -
06:31:33 "POST /collect HTTP/1.1" 200 -
06:31:33 "POST /collect HTTP/1.1" 200 -
06:31:33 "POST /collect HTTP/1.1" 200 -
06:31:33 "POST /collect HTTP/1.1" 200 -
06:31:33 "POST /collect HTTP/1.1" 200 -
06:31:33 "POST /collect HTTP/1.1" 200 -
06:31:33 "POST /collect HTTP/1.1" 200 -
06:31:33 "POST /collect HTTP/1.1" 200 -
06:31:33 "POST /collect HTTP/1.1" 200 -
06:31:33 "GET /roster HTTP/1.1" 200 -
06:31:33 "POST /collect HTTP/1.1" 200 -
06:31:33 "POST /collect HTTP/1.1" 200 -
06:31:33 "POST /collect HTTP/1.1" 200 -
06:31:33 "POST /collect HTTP/1.1" 200 -
06:31:34 "POST /collect HTTP/1.1" 200 -
06:31:34 "POST /collect HTTP/1.1" 200 -
06:31:34 "POST /collect HTTP/1.1" 200 -
06:31:34 "POST /collect HTTP/1.1" 200 -
06:31:34 "POST /collect HTTP/1.1" 200 -
06:31:34 "POST /collect HTTP/1.1" 200 -
06:31:34 "POST /collect HTTP/1.1" 200 -
06:31:34 "POST /collect HTTP/1.1" 200 -
06:31:34 "POST /collect HTTP/1.1" 200 -
06:31:34 "POST /collect HTTP/1.1" 200 -
06:31:34 "POST /collect HTTP/1.1" 200 -
06:31:34 "POST /collect HTTP/1.1" 200 -
06:31:34 "POST /collect HTTP/1.1" 200 -
06:31:34 "GET /roster HTTP/1.1" 200 -
06:31:34 "POST /collect HTTP/1.1" 200 -
06:31:34 "POST /collect HTTP/1.1" 200 -
06:31:34 "POST /collect HTTP/1.1" 200 -
06:31:34 "POST /collect HTTP/1.1" 200 -
06:31:35 "POST /collect HTTP/1.1" 200 -
06:31:35 "POST /collect HTTP/1.1" 200 -
06:31:35 "POST /collect HTTP/1.1" 200 -
06:31:35 "POST /collect HTTP/1.1" 200 -
06:31:35 "POST /collect HTTP/1.1" 200 -
06:31:35 "POST /collect HTTP/1.1" 200 -
06:31:35 "POST /collect HTTP/1.1" 200 -
06:31:35 "POST /collect HTTP/1.1" 200 -
06:31:35 "POST /collect HTTP/1.1" 200 -
06:31:35 "POST /collect HTTP/1.1" 200 -
06:31:35 "POST /collect HTTP/1.1" 200 -
06:31:35 "GET /roster HTTP/1.1" 200 -
06:31:35 "POST /collect HTTP/1.1" 200 -
06:31:35 "POST /collect HTTP/1.1" 200 -
06:31:35 "POST /collect HTTP/1.1" 200 -
06:31:35 "POST /collect HTTP/1.1" 200 -
06:31:35 "POST /collect HTTP/1.1" 200 -
06:31:35 "POST /collect HTTP/1.1" 200 -
06:31:35 "POST /collect HTTP/1.1" 200 -
06:31:35 "POST /collect HTTP/1.1" 200 -
06:31:36 "POST /collect HTTP/1.1" 200 -
06:31:36 "POST /collect HTTP/1.1" 200 -
06:31:36 "POST /collect HTTP/1.1" 200 -
06:31:36 "POST /collect HTTP/1.1" 200 -
06:31:36 "POST /collect HTTP/1.1" 200 -
06:31:36 "POST /collect HTTP/1.1" 200 -
06:31:36 "POST /collect HTTP/1.1" 200 -
06:31:36 "POST /collect HTTP/1.1" 200 -
06:31:36 "POST /collect HTTP/1.1" 200 -
06:31:36 "POST /collect HTTP/1.1" 200 -
06:31:36 "POST /collect HTTP/1.1" 200 -
06:31:36 "POST /collect HTTP/1.1" 200 -
06:31:36 "POST /collect HTTP/1.1" 200 -
06:31:36 "POST /collect HTTP/1.1" 200 -
06:31:36 "POST /collect HTTP/1.1" 200 -
06:31:36 "GET /roster HTTP/1.1" 200 -
06:31:36 "POST /collect HTTP/1.1" 200 -
06:31:36 "POST /collect HTTP/1.1" 200 -
06:31:36 "POST /collect HTTP/1.1" 200 -
06:31:36 "POST /collect HTTP/1.1" 200 -
06:31:37 "POST /collect HTTP/1.1" 200 -
06:31:37 "POST /collect HTTP/1.1" 200 -
06:31:37 "POST /collect HTTP/1.1" 200 -
06:31:37 "POST /collect HTTP/1.1" 200 -
06:31:37 "POST /collect HTTP/1.1" 200 -
06:31:37 "POST /collect HTTP/1.1" 200 -
06:31:37 "POST /collect HTTP/1.1" 200 -
06:31:37 "POST /collect HTTP/1.1" 200 -
06:31:37 "POST /collect HTTP/1.1" 200 -
06:31:37 "POST /collect HTTP/1.1" 200 -
06:31:37 "POST /collect HTTP/1.1" 200 -
06:31:37 "POST /collect HTTP/1.1" 200 -
06:31:37 "POST /collect HTTP/1.1" 200 -
06:31:37 "GET /roster HTTP/1.1" 200 -
06:31:37 "POST /collect HTTP/1.1" 200 -
06:31:37 "POST /collect HTTP/1.1" 200 -
06:31:37 "POST /collect HTTP/1.1" 200 -
06:31:37 "POST /collect HTTP/1.1" 200 -
06:31:38 "POST /collect HTTP/1.1" 200 -
06:31:38 "POST /collect HTTP/1.1" 200 -
06:31:38 "POST /collect HTTP/1.1" 200 -
06:31:38 "POST /collect HTTP/1.1" 200 -
06:31:38 "POST /collect HTTP/1.1" 200 -
06:31:38 "POST /collect HTTP/1.1" 200 -
06:31:38 "POST /collect HTTP/1.1" 200 -
06:31:38 "POST /collect HTTP/1.1" 200 -
06:31:38 "POST /collect HTTP/1.1" 200 -
06:31:38 "POST /collect HTTP/1.1" 200 -
06:31:38 "POST /collect HTTP/1.1" 200 -
06:31:38 "GET /roster HTTP/1.1" 200 -
06:31:38 "POST /collect HTTP/1.1" 200 -
06:31:38 "POST /collect HTTP/1.1" 200 -
06:31:38 "POST /collect HTTP/1.1" 200 -
06:31:38 "POST /collect HTTP/1.1" 200 -
06:31:38 "POST /collect HTTP/1.1" 200 -
06:31:38 "POST /collect HTTP/1.1" 200 -
06:31:38 "POST /collect HTTP/1.1" 200 -
06:31:38 "POST /collect HTTP/1.1" 200 -
06:31:39 "POST /collect HTTP/1.1" 200 -
06:31:39 "POST /collect HTTP/1.1" 200 -
06:31:39 "POST /collect HTTP/1.1" 200 -
06:31:39 "POST /collect HTTP/1.1" 200 -
06:31:39 "POST /collect HTTP/1.1" 200 -
06:31:39 "POST /collect HTTP/1.1" 200 -
06:31:39 "POST /collect HTTP/1.1" 200 -
06:31:39 "POST /collect HTTP/1.1" 200 -
06:31:39 "POST /collect HTTP/1.1" 200 -
06:31:39 "POST /collect HTTP/1.1" 200 -
06:31:39 "POST /collect HTTP/1.1" 200 -
06:31:39 "POST /collect HTTP/1.1" 200 -
06:31:39 "POST /collect HTTP/1.1" 200 -
06:31:39 "POST /collect HTTP/1.1" 200 -
06:31:39 "POST /collect HTTP/1.1" 200 -
06:31:39 "GET /roster HTTP/1.1" 200 -
06:31:39 "POST /collect HTTP/1.1" 200 -
06:31:39 "POST /collect HTTP/1.1" 200 -
06:31:39 "POST /collect HTTP/1.1" 200 -
06:31:39 "POST /collect HTTP/1.1" 200 -
06:31:40 "POST /collect HTTP/1.1" 200 -
06:31:40 "POST /collect HTTP/1.1" 200 -
06:31:40 "POST /collect HTTP/1.1" 200 -
06:31:40 "POST /collect HTTP/1.1" 200 -
06:31:40 "POST /collect HTTP/1.1" 200 -
06:31:40 "POST /collect HTTP/1.1" 200 -
06:31:40 "POST /collect HTTP/1.1" 200 -
06:31:40 "POST /collect HTTP/1.1" 200 -
06:31:40 "POST /collect HTTP/1.1" 200 -
06:31:40 "POST /collect HTTP/1.1" 200 -
06:31:40 "POST /collect HTTP/1.1" 200 -
06:31:40 "POST /collect HTTP/1.1" 200 -
06:31:40 "POST /collect HTTP/1.1" 200 -
06:31:40 "GET /roster HTTP/1.1" 200 -
06:31:40 "POST /collect HTTP/1.1" 200 -
06:31:40 "POST /collect HTTP/1.1" 200 -
06:31:40 "POST /collect HTTP/1.1" 200 -
06:31:40 "POST /collect HTTP/1.1" 200 -
06:31:41 "POST /collect HTTP/1.1" 200 -
06:31:41 "POST /collect HTTP/1.1" 200 -
06:31:41 "POST /collect HTTP/1.1" 200 -
06:31:41 "POST /collect HTTP/1.1" 200 -
06:31:41 "POST /collect HTTP/1.1" 200 -
06:31:41 "POST /collect HTTP/1.1" 200 -
06:31:41 "POST /collect HTTP/1.1" 200 -
06:31:41 "POST /collect HTTP/1.1" 200 -
06:31:41 "GET /roster HTTP/1.1" 200 -
06:31:41 "POST /collect HTTP/1.1" 200 -
06:31:41 "POST /collect HTTP/1.1" 200 -
06:31:41 "POST /collect HTTP/1.1" 200 -
06:31:41 "POST /collect HTTP/1.1" 200 -
06:31:41 "POST /collect HTTP/1.1" 200 -
06:31:41 "POST /collect HTTP/1.1" 200 -
06:31:41 "POST /collect HTTP/1.1" 200 -
06:31:41 "POST /collect HTTP/1.1" 200 -
06:31:41 "POST /collect HTTP/1.1" 200 -
06:31:41 "POST /collect HTTP/1.1" 200 -
06:31:41 "POST /collect HTTP/1.1" 200 -
06:31:42 "POST /collect HTTP/1.1" 200 -
06:31:42 "POST /collect HTTP/1.1" 200 -
06:31:42 "POST /collect HTTP/1.1" 200 -
06:31:42 "POST /collect HTTP/1.1" 200 -
06:31:42 "POST /collect HTTP/1.1" 200 -
06:31:42 "POST /collect HTTP/1.1" 200 -
06:31:42 "POST /collect HTTP/1.1" 200 -
06:31:42 "POST /collect HTTP/1.1" 200 -
06:31:42 "POST /collect HTTP/1.1" 200 -
06:31:42 "POST /collect HTTP/1.1" 200 -
06:31:42 "POST /collect HTTP/1.1" 200 -
06:31:42 "POST /collect HTTP/1.1" 200 -
06:31:42 "POST /collect HTTP/1.1" 200 -
06:31:42 "POST /collect HTTP/1.1" 200 -
06:31:42 "POST /collect HTTP/1.1" 200 -
06:31:42 "GET /roster HTTP/1.1" 200 -
06:31:42 "POST /collect HTTP/1.1" 200 -
06:31:42 "POST /collect HTTP/1.1" 200 -
06:31:42 "POST /collect HTTP/1.1" 200 -
06:31:42 "POST /collect HTTP/1.1" 200 -
06:31:43 "POST /collect HTTP/1.1" 200 -
06:31:43 "POST /collect HTTP/1.1" 200 -
06:31:43 "POST /collect HTTP/1.1" 200 -
06:31:43 "POST /collect HTTP/1.1" 200 -
06:31:43 "POST /collect HTTP/1.1" 200 -
06:31:43 "POST /collect HTTP/1.1" 200 -
06:31:43 "POST /collect HTTP/1.1" 200 -
06:31:43 "POST /collect HTTP/1.1" 200 -
06:31:43 "POST /collect HTTP/1.1" 200 -
06:31:43 "POST /collect HTTP/1.1" 200 -
06:31:43 "POST /collect HTTP/1.1" 200 -
06:31:43 "POST /collect HTTP/1.1" 200 -
06:31:43 "GET /roster HTTP/1.1" 200 -
06:31:43 "POST /collect HTTP/1.1" 200 -
06:31:43 "POST /collect HTTP/1.1" 200 -
06:31:43 "POST /collect HTTP/1.1" 200 -
06:31:43 "POST /collect HTTP/1.1" 200 -
06:31:43 "POST /collect HTTP/1.1" 200 -
06:31:44 "POST /collect HTTP/1.1" 200 -
06:31:44 "POST /collect HTTP/1.1" 200 -
06:31:44 "POST /collect HTTP/1.1" 200 -
06:31:44 "POST /collect HTTP/1.1" 200 -
06:31:44 "POST /collect HTTP/1.1" 200 -
06:31:44 "POST /collect HTTP/1.1" 200 -
06:31:44 "POST /collect HTTP/1.1" 200 -
06:31:44 "POST /collect HTTP/1.1" 200 -
06:31:44 "POST /collect HTTP/1.1" 200 -
06:31:44 "POST /collect HTTP/1.1" 200 -
06:31:44 "POST /collect HTTP/1.1" 200 -
06:31:44 "POST /collect HTTP/1.1" 200 -
06:31:44 "GET /roster HTTP/1.1" 200 -
06:31:44 "POST /collect HTTP/1.1" 200 -
06:31:44 "POST /collect HTTP/1.1" 200 -
06:31:44 "POST /collect HTTP/1.1" 200 -
06:31:44 "POST /collect HTTP/1.1" 200 -
06:31:44 "POST /collect HTTP/1.1" 200 -
06:31:44 "POST /collect HTTP/1.1" 200 -
06:31:44 "POST /collect HTTP/1.1" 200 -
06:31:44 "POST /collect HTTP/1.1" 200 -
06:31:45 "POST /collect HTTP/1.1" 200 -
06:31:45 "POST /collect HTTP/1.1" 200 -
06:31:45 "POST /collect HTTP/1.1" 200 -
06:31:45 "POST /collect HTTP/1.1" 200 -
06:31:45 "POST /collect HTTP/1.1" 200 -
06:31:45 "POST /collect HTTP/1.1" 200 -
06:31:45 "POST /collect HTTP/1.1" 200 -
06:31:45 "POST /collect HTTP/1.1" 200 -
06:31:45 "POST /collect HTTP/1.1" 200 -
06:31:45 "POST /collect HTTP/1.1" 200 -
06:31:45 "POST /collect HTTP/1.1" 200 -
06:31:45 "POST /collect HTTP/1.1" 200 -
06:31:45 "POST /collect HTTP/1.1" 200 -
06:31:45 "POST /collect HTTP/1.1" 200 -
06:31:45 "POST /collect HTTP/1.1" 200 -
06:31:45 "GET /roster HTTP/1.1" 200 -
06:31:45 "POST /collect HTTP/1.1" 200 -
06:31:45 "POST /collect HTTP/1.1" 200 -
06:31:45 "POST /collect HTTP/1.1" 200 -
06:31:45 "POST /collect HTTP/1.1" 200 -
06:31:46 "POST /collect HTTP/1.1" 200 -
06:31:46 "POST /collect HTTP/1.1" 200 -
06:31:46 "POST /collect HTTP/1.1" 200 -
06:31:46 "POST /collect HTTP/1.1" 200 -
06:31:46 "POST /collect HTTP/1.1" 200 -
06:31:46 "POST /collect HTTP/1.1" 200 -
06:31:46 "POST /collect HTTP/1.1" 200 -
06:31:46 "POST /collect HTTP/1.1" 200 -
06:31:46 "POST /collect HTTP/1.1" 200 -
06:31:46 "POST /collect HTTP/1.1" 200 -
06:31:46 "POST /collect HTTP/1.1" 200 -
06:31:46 "POST /collect HTTP/1.1" 200 -
06:31:46 "POST /collect HTTP/1.1" 200 -
06:31:46 "GET /roster HTTP/1.1" 200 -
06:31:46 "POST /collect HTTP/1.1" 200 -
06:31:46 "POST /collect HTTP/1.1" 200 -
06:31:46 "POST /collect HTTP/1.1" 200 -
06:31:46 "POST /collect HTTP/1.1" 200 -
06:31:47 "POST /collect HTTP/1.1" 200 -
06:31:47 "POST /collect HTTP/1.1" 200 -
06:31:47 "POST /collect HTTP/1.1" 200 -
06:31:47 "POST /collect HTTP/1.1" 200 -
06:31:47 "POST /collect HTTP/1.1" 200 -
06:31:47 "POST /collect HTTP/1.1" 200 -
06:31:47 "POST /collect HTTP/1.1" 200 -
06:31:47 "POST /collect HTTP/1.1" 200 -
06:31:47 "POST /collect HTTP/1.1" 200 -
06:31:47 "POST /collect HTTP/1.1" 200 -
06:31:47 "POST /collect HTTP/1.1" 200 -
06:31:47 "GET /roster HTTP/1.1" 200 -
06:31:47 "POST /collect HTTP/1.1" 200 -
06:31:47 "POST /collect HTTP/1.1" 200 -
06:31:47 "POST /collect HTTP/1.1" 200 -
06:31:47 "POST /collect HTTP/1.1" 200 -
06:31:47 "POST /collect HTTP/1.1" 200 -
06:31:47 "POST /collect HTTP/1.1" 200 -
06:31:47 "POST /collect HTTP/1.1" 200 -
06:31:47 "POST /collect HTTP/1.1" 200 -
06:31:48 "POST /collect HTTP/1.1" 200 -
06:31:48 "POST /collect HTTP/1.1" 200 -
06:31:48 "POST /collect HTTP/1.1" 200 -
06:31:48 "POST /collect HTTP/1.1" 200 -
06:31:48 "POST /collect HTTP/1.1" 200 -
06:31:48 "POST /collect HTTP/1.1" 200 -
06:31:48 "POST /collect HTTP/1.1" 200 -
06:31:48 "POST /collect HTTP/1.1" 200 -
06:31:48 "POST /collect HTTP/1.1" 200 -
06:31:48 "POST /collect HTTP/1.1" 200 -
06:31:48 "POST /collect HTTP/1.1" 200 -
06:31:48 "POST /collect HTTP/1.1" 200 -
06:31:48 "POST /collect HTTP/1.1" 200 -
06:31:48 "POST /collect HTTP/1.1" 200 -
06:31:48 "POST /collect HTTP/1.1" 200 -
06:31:48 "GET /roster HTTP/1.1" 200 -
06:31:48 "POST /collect HTTP/1.1" 200 -
06:31:48 "POST /collect HTTP/1.1" 200 -
06:31:48 "POST /collect HTTP/1.1" 200 -
06:31:48 "POST /collect HTTP/1.1" 200 -
06:31:49 "POST /collect HTTP/1.1" 200 -
06:31:49 "POST /collect HTTP/1.1" 200 -
06:31:49 "POST /collect HTTP/1.1" 200 -
06:31:49 "POST /collect HTTP/1.1" 200 -
06:31:49 "POST /collect HTTP/1.1" 200 -
06:31:49 "POST /collect HTTP/1.1" 200 -
06:31:49 "POST /collect HTTP/1.1" 200 -
06:31:49 "POST /collect HTTP/1.1" 200 -
06:31:49 "POST /collect HTTP/1.1" 200 -
06:31:49 "POST /collect HTTP/1.1" 200 -
06:31:49 "POST /collect HTTP/1.1" 200 -
06:31:49 "POST /collect HTTP/1.1" 200 -
06:31:49 "POST /collect HTTP/1.1" 200 -
06:31:49 "GET /roster HTTP/1.1" 200 -
06:31:49 "POST /collect HTTP/1.1" 200 -
06:31:49 "POST /collect HTTP/1.1" 200 -
06:31:49 "POST /collect HTTP/1.1" 200 -
06:31:49 "POST /collect HTTP/1.1" 200 -
06:31:50 "POST /collect HTTP/1.1" 200 -
06:31:50 "POST /collect HTTP/1.1" 200 -
06:31:50 "POST /collect HTTP/1.1" 200 -
06:31:50 "POST /collect HTTP/1.1" 200 -
06:31:50 "POST /collect HTTP/1.1" 200 -
06:31:50 "POST /collect HTTP/1.1" 200 -
06:31:50 "POST /collect HTTP/1.1" 200 -
06:31:50 "POST /collect HTTP/1.1" 200 -
06:31:50 "POST /collect HTTP/1.1" 200 -
06:31:50 "POST /collect HTTP/1.1" 200 -
06:31:50 "POST /collect HTTP/1.1" 200 -
06:31:50 "GET /roster HTTP/1.1" 200 -
06:31:50 "POST /collect HTTP/1.1" 200 -
06:31:50 "POST /collect HTTP/1.1" 200 -
06:31:50 "POST /collect HTTP/1.1" 200 -
06:31:50 "POST /collect HTTP/1.1" 200 -
06:31:50 "POST /collect HTTP/1.1" 200 -
06:31:50 "POST /collect HTTP/1.1" 200 -
06:31:50 "POST /collect HTTP/1.1" 200 -
06:31:50 "POST /collect HTTP/1.1" 200 -
06:31:51 "POST /collect HTTP/1.1" 200 -
06:31:51 "POST /collect HTTP/1.1" 200 -
06:31:51 "POST /collect HTTP/1.1" 200 -
06:31:51 "POST /collect HTTP/1.1" 200 -
06:31:51 "POST /collect HTTP/1.1" 200 -
06:31:51 "POST /collect HTTP/1.1" 200 -
06:31:51 "POST /collect HTTP/1.1" 200 -
06:31:51 "POST /collect HTTP/1.1" 200 -
06:31:51 "POST /collect HTTP/1.1" 200 -
06:31:51 "POST /collect HTTP/1.1" 200 -
06:31:51 "POST /collect HTTP/1.1" 200 -
06:31:51 "POST /collect HTTP/1.1" 200 -
06:31:51 "POST /collect HTTP/1.1" 200 -
06:31:51 "POST /collect HTTP/1.1" 200 -
06:31:51 "POST /collect HTTP/1.1" 200 -
06:31:51 "GET /roster HTTP/1.1" 200 -
06:31:51 "POST /collect HTTP/1.1" 200 -
06:31:51 "POST /collect HTTP/1.1" 200 -
06:31:51 "POST /collect HTTP/1.1" 200 -
06:31:51 "POST /collect HTTP/1.1" 200 -
06:31:52 "POST /collect HTTP/1.1" 200 -
06:31:52 "POST /collect HTTP/1.1" 200 -
06:31:52 "POST /collect HTTP/1.1" 200 -
06:31:52 "POST /collect HTTP/1.1" 200 -
06:31:52 "POST /collect HTTP/1.1" 200 -
06:31:52 "POST /collect HTTP/1.1" 200 -
06:31:52 "POST /collect HTTP/1.1" 200 -
06:31:52 "POST /collect HTTP/1.1" 200 -
06:31:52 "POST /collect HTTP/1.1" 200 -
06:31:52 "POST /collect HTTP/1.1" 200 -
06:31:52 "POST /collect HTTP/1.1" 200 -
06:31:52 "POST /collect HTTP/1.1" 200 -
06:31:52 "GET /roster HTTP/1.1" 200 -
06:31:52 "POST /collect HTTP/1.1" 200 -
06:31:52 "POST /collect HTTP/1.1" 200 -
06:31:52 "POST /collect HTTP/1.1" 200 -
06:31:52 "POST /collect HTTP/1.1" 200 -
06:31:52 "POST /collect HTTP/1.1" 200 -
06:31:53 "POST /collect HTTP/1.1" 200 -
06:31:53 "POST /collect HTTP/1.1" 200 -
06:31:53 "POST /collect HTTP/1.1" 200 -
06:31:53 "POST /collect HTTP/1.1" 200 -
06:31:53 "POST /collect HTTP/1.1" 200 -
06:31:53 "POST /collect HTTP/1.1" 200 -
06:31:53 "POST /collect HTTP/1.1" 200 -
06:31:53 "POST /collect HTTP/1.1" 200 -
06:31:53 "POST /collect HTTP/1.1" 200 -
06:31:53 "POST /collect HTTP/1.1" 200 -
06:31:53 "POST /collect HTTP/1.1" 200 -
06:31:53 "GET /roster HTTP/1.1" 200 -
06:31:53 "POST /collect HTTP/1.1" 200 -
06:31:53 "POST /collect HTTP/1.1" 200 -
06:31:53 "POST /collect HTTP/1.1" 200 -
06:31:53 "POST /collect HTTP/1.1" 200 -
06:31:53 "POST /collect HTTP/1.1" 200 -
06:31:53 "POST /collect HTTP/1.1" 200 -
06:31:53 "POST /collect HTTP/1.1" 200 -
06:31:54 "POST /collect HTTP/1.1" 200 -
06:31:54 "POST /collect HTTP/1.1" 200 -
06:31:54 "POST /collect HTTP/1.1" 200 -
06:31:54 "POST /collect HTTP/1.1" 200 -
06:31:54 "POST /collect HTTP/1.1" 200 -
06:31:54 "POST /collect HTTP/1.1" 200 -
06:31:54 "POST /collect HTTP/1.1" 200 -
06:31:54 "POST /collect HTTP/1.1" 200 -
06:31:54 "POST /collect HTTP/1.1" 200 -
06:31:54 "POST /collect HTTP/1.1" 200 -
06:31:54 "POST /collect HTTP/1.1" 200 -
06:31:54 "POST /collect HTTP/1.1" 200 -
06:31:54 "POST /collect HTTP/1.1" 200 -
06:31:54 "POST /collect HTTP/1.1" 200 -
06:31:54 "POST /collect HTTP/1.1" 200 -
06:31:54 "POST /collect HTTP/1.1" 200 -
06:31:54 "GET /roster HTTP/1.1" 200 -
06:31:54 "POST /collect HTTP/1.1" 200 -
06:31:54 "POST /collect HTTP/1.1" 200 -
06:31:54 "POST /collect HTTP/1.1" 200 -
06:31:54 "POST /collect HTTP/1.1" 200 -
06:31:55 "POST /collect HTTP/1.1" 200 -
06:31:55 "POST /collect HTTP/1.1" 200 -
06:31:55 "POST /collect HTTP/1.1" 200 -
06:31:55 "POST /collect HTTP/1.1" 200 -
06:31:55 "POST /collect HTTP/1.1" 200 -
06:31:55 "POST /collect HTTP/1.1" 200 -
06:31:55 "POST /collect HTTP/1.1" 200 -
06:31:55 "POST /collect HTTP/1.1" 200 -
06:31:55 "POST /collect HTTP/1.1" 200 -
06:31:55 "POST /collect HTTP/1.1" 200 -
06:31:55 "POST /collect HTTP/1.1" 200 -
06:31:55 "POST /collect HTTP/1.1" 200 -
06:31:55 "POST /collect HTTP/1.1" 200 -
06:31:55 "GET /roster HTTP/1.1" 200 -
06:31:55 "POST /collect HTTP/1.1" 200 -
06:31:55 "POST /collect HTTP/1.1" 200 -
06:31:55 "POST /collect HTTP/1.1" 200 -
06:31:55 "POST /collect HTTP/1.1" 200 -
06:31:56 "POST /collect HTTP/1.1" 200 -
06:31:56 "POST /collect HTTP/1.1" 200 -
06:31:56 "POST /collect HTTP/1.1" 200 -
06:31:56 "POST /collect HTTP/1.1" 200 -
06:31:56 "POST /collect HTTP/1.1" 200 -
06:31:56 "POST /collect HTTP/1.1" 200 -
06:31:56 "POST /collect HTTP/1.1" 200 -
06:31:56 "POST /collect HTTP/1.1" 200 -
06:31:56 "POST /collect HTTP/1.1" 200 -
06:31:56 "POST /collect HTTP/1.1" 200 -
06:31:56 "POST /collect HTTP/1.1" 200 -
06:31:56 "GET /roster HTTP/1.1" 200 -
06:31:56 "POST /collect HTTP/1.1" 200 -
06:31:56 "POST /collect HTTP/1.1" 200 -
06:31:56 "POST /collect HTTP/1.1" 200 -
06:31:56 "POST /collect HTTP/1.1" 200 -
06:31:56 "POST /collect HTTP/1.1" 200 -
06:31:56 "POST /collect HTTP/1.1" 200 -
06:31:56 "POST /collect HTTP/1.1" 200 -
06:31:56 "POST /collect HTTP/1.1" 200 -
06:31:57 "POST /collect HTTP/1.1" 200 -
06:31:57 "POST /collect HTTP/1.1" 200 -
06:31:57 "POST /collect HTTP/1.1" 200 -
06:31:57 "POST /collect HTTP/1.1" 200 -
06:31:57 "POST /collect HTTP/1.1" 200 -
06:31:57 "POST /collect HTTP/1.1" 200 -
06:31:57 "POST /collect HTTP/1.1" 200 -
06:31:57 "POST /collect HTTP/1.1" 200 -
06:31:57 "POST /collect HTTP/1.1" 200 -
06:31:57 "POST /collect HTTP/1.1" 200 -
06:31:57 "POST /collect HTTP/1.1" 200 -
06:31:57 "POST /collect HTTP/1.1" 200 -
06:31:57 "POST /collect HTTP/1.1" 200 -
06:31:57 "POST /collect HTTP/1.1" 200 -
06:31:57 "POST /collect HTTP/1.1" 200 -
06:31:57 "GET /roster HTTP/1.1" 200 -
06:31:57 "POST /collect HTTP/1.1" 200 -
06:31:57 "POST /collect HTTP/1.1" 200 -
06:31:57 "POST /collect HTTP/1.1" 200 -
06:31:57 "POST /collect HTTP/1.1" 200 -
06:31:58 "POST /collect HTTP/1.1" 200 -
06:31:58 "POST /collect HTTP/1.1" 200 -
06:31:58 "POST /collect HTTP/1.1" 200 -
06:31:58 "POST /collect HTTP/1.1" 200 -
06:31:58 "POST /collect HTTP/1.1" 200 -
06:31:58 "POST /collect HTTP/1.1" 200 -
06:31:58 "POST /collect HTTP/1.1" 200 -
06:31:58 "POST /collect HTTP/1.1" 200 -
06:31:58 "POST /collect HTTP/1.1" 200 -
06:31:58 "POST /collect HTTP/1.1" 200 -
06:31:58 "POST /collect HTTP/1.1" 200 -
06:31:58 "POST /collect HTTP/1.1" 200 -
06:31:58 "GET /roster HTTP/1.1" 200 -
06:31:58 "POST /collect HTTP/1.1" 200 -
06:31:58 "POST /collect HTTP/1.1" 200 -
06:31:58 "POST /collect HTTP/1.1" 200 -
06:31:58 "POST /collect HTTP/1.1" 200 -
06:31:58 "POST /collect HTTP/1.1" 200 -
06:31:59 "POST /collect HTTP/1.1" 200 -
06:31:59 "POST /collect HTTP/1.1" 200 -
06:31:59 "POST /collect HTTP/1.1" 200 -
06:31:59 "POST /collect HTTP/1.1" 200 -
06:31:59 "POST /collect HTTP/1.1" 200 -
06:31:59 "POST /collect HTTP/1.1" 200 -
06:31:59 "POST /collect HTTP/1.1" 200 -
06:31:59 "POST /collect HTTP/1.1" 200 -
06:31:59 "POST /collect HTTP/1.1" 200 -
06:31:59 "POST /collect HTTP/1.1" 200 -
06:31:59 "POST /collect HTTP/1.1" 200 -
06:31:59 "GET /roster HTTP/1.1" 200 -
06:31:59 "POST /collect HTTP/1.1" 200 -
06:31:59 "POST /collect HTTP/1.1" 200 -
06:31:59 "POST /collect HTTP/1.1" 200 -
06:31:59 "POST /collect HTTP/1.1" 200 -
06:31:59 "POST /collect HTTP/1.1" 200 -
06:31:59 "POST /collect HTTP/1.1" 200 -
06:31:59 "POST /collect HTTP/1.1" 200 -
06:31:59 "POST /collect HTTP/1.1" 200 -
06:31:59 "POST /collect HTTP/1.1" 200 -
06:32:00 "POST /collect HTTP/1.1" 200 -
06:32:00 "POST /collect HTTP/1.1" 200 -
06:32:00 "POST /collect HTTP/1.1" 200 -
06:32:00 "POST /collect HTTP/1.1" 200 -
06:32:00 "POST /collect HTTP/1.1" 200 -
06:32:00 "POST /collect HTTP/1.1" 200 -
06:32:00 "POST /collect HTTP/1.1" 200 -
06:32:00 "POST /collect HTTP/1.1" 200 -
06:32:00 "POST /collect HTTP/1.1" 200 -
06:32:00 "POST /collect HTTP/1.1" 200 -
06:32:00 "POST /collect HTTP/1.1" 200 -
06:32:00 "POST /collect HTTP/1.1" 200 -
06:32:00 "POST /collect HTTP/1.1" 200 -
06:32:00 "POST /collect HTTP/1.1" 200 -
06:32:00 "POST /collect HTTP/1.1" 200 -
06:32:00 "GET /roster HTTP/1.1" 200 -
06:32:00 "POST /collect HTTP/1.1" 200 -
06:32:00 "POST /collect HTTP/1.1" 200 -
06:32:00 "POST /collect HTTP/1.1" 200 -
06:32:00 "POST /collect HTTP/1.1" 200 -
06:32:01 "POST /collect HTTP/1.1" 200 -
06:32:01 "POST /collect HTTP/1.1" 200 -
06:32:01 "POST /collect HTTP/1.1" 200 -
06:32:01 "POST /collect HTTP/1.1" 200 -
06:32:01 "POST /collect HTTP/1.1" 200 -
06:32:01 "POST /collect HTTP/1.1" 200 -
06:32:01 "POST /collect HTTP/1.1" 200 -
06:32:01 "POST /collect HTTP/1.1" 200 -
06:32:01 "POST /collect HTTP/1.1" 200 -
06:32:01 "POST /collect HTTP/1.1" 200 -
06:32:01 "POST /collect HTTP/1.1" 200 -
06:32:01 "POST /collect HTTP/1.1" 200 -
06:32:01 "POST /collect HTTP/1.1" 200 -
06:32:01 "GET /roster HTTP/1.1" 200 -
06:32:01 "POST /collect HTTP/1.1" 200 -
06:32:01 "POST /collect HTTP/1.1" 200 -
06:32:01 "POST /collect HTTP/1.1" 200 -
06:32:01 "POST /collect HTTP/1.1" 200 -
06:32:02 "POST /collect HTTP/1.1" 200 -
06:32:02 "POST /collect HTTP/1.1" 200 -
06:32:02 "POST /collect HTTP/1.1" 200 -
06:32:02 "POST /collect HTTP/1.1" 200 -
06:32:02 "POST /collect HTTP/1.1" 200 -
06:32:02 "POST /collect HTTP/1.1" 200 -
06:32:02 "POST /collect HTTP/1.1" 200 -
06:32:02 "POST /collect HTTP/1.1" 200 -
06:32:02 "POST /collect HTTP/1.1" 200 -
06:32:02 "POST /collect HTTP/1.1" 200 -
06:32:02 "GET /roster HTTP/1.1" 200 -
06:32:02 "POST /collect HTTP/1.1" 200 -
06:32:02 "POST /collect HTTP/1.1" 200 -
06:32:02 "POST /collect HTTP/1.1" 200 -
06:32:02 "POST /collect HTTP/1.1" 200 -
06:32:02 "POST /collect HTTP/1.1" 200 -
06:32:02 "POST /collect HTTP/1.1" 200 -
06:32:02 "POST /collect HTTP/1.1" 200 -
06:32:02 "POST /collect HTTP/1.1" 200 -
06:32:02 "POST /collect HTTP/1.1" 200 -
06:32:03 "POST /collect HTTP/1.1" 200 -
06:32:03 "POST /collect HTTP/1.1" 200 -
06:32:03 "POST /collect HTTP/1.1" 200 -
06:32:03 "POST /collect HTTP/1.1" 200 -
06:32:03 "POST /collect HTTP/1.1" 200 -
06:32:03 "POST /collect HTTP/1.1" 200 -
06:32:03 "POST /collect HTTP/1.1" 200 -
06:32:03 "POST /collect HTTP/1.1" 200 -
06:32:03 "POST /collect HTTP/1.1" 200 -
06:32:03 "POST /collect HTTP/1.1" 200 -
06:32:03 "POST /collect HTTP/1.1" 200 -
06:32:03 "POST /collect HTTP/1.1" 200 -
06:32:03 "POST /collect HTTP/1.1" 200 -
06:32:03 "POST /collect HTTP/1.1" 200 -
06:32:03 "POST /collect HTTP/1.1" 200 -
06:32:03 "GET /roster HTTP/1.1" 200 -
06:32:03 "POST /collect HTTP/1.1" 200 -
06:32:03 "POST /collect HTTP/1.1" 200 -
06:32:03 "POST /collect HTTP/1.1" 200 -
06:32:03 "POST /collect HTTP/1.1" 200 -
06:32:04 "POST /collect HTTP/1.1" 200 -
06:32:04 "POST /collect HTTP/1.1" 200 -
06:32:04 "POST /collect HTTP/1.1" 200 -
06:32:04 "POST /collect HTTP/1.1" 200 -
06:32:04 "POST /collect HTTP/1.1" 200 -
06:32:04 "POST /collect HTTP/1.1" 200 -
06:32:04 "POST /collect HTTP/1.1" 200 -
06:32:04 "POST /collect HTTP/1.1" 200 -
06:32:04 "POST /collect HTTP/1.1" 200 -
06:32:04 "POST /collect HTTP/1.1" 200 -
06:32:04 "POST /collect HTTP/1.1" 200 -
06:32:04 "GET /roster HTTP/1.1" 200 -
06:32:04 "POST /collect HTTP/1.1" 200 -
06:32:04 "POST /collect HTTP/1.1" 200 -
06:32:04 "POST /collect HTTP/1.1" 200 -
06:32:04 "POST /collect HTTP/1.1" 200 -
06:32:04 "POST /collect HTTP/1.1" 200 -
06:32:04 "POST /collect HTTP/1.1" 200 -
06:32:05 "POST /collect HTTP/1.1" 200 -
06:32:05 "POST /collect HTTP/1.1" 200 -
06:32:05 "POST /collect HTTP/1.1" 200 -
06:32:05 "POST /collect HTTP/1.1" 200 -
06:32:05 "POST /collect HTTP/1.1" 200 -
06:32:05 "POST /collect HTTP/1.1" 200 -
06:32:05 "POST /collect HTTP/1.1" 200 -
06:32:05 "POST /collect HTTP/1.1" 200 -
06:32:05 "POST /collect HTTP/1.1" 200 -
06:32:05 "POST /collect HTTP/1.1" 200 -
06:32:05 "POST /collect HTTP/1.1" 200 -
06:32:05 "GET /roster HTTP/1.1" 200 -
06:32:05 "POST /collect HTTP/1.1" 200 -
06:32:05 "POST /collect HTTP/1.1" 200 -
06:32:05 "POST /collect HTTP/1.1" 200 -
06:32:05 "POST /collect HTTP/1.1" 200 -
06:32:05 "POST /collect HTTP/1.1" 200 -
06:32:05 "POST /collect HTTP/1.1" 200 -
06:32:05 "POST /collect HTTP/1.1" 200 -
06:32:05 "POST /collect HTTP/1.1" 200 -
06:32:06 "POST /collect HTTP/1.1" 200 -
06:32:06 "POST /collect HTTP/1.1" 200 -
06:32:06 "POST /collect HTTP/1.1" 200 -
06:32:06 "POST /collect HTTP/1.1" 200 -
06:32:06 "POST /collect HTTP/1.1" 200 -
06:32:06 "POST /collect HTTP/1.1" 200 -
06:32:06 "POST /collect HTTP/1.1" 200 -
06:32:06 "POST /collect HTTP/1.1" 200 -
06:32:06 "POST /collect HTTP/1.1" 200 -
06:32:06 "POST /collect HTTP/1.1" 200 -
06:32:06 "POST /collect HTTP/1.1" 200 -
06:32:06 "POST /collect HTTP/1.1" 200 -
06:32:06 "POST /collect HTTP/1.1" 200 -
06:32:06 "POST /collect HTTP/1.1" 200 -
06:32:06 "POST /collect HTTP/1.1" 200 -
06:32:06 "GET /roster HTTP/1.1" 200 -
06:32:06 "POST /collect HTTP/1.1" 200 -
06:32:06 "POST /collect HTTP/1.1" 200 -
06:32:06 "POST /collect HTTP/1.1" 200 -
06:32:06 "POST /collect HTTP/1.1" 200 -
06:32:07 "POST /collect HTTP/1.1" 200 -
06:32:07 "POST /collect HTTP/1.1" 200 -
06:32:07 "POST /collect HTTP/1.1" 200 -
06:32:07 "POST /collect HTTP/1.1" 200 -
06:32:07 "POST /collect HTTP/1.1" 200 -
06:32:07 "POST /collect HTTP/1.1" 200 -
06:32:07 "POST /collect HTTP/1.1" 200 -
06:32:07 "POST /collect HTTP/1.1" 200 -
06:32:07 "POST /collect HTTP/1.1" 200 -
06:32:07 "POST /collect HTTP/1.1" 200 -
06:32:07 "POST /collect HTTP/1.1" 200 -
06:32:07 "POST /collect HTTP/1.1" 200 -
06:32:07 "POST /collect HTTP/1.1" 200 -
06:32:07 "GET /roster HTTP/1.1" 200 -
06:32:07 "POST /collect HTTP/1.1" 200 -
06:32:07 "POST /collect HTTP/1.1" 200 -
06:32:07 "POST /collect HTTP/1.1" 200 -
06:32:07 "POST /collect HTTP/1.1" 200 -
06:32:08 "POST /collect HTTP/1.1" 200 -
06:32:08 "POST /collect HTTP/1.1" 200 -
06:32:08 "POST /collect HTTP/1.1" 200 -
06:32:08 "POST /collect HTTP/1.1" 200 -
06:32:08 "POST /collect HTTP/1.1" 200 -
06:32:08 "POST /collect HTTP/1.1" 200 -
06:32:08 "POST /collect HTTP/1.1" 200 -
06:32:08 "POST /collect HTTP/1.1" 200 -
06:32:08 "POST /collect HTTP/1.1" 200 -
06:32:08 "POST /collect HTTP/1.1" 200 -
06:32:08 "POST /collect HTTP/1.1" 200 -
06:32:08 "GET /roster HTTP/1.1" 200 -
06:32:08 "POST /collect HTTP/1.1" 200 -
06:32:08 "POST /collect HTTP/1.1" 200 -
06:32:08 "POST /collect HTTP/1.1" 200 -
06:32:08 "POST /collect HTTP/1.1" 200 -
06:32:08 "POST /collect HTTP/1.1" 200 -
06:32:08 "POST /collect HTTP/1.1" 200 -
06:32:08 "POST /collect HTTP/1.1" 200 -
06:32:08 "POST /collect HTTP/1.1" 200 -
06:32:09 "POST /collect HTTP/1.1" 200 -
06:32:09 "POST /collect HTTP/1.1" 200 -
06:32:09 "POST /collect HTTP/1.1" 200 -
06:32:09 "POST /collect HTTP/1.1" 200 -
06:32:09 "POST /collect HTTP/1.1" 200 -
06:32:09 "POST /collect HTTP/1.1" 200 -
06:32:09 "POST /collect HTTP/1.1" 200 -
06:32:09 "POST /collect HTTP/1.1" 200 -
06:32:09 "POST /collect HTTP/1.1" 200 -
06:32:09 "POST /collect HTTP/1.1" 200 -
06:32:09 "POST /collect HTTP/1.1" 200 -
06:32:09 "POST /collect HTTP/1.1" 200 -
06:32:09 "POST /collect HTTP/1.1" 200 -
06:32:09 "POST /collect HTTP/1.1" 200 -
06:32:09 "POST /collect HTTP/1.1" 200 -
06:32:09 "GET /roster HTTP/1.1" 200 -
06:32:09 "POST /collect HTTP/1.1" 200 -
06:32:09 "POST /collect HTTP/1.1" 200 -
06:32:09 "POST /collect HTTP/1.1" 200 -
06:32:09 "POST /collect HTTP/1.1" 200 -
06:32:10 "POST /collect HTTP/1.1" 200 -
06:32:10 "POST /collect HTTP/1.1" 200 -
06:32:10 "POST /collect HTTP/1.1" 200 -
06:32:10 "POST /collect HTTP/1.1" 200 -
06:32:10 "POST /collect HTTP/1.1" 200 -
06:32:10 "POST /collect HTTP/1.1" 200 -
06:32:10 "POST /collect HTTP/1.1" 200 -
06:32:10 "POST /collect HTTP/1.1" 200 -
06:32:10 "POST /collect HTTP/1.1" 200 -
06:32:10 "POST /collect HTTP/1.1" 200 -
06:32:10 "POST /collect HTTP/1.1" 200 -
06:32:10 "POST /collect HTTP/1.1" 200 -
06:32:10 "POST /collect HTTP/1.1" 200 -
06:32:10 "GET /roster HTTP/1.1" 200 -
06:32:10 "POST /collect HTTP/1.1" 200 -
06:32:10 "POST /collect HTTP/1.1" 200 -
06:32:10 "POST /collect HTTP/1.1" 200 -
06:32:10 "POST /collect HTTP/1.1" 200 -
06:32:11 "POST /collect HTTP/1.1" 200 -
06:32:11 "POST /collect HTTP/1.1" 200 -
06:32:11 "POST /collect HTTP/1.1" 200 -
06:32:11 "POST /collect HTTP/1.1" 200 -
06:32:11 "POST /collect HTTP/1.1" 200 -
06:32:11 "POST /collect HTTP/1.1" 200 -
06:32:11 "POST /collect HTTP/1.1" 200 -
06:32:11 "POST /collect HTTP/1.1" 200 -
06:32:11 "POST /collect HTTP/1.1" 200 -
06:32:11 "POST /collect HTTP/1.1" 200 -
06:32:11 "POST /collect HTTP/1.1" 200 -
06:32:11 "GET /roster HTTP/1.1" 200 -
06:32:11 "POST /collect HTTP/1.1" 200 -
06:32:11 "POST /collect HTTP/1.1" 200 -
06:32:11 "POST /collect HTTP/1.1" 200 -
06:32:11 "POST /collect HTTP/1.1" 200 -
06:32:11 "POST /collect HTTP/1.1" 200 -
06:32:11 "POST /collect HTTP/1.1" 200 -
06:32:11 "POST /collect HTTP/1.1" 200 -
06:32:11 "POST /collect HTTP/1.1" 200 -
06:32:12 "POST /collect HTTP/1.1" 200 -
06:32:12 "POST /collect HTTP/1.1" 200 -
06:32:12 "POST /collect HTTP/1.1" 200 -
06:32:12 "POST /collect HTTP/1.1" 200 -
06:32:12 "POST /collect HTTP/1.1" 200 -
06:32:12 "POST /collect HTTP/1.1" 200 -
06:32:12 "POST /collect HTTP/1.1" 200 -
06:32:12 "POST /collect HTTP/1.1" 200 -
06:32:12 "POST /collect HTTP/1.1" 200 -
06:32:12 "POST /collect HTTP/1.1" 200 -
06:32:12 "POST /collect HTTP/1.1" 200 -
06:32:12 "POST /collect HTTP/1.1" 200 -
06:32:12 "POST /collect HTTP/1.1" 200 -
06:32:12 "POST /collect HTTP/1.1" 200 -
06:32:12 "POST /collect HTTP/1.1" 200 -
06:32:12 "GET /roster HTTP/1.1" 200 -
06:32:12 "POST /collect HTTP/1.1" 200 -
06:32:12 "POST /collect HTTP/1.1" 200 -
06:32:12 "POST /collect HTTP/1.1" 200 -
06:32:12 "POST /collect HTTP/1.1" 200 -
06:32:13 "POST /collect HTTP/1.1" 200 -
06:32:13 "POST /collect HTTP/1.1" 200 -
06:32:13 "POST /collect HTTP/1.1" 200 -
06:32:13 "POST /collect HTTP/1.1" 200 -
06:32:13 "POST /collect HTTP/1.1" 200 -
06:32:13 "POST /collect HTTP/1.1" 200 -
06:32:13 "POST /collect HTTP/1.1" 200 -
06:32:13 "POST /collect HTTP/1.1" 200 -
06:32:13 "POST /collect HTTP/1.1" 200 -
06:32:13 "POST /collect HTTP/1.1" 200 -
06:32:13 "POST /collect HTTP/1.1" 200 -
06:32:13 "POST /collect HTTP/1.1" 200 -
06:32:13 "POST /collect HTTP/1.1" 200 -
06:32:13 "GET /roster HTTP/1.1" 200 -
06:32:13 "POST /collect HTTP/1.1" 200 -
06:32:13 "POST /collect HTTP/1.1" 200 -
06:32:13 "POST /collect HTTP/1.1" 200 -
06:32:13 "POST /collect HTTP/1.1" 200 -
06:32:14 "POST /collect HTTP/1.1" 200 -
06:32:14 "POST /collect HTTP/1.1" 200 -
06:32:14 "POST /collect HTTP/1.1" 200 -
06:32:14 "POST /collect HTTP/1.1" 200 -
06:32:14 "POST /collect HTTP/1.1" 200 -
06:32:14 "POST /collect HTTP/1.1" 200 -
06:32:14 "POST /collect HTTP/1.1" 200 -
06:32:14 "POST /collect HTTP/1.1" 200 -
06:32:14 "POST /collect HTTP/1.1" 200 -
06:32:14 "POST /collect HTTP/1.1" 200 -
06:32:14 "GET /roster HTTP/1.1" 200 -
06:32:14 "POST /collect HTTP/1.1" 200 -
06:32:14 "POST /collect HTTP/1.1" 200 -
06:32:14 "POST /collect HTTP/1.1" 200 -
06:32:14 "POST /collect HTTP/1.1" 200 -
06:32:14 "POST /collect HTTP/1.1" 200 -
06:32:14 "POST /collect HTTP/1.1" 200 -
06:32:14 "POST /collect HTTP/1.1" 200 -
06:32:14 "POST /collect HTTP/1.1" 200 -
06:32:14 "POST /collect HTTP/1.1" 200 -
06:32:15 "POST /collect HTTP/1.1" 200 -
06:32:15 "POST /collect HTTP/1.1" 200 -
06:32:15 "POST /collect HTTP/1.1" 200 -
06:32:15 "POST /collect HTTP/1.1" 200 -
06:32:15 "POST /collect HTTP/1.1" 200 -
06:32:15 "POST /collect HTTP/1.1" 200 -
06:32:15 "POST /collect HTTP/1.1" 200 -
06:32:15 "POST /collect HTTP/1.1" 200 -
06:32:15 "POST /collect HTTP/1.1" 200 -
06:32:15 "POST /collect HTTP/1.1" 200 -
06:32:15 "POST /collect HTTP/1.1" 200 -
06:32:15 "POST /collect HTTP/1.1" 200 -
06:32:15 "POST /collect HTTP/1.1" 200 -
06:32:15 "POST /collect HTTP/1.1" 200 -
06:32:15 "POST /collect HTTP/1.1" 200 -
06:32:15 "POST /collect HTTP/1.1" 200 -
06:32:15 "GET /roster HTTP/1.1" 200 -
06:32:15 "POST /collect HTTP/1.1" 200 -
06:32:15 "POST /collect HTTP/1.1" 200 -
06:32:15 "POST /collect HTTP/1.1" 200 -
06:32:15 "POST /collect HTTP/1.1" 200 -
06:32:16 "POST /collect HTTP/1.1" 200 -
06:32:16 "POST /collect HTTP/1.1" 200 -
06:32:16 "POST /collect HTTP/1.1" 200 -
06:32:16 "POST /collect HTTP/1.1" 200 -
06:32:16 "POST /collect HTTP/1.1" 200 -
06:32:16 "POST /collect HTTP/1.1" 200 -
06:32:16 "POST /collect HTTP/1.1" 200 -
06:32:16 "POST /collect HTTP/1.1" 200 -
06:32:16 "POST /collect HTTP/1.1" 200 -
06:32:16 "POST /collect HTTP/1.1" 200 -
06:32:16 "POST /collect HTTP/1.1" 200 -
06:32:16 "POST /collect HTTP/1.1" 200 -
06:32:16 "GET /roster HTTP/1.1" 200 -
06:32:16 "POST /collect HTTP/1.1" 200 -
06:32:16 "POST /collect HTTP/1.1" 200 -
06:32:16 "POST /collect HTTP/1.1" 200 -
06:32:16 "POST /collect HTTP/1.1" 200 -
06:32:16 "POST /collect HTTP/1.1" 200 -
06:32:17 "POST /collect HTTP/1.1" 200 -
06:32:17 "POST /collect HTTP/1.1" 200 -
06:32:17 "POST /collect HTTP/1.1" 200 -
06:32:17 "POST /collect HTTP/1.1" 200 -
06:32:17 "POST /collect HTTP/1.1" 200 -
06:32:17 "POST /collect HTTP/1.1" 200 -
06:32:17 "POST /collect HTTP/1.1" 200 -
06:32:17 "POST /collect HTTP/1.1" 200 -
06:32:17 "POST /collect HTTP/1.1" 200 -
06:32:17 "POST /collect HTTP/1.1" 200 -
06:32:17 "POST /collect HTTP/1.1" 200 -
06:32:17 "GET /roster HTTP/1.1" 200 -
06:32:17 "POST /collect HTTP/1.1" 200 -
06:32:17 "POST /collect HTTP/1.1" 200 -
06:32:17 "POST /collect HTTP/1.1" 200 -
06:32:17 "POST /collect HTTP/1.1" 200 -
06:32:17 "POST /collect HTTP/1.1" 200 -
06:32:17 "POST /collect HTTP/1.1" 200 -
06:32:17 "POST /collect HTTP/1.1" 200 -
06:32:17 "POST /collect HTTP/1.1" 200 -
06:32:18 "POST /collect HTTP/1.1" 200 -
06:32:18 "POST /collect HTTP/1.1" 200 -
06:32:18 "POST /collect HTTP/1.1" 200 -
06:32:18 "POST /collect HTTP/1.1" 200 -
06:32:18 "POST /collect HTTP/1.1" 200 -
06:32:18 "POST /collect HTTP/1.1" 200 -
06:32:18 "POST /collect HTTP/1.1" 200 -
06:32:18 "POST /collect HTTP/1.1" 200 -
06:32:18 "POST /collect HTTP/1.1" 200 -
06:32:18 "POST /collect HTTP/1.1" 200 -
06:32:18 "POST /collect HTTP/1.1" 200 -
06:32:18 "POST /collect HTTP/1.1" 200 -
06:32:18 "POST /collect HTTP/1.1" 200 -
06:32:18 "POST /collect HTTP/1.1" 200 -
06:32:18 "POST /collect HTTP/1.1" 200 -
06:32:18 "GET /roster HTTP/1.1" 200 -
06:32:18 "POST /collect HTTP/1.1" 200 -
06:32:18 "POST /collect HTTP/1.1" 200 -
06:32:18 "POST /collect HTTP/1.1" 200 -
06:32:18 "POST /collect HTTP/1.1" 200 -
06:32:19 "POST /collect HTTP/1.1" 200 -
06:32:19 "POST /collect HTTP/1.1" 200 -
06:32:19 "POST /collect HTTP/1.1" 200 -
06:32:19 "POST /collect HTTP/1.1" 200 -
06:32:19 "POST /collect HTTP/1.1" 200 -
06:32:19 "POST /collect HTTP/1.1" 200 -
06:32:19 "POST /collect HTTP/1.1" 200 -
06:32:19 "POST /collect HTTP/1.1" 200 -
06:32:19 "POST /collect HTTP/1.1" 200 -
06:32:19 "POST /collect HTTP/1.1" 200 -
06:32:19 "POST /collect HTTP/1.1" 200 -
06:32:19 "POST /collect HTTP/1.1" 200 -
06:32:19 "POST /collect HTTP/1.1" 200 -
06:32:19 "GET /roster HTTP/1.1" 200 -
06:32:19 "POST /collect HTTP/1.1" 200 -
06:32:19 "POST /collect HTTP/1.1" 200 -
06:32:19 "POST /collect HTTP/1.1" 200 -
06:32:19 "POST /collect HTTP/1.1" 200 -
06:32:20 "POST /collect HTTP/1.1" 200 -
06:32:20 "POST /collect HTTP/1.1" 200 -
06:32:20 "POST /collect HTTP/1.1" 200 -
06:32:20 "POST /collect HTTP/1.1" 200 -
06:32:20 "POST /collect HTTP/1.1" 200 -
06:32:20 "POST /collect HTTP/1.1" 200 -
06:32:20 "POST /collect HTTP/1.1" 200 -
06:32:20 "POST /collect HTTP/1.1" 200 -
06:32:20 "POST /collect HTTP/1.1" 200 -
06:32:20 "POST /collect HTTP/1.1" 200 -
06:32:20 "GET /roster HTTP/1.1" 200 -
06:32:20 "POST /collect HTTP/1.1" 200 -
06:32:20 "POST /collect HTTP/1.1" 200 -
06:32:20 "POST /collect HTTP/1.1" 200 -
06:32:20 "POST /collect HTTP/1.1" 200 -
06:32:20 "POST /collect HTTP/1.1" 200 -
06:32:20 "POST /collect HTTP/1.1" 200 -
06:32:20 "POST /collect HTTP/1.1" 200 -
06:32:20 "POST /collect HTTP/1.1" 200 -
06:32:20 "POST /collect HTTP/1.1" 200 -
06:32:21 "POST /collect HTTP/1.1" 200 -
06:32:21 "POST /collect HTTP/1.1" 200 -
06:32:21 "POST /collect HTTP/1.1" 200 -
06:32:21 "POST /collect HTTP/1.1" 200 -
06:32:21 "POST /collect HTTP/1.1" 200 -
06:32:21 "POST /collect HTTP/1.1" 200 -
06:32:21 "POST /collect HTTP/1.1" 200 -
06:32:21 "POST /collect HTTP/1.1" 200 -
06:32:21 "POST /collect HTTP/1.1" 200 -
06:32:21 "POST /collect HTTP/1.1" 200 -
06:32:21 "POST /collect HTTP/1.1" 200 -
06:32:21 "POST /collect HTTP/1.1" 200 -
06:32:21 "POST /collect HTTP/1.1" 200 -
06:32:21 "POST /collect HTTP/1.1" 200 -
06:32:21 "POST /collect HTTP/1.1" 200 -
06:32:21 "GET /roster HTTP/1.1" 200 -
06:32:21 "POST /collect HTTP/1.1" 200 -
06:32:21 "POST /collect HTTP/1.1" 200 -
06:32:21 "POST /collect HTTP/1.1" 200 -
06:32:21 "POST /collect HTTP/1.1" 200 -
06:32:22 "POST /collect HTTP/1.1" 200 -
06:32:22 "POST /collect HTTP/1.1" 200 -
06:32:22 "POST /collect HTTP/1.1" 200 -
06:32:22 "POST /collect HTTP/1.1" 200 -
06:32:22 "POST /collect HTTP/1.1" 200 -
06:32:22 "POST /collect HTTP/1.1" 200 -
06:32:22 "POST /collect HTTP/1.1" 200 -
06:32:22 "POST /collect HTTP/1.1" 200 -
06:32:22 "POST /collect HTTP/1.1" 200 -
06:32:22 "POST /collect HTTP/1.1" 200 -
06:32:22 "POST /collect HTTP/1.1" 200 -
06:32:22 "POST /collect HTTP/1.1" 200 -
06:32:22 "POST /collect HTTP/1.1" 200 -
06:32:22 "GET /roster HTTP/1.1" 200 -
06:32:22 "POST /collect HTTP/1.1" 200 -
06:32:22 "POST /collect HTTP/1.1" 200 -
06:32:22 "POST /collect HTTP/1.1" 200 -
06:32:22 "POST /collect HTTP/1.1" 200 -
06:32:23 "POST /collect HTTP/1.1" 200 -
06:32:23 "POST /collect HTTP/1.1" 200 -
06:32:23 "POST /collect HTTP/1.1" 200 -
06:32:23 "POST /collect HTTP/1.1" 200 -
06:32:23 "POST /collect HTTP/1.1" 200 -
06:32:23 "POST /collect HTTP/1.1" 200 -
06:32:23 "POST /collect HTTP/1.1" 200 -
06:32:23 "POST /collect HTTP/1.1" 200 -
06:32:23 "POST /collect HTTP/1.1" 200 -
06:32:23 "POST /collect HTTP/1.1" 200 -
06:32:23 "POST /collect HTTP/1.1" 200 -
06:32:23 "GET /roster HTTP/1.1" 200 -
06:32:23 "POST /collect HTTP/1.1" 200 -
06:32:23 "POST /collect HTTP/1.1" 200 -
06:32:23 "POST /collect HTTP/1.1" 200 -
06:32:23 "POST /collect HTTP/1.1" 200 -
06:32:23 "POST /collect HTTP/1.1" 200 -
06:32:23 "POST /collect HTTP/1.1" 200 -
06:32:23 "POST /collect HTTP/1.1" 200 -
06:32:23 "POST /collect HTTP/1.1" 200 -
06:32:24 "POST /collect HTTP/1.1" 200 -
06:32:24 "POST /collect HTTP/1.1" 200 -
06:32:24 "POST /collect HTTP/1.1" 200 -
06:32:24 "POST /collect HTTP/1.1" 200 -
06:32:24 "POST /collect HTTP/1.1" 200 -
06:32:24 "POST /collect HTTP/1.1" 200 -
06:32:24 "POST /collect HTTP/1.1" 200 -
06:32:24 "POST /collect HTTP/1.1" 200 -
06:32:24 "POST /collect HTTP/1.1" 200 -
06:32:24 "POST /collect HTTP/1.1" 200 -
06:32:24 "POST /collect HTTP/1.1" 200 -
06:32:24 "POST /collect HTTP/1.1" 200 -
06:32:24 "POST /collect HTTP/1.1" 200 -
06:32:24 "POST /collect HTTP/1.1" 200 -
06:32:24 "POST /collect HTTP/1.1" 200 -
06:32:24 "GET /roster HTTP/1.1" 200 -
06:32:24 "POST /collect HTTP/1.1" 200 -
06:32:24 "POST /collect HTTP/1.1" 200 -
06:32:24 "POST /collect HTTP/1.1" 200 -
06:32:24 "POST /collect HTTP/1.1" 200 -
06:32:25 "POST /collect HTTP/1.1" 200 -
06:32:25 "POST /collect HTTP/1.1" 200 -
06:32:25 "POST /collect HTTP/1.1" 200 -
06:32:25 "POST /collect HTTP/1.1" 200 -
06:32:25 "POST /collect HTTP/1.1" 200 -
06:32:25 "POST /collect HTTP/1.1" 200 -
06:32:25 "POST /collect HTTP/1.1" 200 -
06:32:25 "POST /collect HTTP/1.1" 200 -
06:32:25 "POST /collect HTTP/1.1" 200 -
06:32:25 "POST /collect HTTP/1.1" 200 -
06:32:25 "POST /collect HTTP/1.1" 200 -
06:32:25 "POST /collect HTTP/1.1" 200 -
06:32:25 "POST /collect HTTP/1.1" 200 -
06:32:25 "GET /roster HTTP/1.1" 200 -
06:32:25 "POST /collect HTTP/1.1" 200 -
06:32:25 "POST /collect HTTP/1.1" 200 -
06:32:25 "POST /collect HTTP/1.1" 200 -
06:32:25 "POST /collect HTTP/1.1" 200 -
06:32:26 "POST /collect HTTP/1.1" 200 -
06:32:26 "POST /collect HTTP/1.1" 200 -
06:32:26 "POST /collect HTTP/1.1" 200 -
06:32:26 "POST /collect HTTP/1.1" 200 -
06:32:26 "POST /collect HTTP/1.1" 200 -
06:32:26 "POST /collect HTTP/1.1" 200 -
06:32:26 "POST /collect HTTP/1.1" 200 -
06:32:26 "POST /collect HTTP/1.1" 200 -
06:32:26 "POST /collect HTTP/1.1" 200 -
06:32:26 "POST /collect HTTP/1.1" 200 -
06:32:26 "GET /roster HTTP/1.1" 200 -
06:32:26 "POST /collect HTTP/1.1" 200 -
06:32:26 "POST /collect HTTP/1.1" 200 -
06:32:26 "POST /collect HTTP/1.1" 200 -
06:32:26 "POST /collect HTTP/1.1" 200 -
06:32:26 "POST /collect HTTP/1.1" 200 -
06:32:26 "POST /collect HTTP/1.1" 200 -
06:32:26 "POST /collect HTTP/1.1" 200 -
06:32:26 "POST /collect HTTP/1.1" 200 -
06:32:26 "POST /collect HTTP/1.1" 200 -
06:32:27 "POST /collect HTTP/1.1" 200 -
06:32:27 "POST /collect HTTP/1.1" 200 -
06:32:27 "POST /collect HTTP/1.1" 200 -
06:32:27 "POST /collect HTTP/1.1" 200 -
06:32:27 "POST /collect HTTP/1.1" 200 -
06:32:27 "POST /collect HTTP/1.1" 200 -
06:32:27 "POST /collect HTTP/1.1" 200 -
06:32:27 "POST /collect HTTP/1.1" 200 -
06:32:27 "POST /collect HTTP/1.1" 200 -
06:32:27 "POST /collect HTTP/1.1" 200 -
06:32:27 "POST /collect HTTP/1.1" 200 -
06:32:27 "POST /collect HTTP/1.1" 200 -
06:32:27 "POST /collect HTTP/1.1" 200 -
06:32:27 "POST /collect HTTP/1.1" 200 -
06:32:27 "POST /collect HTTP/1.1" 200 -
06:32:27 "GET /roster HTTP/1.1" 200 -
06:32:27 "POST /collect HTTP/1.1" 200 -
06:32:27 "POST /collect HTTP/1.1" 200 -
06:32:27 "POST /collect HTTP/1.1" 200 -
06:32:27 "POST /collect HTTP/1.1" 200 -
06:32:28 "POST /collect HTTP/1.1" 200 -
06:32:28 "POST /collect HTTP/1.1" 200 -
06:32:28 "POST /collect HTTP/1.1" 200 -
06:32:28 "POST /collect HTTP/1.1" 200 -
06:32:28 "POST /collect HTTP/1.1" 200 -
06:32:28 "POST /collect HTTP/1.1" 200 -
06:32:28 "POST /collect HTTP/1.1" 200 -
06:32:28 "POST /collect HTTP/1.1" 200 -
06:32:28 "POST /collect HTTP/1.1" 200 -
06:32:28 "POST /collect HTTP/1.1" 200 -
06:32:28 "POST /collect HTTP/1.1" 200 -
06:32:28 "POST /collect HTTP/1.1" 200 -
06:32:28 "GET /roster HTTP/1.1" 200 -
06:32:28 "POST /collect HTTP/1.1" 200 -
06:32:28 "POST /collect HTTP/1.1" 200 -
06:32:28 "POST /collect HTTP/1.1" 200 -
06:32:28 "POST /collect HTTP/1.1" 200 -
06:32:28 "POST /collect HTTP/1.1" 200 -
06:32:29 "POST /collect HTTP/1.1" 200 -
06:32:29 "POST /collect HTTP/1.1" 200 -
06:32:29 "POST /collect HTTP/1.1" 200 -
06:32:29 "POST /collect HTTP/1.1" 200 -
06:32:29 "POST /collect HTTP/1.1" 200 -
06:32:29 "POST /collect HTTP/1.1" 200 -
06:32:29 "POST /collect HTTP/1.1" 200 -
06:32:29 "POST /collect HTTP/1.1" 200 -
06:32:29 "POST /collect HTTP/1.1" 200 -
06:32:29 "POST /collect HTTP/1.1" 200 -
06:32:29 "POST /collect HTTP/1.1" 200 -
06:32:29 "GET /roster HTTP/1.1" 200 -
06:32:29 "POST /collect HTTP/1.1" 200 -
06:32:29 "POST /collect HTTP/1.1" 200 -
06:32:29 "POST /collect HTTP/1.1" 200 -
06:32:29 "POST /collect HTTP/1.1" 200 -
06:32:29 "POST /collect HTTP/1.1" 200 -
06:32:29 "POST /collect HTTP/1.1" 200 -
06:32:29 "POST /collect HTTP/1.1" 200 -
06:32:29 "POST /collect HTTP/1.1" 200 -
06:32:30 "POST /collect HTTP/1.1" 200 -
06:32:30 "POST /collect HTTP/1.1" 200 -
06:32:30 "POST /collect HTTP/1.1" 200 -
06:32:30 "POST /collect HTTP/1.1" 200 -
06:32:30 "POST /collect HTTP/1.1" 200 -
06:32:30 "POST /collect HTTP/1.1" 200 -
06:32:30 "POST /collect HTTP/1.1" 200 -
06:32:30 "POST /collect HTTP/1.1" 200 -
06:32:30 "POST /collect HTTP/1.1" 200 -
06:32:30 "POST /collect HTTP/1.1" 200 -
06:32:30 "POST /collect HTTP/1.1" 200 -
06:32:30 "POST /collect HTTP/1.1" 200 -
06:32:30 "POST /collect HTTP/1.1" 200 -
06:32:30 "POST /collect HTTP/1.1" 200 -
06:32:30 "POST /collect HTTP/1.1" 200 -
06:32:30 "POST /collect HTTP/1.1" 200 -
06:32:30 "GET /roster HTTP/1.1" 200 -
06:32:30 "POST /collect HTTP/1.1" 200 -
06:32:30 "POST /collect HTTP/1.1" 200 -
06:32:30 "POST /collect HTTP/1.1" 200 -
06:32:30 "POST /collect HTTP/1.1" 200 -
06:32:31 "POST /collect HTTP/1.1" 200 -
06:32:31 "POST /collect HTTP/1.1" 200 -
06:32:31 "POST /collect HTTP/1.1" 200 -
06:32:31 "POST /collect HTTP/1.1" 200 -
06:32:31 "POST /collect HTTP/1.1" 200 -
06:32:31 "POST /collect HTTP/1.1" 200 -
06:32:31 "POST /collect HTTP/1.1" 200 -
06:32:31 "POST /collect HTTP/1.1" 200 -
06:32:31 "POST /collect HTTP/1.1" 200 -
06:32:31 "POST /collect HTTP/1.1" 200 -
06:32:31 "POST /collect HTTP/1.1" 200 -
06:32:31 "POST /collect HTTP/1.1" 200 -
06:32:31 "POST /collect HTTP/1.1" 200 -
06:32:31 "GET /roster HTTP/1.1" 200 -
06:32:31 "POST /collect HTTP/1.1" 200 -
06:32:31 "POST /collect HTTP/1.1" 200 -
06:32:31 "POST /collect HTTP/1.1" 200 -
06:32:31 "POST /collect HTTP/1.1" 200 -
06:32:32 "POST /collect HTTP/1.1" 200 -
06:32:32 "POST /collect HTTP/1.1" 200 -
06:32:32 "POST /collect HTTP/1.1" 200 -
06:32:32 "POST /collect HTTP/1.1" 200 -
06:32:32 "POST /collect HTTP/1.1" 200 -
06:32:32 "POST /collect HTTP/1.1" 200 -
06:32:32 "POST /collect HTTP/1.1" 200 -
06:32:32 "POST /collect HTTP/1.1" 200 -
06:32:32 "POST /collect HTTP/1.1" 200 -
06:32:32 "GET /roster HTTP/1.1" 200 -
06:32:32 "POST /collect HTTP/1.1" 200 -
06:32:32 "POST /collect HTTP/1.1" 200 -
06:32:32 "POST /collect HTTP/1.1" 200 -
06:32:32 "POST /collect HTTP/1.1" 200 -
06:32:32 "POST /collect HTTP/1.1" 200 -
06:32:32 "POST /collect HTTP/1.1" 200 -
06:32:32 "POST /collect HTTP/1.1" 200 -
06:32:32 "POST /collect HTTP/1.1" 200 -
06:32:32 "POST /collect HTTP/1.1" 200 -
06:32:32 "POST /collect HTTP/1.1" 200 -
06:32:33 "POST /collect HTTP/1.1" 200 -
06:32:33 "POST /collect HTTP/1.1" 200 -
06:32:33 "POST /collect HTTP/1.1" 200 -
06:32:33 "POST /collect HTTP/1.1" 200 -
06:32:33 "POST /collect HTTP/1.1" 200 -
06:32:33 "POST /collect HTTP/1.1" 200 -
06:32:33 "POST /collect HTTP/1.1" 200 -
06:32:33 "POST /collect HTTP/1.1" 200 -
06:32:33 "POST /collect HTTP/1.1" 200 -
06:32:33 "POST /collect HTTP/1.1" 200 -
06:32:33 "POST /collect HTTP/1.1" 200 -
06:32:33 "POST /collect HTTP/1.1" 200 -
06:32:33 "POST /collect HTTP/1.1" 200 -
06:32:33 "POST /collect HTTP/1.1" 200 -
06:32:33 "POST /collect HTTP/1.1" 200 -
06:32:33 "GET /roster HTTP/1.1" 200 -
06:32:33 "POST /collect HTTP/1.1" 200 -
06:32:33 "POST /collect HTTP/1.1" 200 -
06:32:33 "POST /collect HTTP/1.1" 200 -
06:32:33 "POST /collect HTTP/1.1" 200 -
06:32:34 "POST /collect HTTP/1.1" 200 -
06:32:34 "POST /collect HTTP/1.1" 200 -
06:32:34 "POST /collect HTTP/1.1" 200 -
06:32:34 "POST /collect HTTP/1.1" 200 -
06:32:34 "POST /collect HTTP/1.1" 200 -
06:32:34 "POST /collect HTTP/1.1" 200 -
06:32:34 "POST /collect HTTP/1.1" 200 -
06:32:34 "POST /collect HTTP/1.1" 200 -
06:32:34 "POST /collect HTTP/1.1" 200 -
06:32:34 "POST /collect HTTP/1.1" 200 -
06:32:34 "POST /collect HTTP/1.1" 200 -
06:32:34 "POST /collect HTTP/1.1" 200 -
06:32:34 "GET /roster HTTP/1.1" 200 -
06:32:34 "POST /collect HTTP/1.1" 200 -
06:32:34 "POST /collect HTTP/1.1" 200 -
06:32:34 "POST /collect HTTP/1.1" 200 -
06:32:34 "POST /collect HTTP/1.1" 200 -
06:32:34 "POST /collect HTTP/1.1" 200 -
06:32:35 "POST /collect HTTP/1.1" 200 -
06:32:35 "POST /collect HTTP/1.1" 200 -
06:32:35 "POST /collect HTTP/1.1" 200 -
06:32:35 "POST /collect HTTP/1.1" 200 -
06:32:35 "POST /collect HTTP/1.1" 200 -
06:32:35 "POST /collect HTTP/1.1" 200 -
06:32:35 "POST /collect HTTP/1.1" 200 -
06:32:35 "POST /collect HTTP/1.1" 200 -
06:32:35 "POST /collect HTTP/1.1" 200 -
06:32:35 "POST /collect HTTP/1.1" 200 -
06:32:35 "POST /collect HTTP/1.1" 200 -
06:32:35 "GET /roster HTTP/1.1" 200 -
06:32:35 "POST /collect HTTP/1.1" 200 -
06:32:35 "POST /collect HTTP/1.1" 200 -
06:32:35 "POST /collect HTTP/1.1" 200 -
06:32:35 "POST /collect HTTP/1.1" 200 -
06:32:35 "POST /collect HTTP/1.1" 200 -
06:32:35 "POST /collect HTTP/1.1" 200 -
06:32:35 "POST /collect HTTP/1.1" 200 -
06:32:35 "POST /collect HTTP/1.1" 200 -
06:32:36 "POST /collect HTTP/1.1" 200 -
06:32:36 "POST /collect HTTP/1.1" 200 -
06:32:36 "POST /collect HTTP/1.1" 200 -
06:32:36 "POST /collect HTTP/1.1" 200 -
06:32:36 "POST /collect HTTP/1.1" 200 -
06:32:36 "POST /collect HTTP/1.1" 200 -
06:32:36 "POST /collect HTTP/1.1" 200 -
06:32:36 "POST /collect HTTP/1.1" 200 -
06:32:36 "POST /collect HTTP/1.1" 200 -
06:32:36 "POST /collect HTTP/1.1" 200 -
06:32:36 "POST /collect HTTP/1.1" 200 -
06:32:36 "POST /collect HTTP/1.1" 200 -
06:32:36 "POST /collect HTTP/1.1" 200 -
06:32:36 "POST /collect HTTP/1.1" 200 -
06:32:36 "POST /collect HTTP/1.1" 200 -
06:32:36 "GET /roster HTTP/1.1" 200 -
06:32:36 "POST /collect HTTP/1.1" 200 -
06:32:36 "POST /collect HTTP/1.1" 200 -
06:32:36 "POST /collect HTTP/1.1" 200 -
06:32:36 "POST /collect HTTP/1.1" 200 -
06:32:37 "POST /collect HTTP/1.1" 200 -
06:32:37 "POST /collect HTTP/1.1" 200 -
06:32:37 "POST /collect HTTP/1.1" 200 -
06:32:37 "POST /collect HTTP/1.1" 200 -
06:32:37 "POST /collect HTTP/1.1" 200 -
06:32:37 "POST /collect HTTP/1.1" 200 -
06:32:37 "POST /collect HTTP/1.1" 200 -
06:32:37 "POST /collect HTTP/1.1" 200 -
06:32:37 "POST /collect HTTP/1.1" 200 -
06:32:37 "POST /collect HTTP/1.1" 200 -
06:32:37 "POST /collect HTTP/1.1" 200 -
06:32:37 "POST /collect HTTP/1.1" 200 -
06:32:37 "POST /collect HTTP/1.1" 200 -
06:32:37 "GET /roster HTTP/1.1" 200 -
06:32:37 "POST /collect HTTP/1.1" 200 -
06:32:37 "POST /collect HTTP/1.1" 200 -
06:32:37 "POST /collect HTTP/1.1" 200 -
06:32:37 "POST /collect HTTP/1.1" 200 -
06:32:38 "POST /collect HTTP/1.1" 200 -
06:32:38 "POST /collect HTTP/1.1" 200 -
06:32:38 "POST /collect HTTP/1.1" 200 -
06:32:38 "POST /collect HTTP/1.1" 200 -
06:32:38 "POST /collect HTTP/1.1" 200 -
06:32:38 "POST /collect HTTP/1.1" 200 -
06:32:38 "POST /collect HTTP/1.1" 200 -
06:32:38 "POST /collect HTTP/1.1" 200 -
06:32:38 "POST /collect HTTP/1.1" 200 -
06:32:38 "POST /collect HTTP/1.1" 200 -
06:32:38 "GET /roster HTTP/1.1" 200 -
06:32:38 "POST /collect HTTP/1.1" 200 -
06:32:38 "POST /collect HTTP/1.1" 200 -
06:32:38 "POST /collect HTTP/1.1" 200 -
06:32:38 "POST /collect HTTP/1.1" 200 -
06:32:38 "POST /collect HTTP/1.1" 200 -
06:32:38 "POST /collect HTTP/1.1" 200 -
06:32:38 "POST /collect HTTP/1.1" 200 -
06:32:38 "POST /collect HTTP/1.1" 200 -
06:32:38 "POST /collect HTTP/1.1" 200 -
06:32:39 "POST /collect HTTP/1.1" 200 -
06:32:39 "POST /collect HTTP/1.1" 200 -
06:32:39 "POST /collect HTTP/1.1" 200 -
06:32:39 "POST /collect HTTP/1.1" 200 -
06:32:39 "POST /collect HTTP/1.1" 200 -
06:32:39 "POST /collect HTTP/1.1" 200 -
06:32:39 "POST /collect HTTP/1.1" 200 -
06:32:39 "POST /collect HTTP/1.1" 200 -
06:32:39 "POST /collect HTTP/1.1" 200 -
06:32:39 "POST /collect HTTP/1.1" 200 -
06:32:39 "POST /collect HTTP/1.1" 200 -
06:32:39 "POST /collect HTTP/1.1" 200 -
06:32:39 "POST /collect HTTP/1.1" 200 -
06:32:39 "POST /collect HTTP/1.1" 200 -
06:32:39 "POST /collect HTTP/1.1" 200 -
06:32:39 "GET /roster HTTP/1.1" 200 -
06:32:39 "POST /collect HTTP/1.1" 200 -
06:32:39 "POST /collect HTTP/1.1" 200 -
06:32:39 "POST /collect HTTP/1.1" 200 -
06:32:39 "POST /collect HTTP/1.1" 200 -
06:32:40 "POST /collect HTTP/1.1" 200 -
06:32:40 "POST /collect HTTP/1.1" 200 -
06:32:40 "POST /collect HTTP/1.1" 200 -
06:32:40 "POST /collect HTTP/1.1" 200 -
06:32:40 "POST /collect HTTP/1.1" 200 -
06:32:40 "POST /collect HTTP/1.1" 200 -
06:32:40 "POST /collect HTTP/1.1" 200 -
06:32:40 "POST /collect HTTP/1.1" 200 -
06:32:40 "POST /collect HTTP/1.1" 200 -
06:32:40 "POST /collect HTTP/1.1" 200 -
06:32:40 "POST /collect HTTP/1.1" 200 -
06:32:40 "POST /collect HTTP/1.1" 200 -
06:32:40 "POST /collect HTTP/1.1" 200 -
06:32:40 "GET /roster HTTP/1.1" 200 -
06:32:40 "POST /collect HTTP/1.1" 200 -
06:32:40 "POST /collect HTTP/1.1" 200 -
06:32:40 "POST /collect HTTP/1.1" 200 -
06:32:40 "POST /collect HTTP/1.1" 200 -
06:32:40 "POST /collect HTTP/1.1" 200 -
06:32:41 "POST /collect HTTP/1.1" 200 -
06:32:41 "POST /collect HTTP/1.1" 200 -
06:32:41 "POST /collect HTTP/1.1" 200 -
06:32:41 "POST /collect HTTP/1.1" 200 -
06:32:41 "POST /collect HTTP/1.1" 200 -
06:32:41 "POST /collect HTTP/1.1" 200 -
06:32:41 "POST /collect HTTP/1.1" 200 -
06:32:41 "POST /collect HTTP/1.1" 200 -
06:32:41 "POST /collect HTTP/1.1" 200 -
06:32:41 "POST /collect HTTP/1.1" 200 -
06:32:41 "POST /collect HTTP/1.1" 200 -
06:32:41 "GET /roster HTTP/1.1" 200 -
06:32:41 "POST /collect HTTP/1.1" 200 -
06:32:41 "POST /collect HTTP/1.1" 200 -
06:32:41 "POST /collect HTTP/1.1" 200 -
06:32:41 "POST /collect HTTP/1.1" 200 -
06:32:41 "POST /collect HTTP/1.1" 200 -
06:32:41 "POST /collect HTTP/1.1" 200 -
06:32:41 "POST /collect HTTP/1.1" 200 -
06:32:41 "POST /collect HTTP/1.1" 200 -
06:32:42 "POST /collect HTTP/1.1" 200 -
06:32:42 "POST /collect HTTP/1.1" 200 -
06:32:42 "POST /collect HTTP/1.1" 200 -
06:32:42 "POST /collect HTTP/1.1" 200 -
06:32:42 "POST /collect HTTP/1.1" 200 -
06:32:42 "POST /collect HTTP/1.1" 200 -
06:32:42 "POST /collect HTTP/1.1" 200 -
06:32:42 "POST /collect HTTP/1.1" 200 -
06:32:42 "POST /collect HTTP/1.1" 200 -
06:32:42 "POST /collect HTTP/1.1" 200 -
06:32:42 "POST /collect HTTP/1.1" 200 -
06:32:42 "POST /collect HTTP/1.1" 200 -
06:32:42 "POST /collect HTTP/1.1" 200 -
06:32:42 "POST /collect HTTP/1.1" 200 -
06:32:42 "POST /collect HTTP/1.1" 200 -
06:32:42 "GET /roster HTTP/1.1" 200 -
06:32:42 "POST /collect HTTP/1.1" 200 -
06:32:42 "POST /collect HTTP/1.1" 200 -
06:32:42 "POST /collect HTTP/1.1" 200 -
06:32:42 "POST /collect HTTP/1.1" 200 -
06:32:43 "POST /collect HTTP/1.1" 200 -
06:32:43 "POST /collect HTTP/1.1" 200 -
06:32:43 "POST /collect HTTP/1.1" 200 -
06:32:43 "POST /collect HTTP/1.1" 200 -
06:32:43 "POST /collect HTTP/1.1" 200 -
06:32:43 "POST /collect HTTP/1.1" 200 -
06:32:43 "POST /collect HTTP/1.1" 200 -
06:32:43 "POST /collect HTTP/1.1" 200 -
06:32:43 "POST /collect HTTP/1.1" 200 -
06:32:43 "POST /collect HTTP/1.1" 200 -
