m2m server on :8897, results -> /Users/s32863/personal/elektron/results/m2m-heavy-N42.jsonl, app 8c2a974b…
06:25:33 "GET /roster HTTP/1.1" 200 -
06:25:33 "POST /reset HTTP/1.1" 200 -
06:25:34 "GET /room.html?id=1&n=42&hold=1&cb=1787714733968&audio=1&mode=full&cls=probe HTTP/1.1" 200 -
06:25:34 code 404, message File not found
06:25:34 "GET /favicon.ico HTTP/1.1" 404 -
06:25:34 "GET /room.html?id=2&n=42&hold=1&cb=1787714734068&audio=1&mode=full&cls=probe HTTP/1.1" 200 -
06:25:34 "GET /room.html?id=A&n=42&hold=1&cb=1787714734150&audio=1&mode=pub&vw=320&vh=180&vfps=15&cls=light HTTP/1.1" 200 -
06:25:34 "GET /room.html?id=B&n=42&hold=1&cb=1787714734234&audio=1&mode=pub&vw=320&vh=180&vfps=15&cls=light HTTP/1.1" 200 -
06:25:34 "GET /room.html?id=C&n=42&hold=1&cb=1787714734317&audio=1&mode=pub&vw=320&vh=180&vfps=15&cls=light HTTP/1.1" 200 -
06:25:34 "GET /room.html?id=D&n=42&hold=1&cb=1787714734939&audio=1&mode=pub&vw=320&vh=180&vfps=15&cls=light HTTP/1.1" 200 -
06:25:35 code 404, message File not found
06:25:35 "GET /favicon.ico HTTP/1.1" 404 -
06:25:35 "GET /room.html?id=E&n=42&hold=1&cb=1787714735043&audio=1&mode=pub&vw=320&vh=180&vfps=15&cls=light HTTP/1.1" 200 -
06:25:35 "GET /room.html?id=F&n=42&hold=1&cb=1787714735129&audio=1&mode=pub&vw=320&vh=180&vfps=15&cls=light HTTP/1.1" 200 -
06:25:35 "GET /room.html?id=G&n=42&hold=1&cb=1787714735213&audio=1&mode=pub&vw=320&vh=180&vfps=15&cls=light HTTP/1.1" 200 -
06:25:35 "GET /room.html?id=H&n=42&hold=1&cb=1787714735297&audio=1&mode=pub&vw=320&vh=180&vfps=15&cls=light HTTP/1.1" 200 -
06:25:35 "GET /room.html?id=I&n=42&hold=1&cb=1787714735900&audio=1&mode=pub&vw=320&vh=180&vfps=15&cls=light HTTP/1.1" 200 -
06:25:36 code 404, message File not found
06:25:36 "GET /favicon.ico HTTP/1.1" 404 -
06:25:36 "GET /room.html?id=J&n=42&hold=1&cb=1787714736004&audio=1&mode=pub&vw=320&vh=180&vfps=15&cls=light HTTP/1.1" 200 -
06:25:36 "GET /room.html?id=K&n=42&hold=1&cb=1787714736093&audio=1&mode=pub&vw=320&vh=180&vfps=15&cls=light HTTP/1.1" 200 -
06:25:36 "GET /room.html?id=L&n=42&hold=1&cb=1787714736184&audio=1&mode=pub&vw=320&vh=180&vfps=15&cls=light HTTP/1.1" 200 -
06:25:36 "GET /room.html?id=M&n=42&hold=1&cb=1787714736272&audio=1&mode=pub&vw=320&vh=180&vfps=15&cls=light HTTP/1.1" 200 -
06:25:36 "GET /room.html?id=N&n=42&hold=1&cb=1787714736931&audio=1&mode=pub&vw=320&vh=180&vfps=15&cls=light HTTP/1.1" 200 -
06:25:37 code 404, message File not found
06:25:37 "GET /favicon.ico HTTP/1.1" 404 -
06:25:37 "GET /room.html?id=O&n=42&hold=1&cb=1787714737032&audio=1&mode=pub&vw=320&vh=180&vfps=15&cls=light HTTP/1.1" 200 -
06:25:37 "GET /room.html?id=P&n=42&hold=1&cb=1787714737130&audio=1&mode=pub&vw=320&vh=180&vfps=15&cls=light HTTP/1.1" 200 -
06:25:37 "GET /room.html?id=Q&n=42&hold=1&cb=1787714737217&audio=1&mode=pub&vw=320&vh=180&vfps=15&cls=light HTTP/1.1" 200 -
06:25:37 "GET /room.html?id=R&n=42&hold=1&cb=1787714737311&audio=1&mode=pub&vw=320&vh=180&vfps=15&cls=light HTTP/1.1" 200 -
06:25:38 "GET /room.html?id=S&n=42&hold=1&cb=1787714737970&audio=1&mode=pub&vw=320&vh=180&vfps=15&cls=light HTTP/1.1" 200 -
06:25:38 code 404, message File not found
06:25:38 "GET /favicon.ico HTTP/1.1" 404 -
06:25:38 "GET /room.html?id=T&n=42&hold=1&cb=1787714738083&audio=1&mode=pub&vw=320&vh=180&vfps=15&cls=light HTTP/1.1" 200 -
06:25:38 "GET /room.html?id=U&n=42&hold=1&cb=1787714738179&audio=1&mode=pub&vw=320&vh=180&vfps=15&cls=light HTTP/1.1" 200 -
06:25:38 "GET /room.html?id=V&n=42&hold=1&cb=1787714738271&audio=1&mode=pub&vw=320&vh=180&vfps=15&cls=light HTTP/1.1" 200 -
06:25:38 "GET /room.html?id=W&n=42&hold=1&cb=1787714738363&audio=1&mode=pub&vw=320&vh=180&vfps=15&cls=light HTTP/1.1" 200 -
06:25:39 "GET /room.html?id=X&n=42&hold=1&cb=1787714739048&audio=1&mode=pub&vw=320&vh=180&vfps=15&cls=light HTTP/1.1" 200 -
06:25:39 code 404, message File not found
06:25:39 "GET /favicon.ico HTTP/1.1" 404 -
06:25:39 "GET /room.html?id=Y&n=42&hold=1&cb=1787714739169&audio=1&mode=pub&vw=320&vh=180&vfps=15&cls=light HTTP/1.1" 200 -
06:25:39 "GET /room.html?id=Z&n=42&hold=1&cb=1787714739261&audio=1&mode=pub&vw=320&vh=180&vfps=15&cls=light HTTP/1.1" 200 -
06:25:39 "GET /room.html?id=a&n=42&hold=1&cb=1787714739362&audio=1&mode=pub&vw=320&vh=180&vfps=15&cls=light HTTP/1.1" 200 -
06:25:39 "GET /room.html?id=b&n=42&hold=1&cb=1787714739455&audio=1&mode=pub&vw=320&vh=180&vfps=15&cls=light HTTP/1.1" 200 -
06:25:40 "GET /room.html?id=c&n=42&hold=1&cb=1787714740159&audio=1&mode=pub&vw=320&vh=180&vfps=15&cls=light HTTP/1.1" 200 -
06:25:40 code 404, message File not found
06:25:40 "GET /favicon.ico HTTP/1.1" 404 -
06:25:40 "GET /room.html?id=d&n=42&hold=1&cb=1787714740261&audio=1&mode=pub&vw=320&vh=180&vfps=15&cls=light HTTP/1.1" 200 -
06:25:40 "GET /room.html?id=e&n=42&hold=1&cb=1787714740360&audio=1&mode=pub&vw=320&vh=180&vfps=15&cls=light HTTP/1.1" 200 -
06:25:40 "GET /room.html?id=f&n=42&hold=1&cb=1787714740458&audio=1&mode=pub&vw=320&vh=180&vfps=15&cls=light HTTP/1.1" 200 -
06:25:40 "GET /room.html?id=g&n=42&hold=1&cb=1787714740554&audio=1&mode=pub&vw=320&vh=180&vfps=15&cls=light HTTP/1.1" 200 -
06:25:41 "GET /room.html?id=h&n=42&hold=1&cb=1787714741227&audio=1&mode=pub&vw=320&vh=180&vfps=15&cls=light HTTP/1.1" 200 -
06:25:41 code 404, message File not found
06:25:41 "GET /favicon.ico HTTP/1.1" 404 -
06:25:41 "GET /room.html?id=i&n=42&hold=1&cb=1787714741336&audio=1&mode=pub&vw=320&vh=180&vfps=15&cls=light HTTP/1.1" 200 -
06:25:41 "GET /room.html?id=j&n=42&hold=1&cb=1787714741432&audio=1&mode=pub&vw=320&vh=180&vfps=15&cls=light HTTP/1.1" 200 -
06:25:41 "GET /room.html?id=k&n=42&hold=1&cb=1787714741532&audio=1&mode=pub&vw=320&vh=180&vfps=15&cls=light HTTP/1.1" 200 -
06:25:41 "GET /room.html?id=l&n=42&hold=1&cb=1787714741628&audio=1&mode=pub&vw=320&vh=180&vfps=15&cls=light HTTP/1.1" 200 -
06:25:42 "GET /room.html?id=m&n=42&hold=1&cb=1787714742309&audio=1&mode=pub&vw=320&vh=180&vfps=15&cls=light HTTP/1.1" 200 -
06:25:42 code 404, message File not found
06:25:42 "GET /favicon.ico HTTP/1.1" 404 -
06:25:42 "GET /room.html?id=n&n=42&hold=1&cb=1787714742423&audio=1&mode=pub&vw=320&vh=180&vfps=15&cls=light HTTP/1.1" 200 -
06:25:42 "POST /collect HTTP/1.1" 200 -
06:25:43 CF POST /sessions/new -> 201 (355 ms)
06:25:43 "POST /cf/sessions/new HTTP/1.1" 201 -
06:25:43 CF POST /sessions/new -> 201 (436 ms)
06:25:43 "POST /cf/sessions/new HTTP/1.1" 201 -
06:25:43 CF POST /sessions/new -> 201 (321 ms)
06:25:43 "POST /cf/sessions/new HTTP/1.1" 201 -
06:25:43 CF POST /sessions/new -> 201 (370 ms)
06:25:43 "POST /cf/sessions/new HTTP/1.1" 201 -
06:25:43 CF POST /sessions/new -> 201 (448 ms)
06:25:43 "POST /cf/sessions/new HTTP/1.1" 201 -
06:25:43 CF POST /sessions/new -> 201 (423 ms)
06:25:43 "POST /cf/sessions/new HTTP/1.1" 201 -
06:25:43 CF POST /sessions/new -> 201 (308 ms)
06:25:43 "POST /cf/sessions/new HTTP/1.1" 201 -
06:25:43 CF POST /sessions/new -> 201 (234 ms)
06:25:43 "POST /cf/sessions/new HTTP/1.1" 201 -
06:25:43 CF POST /sessions/new -> 201 (400 ms)
06:25:43 "POST /cf/sessions/new HTTP/1.1" 201 -
06:25:43 CF POST /sessions/new -> 201 (410 ms)
06:25:43 "POST /cf/sessions/new HTTP/1.1" 201 -
06:25:43 CF POST /sessions/new -> 201 (287 ms)
06:25:43 CF POST /sessions/new -> 201 (453 ms)
06:25:43 "POST /cf/sessions/new HTTP/1.1" 201 -
06:25:43 "POST /cf/sessions/new HTTP/1.1" 201 -
06:25:43 CF POST /sessions/new -> 201 (349 ms)
06:25:43 "POST /cf/sessions/new HTTP/1.1" 201 -
06:25:43 CF POST /sessions/new -> 201 (457 ms)
06:25:43 "POST /cf/sessions/new HTTP/1.1" 201 -
06:25:43 CF POST /sessions/new -> 201 (468 ms)
06:25:43 CF POST /sessions/new -> 201 (257 ms)
06:25:43 "POST /cf/sessions/new HTTP/1.1" 201 -
06:25:43 "POST /cf/sessions/new HTTP/1.1" 201 -
06:25:43 CF POST /sessions/new -> 201 (375 ms)
06:25:43 "POST /cf/sessions/new HTTP/1.1" 201 -
06:25:43 CF POST /sessions/new -> 201 (461 ms)
06:25:43 "POST /cf/sessions/new HTTP/1.1" 201 -
06:25:43 CF POST /sessions/new -> 201 (298 ms)
06:25:43 "POST /cf/sessions/new HTTP/1.1" 201 -
06:25:43 CF POST /sessions/new -> 201 (285 ms)
06:25:43 "POST /cf/sessions/new HTTP/1.1" 201 -
06:25:43 CF POST /sessions/new -> 201 (315 ms)
06:25:43 "POST /cf/sessions/new HTTP/1.1" 201 -
06:25:43 CF POST /sessions/new -> 201 (280 ms)
06:25:43 "POST /cf/sessions/new HTTP/1.1" 201 -
06:25:43 CF POST /sessions/new -> 201 (398 ms)
06:25:43 "POST /cf/sessions/new HTTP/1.1" 201 -
06:25:43 CF POST /sessions/new -> 201 (424 ms)
06:25:43 "POST /cf/sessions/new HTTP/1.1" 201 -
06:25:43 CF POST /sessions/new -> 201 (478 ms)
06:25:43 "POST /cf/sessions/new HTTP/1.1" 201 -
06:25:43 CF POST /sessions/new -> 201 (286 ms)
06:25:43 "POST /cf/sessions/new HTTP/1.1" 201 -
06:25:43 CF POST /sessions/new -> 201 (475 ms)
06:25:43 "POST /cf/sessions/new HTTP/1.1" 201 -
06:25:43 CF POST /sessions/new -> 201 (321 ms)
06:25:43 "POST /cf/sessions/new HTTP/1.1" 201 -
06:25:43 CF POST /sessions/new -> 201 (506 ms)
06:25:43 "POST /cf/sessions/new HTTP/1.1" 201 -
06:25:43 CF POST /sessions/new -> 201 (436 ms)
06:25:43 "POST /cf/sessions/new HTTP/1.1" 201 -
06:25:43 CF POST /sessions/new -> 201 (400 ms)
06:25:43 "POST /cf/sessions/new HTTP/1.1" 201 -
06:25:43 CF POST /sessions/new -> 201 (490 ms)
06:25:43 "POST /cf/sessions/new HTTP/1.1" 201 -
06:25:43 CF POST /sessions/new -> 201 (288 ms)
06:25:43 "POST /cf/sessions/new HTTP/1.1" 201 -
06:25:43 CF POST /sessions/new -> 201 (320 ms)
06:25:43 "POST /cf/sessions/new HTTP/1.1" 201 -
06:25:43 CF POST /sessions/new -> 201 (461 ms)
06:25:43 "POST /cf/sessions/new HTTP/1.1" 201 -
06:25:43 CF POST /sessions/new -> 201 (493 ms)
06:25:43 "POST /cf/sessions/new HTTP/1.1" 201 -
06:25:43 CF POST /sessions/new -> 201 (446 ms)
06:25:43 "POST /cf/sessions/new HTTP/1.1" 201 -
06:25:43 CF POST /sessions/new -> 201 (503 ms)
06:25:43 "POST /cf/sessions/new HTTP/1.1" 201 -
06:25:43 CF POST /sessions/new -> 201 (379 ms)
06:25:43 "POST /cf/sessions/new HTTP/1.1" 201 -
06:25:43 CF POST /sessions/new -> 201 (550 ms)
06:25:43 "POST /cf/sessions/new HTTP/1.1" 201 -
06:25:43 CF POST /sessions/new -> 201 (434 ms)
06:25:43 "POST /cf/sessions/new HTTP/1.1" 201 -
06:25:43 CF POST /sessions/new -> 201 (581 ms)
06:25:43 "POST /cf/sessions/new HTTP/1.1" 201 -
06:25:46 "POST /save/pub-offer-b.sdp HTTP/1.1" 200 -
06:25:46 "POST /save/pub-offer-m.sdp HTTP/1.1" 200 -
06:25:46 "POST /save/pub-offer-h.sdp HTTP/1.1" 200 -
06:25:46 "POST /save/pub-offer-w.sdp HTTP/1.1" 200 -
06:25:47 "POST /save/pub-offer-l.sdp HTTP/1.1" 200 -
06:25:47 "POST /save/pub-offer-g.sdp HTTP/1.1" 200 -
06:25:47 "POST /save/pub-offer-n.sdp HTTP/1.1" 200 -
06:25:47 "POST /save/pub-offer-r.sdp HTTP/1.1" 200 -
06:25:47 "POST /save/pub-offer-h.sdp HTTP/1.1" 200 -
06:25:47 "POST /save/pub-offer-c.sdp HTTP/1.1" 200 -
06:25:47 "POST /save/pub-offer-i.sdp HTTP/1.1" 200 -
06:25:47 "POST /save/pub-offer-k.sdp HTTP/1.1" 200 -
06:25:47 "POST /save/pub-offer-j.sdp HTTP/1.1" 200 -
06:25:47 "POST /save/pub-offer-j.sdp HTTP/1.1" 200 -
06:25:47 "POST /save/pub-offer-i.sdp HTTP/1.1" 200 -
06:25:47 "POST /save/pub-offer-k.sdp HTTP/1.1" 200 -
06:25:47 "POST /save/pub-offer-l.sdp HTTP/1.1" 200 -
06:25:47 "POST /save/pub-offer-u.sdp HTTP/1.1" 200 -
06:25:47 "POST /save/pub-offer-t.sdp HTTP/1.1" 200 -
06:25:47 "POST /save/pub-offer-s.sdp HTTP/1.1" 200 -
06:25:47 "POST /save/pub-offer-v.sdp HTTP/1.1" 200 -
06:25:47 "POST /save/pub-offer-g.sdp HTTP/1.1" 200 -
06:25:47 "POST /save/pub-offer-d.sdp HTTP/1.1" 200 -
06:25:47 "POST /save/pub-offer-e.sdp HTTP/1.1" 200 -
06:25:47 "POST /save/pub-offer-m.sdp HTTP/1.1" 200 -
06:25:47 "POST /save/pub-offer-f.sdp HTTP/1.1" 200 -
06:25:47 "POST /save/pub-offer-a.sdp HTTP/1.1" 200 -
06:25:47 "POST /save/pub-offer-x.sdp HTTP/1.1" 200 -
06:25:47 "POST /save/pub-offer-z.sdp HTTP/1.1" 200 -
06:25:47 "POST /save/pub-offer-y.sdp HTTP/1.1" 200 -
06:25:47 "POST /save/pub-offer-a.sdp HTTP/1.1" 200 -
06:25:47 "POST /save/pub-offer-1.sdp HTTP/1.1" 200 -
06:25:47 "POST /save/pub-offer-b.sdp HTTP/1.1" 200 -
06:25:47 "POST /save/pub-offer-2.sdp HTTP/1.1" 200 -
06:25:47 "POST /save/pub-offer-d.sdp HTTP/1.1" 200 -
06:25:47 "POST /save/pub-offer-o.sdp HTTP/1.1" 200 -
06:25:47 "POST /save/pub-offer-q.sdp HTTP/1.1" 200 -
06:25:47 "POST /save/pub-offer-f.sdp HTTP/1.1" 200 -
06:25:47 "POST /save/pub-offer-p.sdp HTTP/1.1" 200 -
06:25:47 "POST /save/pub-offer-n.sdp HTTP/1.1" 200 -
06:25:47 "POST /save/pub-offer-e.sdp HTTP/1.1" 200 -
06:25:47 "POST /save/pub-offer-c.sdp HTTP/1.1" 200 -
06:25:47 CF POST /sessions/d6c01c000ac9aa6ae1060525d0d6b1073cf42926204a8f1335a334f9c647ee4d/tracks/new -> 200 (301 ms)
06:25:47 "POST /cf/sessions/d6c01c000ac9aa6ae1060525d0d6b1073cf42926204a8f1335a334f9c647ee4d/tracks/new HTTP/1.1" 200 -
06:25:47 "POST /save/pub-answer-b.sdp HTTP/1.1" 200 -
06:25:47 "POST /collect HTTP/1.1" 200 -
06:25:47 "POST /collect HTTP/1.1" 200 -
06:25:47 "POST /collect HTTP/1.1" 200 -
06:25:47 CF POST /sessions/e9df6aa547652e8198357353cdaaf408c4d2593e721afa926f3a1e4e957055ce/tracks/new -> 200 (319 ms)
06:25:47 "POST /cf/sessions/e9df6aa547652e8198357353cdaaf408c4d2593e721afa926f3a1e4e957055ce/tracks/new HTTP/1.1" 200 -
06:25:47 "POST /save/pub-answer-h.sdp HTTP/1.1" 200 -
06:25:47 "POST /collect HTTP/1.1" 200 -
06:25:47 "POST /collect HTTP/1.1" 200 -
06:25:47 "POST /collect HTTP/1.1" 200 -
06:25:47 CF POST /sessions/13d627628a0658d18c074f34bf0f7491281d7a8fc5bea5efe656cac1548f9b03/tracks/new -> 200 (331 ms)
06:25:47 "POST /cf/sessions/13d627628a0658d18c074f34bf0f7491281d7a8fc5bea5efe656cac1548f9b03/tracks/new HTTP/1.1" 200 -
06:25:47 "POST /save/pub-answer-w.sdp HTTP/1.1" 200 -
06:25:47 "POST /collect HTTP/1.1" 200 -
06:25:47 "POST /collect HTTP/1.1" 200 -
06:25:47 CF POST /sessions/18a9e05342316eedb98c99ffb389f74286d994623ecaa4e09dd62f3a5a4fdd1c/tracks/new -> 200 (337 ms)
06:25:47 "POST /cf/sessions/18a9e05342316eedb98c99ffb389f74286d994623ecaa4e09dd62f3a5a4fdd1c/tracks/new HTTP/1.1" 200 -
06:25:47 "POST /collect HTTP/1.1" 200 -
06:25:47 "POST /save/pub-answer-l.sdp HTTP/1.1" 200 -
06:25:47 "POST /collect HTTP/1.1" 200 -
06:25:47 "POST /collect HTTP/1.1" 200 -
06:25:47 "POST /collect HTTP/1.1" 200 -
06:25:47 CF POST /sessions/5c338ed30d8ecd5c8d55d3394b0270e9e43265647686b311bc0b529b84eacf99/tracks/new -> 200 (359 ms)
06:25:47 "POST /cf/sessions/5c338ed30d8ecd5c8d55d3394b0270e9e43265647686b311bc0b529b84eacf99/tracks/new HTTP/1.1" 200 -
06:25:47 "POST /save/pub-answer-m.sdp HTTP/1.1" 200 -
06:25:47 "POST /collect HTTP/1.1" 200 -
06:25:47 "POST /collect HTTP/1.1" 200 -
06:25:47 "POST /collect HTTP/1.1" 200 -
06:25:47 CF POST /sessions/dcc6b925caa830e8d99dfe5d1b676c2d9fc47281866169c305ba1fb7dca7178c/tracks/new -> 200 (356 ms)
06:25:47 "POST /cf/sessions/dcc6b925caa830e8d99dfe5d1b676c2d9fc47281866169c305ba1fb7dca7178c/tracks/new HTTP/1.1" 200 -
06:25:47 "POST /save/pub-answer-i.sdp HTTP/1.1" 200 -
06:25:47 CF POST /sessions/3e2cf3ffa6e100ab78d965a5322efd5b209d25209c835928a5b74ca267f37124/tracks/new -> 200 (364 ms)
06:25:47 "POST /cf/sessions/3e2cf3ffa6e100ab78d965a5322efd5b209d25209c835928a5b74ca267f37124/tracks/new HTTP/1.1" 200 -
06:25:47 "POST /collect HTTP/1.1" 200 -
06:25:47 "POST /collect HTTP/1.1" 200 -
06:25:47 "POST /save/pub-answer-c.sdp HTTP/1.1" 200 -
06:25:47 "POST /collect HTTP/1.1" 200 -
06:25:47 "POST /collect HTTP/1.1" 200 -
06:25:47 "POST /collect HTTP/1.1" 200 -
06:25:47 "POST /collect HTTP/1.1" 200 -
06:25:47 CF POST /sessions/00c12a1c0333d2a7398cb6597c481a5f7399033f998954934be9e673d1210778/tracks/new -> 200 (391 ms)
06:25:47 "POST /cf/sessions/00c12a1c0333d2a7398cb6597c481a5f7399033f998954934be9e673d1210778/tracks/new HTTP/1.1" 200 -
06:25:47 "POST /save/pub-answer-g.sdp HTTP/1.1" 200 -
06:25:47 "POST /collect HTTP/1.1" 200 -
06:25:47 "POST /collect HTTP/1.1" 200 -
06:25:47 "POST /collect HTTP/1.1" 200 -
06:25:47 CF POST /sessions/935b437320368f8cb615b6b72e2c268952e1b487060ba35591b7dd799b126dbe/tracks/new -> 200 (389 ms)
06:25:47 "POST /cf/sessions/935b437320368f8cb615b6b72e2c268952e1b487060ba35591b7dd799b126dbe/tracks/new HTTP/1.1" 200 -
06:25:47 "POST /save/pub-answer-j.sdp HTTP/1.1" 200 -
06:25:47 CF POST /sessions/64c53eff413ef3523a2ad60d174e8d2c45bcbfe0aa9b6d4d0ee56140ae3aa0d4/tracks/new -> 200 (426 ms)
06:25:47 "POST /cf/sessions/64c53eff413ef3523a2ad60d174e8d2c45bcbfe0aa9b6d4d0ee56140ae3aa0d4/tracks/new HTTP/1.1" 200 -
06:25:47 CF POST /sessions/32e88ea5314d30d089ad3e2223c0c3cadcabd3b337f06921cbf3c1515e599e01/tracks/new -> 200 (423 ms)
06:25:47 "POST /cf/sessions/32e88ea5314d30d089ad3e2223c0c3cadcabd3b337f06921cbf3c1515e599e01/tracks/new HTTP/1.1" 200 -
06:25:47 "POST /collect HTTP/1.1" 200 -
06:25:47 "POST /collect HTTP/1.1" 200 -
06:25:47 "POST /collect HTTP/1.1" 200 -
06:25:47 "POST /save/pub-answer-n.sdp HTTP/1.1" 200 -
06:25:47 "POST /save/pub-answer-h.sdp HTTP/1.1" 200 -
06:25:47 "POST /collect HTTP/1.1" 200 -
06:25:47 "POST /collect HTTP/1.1" 200 -
06:25:47 "POST /collect HTTP/1.1" 200 -
06:25:47 "POST /collect HTTP/1.1" 200 -
06:25:47 "POST /collect HTTP/1.1" 200 -
06:25:47 "POST /collect HTTP/1.1" 200 -
06:25:47 CF POST /sessions/de33f2bfc296f9c3527ff4b059b02f7191f08db6e2622303e38856ffa524fec6/tracks/new -> 200 (433 ms)
06:25:47 "POST /cf/sessions/de33f2bfc296f9c3527ff4b059b02f7191f08db6e2622303e38856ffa524fec6/tracks/new HTTP/1.1" 200 -
06:25:47 "POST /save/pub-answer-r.sdp HTTP/1.1" 200 -
06:25:47 "POST /collect HTTP/1.1" 200 -
06:25:47 "POST /collect HTTP/1.1" 200 -
06:25:47 "POST /collect HTTP/1.1" 200 -
06:25:47 CF POST /sessions/a801a8f31b737e8be3ef738eca9c670c3ba54f81d1a8010fa123c66e77010f7f/tracks/new -> 200 (431 ms)
06:25:47 "POST /cf/sessions/a801a8f31b737e8be3ef738eca9c670c3ba54f81d1a8010fa123c66e77010f7f/tracks/new HTTP/1.1" 200 -
06:25:47 CF POST /sessions/c5b8d50ccdee386aec55c138ca48acda89806308c43fac08c4c070159b983477/tracks/new -> 200 (345 ms)
06:25:47 CF POST /sessions/4c0bd4bb497c796220e3e695ce8c9600e005d5be162b90a2b34ca48f428d013f/tracks/new -> 200 (409 ms)
06:25:47 "POST /cf/sessions/c5b8d50ccdee386aec55c138ca48acda89806308c43fac08c4c070159b983477/tracks/new HTTP/1.1" 200 -
06:25:47 "POST /cf/sessions/4c0bd4bb497c796220e3e695ce8c9600e005d5be162b90a2b34ca48f428d013f/tracks/new HTTP/1.1" 200 -
06:25:47 "POST /save/pub-answer-j.sdp HTTP/1.1" 200 -
06:25:47 "POST /save/pub-answer-s.sdp HTTP/1.1" 200 -
06:25:47 "POST /save/pub-answer-d.sdp HTTP/1.1" 200 -
06:25:47 "POST /collect HTTP/1.1" 200 -
06:25:47 "POST /collect HTTP/1.1" 200 -
06:25:47 "POST /collect HTTP/1.1" 200 -
06:25:47 "POST /collect HTTP/1.1" 200 -
06:25:47 "POST /collect HTTP/1.1" 200 -
06:25:47 CF POST /sessions/a3690a945dd2d60dd3fc970167e28d884982bd0066f08ef7ffd6ceed5f43bfa2/tracks/new -> 200 (342 ms)
06:25:47 "POST /cf/sessions/a3690a945dd2d60dd3fc970167e28d884982bd0066f08ef7ffd6ceed5f43bfa2/tracks/new HTTP/1.1" 200 -
06:25:47 "POST /collect HTTP/1.1" 200 -
06:25:47 "POST /collect HTTP/1.1" 200 -
06:25:47 "POST /collect HTTP/1.1" 200 -
06:25:47 "POST /collect HTTP/1.1" 200 -
06:25:47 "POST /save/pub-answer-z.sdp HTTP/1.1" 200 -
06:25:47 CF POST /sessions/f1b5acac956b7e2c7618b31bd2d326eabe87f6778c754d28c50f0ff71bc8d47e/tracks/new -> 200 (454 ms)
06:25:47 "POST /cf/sessions/f1b5acac956b7e2c7618b31bd2d326eabe87f6778c754d28c50f0ff71bc8d47e/tracks/new HTTP/1.1" 200 -
06:25:47 "POST /collect HTTP/1.1" 200 -
06:25:47 "POST /save/pub-answer-k.sdp HTTP/1.1" 200 -
06:25:47 "POST /collect HTTP/1.1" 200 -
06:25:47 "POST /collect HTTP/1.1" 200 -
06:25:47 "POST /collect HTTP/1.1" 200 -
06:25:47 "POST /collect HTTP/1.1" 200 -
06:25:47 "POST /collect HTTP/1.1" 200 -
06:25:47 CF POST /sessions/5b6b72adaaa437ae57cd5df71b4ee562c9ff690dfa5ad5d607a87308c5ad1427/tracks/new -> 200 (330 ms)
06:25:47 "POST /cf/sessions/5b6b72adaaa437ae57cd5df71b4ee562c9ff690dfa5ad5d607a87308c5ad1427/tracks/new HTTP/1.1" 200 -
06:25:47 "POST /save/pub-answer-2.sdp HTTP/1.1" 200 -
06:25:47 "POST /collect HTTP/1.1" 200 -
06:25:47 CF POST /sessions/fb8f36a1c440af8cdb132263a2b5a647f237ae9f2d82cba55d246462dbdba4ae/tracks/new -> 200 (356 ms)
06:25:47 "POST /cf/sessions/fb8f36a1c440af8cdb132263a2b5a647f237ae9f2d82cba55d246462dbdba4ae/tracks/new HTTP/1.1" 200 -
06:25:47 CF POST /sessions/b51b97d6ef7e00e2c44f5b0a646496597b7e414d1fe56c2c3bf71d117a319246/tracks/new -> 200 (371 ms)
06:25:47 "POST /cf/sessions/b51b97d6ef7e00e2c44f5b0a646496597b7e414d1fe56c2c3bf71d117a319246/tracks/new HTTP/1.1" 200 -
06:25:47 "POST /collect HTTP/1.1" 200 -
06:25:47 "POST /collect HTTP/1.1" 200 -
06:25:47 "POST /save/pub-answer-y.sdp HTTP/1.1" 200 -
06:25:47 "POST /save/pub-answer-x.sdp HTTP/1.1" 200 -
06:25:47 "POST /collect HTTP/1.1" 200 -
06:25:47 "POST /collect HTTP/1.1" 200 -
06:25:47 "POST /collect HTTP/1.1" 200 -
06:25:47 "POST /collect HTTP/1.1" 200 -
06:25:47 "POST /collect HTTP/1.1" 200 -
06:25:47 "POST /collect HTTP/1.1" 200 -
06:25:47 CF POST /sessions/6aacd06fac53c9707016bdf50524229596fd9b409f27f3087ceefffc9e72b58d/tracks/new -> 200 (410 ms)
06:25:47 "POST /cf/sessions/6aacd06fac53c9707016bdf50524229596fd9b409f27f3087ceefffc9e72b58d/tracks/new HTTP/1.1" 200 -
06:25:47 "POST /save/pub-answer-m.sdp HTTP/1.1" 200 -
06:25:47 "POST /collect HTTP/1.1" 200 -
06:25:47 "POST /collect HTTP/1.1" 200 -
06:25:47 "POST /collect HTTP/1.1" 200 -
06:25:47 CF POST /sessions/a376ec50a0f7db0f1345625f0e46c831f77cb2f147d8f1d95f2093dba58d654c/tracks/new -> 200 (510 ms)
06:25:47 "POST /cf/sessions/a376ec50a0f7db0f1345625f0e46c831f77cb2f147d8f1d95f2093dba58d654c/tracks/new HTTP/1.1" 200 -
06:25:47 "POST /save/pub-answer-i.sdp HTTP/1.1" 200 -
06:25:47 CF POST /sessions/409fab82a032a063c3afa0f01bdd5ee7d58a43cce8e19ea65dcf0256d7ae868c/tracks/new -> 200 (432 ms)
06:25:47 "POST /cf/sessions/409fab82a032a063c3afa0f01bdd5ee7d58a43cce8e19ea65dcf0256d7ae868c/tracks/new HTTP/1.1" 200 -
06:25:47 "POST /save/pub-answer-e.sdp HTTP/1.1" 200 -
06:25:47 "POST /collect HTTP/1.1" 200 -
06:25:47 "POST /collect HTTP/1.1" 200 -
06:25:47 "POST /collect HTTP/1.1" 200 -
06:25:47 "POST /collect HTTP/1.1" 200 -
06:25:47 "POST /collect HTTP/1.1" 200 -
06:25:47 CF POST /sessions/c7ec3fd01bc431153f837b47d53e9709525ce9bdde69eaab885287a7fb7ab327/tracks/new -> 200 (440 ms)
06:25:47 "POST /cf/sessions/c7ec3fd01bc431153f837b47d53e9709525ce9bdde69eaab885287a7fb7ab327/tracks/new HTTP/1.1" 200 -
06:25:47 "POST /collect HTTP/1.1" 200 -
06:25:47 "POST /save/pub-answer-f.sdp HTTP/1.1" 200 -
06:25:47 CF POST /sessions/983ebb672f4f1850fad470557e33a72fe44179598060ddac33778f71522212f0/tracks/new -> 200 (417 ms)
06:25:47 "POST /cf/sessions/983ebb672f4f1850fad470557e33a72fe44179598060ddac33778f71522212f0/tracks/new HTTP/1.1" 200 -
06:25:47 "POST /collect HTTP/1.1" 200 -
06:25:47 "POST /collect HTTP/1.1" 200 -
06:25:47 "POST /collect HTTP/1.1" 200 -
06:25:47 "POST /save/pub-answer-b.sdp HTTP/1.1" 200 -
06:25:47 CF POST /sessions/f5b6077ea16db47df9d9d7bd67327c28acbde14f804959123cd13a23169257ed/tracks/new -> 200 (453 ms)
06:25:47 "POST /cf/sessions/f5b6077ea16db47df9d9d7bd67327c28acbde14f804959123cd13a23169257ed/tracks/new HTTP/1.1" 200 -
06:25:47 "POST /collect HTTP/1.1" 200 -
06:25:47 "POST /collect HTTP/1.1" 200 -
06:25:47 "POST /save/pub-answer-g.sdp HTTP/1.1" 200 -
06:25:47 "POST /collect HTTP/1.1" 200 -
06:25:47 CF POST /sessions/eebc3c5136d1c4c2ff0faff1912a4f699c133edd596947e377be8bc88a4260b2/tracks/new -> 200 (527 ms)
06:25:47 "POST /cf/sessions/eebc3c5136d1c4c2ff0faff1912a4f699c133edd596947e377be8bc88a4260b2/tracks/new HTTP/1.1" 200 -
06:25:47 "POST /collect HTTP/1.1" 200 -
06:25:47 "POST /save/pub-answer-t.sdp HTTP/1.1" 200 -
06:25:47 "POST /collect HTTP/1.1" 200 -
06:25:47 "POST /collect HTTP/1.1" 200 -
06:25:47 "POST /collect HTTP/1.1" 200 -
06:25:47 CF POST /sessions/49c1b4d449195133bc6e47616c437a379510d17bde2e4209b8d3cb8f2c615f20/tracks/new -> 200 (436 ms)
06:25:47 "POST /collect HTTP/1.1" 200 -
06:25:47 "POST /cf/sessions/49c1b4d449195133bc6e47616c437a379510d17bde2e4209b8d3cb8f2c615f20/tracks/new HTTP/1.1" 200 -
06:25:47 CF POST /sessions/24a13d1a40db36de8ace1be3233b8223b67a7b4fca721fa0a3dabd3c287f8cb2/tracks/new -> 200 (530 ms)
06:25:47 "POST /cf/sessions/24a13d1a40db36de8ace1be3233b8223b67a7b4fca721fa0a3dabd3c287f8cb2/tracks/new HTTP/1.1" 200 -
06:25:47 "POST /collect HTTP/1.1" 200 -
06:25:47 CF POST /sessions/13b2862e7880fe34cae86a488e6b4851f9318649324430a840b8120789e03cd8/tracks/new -> 200 (549 ms)
06:25:47 "POST /cf/sessions/13b2862e7880fe34cae86a488e6b4851f9318649324430a840b8120789e03cd8/tracks/new HTTP/1.1" 200 -
06:25:47 "POST /save/pub-answer-1.sdp HTTP/1.1" 200 -
06:25:47 "POST /save/pub-answer-v.sdp HTTP/1.1" 200 -
06:25:47 "POST /save/pub-answer-l.sdp HTTP/1.1" 200 -
06:25:47 CF POST /sessions/ec8863d48014fd02793f532d078902f879260e82a82375c41f2420c19343f4ab/tracks/new -> 200 (329 ms)
06:25:47 "POST /cf/sessions/ec8863d48014fd02793f532d078902f879260e82a82375c41f2420c19343f4ab/tracks/new HTTP/1.1" 200 -
06:25:47 CF POST /sessions/5318c800885809be98bf42a616f5c7f78e36f32f874e8dbaedc726d53288dd99/tracks/new -> 200 (547 ms)
06:25:47 "POST /cf/sessions/5318c800885809be98bf42a616f5c7f78e36f32f874e8dbaedc726d53288dd99/tracks/new HTTP/1.1" 200 -
06:25:47 CF POST /sessions/1eb1bcf8f1599391dd29df6217495310ccaa39165779fae1dd4a873315e0a8b6/tracks/new -> 200 (473 ms)
06:25:47 "POST /cf/sessions/1eb1bcf8f1599391dd29df6217495310ccaa39165779fae1dd4a873315e0a8b6/tracks/new HTTP/1.1" 200 -
06:25:47 CF POST /sessions/e430e084d2c644f3e08056b650a03b33ff864f69dab6a98b5f8081d56cfe1ee5/tracks/new -> 200 (560 ms)
06:25:47 "POST /collect HTTP/1.1" 200 -
06:25:47 "POST /cf/sessions/e430e084d2c644f3e08056b650a03b33ff864f69dab6a98b5f8081d56cfe1ee5/tracks/new HTTP/1.1" 200 -
06:25:47 "POST /collect HTTP/1.1" 200 -
06:25:47 "POST /collect HTTP/1.1" 200 -
06:25:47 "POST /save/pub-answer-u.sdp HTTP/1.1" 200 -
06:25:47 "POST /save/pub-answer-k.sdp HTTP/1.1" 200 -
06:25:47 "POST /save/pub-answer-a.sdp HTTP/1.1" 200 -
06:25:47 "POST /collect HTTP/1.1" 200 -
06:25:47 "POST /collect HTTP/1.1" 200 -
06:25:47 "POST /collect HTTP/1.1" 200 -
06:25:47 "POST /collect HTTP/1.1" 200 -
06:25:47 "POST /collect HTTP/1.1" 200 -
06:25:47 CF POST /sessions/042823a70f86aa7c6a15aadf2881f051960491e9168132fab606b87c29fc9d56/tracks/new -> 200 (354 ms)
06:25:47 "POST /cf/sessions/042823a70f86aa7c6a15aadf2881f051960491e9168132fab606b87c29fc9d56/tracks/new HTTP/1.1" 200 -
06:25:47 CF POST /sessions/03487a938271f629ed99153142b3cfd6e05943245e767d605b11ee8404eb1edf/tracks/new -> 200 (346 ms)
06:25:47 "POST /cf/sessions/03487a938271f629ed99153142b3cfd6e05943245e767d605b11ee8404eb1edf/tracks/new HTTP/1.1" 200 -
06:25:47 CF POST /sessions/6bc34aeb6c7a19002752e6e2de224c14b8b60a23875ce7265a52aba9d8919ce3/tracks/new -> 200 (464 ms)
06:25:47 "POST /cf/sessions/6bc34aeb6c7a19002752e6e2de224c14b8b60a23875ce7265a52aba9d8919ce3/tracks/new HTTP/1.1" 200 -
06:25:47 "POST /collect HTTP/1.1" 200 -
06:25:47 CF POST /sessions/3a1a75810d89dd5d6a40274e4c9cb0cdc6640bbf06c61f719c22ffbf5885afe4/tracks/new -> 200 (349 ms)
06:25:47 "POST /cf/sessions/3a1a75810d89dd5d6a40274e4c9cb0cdc6640bbf06c61f719c22ffbf5885afe4/tracks/new HTTP/1.1" 200 -
06:25:47 "POST /collect HTTP/1.1" 200 -
06:25:47 CF POST /sessions/fef70d17e4eeb7baf4aed7f93a8e67c0eac1998de4d4e6732ec6be28f24fd6ed/tracks/new -> 200 (351 ms)
06:25:47 "POST /cf/sessions/fef70d17e4eeb7baf4aed7f93a8e67c0eac1998de4d4e6732ec6be28f24fd6ed/tracks/new HTTP/1.1" 200 -
06:25:47 "POST /collect HTTP/1.1" 200 -
06:25:47 "POST /collect HTTP/1.1" 200 -
06:25:47 "POST /save/pub-answer-a.sdp HTTP/1.1" 200 -
06:25:47 "POST /save/pub-answer-o.sdp HTTP/1.1" 200 -
06:25:47 "POST /save/pub-answer-n.sdp HTTP/1.1" 200 -
06:25:47 "POST /collect HTTP/1.1" 200 -
06:25:47 "POST /save/pub-answer-q.sdp HTTP/1.1" 200 -
06:25:47 "POST /collect HTTP/1.1" 200 -
06:25:47 CF POST /sessions/338143d708aca930846cd4846f89230000115ac21c7c3322cef63b6a765336bb/tracks/new -> 200 (431 ms)
06:25:47 "POST /cf/sessions/338143d708aca930846cd4846f89230000115ac21c7c3322cef63b6a765336bb/tracks/new HTTP/1.1" 200 -
06:25:47 "POST /save/pub-answer-f.sdp HTTP/1.1" 200 -
06:25:47 "POST /collect HTTP/1.1" 200 -
06:25:47 "POST /collect HTTP/1.1" 200 -
06:25:47 "POST /save/pub-answer-e.sdp HTTP/1.1" 200 -
06:25:47 "POST /save/pub-answer-d.sdp HTTP/1.1" 200 -
06:25:47 "POST /collect HTTP/1.1" 200 -
06:25:47 "POST /collect HTTP/1.1" 200 -
06:25:47 "POST /collect HTTP/1.1" 200 -
06:25:47 "POST /collect HTTP/1.1" 200 -
06:25:47 "POST /collect HTTP/1.1" 200 -
06:25:47 "POST /collect HTTP/1.1" 200 -
06:25:47 "POST /collect HTTP/1.1" 200 -
06:25:47 "POST /collect HTTP/1.1" 200 -
06:25:47 "POST /collect HTTP/1.1" 200 -
06:25:47 "POST /collect HTTP/1.1" 200 -
06:25:47 "POST /collect HTTP/1.1" 200 -
06:25:47 "POST /collect HTTP/1.1" 200 -
06:25:47 "POST /collect HTTP/1.1" 200 -
06:25:47 CF POST /sessions/71f0c92cd3445dd9ab6c0a4cb45f4ac8f03277e37fba23e5b45ec101d25f0487/tracks/new -> 200 (380 ms)
06:25:47 "POST /cf/sessions/71f0c92cd3445dd9ab6c0a4cb45f4ac8f03277e37fba23e5b45ec101d25f0487/tracks/new HTTP/1.1" 200 -
06:25:47 "POST /collect HTTP/1.1" 200 -
06:25:47 "POST /collect HTTP/1.1" 200 -
06:25:47 "POST /save/pub-answer-p.sdp HTTP/1.1" 200 -
06:25:47 "POST /collect HTTP/1.1" 200 -
06:25:47 "POST /collect HTTP/1.1" 200 -
06:25:47 "POST /collect HTTP/1.1" 200 -
06:25:47 "POST /collect HTTP/1.1" 200 -
06:25:47 CF POST /sessions/accf2d862f3edae4025a05e8f1eb6ff1230c42467dcc16d1d71199290535a6a5/tracks/new -> 200 (394 ms)
06:25:47 "POST /cf/sessions/accf2d862f3edae4025a05e8f1eb6ff1230c42467dcc16d1d71199290535a6a5/tracks/new HTTP/1.1" 200 -
06:25:47 "POST /collect HTTP/1.1" 200 -
06:25:47 "POST /collect HTTP/1.1" 200 -
06:25:47 "POST /collect HTTP/1.1" 200 -
06:25:47 "POST /collect HTTP/1.1" 200 -
06:25:47 "POST /save/pub-answer-c.sdp HTTP/1.1" 200 -
06:25:47 "POST /collect HTTP/1.1" 200 -
06:25:47 "POST /collect HTTP/1.1" 200 -
06:25:47 "POST /collect HTTP/1.1" 200 -
06:25:47 "POST /collect HTTP/1.1" 200 -
06:25:47 "POST /collect HTTP/1.1" 200 -
06:25:47 "POST /collect HTTP/1.1" 200 -
06:25:47 "POST /collect HTTP/1.1" 200 -
06:25:47 "POST /join HTTP/1.1" 200 -
06:25:47 "POST /collect HTTP/1.1" 200 -
06:25:48 "POST /collect HTTP/1.1" 200 -
06:25:48 "POST /collect HTTP/1.1" 200 -
06:25:48 "POST /collect HTTP/1.1" 200 -
06:25:48 "POST /collect HTTP/1.1" 200 -
06:25:48 "POST /collect HTTP/1.1" 200 -
06:25:48 "POST /join HTTP/1.1" 200 -
06:25:48 "POST /collect HTTP/1.1" 200 -
06:25:48 "POST /join HTTP/1.1" 200 -
06:25:48 "POST /join HTTP/1.1" 200 -
06:25:48 "POST /join HTTP/1.1" 200 -
06:25:48 "POST /collect HTTP/1.1" 200 -
06:25:48 "POST /collect HTTP/1.1" 200 -
06:25:48 "POST /collect HTTP/1.1" 200 -
06:25:48 "POST /join HTTP/1.1" 200 -
06:25:48 "POST /collect HTTP/1.1" 200 -
06:25:49 "POST /collect HTTP/1.1" 200 -
06:25:49 "POST /collect HTTP/1.1" 200 -
06:25:49 "POST /collect HTTP/1.1" 200 -
06:25:49 "POST /collect HTTP/1.1" 200 -
06:25:49 "POST /collect HTTP/1.1" 200 -
06:25:49 "POST /join HTTP/1.1" 200 -
06:25:49 "POST /collect HTTP/1.1" 200 -
06:25:49 "POST /join HTTP/1.1" 200 -
06:25:49 "POST /collect HTTP/1.1" 200 -
06:25:49 "POST /join HTTP/1.1" 200 -
06:25:49 "POST /join HTTP/1.1" 200 -
06:25:49 "POST /collect HTTP/1.1" 200 -
06:25:49 "POST /collect HTTP/1.1" 200 -
06:25:49 "POST /join HTTP/1.1" 200 -
06:25:49 "POST /collect HTTP/1.1" 200 -
06:25:50 "POST /collect HTTP/1.1" 200 -
06:25:50 "POST /collect HTTP/1.1" 200 -
06:25:50 "POST /collect HTTP/1.1" 200 -
06:25:50 "POST /collect HTTP/1.1" 200 -
06:25:50 "POST /collect HTTP/1.1" 200 -
06:25:50 "POST /collect HTTP/1.1" 200 -
06:25:50 "POST /collect HTTP/1.1" 200 -
06:25:50 "POST /collect HTTP/1.1" 200 -
06:25:50 "POST /collect HTTP/1.1" 200 -
06:25:50 "POST /collect HTTP/1.1" 200 -
06:25:50 "POST /collect HTTP/1.1" 200 -
06:25:50 "POST /collect HTTP/1.1" 200 -
06:25:50 "POST /collect HTTP/1.1" 200 -
06:25:50 "POST /collect HTTP/1.1" 200 -
06:25:50 "POST /collect HTTP/1.1" 200 -
06:25:50 "POST /join HTTP/1.1" 200 -
06:25:50 "POST /collect HTTP/1.1" 200 -
06:25:50 "POST /join HTTP/1.1" 200 -
06:25:50 "POST /join HTTP/1.1" 200 -
06:25:50 "POST /join HTTP/1.1" 200 -
06:25:50 "POST /collect HTTP/1.1" 200 -
06:25:50 "POST /collect HTTP/1.1" 200 -
06:25:50 "POST /collect HTTP/1.1" 200 -
06:25:50 "POST /collect HTTP/1.1" 200 -
06:25:50 "POST /join HTTP/1.1" 200 -
06:25:50 "POST /join HTTP/1.1" 200 -
06:25:50 "POST /collect HTTP/1.1" 200 -
06:25:50 "POST /collect HTTP/1.1" 200 -
06:25:50 "POST /join HTTP/1.1" 200 -
06:25:50 "POST /collect HTTP/1.1" 200 -
06:25:50 "POST /join HTTP/1.1" 200 -
06:25:50 "POST /collect HTTP/1.1" 200 -
06:25:50 "POST /join HTTP/1.1" 200 -
06:25:50 "POST /collect HTTP/1.1" 200 -
06:25:51 "POST /collect HTTP/1.1" 200 -
06:25:51 "POST /collect HTTP/1.1" 200 -
06:25:51 "POST /collect HTTP/1.1" 200 -
06:25:51 "POST /collect HTTP/1.1" 200 -
06:25:51 "POST /collect HTTP/1.1" 200 -
06:25:51 "POST /collect HTTP/1.1" 200 -
06:25:51 "POST /collect HTTP/1.1" 200 -
06:25:51 "POST /collect HTTP/1.1" 200 -
06:25:51 "POST /collect HTTP/1.1" 200 -
06:25:51 "POST /collect HTTP/1.1" 200 -
06:25:51 "POST /collect HTTP/1.1" 200 -
06:25:51 "POST /join HTTP/1.1" 200 -
06:25:51 "POST /collect HTTP/1.1" 200 -
06:25:51 "POST /collect HTTP/1.1" 200 -
06:25:51 "POST /collect HTTP/1.1" 200 -
06:25:51 "POST /collect HTTP/1.1" 200 -
06:25:51 "POST /collect HTTP/1.1" 200 -
06:25:51 "POST /collect HTTP/1.1" 200 -
06:25:51 "POST /collect HTTP/1.1" 200 -
06:25:51 "POST /collect HTTP/1.1" 200 -
06:25:51 "POST /collect HTTP/1.1" 200 -
06:25:51 "POST /collect HTTP/1.1" 200 -
06:25:51 "POST /join HTTP/1.1" 200 -
06:25:51 "POST /collect HTTP/1.1" 200 -
06:25:51 "POST /join HTTP/1.1" 200 -
06:25:51 "POST /collect HTTP/1.1" 200 -
06:25:51 "POST /join HTTP/1.1" 200 -
06:25:51 "POST /collect HTTP/1.1" 200 -
06:25:51 "POST /join HTTP/1.1" 200 -
06:25:51 "POST /collect HTTP/1.1" 200 -
06:25:52 "POST /join HTTP/1.1" 200 -
06:25:52 "POST /join HTTP/1.1" 200 -
06:25:52 "POST /join HTTP/1.1" 200 -
06:25:52 "POST /join HTTP/1.1" 200 -
06:25:52 "POST /join HTTP/1.1" 200 -
06:25:52 "POST /collect HTTP/1.1" 200 -
06:25:52 "POST /join HTTP/1.1" 200 -
06:25:52 "POST /join HTTP/1.1" 200 -
06:25:52 "POST /join HTTP/1.1" 200 -
06:25:52 "POST /collect HTTP/1.1" 200 -
06:25:52 "POST /collect HTTP/1.1" 200 -
06:25:52 "GET /roster HTTP/1.1" 200 -
06:25:52 "POST /join HTTP/1.1" 200 -
06:25:52 "POST /join HTTP/1.1" 200 -
06:25:52 "POST /collect HTTP/1.1" 200 -
06:25:52 "POST /join HTTP/1.1" 200 -
06:25:52 "GET /roster HTTP/1.1" 200 -
06:25:52 "POST /collect HTTP/1.1" 200 -
06:25:52 "POST /join HTTP/1.1" 200 -
06:25:52 "POST /collect HTTP/1.1" 200 -
06:25:52 "POST /collect HTTP/1.1" 200 -
06:25:52 "POST /collect HTTP/1.1" 200 -
06:25:52 "POST /collect HTTP/1.1" 200 -
06:25:52 "POST /collect HTTP/1.1" 200 -
06:25:52 "POST /collect HTTP/1.1" 200 -
06:25:52 "POST /join HTTP/1.1" 200 -
06:25:52 "POST /collect HTTP/1.1" 200 -
06:25:52 "POST /collect HTTP/1.1" 200 -
06:25:52 CF POST /sessions/49c1b4d449195133bc6e47616c437a379510d17bde2e4209b8d3cb8f2c615f20/tracks/new -> 200 (249 ms)
06:25:52 "POST /cf/sessions/49c1b4d449195133bc6e47616c437a379510d17bde2e4209b8d3cb8f2c615f20/tracks/new HTTP/1.1" 200 -
06:25:52 CF POST /sessions/5b6b72adaaa437ae57cd5df71b4ee562c9ff690dfa5ad5d607a87308c5ad1427/tracks/new -> 200 (276 ms)
06:25:52 "POST /cf/sessions/5b6b72adaaa437ae57cd5df71b4ee562c9ff690dfa5ad5d607a87308c5ad1427/tracks/new HTTP/1.1" 200 -
06:25:52 CF PUT /sessions/5b6b72adaaa437ae57cd5df71b4ee562c9ff690dfa5ad5d607a87308c5ad1427/renegotiate -> 200 (150 ms)
06:25:52 "PUT /cf/sessions/5b6b72adaaa437ae57cd5df71b4ee562c9ff690dfa5ad5d607a87308c5ad1427/renegotiate HTTP/1.1" 200 -
06:25:52 "POST /collect HTTP/1.1" 200 -
06:25:52 CF PUT /sessions/49c1b4d449195133bc6e47616c437a379510d17bde2e4209b8d3cb8f2c615f20/renegotiate -> 200 (158 ms)
06:25:52 "PUT /cf/sessions/49c1b4d449195133bc6e47616c437a379510d17bde2e4209b8d3cb8f2c615f20/renegotiate HTTP/1.1" 200 -
06:25:52 "POST /collect HTTP/1.1" 200 -
06:25:52 CF POST /sessions/49c1b4d449195133bc6e47616c437a379510d17bde2e4209b8d3cb8f2c615f20/tracks/new -> 200 (254 ms)
06:25:52 "POST /cf/sessions/49c1b4d449195133bc6e47616c437a379510d17bde2e4209b8d3cb8f2c615f20/tracks/new HTTP/1.1" 200 -
06:25:52 CF POST /sessions/5b6b72adaaa437ae57cd5df71b4ee562c9ff690dfa5ad5d607a87308c5ad1427/tracks/new -> 200 (261 ms)
06:25:52 "POST /cf/sessions/5b6b72adaaa437ae57cd5df71b4ee562c9ff690dfa5ad5d607a87308c5ad1427/tracks/new HTTP/1.1" 200 -
06:25:52 "POST /collect HTTP/1.1" 200 -
06:25:52 "POST /collect HTTP/1.1" 200 -
06:25:52 "POST /collect HTTP/1.1" 200 -
06:25:52 "POST /collect HTTP/1.1" 200 -
06:25:53 "POST /collect HTTP/1.1" 200 -
06:25:53 "POST /collect HTTP/1.1" 200 -
06:25:53 CF PUT /sessions/5b6b72adaaa437ae57cd5df71b4ee562c9ff690dfa5ad5d607a87308c5ad1427/renegotiate -> 200 (136 ms)
06:25:53 "PUT /cf/sessions/5b6b72adaaa437ae57cd5df71b4ee562c9ff690dfa5ad5d607a87308c5ad1427/renegotiate HTTP/1.1" 200 -
06:25:53 CF PUT /sessions/49c1b4d449195133bc6e47616c437a379510d17bde2e4209b8d3cb8f2c615f20/renegotiate -> 200 (143 ms)
06:25:53 "PUT /cf/sessions/49c1b4d449195133bc6e47616c437a379510d17bde2e4209b8d3cb8f2c615f20/renegotiate HTTP/1.1" 200 -
06:25:53 "POST /collect HTTP/1.1" 200 -
06:25:53 "POST /collect HTTP/1.1" 200 -
06:25:53 "POST /join HTTP/1.1" 200 -
06:25:53 "POST /join HTTP/1.1" 200 -
06:25:53 "POST /collect HTTP/1.1" 200 -
06:25:53 "POST /collect HTTP/1.1" 200 -
06:25:53 "POST /join HTTP/1.1" 200 -
06:25:53 "POST /collect HTTP/1.1" 200 -
06:25:53 "POST /collect HTTP/1.1" 200 -
06:25:53 CF POST /sessions/5b6b72adaaa437ae57cd5df71b4ee562c9ff690dfa5ad5d607a87308c5ad1427/tracks/new -> 200 (155 ms)
06:25:53 "POST /cf/sessions/5b6b72adaaa437ae57cd5df71b4ee562c9ff690dfa5ad5d607a87308c5ad1427/tracks/new HTTP/1.1" 200 -
06:25:53 CF POST /sessions/49c1b4d449195133bc6e47616c437a379510d17bde2e4209b8d3cb8f2c615f20/tracks/new -> 200 (269 ms)
06:25:53 "POST /cf/sessions/49c1b4d449195133bc6e47616c437a379510d17bde2e4209b8d3cb8f2c615f20/tracks/new HTTP/1.1" 200 -
06:25:53 CF PUT /sessions/5b6b72adaaa437ae57cd5df71b4ee562c9ff690dfa5ad5d607a87308c5ad1427/renegotiate -> 200 (148 ms)
06:25:53 "PUT /cf/sessions/5b6b72adaaa437ae57cd5df71b4ee562c9ff690dfa5ad5d607a87308c5ad1427/renegotiate HTTP/1.1" 200 -
06:25:53 "POST /collect HTTP/1.1" 200 -
06:25:53 CF PUT /sessions/49c1b4d449195133bc6e47616c437a379510d17bde2e4209b8d3cb8f2c615f20/renegotiate -> 200 (140 ms)
06:25:53 "PUT /cf/sessions/49c1b4d449195133bc6e47616c437a379510d17bde2e4209b8d3cb8f2c615f20/renegotiate HTTP/1.1" 200 -
06:25:53 "POST /collect HTTP/1.1" 200 -
06:25:53 CF POST /sessions/5b6b72adaaa437ae57cd5df71b4ee562c9ff690dfa5ad5d607a87308c5ad1427/tracks/new -> 200 (220 ms)
06:25:53 "POST /cf/sessions/5b6b72adaaa437ae57cd5df71b4ee562c9ff690dfa5ad5d607a87308c5ad1427/tracks/new HTTP/1.1" 200 -
06:25:53 CF POST /sessions/49c1b4d449195133bc6e47616c437a379510d17bde2e4209b8d3cb8f2c615f20/tracks/new -> 200 (226 ms)
06:25:53 "POST /cf/sessions/49c1b4d449195133bc6e47616c437a379510d17bde2e4209b8d3cb8f2c615f20/tracks/new HTTP/1.1" 200 -
06:25:53 CF PUT /sessions/5b6b72adaaa437ae57cd5df71b4ee562c9ff690dfa5ad5d607a87308c5ad1427/renegotiate -> 200 (155 ms)
06:25:53 "PUT /cf/sessions/5b6b72adaaa437ae57cd5df71b4ee562c9ff690dfa5ad5d607a87308c5ad1427/renegotiate HTTP/1.1" 200 -
06:25:53 "POST /collect HTTP/1.1" 200 -
06:25:53 CF PUT /sessions/49c1b4d449195133bc6e47616c437a379510d17bde2e4209b8d3cb8f2c615f20/renegotiate -> 200 (152 ms)
06:25:53 "PUT /cf/sessions/49c1b4d449195133bc6e47616c437a379510d17bde2e4209b8d3cb8f2c615f20/renegotiate HTTP/1.1" 200 -
06:25:53 "POST /collect HTTP/1.1" 200 -
06:25:53 "POST /collect HTTP/1.1" 200 -
06:25:53 "POST /collect HTTP/1.1" 200 -
06:25:53 "POST /collect HTTP/1.1" 200 -
06:25:53 "POST /collect HTTP/1.1" 200 -
06:25:53 "POST /collect HTTP/1.1" 200 -
06:25:53 "POST /collect HTTP/1.1" 200 -
06:25:53 "POST /collect HTTP/1.1" 200 -
06:25:53 "POST /collect HTTP/1.1" 200 -
06:25:53 "POST /collect HTTP/1.1" 200 -
06:25:53 "POST /collect HTTP/1.1" 200 -
06:25:54 CF POST /sessions/5b6b72adaaa437ae57cd5df71b4ee562c9ff690dfa5ad5d607a87308c5ad1427/tracks/new -> 200 (259 ms)
06:25:54 "POST /cf/sessions/5b6b72adaaa437ae57cd5df71b4ee562c9ff690dfa5ad5d607a87308c5ad1427/tracks/new HTTP/1.1" 200 -
06:25:54 "POST /collect HTTP/1.1" 200 -
06:25:54 CF POST /sessions/49c1b4d449195133bc6e47616c437a379510d17bde2e4209b8d3cb8f2c615f20/tracks/new -> 200 (219 ms)
06:25:54 "POST /cf/sessions/49c1b4d449195133bc6e47616c437a379510d17bde2e4209b8d3cb8f2c615f20/tracks/new HTTP/1.1" 200 -
06:25:54 "POST /collect HTTP/1.1" 200 -
06:25:54 "GET /roster HTTP/1.1" 200 -
06:25:54 "POST /collect HTTP/1.1" 200 -
06:25:54 "GET /roster HTTP/1.1" 200 -
06:25:54 "POST /collect HTTP/1.1" 200 -
06:25:54 CF PUT /sessions/5b6b72adaaa437ae57cd5df71b4ee562c9ff690dfa5ad5d607a87308c5ad1427/renegotiate -> 200 (168 ms)
06:25:54 "PUT /cf/sessions/5b6b72adaaa437ae57cd5df71b4ee562c9ff690dfa5ad5d607a87308c5ad1427/renegotiate HTTP/1.1" 200 -
06:25:54 "POST /collect HTTP/1.1" 200 -
06:25:54 CF PUT /sessions/49c1b4d449195133bc6e47616c437a379510d17bde2e4209b8d3cb8f2c615f20/renegotiate -> 200 (165 ms)
06:25:54 "PUT /cf/sessions/49c1b4d449195133bc6e47616c437a379510d17bde2e4209b8d3cb8f2c615f20/renegotiate HTTP/1.1" 200 -
06:25:54 "POST /collect HTTP/1.1" 200 -
06:25:54 CF POST /sessions/49c1b4d449195133bc6e47616c437a379510d17bde2e4209b8d3cb8f2c615f20/tracks/new -> 200 (211 ms)
06:25:54 "POST /cf/sessions/49c1b4d449195133bc6e47616c437a379510d17bde2e4209b8d3cb8f2c615f20/tracks/new HTTP/1.1" 200 -
06:25:54 CF POST /sessions/5b6b72adaaa437ae57cd5df71b4ee562c9ff690dfa5ad5d607a87308c5ad1427/tracks/new -> 200 (278 ms)
06:25:54 "POST /cf/sessions/5b6b72adaaa437ae57cd5df71b4ee562c9ff690dfa5ad5d607a87308c5ad1427/tracks/new HTTP/1.1" 200 -
06:25:54 CF PUT /sessions/5b6b72adaaa437ae57cd5df71b4ee562c9ff690dfa5ad5d607a87308c5ad1427/renegotiate -> 200 (168 ms)
06:25:54 "PUT /cf/sessions/5b6b72adaaa437ae57cd5df71b4ee562c9ff690dfa5ad5d607a87308c5ad1427/renegotiate HTTP/1.1" 200 -
06:25:54 "POST /collect HTTP/1.1" 200 -
06:25:54 CF PUT /sessions/49c1b4d449195133bc6e47616c437a379510d17bde2e4209b8d3cb8f2c615f20/renegotiate -> 200 (194 ms)
06:25:54 "PUT /cf/sessions/49c1b4d449195133bc6e47616c437a379510d17bde2e4209b8d3cb8f2c615f20/renegotiate HTTP/1.1" 200 -
06:25:54 "POST /collect HTTP/1.1" 200 -
06:25:54 CF POST /sessions/5b6b72adaaa437ae57cd5df71b4ee562c9ff690dfa5ad5d607a87308c5ad1427/tracks/new -> 200 (229 ms)
06:25:54 "POST /cf/sessions/5b6b72adaaa437ae57cd5df71b4ee562c9ff690dfa5ad5d607a87308c5ad1427/tracks/new HTTP/1.1" 200 -
06:25:54 "POST /collect HTTP/1.1" 200 -
06:25:54 "POST /collect HTTP/1.1" 200 -
06:25:54 "POST /collect HTTP/1.1" 200 -
06:25:54 "POST /collect HTTP/1.1" 200 -
06:25:54 CF POST /sessions/49c1b4d449195133bc6e47616c437a379510d17bde2e4209b8d3cb8f2c615f20/tracks/new -> 200 (234 ms)
06:25:54 "POST /cf/sessions/49c1b4d449195133bc6e47616c437a379510d17bde2e4209b8d3cb8f2c615f20/tracks/new HTTP/1.1" 200 -
06:25:54 "POST /collect HTTP/1.1" 200 -
06:25:54 "POST /collect HTTP/1.1" 200 -
06:25:54 "POST /collect HTTP/1.1" 200 -
06:25:54 "POST /collect HTTP/1.1" 200 -
06:25:54 "POST /collect HTTP/1.1" 200 -
06:25:54 "POST /collect HTTP/1.1" 200 -
06:25:55 "POST /collect HTTP/1.1" 200 -
06:25:55 "POST /collect HTTP/1.1" 200 -
06:25:55 "POST /collect HTTP/1.1" 200 -
06:25:55 "POST /collect HTTP/1.1" 200 -
06:25:55 "POST /collect HTTP/1.1" 200 -
06:25:55 "POST /collect HTTP/1.1" 200 -
06:25:55 "POST /collect HTTP/1.1" 200 -
06:25:55 CF PUT /sessions/5b6b72adaaa437ae57cd5df71b4ee562c9ff690dfa5ad5d607a87308c5ad1427/renegotiate -> 200 (205 ms)
06:25:55 "PUT /cf/sessions/5b6b72adaaa437ae57cd5df71b4ee562c9ff690dfa5ad5d607a87308c5ad1427/renegotiate HTTP/1.1" 200 -
06:25:55 "POST /collect HTTP/1.1" 200 -
06:25:55 CF PUT /sessions/49c1b4d449195133bc6e47616c437a379510d17bde2e4209b8d3cb8f2c615f20/renegotiate -> 200 (174 ms)
06:25:55 "PUT /cf/sessions/49c1b4d449195133bc6e47616c437a379510d17bde2e4209b8d3cb8f2c615f20/renegotiate HTTP/1.1" 200 -
06:25:55 "POST /collect HTTP/1.1" 200 -
06:25:55 "POST /collect HTTP/1.1" 200 -
06:25:55 "POST /collect HTTP/1.1" 200 -
06:25:55 "POST /collect HTTP/1.1" 200 -
06:25:55 "POST /collect HTTP/1.1" 200 -
06:25:55 "POST /collect HTTP/1.1" 200 -
06:25:55 "POST /collect HTTP/1.1" 200 -
06:25:55 CF POST /sessions/49c1b4d449195133bc6e47616c437a379510d17bde2e4209b8d3cb8f2c615f20/tracks/new -> 200 (207 ms)
06:25:55 "POST /cf/sessions/49c1b4d449195133bc6e47616c437a379510d17bde2e4209b8d3cb8f2c615f20/tracks/new HTTP/1.1" 200 -
06:25:55 CF POST /sessions/5b6b72adaaa437ae57cd5df71b4ee562c9ff690dfa5ad5d607a87308c5ad1427/tracks/new -> 200 (253 ms)
06:25:55 "POST /cf/sessions/5b6b72adaaa437ae57cd5df71b4ee562c9ff690dfa5ad5d607a87308c5ad1427/tracks/new HTTP/1.1" 200 -
06:25:55 CF PUT /sessions/49c1b4d449195133bc6e47616c437a379510d17bde2e4209b8d3cb8f2c615f20/renegotiate -> 200 (173 ms)
06:25:55 "PUT /cf/sessions/49c1b4d449195133bc6e47616c437a379510d17bde2e4209b8d3cb8f2c615f20/renegotiate HTTP/1.1" 200 -
06:25:55 "POST /collect HTTP/1.1" 200 -
06:25:55 CF PUT /sessions/5b6b72adaaa437ae57cd5df71b4ee562c9ff690dfa5ad5d607a87308c5ad1427/renegotiate -> 200 (183 ms)
06:25:55 "PUT /cf/sessions/5b6b72adaaa437ae57cd5df71b4ee562c9ff690dfa5ad5d607a87308c5ad1427/renegotiate HTTP/1.1" 200 -
06:25:55 "POST /collect HTTP/1.1" 200 -
06:25:55 CF POST /sessions/49c1b4d449195133bc6e47616c437a379510d17bde2e4209b8d3cb8f2c615f20/tracks/new -> 200 (197 ms)
06:25:55 "POST /cf/sessions/49c1b4d449195133bc6e47616c437a379510d17bde2e4209b8d3cb8f2c615f20/tracks/new HTTP/1.1" 200 -
06:25:55 CF POST /sessions/5b6b72adaaa437ae57cd5df71b4ee562c9ff690dfa5ad5d607a87308c5ad1427/tracks/new -> 200 (158 ms)
06:25:55 "POST /cf/sessions/5b6b72adaaa437ae57cd5df71b4ee562c9ff690dfa5ad5d607a87308c5ad1427/tracks/new HTTP/1.1" 200 -
06:25:55 "POST /collect HTTP/1.1" 200 -
06:25:55 "POST /collect HTTP/1.1" 200 -
06:25:55 CF PUT /sessions/49c1b4d449195133bc6e47616c437a379510d17bde2e4209b8d3cb8f2c615f20/renegotiate -> 200 (194 ms)
06:25:55 "PUT /cf/sessions/49c1b4d449195133bc6e47616c437a379510d17bde2e4209b8d3cb8f2c615f20/renegotiate HTTP/1.1" 200 -
06:25:55 "POST /collect HTTP/1.1" 200 -
06:25:55 "POST /collect HTTP/1.1" 200 -
06:25:55 "POST /collect HTTP/1.1" 200 -
06:25:55 CF PUT /sessions/5b6b72adaaa437ae57cd5df71b4ee562c9ff690dfa5ad5d607a87308c5ad1427/renegotiate -> 200 (203 ms)
06:25:55 "PUT /cf/sessions/5b6b72adaaa437ae57cd5df71b4ee562c9ff690dfa5ad5d607a87308c5ad1427/renegotiate HTTP/1.1" 200 -
06:25:55 "POST /collect HTTP/1.1" 200 -
06:25:56 "POST /collect HTTP/1.1" 200 -
06:25:56 "POST /collect HTTP/1.1" 200 -
06:25:56 "POST /collect HTTP/1.1" 200 -
06:25:56 "POST /collect HTTP/1.1" 200 -
06:25:56 "POST /collect HTTP/1.1" 200 -
06:25:56 "POST /collect HTTP/1.1" 200 -
06:25:56 "GET /roster HTTP/1.1" 200 -
06:25:56 "POST /collect HTTP/1.1" 200 -
06:25:56 "GET /roster HTTP/1.1" 200 -
06:25:56 "POST /collect HTTP/1.1" 200 -
06:25:56 CF POST /sessions/49c1b4d449195133bc6e47616c437a379510d17bde2e4209b8d3cb8f2c615f20/tracks/new -> 200 (280 ms)
06:25:56 "POST /cf/sessions/49c1b4d449195133bc6e47616c437a379510d17bde2e4209b8d3cb8f2c615f20/tracks/new HTTP/1.1" 200 -
06:25:56 CF POST /sessions/5b6b72adaaa437ae57cd5df71b4ee562c9ff690dfa5ad5d607a87308c5ad1427/tracks/new -> 200 (258 ms)
06:25:56 "POST /cf/sessions/5b6b72adaaa437ae57cd5df71b4ee562c9ff690dfa5ad5d607a87308c5ad1427/tracks/new HTTP/1.1" 200 -
06:25:56 CF PUT /sessions/49c1b4d449195133bc6e47616c437a379510d17bde2e4209b8d3cb8f2c615f20/renegotiate -> 200 (161 ms)
06:25:56 "PUT /cf/sessions/49c1b4d449195133bc6e47616c437a379510d17bde2e4209b8d3cb8f2c615f20/renegotiate HTTP/1.1" 200 -
06:25:56 "POST /collect HTTP/1.1" 200 -
06:25:56 CF PUT /sessions/5b6b72adaaa437ae57cd5df71b4ee562c9ff690dfa5ad5d607a87308c5ad1427/renegotiate -> 200 (194 ms)
06:25:56 "PUT /cf/sessions/5b6b72adaaa437ae57cd5df71b4ee562c9ff690dfa5ad5d607a87308c5ad1427/renegotiate HTTP/1.1" 200 -
06:25:56 "POST /collect HTTP/1.1" 200 -
06:25:56 CF POST /sessions/49c1b4d449195133bc6e47616c437a379510d17bde2e4209b8d3cb8f2c615f20/tracks/new -> 200 (269 ms)
06:25:56 "POST /cf/sessions/49c1b4d449195133bc6e47616c437a379510d17bde2e4209b8d3cb8f2c615f20/tracks/new HTTP/1.1" 200 -
06:25:56 CF POST /sessions/5b6b72adaaa437ae57cd5df71b4ee562c9ff690dfa5ad5d607a87308c5ad1427/tracks/new -> 200 (236 ms)
06:25:56 "POST /cf/sessions/5b6b72adaaa437ae57cd5df71b4ee562c9ff690dfa5ad5d607a87308c5ad1427/tracks/new HTTP/1.1" 200 -
06:25:56 CF PUT /sessions/49c1b4d449195133bc6e47616c437a379510d17bde2e4209b8d3cb8f2c615f20/renegotiate -> 200 (177 ms)
06:25:56 "PUT /cf/sessions/49c1b4d449195133bc6e47616c437a379510d17bde2e4209b8d3cb8f2c615f20/renegotiate HTTP/1.1" 200 -
06:25:56 "POST /collect HTTP/1.1" 200 -
06:25:56 CF PUT /sessions/5b6b72adaaa437ae57cd5df71b4ee562c9ff690dfa5ad5d607a87308c5ad1427/renegotiate -> 200 (201 ms)
06:25:56 "PUT /cf/sessions/5b6b72adaaa437ae57cd5df71b4ee562c9ff690dfa5ad5d607a87308c5ad1427/renegotiate HTTP/1.1" 200 -
06:25:56 "POST /collect HTTP/1.1" 200 -
06:25:56 "POST /collect HTTP/1.1" 200 -
06:25:56 "POST /collect HTTP/1.1" 200 -
06:25:56 "POST /collect HTTP/1.1" 200 -
06:25:56 "POST /collect HTTP/1.1" 200 -
06:25:56 "POST /collect HTTP/1.1" 200 -
06:25:56 "POST /collect HTTP/1.1" 200 -
06:25:56 "POST /collect HTTP/1.1" 200 -
06:25:56 "POST /collect HTTP/1.1" 200 -
06:25:56 "POST /collect HTTP/1.1" 200 -
06:25:56 "POST /collect HTTP/1.1" 200 -
06:25:57 "POST /collect HTTP/1.1" 200 -
06:25:57 "POST /collect HTTP/1.1" 200 -
06:25:57 CF POST /sessions/5b6b72adaaa437ae57cd5df71b4ee562c9ff690dfa5ad5d607a87308c5ad1427/tracks/new -> 200 (198 ms)
06:25:57 "POST /cf/sessions/5b6b72adaaa437ae57cd5df71b4ee562c9ff690dfa5ad5d607a87308c5ad1427/tracks/new HTTP/1.1" 200 -
06:25:57 CF POST /sessions/49c1b4d449195133bc6e47616c437a379510d17bde2e4209b8d3cb8f2c615f20/tracks/new -> 200 (283 ms)
06:25:57 "POST /cf/sessions/49c1b4d449195133bc6e47616c437a379510d17bde2e4209b8d3cb8f2c615f20/tracks/new HTTP/1.1" 200 -
06:25:57 CF PUT /sessions/5b6b72adaaa437ae57cd5df71b4ee562c9ff690dfa5ad5d607a87308c5ad1427/renegotiate -> 200 (174 ms)
06:25:57 "PUT /cf/sessions/5b6b72adaaa437ae57cd5df71b4ee562c9ff690dfa5ad5d607a87308c5ad1427/renegotiate HTTP/1.1" 200 -
06:25:57 "POST /collect HTTP/1.1" 200 -
06:25:57 CF PUT /sessions/49c1b4d449195133bc6e47616c437a379510d17bde2e4209b8d3cb8f2c615f20/renegotiate -> 200 (170 ms)
06:25:57 "PUT /cf/sessions/49c1b4d449195133bc6e47616c437a379510d17bde2e4209b8d3cb8f2c615f20/renegotiate HTTP/1.1" 200 -
06:25:57 "POST /collect HTTP/1.1" 200 -
06:25:57 CF POST /sessions/5b6b72adaaa437ae57cd5df71b4ee562c9ff690dfa5ad5d607a87308c5ad1427/tracks/new -> 200 (245 ms)
06:25:57 "POST /cf/sessions/5b6b72adaaa437ae57cd5df71b4ee562c9ff690dfa5ad5d607a87308c5ad1427/tracks/new HTTP/1.1" 200 -
06:25:57 CF POST /sessions/49c1b4d449195133bc6e47616c437a379510d17bde2e4209b8d3cb8f2c615f20/tracks/new -> 200 (219 ms)
06:25:57 "POST /cf/sessions/49c1b4d449195133bc6e47616c437a379510d17bde2e4209b8d3cb8f2c615f20/tracks/new HTTP/1.1" 200 -
06:25:57 CF PUT /sessions/49c1b4d449195133bc6e47616c437a379510d17bde2e4209b8d3cb8f2c615f20/renegotiate -> 200 (192 ms)
06:25:57 "PUT /cf/sessions/49c1b4d449195133bc6e47616c437a379510d17bde2e4209b8d3cb8f2c615f20/renegotiate HTTP/1.1" 200 -
06:25:57 CF PUT /sessions/5b6b72adaaa437ae57cd5df71b4ee562c9ff690dfa5ad5d607a87308c5ad1427/renegotiate -> 200 (198 ms)
06:25:57 "PUT /cf/sessions/5b6b72adaaa437ae57cd5df71b4ee562c9ff690dfa5ad5d607a87308c5ad1427/renegotiate HTTP/1.1" 200 -
06:25:57 "POST /collect HTTP/1.1" 200 -
06:25:57 "POST /collect HTTP/1.1" 200 -
06:25:57 "POST /collect HTTP/1.1" 200 -
06:25:57 "POST /collect HTTP/1.1" 200 -
06:25:57 "POST /collect HTTP/1.1" 200 -
06:25:57 "POST /collect HTTP/1.1" 200 -
06:25:57 "POST /collect HTTP/1.1" 200 -
06:25:57 "POST /collect HTTP/1.1" 200 -
06:25:57 "POST /collect HTTP/1.1" 200 -
06:25:57 "POST /collect HTTP/1.1" 200 -
06:25:57 "POST /collect HTTP/1.1" 200 -
06:25:57 "POST /collect HTTP/1.1" 200 -
06:25:58 "POST /collect HTTP/1.1" 200 -
06:25:58 "POST /collect HTTP/1.1" 200 -
06:25:58 "POST /collect HTTP/1.1" 200 -
06:25:58 "POST /collect HTTP/1.1" 200 -
06:25:58 "POST /collect HTTP/1.1" 200 -
06:25:58 "POST /collect HTTP/1.1" 200 -
06:25:58 "POST /collect HTTP/1.1" 200 -
06:25:58 CF POST /sessions/5b6b72adaaa437ae57cd5df71b4ee562c9ff690dfa5ad5d607a87308c5ad1427/tracks/new -> 200 (235 ms)
06:25:58 CF POST /sessions/49c1b4d449195133bc6e47616c437a379510d17bde2e4209b8d3cb8f2c615f20/tracks/new -> 200 (237 ms)
06:25:58 "POST /cf/sessions/5b6b72adaaa437ae57cd5df71b4ee562c9ff690dfa5ad5d607a87308c5ad1427/tracks/new HTTP/1.1" 200 -
06:25:58 "POST /cf/sessions/49c1b4d449195133bc6e47616c437a379510d17bde2e4209b8d3cb8f2c615f20/tracks/new HTTP/1.1" 200 -
06:25:58 "POST /collect HTTP/1.1" 200 -
06:25:58 "POST /collect HTTP/1.1" 200 -
06:25:58 "POST /collect HTTP/1.1" 200 -
06:25:58 "POST /collect HTTP/1.1" 200 -
06:25:58 "GET /roster HTTP/1.1" 200 -
06:25:58 "POST /collect HTTP/1.1" 200 -
06:25:58 "GET /roster HTTP/1.1" 200 -
06:25:58 "POST /collect HTTP/1.1" 200 -
06:25:58 "POST /collect HTTP/1.1" 200 -
06:25:58 "POST /collect HTTP/1.1" 200 -
06:25:58 CF PUT /sessions/5b6b72adaaa437ae57cd5df71b4ee562c9ff690dfa5ad5d607a87308c5ad1427/renegotiate -> 200 (168 ms)
06:25:58 "PUT /cf/sessions/5b6b72adaaa437ae57cd5df71b4ee562c9ff690dfa5ad5d607a87308c5ad1427/renegotiate HTTP/1.1" 200 -
06:25:58 "POST /collect HTTP/1.1" 200 -
06:25:58 CF PUT /sessions/49c1b4d449195133bc6e47616c437a379510d17bde2e4209b8d3cb8f2c615f20/renegotiate -> 200 (193 ms)
06:25:58 "PUT /cf/sessions/49c1b4d449195133bc6e47616c437a379510d17bde2e4209b8d3cb8f2c615f20/renegotiate HTTP/1.1" 200 -
06:25:58 "POST /collect HTTP/1.1" 200 -
06:25:58 "POST /collect HTTP/1.1" 200 -
06:25:58 CF POST /sessions/49c1b4d449195133bc6e47616c437a379510d17bde2e4209b8d3cb8f2c615f20/tracks/new -> 200 (173 ms)
06:25:58 "POST /cf/sessions/49c1b4d449195133bc6e47616c437a379510d17bde2e4209b8d3cb8f2c615f20/tracks/new HTTP/1.1" 200 -
06:25:58 CF POST /sessions/5b6b72adaaa437ae57cd5df71b4ee562c9ff690dfa5ad5d607a87308c5ad1427/tracks/new -> 200 (224 ms)
06:25:58 "POST /cf/sessions/5b6b72adaaa437ae57cd5df71b4ee562c9ff690dfa5ad5d607a87308c5ad1427/tracks/new HTTP/1.1" 200 -
06:25:58 CF PUT /sessions/5b6b72adaaa437ae57cd5df71b4ee562c9ff690dfa5ad5d607a87308c5ad1427/renegotiate -> 200 (192 ms)
06:25:58 "PUT /cf/sessions/5b6b72adaaa437ae57cd5df71b4ee562c9ff690dfa5ad5d607a87308c5ad1427/renegotiate HTTP/1.1" 200 -
06:25:58 CF PUT /sessions/49c1b4d449195133bc6e47616c437a379510d17bde2e4209b8d3cb8f2c615f20/renegotiate -> 200 (183 ms)
06:25:58 "PUT /cf/sessions/49c1b4d449195133bc6e47616c437a379510d17bde2e4209b8d3cb8f2c615f20/renegotiate HTTP/1.1" 200 -
06:25:58 "POST /collect HTTP/1.1" 200 -
06:25:58 "POST /collect HTTP/1.1" 200 -
06:25:58 "POST /collect HTTP/1.1" 200 -
06:25:58 "POST /collect HTTP/1.1" 200 -
06:25:58 "POST /collect HTTP/1.1" 200 -
06:25:58 "POST /collect HTTP/1.1" 200 -
06:25:59 "POST /collect HTTP/1.1" 200 -
06:25:59 "POST /collect HTTP/1.1" 200 -
06:25:59 "POST /collect HTTP/1.1" 200 -
06:25:59 "POST /collect HTTP/1.1" 200 -
06:25:59 CF POST /sessions/49c1b4d449195133bc6e47616c437a379510d17bde2e4209b8d3cb8f2c615f20/tracks/new -> 200 (254 ms)
06:25:59 "POST /cf/sessions/49c1b4d449195133bc6e47616c437a379510d17bde2e4209b8d3cb8f2c615f20/tracks/new HTTP/1.1" 200 -
06:25:59 CF POST /sessions/5b6b72adaaa437ae57cd5df71b4ee562c9ff690dfa5ad5d607a87308c5ad1427/tracks/new -> 200 (258 ms)
06:25:59 "POST /cf/sessions/5b6b72adaaa437ae57cd5df71b4ee562c9ff690dfa5ad5d607a87308c5ad1427/tracks/new HTTP/1.1" 200 -
06:25:59 "POST /collect HTTP/1.1" 200 -
06:25:59 "POST /collect HTTP/1.1" 200 -
06:25:59 CF PUT /sessions/49c1b4d449195133bc6e47616c437a379510d17bde2e4209b8d3cb8f2c615f20/renegotiate -> 200 (184 ms)
06:25:59 "PUT /cf/sessions/49c1b4d449195133bc6e47616c437a379510d17bde2e4209b8d3cb8f2c615f20/renegotiate HTTP/1.1" 200 -
06:25:59 "POST /collect HTTP/1.1" 200 -
06:25:59 CF PUT /sessions/5b6b72adaaa437ae57cd5df71b4ee562c9ff690dfa5ad5d607a87308c5ad1427/renegotiate -> 200 (198 ms)
06:25:59 "PUT /cf/sessions/5b6b72adaaa437ae57cd5df71b4ee562c9ff690dfa5ad5d607a87308c5ad1427/renegotiate HTTP/1.1" 200 -
06:25:59 "POST /collect HTTP/1.1" 200 -
06:25:59 "POST /join HTTP/1.1" 200 -
06:25:59 "POST /collect HTTP/1.1" 200 -
06:25:59 CF POST /sessions/49c1b4d449195133bc6e47616c437a379510d17bde2e4209b8d3cb8f2c615f20/tracks/new -> 200 (299 ms)
06:25:59 "POST /cf/sessions/49c1b4d449195133bc6e47616c437a379510d17bde2e4209b8d3cb8f2c615f20/tracks/new HTTP/1.1" 200 -
06:25:59 CF POST /sessions/5b6b72adaaa437ae57cd5df71b4ee562c9ff690dfa5ad5d607a87308c5ad1427/tracks/new -> 200 (275 ms)
06:25:59 "POST /cf/sessions/5b6b72adaaa437ae57cd5df71b4ee562c9ff690dfa5ad5d607a87308c5ad1427/tracks/new HTTP/1.1" 200 -
06:25:59 CF PUT /sessions/49c1b4d449195133bc6e47616c437a379510d17bde2e4209b8d3cb8f2c615f20/renegotiate -> 200 (180 ms)
06:25:59 "PUT /cf/sessions/49c1b4d449195133bc6e47616c437a379510d17bde2e4209b8d3cb8f2c615f20/renegotiate HTTP/1.1" 200 -
06:25:59 CF PUT /sessions/5b6b72adaaa437ae57cd5df71b4ee562c9ff690dfa5ad5d607a87308c5ad1427/renegotiate -> 200 (201 ms)
06:25:59 "PUT /cf/sessions/5b6b72adaaa437ae57cd5df71b4ee562c9ff690dfa5ad5d607a87308c5ad1427/renegotiate HTTP/1.1" 200 -
06:25:59 "POST /collect HTTP/1.1" 200 -
06:25:59 "POST /collect HTTP/1.1" 200 -
06:25:59 "POST /collect HTTP/1.1" 200 -
06:25:59 "POST /collect HTTP/1.1" 200 -
06:25:59 "POST /collect HTTP/1.1" 200 -
06:25:59 "POST /collect HTTP/1.1" 200 -
06:25:59 "POST /collect HTTP/1.1" 200 -
06:25:59 "POST /collect HTTP/1.1" 200 -
06:25:59 "POST /collect HTTP/1.1" 200 -
06:25:59 "POST /collect HTTP/1.1" 200 -
06:25:59 "POST /collect HTTP/1.1" 200 -
06:25:59 "POST /collect HTTP/1.1" 200 -
06:26:00 "POST /collect HTTP/1.1" 200 -
06:26:00 CF POST /sessions/49c1b4d449195133bc6e47616c437a379510d17bde2e4209b8d3cb8f2c615f20/tracks/new -> 200 (183 ms)
06:26:00 "POST /cf/sessions/49c1b4d449195133bc6e47616c437a379510d17bde2e4209b8d3cb8f2c615f20/tracks/new HTTP/1.1" 200 -
06:26:00 "POST /collect HTTP/1.1" 200 -
06:26:00 "GET /roster HTTP/1.1" 200 -
06:26:00 "POST /collect HTTP/1.1" 200 -
06:26:00 "GET /roster HTTP/1.1" 200 -
06:26:00 CF POST /sessions/5b6b72adaaa437ae57cd5df71b4ee562c9ff690dfa5ad5d607a87308c5ad1427/tracks/new -> 200 (270 ms)
06:26:00 "POST /cf/sessions/5b6b72adaaa437ae57cd5df71b4ee562c9ff690dfa5ad5d607a87308c5ad1427/tracks/new HTTP/1.1" 200 -
06:26:00 "POST /collect HTTP/1.1" 200 -
06:26:00 CF PUT /sessions/49c1b4d449195133bc6e47616c437a379510d17bde2e4209b8d3cb8f2c615f20/renegotiate -> 200 (222 ms)
06:26:00 "PUT /cf/sessions/49c1b4d449195133bc6e47616c437a379510d17bde2e4209b8d3cb8f2c615f20/renegotiate HTTP/1.1" 200 -
06:26:00 "POST /collect HTTP/1.1" 200 -
06:26:00 CF PUT /sessions/5b6b72adaaa437ae57cd5df71b4ee562c9ff690dfa5ad5d607a87308c5ad1427/renegotiate -> 200 (214 ms)
06:26:00 "PUT /cf/sessions/5b6b72adaaa437ae57cd5df71b4ee562c9ff690dfa5ad5d607a87308c5ad1427/renegotiate HTTP/1.1" 200 -
06:26:00 "POST /collect HTTP/1.1" 200 -
06:26:00 CF POST /sessions/5b6b72adaaa437ae57cd5df71b4ee562c9ff690dfa5ad5d607a87308c5ad1427/tracks/new -> 200 (168 ms)
06:26:00 "POST /cf/sessions/5b6b72adaaa437ae57cd5df71b4ee562c9ff690dfa5ad5d607a87308c5ad1427/tracks/new HTTP/1.1" 200 -
06:26:00 CF POST /sessions/49c1b4d449195133bc6e47616c437a379510d17bde2e4209b8d3cb8f2c615f20/tracks/new -> 200 (239 ms)
06:26:00 "POST /cf/sessions/49c1b4d449195133bc6e47616c437a379510d17bde2e4209b8d3cb8f2c615f20/tracks/new HTTP/1.1" 200 -
06:26:00 CF PUT /sessions/49c1b4d449195133bc6e47616c437a379510d17bde2e4209b8d3cb8f2c615f20/renegotiate -> 200 (196 ms)
06:26:00 "PUT /cf/sessions/49c1b4d449195133bc6e47616c437a379510d17bde2e4209b8d3cb8f2c615f20/renegotiate HTTP/1.1" 200 -
06:26:00 "POST /collect HTTP/1.1" 200 -
06:26:00 "POST /collect HTTP/1.1" 200 -
06:26:00 "POST /collect HTTP/1.1" 200 -
06:26:00 "POST /collect HTTP/1.1" 200 -
06:26:00 "POST /collect HTTP/1.1" 200 -
06:26:00 "POST /collect HTTP/1.1" 200 -
06:26:00 CF PUT /sessions/5b6b72adaaa437ae57cd5df71b4ee562c9ff690dfa5ad5d607a87308c5ad1427/renegotiate -> 200 (223 ms)
06:26:00 "PUT /cf/sessions/5b6b72adaaa437ae57cd5df71b4ee562c9ff690dfa5ad5d607a87308c5ad1427/renegotiate HTTP/1.1" 200 -
06:26:00 "POST /collect HTTP/1.1" 200 -
06:26:00 "POST /collect HTTP/1.1" 200 -
06:26:00 "POST /collect HTTP/1.1" 200 -
06:26:00 "POST /collect HTTP/1.1" 200 -
06:26:00 "POST /collect HTTP/1.1" 200 -
06:26:00 "POST /collect HTTP/1.1" 200 -
06:26:01 "POST /collect HTTP/1.1" 200 -
06:26:01 "POST /collect HTTP/1.1" 200 -
06:26:01 "POST /collect HTTP/1.1" 200 -
06:26:01 "POST /collect HTTP/1.1" 200 -
06:26:01 "POST /collect HTTP/1.1" 200 -
06:26:01 "POST /collect HTTP/1.1" 200 -
06:26:01 "POST /collect HTTP/1.1" 200 -
06:26:01 "POST /collect HTTP/1.1" 200 -
06:26:01 "POST /collect HTTP/1.1" 200 -
06:26:01 "POST /collect HTTP/1.1" 200 -
06:26:01 CF POST /sessions/49c1b4d449195133bc6e47616c437a379510d17bde2e4209b8d3cb8f2c615f20/tracks/new -> 200 (253 ms)
06:26:01 "POST /cf/sessions/49c1b4d449195133bc6e47616c437a379510d17bde2e4209b8d3cb8f2c615f20/tracks/new HTTP/1.1" 200 -
06:26:01 "POST /collect HTTP/1.1" 200 -
06:26:01 "POST /collect HTTP/1.1" 200 -
06:26:01 CF POST /sessions/5b6b72adaaa437ae57cd5df71b4ee562c9ff690dfa5ad5d607a87308c5ad1427/tracks/new -> 200 (235 ms)
06:26:01 "POST /cf/sessions/5b6b72adaaa437ae57cd5df71b4ee562c9ff690dfa5ad5d607a87308c5ad1427/tracks/new HTTP/1.1" 200 -
06:26:01 "POST /collect HTTP/1.1" 200 -
06:26:01 CF PUT /sessions/5b6b72adaaa437ae57cd5df71b4ee562c9ff690dfa5ad5d607a87308c5ad1427/renegotiate -> 200 (206 ms)
06:26:01 "PUT /cf/sessions/5b6b72adaaa437ae57cd5df71b4ee562c9ff690dfa5ad5d607a87308c5ad1427/renegotiate HTTP/1.1" 200 -
06:26:01 "POST /collect HTTP/1.1" 200 -
06:26:01 CF PUT /sessions/49c1b4d449195133bc6e47616c437a379510d17bde2e4209b8d3cb8f2c615f20/renegotiate -> 200 (202 ms)
06:26:01 "PUT /cf/sessions/49c1b4d449195133bc6e47616c437a379510d17bde2e4209b8d3cb8f2c615f20/renegotiate HTTP/1.1" 200 -
06:26:01 "POST /collect HTTP/1.1" 200 -
06:26:01 CF POST /sessions/5b6b72adaaa437ae57cd5df71b4ee562c9ff690dfa5ad5d607a87308c5ad1427/tracks/new -> 200 (251 ms)
06:26:01 "POST /cf/sessions/5b6b72adaaa437ae57cd5df71b4ee562c9ff690dfa5ad5d607a87308c5ad1427/tracks/new HTTP/1.1" 200 -
06:26:01 CF POST /sessions/49c1b4d449195133bc6e47616c437a379510d17bde2e4209b8d3cb8f2c615f20/tracks/new -> 200 (237 ms)
06:26:01 "POST /cf/sessions/49c1b4d449195133bc6e47616c437a379510d17bde2e4209b8d3cb8f2c615f20/tracks/new HTTP/1.1" 200 -
06:26:01 "POST /collect HTTP/1.1" 200 -
06:26:01 "POST /collect HTTP/1.1" 200 -
06:26:01 "POST /collect HTTP/1.1" 200 -
06:26:01 CF PUT /sessions/5b6b72adaaa437ae57cd5df71b4ee562c9ff690dfa5ad5d607a87308c5ad1427/renegotiate -> 200 (217 ms)
06:26:01 "PUT /cf/sessions/5b6b72adaaa437ae57cd5df71b4ee562c9ff690dfa5ad5d607a87308c5ad1427/renegotiate HTTP/1.1" 200 -
06:26:01 "POST /collect HTTP/1.1" 200 -
06:26:01 "POST /collect HTTP/1.1" 200 -
06:26:01 CF PUT /sessions/49c1b4d449195133bc6e47616c437a379510d17bde2e4209b8d3cb8f2c615f20/renegotiate -> 200 (203 ms)
06:26:01 "PUT /cf/sessions/49c1b4d449195133bc6e47616c437a379510d17bde2e4209b8d3cb8f2c615f20/renegotiate HTTP/1.1" 200 -
06:26:01 "POST /collect HTTP/1.1" 200 -
06:26:02 "POST /collect HTTP/1.1" 200 -
06:26:02 "POST /collect HTTP/1.1" 200 -
06:26:02 "POST /collect HTTP/1.1" 200 -
06:26:02 "POST /collect HTTP/1.1" 200 -
06:26:02 "POST /collect HTTP/1.1" 200 -
06:26:02 "POST /collect HTTP/1.1" 200 -
06:26:02 "GET /roster HTTP/1.1" 200 -
06:26:02 "POST /collect HTTP/1.1" 200 -
06:26:02 "GET /roster HTTP/1.1" 200 -
06:26:02 "POST /collect HTTP/1.1" 200 -
06:26:02 CF POST /sessions/5b6b72adaaa437ae57cd5df71b4ee562c9ff690dfa5ad5d607a87308c5ad1427/tracks/new -> 200 (246 ms)
06:26:02 "POST /cf/sessions/5b6b72adaaa437ae57cd5df71b4ee562c9ff690dfa5ad5d607a87308c5ad1427/tracks/new HTTP/1.1" 200 -
06:26:02 CF POST /sessions/49c1b4d449195133bc6e47616c437a379510d17bde2e4209b8d3cb8f2c615f20/tracks/new -> 200 (242 ms)
06:26:02 "POST /cf/sessions/49c1b4d449195133bc6e47616c437a379510d17bde2e4209b8d3cb8f2c615f20/tracks/new HTTP/1.1" 200 -
06:26:02 CF PUT /sessions/5b6b72adaaa437ae57cd5df71b4ee562c9ff690dfa5ad5d607a87308c5ad1427/renegotiate -> 200 (248 ms)
06:26:02 "PUT /cf/sessions/5b6b72adaaa437ae57cd5df71b4ee562c9ff690dfa5ad5d607a87308c5ad1427/renegotiate HTTP/1.1" 200 -
06:26:02 "POST /collect HTTP/1.1" 200 -
06:26:02 CF PUT /sessions/49c1b4d449195133bc6e47616c437a379510d17bde2e4209b8d3cb8f2c615f20/renegotiate -> 200 (207 ms)
06:26:02 "PUT /cf/sessions/49c1b4d449195133bc6e47616c437a379510d17bde2e4209b8d3cb8f2c615f20/renegotiate HTTP/1.1" 200 -
06:26:02 "POST /collect HTTP/1.1" 200 -
06:26:02 "POST /collect HTTP/1.1" 200 -
06:26:02 CF POST /sessions/5b6b72adaaa437ae57cd5df71b4ee562c9ff690dfa5ad5d607a87308c5ad1427/tracks/new -> 200 (195 ms)
06:26:02 "POST /cf/sessions/5b6b72adaaa437ae57cd5df71b4ee562c9ff690dfa5ad5d607a87308c5ad1427/tracks/new HTTP/1.1" 200 -
06:26:02 CF POST /sessions/49c1b4d449195133bc6e47616c437a379510d17bde2e4209b8d3cb8f2c615f20/tracks/new -> 200 (294 ms)
06:26:02 "POST /cf/sessions/49c1b4d449195133bc6e47616c437a379510d17bde2e4209b8d3cb8f2c615f20/tracks/new HTTP/1.1" 200 -
06:26:02 "POST /collect HTTP/1.1" 200 -
06:26:02 "POST /collect HTTP/1.1" 200 -
06:26:02 "POST /collect HTTP/1.1" 200 -
06:26:02 "POST /collect HTTP/1.1" 200 -
06:26:02 "POST /collect HTTP/1.1" 200 -
06:26:02 "POST /collect HTTP/1.1" 200 -
06:26:02 "POST /collect HTTP/1.1" 200 -
06:26:02 "POST /collect HTTP/1.1" 200 -
06:26:02 "POST /collect HTTP/1.1" 200 -
06:26:02 "POST /collect HTTP/1.1" 200 -
06:26:03 "POST /collect HTTP/1.1" 200 -
06:26:03 CF PUT /sessions/5b6b72adaaa437ae57cd5df71b4ee562c9ff690dfa5ad5d607a87308c5ad1427/renegotiate -> 200 (241 ms)
06:26:03 "PUT /cf/sessions/5b6b72adaaa437ae57cd5df71b4ee562c9ff690dfa5ad5d607a87308c5ad1427/renegotiate HTTP/1.1" 200 -
06:26:03 "POST /collect HTTP/1.1" 200 -
06:26:03 "POST /collect HTTP/1.1" 200 -
06:26:03 CF PUT /sessions/49c1b4d449195133bc6e47616c437a379510d17bde2e4209b8d3cb8f2c615f20/renegotiate -> 200 (217 ms)
06:26:03 "PUT /cf/sessions/49c1b4d449195133bc6e47616c437a379510d17bde2e4209b8d3cb8f2c615f20/renegotiate HTTP/1.1" 200 -
06:26:03 "POST /collect HTTP/1.1" 200 -
06:26:03 CF POST /sessions/5b6b72adaaa437ae57cd5df71b4ee562c9ff690dfa5ad5d607a87308c5ad1427/tracks/new -> 200 (279 ms)
06:26:03 "POST /cf/sessions/5b6b72adaaa437ae57cd5df71b4ee562c9ff690dfa5ad5d607a87308c5ad1427/tracks/new HTTP/1.1" 200 -
06:26:03 CF POST /sessions/49c1b4d449195133bc6e47616c437a379510d17bde2e4209b8d3cb8f2c615f20/tracks/new -> 200 (176 ms)
06:26:03 "POST /cf/sessions/49c1b4d449195133bc6e47616c437a379510d17bde2e4209b8d3cb8f2c615f20/tracks/new HTTP/1.1" 200 -
06:26:03 CF PUT /sessions/5b6b72adaaa437ae57cd5df71b4ee562c9ff690dfa5ad5d607a87308c5ad1427/renegotiate -> 200 (217 ms)
06:26:03 "PUT /cf/sessions/5b6b72adaaa437ae57cd5df71b4ee562c9ff690dfa5ad5d607a87308c5ad1427/renegotiate HTTP/1.1" 200 -
06:26:03 "POST /collect HTTP/1.1" 200 -
06:26:03 CF PUT /sessions/49c1b4d449195133bc6e47616c437a379510d17bde2e4209b8d3cb8f2c615f20/renegotiate -> 200 (207 ms)
06:26:03 "PUT /cf/sessions/49c1b4d449195133bc6e47616c437a379510d17bde2e4209b8d3cb8f2c615f20/renegotiate HTTP/1.1" 200 -
06:26:03 "POST /collect HTTP/1.1" 200 -
06:26:03 "POST /collect HTTP/1.1" 200 -
06:26:03 "POST /collect HTTP/1.1" 200 -
06:26:03 "POST /collect HTTP/1.1" 200 -
06:26:03 "POST /collect HTTP/1.1" 200 -
06:26:03 "POST /collect HTTP/1.1" 200 -
06:26:03 "POST /collect HTTP/1.1" 200 -
06:26:03 "POST /collect HTTP/1.1" 200 -
06:26:03 "POST /collect HTTP/1.1" 200 -
06:26:03 "POST /collect HTTP/1.1" 200 -
06:26:03 "POST /collect HTTP/1.1" 200 -
06:26:04 "POST /collect HTTP/1.1" 200 -
06:26:04 CF POST /sessions/49c1b4d449195133bc6e47616c437a379510d17bde2e4209b8d3cb8f2c615f20/tracks/new -> 200 (271 ms)
06:26:04 "POST /cf/sessions/49c1b4d449195133bc6e47616c437a379510d17bde2e4209b8d3cb8f2c615f20/tracks/new HTTP/1.1" 200 -
06:26:04 CF POST /sessions/5b6b72adaaa437ae57cd5df71b4ee562c9ff690dfa5ad5d607a87308c5ad1427/tracks/new -> 200 (339 ms)
06:26:04 "POST /cf/sessions/5b6b72adaaa437ae57cd5df71b4ee562c9ff690dfa5ad5d607a87308c5ad1427/tracks/new HTTP/1.1" 200 -
06:26:04 "POST /collect HTTP/1.1" 200 -
06:26:04 "POST /collect HTTP/1.1" 200 -
06:26:04 "POST /collect HTTP/1.1" 200 -
06:26:04 "POST /collect HTTP/1.1" 200 -
06:26:04 "POST /collect HTTP/1.1" 200 -
06:26:04 "POST /collect HTTP/1.1" 200 -
06:26:04 "POST /collect HTTP/1.1" 200 -
06:26:04 "GET /roster HTTP/1.1" 200 -
06:26:04 "POST /collect HTTP/1.1" 200 -
06:26:04 "POST /collect HTTP/1.1" 200 -
06:26:04 "POST /collect HTTP/1.1" 200 -
06:26:04 "POST /collect HTTP/1.1" 200 -
06:26:04 "POST /collect HTTP/1.1" 200 -
06:26:04 "GET /roster HTTP/1.1" 200 -
06:26:04 "POST /collect HTTP/1.1" 200 -
06:26:04 "POST /collect HTTP/1.1" 200 -
06:26:04 CF PUT /sessions/5b6b72adaaa437ae57cd5df71b4ee562c9ff690dfa5ad5d607a87308c5ad1427/renegotiate -> 200 (225 ms)
06:26:04 "PUT /cf/sessions/5b6b72adaaa437ae57cd5df71b4ee562c9ff690dfa5ad5d607a87308c5ad1427/renegotiate HTTP/1.1" 200 -
06:26:04 "POST /collect HTTP/1.1" 200 -
06:26:04 CF PUT /sessions/49c1b4d449195133bc6e47616c437a379510d17bde2e4209b8d3cb8f2c615f20/renegotiate -> 200 (229 ms)
06:26:04 "PUT /cf/sessions/49c1b4d449195133bc6e47616c437a379510d17bde2e4209b8d3cb8f2c615f20/renegotiate HTTP/1.1" 200 -
06:26:04 "POST /collect HTTP/1.1" 200 -
06:26:04 CF POST /sessions/49c1b4d449195133bc6e47616c437a379510d17bde2e4209b8d3cb8f2c615f20/tracks/new -> 200 (256 ms)
06:26:04 "POST /cf/sessions/49c1b4d449195133bc6e47616c437a379510d17bde2e4209b8d3cb8f2c615f20/tracks/new HTTP/1.1" 200 -
06:26:04 CF POST /sessions/5b6b72adaaa437ae57cd5df71b4ee562c9ff690dfa5ad5d607a87308c5ad1427/tracks/new -> 200 (323 ms)
06:26:04 "POST /cf/sessions/5b6b72adaaa437ae57cd5df71b4ee562c9ff690dfa5ad5d607a87308c5ad1427/tracks/new HTTP/1.1" 200 -
06:26:04 "POST /collect HTTP/1.1" 200 -
06:26:04 "POST /collect HTTP/1.1" 200 -
06:26:04 "POST /collect HTTP/1.1" 200 -
06:26:04 "POST /collect HTTP/1.1" 200 -
06:26:05 "POST /collect HTTP/1.1" 200 -
06:26:05 "POST /collect HTTP/1.1" 200 -
06:26:05 "POST /collect HTTP/1.1" 200 -
06:26:05 "POST /collect HTTP/1.1" 200 -
06:26:05 CF PUT /sessions/49c1b4d449195133bc6e47616c437a379510d17bde2e4209b8d3cb8f2c615f20/renegotiate -> 200 (215 ms)
06:26:05 "PUT /cf/sessions/49c1b4d449195133bc6e47616c437a379510d17bde2e4209b8d3cb8f2c615f20/renegotiate HTTP/1.1" 200 -
06:26:05 "POST /collect HTTP/1.1" 200 -
06:26:05 "POST /collect HTTP/1.1" 200 -
06:26:05 CF PUT /sessions/5b6b72adaaa437ae57cd5df71b4ee562c9ff690dfa5ad5d607a87308c5ad1427/renegotiate -> 200 (250 ms)
06:26:05 "PUT /cf/sessions/5b6b72adaaa437ae57cd5df71b4ee562c9ff690dfa5ad5d607a87308c5ad1427/renegotiate HTTP/1.1" 200 -
06:26:05 "POST /collect HTTP/1.1" 200 -
06:26:05 "POST /collect HTTP/1.1" 200 -
06:26:05 CF POST /sessions/5b6b72adaaa437ae57cd5df71b4ee562c9ff690dfa5ad5d607a87308c5ad1427/tracks/new -> 200 (308 ms)
06:26:05 CF POST /sessions/49c1b4d449195133bc6e47616c437a379510d17bde2e4209b8d3cb8f2c615f20/tracks/new -> 200 (328 ms)
06:26:05 "POST /cf/sessions/5b6b72adaaa437ae57cd5df71b4ee562c9ff690dfa5ad5d607a87308c5ad1427/tracks/new HTTP/1.1" 200 -
06:26:05 "POST /cf/sessions/49c1b4d449195133bc6e47616c437a379510d17bde2e4209b8d3cb8f2c615f20/tracks/new HTTP/1.1" 200 -
06:26:05 "POST /collect HTTP/1.1" 200 -
06:26:05 CF PUT /sessions/5b6b72adaaa437ae57cd5df71b4ee562c9ff690dfa5ad5d607a87308c5ad1427/renegotiate -> 200 (232 ms)
06:26:05 "PUT /cf/sessions/5b6b72adaaa437ae57cd5df71b4ee562c9ff690dfa5ad5d607a87308c5ad1427/renegotiate HTTP/1.1" 200 -
06:26:05 CF PUT /sessions/49c1b4d449195133bc6e47616c437a379510d17bde2e4209b8d3cb8f2c615f20/renegotiate -> 200 (244 ms)
06:26:05 "PUT /cf/sessions/49c1b4d449195133bc6e47616c437a379510d17bde2e4209b8d3cb8f2c615f20/renegotiate HTTP/1.1" 200 -
06:26:05 "POST /collect HTTP/1.1" 200 -
06:26:05 "POST /collect HTTP/1.1" 200 -
06:26:05 "POST /collect HTTP/1.1" 200 -
06:26:05 "POST /collect HTTP/1.1" 200 -
06:26:05 "POST /collect HTTP/1.1" 200 -
06:26:05 "POST /collect HTTP/1.1" 200 -
06:26:05 "POST /collect HTTP/1.1" 200 -
06:26:05 "POST /collect HTTP/1.1" 200 -
06:26:05 "POST /collect HTTP/1.1" 200 -
06:26:05 "POST /collect HTTP/1.1" 200 -
06:26:05 "POST /collect HTTP/1.1" 200 -
06:26:05 "POST /collect HTTP/1.1" 200 -
06:26:06 "POST /collect HTTP/1.1" 200 -
06:26:06 CF POST /sessions/49c1b4d449195133bc6e47616c437a379510d17bde2e4209b8d3cb8f2c615f20/tracks/new -> 200 (260 ms)
06:26:06 "POST /cf/sessions/49c1b4d449195133bc6e47616c437a379510d17bde2e4209b8d3cb8f2c615f20/tracks/new HTTP/1.1" 200 -
06:26:06 "GET /roster HTTP/1.1" 200 -
06:26:06 "POST /collect HTTP/1.1" 200 -
06:26:06 "POST /collect HTTP/1.1" 200 -
06:26:06 CF POST /sessions/5b6b72adaaa437ae57cd5df71b4ee562c9ff690dfa5ad5d607a87308c5ad1427/tracks/new -> 200 (263 ms)
06:26:06 "POST /cf/sessions/5b6b72adaaa437ae57cd5df71b4ee562c9ff690dfa5ad5d607a87308c5ad1427/tracks/new HTTP/1.1" 200 -
06:26:06 "GET /roster HTTP/1.1" 200 -
06:26:06 "POST /collect HTTP/1.1" 200 -
06:26:06 CF PUT /sessions/49c1b4d449195133bc6e47616c437a379510d17bde2e4209b8d3cb8f2c615f20/renegotiate -> 200 (259 ms)
06:26:06 "PUT /cf/sessions/49c1b4d449195133bc6e47616c437a379510d17bde2e4209b8d3cb8f2c615f20/renegotiate HTTP/1.1" 200 -
06:26:06 "POST /collect HTTP/1.1" 200 -
06:26:06 CF PUT /sessions/5b6b72adaaa437ae57cd5df71b4ee562c9ff690dfa5ad5d607a87308c5ad1427/renegotiate -> 200 (268 ms)
06:26:06 "PUT /cf/sessions/5b6b72adaaa437ae57cd5df71b4ee562c9ff690dfa5ad5d607a87308c5ad1427/renegotiate HTTP/1.1" 200 -
06:26:06 "POST /collect HTTP/1.1" 200 -
06:26:06 CF POST /sessions/5b6b72adaaa437ae57cd5df71b4ee562c9ff690dfa5ad5d607a87308c5ad1427/tracks/new -> 200 (204 ms)
06:26:06 "POST /cf/sessions/5b6b72adaaa437ae57cd5df71b4ee562c9ff690dfa5ad5d607a87308c5ad1427/tracks/new HTTP/1.1" 200 -
06:26:06 CF POST /sessions/49c1b4d449195133bc6e47616c437a379510d17bde2e4209b8d3cb8f2c615f20/tracks/new -> 200 (367 ms)
06:26:06 "POST /cf/sessions/49c1b4d449195133bc6e47616c437a379510d17bde2e4209b8d3cb8f2c615f20/tracks/new HTTP/1.1" 200 -
06:26:06 "POST /collect HTTP/1.1" 200 -
06:26:06 "POST /collect HTTP/1.1" 200 -
06:26:06 "POST /collect HTTP/1.1" 200 -
06:26:06 "POST /collect HTTP/1.1" 200 -
06:26:06 "POST /collect HTTP/1.1" 200 -
06:26:06 "POST /collect HTTP/1.1" 200 -
06:26:06 "POST /collect HTTP/1.1" 200 -
06:26:06 "POST /collect HTTP/1.1" 200 -
06:26:06 "POST /collect HTTP/1.1" 200 -
06:26:06 "POST /collect HTTP/1.1" 200 -
06:26:07 "POST /collect HTTP/1.1" 200 -
06:26:07 "POST /collect HTTP/1.1" 200 -
06:26:07 "POST /collect HTTP/1.1" 200 -
06:26:07 "POST /collect HTTP/1.1" 200 -
06:26:07 "POST /collect HTTP/1.1" 200 -
06:26:07 "POST /collect HTTP/1.1" 200 -
06:26:07 "POST /collect HTTP/1.1" 200 -
06:26:07 "POST /collect HTTP/1.1" 200 -
06:26:07 "POST /collect HTTP/1.1" 200 -
06:26:07 "POST /collect HTTP/1.1" 200 -
06:26:07 "POST /collect HTTP/1.1" 200 -
06:26:07 "POST /collect HTTP/1.1" 200 -
06:26:07 "POST /collect HTTP/1.1" 200 -
06:26:07 CF PUT /sessions/5b6b72adaaa437ae57cd5df71b4ee562c9ff690dfa5ad5d607a87308c5ad1427/renegotiate -> 200 (238 ms)
06:26:07 "PUT /cf/sessions/5b6b72adaaa437ae57cd5df71b4ee562c9ff690dfa5ad5d607a87308c5ad1427/renegotiate HTTP/1.1" 200 -
06:26:07 "POST /collect HTTP/1.1" 200 -
06:26:07 CF PUT /sessions/49c1b4d449195133bc6e47616c437a379510d17bde2e4209b8d3cb8f2c615f20/renegotiate -> 200 (206 ms)
06:26:07 "PUT /cf/sessions/49c1b4d449195133bc6e47616c437a379510d17bde2e4209b8d3cb8f2c615f20/renegotiate HTTP/1.1" 200 -
06:26:07 "POST /collect HTTP/1.1" 200 -
06:26:07 CF POST /sessions/5b6b72adaaa437ae57cd5df71b4ee562c9ff690dfa5ad5d607a87308c5ad1427/tracks/new -> 200 (256 ms)
06:26:07 "POST /cf/sessions/5b6b72adaaa437ae57cd5df71b4ee562c9ff690dfa5ad5d607a87308c5ad1427/tracks/new HTTP/1.1" 200 -
06:26:07 CF POST /sessions/49c1b4d449195133bc6e47616c437a379510d17bde2e4209b8d3cb8f2c615f20/tracks/new -> 200 (189 ms)
06:26:07 "POST /cf/sessions/49c1b4d449195133bc6e47616c437a379510d17bde2e4209b8d3cb8f2c615f20/tracks/new HTTP/1.1" 200 -
06:26:07 "POST /collect HTTP/1.1" 200 -
06:26:07 CF PUT /sessions/5b6b72adaaa437ae57cd5df71b4ee562c9ff690dfa5ad5d607a87308c5ad1427/renegotiate -> 200 (222 ms)
06:26:07 "PUT /cf/sessions/5b6b72adaaa437ae57cd5df71b4ee562c9ff690dfa5ad5d607a87308c5ad1427/renegotiate HTTP/1.1" 200 -
06:26:07 "POST /collect HTTP/1.1" 200 -
06:26:07 "POST /collect HTTP/1.1" 200 -
06:26:07 "POST /collect HTTP/1.1" 200 -
06:26:07 "POST /collect HTTP/1.1" 200 -
06:26:07 CF PUT /sessions/49c1b4d449195133bc6e47616c437a379510d17bde2e4209b8d3cb8f2c615f20/renegotiate -> 200 (255 ms)
06:26:07 "PUT /cf/sessions/49c1b4d449195133bc6e47616c437a379510d17bde2e4209b8d3cb8f2c615f20/renegotiate HTTP/1.1" 200 -
06:26:08 "POST /collect HTTP/1.1" 200 -
06:26:08 "POST /collect HTTP/1.1" 200 -
06:26:08 "POST /collect HTTP/1.1" 200 -
06:26:08 "POST /collect HTTP/1.1" 200 -
06:26:08 "POST /collect HTTP/1.1" 200 -
06:26:08 "POST /collect HTTP/1.1" 200 -
06:26:08 "GET /roster HTTP/1.1" 200 -
06:26:08 "POST /collect HTTP/1.1" 200 -
06:26:08 "POST /collect HTTP/1.1" 200 -
06:26:08 CF POST /sessions/5b6b72adaaa437ae57cd5df71b4ee562c9ff690dfa5ad5d607a87308c5ad1427/tracks/new -> 200 (263 ms)
06:26:08 "POST /cf/sessions/5b6b72adaaa437ae57cd5df71b4ee562c9ff690dfa5ad5d607a87308c5ad1427/tracks/new HTTP/1.1" 200 -
06:26:08 "GET /roster HTTP/1.1" 200 -
06:26:08 "POST /collect HTTP/1.1" 200 -
06:26:08 CF POST /sessions/49c1b4d449195133bc6e47616c437a379510d17bde2e4209b8d3cb8f2c615f20/tracks/new -> 200 (226 ms)
06:26:08 "POST /cf/sessions/49c1b4d449195133bc6e47616c437a379510d17bde2e4209b8d3cb8f2c615f20/tracks/new HTTP/1.1" 200 -
06:26:08 "POST /collect HTTP/1.1" 200 -
06:26:08 CF PUT /sessions/5b6b72adaaa437ae57cd5df71b4ee562c9ff690dfa5ad5d607a87308c5ad1427/renegotiate -> 200 (243 ms)
06:26:08 "PUT /cf/sessions/5b6b72adaaa437ae57cd5df71b4ee562c9ff690dfa5ad5d607a87308c5ad1427/renegotiate HTTP/1.1" 200 -
06:26:08 "POST /collect HTTP/1.1" 200 -
06:26:08 CF PUT /sessions/49c1b4d449195133bc6e47616c437a379510d17bde2e4209b8d3cb8f2c615f20/renegotiate -> 200 (219 ms)
06:26:08 "PUT /cf/sessions/49c1b4d449195133bc6e47616c437a379510d17bde2e4209b8d3cb8f2c615f20/renegotiate HTTP/1.1" 200 -
06:26:08 "POST /collect HTTP/1.1" 200 -
06:26:08 CF POST /sessions/5b6b72adaaa437ae57cd5df71b4ee562c9ff690dfa5ad5d607a87308c5ad1427/tracks/new -> 200 (300 ms)
06:26:08 "POST /cf/sessions/5b6b72adaaa437ae57cd5df71b4ee562c9ff690dfa5ad5d607a87308c5ad1427/tracks/new HTTP/1.1" 200 -
06:26:08 "POST /collect HTTP/1.1" 200 -
06:26:08 CF POST /sessions/49c1b4d449195133bc6e47616c437a379510d17bde2e4209b8d3cb8f2c615f20/tracks/new -> 200 (202 ms)
06:26:08 "POST /cf/sessions/49c1b4d449195133bc6e47616c437a379510d17bde2e4209b8d3cb8f2c615f20/tracks/new HTTP/1.1" 200 -
06:26:08 "POST /collect HTTP/1.1" 200 -
06:26:08 "POST /collect HTTP/1.1" 200 -
06:26:08 "POST /collect HTTP/1.1" 200 -
06:26:08 "POST /collect HTTP/1.1" 200 -
06:26:08 "POST /collect HTTP/1.1" 200 -
06:26:08 "POST /collect HTTP/1.1" 200 -
06:26:08 "POST /collect HTTP/1.1" 200 -
06:26:08 "POST /collect HTTP/1.1" 200 -
06:26:08 "POST /collect HTTP/1.1" 200 -
06:26:09 "POST /collect HTTP/1.1" 200 -
06:26:09 "POST /collect HTTP/1.1" 200 -
06:26:09 CF PUT /sessions/49c1b4d449195133bc6e47616c437a379510d17bde2e4209b8d3cb8f2c615f20/renegotiate -> 200 (228 ms)
06:26:09 "PUT /cf/sessions/49c1b4d449195133bc6e47616c437a379510d17bde2e4209b8d3cb8f2c615f20/renegotiate HTTP/1.1" 200 -
06:26:09 CF PUT /sessions/5b6b72adaaa437ae57cd5df71b4ee562c9ff690dfa5ad5d607a87308c5ad1427/renegotiate -> 200 (234 ms)
06:26:09 "PUT /cf/sessions/5b6b72adaaa437ae57cd5df71b4ee562c9ff690dfa5ad5d607a87308c5ad1427/renegotiate HTTP/1.1" 200 -
06:26:09 "POST /collect HTTP/1.1" 200 -
06:26:09 "POST /collect HTTP/1.1" 200 -
06:26:09 CF POST /sessions/49c1b4d449195133bc6e47616c437a379510d17bde2e4209b8d3cb8f2c615f20/tracks/new -> 200 (286 ms)
06:26:09 "POST /cf/sessions/49c1b4d449195133bc6e47616c437a379510d17bde2e4209b8d3cb8f2c615f20/tracks/new HTTP/1.1" 200 -
06:26:09 CF POST /sessions/5b6b72adaaa437ae57cd5df71b4ee562c9ff690dfa5ad5d607a87308c5ad1427/tracks/new -> 200 (295 ms)
06:26:09 "POST /cf/sessions/5b6b72adaaa437ae57cd5df71b4ee562c9ff690dfa5ad5d607a87308c5ad1427/tracks/new HTTP/1.1" 200 -
06:26:09 "POST /collect HTTP/1.1" 200 -
06:26:09 "POST /collect HTTP/1.1" 200 -
06:26:09 "POST /collect HTTP/1.1" 200 -
06:26:09 "POST /collect HTTP/1.1" 200 -
06:26:09 "POST /collect HTTP/1.1" 200 -
06:26:09 "POST /collect HTTP/1.1" 200 -
06:26:09 "POST /collect HTTP/1.1" 200 -
06:26:09 "POST /collect HTTP/1.1" 200 -
06:26:09 "POST /collect HTTP/1.1" 200 -
06:26:09 "POST /collect HTTP/1.1" 200 -
06:26:10 "POST /collect HTTP/1.1" 200 -
06:26:10 "POST /collect HTTP/1.1" 200 -
06:26:10 "POST /collect HTTP/1.1" 200 -
06:26:10 "POST /collect HTTP/1.1" 200 -
06:26:10 "POST /collect HTTP/1.1" 200 -
06:26:10 "POST /collect HTTP/1.1" 200 -
06:26:10 "POST /collect HTTP/1.1" 200 -
06:26:10 "POST /collect HTTP/1.1" 200 -
06:26:10 "POST /collect HTTP/1.1" 200 -
06:26:10 "POST /collect HTTP/1.1" 200 -
06:26:10 "POST /collect HTTP/1.1" 200 -
06:26:10 "POST /collect HTTP/1.1" 200 -
06:26:10 CF PUT /sessions/5b6b72adaaa437ae57cd5df71b4ee562c9ff690dfa5ad5d607a87308c5ad1427/renegotiate -> 200 (237 ms)
06:26:10 CF PUT /sessions/49c1b4d449195133bc6e47616c437a379510d17bde2e4209b8d3cb8f2c615f20/renegotiate -> 200 (238 ms)
06:26:10 "PUT /cf/sessions/5b6b72adaaa437ae57cd5df71b4ee562c9ff690dfa5ad5d607a87308c5ad1427/renegotiate HTTP/1.1" 200 -
06:26:10 "PUT /cf/sessions/49c1b4d449195133bc6e47616c437a379510d17bde2e4209b8d3cb8f2c615f20/renegotiate HTTP/1.1" 200 -
06:26:10 "GET /roster HTTP/1.1" 200 -
06:26:10 "POST /collect HTTP/1.1" 200 -
06:26:10 "GET /roster HTTP/1.1" 200 -
06:26:10 "POST /collect HTTP/1.1" 200 -
06:26:10 "POST /collect HTTP/1.1" 200 -
06:26:10 "POST /collect HTTP/1.1" 200 -
06:26:10 "POST /collect HTTP/1.1" 200 -
06:26:10 CF POST /sessions/49c1b4d449195133bc6e47616c437a379510d17bde2e4209b8d3cb8f2c615f20/tracks/new -> 200 (261 ms)
06:26:10 "POST /cf/sessions/49c1b4d449195133bc6e47616c437a379510d17bde2e4209b8d3cb8f2c615f20/tracks/new HTTP/1.1" 200 -
06:26:10 CF POST /sessions/5b6b72adaaa437ae57cd5df71b4ee562c9ff690dfa5ad5d607a87308c5ad1427/tracks/new -> 200 (258 ms)
06:26:10 "POST /cf/sessions/5b6b72adaaa437ae57cd5df71b4ee562c9ff690dfa5ad5d607a87308c5ad1427/tracks/new HTTP/1.1" 200 -
06:26:10 CF PUT /sessions/5b6b72adaaa437ae57cd5df71b4ee562c9ff690dfa5ad5d607a87308c5ad1427/renegotiate -> 200 (229 ms)
06:26:10 "PUT /cf/sessions/5b6b72adaaa437ae57cd5df71b4ee562c9ff690dfa5ad5d607a87308c5ad1427/renegotiate HTTP/1.1" 200 -
06:26:10 "POST /collect HTTP/1.1" 200 -
06:26:10 CF PUT /sessions/49c1b4d449195133bc6e47616c437a379510d17bde2e4209b8d3cb8f2c615f20/renegotiate -> 200 (216 ms)
06:26:10 "PUT /cf/sessions/49c1b4d449195133bc6e47616c437a379510d17bde2e4209b8d3cb8f2c615f20/renegotiate HTTP/1.1" 200 -
06:26:10 "POST /collect HTTP/1.1" 200 -
06:26:10 "POST /collect HTTP/1.1" 200 -
06:26:10 "POST /collect HTTP/1.1" 200 -
06:26:10 "POST /collect HTTP/1.1" 200 -
06:26:11 "POST /collect HTTP/1.1" 200 -
06:26:11 "POST /collect HTTP/1.1" 200 -
06:26:11 "POST /collect HTTP/1.1" 200 -
06:26:11 "POST /collect HTTP/1.1" 200 -
06:26:11 "POST /collect HTTP/1.1" 200 -
06:26:11 "POST /collect HTTP/1.1" 200 -
06:26:11 "POST /collect HTTP/1.1" 200 -
06:26:11 CF POST /sessions/49c1b4d449195133bc6e47616c437a379510d17bde2e4209b8d3cb8f2c615f20/tracks/new -> 200 (277 ms)
06:26:11 "POST /cf/sessions/49c1b4d449195133bc6e47616c437a379510d17bde2e4209b8d3cb8f2c615f20/tracks/new HTTP/1.1" 200 -
06:26:11 CF POST /sessions/5b6b72adaaa437ae57cd5df71b4ee562c9ff690dfa5ad5d607a87308c5ad1427/tracks/new -> 200 (318 ms)
06:26:11 "POST /cf/sessions/5b6b72adaaa437ae57cd5df71b4ee562c9ff690dfa5ad5d607a87308c5ad1427/tracks/new HTTP/1.1" 200 -
06:26:11 "POST /collect HTTP/1.1" 200 -
06:26:11 CF PUT /sessions/5b6b72adaaa437ae57cd5df71b4ee562c9ff690dfa5ad5d607a87308c5ad1427/renegotiate -> 200 (236 ms)
06:26:11 "PUT /cf/sessions/5b6b72adaaa437ae57cd5df71b4ee562c9ff690dfa5ad5d607a87308c5ad1427/renegotiate HTTP/1.1" 200 -
06:26:11 "POST /collect HTTP/1.1" 200 -
06:26:11 CF PUT /sessions/49c1b4d449195133bc6e47616c437a379510d17bde2e4209b8d3cb8f2c615f20/renegotiate -> 200 (266 ms)
06:26:11 "PUT /cf/sessions/49c1b4d449195133bc6e47616c437a379510d17bde2e4209b8d3cb8f2c615f20/renegotiate HTTP/1.1" 200 -
06:26:11 "POST /collect HTTP/1.1" 200 -
06:26:11 "POST /collect HTTP/1.1" 200 -
06:26:11 "POST /collect HTTP/1.1" 200 -
06:26:11 "POST /collect HTTP/1.1" 200 -
06:26:11 "POST /collect HTTP/1.1" 200 -
06:26:11 "POST /collect HTTP/1.1" 200 -
06:26:11 "POST /collect HTTP/1.1" 200 -
06:26:11 "POST /collect HTTP/1.1" 200 -
06:26:11 "POST /collect HTTP/1.1" 200 -
06:26:11 "POST /collect HTTP/1.1" 200 -
06:26:11 "POST /collect HTTP/1.1" 200 -
06:26:12 CF POST /sessions/5b6b72adaaa437ae57cd5df71b4ee562c9ff690dfa5ad5d607a87308c5ad1427/tracks/new -> 200 (245 ms)
06:26:12 "POST /cf/sessions/5b6b72adaaa437ae57cd5df71b4ee562c9ff690dfa5ad5d607a87308c5ad1427/tracks/new HTTP/1.1" 200 -
06:26:12 "POST /collect HTTP/1.1" 200 -
06:26:12 CF POST /sessions/49c1b4d449195133bc6e47616c437a379510d17bde2e4209b8d3cb8f2c615f20/tracks/new -> 200 (210 ms)
06:26:12 "POST /cf/sessions/49c1b4d449195133bc6e47616c437a379510d17bde2e4209b8d3cb8f2c615f20/tracks/new HTTP/1.1" 200 -
06:26:12 "POST /collect HTTP/1.1" 200 -
06:26:12 "GET /roster HTTP/1.1" 200 -
06:26:12 "GET /roster HTTP/1.1" 200 -
06:26:12 "POST /collect HTTP/1.1" 200 -
06:26:12 "POST /collect HTTP/1.1" 200 -
06:26:12 CF PUT /sessions/5b6b72adaaa437ae57cd5df71b4ee562c9ff690dfa5ad5d607a87308c5ad1427/renegotiate -> 200 (240 ms)
06:26:12 "PUT /cf/sessions/5b6b72adaaa437ae57cd5df71b4ee562c9ff690dfa5ad5d607a87308c5ad1427/renegotiate HTTP/1.1" 200 -
06:26:12 "POST /collect HTTP/1.1" 200 -
06:26:12 CF PUT /sessions/49c1b4d449195133bc6e47616c437a379510d17bde2e4209b8d3cb8f2c615f20/renegotiate -> 200 (216 ms)
06:26:12 "PUT /cf/sessions/49c1b4d449195133bc6e47616c437a379510d17bde2e4209b8d3cb8f2c615f20/renegotiate HTTP/1.1" 200 -
06:26:12 "POST /collect HTTP/1.1" 200 -
06:26:12 CF POST /sessions/49c1b4d449195133bc6e47616c437a379510d17bde2e4209b8d3cb8f2c615f20/tracks/new -> 200 (206 ms)
06:26:12 "POST /cf/sessions/49c1b4d449195133bc6e47616c437a379510d17bde2e4209b8d3cb8f2c615f20/tracks/new HTTP/1.1" 200 -
06:26:12 CF POST /sessions/5b6b72adaaa437ae57cd5df71b4ee562c9ff690dfa5ad5d607a87308c5ad1427/tracks/new -> 200 (259 ms)
06:26:12 "POST /cf/sessions/5b6b72adaaa437ae57cd5df71b4ee562c9ff690dfa5ad5d607a87308c5ad1427/tracks/new HTTP/1.1" 200 -
06:26:12 "POST /collect HTTP/1.1" 200 -
06:26:12 "POST /collect HTTP/1.1" 200 -
06:26:12 "POST /collect HTTP/1.1" 200 -
06:26:12 "POST /collect HTTP/1.1" 200 -
06:26:12 "POST /collect HTTP/1.1" 200 -
06:26:12 "POST /collect HTTP/1.1" 200 -
06:26:12 "POST /collect HTTP/1.1" 200 -
06:26:12 "POST /collect HTTP/1.1" 200 -
06:26:12 "POST /collect HTTP/1.1" 200 -
06:26:12 "POST /collect HTTP/1.1" 200 -
06:26:13 "POST /collect HTTP/1.1" 200 -
06:26:13 "POST /collect HTTP/1.1" 200 -
06:26:13 "POST /collect HTTP/1.1" 200 -
06:26:13 "POST /collect HTTP/1.1" 200 -
06:26:13 "POST /collect HTTP/1.1" 200 -
06:26:13 "POST /collect HTTP/1.1" 200 -
06:26:13 "POST /collect HTTP/1.1" 200 -
06:26:13 "POST /collect HTTP/1.1" 200 -
06:26:13 "POST /collect HTTP/1.1" 200 -
06:26:13 "POST /collect HTTP/1.1" 200 -
06:26:13 "POST /collect HTTP/1.1" 200 -
06:26:13 "POST /collect HTTP/1.1" 200 -
06:26:13 "POST /collect HTTP/1.1" 200 -
06:26:13 CF PUT /sessions/5b6b72adaaa437ae57cd5df71b4ee562c9ff690dfa5ad5d607a87308c5ad1427/renegotiate -> 200 (318 ms)
06:26:13 "PUT /cf/sessions/5b6b72adaaa437ae57cd5df71b4ee562c9ff690dfa5ad5d607a87308c5ad1427/renegotiate HTTP/1.1" 200 -
06:26:13 CF PUT /sessions/49c1b4d449195133bc6e47616c437a379510d17bde2e4209b8d3cb8f2c615f20/renegotiate -> 200 (287 ms)
06:26:13 "PUT /cf/sessions/49c1b4d449195133bc6e47616c437a379510d17bde2e4209b8d3cb8f2c615f20/renegotiate HTTP/1.1" 200 -
06:26:13 "POST /collect HTTP/1.1" 200 -
06:26:13 "POST /collect HTTP/1.1" 200 -
06:26:13 CF POST /sessions/49c1b4d449195133bc6e47616c437a379510d17bde2e4209b8d3cb8f2c615f20/tracks/new -> 200 (235 ms)
06:26:13 "POST /cf/sessions/49c1b4d449195133bc6e47616c437a379510d17bde2e4209b8d3cb8f2c615f20/tracks/new HTTP/1.1" 200 -
06:26:13 CF POST /sessions/5b6b72adaaa437ae57cd5df71b4ee562c9ff690dfa5ad5d607a87308c5ad1427/tracks/new -> 200 (176 ms)
06:26:13 "POST /cf/sessions/5b6b72adaaa437ae57cd5df71b4ee562c9ff690dfa5ad5d607a87308c5ad1427/tracks/new HTTP/1.1" 200 -
06:26:13 "POST /collect HTTP/1.1" 200 -
06:26:13 "POST /collect HTTP/1.1" 200 -
06:26:13 "POST /collect HTTP/1.1" 200 -
06:26:13 "POST /collect HTTP/1.1" 200 -
06:26:14 "POST /collect HTTP/1.1" 200 -
06:26:14 "POST /collect HTTP/1.1" 200 -
06:26:14 "POST /collect HTTP/1.1" 200 -
06:26:14 "POST /collect HTTP/1.1" 200 -
06:26:14 "POST /collect HTTP/1.1" 200 -
06:26:14 CF PUT /sessions/5b6b72adaaa437ae57cd5df71b4ee562c9ff690dfa5ad5d607a87308c5ad1427/renegotiate -> 200 (240 ms)
06:26:14 "PUT /cf/sessions/5b6b72adaaa437ae57cd5df71b4ee562c9ff690dfa5ad5d607a87308c5ad1427/renegotiate HTTP/1.1" 200 -
06:26:14 CF PUT /sessions/49c1b4d449195133bc6e47616c437a379510d17bde2e4209b8d3cb8f2c615f20/renegotiate -> 200 (224 ms)
06:26:14 "PUT /cf/sessions/49c1b4d449195133bc6e47616c437a379510d17bde2e4209b8d3cb8f2c615f20/renegotiate HTTP/1.1" 200 -
06:26:14 "GET /roster HTTP/1.1" 200 -
06:26:14 "POST /collect HTTP/1.1" 200 -
06:26:14 "POST /collect HTTP/1.1" 200 -
06:26:14 "GET /roster HTTP/1.1" 200 -
06:26:14 "POST /collect HTTP/1.1" 200 -
06:26:14 "POST /collect HTTP/1.1" 200 -
06:26:14 "POST /collect HTTP/1.1" 200 -
06:26:14 CF POST /sessions/5b6b72adaaa437ae57cd5df71b4ee562c9ff690dfa5ad5d607a87308c5ad1427/tracks/new -> 200 (176 ms)
06:26:14 "POST /cf/sessions/5b6b72adaaa437ae57cd5df71b4ee562c9ff690dfa5ad5d607a87308c5ad1427/tracks/new HTTP/1.1" 200 -
06:26:14 CF POST /sessions/49c1b4d449195133bc6e47616c437a379510d17bde2e4209b8d3cb8f2c615f20/tracks/new -> 200 (275 ms)
06:26:14 "POST /cf/sessions/49c1b4d449195133bc6e47616c437a379510d17bde2e4209b8d3cb8f2c615f20/tracks/new HTTP/1.1" 200 -
06:26:14 "POST /collect HTTP/1.1" 200 -
06:26:14 CF PUT /sessions/49c1b4d449195133bc6e47616c437a379510d17bde2e4209b8d3cb8f2c615f20/renegotiate -> 200 (237 ms)
06:26:14 "PUT /cf/sessions/49c1b4d449195133bc6e47616c437a379510d17bde2e4209b8d3cb8f2c615f20/renegotiate HTTP/1.1" 200 -
06:26:14 "POST /collect HTTP/1.1" 200 -
06:26:14 "POST /collect HTTP/1.1" 200 -
06:26:14 "POST /collect HTTP/1.1" 200 -
06:26:14 "POST /collect HTTP/1.1" 200 -
06:26:14 "POST /collect HTTP/1.1" 200 -
06:26:14 "POST /collect HTTP/1.1" 200 -
06:26:14 "POST /collect HTTP/1.1" 200 -
06:26:14 "POST /collect HTTP/1.1" 200 -
06:26:14 "POST /collect HTTP/1.1" 200 -
06:26:14 "POST /collect HTTP/1.1" 200 -
06:26:14 "POST /collect HTTP/1.1" 200 -
06:26:14 CF PUT /sessions/5b6b72adaaa437ae57cd5df71b4ee562c9ff690dfa5ad5d607a87308c5ad1427/renegotiate -> 200 (249 ms)
06:26:14 "PUT /cf/sessions/5b6b72adaaa437ae57cd5df71b4ee562c9ff690dfa5ad5d607a87308c5ad1427/renegotiate HTTP/1.1" 200 -
06:26:14 "POST /collect HTTP/1.1" 200 -
06:26:15 "POST /collect HTTP/1.1" 200 -
06:26:15 CF POST /sessions/5b6b72adaaa437ae57cd5df71b4ee562c9ff690dfa5ad5d607a87308c5ad1427/tracks/new -> 200 (207 ms)
06:26:15 CF POST /sessions/49c1b4d449195133bc6e47616c437a379510d17bde2e4209b8d3cb8f2c615f20/tracks/new -> 200 (262 ms)
06:26:15 "POST /cf/sessions/5b6b72adaaa437ae57cd5df71b4ee562c9ff690dfa5ad5d607a87308c5ad1427/tracks/new HTTP/1.1" 200 -
06:26:15 "POST /cf/sessions/49c1b4d449195133bc6e47616c437a379510d17bde2e4209b8d3cb8f2c615f20/tracks/new HTTP/1.1" 200 -
06:26:15 "POST /collect HTTP/1.1" 200 -
06:26:15 CF PUT /sessions/5b6b72adaaa437ae57cd5df71b4ee562c9ff690dfa5ad5d607a87308c5ad1427/renegotiate -> 200 (228 ms)
06:26:15 "PUT /cf/sessions/5b6b72adaaa437ae57cd5df71b4ee562c9ff690dfa5ad5d607a87308c5ad1427/renegotiate HTTP/1.1" 200 -
06:26:15 CF PUT /sessions/49c1b4d449195133bc6e47616c437a379510d17bde2e4209b8d3cb8f2c615f20/renegotiate -> 200 (236 ms)
06:26:15 "PUT /cf/sessions/49c1b4d449195133bc6e47616c437a379510d17bde2e4209b8d3cb8f2c615f20/renegotiate HTTP/1.1" 200 -
06:26:15 "POST /collect HTTP/1.1" 200 -
06:26:15 "POST /collect HTTP/1.1" 200 -
06:26:15 "POST /collect HTTP/1.1" 200 -
06:26:15 "POST /collect HTTP/1.1" 200 -
06:26:15 "POST /collect HTTP/1.1" 200 -
06:26:15 "POST /collect HTTP/1.1" 200 -
06:26:15 "POST /collect HTTP/1.1" 200 -
06:26:15 "POST /collect HTTP/1.1" 200 -
06:26:15 "POST /collect HTTP/1.1" 200 -
06:26:15 "POST /collect HTTP/1.1" 200 -
06:26:15 "POST /collect HTTP/1.1" 200 -
06:26:16 "POST /collect HTTP/1.1" 200 -
06:26:16 "POST /collect HTTP/1.1" 200 -
06:26:16 "POST /collect HTTP/1.1" 200 -
06:26:16 "POST /collect HTTP/1.1" 200 -
06:26:16 "POST /collect HTTP/1.1" 200 -
06:26:16 "POST /collect HTTP/1.1" 200 -
06:26:16 "POST /collect HTTP/1.1" 200 -
06:26:16 "POST /collect HTTP/1.1" 200 -
06:26:16 "POST /collect HTTP/1.1" 200 -
06:26:16 "POST /collect HTTP/1.1" 200 -
06:26:16 "POST /collect HTTP/1.1" 200 -
06:26:16 CF POST /sessions/5b6b72adaaa437ae57cd5df71b4ee562c9ff690dfa5ad5d607a87308c5ad1427/tracks/new -> 200 (254 ms)
06:26:16 "POST /cf/sessions/5b6b72adaaa437ae57cd5df71b4ee562c9ff690dfa5ad5d607a87308c5ad1427/tracks/new HTTP/1.1" 200 -
06:26:16 "POST /collect HTTP/1.1" 200 -
06:26:16 "GET /roster HTTP/1.1" 200 -
06:26:16 "POST /collect HTTP/1.1" 200 -
06:26:16 "POST /collect HTTP/1.1" 200 -
06:26:16 CF POST /sessions/49c1b4d449195133bc6e47616c437a379510d17bde2e4209b8d3cb8f2c615f20/tracks/new -> 200 (226 ms)
06:26:16 "POST /cf/sessions/49c1b4d449195133bc6e47616c437a379510d17bde2e4209b8d3cb8f2c615f20/tracks/new HTTP/1.1" 200 -
06:26:16 "POST /collect HTTP/1.1" 200 -
06:26:16 "GET /roster HTTP/1.1" 200 -
06:26:16 "POST /collect HTTP/1.1" 200 -
06:26:16 CF PUT /sessions/5b6b72adaaa437ae57cd5df71b4ee562c9ff690dfa5ad5d607a87308c5ad1427/renegotiate -> 200 (245 ms)
06:26:16 "PUT /cf/sessions/5b6b72adaaa437ae57cd5df71b4ee562c9ff690dfa5ad5d607a87308c5ad1427/renegotiate HTTP/1.1" 200 -
06:26:16 CF PUT /sessions/49c1b4d449195133bc6e47616c437a379510d17bde2e4209b8d3cb8f2c615f20/renegotiate -> 200 (230 ms)
06:26:16 "PUT /cf/sessions/49c1b4d449195133bc6e47616c437a379510d17bde2e4209b8d3cb8f2c615f20/renegotiate HTTP/1.1" 200 -
06:26:16 "POST /collect HTTP/1.1" 200 -
06:26:16 "POST /collect HTTP/1.1" 200 -
06:26:16 "POST /collect HTTP/1.1" 200 -
06:26:16 "POST /collect HTTP/1.1" 200 -
06:26:16 "POST /collect HTTP/1.1" 200 -
06:26:17 "POST /collect HTTP/1.1" 200 -
06:26:17 "POST /collect HTTP/1.1" 200 -
06:26:17 "POST /collect HTTP/1.1" 200 -
06:26:17 "POST /collect HTTP/1.1" 200 -
06:26:17 "POST /collect HTTP/1.1" 200 -
06:26:17 "POST /collect HTTP/1.1" 200 -
06:26:17 "POST /collect HTTP/1.1" 200 -
06:26:17 "POST /collect HTTP/1.1" 200 -
06:26:17 "POST /collect HTTP/1.1" 200 -
06:26:17 "POST /collect HTTP/1.1" 200 -
06:26:17 "POST /collect HTTP/1.1" 200 -
06:26:17 "POST /collect HTTP/1.1" 200 -
06:26:17 "POST /collect HTTP/1.1" 200 -
06:26:17 "POST /collect HTTP/1.1" 200 -
06:26:17 "POST /collect HTTP/1.1" 200 -
06:26:17 "POST /collect HTTP/1.1" 200 -
06:26:17 "POST /collect HTTP/1.1" 200 -
06:26:17 "POST /collect HTTP/1.1" 200 -
06:26:18 "POST /collect HTTP/1.1" 200 -
06:26:18 "GET /roster HTTP/1.1" 200 -
06:26:18 "POST /collect HTTP/1.1" 200 -
06:26:18 "GET /roster HTTP/1.1" 200 -
06:26:18 "POST /collect HTTP/1.1" 200 -
06:26:18 "POST /collect HTTP/1.1" 200 -
06:26:18 "POST /collect HTTP/1.1" 200 -
06:26:18 "POST /collect HTTP/1.1" 200 -
06:26:18 "POST /collect HTTP/1.1" 200 -
06:26:18 "POST /collect HTTP/1.1" 200 -
06:26:18 "POST /collect HTTP/1.1" 200 -
06:26:18 "POST /collect HTTP/1.1" 200 -
06:26:18 "POST /collect HTTP/1.1" 200 -
06:26:18 "POST /collect HTTP/1.1" 200 -
06:26:18 "POST /collect HTTP/1.1" 200 -
06:26:18 "POST /collect HTTP/1.1" 200 -
06:26:19 "POST /collect HTTP/1.1" 200 -
06:26:19 "POST /collect HTTP/1.1" 200 -
06:26:19 "POST /collect HTTP/1.1" 200 -
06:26:19 "POST /collect HTTP/1.1" 200 -
06:26:19 "POST /collect HTTP/1.1" 200 -
06:26:19 "POST /collect HTTP/1.1" 200 -
06:26:19 "POST /collect HTTP/1.1" 200 -
06:26:19 "POST /collect HTTP/1.1" 200 -
06:26:19 "POST /collect HTTP/1.1" 200 -
06:26:19 "POST /collect HTTP/1.1" 200 -
06:26:19 "POST /collect HTTP/1.1" 200 -
06:26:19 "POST /collect HTTP/1.1" 200 -
06:26:19 "POST /collect HTTP/1.1" 200 -
06:26:19 "POST /collect HTTP/1.1" 200 -
06:26:19 "POST /collect HTTP/1.1" 200 -
06:26:19 "POST /collect HTTP/1.1" 200 -
06:26:19 "POST /collect HTTP/1.1" 200 -
06:26:19 "POST /collect HTTP/1.1" 200 -
06:26:20 "POST /collect HTTP/1.1" 200 -
06:26:20 "POST /collect HTTP/1.1" 200 -
06:26:20 "POST /collect HTTP/1.1" 200 -
06:26:20 "POST /collect HTTP/1.1" 200 -
06:26:20 "POST /collect HTTP/1.1" 200 -
06:26:20 "GET /roster HTTP/1.1" 200 -
06:26:20 "POST /collect HTTP/1.1" 200 -
06:26:20 "GET /roster HTTP/1.1" 200 -
06:26:20 "POST /collect HTTP/1.1" 200 -
06:26:20 "POST /collect HTTP/1.1" 200 -
06:26:20 "POST /collect HTTP/1.1" 200 -
06:26:20 "POST /collect HTTP/1.1" 200 -
06:26:20 "POST /collect HTTP/1.1" 200 -
06:26:20 "POST /collect HTTP/1.1" 200 -
06:26:20 "POST /collect HTTP/1.1" 200 -
06:26:20 "POST /collect HTTP/1.1" 200 -
06:26:20 "POST /collect HTTP/1.1" 200 -
06:26:20 "POST /collect HTTP/1.1" 200 -
06:26:20 "POST /collect HTTP/1.1" 200 -
06:26:20 "POST /collect HTTP/1.1" 200 -
06:26:20 "POST /collect HTTP/1.1" 200 -
06:26:21 "POST /collect HTTP/1.1" 200 -
06:26:21 "POST /collect HTTP/1.1" 200 -
06:26:21 "POST /collect HTTP/1.1" 200 -
06:26:21 "POST /collect HTTP/1.1" 200 -
06:26:21 "POST /collect HTTP/1.1" 200 -
06:26:21 "POST /collect HTTP/1.1" 200 -
06:26:21 "POST /collect HTTP/1.1" 200 -
06:26:21 "POST /collect HTTP/1.1" 200 -
06:26:21 "POST /collect HTTP/1.1" 200 -
06:26:21 "POST /collect HTTP/1.1" 200 -
06:26:21 "POST /collect HTTP/1.1" 200 -
06:26:21 "POST /collect HTTP/1.1" 200 -
06:26:22 "POST /collect HTTP/1.1" 200 -
06:26:22 "POST /collect HTTP/1.1" 200 -
06:26:22 "POST /collect HTTP/1.1" 200 -
06:26:22 "POST /collect HTTP/1.1" 200 -
06:26:22 "POST /collect HTTP/1.1" 200 -
06:26:22 "POST /collect HTTP/1.1" 200 -
06:26:22 "POST /collect HTTP/1.1" 200 -
06:26:22 "POST /collect HTTP/1.1" 200 -
06:26:22 "POST /collect HTTP/1.1" 200 -
06:26:22 "POST /collect HTTP/1.1" 200 -
06:26:22 "POST /collect HTTP/1.1" 200 -
06:26:22 "POST /collect HTTP/1.1" 200 -
06:26:22 "GET /roster HTTP/1.1" 200 -
06:26:22 "POST /collect HTTP/1.1" 200 -
06:26:22 "GET /roster HTTP/1.1" 200 -
06:26:22 "POST /collect HTTP/1.1" 200 -
06:26:22 "POST /collect HTTP/1.1" 200 -
06:26:22 "POST /collect HTTP/1.1" 200 -
06:26:22 "POST /collect HTTP/1.1" 200 -
06:26:22 "POST /collect HTTP/1.1" 200 -
06:26:22 "POST /collect HTTP/1.1" 200 -
06:26:23 "POST /collect HTTP/1.1" 200 -
06:26:23 "POST /collect HTTP/1.1" 200 -
06:26:23 "POST /collect HTTP/1.1" 200 -
06:26:23 "POST /collect HTTP/1.1" 200 -
06:26:23 "POST /collect HTTP/1.1" 200 -
06:26:23 "POST /collect HTTP/1.1" 200 -
06:26:23 "POST /collect HTTP/1.1" 200 -
06:26:23 "POST /collect HTTP/1.1" 200 -
06:26:23 "POST /collect HTTP/1.1" 200 -
06:26:23 "POST /collect HTTP/1.1" 200 -
06:26:23 "POST /collect HTTP/1.1" 200 -
06:26:23 "POST /collect HTTP/1.1" 200 -
06:26:23 "POST /collect HTTP/1.1" 200 -
06:26:23 "POST /collect HTTP/1.1" 200 -
06:26:23 "POST /collect HTTP/1.1" 200 -
06:26:23 "POST /collect HTTP/1.1" 200 -
06:26:23 "POST /collect HTTP/1.1" 200 -
06:26:24 "POST /collect HTTP/1.1" 200 -
06:26:24 "GET /roster HTTP/1.1" 200 -
06:26:24 "POST /collect HTTP/1.1" 200 -
06:26:24 "GET /roster HTTP/1.1" 200 -
06:26:24 "POST /collect HTTP/1.1" 200 -
06:26:24 "POST /collect HTTP/1.1" 200 -
06:26:24 "POST /collect HTTP/1.1" 200 -
06:26:24 "POST /collect HTTP/1.1" 200 -
06:26:24 "POST /collect HTTP/1.1" 200 -
06:26:24 "POST /collect HTTP/1.1" 200 -
06:26:24 "POST /collect HTTP/1.1" 200 -
06:26:24 "POST /collect HTTP/1.1" 200 -
06:26:24 "POST /collect HTTP/1.1" 200 -
06:26:24 "POST /collect HTTP/1.1" 200 -
06:26:24 "POST /collect HTTP/1.1" 200 -
06:26:24 "POST /collect HTTP/1.1" 200 -
06:26:25 "POST /collect HTTP/1.1" 200 -
06:26:25 "POST /collect HTTP/1.1" 200 -
06:26:25 "POST /collect HTTP/1.1" 200 -
06:26:25 "POST /collect HTTP/1.1" 200 -
06:26:25 "POST /collect HTTP/1.1" 200 -
06:26:25 "POST /collect HTTP/1.1" 200 -
06:26:25 "POST /collect HTTP/1.1" 200 -
06:26:25 "POST /collect HTTP/1.1" 200 -
06:26:25 "POST /collect HTTP/1.1" 200 -
06:26:25 "POST /collect HTTP/1.1" 200 -
06:26:25 "POST /collect HTTP/1.1" 200 -
06:26:25 "POST /collect HTTP/1.1" 200 -
06:26:25 "POST /collect HTTP/1.1" 200 -
06:26:25 "POST /collect HTTP/1.1" 200 -
06:26:25 "POST /collect HTTP/1.1" 200 -
06:26:25 "POST /collect HTTP/1.1" 200 -
06:26:25 "POST /collect HTTP/1.1" 200 -
06:26:25 "POST /collect HTTP/1.1" 200 -
06:26:26 "POST /collect HTTP/1.1" 200 -
06:26:26 "POST /collect HTTP/1.1" 200 -
06:26:26 "POST /collect HTTP/1.1" 200 -
06:26:26 "POST /collect HTTP/1.1" 200 -
06:26:26 "POST /collect HTTP/1.1" 200 -
06:26:26 "GET /roster HTTP/1.1" 200 -
06:26:26 "POST /collect HTTP/1.1" 200 -
06:26:26 "GET /roster HTTP/1.1" 200 -
06:26:26 "POST /collect HTTP/1.1" 200 -
06:26:26 "POST /collect HTTP/1.1" 200 -
06:26:26 "POST /collect HTTP/1.1" 200 -
06:26:26 "POST /collect HTTP/1.1" 200 -
06:26:26 "POST /collect HTTP/1.1" 200 -
06:26:26 "POST /collect HTTP/1.1" 200 -
06:26:26 "POST /collect HTTP/1.1" 200 -
06:26:26 "POST /collect HTTP/1.1" 200 -
06:26:26 "POST /collect HTTP/1.1" 200 -
06:26:26 "POST /collect HTTP/1.1" 200 -
06:26:26 "POST /collect HTTP/1.1" 200 -
06:26:26 "POST /collect HTTP/1.1" 200 -
06:26:26 "POST /collect HTTP/1.1" 200 -
06:26:27 "POST /collect HTTP/1.1" 200 -
06:26:27 "POST /collect HTTP/1.1" 200 -
06:26:27 "POST /collect HTTP/1.1" 200 -
06:26:27 "POST /collect HTTP/1.1" 200 -
06:26:27 "POST /collect HTTP/1.1" 200 -
06:26:27 "POST /collect HTTP/1.1" 200 -
06:26:27 "POST /collect HTTP/1.1" 200 -
06:26:27 "POST /collect HTTP/1.1" 200 -
06:26:27 "POST /collect HTTP/1.1" 200 -
06:26:27 "POST /collect HTTP/1.1" 200 -
06:26:27 "POST /collect HTTP/1.1" 200 -
06:26:27 "POST /collect HTTP/1.1" 200 -
06:26:28 "POST /collect HTTP/1.1" 200 -
06:26:28 "POST /collect HTTP/1.1" 200 -
06:26:28 "POST /collect HTTP/1.1" 200 -
06:26:28 "POST /collect HTTP/1.1" 200 -
06:26:28 "POST /collect HTTP/1.1" 200 -
06:26:28 "POST /collect HTTP/1.1" 200 -
06:26:28 "POST /collect HTTP/1.1" 200 -
06:26:28 "POST /collect HTTP/1.1" 200 -
06:26:28 "POST /collect HTTP/1.1" 200 -
06:26:28 "POST /collect HTTP/1.1" 200 -
06:26:28 "POST /collect HTTP/1.1" 200 -
06:26:28 "POST /collect HTTP/1.1" 200 -
06:26:28 "GET /roster HTTP/1.1" 200 -
06:26:28 "POST /collect HTTP/1.1" 200 -
06:26:28 "GET /roster HTTP/1.1" 200 -
06:26:28 "POST /collect HTTP/1.1" 200 -
06:26:28 "POST /collect HTTP/1.1" 200 -
06:26:28 "POST /collect HTTP/1.1" 200 -
06:26:28 "POST /collect HTTP/1.1" 200 -
06:26:28 "POST /collect HTTP/1.1" 200 -
06:26:28 "POST /collect HTTP/1.1" 200 -
06:26:29 "POST /collect HTTP/1.1" 200 -
06:26:29 "POST /collect HTTP/1.1" 200 -
06:26:29 "POST /collect HTTP/1.1" 200 -
06:26:29 "POST /collect HTTP/1.1" 200 -
06:26:29 "POST /collect HTTP/1.1" 200 -
06:26:29 "POST /collect HTTP/1.1" 200 -
06:26:29 "POST /collect HTTP/1.1" 200 -
06:26:29 "POST /collect HTTP/1.1" 200 -
06:26:29 "POST /collect HTTP/1.1" 200 -
06:26:29 "POST /collect HTTP/1.1" 200 -
06:26:29 "POST /collect HTTP/1.1" 200 -
06:26:29 "POST /collect HTTP/1.1" 200 -
06:26:29 "POST /collect HTTP/1.1" 200 -
06:26:29 "POST /collect HTTP/1.1" 200 -
06:26:29 "POST /collect HTTP/1.1" 200 -
06:26:29 "POST /collect HTTP/1.1" 200 -
06:26:29 "POST /collect HTTP/1.1" 200 -
06:26:30 "POST /collect HTTP/1.1" 200 -
06:26:30 "GET /roster HTTP/1.1" 200 -
06:26:30 "POST /collect HTTP/1.1" 200 -
06:26:30 "GET /roster HTTP/1.1" 200 -
06:26:30 "POST /collect HTTP/1.1" 200 -
06:26:30 "POST /collect HTTP/1.1" 200 -
06:26:30 "POST /collect HTTP/1.1" 200 -
06:26:30 "POST /collect HTTP/1.1" 200 -
06:26:30 "POST /collect HTTP/1.1" 200 -
06:26:30 "POST /collect HTTP/1.1" 200 -
06:26:30 "POST /collect HTTP/1.1" 200 -
06:26:30 "POST /collect HTTP/1.1" 200 -
06:26:30 "POST /collect HTTP/1.1" 200 -
06:26:30 "POST /collect HTTP/1.1" 200 -
06:26:30 "POST /collect HTTP/1.1" 200 -
06:26:30 "POST /collect HTTP/1.1" 200 -
06:26:31 "POST /collect HTTP/1.1" 200 -
06:26:31 "POST /collect HTTP/1.1" 200 -
06:26:31 "POST /collect HTTP/1.1" 200 -
06:26:31 "POST /collect HTTP/1.1" 200 -
06:26:31 "POST /collect HTTP/1.1" 200 -
06:26:31 "POST /collect HTTP/1.1" 200 -
06:26:31 "POST /collect HTTP/1.1" 200 -
06:26:31 "POST /collect HTTP/1.1" 200 -
06:26:31 "POST /collect HTTP/1.1" 200 -
06:26:31 "POST /collect HTTP/1.1" 200 -
06:26:31 "POST /collect HTTP/1.1" 200 -
06:26:31 "POST /collect HTTP/1.1" 200 -
06:26:31 "POST /collect HTTP/1.1" 200 -
06:26:31 "POST /collect HTTP/1.1" 200 -
06:26:31 "POST /collect HTTP/1.1" 200 -
06:26:31 "POST /collect HTTP/1.1" 200 -
06:26:31 "POST /collect HTTP/1.1" 200 -
06:26:32 "POST /collect HTTP/1.1" 200 -
06:26:32 "POST /collect HTTP/1.1" 200 -
06:26:32 "POST /collect HTTP/1.1" 200 -
06:26:32 "POST /collect HTTP/1.1" 200 -
06:26:32 "POST /collect HTTP/1.1" 200 -
06:26:32 "GET /roster HTTP/1.1" 200 -
06:26:32 "POST /collect HTTP/1.1" 200 -
06:26:32 "GET /roster HTTP/1.1" 200 -
06:26:32 "POST /collect HTTP/1.1" 200 -
06:26:32 "POST /collect HTTP/1.1" 200 -
06:26:32 "POST /collect HTTP/1.1" 200 -
06:26:32 "POST /collect HTTP/1.1" 200 -
06:26:32 "POST /collect HTTP/1.1" 200 -
06:26:32 "POST /collect HTTP/1.1" 200 -
06:26:32 "POST /collect HTTP/1.1" 200 -
06:26:32 "POST /collect HTTP/1.1" 200 -
06:26:32 "POST /collect HTTP/1.1" 200 -
06:26:32 "POST /collect HTTP/1.1" 200 -
06:26:32 "POST /collect HTTP/1.1" 200 -
06:26:32 "POST /collect HTTP/1.1" 200 -
06:26:32 "POST /collect HTTP/1.1" 200 -
06:26:33 "POST /collect HTTP/1.1" 200 -
06:26:33 "POST /collect HTTP/1.1" 200 -
06:26:33 "POST /collect HTTP/1.1" 200 -
06:26:33 "POST /collect HTTP/1.1" 200 -
06:26:33 "POST /collect HTTP/1.1" 200 -
06:26:33 "POST /collect HTTP/1.1" 200 -
06:26:33 "POST /collect HTTP/1.1" 200 -
06:26:33 "POST /collect HTTP/1.1" 200 -
06:26:33 "POST /collect HTTP/1.1" 200 -
06:26:33 "POST /collect HTTP/1.1" 200 -
06:26:33 "POST /collect HTTP/1.1" 200 -
06:26:33 "POST /collect HTTP/1.1" 200 -
06:26:34 "POST /collect HTTP/1.1" 200 -
06:26:34 "POST /collect HTTP/1.1" 200 -
06:26:34 "POST /collect HTTP/1.1" 200 -
06:26:34 "POST /collect HTTP/1.1" 200 -
06:26:34 "POST /collect HTTP/1.1" 200 -
06:26:34 "POST /collect HTTP/1.1" 200 -
06:26:34 "POST /collect HTTP/1.1" 200 -
06:26:34 "POST /collect HTTP/1.1" 200 -
06:26:34 "POST /collect HTTP/1.1" 200 -
06:26:34 "POST /collect HTTP/1.1" 200 -
06:26:34 "POST /collect HTTP/1.1" 200 -
06:26:34 "POST /collect HTTP/1.1" 200 -
06:26:34 "GET /roster HTTP/1.1" 200 -
06:26:34 "POST /collect HTTP/1.1" 200 -
06:26:34 "GET /roster HTTP/1.1" 200 -
06:26:34 "POST /collect HTTP/1.1" 200 -
06:26:34 "POST /collect HTTP/1.1" 200 -
06:26:34 "POST /collect HTTP/1.1" 200 -
06:26:34 "POST /collect HTTP/1.1" 200 -
06:26:34 "POST /collect HTTP/1.1" 200 -
06:26:34 "POST /collect HTTP/1.1" 200 -
06:26:35 "POST /collect HTTP/1.1" 200 -
06:26:35 "POST /collect HTTP/1.1" 200 -
06:26:35 "POST /collect HTTP/1.1" 200 -
06:26:35 "POST /collect HTTP/1.1" 200 -
06:26:35 "POST /collect HTTP/1.1" 200 -
06:26:35 "POST /collect HTTP/1.1" 200 -
06:26:35 "POST /collect HTTP/1.1" 200 -
06:26:35 "POST /collect HTTP/1.1" 200 -
06:26:35 "POST /collect HTTP/1.1" 200 -
06:26:35 "POST /collect HTTP/1.1" 200 -
06:26:35 "POST /collect HTTP/1.1" 200 -
06:26:35 "POST /collect HTTP/1.1" 200 -
06:26:35 "POST /collect HTTP/1.1" 200 -
06:26:35 "POST /collect HTTP/1.1" 200 -
06:26:35 "POST /collect HTTP/1.1" 200 -
06:26:35 "POST /collect HTTP/1.1" 200 -
06:26:35 "POST /collect HTTP/1.1" 200 -
06:26:36 "POST /collect HTTP/1.1" 200 -
06:26:36 "POST /collect HTTP/1.1" 200 -
06:26:36 "GET /roster HTTP/1.1" 200 -
06:26:36 "GET /roster HTTP/1.1" 200 -
06:26:36 "POST /collect HTTP/1.1" 200 -
06:26:36 "POST /collect HTTP/1.1" 200 -
06:26:36 "POST /collect HTTP/1.1" 200 -
06:26:36 "POST /collect HTTP/1.1" 200 -
06:26:36 "POST /collect HTTP/1.1" 200 -
06:26:36 "POST /collect HTTP/1.1" 200 -
06:26:36 "POST /collect HTTP/1.1" 200 -
06:26:36 "POST /collect HTTP/1.1" 200 -
06:26:36 "POST /collect HTTP/1.1" 200 -
06:26:36 "POST /collect HTTP/1.1" 200 -
06:26:36 "POST /collect HTTP/1.1" 200 -
06:26:36 "POST /collect HTTP/1.1" 200 -
06:26:37 "POST /collect HTTP/1.1" 200 -
06:26:37 "POST /collect HTTP/1.1" 200 -
06:26:37 "POST /collect HTTP/1.1" 200 -
06:26:37 "POST /collect HTTP/1.1" 200 -
06:26:37 "POST /collect HTTP/1.1" 200 -
06:26:37 "POST /collect HTTP/1.1" 200 -
06:26:37 "POST /collect HTTP/1.1" 200 -
06:26:37 "POST /collect HTTP/1.1" 200 -
06:26:37 "POST /collect HTTP/1.1" 200 -
06:26:37 "POST /collect HTTP/1.1" 200 -
06:26:37 "POST /collect HTTP/1.1" 200 -
06:26:37 "POST /collect HTTP/1.1" 200 -
06:26:37 "POST /collect HTTP/1.1" 200 -
06:26:37 "POST /collect HTTP/1.1" 200 -
06:26:37 "POST /collect HTTP/1.1" 200 -
06:26:37 "POST /collect HTTP/1.1" 200 -
06:26:37 "POST /collect HTTP/1.1" 200 -
06:26:38 "POST /collect HTTP/1.1" 200 -
06:26:38 "POST /collect HTTP/1.1" 200 -
06:26:38 "POST /collect HTTP/1.1" 200 -
06:26:38 "POST /collect HTTP/1.1" 200 -
06:26:38 "POST /collect HTTP/1.1" 200 -
06:26:38 "GET /roster HTTP/1.1" 200 -
06:26:38 "POST /collect HTTP/1.1" 200 -
06:26:38 "POST /collect HTTP/1.1" 200 -
06:26:38 "GET /roster HTTP/1.1" 200 -
06:26:38 "POST /collect HTTP/1.1" 200 -
06:26:38 "POST /collect HTTP/1.1" 200 -
06:26:38 "POST /collect HTTP/1.1" 200 -
06:26:38 "POST /collect HTTP/1.1" 200 -
06:26:38 "POST /collect HTTP/1.1" 200 -
06:26:38 "POST /collect HTTP/1.1" 200 -
06:26:38 "POST /collect HTTP/1.1" 200 -
06:26:38 "POST /collect HTTP/1.1" 200 -
06:26:38 "POST /collect HTTP/1.1" 200 -
06:26:38 "POST /collect HTTP/1.1" 200 -
06:26:38 "POST /collect HTTP/1.1" 200 -
06:26:38 "POST /collect HTTP/1.1" 200 -
06:26:39 "POST /collect HTTP/1.1" 200 -
06:26:39 "POST /collect HTTP/1.1" 200 -
06:26:39 "POST /collect HTTP/1.1" 200 -
06:26:39 "POST /collect HTTP/1.1" 200 -
06:26:39 "POST /collect HTTP/1.1" 200 -
06:26:39 "POST /collect HTTP/1.1" 200 -
06:26:39 "POST /collect HTTP/1.1" 200 -
06:26:39 "POST /collect HTTP/1.1" 200 -
06:26:39 "POST /collect HTTP/1.1" 200 -
06:26:39 "POST /collect HTTP/1.1" 200 -
06:26:39 "POST /collect HTTP/1.1" 200 -
06:26:39 "POST /collect HTTP/1.1" 200 -
06:26:40 "POST /collect HTTP/1.1" 200 -
06:26:40 "POST /collect HTTP/1.1" 200 -
06:26:40 "POST /collect HTTP/1.1" 200 -
06:26:40 "POST /collect HTTP/1.1" 200 -
06:26:40 "POST /collect HTTP/1.1" 200 -
06:26:40 "POST /collect HTTP/1.1" 200 -
06:26:40 "POST /collect HTTP/1.1" 200 -
06:26:40 "POST /collect HTTP/1.1" 200 -
06:26:40 "POST /collect HTTP/1.1" 200 -
06:26:40 "POST /collect HTTP/1.1" 200 -
06:26:40 "POST /collect HTTP/1.1" 200 -
06:26:40 "POST /collect HTTP/1.1" 200 -
06:26:40 "GET /roster HTTP/1.1" 200 -
06:26:40 "POST /collect HTTP/1.1" 200 -
06:26:40 "GET /roster HTTP/1.1" 200 -
06:26:40 "POST /collect HTTP/1.1" 200 -
06:26:40 "POST /collect HTTP/1.1" 200 -
06:26:40 "POST /collect HTTP/1.1" 200 -
06:26:40 "POST /collect HTTP/1.1" 200 -
06:26:40 "POST /collect HTTP/1.1" 200 -
06:26:40 "POST /collect HTTP/1.1" 200 -
06:26:40 "POST /collect HTTP/1.1" 200 -
06:26:41 "POST /collect HTTP/1.1" 200 -
06:26:41 "POST /collect HTTP/1.1" 200 -
06:26:41 "POST /collect HTTP/1.1" 200 -
06:26:41 "POST /collect HTTP/1.1" 200 -
06:26:41 "POST /collect HTTP/1.1" 200 -
06:26:41 "POST /collect HTTP/1.1" 200 -
06:26:41 "POST /collect HTTP/1.1" 200 -
06:26:41 "POST /collect HTTP/1.1" 200 -
06:26:41 "POST /collect HTTP/1.1" 200 -
06:26:41 "POST /collect HTTP/1.1" 200 -
06:26:41 "POST /collect HTTP/1.1" 200 -
06:26:41 "POST /collect HTTP/1.1" 200 -
06:26:41 "POST /collect HTTP/1.1" 200 -
06:26:41 "POST /collect HTTP/1.1" 200 -
06:26:41 "POST /collect HTTP/1.1" 200 -
06:26:41 "POST /collect HTTP/1.1" 200 -
06:26:41 "POST /collect HTTP/1.1" 200 -
06:26:42 "POST /collect HTTP/1.1" 200 -
06:26:42 "GET /roster HTTP/1.1" 200 -
06:26:42 "POST /collect HTTP/1.1" 200 -
06:26:42 "GET /roster HTTP/1.1" 200 -
06:26:42 "POST /collect HTTP/1.1" 200 -
06:26:42 "POST /collect HTTP/1.1" 200 -
06:26:42 "POST /collect HTTP/1.1" 200 -
06:26:42 "POST /collect HTTP/1.1" 200 -
06:26:42 "POST /collect HTTP/1.1" 200 -
06:26:42 "POST /collect HTTP/1.1" 200 -
06:26:42 "POST /collect HTTP/1.1" 200 -
06:26:42 "POST /collect HTTP/1.1" 200 -
06:26:42 "POST /collect HTTP/1.1" 200 -
06:26:42 "POST /collect HTTP/1.1" 200 -
06:26:42 "POST /collect HTTP/1.1" 200 -
06:26:42 "POST /collect HTTP/1.1" 200 -
06:26:43 "POST /collect HTTP/1.1" 200 -
06:26:43 "POST /collect HTTP/1.1" 200 -
06:26:43 "POST /collect HTTP/1.1" 200 -
06:26:43 "POST /collect HTTP/1.1" 200 -
06:26:43 "POST /collect HTTP/1.1" 200 -
06:26:43 "POST /collect HTTP/1.1" 200 -
06:26:43 "POST /collect HTTP/1.1" 200 -
06:26:43 "POST /collect HTTP/1.1" 200 -
06:26:43 "POST /collect HTTP/1.1" 200 -
06:26:43 "POST /collect HTTP/1.1" 200 -
06:26:43 "POST /collect HTTP/1.1" 200 -
06:26:43 "POST /collect HTTP/1.1" 200 -
06:26:43 "POST /collect HTTP/1.1" 200 -
06:26:43 "POST /collect HTTP/1.1" 200 -
06:26:43 "POST /collect HTTP/1.1" 200 -
06:26:43 "POST /collect HTTP/1.1" 200 -
06:26:43 "POST /collect HTTP/1.1" 200 -
06:26:44 "POST /collect HTTP/1.1" 200 -
06:26:44 "POST /collect HTTP/1.1" 200 -
06:26:44 "POST /collect HTTP/1.1" 200 -
06:26:44 "POST /collect HTTP/1.1" 200 -
06:26:44 "POST /collect HTTP/1.1" 200 -
06:26:44 "GET /roster HTTP/1.1" 200 -
06:26:44 "POST /collect HTTP/1.1" 200 -
06:26:44 "GET /roster HTTP/1.1" 200 -
06:26:44 "POST /collect HTTP/1.1" 200 -
06:26:44 "POST /collect HTTP/1.1" 200 -
06:26:44 "POST /collect HTTP/1.1" 200 -
06:26:44 "POST /collect HTTP/1.1" 200 -
06:26:44 "POST /collect HTTP/1.1" 200 -
06:26:44 "POST /collect HTTP/1.1" 200 -
06:26:44 "POST /collect HTTP/1.1" 200 -
06:26:44 "POST /collect HTTP/1.1" 200 -
06:26:44 "POST /collect HTTP/1.1" 200 -
06:26:44 "POST /collect HTTP/1.1" 200 -
06:26:44 "POST /collect HTTP/1.1" 200 -
06:26:44 "POST /collect HTTP/1.1" 200 -
06:26:44 "POST /collect HTTP/1.1" 200 -
06:26:45 "POST /collect HTTP/1.1" 200 -
06:26:45 "POST /collect HTTP/1.1" 200 -
06:26:45 "POST /collect HTTP/1.1" 200 -
06:26:45 "POST /collect HTTP/1.1" 200 -
06:26:45 "POST /collect HTTP/1.1" 200 -
06:26:45 "POST /collect HTTP/1.1" 200 -
06:26:45 "POST /collect HTTP/1.1" 200 -
06:26:45 "POST /collect HTTP/1.1" 200 -
06:26:45 "POST /collect HTTP/1.1" 200 -
06:26:45 "POST /collect HTTP/1.1" 200 -
06:26:45 "POST /collect HTTP/1.1" 200 -
06:26:45 "POST /collect HTTP/1.1" 200 -
06:26:46 "POST /collect HTTP/1.1" 200 -
06:26:46 "POST /collect HTTP/1.1" 200 -
06:26:46 "POST /collect HTTP/1.1" 200 -
06:26:46 "POST /collect HTTP/1.1" 200 -
06:26:46 "POST /collect HTTP/1.1" 200 -
06:26:46 "POST /collect HTTP/1.1" 200 -
06:26:46 "POST /collect HTTP/1.1" 200 -
06:26:46 "GET /roster HTTP/1.1" 200 -
06:26:46 "POST /collect HTTP/1.1" 200 -
06:26:46 "POST /collect HTTP/1.1" 200 -
06:26:46 "GET /roster HTTP/1.1" 200 -
06:26:46 "POST /collect HTTP/1.1" 200 -
06:26:46 "POST /collect HTTP/1.1" 200 -
06:26:46 "POST /collect HTTP/1.1" 200 -
06:26:46 "POST /collect HTTP/1.1" 200 -
06:26:46 "POST /collect HTTP/1.1" 200 -
06:26:46 "POST /collect HTTP/1.1" 200 -
06:26:46 "POST /collect HTTP/1.1" 200 -
06:26:46 "POST /collect HTTP/1.1" 200 -
06:26:46 "POST /collect HTTP/1.1" 200 -
06:26:46 "POST /collect HTTP/1.1" 200 -
06:26:47 "POST /collect HTTP/1.1" 200 -
06:26:47 "POST /collect HTTP/1.1" 200 -
06:26:47 "POST /collect HTTP/1.1" 200 -
06:26:47 "POST /collect HTTP/1.1" 200 -
06:26:47 "POST /collect HTTP/1.1" 200 -
06:26:47 "POST /collect HTTP/1.1" 200 -
06:26:47 "POST /collect HTTP/1.1" 200 -
06:26:47 "POST /collect HTTP/1.1" 200 -
06:26:47 "POST /collect HTTP/1.1" 200 -
06:26:47 "POST /collect HTTP/1.1" 200 -
06:26:47 "POST /collect HTTP/1.1" 200 -
06:26:47 "POST /collect HTTP/1.1" 200 -
06:26:47 "POST /collect HTTP/1.1" 200 -
06:26:47 "POST /collect HTTP/1.1" 200 -
06:26:47 "POST /collect HTTP/1.1" 200 -
06:26:47 "POST /collect HTTP/1.1" 200 -
06:26:47 "POST /collect HTTP/1.1" 200 -
06:26:48 "POST /collect HTTP/1.1" 200 -
06:26:48 "GET /roster HTTP/1.1" 200 -
06:26:48 "GET /roster HTTP/1.1" 200 -
06:26:48 "POST /collect HTTP/1.1" 200 -
06:26:48 "POST /collect HTTP/1.1" 200 -
06:26:48 "POST /collect HTTP/1.1" 200 -
06:26:48 "POST /collect HTTP/1.1" 200 -
06:26:48 "POST /collect HTTP/1.1" 200 -
06:26:48 "POST /collect HTTP/1.1" 200 -
06:26:48 "POST /collect HTTP/1.1" 200 -
06:26:48 "POST /collect HTTP/1.1" 200 -
06:26:48 "POST /collect HTTP/1.1" 200 -
06:26:48 "POST /collect HTTP/1.1" 200 -
06:26:48 "POST /collect HTTP/1.1" 200 -
06:26:48 "POST /collect HTTP/1.1" 200 -
06:26:48 "POST /collect HTTP/1.1" 200 -
06:26:49 "POST /collect HTTP/1.1" 200 -
06:26:49 "POST /collect HTTP/1.1" 200 -
06:26:49 "POST /collect HTTP/1.1" 200 -
06:26:49 "POST /collect HTTP/1.1" 200 -
06:26:49 "POST /collect HTTP/1.1" 200 -
06:26:49 "POST /collect HTTP/1.1" 200 -
06:26:49 "POST /collect HTTP/1.1" 200 -
06:26:49 "POST /collect HTTP/1.1" 200 -
06:26:49 "POST /collect HTTP/1.1" 200 -
06:26:49 "POST /collect HTTP/1.1" 200 -
06:26:49 "POST /collect HTTP/1.1" 200 -
06:26:49 "POST /collect HTTP/1.1" 200 -
06:26:49 "POST /collect HTTP/1.1" 200 -
06:26:49 "POST /collect HTTP/1.1" 200 -
06:26:49 "POST /collect HTTP/1.1" 200 -
06:26:49 "POST /collect HTTP/1.1" 200 -
06:26:49 "POST /collect HTTP/1.1" 200 -
06:26:50 "POST /collect HTTP/1.1" 200 -
06:26:50 "POST /collect HTTP/1.1" 200 -
06:26:50 "POST /collect HTTP/1.1" 200 -
06:26:50 "POST /collect HTTP/1.1" 200 -
06:26:50 "POST /collect HTTP/1.1" 200 -
06:26:50 "GET /roster HTTP/1.1" 200 -
06:26:50 "POST /collect HTTP/1.1" 200 -
06:26:50 "POST /collect HTTP/1.1" 200 -
06:26:50 "GET /roster HTTP/1.1" 200 -
06:26:50 "POST /collect HTTP/1.1" 200 -
06:26:50 "POST /collect HTTP/1.1" 200 -
06:26:50 "POST /collect HTTP/1.1" 200 -
06:26:50 "POST /collect HTTP/1.1" 200 -
06:26:50 "POST /collect HTTP/1.1" 200 -
06:26:50 "POST /collect HTTP/1.1" 200 -
06:26:50 "POST /collect HTTP/1.1" 200 -
06:26:50 "POST /collect HTTP/1.1" 200 -
06:26:50 "POST /collect HTTP/1.1" 200 -
06:26:50 "POST /collect HTTP/1.1" 200 -
06:26:50 "POST /collect HTTP/1.1" 200 -
06:26:50 "POST /collect HTTP/1.1" 200 -
06:26:51 "POST /collect HTTP/1.1" 200 -
06:26:51 "POST /collect HTTP/1.1" 200 -
06:26:51 "POST /collect HTTP/1.1" 200 -
06:26:51 "POST /collect HTTP/1.1" 200 -
06:26:51 "POST /collect HTTP/1.1" 200 -
06:26:51 "POST /collect HTTP/1.1" 200 -
06:26:51 "POST /collect HTTP/1.1" 200 -
06:26:51 "POST /collect HTTP/1.1" 200 -
06:26:51 "POST /collect HTTP/1.1" 200 -
06:26:51 "POST /collect HTTP/1.1" 200 -
06:26:51 "POST /collect HTTP/1.1" 200 -
06:26:51 "POST /collect HTTP/1.1" 200 -
06:26:52 "POST /collect HTTP/1.1" 200 -
06:26:52 "POST /collect HTTP/1.1" 200 -
06:26:52 "POST /collect HTTP/1.1" 200 -
06:26:52 "POST /collect HTTP/1.1" 200 -
06:26:52 "POST /collect HTTP/1.1" 200 -
06:26:52 "POST /collect HTTP/1.1" 200 -
06:26:52 "POST /collect HTTP/1.1" 200 -
06:26:52 "POST /collect HTTP/1.1" 200 -
06:26:52 "POST /collect HTTP/1.1" 200 -
06:26:52 "POST /collect HTTP/1.1" 200 -
06:26:52 "POST /collect HTTP/1.1" 200 -
06:26:52 "POST /collect HTTP/1.1" 200 -
06:26:52 "POST /collect HTTP/1.1" 200 -
06:26:52 "GET /roster HTTP/1.1" 200 -
06:26:52 "POST /collect HTTP/1.1" 200 -
06:26:52 "GET /roster HTTP/1.1" 200 -
06:26:52 "POST /collect HTTP/1.1" 200 -
06:26:52 "POST /collect HTTP/1.1" 200 -
06:26:52 "POST /collect HTTP/1.1" 200 -
06:26:52 "POST /collect HTTP/1.1" 200 -
06:26:52 "POST /collect HTTP/1.1" 200 -
06:26:53 "POST /collect HTTP/1.1" 200 -
06:26:53 "POST /collect HTTP/1.1" 200 -
06:26:53 "POST /collect HTTP/1.1" 200 -
06:26:53 "POST /collect HTTP/1.1" 200 -
06:26:53 "POST /collect HTTP/1.1" 200 -
06:26:53 "POST /collect HTTP/1.1" 200 -
06:26:53 "POST /collect HTTP/1.1" 200 -
06:26:53 "POST /collect HTTP/1.1" 200 -
06:26:53 "POST /collect HTTP/1.1" 200 -
06:26:53 "POST /collect HTTP/1.1" 200 -
06:26:53 "POST /collect HTTP/1.1" 200 -
06:26:53 "POST /collect HTTP/1.1" 200 -
06:26:53 "POST /collect HTTP/1.1" 200 -
06:26:53 "POST /collect HTTP/1.1" 200 -
06:26:53 "POST /collect HTTP/1.1" 200 -
06:26:53 "POST /collect HTTP/1.1" 200 -
06:26:53 "POST /collect HTTP/1.1" 200 -
06:26:54 "POST /collect HTTP/1.1" 200 -
06:26:54 "GET /roster HTTP/1.1" 200 -
06:26:54 "POST /collect HTTP/1.1" 200 -
06:26:54 "GET /roster HTTP/1.1" 200 -
06:26:54 "POST /collect HTTP/1.1" 200 -
06:26:54 "POST /collect HTTP/1.1" 200 -
06:26:54 "POST /collect HTTP/1.1" 200 -
06:26:54 "POST /collect HTTP/1.1" 200 -
06:26:54 "POST /collect HTTP/1.1" 200 -
06:26:54 "POST /collect HTTP/1.1" 200 -
06:26:54 "POST /collect HTTP/1.1" 200 -
06:26:54 "POST /collect HTTP/1.1" 200 -
06:26:54 "POST /collect HTTP/1.1" 200 -
06:26:54 "POST /collect HTTP/1.1" 200 -
06:26:54 "POST /collect HTTP/1.1" 200 -
06:26:54 "POST /collect HTTP/1.1" 200 -
06:26:55 "POST /collect HTTP/1.1" 200 -
06:26:55 "POST /collect HTTP/1.1" 200 -
06:26:55 "POST /collect HTTP/1.1" 200 -
06:26:55 "POST /collect HTTP/1.1" 200 -
06:26:55 "POST /collect HTTP/1.1" 200 -
06:26:55 "POST /collect HTTP/1.1" 200 -
06:26:55 "POST /collect HTTP/1.1" 200 -
06:26:55 "POST /collect HTTP/1.1" 200 -
06:26:55 "POST /collect HTTP/1.1" 200 -
06:26:55 "POST /collect HTTP/1.1" 200 -
06:26:55 "POST /collect HTTP/1.1" 200 -
06:26:55 "POST /collect HTTP/1.1" 200 -
06:26:55 "POST /collect HTTP/1.1" 200 -
06:26:55 "POST /collect HTTP/1.1" 200 -
06:26:55 "POST /collect HTTP/1.1" 200 -
06:26:55 "POST /collect HTTP/1.1" 200 -
06:26:55 "POST /collect HTTP/1.1" 200 -
06:26:55 "POST /collect HTTP/1.1" 200 -
06:26:56 "POST /collect HTTP/1.1" 200 -
06:26:56 "POST /collect HTTP/1.1" 200 -
06:26:56 "POST /collect HTTP/1.1" 200 -
06:26:56 "POST /collect HTTP/1.1" 200 -
06:26:56 "POST /collect HTTP/1.1" 200 -
06:26:56 "GET /roster HTTP/1.1" 200 -
06:26:56 "GET /roster HTTP/1.1" 200 -
06:26:56 "POST /collect HTTP/1.1" 200 -
06:26:56 "POST /collect HTTP/1.1" 200 -
06:26:56 "POST /collect HTTP/1.1" 200 -
06:26:56 "POST /collect HTTP/1.1" 200 -
06:26:56 "POST /collect HTTP/1.1" 200 -
06:26:56 "POST /collect HTTP/1.1" 200 -
06:26:56 "POST /collect HTTP/1.1" 200 -
06:26:56 "POST /collect HTTP/1.1" 200 -
06:26:56 "POST /collect HTTP/1.1" 200 -
06:26:56 "POST /collect HTTP/1.1" 200 -
06:26:56 "POST /collect HTTP/1.1" 200 -
06:26:56 "POST /collect HTTP/1.1" 200 -
06:26:56 "POST /collect HTTP/1.1" 200 -
06:26:56 "POST /collect HTTP/1.1" 200 -
06:26:57 "POST /collect HTTP/1.1" 200 -
06:26:57 "POST /collect HTTP/1.1" 200 -
06:26:57 "POST /collect HTTP/1.1" 200 -
06:26:57 "POST /collect HTTP/1.1" 200 -
06:26:57 "POST /collect HTTP/1.1" 200 -
06:26:57 "POST /collect HTTP/1.1" 200 -
06:26:57 "POST /collect HTTP/1.1" 200 -
06:26:57 "POST /collect HTTP/1.1" 200 -
06:26:57 "POST /collect HTTP/1.1" 200 -
06:26:57 "POST /collect HTTP/1.1" 200 -
06:26:57 "POST /collect HTTP/1.1" 200 -
06:26:57 "POST /collect HTTP/1.1" 200 -
06:26:58 "POST /collect HTTP/1.1" 200 -
06:26:58 "POST /collect HTTP/1.1" 200 -
06:26:58 "POST /collect HTTP/1.1" 200 -
06:26:58 "POST /collect HTTP/1.1" 200 -
06:26:58 "POST /collect HTTP/1.1" 200 -
06:26:58 "POST /collect HTTP/1.1" 200 -
06:26:58 "POST /collect HTTP/1.1" 200 -
06:26:58 "POST /collect HTTP/1.1" 200 -
06:26:58 "POST /collect HTTP/1.1" 200 -
06:26:58 "POST /collect HTTP/1.1" 200 -
06:26:58 "POST /collect HTTP/1.1" 200 -
06:26:58 "POST /collect HTTP/1.1" 200 -
06:26:58 "POST /collect HTTP/1.1" 200 -
06:26:58 "GET /roster HTTP/1.1" 200 -
06:26:58 "POST /collect HTTP/1.1" 200 -
06:26:58 "GET /roster HTTP/1.1" 200 -
06:26:58 "POST /collect HTTP/1.1" 200 -
06:26:58 "POST /collect HTTP/1.1" 200 -
06:26:58 "POST /collect HTTP/1.1" 200 -
06:26:58 "POST /collect HTTP/1.1" 200 -
06:26:58 "POST /collect HTTP/1.1" 200 -
06:26:59 "POST /collect HTTP/1.1" 200 -
06:26:59 "POST /collect HTTP/1.1" 200 -
06:26:59 "POST /collect HTTP/1.1" 200 -
06:26:59 "POST /collect HTTP/1.1" 200 -
06:26:59 "POST /collect HTTP/1.1" 200 -
06:26:59 "POST /collect HTTP/1.1" 200 -
06:26:59 "POST /collect HTTP/1.1" 200 -
06:26:59 "POST /collect HTTP/1.1" 200 -
06:26:59 "POST /collect HTTP/1.1" 200 -
06:26:59 "POST /collect HTTP/1.1" 200 -
06:26:59 "POST /collect HTTP/1.1" 200 -
06:26:59 "POST /collect HTTP/1.1" 200 -
06:26:59 "POST /collect HTTP/1.1" 200 -
06:26:59 "POST /collect HTTP/1.1" 200 -
06:26:59 "POST /collect HTTP/1.1" 200 -
06:26:59 "POST /collect HTTP/1.1" 200 -
06:26:59 "POST /collect HTTP/1.1" 200 -
06:27:00 "POST /collect HTTP/1.1" 200 -
06:27:00 "GET /roster HTTP/1.1" 200 -
06:27:00 "POST /collect HTTP/1.1" 200 -
06:27:00 "GET /roster HTTP/1.1" 200 -
06:27:00 "POST /collect HTTP/1.1" 200 -
06:27:00 "POST /collect HTTP/1.1" 200 -
06:27:00 "POST /collect HTTP/1.1" 200 -
06:27:00 "POST /collect HTTP/1.1" 200 -
06:27:00 "POST /collect HTTP/1.1" 200 -
06:27:00 "POST /collect HTTP/1.1" 200 -
06:27:00 "POST /collect HTTP/1.1" 200 -
06:27:00 "POST /collect HTTP/1.1" 200 -
06:27:00 "POST /collect HTTP/1.1" 200 -
06:27:00 "POST /collect HTTP/1.1" 200 -
06:27:00 "POST /collect HTTP/1.1" 200 -
06:27:00 "POST /collect HTTP/1.1" 200 -
06:27:01 "POST /collect HTTP/1.1" 200 -
06:27:01 "POST /collect HTTP/1.1" 200 -
06:27:01 "POST /collect HTTP/1.1" 200 -
06:27:01 "POST /collect HTTP/1.1" 200 -
06:27:01 "POST /collect HTTP/1.1" 200 -
06:27:01 "POST /collect HTTP/1.1" 200 -
06:27:01 "POST /collect HTTP/1.1" 200 -
06:27:01 "POST /collect HTTP/1.1" 200 -
06:27:01 "POST /collect HTTP/1.1" 200 -
06:27:01 "POST /collect HTTP/1.1" 200 -
06:27:01 "POST /collect HTTP/1.1" 200 -
06:27:01 "POST /collect HTTP/1.1" 200 -
06:27:01 "POST /collect HTTP/1.1" 200 -
06:27:01 "POST /collect HTTP/1.1" 200 -
06:27:01 "POST /collect HTTP/1.1" 200 -
06:27:01 "POST /collect HTTP/1.1" 200 -
06:27:01 "POST /collect HTTP/1.1" 200 -
06:27:02 "POST /collect HTTP/1.1" 200 -
06:27:02 "POST /collect HTTP/1.1" 200 -
06:27:02 "POST /collect HTTP/1.1" 200 -
06:27:02 "POST /collect HTTP/1.1" 200 -
06:27:02 "POST /collect HTTP/1.1" 200 -
06:27:02 "GET /roster HTTP/1.1" 200 -
06:27:02 "POST /collect HTTP/1.1" 200 -
06:27:02 "GET /roster HTTP/1.1" 200 -
06:27:02 "POST /collect HTTP/1.1" 200 -
06:27:02 "POST /collect HTTP/1.1" 200 -
06:27:02 "POST /collect HTTP/1.1" 200 -
06:27:02 "POST /collect HTTP/1.1" 200 -
06:27:02 "POST /collect HTTP/1.1" 200 -
06:27:02 "POST /collect HTTP/1.1" 200 -
06:27:02 "POST /collect HTTP/1.1" 200 -
06:27:02 "POST /collect HTTP/1.1" 200 -
06:27:02 "POST /collect HTTP/1.1" 200 -
06:27:02 "POST /collect HTTP/1.1" 200 -
06:27:02 "POST /collect HTTP/1.1" 200 -
06:27:02 "POST /collect HTTP/1.1" 200 -
06:27:02 "POST /collect HTTP/1.1" 200 -
06:27:03 "POST /collect HTTP/1.1" 200 -
06:27:03 "POST /collect HTTP/1.1" 200 -
06:27:03 "POST /collect HTTP/1.1" 200 -
06:27:03 "POST /collect HTTP/1.1" 200 -
06:27:03 "POST /collect HTTP/1.1" 200 -
06:27:03 "POST /collect HTTP/1.1" 200 -
06:27:03 "POST /collect HTTP/1.1" 200 -
06:27:03 "POST /collect HTTP/1.1" 200 -
06:27:03 "POST /collect HTTP/1.1" 200 -
06:27:03 "POST /collect HTTP/1.1" 200 -
06:27:03 "POST /collect HTTP/1.1" 200 -
06:27:03 "POST /collect HTTP/1.1" 200 -
06:27:04 "POST /collect HTTP/1.1" 200 -
06:27:04 "POST /collect HTTP/1.1" 200 -
06:27:04 "POST /collect HTTP/1.1" 200 -
06:27:04 "POST /collect HTTP/1.1" 200 -
06:27:04 "POST /collect HTTP/1.1" 200 -
06:27:04 "POST /collect HTTP/1.1" 200 -
06:27:04 "POST /collect HTTP/1.1" 200 -
06:27:04 "POST /collect HTTP/1.1" 200 -
06:27:04 "POST /collect HTTP/1.1" 200 -
06:27:04 "POST /collect HTTP/1.1" 200 -
06:27:04 "POST /collect HTTP/1.1" 200 -
06:27:04 "POST /collect HTTP/1.1" 200 -
06:27:04 "GET /roster HTTP/1.1" 200 -
06:27:04 "POST /collect HTTP/1.1" 200 -
06:27:04 "GET /roster HTTP/1.1" 200 -
06:27:04 "POST /collect HTTP/1.1" 200 -
06:27:04 "POST /collect HTTP/1.1" 200 -
06:27:04 "POST /collect HTTP/1.1" 200 -
06:27:04 "POST /collect HTTP/1.1" 200 -
06:27:04 "POST /collect HTTP/1.1" 200 -
06:27:04 "POST /collect HTTP/1.1" 200 -
06:27:05 "POST /collect HTTP/1.1" 200 -
06:27:05 "POST /collect HTTP/1.1" 200 -
06:27:05 "POST /collect HTTP/1.1" 200 -
06:27:05 "POST /collect HTTP/1.1" 200 -
06:27:05 "POST /collect HTTP/1.1" 200 -
06:27:05 "POST /collect HTTP/1.1" 200 -
06:27:05 "POST /collect HTTP/1.1" 200 -
06:27:05 "POST /collect HTTP/1.1" 200 -
06:27:05 "POST /collect HTTP/1.1" 200 -
06:27:05 "POST /collect HTTP/1.1" 200 -
06:27:05 "POST /collect HTTP/1.1" 200 -
06:27:05 "POST /collect HTTP/1.1" 200 -
06:27:05 "POST /collect HTTP/1.1" 200 -
06:27:05 "POST /collect HTTP/1.1" 200 -
06:27:05 "POST /collect HTTP/1.1" 200 -
06:27:05 "POST /collect HTTP/1.1" 200 -
06:27:05 "POST /collect HTTP/1.1" 200 -
06:27:06 "POST /collect HTTP/1.1" 200 -
06:27:06 "GET /roster HTTP/1.1" 200 -
06:27:06 "GET /roster HTTP/1.1" 200 -
06:27:06 "POST /collect HTTP/1.1" 200 -
06:27:06 "POST /collect HTTP/1.1" 200 -
06:27:06 "POST /collect HTTP/1.1" 200 -
06:27:06 "POST /collect HTTP/1.1" 200 -
06:27:06 "POST /collect HTTP/1.1" 200 -
06:27:06 "POST /collect HTTP/1.1" 200 -
06:27:06 "POST /collect HTTP/1.1" 200 -
06:27:06 "POST /collect HTTP/1.1" 200 -
06:27:06 "POST /collect HTTP/1.1" 200 -
06:27:06 "POST /collect HTTP/1.1" 200 -
06:27:06 "POST /collect HTTP/1.1" 200 -
06:27:06 "POST /collect HTTP/1.1" 200 -
06:27:06 "POST /collect HTTP/1.1" 200 -
06:27:07 "POST /collect HTTP/1.1" 200 -
06:27:07 "POST /collect HTTP/1.1" 200 -
06:27:07 "POST /collect HTTP/1.1" 200 -
06:27:07 "POST /collect HTTP/1.1" 200 -
06:27:07 "POST /collect HTTP/1.1" 200 -
06:27:07 "POST /collect HTTP/1.1" 200 -
06:27:07 "POST /collect HTTP/1.1" 200 -
06:27:07 "POST /collect HTTP/1.1" 200 -
06:27:07 "POST /collect HTTP/1.1" 200 -
06:27:07 "POST /collect HTTP/1.1" 200 -
06:27:07 "POST /collect HTTP/1.1" 200 -
06:27:07 "POST /collect HTTP/1.1" 200 -
06:27:07 "POST /collect HTTP/1.1" 200 -
06:27:07 "POST /collect HTTP/1.1" 200 -
06:27:07 "POST /collect HTTP/1.1" 200 -
06:27:07 "POST /collect HTTP/1.1" 200 -
06:27:07 "POST /collect HTTP/1.1" 200 -
06:27:08 "POST /collect HTTP/1.1" 200 -
06:27:08 "POST /collect HTTP/1.1" 200 -
06:27:08 "POST /collect HTTP/1.1" 200 -
06:27:08 "POST /collect HTTP/1.1" 200 -
06:27:08 "POST /collect HTTP/1.1" 200 -
06:27:08 "GET /roster HTTP/1.1" 200 -
06:27:08 "POST /collect HTTP/1.1" 200 -
06:27:08 "GET /roster HTTP/1.1" 200 -
06:27:08 "POST /collect HTTP/1.1" 200 -
06:27:08 "POST /collect HTTP/1.1" 200 -
06:27:08 "POST /collect HTTP/1.1" 200 -
06:27:08 "POST /collect HTTP/1.1" 200 -
06:27:08 "POST /collect HTTP/1.1" 200 -
06:27:08 "POST /collect HTTP/1.1" 200 -
06:27:08 "POST /collect HTTP/1.1" 200 -
06:27:08 "POST /collect HTTP/1.1" 200 -
06:27:08 "POST /collect HTTP/1.1" 200 -
06:27:08 "POST /collect HTTP/1.1" 200 -
06:27:08 "POST /collect HTTP/1.1" 200 -
06:27:08 "POST /collect HTTP/1.1" 200 -
06:27:08 "POST /collect HTTP/1.1" 200 -
06:27:09 "POST /collect HTTP/1.1" 200 -
06:27:09 "POST /collect HTTP/1.1" 200 -
06:27:09 "POST /collect HTTP/1.1" 200 -
06:27:09 "POST /collect HTTP/1.1" 200 -
06:27:09 "POST /collect HTTP/1.1" 200 -
06:27:09 "POST /collect HTTP/1.1" 200 -
06:27:09 "POST /collect HTTP/1.1" 200 -
06:27:09 "POST /collect HTTP/1.1" 200 -
06:27:09 "POST /collect HTTP/1.1" 200 -
06:27:09 "POST /collect HTTP/1.1" 200 -
06:27:09 "POST /collect HTTP/1.1" 200 -
06:27:09 "POST /collect HTTP/1.1" 200 -
06:27:10 "POST /collect HTTP/1.1" 200 -
06:27:10 "POST /collect HTTP/1.1" 200 -
06:27:10 "POST /collect HTTP/1.1" 200 -
06:27:10 "POST /collect HTTP/1.1" 200 -
06:27:10 "POST /collect HTTP/1.1" 200 -
06:27:10 "POST /collect HTTP/1.1" 200 -
06:27:10 "POST /collect HTTP/1.1" 200 -
06:27:10 "POST /collect HTTP/1.1" 200 -
06:27:10 "POST /collect HTTP/1.1" 200 -
06:27:10 "POST /collect HTTP/1.1" 200 -
06:27:10 "POST /collect HTTP/1.1" 200 -
06:27:10 "POST /collect HTTP/1.1" 200 -
06:27:10 "GET /roster HTTP/1.1" 200 -
06:27:10 "POST /collect HTTP/1.1" 200 -
06:27:10 "GET /roster HTTP/1.1" 200 -
06:27:10 "POST /collect HTTP/1.1" 200 -
06:27:10 "POST /collect HTTP/1.1" 200 -
06:27:10 "POST /collect HTTP/1.1" 200 -
06:27:10 "POST /collect HTTP/1.1" 200 -
06:27:10 "POST /collect HTTP/1.1" 200 -
06:27:10 "POST /collect HTTP/1.1" 200 -
06:27:11 "POST /collect HTTP/1.1" 200 -
06:27:11 "POST /collect HTTP/1.1" 200 -
06:27:11 "POST /collect HTTP/1.1" 200 -
06:27:11 "POST /collect HTTP/1.1" 200 -
06:27:11 "POST /collect HTTP/1.1" 200 -
06:27:11 "POST /collect HTTP/1.1" 200 -
06:27:11 "POST /collect HTTP/1.1" 200 -
06:27:11 "POST /collect HTTP/1.1" 200 -
06:27:11 "POST /collect HTTP/1.1" 200 -
06:27:11 "POST /collect HTTP/1.1" 200 -
06:27:11 "POST /collect HTTP/1.1" 200 -
06:27:11 "POST /collect HTTP/1.1" 200 -
06:27:11 "POST /collect HTTP/1.1" 200 -
06:27:11 "POST /collect HTTP/1.1" 200 -
06:27:11 "POST /collect HTTP/1.1" 200 -
06:27:11 "POST /collect HTTP/1.1" 200 -
06:27:11 "POST /collect HTTP/1.1" 200 -
06:27:11 "POST /collect HTTP/1.1" 200 -
06:27:12 "POST /collect HTTP/1.1" 200 -
06:27:12 "GET /roster HTTP/1.1" 200 -
06:27:12 "POST /collect HTTP/1.1" 200 -
06:27:12 "GET /roster HTTP/1.1" 200 -
06:27:12 "POST /collect HTTP/1.1" 200 -
06:27:12 "POST /collect HTTP/1.1" 200 -
06:27:12 "POST /collect HTTP/1.1" 200 -
06:27:12 "POST /collect HTTP/1.1" 200 -
06:27:12 "POST /collect HTTP/1.1" 200 -
06:27:12 "POST /collect HTTP/1.1" 200 -
06:27:12 "POST /collect HTTP/1.1" 200 -
06:27:12 "POST /collect HTTP/1.1" 200 -
06:27:12 "POST /collect HTTP/1.1" 200 -
06:27:12 "POST /collect HTTP/1.1" 200 -
06:27:12 "POST /collect HTTP/1.1" 200 -
06:27:12 "POST /collect HTTP/1.1" 200 -
06:27:13 "POST /collect HTTP/1.1" 200 -
06:27:13 "POST /collect HTTP/1.1" 200 -
06:27:13 "POST /collect HTTP/1.1" 200 -
06:27:13 "POST /collect HTTP/1.1" 200 -
06:27:13 "POST /collect HTTP/1.1" 200 -
06:27:13 "POST /collect HTTP/1.1" 200 -
06:27:13 "POST /collect HTTP/1.1" 200 -
06:27:13 "POST /collect HTTP/1.1" 200 -
06:27:13 "POST /collect HTTP/1.1" 200 -
06:27:13 "POST /collect HTTP/1.1" 200 -
06:27:13 "POST /collect HTTP/1.1" 200 -
06:27:13 "POST /collect HTTP/1.1" 200 -
06:27:13 "POST /collect HTTP/1.1" 200 -
06:27:13 "POST /collect HTTP/1.1" 200 -
06:27:13 "POST /collect HTTP/1.1" 200 -
06:27:13 "POST /collect HTTP/1.1" 200 -
06:27:13 "POST /collect HTTP/1.1" 200 -
06:27:14 "POST /collect HTTP/1.1" 200 -
06:27:14 "POST /collect HTTP/1.1" 200 -
06:27:14 "POST /collect HTTP/1.1" 200 -
06:27:14 "POST /collect HTTP/1.1" 200 -
06:27:14 "POST /collect HTTP/1.1" 200 -
06:27:14 "GET /roster HTTP/1.1" 200 -
06:27:14 "POST /collect HTTP/1.1" 200 -
06:27:14 "GET /roster HTTP/1.1" 200 -
06:27:14 "POST /collect HTTP/1.1" 200 -
06:27:14 "POST /collect HTTP/1.1" 200 -
06:27:14 "POST /collect HTTP/1.1" 200 -
06:27:14 "POST /collect HTTP/1.1" 200 -
06:27:14 "POST /collect HTTP/1.1" 200 -
06:27:14 "POST /collect HTTP/1.1" 200 -
06:27:14 "POST /collect HTTP/1.1" 200 -
06:27:14 "POST /collect HTTP/1.1" 200 -
06:27:14 "POST /collect HTTP/1.1" 200 -
06:27:14 "POST /collect HTTP/1.1" 200 -
06:27:14 "POST /collect HTTP/1.1" 200 -
06:27:14 "POST /collect HTTP/1.1" 200 -
06:27:14 "POST /collect HTTP/1.1" 200 -
06:27:15 "POST /collect HTTP/1.1" 200 -
06:27:15 "POST /collect HTTP/1.1" 200 -
06:27:15 "POST /collect HTTP/1.1" 200 -
06:27:15 "POST /collect HTTP/1.1" 200 -
06:27:15 "POST /collect HTTP/1.1" 200 -
06:27:15 "POST /collect HTTP/1.1" 200 -
06:27:15 "POST /collect HTTP/1.1" 200 -
06:27:15 "POST /collect HTTP/1.1" 200 -
06:27:15 "POST /collect HTTP/1.1" 200 -
06:27:15 "POST /collect HTTP/1.1" 200 -
06:27:15 "POST /collect HTTP/1.1" 200 -
06:27:15 "POST /collect HTTP/1.1" 200 -
06:27:16 "POST /collect HTTP/1.1" 200 -
06:27:16 "POST /collect HTTP/1.1" 200 -
06:27:16 "POST /collect HTTP/1.1" 200 -
06:27:16 "POST /collect HTTP/1.1" 200 -
06:27:16 "POST /collect HTTP/1.1" 200 -
06:27:16 "POST /collect HTTP/1.1" 200 -
06:27:16 "POST /collect HTTP/1.1" 200 -
06:27:16 "POST /collect HTTP/1.1" 200 -
06:27:16 "POST /collect HTTP/1.1" 200 -
06:27:16 "POST /collect HTTP/1.1" 200 -
06:27:16 "POST /collect HTTP/1.1" 200 -
06:27:16 "POST /collect HTTP/1.1" 200 -
06:27:16 "POST /collect HTTP/1.1" 200 -
06:27:16 "GET /roster HTTP/1.1" 200 -
06:27:16 "GET /roster HTTP/1.1" 200 -
06:27:16 "POST /collect HTTP/1.1" 200 -
06:27:16 "POST /collect HTTP/1.1" 200 -
06:27:16 "POST /collect HTTP/1.1" 200 -
06:27:16 "POST /collect HTTP/1.1" 200 -
06:27:16 "POST /collect HTTP/1.1" 200 -
06:27:16 "POST /collect HTTP/1.1" 200 -
06:27:17 "POST /collect HTTP/1.1" 200 -
06:27:17 "POST /collect HTTP/1.1" 200 -
06:27:17 "POST /collect HTTP/1.1" 200 -
06:27:17 "POST /collect HTTP/1.1" 200 -
06:27:17 "POST /collect HTTP/1.1" 200 -
06:27:17 "POST /collect HTTP/1.1" 200 -
06:27:17 "POST /collect HTTP/1.1" 200 -
06:27:17 "POST /collect HTTP/1.1" 200 -
06:27:17 "POST /collect HTTP/1.1" 200 -
06:27:17 "POST /collect HTTP/1.1" 200 -
06:27:17 "POST /collect HTTP/1.1" 200 -
06:27:17 "POST /collect HTTP/1.1" 200 -
06:27:17 "POST /collect HTTP/1.1" 200 -
06:27:17 "POST /collect HTTP/1.1" 200 -
06:27:17 "POST /collect HTTP/1.1" 200 -
06:27:17 "POST /collect HTTP/1.1" 200 -
06:27:17 "POST /collect HTTP/1.1" 200 -
06:27:18 "POST /collect HTTP/1.1" 200 -
06:27:18 "GET /roster HTTP/1.1" 200 -
06:27:18 "POST /collect HTTP/1.1" 200 -
06:27:18 "GET /roster HTTP/1.1" 200 -
06:27:18 "POST /collect HTTP/1.1" 200 -
06:27:18 "POST /collect HTTP/1.1" 200 -
06:27:18 "POST /collect HTTP/1.1" 200 -
06:27:18 "POST /collect HTTP/1.1" 200 -
06:27:18 "POST /collect HTTP/1.1" 200 -
06:27:18 "POST /collect HTTP/1.1" 200 -
06:27:18 "POST /collect HTTP/1.1" 200 -
06:27:18 "POST /collect HTTP/1.1" 200 -
06:27:18 "POST /collect HTTP/1.1" 200 -
06:27:18 "POST /collect HTTP/1.1" 200 -
06:27:18 "POST /collect HTTP/1.1" 200 -
06:27:18 "POST /collect HTTP/1.1" 200 -
06:27:19 "POST /collect HTTP/1.1" 200 -
06:27:19 "POST /collect HTTP/1.1" 200 -
06:27:19 "POST /collect HTTP/1.1" 200 -
06:27:19 "POST /collect HTTP/1.1" 200 -
06:27:19 "POST /collect HTTP/1.1" 200 -
06:27:19 "POST /collect HTTP/1.1" 200 -
06:27:19 "POST /collect HTTP/1.1" 200 -
06:27:19 "POST /collect HTTP/1.1" 200 -
06:27:19 "POST /collect HTTP/1.1" 200 -
06:27:19 "POST /collect HTTP/1.1" 200 -
06:27:19 "POST /collect HTTP/1.1" 200 -
06:27:19 "POST /collect HTTP/1.1" 200 -
06:27:19 "POST /collect HTTP/1.1" 200 -
06:27:19 "POST /collect HTTP/1.1" 200 -
06:27:19 "POST /collect HTTP/1.1" 200 -
06:27:19 "POST /collect HTTP/1.1" 200 -
06:27:19 "POST /collect HTTP/1.1" 200 -
06:27:20 "POST /collect HTTP/1.1" 200 -
06:27:20 "POST /collect HTTP/1.1" 200 -
06:27:20 "POST /collect HTTP/1.1" 200 -
06:27:20 "POST /collect HTTP/1.1" 200 -
06:27:20 "POST /collect HTTP/1.1" 200 -
06:27:20 "GET /roster HTTP/1.1" 200 -
06:27:20 "POST /collect HTTP/1.1" 200 -
06:27:20 "GET /roster HTTP/1.1" 200 -
06:27:20 "POST /collect HTTP/1.1" 200 -
06:27:20 "POST /collect HTTP/1.1" 200 -
06:27:20 "POST /collect HTTP/1.1" 200 -
06:27:20 "POST /collect HTTP/1.1" 200 -
06:27:20 "POST /collect HTTP/1.1" 200 -
06:27:20 "POST /collect HTTP/1.1" 200 -
06:27:20 "POST /collect HTTP/1.1" 200 -
06:27:20 "POST /collect HTTP/1.1" 200 -
06:27:20 "POST /collect HTTP/1.1" 200 -
06:27:20 "POST /collect HTTP/1.1" 200 -
06:27:20 "POST /collect HTTP/1.1" 200 -
06:27:20 "POST /collect HTTP/1.1" 200 -
06:27:20 "POST /collect HTTP/1.1" 200 -
06:27:21 "POST /collect HTTP/1.1" 200 -
06:27:21 "POST /collect HTTP/1.1" 200 -
06:27:21 "POST /collect HTTP/1.1" 200 -
06:27:21 "POST /collect HTTP/1.1" 200 -
06:27:21 "POST /collect HTTP/1.1" 200 -
06:27:21 "POST /collect HTTP/1.1" 200 -
06:27:21 "POST /collect HTTP/1.1" 200 -
06:27:21 "POST /collect HTTP/1.1" 200 -
06:27:21 "POST /collect HTTP/1.1" 200 -
06:27:21 "POST /collect HTTP/1.1" 200 -
06:27:21 "POST /collect HTTP/1.1" 200 -
06:27:21 "POST /collect HTTP/1.1" 200 -
06:27:22 "POST /collect HTTP/1.1" 200 -
06:27:22 "POST /collect HTTP/1.1" 200 -
06:27:22 "POST /collect HTTP/1.1" 200 -
06:27:22 "POST /collect HTTP/1.1" 200 -
06:27:22 "POST /collect HTTP/1.1" 200 -
06:27:22 "POST /collect HTTP/1.1" 200 -
06:27:22 "POST /collect HTTP/1.1" 200 -
06:27:22 "POST /collect HTTP/1.1" 200 -
06:27:22 "POST /collect HTTP/1.1" 200 -
06:27:22 "POST /collect HTTP/1.1" 200 -
06:27:22 "POST /collect HTTP/1.1" 200 -
06:27:22 "POST /collect HTTP/1.1" 200 -
06:27:22 "GET /roster HTTP/1.1" 200 -
06:27:22 "POST /collect HTTP/1.1" 200 -
06:27:22 "GET /roster HTTP/1.1" 200 -
06:27:22 "POST /collect HTTP/1.1" 200 -
06:27:22 "POST /collect HTTP/1.1" 200 -
06:27:22 "POST /collect HTTP/1.1" 200 -
06:27:22 "POST /collect HTTP/1.1" 200 -
06:27:22 "POST /collect HTTP/1.1" 200 -
06:27:22 "POST /collect HTTP/1.1" 200 -
06:27:23 "POST /collect HTTP/1.1" 200 -
06:27:23 "POST /collect HTTP/1.1" 200 -
06:27:23 "POST /collect HTTP/1.1" 200 -
06:27:23 "POST /collect HTTP/1.1" 200 -
06:27:23 "POST /collect HTTP/1.1" 200 -
06:27:23 "POST /collect HTTP/1.1" 200 -
06:27:23 "POST /collect HTTP/1.1" 200 -
06:27:23 "POST /collect HTTP/1.1" 200 -
06:27:23 "POST /collect HTTP/1.1" 200 -
06:27:23 "POST /collect HTTP/1.1" 200 -
06:27:23 "POST /collect HTTP/1.1" 200 -
06:27:23 "POST /collect HTTP/1.1" 200 -
06:27:23 "POST /collect HTTP/1.1" 200 -
06:27:23 "POST /collect HTTP/1.1" 200 -
06:27:23 "POST /collect HTTP/1.1" 200 -
06:27:23 "POST /collect HTTP/1.1" 200 -
06:27:23 "POST /collect HTTP/1.1" 200 -
06:27:24 "POST /collect HTTP/1.1" 200 -
06:27:24 "GET /roster HTTP/1.1" 200 -
06:27:24 "POST /collect HTTP/1.1" 200 -
06:27:24 "GET /roster HTTP/1.1" 200 -
06:27:24 "POST /collect HTTP/1.1" 200 -
06:27:24 "POST /collect HTTP/1.1" 200 -
06:27:24 "POST /collect HTTP/1.1" 200 -
06:27:24 "POST /collect HTTP/1.1" 200 -
06:27:24 "POST /collect HTTP/1.1" 200 -
06:27:24 "POST /collect HTTP/1.1" 200 -
06:27:24 "POST /collect HTTP/1.1" 200 -
06:27:24 "POST /collect HTTP/1.1" 200 -
06:27:24 "POST /collect HTTP/1.1" 200 -
06:27:24 "POST /collect HTTP/1.1" 200 -
06:27:24 "POST /collect HTTP/1.1" 200 -
06:27:24 "POST /collect HTTP/1.1" 200 -
06:27:25 "POST /collect HTTP/1.1" 200 -
06:27:25 "POST /collect HTTP/1.1" 200 -
06:27:25 "POST /collect HTTP/1.1" 200 -
06:27:25 "POST /collect HTTP/1.1" 200 -
06:27:25 "POST /collect HTTP/1.1" 200 -
06:27:25 "POST /collect HTTP/1.1" 200 -
06:27:25 "POST /collect HTTP/1.1" 200 -
06:27:25 "POST /collect HTTP/1.1" 200 -
06:27:25 "POST /collect HTTP/1.1" 200 -
06:27:25 "POST /collect HTTP/1.1" 200 -
06:27:25 "POST /collect HTTP/1.1" 200 -
06:27:25 "POST /collect HTTP/1.1" 200 -
06:27:25 "POST /collect HTTP/1.1" 200 -
06:27:25 "POST /collect HTTP/1.1" 200 -
06:27:25 "POST /collect HTTP/1.1" 200 -
06:27:25 "POST /collect HTTP/1.1" 200 -
06:27:25 "POST /collect HTTP/1.1" 200 -
06:27:26 "POST /collect HTTP/1.1" 200 -
06:27:26 "POST /collect HTTP/1.1" 200 -
06:27:26 "POST /collect HTTP/1.1" 200 -
06:27:26 "POST /collect HTTP/1.1" 200 -
06:27:26 "POST /collect HTTP/1.1" 200 -
06:27:26 "GET /roster HTTP/1.1" 200 -
06:27:26 "POST /collect HTTP/1.1" 200 -
06:27:26 "GET /roster HTTP/1.1" 200 -
06:27:26 "POST /collect HTTP/1.1" 200 -
06:27:26 "POST /collect HTTP/1.1" 200 -
06:27:26 "POST /collect HTTP/1.1" 200 -
06:27:26 "POST /collect HTTP/1.1" 200 -
06:27:26 "POST /collect HTTP/1.1" 200 -
06:27:26 "POST /collect HTTP/1.1" 200 -
06:27:26 "POST /collect HTTP/1.1" 200 -
06:27:26 "POST /collect HTTP/1.1" 200 -
06:27:26 "POST /collect HTTP/1.1" 200 -
06:27:26 "POST /collect HTTP/1.1" 200 -
06:27:26 "POST /collect HTTP/1.1" 200 -
06:27:26 "POST /collect HTTP/1.1" 200 -
06:27:26 "POST /collect HTTP/1.1" 200 -
06:27:26 "POST /collect HTTP/1.1" 200 -
06:27:27 "POST /collect HTTP/1.1" 200 -
06:27:27 "POST /collect HTTP/1.1" 200 -
06:27:27 "POST /collect HTTP/1.1" 200 -
06:27:27 "POST /collect HTTP/1.1" 200 -
06:27:27 "POST /collect HTTP/1.1" 200 -
06:27:27 "POST /collect HTTP/1.1" 200 -
06:27:27 "POST /collect HTTP/1.1" 200 -
06:27:27 "POST /collect HTTP/1.1" 200 -
06:27:27 "POST /collect HTTP/1.1" 200 -
06:27:27 "POST /collect HTTP/1.1" 200 -
06:27:27 "POST /collect HTTP/1.1" 200 -
06:27:27 "POST /collect HTTP/1.1" 200 -
06:27:28 "POST /collect HTTP/1.1" 200 -
06:27:28 "POST /collect HTTP/1.1" 200 -
06:27:28 "POST /collect HTTP/1.1" 200 -
06:27:28 "POST /collect HTTP/1.1" 200 -
06:27:28 "POST /collect HTTP/1.1" 200 -
06:27:28 "POST /collect HTTP/1.1" 200 -
06:27:28 "POST /collect HTTP/1.1" 200 -
06:27:28 "POST /collect HTTP/1.1" 200 -
06:27:28 "POST /collect HTTP/1.1" 200 -
06:27:28 "POST /collect HTTP/1.1" 200 -
06:27:28 "POST /collect HTTP/1.1" 200 -
06:27:28 "POST /collect HTTP/1.1" 200 -
06:27:28 "GET /roster HTTP/1.1" 200 -
06:27:28 "GET /roster HTTP/1.1" 200 -
06:27:28 "POST /collect HTTP/1.1" 200 -
06:27:28 "POST /collect HTTP/1.1" 200 -
06:27:28 "POST /collect HTTP/1.1" 200 -
06:27:28 "POST /collect HTTP/1.1" 200 -
06:27:28 "POST /collect HTTP/1.1" 200 -
06:27:28 "POST /collect HTTP/1.1" 200 -
06:27:28 "POST /collect HTTP/1.1" 200 -
06:27:29 "POST /collect HTTP/1.1" 200 -
06:27:29 "POST /collect HTTP/1.1" 200 -
06:27:29 "POST /collect HTTP/1.1" 200 -
06:27:29 "POST /collect HTTP/1.1" 200 -
06:27:29 "POST /collect HTTP/1.1" 200 -
06:27:29 "POST /collect HTTP/1.1" 200 -
06:27:29 "POST /collect HTTP/1.1" 200 -
06:27:29 "POST /collect HTTP/1.1" 200 -
06:27:29 "POST /collect HTTP/1.1" 200 -
06:27:29 "POST /collect HTTP/1.1" 200 -
06:27:29 "POST /collect HTTP/1.1" 200 -
06:27:29 "POST /collect HTTP/1.1" 200 -
06:27:29 "POST /collect HTTP/1.1" 200 -
06:27:29 "POST /collect HTTP/1.1" 200 -
06:27:29 "POST /collect HTTP/1.1" 200 -
06:27:29 "POST /collect HTTP/1.1" 200 -
06:27:29 "POST /collect HTTP/1.1" 200 -
06:27:30 "POST /collect HTTP/1.1" 200 -
06:27:30 "POST /collect HTTP/1.1" 200 -
06:27:30 "GET /roster HTTP/1.1" 200 -
06:27:30 "GET /roster HTTP/1.1" 200 -
06:27:30 "POST /collect HTTP/1.1" 200 -
06:27:30 "POST /collect HTTP/1.1" 200 -
06:27:30 "POST /collect HTTP/1.1" 200 -
06:27:30 "POST /collect HTTP/1.1" 200 -
06:27:30 "POST /collect HTTP/1.1" 200 -
06:27:30 "POST /collect HTTP/1.1" 200 -
06:27:30 "POST /collect HTTP/1.1" 200 -
06:27:30 "POST /collect HTTP/1.1" 200 -
06:27:30 "POST /collect HTTP/1.1" 200 -
06:27:30 "POST /collect HTTP/1.1" 200 -
06:27:30 "POST /collect HTTP/1.1" 200 -
06:27:30 "POST /collect HTTP/1.1" 200 -
06:27:31 "POST /collect HTTP/1.1" 200 -
06:27:31 "POST /collect HTTP/1.1" 200 -
06:27:31 "POST /collect HTTP/1.1" 200 -
06:27:31 "POST /collect HTTP/1.1" 200 -
06:27:31 "POST /collect HTTP/1.1" 200 -
06:27:31 "POST /collect HTTP/1.1" 200 -
06:27:31 "POST /collect HTTP/1.1" 200 -
06:27:31 "POST /collect HTTP/1.1" 200 -
06:27:31 "POST /collect HTTP/1.1" 200 -
06:27:31 "POST /collect HTTP/1.1" 200 -
06:27:31 "POST /collect HTTP/1.1" 200 -
06:27:31 "POST /collect HTTP/1.1" 200 -
06:27:31 "POST /collect HTTP/1.1" 200 -
06:27:31 "POST /collect HTTP/1.1" 200 -
06:27:31 "POST /collect HTTP/1.1" 200 -
06:27:31 "POST /collect HTTP/1.1" 200 -
06:27:31 "POST /collect HTTP/1.1" 200 -
06:27:32 "POST /collect HTTP/1.1" 200 -
06:27:32 "POST /collect HTTP/1.1" 200 -
06:27:32 "POST /collect HTTP/1.1" 200 -
06:27:32 "POST /collect HTTP/1.1" 200 -
06:27:32 "POST /collect HTTP/1.1" 200 -
06:27:32 "GET /roster HTTP/1.1" 200 -
06:27:32 "POST /collect HTTP/1.1" 200 -
06:27:32 "GET /roster HTTP/1.1" 200 -
06:27:32 "POST /collect HTTP/1.1" 200 -
06:27:32 "POST /collect HTTP/1.1" 200 -
06:27:32 "POST /collect HTTP/1.1" 200 -
06:27:32 "POST /collect HTTP/1.1" 200 -
06:27:32 "POST /collect HTTP/1.1" 200 -
06:27:32 "POST /collect HTTP/1.1" 200 -
06:27:32 "POST /collect HTTP/1.1" 200 -
06:27:32 "POST /collect HTTP/1.1" 200 -
06:27:32 "POST /collect HTTP/1.1" 200 -
06:27:32 "POST /collect HTTP/1.1" 200 -
06:27:32 "POST /collect HTTP/1.1" 200 -
06:27:32 "POST /collect HTTP/1.1" 200 -
06:27:32 "POST /collect HTTP/1.1" 200 -
06:27:33 "POST /collect HTTP/1.1" 200 -
06:27:33 "POST /collect HTTP/1.1" 200 -
06:27:33 "POST /collect HTTP/1.1" 200 -
06:27:33 "POST /collect HTTP/1.1" 200 -
06:27:33 "POST /collect HTTP/1.1" 200 -
06:27:33 "POST /collect HTTP/1.1" 200 -
06:27:33 "POST /collect HTTP/1.1" 200 -
06:27:33 "POST /collect HTTP/1.1" 200 -
06:27:33 "POST /collect HTTP/1.1" 200 -
06:27:33 "POST /collect HTTP/1.1" 200 -
06:27:33 "POST /collect HTTP/1.1" 200 -
06:27:33 "POST /collect HTTP/1.1" 200 -
06:27:34 "POST /collect HTTP/1.1" 200 -
06:27:34 "POST /collect HTTP/1.1" 200 -
06:27:34 "POST /collect HTTP/1.1" 200 -
06:27:34 "POST /collect HTTP/1.1" 200 -
06:27:34 "POST /collect HTTP/1.1" 200 -
06:27:34 "POST /collect HTTP/1.1" 200 -
06:27:34 "POST /collect HTTP/1.1" 200 -
06:27:34 "POST /collect HTTP/1.1" 200 -
06:27:34 "POST /collect HTTP/1.1" 200 -
06:27:34 "POST /collect HTTP/1.1" 200 -
06:27:34 "POST /collect HTTP/1.1" 200 -
06:27:34 "POST /collect HTTP/1.1" 200 -
06:27:34 "GET /roster HTTP/1.1" 200 -
06:27:34 "POST /collect HTTP/1.1" 200 -
06:27:34 "GET /roster HTTP/1.1" 200 -
06:27:34 "POST /collect HTTP/1.1" 200 -
06:27:34 "POST /collect HTTP/1.1" 200 -
06:27:34 "POST /collect HTTP/1.1" 200 -
06:27:34 "POST /collect HTTP/1.1" 200 -
06:27:34 "POST /collect HTTP/1.1" 200 -
06:27:34 "POST /collect HTTP/1.1" 200 -
06:27:35 "POST /collect HTTP/1.1" 200 -
06:27:35 "POST /collect HTTP/1.1" 200 -
06:27:35 "POST /collect HTTP/1.1" 200 -
06:27:35 "POST /collect HTTP/1.1" 200 -
06:27:35 "POST /collect HTTP/1.1" 200 -
06:27:35 "POST /collect HTTP/1.1" 200 -
06:27:35 "POST /collect HTTP/1.1" 200 -
06:27:35 "POST /collect HTTP/1.1" 200 -
06:27:35 "POST /collect HTTP/1.1" 200 -
06:27:35 "POST /collect HTTP/1.1" 200 -
06:27:35 "POST /collect HTTP/1.1" 200 -
06:27:35 "POST /collect HTTP/1.1" 200 -
06:27:35 "POST /collect HTTP/1.1" 200 -
06:27:35 "POST /collect HTTP/1.1" 200 -
06:27:35 "POST /collect HTTP/1.1" 200 -
06:27:35 "POST /collect HTTP/1.1" 200 -
06:27:35 "POST /collect HTTP/1.1" 200 -
06:27:36 "POST /collect HTTP/1.1" 200 -
06:27:36 "POST /collect HTTP/1.1" 200 -
06:27:36 "GET /roster HTTP/1.1" 200 -
06:27:36 "GET /roster HTTP/1.1" 200 -
06:27:36 "POST /collect HTTP/1.1" 200 -
06:27:36 "POST /collect HTTP/1.1" 200 -
06:27:36 "POST /collect HTTP/1.1" 200 -
06:27:36 "POST /collect HTTP/1.1" 200 -
06:27:36 "POST /collect HTTP/1.1" 200 -
06:27:36 "POST /collect HTTP/1.1" 200 -
06:27:36 "POST /collect HTTP/1.1" 200 -
06:27:36 "POST /collect HTTP/1.1" 200 -
06:27:36 "POST /collect HTTP/1.1" 200 -
06:27:36 "POST /collect HTTP/1.1" 200 -
06:27:36 "POST /collect HTTP/1.1" 200 -
06:27:36 "POST /collect HTTP/1.1" 200 -
06:27:37 "POST /collect HTTP/1.1" 200 -
06:27:37 "POST /collect HTTP/1.1" 200 -
06:27:37 "POST /collect HTTP/1.1" 200 -
06:27:37 "POST /collect HTTP/1.1" 200 -
06:27:37 "POST /collect HTTP/1.1" 200 -
06:27:37 "POST /collect HTTP/1.1" 200 -
06:27:37 "POST /collect HTTP/1.1" 200 -
06:27:37 "POST /collect HTTP/1.1" 200 -
06:27:37 "POST /collect HTTP/1.1" 200 -
06:27:37 "POST /collect HTTP/1.1" 200 -
06:27:37 "POST /collect HTTP/1.1" 200 -
06:27:37 "POST /collect HTTP/1.1" 200 -
06:27:37 "POST /collect HTTP/1.1" 200 -
06:27:37 "POST /collect HTTP/1.1" 200 -
06:27:37 "POST /collect HTTP/1.1" 200 -
06:27:37 "POST /collect HTTP/1.1" 200 -
06:27:37 "POST /collect HTTP/1.1" 200 -
06:27:38 "POST /collect HTTP/1.1" 200 -
06:27:38 "POST /collect HTTP/1.1" 200 -
06:27:38 "POST /collect HTTP/1.1" 200 -
06:27:38 "POST /collect HTTP/1.1" 200 -
06:27:38 "POST /collect HTTP/1.1" 200 -
06:27:38 "GET /roster HTTP/1.1" 200 -
06:27:38 "POST /collect HTTP/1.1" 200 -
06:27:38 "GET /roster HTTP/1.1" 200 -
06:27:38 "POST /collect HTTP/1.1" 200 -
06:27:38 "POST /collect HTTP/1.1" 200 -
06:27:38 "POST /collect HTTP/1.1" 200 -
06:27:38 "POST /collect HTTP/1.1" 200 -
06:27:38 "POST /collect HTTP/1.1" 200 -
06:27:38 "POST /collect HTTP/1.1" 200 -
06:27:38 "POST /collect HTTP/1.1" 200 -
06:27:38 "POST /collect HTTP/1.1" 200 -
06:27:38 "POST /collect HTTP/1.1" 200 -
06:27:38 "POST /collect HTTP/1.1" 200 -
06:27:38 "POST /collect HTTP/1.1" 200 -
06:27:38 "POST /collect HTTP/1.1" 200 -
06:27:38 "POST /collect HTTP/1.1" 200 -
06:27:39 "POST /collect HTTP/1.1" 200 -
06:27:39 "POST /collect HTTP/1.1" 200 -
06:27:39 "POST /collect HTTP/1.1" 200 -
06:27:39 "POST /collect HTTP/1.1" 200 -
06:27:39 "POST /collect HTTP/1.1" 200 -
06:27:39 "POST /collect HTTP/1.1" 200 -
06:27:39 "POST /collect HTTP/1.1" 200 -
06:27:39 "POST /collect HTTP/1.1" 200 -
06:27:39 "POST /collect HTTP/1.1" 200 -
06:27:39 "POST /collect HTTP/1.1" 200 -
06:27:39 "POST /collect HTTP/1.1" 200 -
06:27:39 "POST /collect HTTP/1.1" 200 -
06:27:40 "POST /collect HTTP/1.1" 200 -
06:27:40 "POST /collect HTTP/1.1" 200 -
06:27:40 "POST /collect HTTP/1.1" 200 -
06:27:40 "POST /collect HTTP/1.1" 200 -
06:27:40 "POST /collect HTTP/1.1" 200 -
06:27:40 "POST /collect HTTP/1.1" 200 -
06:27:40 "POST /collect HTTP/1.1" 200 -
06:27:40 "POST /collect HTTP/1.1" 200 -
06:27:40 "POST /collect HTTP/1.1" 200 -
06:27:40 "POST /collect HTTP/1.1" 200 -
06:27:40 "POST /collect HTTP/1.1" 200 -
06:27:40 "POST /collect HTTP/1.1" 200 -
06:27:40 "GET /roster HTTP/1.1" 200 -
06:27:40 "POST /collect HTTP/1.1" 200 -
06:27:40 "GET /roster HTTP/1.1" 200 -
06:27:40 "POST /collect HTTP/1.1" 200 -
06:27:40 "POST /collect HTTP/1.1" 200 -
06:27:40 "POST /collect HTTP/1.1" 200 -
06:27:40 "POST /collect HTTP/1.1" 200 -
06:27:40 "POST /collect HTTP/1.1" 200 -
06:27:40 "POST /collect HTTP/1.1" 200 -
06:27:41 "POST /collect HTTP/1.1" 200 -
06:27:41 "POST /collect HTTP/1.1" 200 -
06:27:41 "POST /collect HTTP/1.1" 200 -
06:27:41 "POST /collect HTTP/1.1" 200 -
06:27:41 "POST /collect HTTP/1.1" 200 -
06:27:41 "POST /collect HTTP/1.1" 200 -
06:27:41 "POST /collect HTTP/1.1" 200 -
06:27:41 "POST /collect HTTP/1.1" 200 -
06:27:41 "POST /collect HTTP/1.1" 200 -
06:27:41 "POST /collect HTTP/1.1" 200 -
06:27:41 "POST /collect HTTP/1.1" 200 -
06:27:41 "POST /collect HTTP/1.1" 200 -
06:27:41 "POST /collect HTTP/1.1" 200 -
06:27:41 "POST /collect HTTP/1.1" 200 -
06:27:41 "POST /collect HTTP/1.1" 200 -
06:27:41 "POST /collect HTTP/1.1" 200 -
06:27:41 "POST /collect HTTP/1.1" 200 -
06:27:41 "POST /collect HTTP/1.1" 200 -
06:27:42 "POST /collect HTTP/1.1" 200 -
06:27:42 "POST /collect HTTP/1.1" 200 -
06:27:42 "GET /roster HTTP/1.1" 200 -
06:27:42 "GET /roster HTTP/1.1" 200 -
06:27:42 "POST /collect HTTP/1.1" 200 -
06:27:42 "POST /collect HTTP/1.1" 200 -
06:27:42 "POST /collect HTTP/1.1" 200 -
06:27:42 "POST /collect HTTP/1.1" 200 -
06:27:42 "POST /collect HTTP/1.1" 200 -
06:27:42 "POST /collect HTTP/1.1" 200 -
06:27:42 "POST /collect HTTP/1.1" 200 -
06:27:42 "POST /collect HTTP/1.1" 200 -
06:27:42 "POST /collect HTTP/1.1" 200 -
06:27:42 "POST /collect HTTP/1.1" 200 -
06:27:42 "POST /collect HTTP/1.1" 200 -
06:27:42 "POST /collect HTTP/1.1" 200 -
06:27:43 "POST /collect HTTP/1.1" 200 -
06:27:43 "POST /collect HTTP/1.1" 200 -
06:27:43 "POST /collect HTTP/1.1" 200 -
06:27:43 "POST /collect HTTP/1.1" 200 -
06:27:43 "POST /collect HTTP/1.1" 200 -
06:27:43 "POST /collect HTTP/1.1" 200 -
06:27:43 "POST /collect HTTP/1.1" 200 -
06:27:43 "POST /collect HTTP/1.1" 200 -
06:27:43 "POST /collect HTTP/1.1" 200 -
06:27:43 "POST /collect HTTP/1.1" 200 -
06:27:43 "POST /collect HTTP/1.1" 200 -
06:27:43 "POST /collect HTTP/1.1" 200 -
06:27:43 "POST /collect HTTP/1.1" 200 -
06:27:43 "POST /collect HTTP/1.1" 200 -
06:27:43 "POST /collect HTTP/1.1" 200 -
06:27:43 "POST /collect HTTP/1.1" 200 -
06:27:43 "POST /collect HTTP/1.1" 200 -
06:27:44 "POST /collect HTTP/1.1" 200 -
06:27:44 "POST /collect HTTP/1.1" 200 -
06:27:44 "POST /collect HTTP/1.1" 200 -
06:27:44 "POST /collect HTTP/1.1" 200 -
06:27:44 "POST /collect HTTP/1.1" 200 -
06:27:44 "POST /collect HTTP/1.1" 200 -
06:27:44 "GET /roster HTTP/1.1" 200 -
06:27:44 "GET /roster HTTP/1.1" 200 -
06:27:44 "POST /collect HTTP/1.1" 200 -
06:27:44 "POST /collect HTTP/1.1" 200 -
06:27:44 "POST /collect HTTP/1.1" 200 -
06:27:44 "POST /collect HTTP/1.1" 200 -
06:27:44 "POST /collect HTTP/1.1" 200 -
06:27:44 "POST /collect HTTP/1.1" 200 -
06:27:44 "POST /collect HTTP/1.1" 200 -
06:27:44 "POST /collect HTTP/1.1" 200 -
06:27:44 "POST /collect HTTP/1.1" 200 -
06:27:44 "POST /collect HTTP/1.1" 200 -
06:27:44 "POST /collect HTTP/1.1" 200 -
06:27:44 "POST /collect HTTP/1.1" 200 -
06:27:44 "POST /collect HTTP/1.1" 200 -
06:27:45 "POST /collect HTTP/1.1" 200 -
06:27:45 "POST /collect HTTP/1.1" 200 -
06:27:45 "POST /collect HTTP/1.1" 200 -
06:27:45 "POST /collect HTTP/1.1" 200 -
06:27:45 "POST /collect HTTP/1.1" 200 -
06:27:45 "POST /collect HTTP/1.1" 200 -
06:27:45 "POST /collect HTTP/1.1" 200 -
06:27:45 "POST /collect HTTP/1.1" 200 -
06:27:45 "POST /collect HTTP/1.1" 200 -
06:27:45 "POST /collect HTTP/1.1" 200 -
06:27:45 "POST /collect HTTP/1.1" 200 -
06:27:45 "POST /collect HTTP/1.1" 200 -
06:27:46 "POST /collect HTTP/1.1" 200 -
06:27:46 "POST /collect HTTP/1.1" 200 -
06:27:46 "POST /collect HTTP/1.1" 200 -
06:27:46 "POST /collect HTTP/1.1" 200 -
06:27:46 "POST /collect HTTP/1.1" 200 -
06:27:46 "POST /collect HTTP/1.1" 200 -
06:27:46 "POST /collect HTTP/1.1" 200 -
06:27:46 "POST /collect HTTP/1.1" 200 -
06:27:46 "POST /collect HTTP/1.1" 200 -
06:27:46 "POST /collect HTTP/1.1" 200 -
06:27:46 "POST /collect HTTP/1.1" 200 -
06:27:46 "POST /collect HTTP/1.1" 200 -
06:27:46 "POST /collect HTTP/1.1" 200 -
06:27:46 "GET /roster HTTP/1.1" 200 -
06:27:46 "GET /roster HTTP/1.1" 200 -
06:27:46 "POST /collect HTTP/1.1" 200 -
06:27:46 "POST /collect HTTP/1.1" 200 -
06:27:46 "POST /collect HTTP/1.1" 200 -
06:27:46 "POST /collect HTTP/1.1" 200 -
06:27:46 "POST /collect HTTP/1.1" 200 -
06:27:46 "POST /collect HTTP/1.1" 200 -
06:27:47 "POST /collect HTTP/1.1" 200 -
06:27:47 "POST /collect HTTP/1.1" 200 -
06:27:47 "POST /collect HTTP/1.1" 200 -
06:27:47 "POST /collect HTTP/1.1" 200 -
06:27:47 "POST /collect HTTP/1.1" 200 -
06:27:47 "POST /collect HTTP/1.1" 200 -
06:27:47 "POST /collect HTTP/1.1" 200 -
06:27:47 "POST /collect HTTP/1.1" 200 -
06:27:47 "POST /collect HTTP/1.1" 200 -
06:27:47 "POST /collect HTTP/1.1" 200 -
06:27:47 "POST /collect HTTP/1.1" 200 -
06:27:47 "POST /collect HTTP/1.1" 200 -
06:27:47 "POST /collect HTTP/1.1" 200 -
06:27:47 "POST /collect HTTP/1.1" 200 -
06:27:47 "POST /collect HTTP/1.1" 200 -
06:27:47 "POST /collect HTTP/1.1" 200 -
06:27:47 "POST /collect HTTP/1.1" 200 -
06:27:48 "POST /collect HTTP/1.1" 200 -
06:27:48 "GET /roster HTTP/1.1" 200 -
06:27:48 "POST /collect HTTP/1.1" 200 -
06:27:48 "GET /roster HTTP/1.1" 200 -
06:27:48 "POST /collect HTTP/1.1" 200 -
06:27:48 "POST /collect HTTP/1.1" 200 -
06:27:48 "POST /collect HTTP/1.1" 200 -
06:27:48 "POST /collect HTTP/1.1" 200 -
06:27:48 "POST /collect HTTP/1.1" 200 -
06:27:48 "POST /collect HTTP/1.1" 200 -
06:27:48 "POST /collect HTTP/1.1" 200 -
06:27:48 "POST /collect HTTP/1.1" 200 -
06:27:48 "POST /collect HTTP/1.1" 200 -
06:27:48 "POST /collect HTTP/1.1" 200 -
06:27:48 "POST /collect HTTP/1.1" 200 -
06:27:48 "POST /collect HTTP/1.1" 200 -
06:27:49 "POST /collect HTTP/1.1" 200 -
06:27:49 "POST /collect HTTP/1.1" 200 -
06:27:49 "POST /collect HTTP/1.1" 200 -
06:27:49 "POST /collect HTTP/1.1" 200 -
06:27:49 "POST /collect HTTP/1.1" 200 -
06:27:49 "POST /collect HTTP/1.1" 200 -
06:27:49 "POST /collect HTTP/1.1" 200 -
06:27:49 "POST /collect HTTP/1.1" 200 -
06:27:49 "POST /collect HTTP/1.1" 200 -
06:27:49 "POST /collect HTTP/1.1" 200 -
06:27:49 "POST /collect HTTP/1.1" 200 -
06:27:49 "POST /collect HTTP/1.1" 200 -
06:27:49 "POST /collect HTTP/1.1" 200 -
06:27:49 "POST /collect HTTP/1.1" 200 -
06:27:49 "POST /collect HTTP/1.1" 200 -
06:27:49 "POST /collect HTTP/1.1" 200 -
06:27:49 "POST /collect HTTP/1.1" 200 -
06:27:50 "POST /collect HTTP/1.1" 200 -
06:27:50 "POST /collect HTTP/1.1" 200 -
06:27:50 "POST /collect HTTP/1.1" 200 -
06:27:50 "POST /collect HTTP/1.1" 200 -
06:27:50 "POST /collect HTTP/1.1" 200 -
06:27:50 "GET /roster HTTP/1.1" 200 -
06:27:50 "POST /collect HTTP/1.1" 200 -
06:27:50 "GET /roster HTTP/1.1" 200 -
06:27:50 "POST /collect HTTP/1.1" 200 -
06:27:50 "POST /collect HTTP/1.1" 200 -
06:27:50 "POST /collect HTTP/1.1" 200 -
06:27:50 "POST /collect HTTP/1.1" 200 -
06:27:50 "POST /collect HTTP/1.1" 200 -
06:27:50 "POST /collect HTTP/1.1" 200 -
06:27:50 "POST /collect HTTP/1.1" 200 -
06:27:50 "POST /collect HTTP/1.1" 200 -
06:27:50 "POST /collect HTTP/1.1" 200 -
06:27:50 "POST /collect HTTP/1.1" 200 -
06:27:50 "POST /collect HTTP/1.1" 200 -
06:27:50 "POST /collect HTTP/1.1" 200 -
06:27:50 "POST /collect HTTP/1.1" 200 -
06:27:51 "POST /collect HTTP/1.1" 200 -
06:27:51 "POST /collect HTTP/1.1" 200 -
06:27:51 "POST /collect HTTP/1.1" 200 -
06:27:51 "POST /collect HTTP/1.1" 200 -
06:27:51 "POST /collect HTTP/1.1" 200 -
06:27:51 "POST /collect HTTP/1.1" 200 -
06:27:51 "POST /collect HTTP/1.1" 200 -
06:27:51 "POST /collect HTTP/1.1" 200 -
06:27:51 "POST /collect HTTP/1.1" 200 -
06:27:51 "POST /collect HTTP/1.1" 200 -
06:27:51 "POST /collect HTTP/1.1" 200 -
06:27:51 "POST /collect HTTP/1.1" 200 -
06:27:52 "POST /collect HTTP/1.1" 200 -
06:27:52 "POST /collect HTTP/1.1" 200 -
06:27:52 "POST /collect HTTP/1.1" 200 -
06:27:52 "POST /collect HTTP/1.1" 200 -
06:27:52 "POST /collect HTTP/1.1" 200 -
06:27:52 "POST /collect HTTP/1.1" 200 -
06:27:52 "POST /collect HTTP/1.1" 200 -
06:27:52 "POST /collect HTTP/1.1" 200 -
06:27:52 "POST /collect HTTP/1.1" 200 -
06:27:52 "POST /collect HTTP/1.1" 200 -
06:27:52 "POST /collect HTTP/1.1" 200 -
06:27:52 "POST /collect HTTP/1.1" 200 -
06:27:52 "POST /collect HTTP/1.1" 200 -
06:27:52 "GET /roster HTTP/1.1" 200 -
06:27:52 "POST /collect HTTP/1.1" 200 -
06:27:52 "GET /roster HTTP/1.1" 200 -
06:27:52 "POST /collect HTTP/1.1" 200 -
06:27:52 "POST /collect HTTP/1.1" 200 -
06:27:52 "POST /collect HTTP/1.1" 200 -
06:27:52 "POST /collect HTTP/1.1" 200 -
06:27:52 "POST /collect HTTP/1.1" 200 -
06:27:52 "POST /collect HTTP/1.1" 200 -
06:27:53 "POST /collect HTTP/1.1" 200 -
06:27:53 "POST /collect HTTP/1.1" 200 -
06:27:53 "POST /collect HTTP/1.1" 200 -
06:27:53 "POST /collect HTTP/1.1" 200 -
06:27:53 "POST /collect HTTP/1.1" 200 -
06:27:53 "POST /collect HTTP/1.1" 200 -
06:27:53 "POST /collect HTTP/1.1" 200 -
06:27:53 "POST /collect HTTP/1.1" 200 -
06:27:53 "POST /collect HTTP/1.1" 200 -
06:27:53 "POST /collect HTTP/1.1" 200 -
06:27:53 "POST /collect HTTP/1.1" 200 -
06:27:53 "POST /collect HTTP/1.1" 200 -
06:27:53 "POST /collect HTTP/1.1" 200 -
06:27:53 "POST /collect HTTP/1.1" 200 -
06:27:53 "POST /collect HTTP/1.1" 200 -
06:27:53 "POST /collect HTTP/1.1" 200 -
06:27:53 "POST /collect HTTP/1.1" 200 -
06:27:54 "POST /collect HTTP/1.1" 200 -
06:27:54 "GET /roster HTTP/1.1" 200 -
06:27:54 "GET /roster HTTP/1.1" 200 -
06:27:54 "POST /collect HTTP/1.1" 200 -
06:27:54 "POST /collect HTTP/1.1" 200 -
06:27:54 "POST /collect HTTP/1.1" 200 -
06:27:54 "POST /collect HTTP/1.1" 200 -
06:27:54 "POST /collect HTTP/1.1" 200 -
06:27:54 "POST /collect HTTP/1.1" 200 -
06:27:54 "POST /collect HTTP/1.1" 200 -
06:27:55 "POST /collect HTTP/1.1" 200 -
06:27:55 "POST /collect HTTP/1.1" 200 -
06:27:55 "POST /collect HTTP/1.1" 200 -
