m2m server on :8896, results -> /Users/s32863/personal/elektron/results/m2m-churn-soak.jsonl, app 8c2a974b…
06:00:06 "GET /roster HTTP/1.1" 200 -
06:00:07 "GET /roster HTTP/1.1" 200 -
06:00:07 "POST /reset HTTP/1.1" 200 -
06:00:07 "GET /room-churn.html?id=1&n=8&mode=full&hold=1&cb=1787713207854 HTTP/1.1" 200 -
06:00:07 code 404, message File not found
06:00:07 "GET /favicon.ico HTTP/1.1" 404 -
06:00:08 "GET /room-churn.html?id=2&n=8&mode=full&hold=1&cb=1787713208549 HTTP/1.1" 200 -
06:00:08 code 404, message File not found
06:00:08 "GET /favicon.ico HTTP/1.1" 404 -
06:00:09 "GET /room-churn.html?id=A&n=8&mode=pub&hold=1&cb=1787713209238 HTTP/1.1" 200 -
06:00:09 code 404, message File not found
06:00:09 "GET /favicon.ico HTTP/1.1" 404 -
06:00:10 "GET /room-churn.html?id=B&n=8&mode=pub&hold=1&cb=1787713209967 HTTP/1.1" 200 -
06:00:10 code 404, message File not found
06:00:10 "GET /favicon.ico HTTP/1.1" 404 -
06:00:10 "GET /room-churn.html?id=C&n=8&mode=pub&hold=1&cb=1787713210702 HTTP/1.1" 200 -
06:00:10 code 404, message File not found
06:00:10 "GET /favicon.ico HTTP/1.1" 404 -
06:00:11 "GET /room-churn.html?id=D&n=8&mode=pub&hold=1&cb=1787713211422 HTTP/1.1" 200 -
06:00:11 code 404, message File not found
06:00:11 "GET /favicon.ico HTTP/1.1" 404 -
06:00:12 "GET /room-churn.html?id=E&n=8&mode=pub&hold=1&cb=1787713212083 HTTP/1.1" 200 -
06:00:12 code 404, message File not found
06:00:12 "GET /favicon.ico HTTP/1.1" 404 -
06:00:12 "GET /room-churn.html?id=F&n=8&mode=pub&hold=1&cb=1787713212720 HTTP/1.1" 200 -
06:00:12 code 404, message File not found
06:00:12 "GET /favicon.ico HTTP/1.1" 404 -
06:00:12 "POST /collect HTTP/1.1" 200 -
06:00:12 "POST /collect HTTP/1.1" 200 -
06:00:12 "POST /collect HTTP/1.1" 200 -
06:00:12 "POST /collect HTTP/1.1" 200 -
06:00:12 "POST /collect HTTP/1.1" 200 -
06:00:12 "POST /collect HTTP/1.1" 200 -
06:00:12 "POST /collect HTTP/1.1" 200 -
06:00:12 "POST /collect HTTP/1.1" 200 -
06:00:12 "POST /collect HTTP/1.1" 200 -
06:00:13 CF POST /sessions/new -> 201 (223 ms)
06:00:13 "POST /cf/sessions/new HTTP/1.1" 201 -
06:00:13 CF POST /sessions/new -> 201 (237 ms)
06:00:13 "POST /cf/sessions/new HTTP/1.1" 201 -
06:00:13 CF POST /sessions/new -> 201 (212 ms)
06:00:13 "POST /cf/sessions/new HTTP/1.1" 201 -
06:00:13 CF POST /sessions/new -> 201 (242 ms)
06:00:13 "POST /cf/sessions/new HTTP/1.1" 201 -
06:00:13 CF POST /sessions/new -> 201 (235 ms)
06:00:13 "POST /cf/sessions/new HTTP/1.1" 201 -
06:00:13 CF POST /sessions/new -> 201 (254 ms)
06:00:13 "POST /cf/sessions/new HTTP/1.1" 201 -
06:00:13 CF POST /sessions/new -> 201 (278 ms)
06:00:13 "POST /cf/sessions/new HTTP/1.1" 201 -
06:00:13 CF POST /sessions/new -> 201 (365 ms)
06:00:13 "POST /cf/sessions/new HTTP/1.1" 201 -
06:00:13 CF POST /sessions/ed2493dd4dc8525b73e361c24877b09ca75a734c7d2aa18c4f0aee0e6ccd0de5/tracks/new -> 200 (374 ms)
06:00:13 "POST /cf/sessions/ed2493dd4dc8525b73e361c24877b09ca75a734c7d2aa18c4f0aee0e6ccd0de5/tracks/new HTTP/1.1" 200 -
06:00:13 "POST /collect HTTP/1.1" 200 -
06:00:13 "POST /collect HTTP/1.1" 200 -
06:00:13 CF POST /sessions/5f4f272cfe0dabcb4f4d522509eff0bc01772cc2aba37e7c6408e8022a3bc698/tracks/new -> 200 (415 ms)
06:00:13 "POST /cf/sessions/5f4f272cfe0dabcb4f4d522509eff0bc01772cc2aba37e7c6408e8022a3bc698/tracks/new HTTP/1.1" 200 -
06:00:13 "POST /collect HTTP/1.1" 200 -
06:00:13 "POST /collect HTTP/1.1" 200 -
06:00:13 CF POST /sessions/ffdcd1faec24aecb094b39b36dc328ad203307f30d12dca16cbf92933099fab9/tracks/new -> 200 (397 ms)
06:00:13 "POST /cf/sessions/ffdcd1faec24aecb094b39b36dc328ad203307f30d12dca16cbf92933099fab9/tracks/new HTTP/1.1" 200 -
06:00:13 CF POST /sessions/0aae83ba51e8c4fe91d6172d3fe4a6eea5d77dd49c26c62f2080ed0580afab6b/tracks/new -> 200 (438 ms)
06:00:13 "POST /cf/sessions/0aae83ba51e8c4fe91d6172d3fe4a6eea5d77dd49c26c62f2080ed0580afab6b/tracks/new HTTP/1.1" 200 -
06:00:13 CF POST /sessions/9177efc48d4e7b76fff0e9e13c2f2d0b98f3304fadcc3a809b46a56eaf0eec88/tracks/new -> 200 (391 ms)
06:00:13 "POST /cf/sessions/9177efc48d4e7b76fff0e9e13c2f2d0b98f3304fadcc3a809b46a56eaf0eec88/tracks/new HTTP/1.1" 200 -
06:00:13 "POST /collect HTTP/1.1" 200 -
06:00:13 "POST /collect HTTP/1.1" 200 -
06:00:13 CF POST /sessions/2ba73fef6ed4e924d30361f9390a9454a5c15905c5fa094c541535bc8ff11745/tracks/new -> 200 (441 ms)
06:00:13 "POST /cf/sessions/2ba73fef6ed4e924d30361f9390a9454a5c15905c5fa094c541535bc8ff11745/tracks/new HTTP/1.1" 200 -
06:00:13 "POST /collect HTTP/1.1" 200 -
06:00:13 "POST /collect HTTP/1.1" 200 -
06:00:13 "POST /collect HTTP/1.1" 200 -
06:00:13 "POST /collect HTTP/1.1" 200 -
06:00:13 "POST /collect HTTP/1.1" 200 -
06:00:13 "POST /collect HTTP/1.1" 200 -
06:00:13 CF POST /sessions/2f9e9c4b6bfc13798a756702022ffdd58707c5810dcc4a98d49a1be3afea281c/tracks/new -> 200 (357 ms)
06:00:13 "POST /cf/sessions/2f9e9c4b6bfc13798a756702022ffdd58707c5810dcc4a98d49a1be3afea281c/tracks/new HTTP/1.1" 200 -
06:00:13 "POST /collect HTTP/1.1" 200 -
06:00:13 "POST /collect HTTP/1.1" 200 -
06:00:13 CF POST /sessions/8930a5ceb8289361ead04bcf2a6e3836e6da473a9a6df9bf0925074196e1c60e/tracks/new -> 200 (432 ms)
06:00:13 "POST /cf/sessions/8930a5ceb8289361ead04bcf2a6e3836e6da473a9a6df9bf0925074196e1c60e/tracks/new HTTP/1.1" 200 -
06:00:13 "POST /collect HTTP/1.1" 200 -
06:00:13 "POST /collect HTTP/1.1" 200 -
06:00:13 "POST /collect HTTP/1.1" 200 -
06:00:13 "POST /collect HTTP/1.1" 200 -
06:00:14 "POST /collect HTTP/1.1" 200 -
06:00:14 "POST /collect HTTP/1.1" 200 -
06:00:14 "POST /collect HTTP/1.1" 200 -
06:00:14 "POST /collect HTTP/1.1" 200 -
06:00:14 "POST /join HTTP/1.1" 200 -
06:00:14 "POST /join HTTP/1.1" 200 -
06:00:14 "POST /collect HTTP/1.1" 200 -
06:00:14 "POST /collect HTTP/1.1" 200 -
06:00:14 "POST /collect HTTP/1.1" 200 -
06:00:14 "POST /collect HTTP/1.1" 200 -
06:00:14 "POST /collect HTTP/1.1" 200 -
06:00:14 "POST /collect HTTP/1.1" 200 -
06:00:14 "POST /join HTTP/1.1" 200 -
06:00:14 "POST /join HTTP/1.1" 200 -
06:00:14 "POST /join HTTP/1.1" 200 -
06:00:14 "POST /collect HTTP/1.1" 200 -
06:00:14 "POST /collect HTTP/1.1" 200 -
06:00:14 "POST /collect HTTP/1.1" 200 -
06:00:14 "POST /collect HTTP/1.1" 200 -
06:00:14 "POST /join HTTP/1.1" 200 -
06:00:14 "POST /collect HTTP/1.1" 200 -
06:00:14 "POST /collect HTTP/1.1" 200 -
06:00:14 "POST /join HTTP/1.1" 200 -
06:00:14 "POST /collect HTTP/1.1" 200 -
06:00:14 "POST /collect HTTP/1.1" 200 -
06:00:14 "GET /roster HTTP/1.1" 200 -
06:00:14 "POST /collect HTTP/1.1" 200 -
06:00:14 "POST /collect HTTP/1.1" 200 -
06:00:14 CF POST /sessions/2f9e9c4b6bfc13798a756702022ffdd58707c5810dcc4a98d49a1be3afea281c/tracks/new -> 200 (260 ms)
06:00:14 "POST /cf/sessions/2f9e9c4b6bfc13798a756702022ffdd58707c5810dcc4a98d49a1be3afea281c/tracks/new HTTP/1.1" 200 -
06:00:14 CF PUT /sessions/2f9e9c4b6bfc13798a756702022ffdd58707c5810dcc4a98d49a1be3afea281c/renegotiate -> 200 (143 ms)
06:00:14 "PUT /cf/sessions/2f9e9c4b6bfc13798a756702022ffdd58707c5810dcc4a98d49a1be3afea281c/renegotiate HTTP/1.1" 200 -
06:00:14 "POST /collect HTTP/1.1" 200 -
06:00:14 "POST /collect HTTP/1.1" 200 -
06:00:14 CF POST /sessions/2f9e9c4b6bfc13798a756702022ffdd58707c5810dcc4a98d49a1be3afea281c/tracks/new -> 200 (267 ms)
06:00:14 "POST /cf/sessions/2f9e9c4b6bfc13798a756702022ffdd58707c5810dcc4a98d49a1be3afea281c/tracks/new HTTP/1.1" 200 -
06:00:14 "POST /collect HTTP/1.1" 200 -
06:00:15 "POST /collect HTTP/1.1" 200 -
06:00:15 CF PUT /sessions/2f9e9c4b6bfc13798a756702022ffdd58707c5810dcc4a98d49a1be3afea281c/renegotiate -> 200 (132 ms)
06:00:15 "PUT /cf/sessions/2f9e9c4b6bfc13798a756702022ffdd58707c5810dcc4a98d49a1be3afea281c/renegotiate HTTP/1.1" 200 -
06:00:15 "POST /collect HTTP/1.1" 200 -
06:00:15 "POST /join HTTP/1.1" 200 -
06:00:15 "POST /collect HTTP/1.1" 200 -
06:00:15 "POST /collect HTTP/1.1" 200 -
06:00:15 "GET /roster HTTP/1.1" 200 -
06:00:15 "POST /collect HTTP/1.1" 200 -
06:00:15 "POST /collect HTTP/1.1" 200 -
06:00:15 CF POST /sessions/ed2493dd4dc8525b73e361c24877b09ca75a734c7d2aa18c4f0aee0e6ccd0de5/tracks/new -> 200 (205 ms)
06:00:15 "POST /cf/sessions/ed2493dd4dc8525b73e361c24877b09ca75a734c7d2aa18c4f0aee0e6ccd0de5/tracks/new HTTP/1.1" 200 -
06:00:15 CF POST /sessions/2f9e9c4b6bfc13798a756702022ffdd58707c5810dcc4a98d49a1be3afea281c/tracks/new -> 200 (288 ms)
06:00:15 "POST /cf/sessions/2f9e9c4b6bfc13798a756702022ffdd58707c5810dcc4a98d49a1be3afea281c/tracks/new HTTP/1.1" 200 -
06:00:15 CF PUT /sessions/ed2493dd4dc8525b73e361c24877b09ca75a734c7d2aa18c4f0aee0e6ccd0de5/renegotiate -> 200 (148 ms)
06:00:15 "PUT /cf/sessions/ed2493dd4dc8525b73e361c24877b09ca75a734c7d2aa18c4f0aee0e6ccd0de5/renegotiate HTTP/1.1" 200 -
06:00:15 "POST /collect HTTP/1.1" 200 -
06:00:15 "POST /collect HTTP/1.1" 200 -
06:00:15 CF PUT /sessions/2f9e9c4b6bfc13798a756702022ffdd58707c5810dcc4a98d49a1be3afea281c/renegotiate -> 200 (147 ms)
06:00:15 "PUT /cf/sessions/2f9e9c4b6bfc13798a756702022ffdd58707c5810dcc4a98d49a1be3afea281c/renegotiate HTTP/1.1" 200 -
06:00:15 "POST /collect HTTP/1.1" 200 -
06:00:15 "POST /collect HTTP/1.1" 200 -
06:00:15 CF POST /sessions/ed2493dd4dc8525b73e361c24877b09ca75a734c7d2aa18c4f0aee0e6ccd0de5/tracks/new -> 200 (143 ms)
06:00:15 "POST /cf/sessions/ed2493dd4dc8525b73e361c24877b09ca75a734c7d2aa18c4f0aee0e6ccd0de5/tracks/new HTTP/1.1" 200 -
06:00:15 "POST /collect HTTP/1.1" 200 -
06:00:15 "POST /collect HTTP/1.1" 200 -
06:00:15 CF POST /sessions/2f9e9c4b6bfc13798a756702022ffdd58707c5810dcc4a98d49a1be3afea281c/tracks/new -> 200 (270 ms)
06:00:15 "POST /cf/sessions/2f9e9c4b6bfc13798a756702022ffdd58707c5810dcc4a98d49a1be3afea281c/tracks/new HTTP/1.1" 200 -
06:00:15 "POST /collect HTTP/1.1" 200 -
06:00:15 CF PUT /sessions/ed2493dd4dc8525b73e361c24877b09ca75a734c7d2aa18c4f0aee0e6ccd0de5/renegotiate -> 200 (133 ms)
06:00:15 "PUT /cf/sessions/ed2493dd4dc8525b73e361c24877b09ca75a734c7d2aa18c4f0aee0e6ccd0de5/renegotiate HTTP/1.1" 200 -
06:00:16 "POST /collect HTTP/1.1" 200 -
06:00:16 CF PUT /sessions/2f9e9c4b6bfc13798a756702022ffdd58707c5810dcc4a98d49a1be3afea281c/renegotiate -> 200 (199 ms)
06:00:16 "PUT /cf/sessions/2f9e9c4b6bfc13798a756702022ffdd58707c5810dcc4a98d49a1be3afea281c/renegotiate HTTP/1.1" 200 -
06:00:16 "POST /collect HTTP/1.1" 200 -
06:00:16 "POST /collect HTTP/1.1" 200 -
06:00:16 "POST /collect HTTP/1.1" 200 -
06:00:16 "POST /collect HTTP/1.1" 200 -
06:00:16 "POST /collect HTTP/1.1" 200 -
06:00:16 "GET /roster HTTP/1.1" 200 -
06:00:16 "POST /collect HTTP/1.1" 200 -
06:00:16 CF POST /sessions/ed2493dd4dc8525b73e361c24877b09ca75a734c7d2aa18c4f0aee0e6ccd0de5/tracks/new -> 200 (207 ms)
06:00:16 "POST /cf/sessions/ed2493dd4dc8525b73e361c24877b09ca75a734c7d2aa18c4f0aee0e6ccd0de5/tracks/new HTTP/1.1" 200 -
06:00:16 CF POST /sessions/2f9e9c4b6bfc13798a756702022ffdd58707c5810dcc4a98d49a1be3afea281c/tracks/new -> 200 (264 ms)
06:00:16 "POST /cf/sessions/2f9e9c4b6bfc13798a756702022ffdd58707c5810dcc4a98d49a1be3afea281c/tracks/new HTTP/1.1" 200 -
06:00:16 CF PUT /sessions/ed2493dd4dc8525b73e361c24877b09ca75a734c7d2aa18c4f0aee0e6ccd0de5/renegotiate -> 200 (147 ms)
06:00:16 "PUT /cf/sessions/ed2493dd4dc8525b73e361c24877b09ca75a734c7d2aa18c4f0aee0e6ccd0de5/renegotiate HTTP/1.1" 200 -
06:00:16 "POST /collect HTTP/1.1" 200 -
06:00:16 "POST /collect HTTP/1.1" 200 -
06:00:16 CF PUT /sessions/2f9e9c4b6bfc13798a756702022ffdd58707c5810dcc4a98d49a1be3afea281c/renegotiate -> 200 (151 ms)
06:00:16 "PUT /cf/sessions/2f9e9c4b6bfc13798a756702022ffdd58707c5810dcc4a98d49a1be3afea281c/renegotiate HTTP/1.1" 200 -
06:00:16 "POST /collect HTTP/1.1" 200 -
06:00:16 "POST /collect HTTP/1.1" 200 -
06:00:16 "POST /collect HTTP/1.1" 200 -
06:00:16 CF POST /sessions/ed2493dd4dc8525b73e361c24877b09ca75a734c7d2aa18c4f0aee0e6ccd0de5/tracks/new -> 200 (203 ms)
06:00:16 "POST /cf/sessions/ed2493dd4dc8525b73e361c24877b09ca75a734c7d2aa18c4f0aee0e6ccd0de5/tracks/new HTTP/1.1" 200 -
06:00:16 "POST /collect HTTP/1.1" 200 -
06:00:16 "POST /collect HTTP/1.1" 200 -
06:00:16 CF PUT /sessions/ed2493dd4dc8525b73e361c24877b09ca75a734c7d2aa18c4f0aee0e6ccd0de5/renegotiate -> 200 (143 ms)
06:00:16 "PUT /cf/sessions/ed2493dd4dc8525b73e361c24877b09ca75a734c7d2aa18c4f0aee0e6ccd0de5/renegotiate HTTP/1.1" 200 -
06:00:16 "POST /collect HTTP/1.1" 200 -
06:00:16 CF POST /sessions/2f9e9c4b6bfc13798a756702022ffdd58707c5810dcc4a98d49a1be3afea281c/tracks/new -> 200 (251 ms)
06:00:16 "POST /cf/sessions/2f9e9c4b6bfc13798a756702022ffdd58707c5810dcc4a98d49a1be3afea281c/tracks/new HTTP/1.1" 200 -
06:00:16 "POST /collect HTTP/1.1" 200 -
06:00:16 CF PUT /sessions/2f9e9c4b6bfc13798a756702022ffdd58707c5810dcc4a98d49a1be3afea281c/renegotiate -> 200 (132 ms)
06:00:16 "PUT /cf/sessions/2f9e9c4b6bfc13798a756702022ffdd58707c5810dcc4a98d49a1be3afea281c/renegotiate HTTP/1.1" 200 -
06:00:16 "POST /collect HTTP/1.1" 200 -
06:00:16 "POST /collect HTTP/1.1" 200 -
06:00:16 "POST /collect HTTP/1.1" 200 -
06:00:16 "POST /collect HTTP/1.1" 200 -
06:00:17 CF POST /sessions/ed2493dd4dc8525b73e361c24877b09ca75a734c7d2aa18c4f0aee0e6ccd0de5/tracks/new -> 200 (313 ms)
06:00:17 "POST /cf/sessions/ed2493dd4dc8525b73e361c24877b09ca75a734c7d2aa18c4f0aee0e6ccd0de5/tracks/new HTTP/1.1" 200 -
06:00:17 "POST /collect HTTP/1.1" 200 -
06:00:17 "POST /collect HTTP/1.1" 200 -
06:00:17 "POST /collect HTTP/1.1" 200 -
06:00:17 CF POST /sessions/2f9e9c4b6bfc13798a756702022ffdd58707c5810dcc4a98d49a1be3afea281c/tracks/new -> 200 (238 ms)
06:00:17 "POST /cf/sessions/2f9e9c4b6bfc13798a756702022ffdd58707c5810dcc4a98d49a1be3afea281c/tracks/new HTTP/1.1" 200 -
06:00:17 "GET /roster HTTP/1.1" 200 -
06:00:17 "POST /collect HTTP/1.1" 200 -
06:00:17 "POST /collect HTTP/1.1" 200 -
06:00:17 "POST /collect HTTP/1.1" 200 -
06:00:17 "POST /collect HTTP/1.1" 200 -
06:00:17 "POST /collect HTTP/1.1" 200 -
06:00:17 CF PUT /sessions/ed2493dd4dc8525b73e361c24877b09ca75a734c7d2aa18c4f0aee0e6ccd0de5/renegotiate -> 200 (162 ms)
06:00:17 "PUT /cf/sessions/ed2493dd4dc8525b73e361c24877b09ca75a734c7d2aa18c4f0aee0e6ccd0de5/renegotiate HTTP/1.1" 200 -
06:00:17 "POST /collect HTTP/1.1" 200 -
06:00:17 "POST /collect HTTP/1.1" 200 -
06:00:17 "POST /collect HTTP/1.1" 200 -
06:00:17 CF PUT /sessions/2f9e9c4b6bfc13798a756702022ffdd58707c5810dcc4a98d49a1be3afea281c/renegotiate -> 200 (157 ms)
06:00:17 "PUT /cf/sessions/2f9e9c4b6bfc13798a756702022ffdd58707c5810dcc4a98d49a1be3afea281c/renegotiate HTTP/1.1" 200 -
06:00:17 "POST /collect HTTP/1.1" 200 -
06:00:17 "POST /collect HTTP/1.1" 200 -
06:00:17 CF POST /sessions/ed2493dd4dc8525b73e361c24877b09ca75a734c7d2aa18c4f0aee0e6ccd0de5/tracks/new -> 200 (167 ms)
06:00:17 "POST /cf/sessions/ed2493dd4dc8525b73e361c24877b09ca75a734c7d2aa18c4f0aee0e6ccd0de5/tracks/new HTTP/1.1" 200 -
06:00:17 "POST /collect HTTP/1.1" 200 -
06:00:17 CF PUT /sessions/ed2493dd4dc8525b73e361c24877b09ca75a734c7d2aa18c4f0aee0e6ccd0de5/renegotiate -> 200 (145 ms)
06:00:17 "PUT /cf/sessions/ed2493dd4dc8525b73e361c24877b09ca75a734c7d2aa18c4f0aee0e6ccd0de5/renegotiate HTTP/1.1" 200 -
06:00:17 "POST /collect HTTP/1.1" 200 -
06:00:17 "POST /collect HTTP/1.1" 200 -
06:00:17 "POST /collect HTTP/1.1" 200 -
06:00:17 "POST /collect HTTP/1.1" 200 -
06:00:17 CF POST /sessions/ed2493dd4dc8525b73e361c24877b09ca75a734c7d2aa18c4f0aee0e6ccd0de5/tracks/new -> 200 (178 ms)
06:00:17 "POST /cf/sessions/ed2493dd4dc8525b73e361c24877b09ca75a734c7d2aa18c4f0aee0e6ccd0de5/tracks/new HTTP/1.1" 200 -
06:00:17 CF PUT /sessions/ed2493dd4dc8525b73e361c24877b09ca75a734c7d2aa18c4f0aee0e6ccd0de5/renegotiate -> 200 (147 ms)
06:00:17 "PUT /cf/sessions/ed2493dd4dc8525b73e361c24877b09ca75a734c7d2aa18c4f0aee0e6ccd0de5/renegotiate HTTP/1.1" 200 -
06:00:17 "POST /collect HTTP/1.1" 200 -
06:00:17 "POST /collect HTTP/1.1" 200 -
06:00:17 "POST /collect HTTP/1.1" 200 -
06:00:17 "POST /collect HTTP/1.1" 200 -
06:00:18 "GET /roster HTTP/1.1" 200 -
06:00:18 "POST /collect HTTP/1.1" 200 -
06:00:18 "POST /collect HTTP/1.1" 200 -
06:00:18 "POST /collect HTTP/1.1" 200 -
06:00:19 "POST /collect HTTP/1.1" 200 -
06:00:19 "GET /roster HTTP/1.1" 200 -
06:00:19 "POST /collect HTTP/1.1" 200 -
06:00:19 "POST /collect HTTP/1.1" 200 -
06:00:19 "POST /collect HTTP/1.1" 200 -
06:00:20 "POST /collect HTTP/1.1" 200 -
06:00:20 "POST /collect HTTP/1.1" 200 -
06:00:20 "GET /roster HTTP/1.1" 200 -
06:00:20 "POST /collect HTTP/1.1" 200 -
06:00:20 "POST /collect HTTP/1.1" 200 -
06:00:20 "POST /collect HTTP/1.1" 200 -
06:00:20 "POST /collect HTTP/1.1" 200 -
06:00:20 "POST /collect HTTP/1.1" 200 -
06:00:20 "POST /collect HTTP/1.1" 200 -
06:00:20 "POST /collect HTTP/1.1" 200 -
06:00:21 "GET /roster HTTP/1.1" 200 -
06:00:21 "POST /collect HTTP/1.1" 200 -
06:00:21 "POST /collect HTTP/1.1" 200 -
06:00:21 "POST /collect HTTP/1.1" 200 -
06:00:22 "GET /roster HTTP/1.1" 200 -
06:00:22 "POST /collect HTTP/1.1" 200 -
06:00:22 "POST /collect HTTP/1.1" 200 -
06:00:22 "POST /collect HTTP/1.1" 200 -
06:00:23 "POST /collect HTTP/1.1" 200 -
06:00:23 "POST /collect HTTP/1.1" 200 -
06:00:23 "GET /roster HTTP/1.1" 200 -
06:00:23 "POST /collect HTTP/1.1" 200 -
06:00:23 "POST /collect HTTP/1.1" 200 -
06:00:23 "POST /collect HTTP/1.1" 200 -
06:00:23 "POST /collect HTTP/1.1" 200 -
06:00:23 "POST /collect HTTP/1.1" 200 -
06:00:23 "POST /collect HTTP/1.1" 200 -
06:00:23 "POST /collect HTTP/1.1" 200 -
06:00:24 "GET /roster HTTP/1.1" 200 -
06:00:24 "POST /collect HTTP/1.1" 200 -
06:00:24 "POST /collect HTTP/1.1" 200 -
06:00:24 "GET /roster HTTP/1.1" 200 -
06:00:24 "POST /collect HTTP/1.1" 200 -
06:00:24 CF GET /sessions/2f9e9c4b6bfc13798a756702022ffdd58707c5810dcc4a98d49a1be3afea281c -> 200 (181 ms)
06:00:24 "GET /cf/sessions/2f9e9c4b6bfc13798a756702022ffdd58707c5810dcc4a98d49a1be3afea281c HTTP/1.1" 200 -
06:00:24 "POST /collect HTTP/1.1" 200 -
06:00:24 "GET /roster HTTP/1.1" 200 -
06:00:24 CF GET /sessions/ffdcd1faec24aecb094b39b36dc328ad203307f30d12dca16cbf92933099fab9 -> 200 (135 ms)
06:00:24 "GET /cf/sessions/ffdcd1faec24aecb094b39b36dc328ad203307f30d12dca16cbf92933099fab9 HTTP/1.1" 200 -
06:00:24 "POST /collect HTTP/1.1" 200 -
06:00:24 "POST /collect HTTP/1.1" 200 -
06:00:25 "GET /roster HTTP/1.1" 200 -
06:00:25 "POST /collect HTTP/1.1" 200 -
06:00:25 "POST /collect HTTP/1.1" 200 -
06:00:25 "POST /collect HTTP/1.1" 200 -
06:00:26 "POST /collect HTTP/1.1" 200 -
06:00:26 "POST /collect HTTP/1.1" 200 -
06:00:26 "GET /roster HTTP/1.1" 200 -
06:00:26 "POST /collect HTTP/1.1" 200 -
06:00:26 "POST /collect HTTP/1.1" 200 -
06:00:26 "POST /collect HTTP/1.1" 200 -
06:00:26 "POST /collect HTTP/1.1" 200 -
06:00:26 "POST /collect HTTP/1.1" 200 -
06:00:26 "POST /collect HTTP/1.1" 200 -
06:00:26 "POST /collect HTTP/1.1" 200 -
06:00:27 "GET /roster HTTP/1.1" 200 -
06:00:27 "POST /collect HTTP/1.1" 200 -
06:00:27 "POST /collect HTTP/1.1" 200 -
06:00:27 "POST /collect HTTP/1.1" 200 -
06:00:28 "GET /roster HTTP/1.1" 200 -
06:00:28 "POST /collect HTTP/1.1" 200 -
06:00:28 "POST /collect HTTP/1.1" 200 -
06:00:28 "POST /collect HTTP/1.1" 200 -
06:00:29 "POST /collect HTTP/1.1" 200 -
06:00:29 "POST /collect HTTP/1.1" 200 -
06:00:29 "GET /roster HTTP/1.1" 200 -
06:00:29 "POST /collect HTTP/1.1" 200 -
06:00:29 "POST /collect HTTP/1.1" 200 -
06:00:29 "POST /collect HTTP/1.1" 200 -
06:00:29 "POST /collect HTTP/1.1" 200 -
06:00:29 "POST /collect HTTP/1.1" 200 -
06:00:29 "POST /collect HTTP/1.1" 200 -
06:00:29 "POST /collect HTTP/1.1" 200 -
06:00:30 "GET /roster HTTP/1.1" 200 -
06:00:30 "POST /collect HTTP/1.1" 200 -
06:00:30 "POST /collect HTTP/1.1" 200 -
06:00:30 "POST /collect HTTP/1.1" 200 -
06:00:31 "GET /roster HTTP/1.1" 200 -
06:00:31 "POST /collect HTTP/1.1" 200 -
06:00:31 "POST /collect HTTP/1.1" 200 -
06:00:31 "POST /collect HTTP/1.1" 200 -
06:00:32 "POST /collect HTTP/1.1" 200 -
06:00:32 "POST /collect HTTP/1.1" 200 -
06:00:32 "GET /roster HTTP/1.1" 200 -
06:00:32 "POST /collect HTTP/1.1" 200 -
06:00:32 "POST /collect HTTP/1.1" 200 -
06:00:32 "POST /collect HTTP/1.1" 200 -
06:00:32 "POST /collect HTTP/1.1" 200 -
06:00:32 "POST /collect HTTP/1.1" 200 -
06:00:32 "POST /collect HTTP/1.1" 200 -
06:00:32 "POST /collect HTTP/1.1" 200 -
06:00:33 "GET /roster HTTP/1.1" 200 -
06:00:33 "POST /collect HTTP/1.1" 200 -
06:00:33 "POST /collect HTTP/1.1" 200 -
06:00:33 "POST /collect HTTP/1.1" 200 -
06:00:34 "GET /roster HTTP/1.1" 200 -
06:00:34 "POST /collect HTTP/1.1" 200 -
06:00:34 "POST /collect HTTP/1.1" 200 -
06:00:34 "POST /collect HTTP/1.1" 200 -
06:00:35 "POST /collect HTTP/1.1" 200 -
06:00:35 "POST /collect HTTP/1.1" 200 -
06:00:35 "GET /roster HTTP/1.1" 200 -
06:00:35 "POST /collect HTTP/1.1" 200 -
06:00:35 "POST /collect HTTP/1.1" 200 -
06:00:35 "POST /collect HTTP/1.1" 200 -
06:00:35 "POST /collect HTTP/1.1" 200 -
06:00:35 "POST /collect HTTP/1.1" 200 -
06:00:35 "POST /collect HTTP/1.1" 200 -
06:00:35 "POST /collect HTTP/1.1" 200 -
06:00:36 "GET /roster HTTP/1.1" 200 -
06:00:36 "POST /collect HTTP/1.1" 200 -
06:00:36 "POST /collect HTTP/1.1" 200 -
06:00:36 "POST /collect HTTP/1.1" 200 -
06:00:37 "GET /roster HTTP/1.1" 200 -
06:00:37 "POST /collect HTTP/1.1" 200 -
06:00:37 "POST /collect HTTP/1.1" 200 -
06:00:37 "POST /collect HTTP/1.1" 200 -
06:00:38 "POST /collect HTTP/1.1" 200 -
06:00:38 "POST /collect HTTP/1.1" 200 -
06:00:38 "GET /roster HTTP/1.1" 200 -
06:00:38 "POST /collect HTTP/1.1" 200 -
06:00:38 "POST /collect HTTP/1.1" 200 -
06:00:38 "POST /collect HTTP/1.1" 200 -
06:00:38 "POST /collect HTTP/1.1" 200 -
06:00:38 "POST /collect HTTP/1.1" 200 -
06:00:38 "POST /collect HTTP/1.1" 200 -
06:00:38 "POST /collect HTTP/1.1" 200 -
06:00:39 "GET /roster HTTP/1.1" 200 -
06:00:39 "POST /collect HTTP/1.1" 200 -
06:00:39 "POST /collect HTTP/1.1" 200 -
06:00:39 "POST /collect HTTP/1.1" 200 -
06:00:40 "GET /roster HTTP/1.1" 200 -
06:00:40 "POST /collect HTTP/1.1" 200 -
06:00:40 "POST /collect HTTP/1.1" 200 -
06:00:40 "POST /collect HTTP/1.1" 200 -
06:00:41 "POST /collect HTTP/1.1" 200 -
06:00:41 "POST /collect HTTP/1.1" 200 -
06:00:41 "GET /roster HTTP/1.1" 200 -
06:00:41 "POST /collect HTTP/1.1" 200 -
06:00:41 "POST /collect HTTP/1.1" 200 -
06:00:41 "POST /collect HTTP/1.1" 200 -
06:00:41 "POST /collect HTTP/1.1" 200 -
06:00:41 "POST /collect HTTP/1.1" 200 -
06:00:41 "POST /collect HTTP/1.1" 200 -
06:00:41 "POST /collect HTTP/1.1" 200 -
06:00:42 "GET /roster HTTP/1.1" 200 -
06:00:42 "POST /collect HTTP/1.1" 200 -
06:00:42 "POST /collect HTTP/1.1" 200 -
06:00:42 "POST /collect HTTP/1.1" 200 -
06:00:43 "GET /roster HTTP/1.1" 200 -
06:00:43 "POST /collect HTTP/1.1" 200 -
06:00:43 "POST /collect HTTP/1.1" 200 -
06:00:43 "POST /collect HTTP/1.1" 200 -
06:00:44 "POST /collect HTTP/1.1" 200 -
06:00:44 "POST /collect HTTP/1.1" 200 -
06:00:44 "GET /roster HTTP/1.1" 200 -
06:00:44 "POST /collect HTTP/1.1" 200 -
06:00:44 "POST /collect HTTP/1.1" 200 -
06:00:44 "POST /collect HTTP/1.1" 200 -
06:00:44 "POST /collect HTTP/1.1" 200 -
06:00:44 "POST /collect HTTP/1.1" 200 -
06:00:44 "POST /collect HTTP/1.1" 200 -
06:00:44 "POST /collect HTTP/1.1" 200 -
06:00:45 "GET /roster HTTP/1.1" 200 -
06:00:45 "POST /collect HTTP/1.1" 200 -
06:00:45 "POST /collect HTTP/1.1" 200 -
06:00:45 "POST /collect HTTP/1.1" 200 -
06:00:46 "GET /roster HTTP/1.1" 200 -
06:00:46 "POST /collect HTTP/1.1" 200 -
06:00:46 "POST /collect HTTP/1.1" 200 -
06:00:46 "POST /collect HTTP/1.1" 200 -
06:00:47 "POST /collect HTTP/1.1" 200 -
06:00:47 "POST /collect HTTP/1.1" 200 -
06:00:47 "GET /roster HTTP/1.1" 200 -
06:00:47 "POST /collect HTTP/1.1" 200 -
06:00:47 "POST /collect HTTP/1.1" 200 -
06:00:47 "POST /collect HTTP/1.1" 200 -
06:00:47 "POST /collect HTTP/1.1" 200 -
06:00:47 "POST /collect HTTP/1.1" 200 -
06:00:47 "POST /collect HTTP/1.1" 200 -
06:00:47 "POST /collect HTTP/1.1" 200 -
06:00:48 "GET /roster HTTP/1.1" 200 -
06:00:48 "POST /collect HTTP/1.1" 200 -
06:00:48 "POST /collect HTTP/1.1" 200 -
06:00:48 "POST /collect HTTP/1.1" 200 -
06:00:49 "GET /roster HTTP/1.1" 200 -
06:00:49 "POST /collect HTTP/1.1" 200 -
06:00:49 "POST /collect HTTP/1.1" 200 -
06:00:49 "POST /collect HTTP/1.1" 200 -
06:00:50 "POST /collect HTTP/1.1" 200 -
06:00:50 "POST /collect HTTP/1.1" 200 -
06:00:50 "GET /roster HTTP/1.1" 200 -
06:00:50 "POST /collect HTTP/1.1" 200 -
06:00:50 "POST /collect HTTP/1.1" 200 -
06:00:50 "POST /collect HTTP/1.1" 200 -
06:00:50 "POST /collect HTTP/1.1" 200 -
06:00:50 "POST /collect HTTP/1.1" 200 -
06:00:50 "POST /collect HTTP/1.1" 200 -
06:00:50 "POST /collect HTTP/1.1" 200 -
06:00:51 "GET /roster HTTP/1.1" 200 -
06:00:51 "POST /collect HTTP/1.1" 200 -
06:00:51 "POST /collect HTTP/1.1" 200 -
06:00:51 "POST /collect HTTP/1.1" 200 -
06:00:52 "GET /roster HTTP/1.1" 200 -
06:00:52 "POST /collect HTTP/1.1" 200 -
06:00:52 "POST /collect HTTP/1.1" 200 -
06:00:52 "POST /collect HTTP/1.1" 200 -
06:00:53 "POST /collect HTTP/1.1" 200 -
06:00:53 "POST /collect HTTP/1.1" 200 -
06:00:53 "GET /roster HTTP/1.1" 200 -
06:00:53 "POST /collect HTTP/1.1" 200 -
06:00:53 "POST /collect HTTP/1.1" 200 -
06:00:53 "POST /collect HTTP/1.1" 200 -
06:00:53 "POST /collect HTTP/1.1" 200 -
06:00:53 "POST /collect HTTP/1.1" 200 -
06:00:53 "POST /collect HTTP/1.1" 200 -
06:00:53 "POST /collect HTTP/1.1" 200 -
06:00:54 "GET /roster HTTP/1.1" 200 -
06:00:54 "POST /collect HTTP/1.1" 200 -
06:00:54 "POST /collect HTTP/1.1" 200 -
06:00:54 "POST /collect HTTP/1.1" 200 -
06:00:55 "GET /roster HTTP/1.1" 200 -
06:00:55 "POST /collect HTTP/1.1" 200 -
06:00:55 "POST /collect HTTP/1.1" 200 -
06:00:55 "POST /collect HTTP/1.1" 200 -
06:00:56 "POST /collect HTTP/1.1" 200 -
06:00:56 "POST /collect HTTP/1.1" 200 -
06:00:56 "GET /roster HTTP/1.1" 200 -
06:00:56 "POST /collect HTTP/1.1" 200 -
06:00:56 "POST /collect HTTP/1.1" 200 -
06:00:56 "POST /collect HTTP/1.1" 200 -
06:00:56 "POST /collect HTTP/1.1" 200 -
06:00:56 "POST /collect HTTP/1.1" 200 -
06:00:56 "POST /collect HTTP/1.1" 200 -
06:00:56 "POST /collect HTTP/1.1" 200 -
06:00:57 "GET /roster HTTP/1.1" 200 -
06:00:57 "POST /collect HTTP/1.1" 200 -
06:00:57 "POST /collect HTTP/1.1" 200 -
06:00:57 "POST /collect HTTP/1.1" 200 -
06:00:58 "GET /roster HTTP/1.1" 200 -
06:00:58 "POST /collect HTTP/1.1" 200 -
06:00:58 "POST /collect HTTP/1.1" 200 -
06:00:58 "POST /collect HTTP/1.1" 200 -
06:00:59 "POST /collect HTTP/1.1" 200 -
06:00:59 "POST /collect HTTP/1.1" 200 -
06:00:59 "GET /roster HTTP/1.1" 200 -
06:00:59 "POST /collect HTTP/1.1" 200 -
06:00:59 "POST /collect HTTP/1.1" 200 -
06:00:59 "POST /collect HTTP/1.1" 200 -
06:00:59 "POST /collect HTTP/1.1" 200 -
06:00:59 "POST /collect HTTP/1.1" 200 -
06:00:59 "POST /collect HTTP/1.1" 200 -
06:00:59 "POST /collect HTTP/1.1" 200 -
06:01:00 "GET /roster HTTP/1.1" 200 -
06:01:00 "POST /collect HTTP/1.1" 200 -
06:01:00 "POST /collect HTTP/1.1" 200 -
06:01:00 "POST /collect HTTP/1.1" 200 -
06:01:01 "GET /roster HTTP/1.1" 200 -
06:01:01 "POST /collect HTTP/1.1" 200 -
06:01:01 "POST /collect HTTP/1.1" 200 -
06:01:01 "POST /collect HTTP/1.1" 200 -
06:01:02 "POST /collect HTTP/1.1" 200 -
06:01:02 "POST /collect HTTP/1.1" 200 -
06:01:02 "GET /roster HTTP/1.1" 200 -
06:01:02 "POST /collect HTTP/1.1" 200 -
06:01:02 "POST /collect HTTP/1.1" 200 -
06:01:02 "POST /collect HTTP/1.1" 200 -
06:01:02 "POST /collect HTTP/1.1" 200 -
06:01:02 "POST /collect HTTP/1.1" 200 -
06:01:02 "POST /collect HTTP/1.1" 200 -
06:01:02 "POST /collect HTTP/1.1" 200 -
06:01:03 "GET /roster HTTP/1.1" 200 -
06:01:03 "POST /collect HTTP/1.1" 200 -
06:01:03 "POST /collect HTTP/1.1" 200 -
06:01:03 "POST /collect HTTP/1.1" 200 -
06:01:04 "GET /roster HTTP/1.1" 200 -
06:01:04 "POST /collect HTTP/1.1" 200 -
06:01:04 "POST /collect HTTP/1.1" 200 -
06:01:04 "POST /collect HTTP/1.1" 200 -
06:01:05 "POST /collect HTTP/1.1" 200 -
06:01:05 "POST /collect HTTP/1.1" 200 -
06:01:05 "GET /roster HTTP/1.1" 200 -
06:01:05 "POST /collect HTTP/1.1" 200 -
06:01:05 "POST /collect HTTP/1.1" 200 -
06:01:05 "POST /collect HTTP/1.1" 200 -
06:01:05 "POST /collect HTTP/1.1" 200 -
06:01:05 "POST /collect HTTP/1.1" 200 -
06:01:05 "POST /collect HTTP/1.1" 200 -
06:01:05 "POST /collect HTTP/1.1" 200 -
06:01:06 "GET /roster HTTP/1.1" 200 -
06:01:06 "POST /collect HTTP/1.1" 200 -
06:01:06 "POST /collect HTTP/1.1" 200 -
06:01:06 "POST /collect HTTP/1.1" 200 -
06:01:07 "GET /roster HTTP/1.1" 200 -
06:01:07 "POST /collect HTTP/1.1" 200 -
06:01:07 "POST /collect HTTP/1.1" 200 -
06:01:07 "POST /collect HTTP/1.1" 200 -
06:01:08 "POST /collect HTTP/1.1" 200 -
06:01:08 "POST /collect HTTP/1.1" 200 -
06:01:08 "GET /roster HTTP/1.1" 200 -
06:01:08 "POST /collect HTTP/1.1" 200 -
06:01:08 "POST /collect HTTP/1.1" 200 -
06:01:08 "POST /collect HTTP/1.1" 200 -
06:01:08 "POST /collect HTTP/1.1" 200 -
06:01:08 "POST /collect HTTP/1.1" 200 -
06:01:08 "POST /collect HTTP/1.1" 200 -
06:01:08 "POST /collect HTTP/1.1" 200 -
06:01:09 "GET /roster HTTP/1.1" 200 -
06:01:09 "POST /collect HTTP/1.1" 200 -
06:01:09 "POST /collect HTTP/1.1" 200 -
06:01:09 "POST /collect HTTP/1.1" 200 -
06:01:10 "GET /roster HTTP/1.1" 200 -
06:01:10 "POST /collect HTTP/1.1" 200 -
06:01:10 "POST /collect HTTP/1.1" 200 -
06:01:10 "POST /collect HTTP/1.1" 200 -
06:01:11 "POST /collect HTTP/1.1" 200 -
06:01:11 "POST /collect HTTP/1.1" 200 -
06:01:11 "GET /roster HTTP/1.1" 200 -
06:01:11 "POST /collect HTTP/1.1" 200 -
06:01:11 "POST /collect HTTP/1.1" 200 -
06:01:11 "POST /collect HTTP/1.1" 200 -
06:01:11 "POST /collect HTTP/1.1" 200 -
06:01:11 "POST /collect HTTP/1.1" 200 -
06:01:11 "POST /collect HTTP/1.1" 200 -
06:01:11 "POST /collect HTTP/1.1" 200 -
06:01:12 "GET /roster HTTP/1.1" 200 -
06:01:12 "POST /collect HTTP/1.1" 200 -
06:01:12 "POST /collect HTTP/1.1" 200 -
06:01:12 "POST /collect HTTP/1.1" 200 -
06:01:13 "GET /roster HTTP/1.1" 200 -
06:01:13 "POST /collect HTTP/1.1" 200 -
06:01:13 "POST /collect HTTP/1.1" 200 -
06:01:13 "POST /collect HTTP/1.1" 200 -
06:01:14 "POST /collect HTTP/1.1" 200 -
06:01:14 "POST /collect HTTP/1.1" 200 -
06:01:14 "GET /roster HTTP/1.1" 200 -
06:01:14 "POST /collect HTTP/1.1" 200 -
06:01:14 "POST /collect HTTP/1.1" 200 -
06:01:14 "POST /collect HTTP/1.1" 200 -
06:01:14 "POST /collect HTTP/1.1" 200 -
06:01:14 "POST /collect HTTP/1.1" 200 -
06:01:14 "POST /collect HTTP/1.1" 200 -
06:01:15 "GET /roster HTTP/1.1" 200 -
06:01:15 "POST /collect HTTP/1.1" 200 -
06:01:15 "POST /collect HTTP/1.1" 200 -
06:01:16 "GET /roster HTTP/1.1" 200 -
06:01:16 "POST /collect HTTP/1.1" 200 -
06:01:16 "POST /collect HTTP/1.1" 200 -
06:01:17 "POST /collect HTTP/1.1" 200 -
06:01:17 "POST /collect HTTP/1.1" 200 -
06:01:17 "GET /roster HTTP/1.1" 200 -
06:01:17 "POST /collect HTTP/1.1" 200 -
06:01:17 "POST /collect HTTP/1.1" 200 -
06:01:17 "POST /collect HTTP/1.1" 200 -
06:01:17 "POST /collect HTTP/1.1" 200 -
06:01:17 "POST /collect HTTP/1.1" 200 -
06:01:17 "POST /collect HTTP/1.1" 200 -
06:01:18 "GET /roster HTTP/1.1" 200 -
06:01:18 "POST /collect HTTP/1.1" 200 -
06:01:18 "POST /collect HTTP/1.1" 200 -
06:01:19 "GET /roster HTTP/1.1" 200 -
06:01:19 "POST /collect HTTP/1.1" 200 -
06:01:19 "POST /collect HTTP/1.1" 200 -
06:01:20 "POST /collect HTTP/1.1" 200 -
06:01:20 "POST /collect HTTP/1.1" 200 -
06:01:20 "GET /roster HTTP/1.1" 200 -
06:01:20 "POST /collect HTTP/1.1" 200 -
06:01:20 "POST /collect HTTP/1.1" 200 -
06:01:20 "POST /collect HTTP/1.1" 200 -
06:01:20 "POST /collect HTTP/1.1" 200 -
06:01:20 "POST /collect HTTP/1.1" 200 -
06:01:20 "POST /collect HTTP/1.1" 200 -
06:01:21 "GET /roster HTTP/1.1" 200 -
06:01:21 "POST /collect HTTP/1.1" 200 -
06:01:21 "POST /collect HTTP/1.1" 200 -
06:01:22 "GET /roster HTTP/1.1" 200 -
06:01:22 "POST /collect HTTP/1.1" 200 -
06:01:22 "POST /collect HTTP/1.1" 200 -
06:01:23 "POST /collect HTTP/1.1" 200 -
06:01:23 "POST /collect HTTP/1.1" 200 -
06:01:23 "GET /roster HTTP/1.1" 200 -
06:01:23 "POST /collect HTTP/1.1" 200 -
06:01:23 "POST /collect HTTP/1.1" 200 -
06:01:23 "POST /collect HTTP/1.1" 200 -
06:01:23 "POST /collect HTTP/1.1" 200 -
06:01:23 "POST /collect HTTP/1.1" 200 -
06:01:23 "POST /collect HTTP/1.1" 200 -
06:01:24 "GET /roster HTTP/1.1" 200 -
06:01:24 "POST /collect HTTP/1.1" 200 -
06:01:24 "POST /collect HTTP/1.1" 200 -
06:01:24 "POST /collect HTTP/1.1" 200 -
06:01:25 "GET /roster HTTP/1.1" 200 -
06:01:25 "POST /collect HTTP/1.1" 200 -
06:01:25 "POST /collect HTTP/1.1" 200 -
06:01:26 "POST /collect HTTP/1.1" 200 -
06:01:26 "POST /collect HTTP/1.1" 200 -
06:01:26 "GET /roster HTTP/1.1" 200 -
06:01:26 "POST /collect HTTP/1.1" 200 -
06:01:26 "POST /collect HTTP/1.1" 200 -
06:01:26 "POST /collect HTTP/1.1" 200 -
06:01:26 "POST /collect HTTP/1.1" 200 -
06:01:26 "POST /collect HTTP/1.1" 200 -
06:01:26 "POST /collect HTTP/1.1" 200 -
06:01:27 "GET /roster HTTP/1.1" 200 -
06:01:27 "POST /collect HTTP/1.1" 200 -
06:01:27 "POST /collect HTTP/1.1" 200 -
06:01:28 "GET /roster HTTP/1.1" 200 -
06:01:28 "POST /collect HTTP/1.1" 200 -
06:01:28 "POST /collect HTTP/1.1" 200 -
06:01:29 "POST /collect HTTP/1.1" 200 -
06:01:29 "POST /collect HTTP/1.1" 200 -
06:01:29 "GET /roster HTTP/1.1" 200 -
06:01:29 "POST /collect HTTP/1.1" 200 -
06:01:29 "POST /collect HTTP/1.1" 200 -
06:01:29 "POST /collect HTTP/1.1" 200 -
06:01:29 "POST /collect HTTP/1.1" 200 -
06:01:29 "POST /collect HTTP/1.1" 200 -
06:01:29 "POST /collect HTTP/1.1" 200 -
06:01:30 "GET /roster HTTP/1.1" 200 -
06:01:30 "POST /collect HTTP/1.1" 200 -
06:01:30 "POST /collect HTTP/1.1" 200 -
06:01:31 "GET /roster HTTP/1.1" 200 -
06:01:31 "POST /collect HTTP/1.1" 200 -
06:01:31 "POST /collect HTTP/1.1" 200 -
06:01:32 "POST /collect HTTP/1.1" 200 -
06:01:32 "POST /collect HTTP/1.1" 200 -
06:01:32 "POST /collect HTTP/1.1" 200 -
06:01:32 "GET /roster HTTP/1.1" 200 -
06:01:32 "POST /collect HTTP/1.1" 200 -
06:01:32 "POST /collect HTTP/1.1" 200 -
06:01:32 "POST /collect HTTP/1.1" 200 -
06:01:32 "POST /collect HTTP/1.1" 200 -
06:01:32 "POST /collect HTTP/1.1" 200 -
06:01:33 "GET /roster HTTP/1.1" 200 -
06:01:33 "POST /collect HTTP/1.1" 200 -
06:01:33 "POST /collect HTTP/1.1" 200 -
06:01:34 "GET /roster HTTP/1.1" 200 -
06:01:34 "POST /collect HTTP/1.1" 200 -
06:01:34 "POST /collect HTTP/1.1" 200 -
06:01:35 "POST /collect HTTP/1.1" 200 -
06:01:35 "POST /collect HTTP/1.1" 200 -
06:01:35 "GET /roster HTTP/1.1" 200 -
06:01:35 "POST /collect HTTP/1.1" 200 -
06:01:35 "POST /collect HTTP/1.1" 200 -
06:01:35 "POST /collect HTTP/1.1" 200 -
06:01:35 "POST /collect HTTP/1.1" 200 -
06:01:35 "POST /collect HTTP/1.1" 200 -
06:01:35 "POST /collect HTTP/1.1" 200 -
06:01:36 "GET /roster HTTP/1.1" 200 -
06:01:36 "POST /collect HTTP/1.1" 200 -
06:01:36 "POST /collect HTTP/1.1" 200 -
06:01:37 "GET /roster HTTP/1.1" 200 -
06:01:37 "POST /collect HTTP/1.1" 200 -
06:01:37 "POST /collect HTTP/1.1" 200 -
06:01:38 "POST /collect HTTP/1.1" 200 -
06:01:38 "POST /collect HTTP/1.1" 200 -
06:01:38 "GET /roster HTTP/1.1" 200 -
06:01:38 "POST /collect HTTP/1.1" 200 -
06:01:38 "POST /collect HTTP/1.1" 200 -
06:01:38 "POST /collect HTTP/1.1" 200 -
06:01:38 "POST /collect HTTP/1.1" 200 -
06:01:38 "POST /collect HTTP/1.1" 200 -
06:01:38 "POST /collect HTTP/1.1" 200 -
06:01:39 "GET /roster HTTP/1.1" 200 -
06:01:39 "POST /collect HTTP/1.1" 200 -
06:01:39 "POST /collect HTTP/1.1" 200 -
06:01:40 "GET /roster HTTP/1.1" 200 -
06:01:40 "POST /collect HTTP/1.1" 200 -
06:01:40 "POST /collect HTTP/1.1" 200 -
06:01:41 "POST /collect HTTP/1.1" 200 -
06:01:41 "POST /collect HTTP/1.1" 200 -
06:01:41 "GET /roster HTTP/1.1" 200 -
06:01:41 "POST /collect HTTP/1.1" 200 -
06:01:41 "POST /collect HTTP/1.1" 200 -
06:01:41 "POST /collect HTTP/1.1" 200 -
06:01:41 "POST /collect HTTP/1.1" 200 -
06:01:41 "POST /collect HTTP/1.1" 200 -
06:01:41 "POST /collect HTTP/1.1" 200 -
06:01:42 "GET /roster HTTP/1.1" 200 -
06:01:42 "POST /collect HTTP/1.1" 200 -
06:01:42 "POST /collect HTTP/1.1" 200 -
06:01:43 "GET /roster HTTP/1.1" 200 -
06:01:43 "POST /collect HTTP/1.1" 200 -
06:01:43 "POST /collect HTTP/1.1" 200 -
06:01:44 "POST /collect HTTP/1.1" 200 -
06:01:44 "POST /collect HTTP/1.1" 200 -
06:01:44 "GET /roster HTTP/1.1" 200 -
06:01:44 "POST /collect HTTP/1.1" 200 -
06:01:44 "POST /collect HTTP/1.1" 200 -
06:01:44 "POST /collect HTTP/1.1" 200 -
06:01:44 "POST /collect HTTP/1.1" 200 -
06:01:44 "POST /collect HTTP/1.1" 200 -
06:01:44 "POST /collect HTTP/1.1" 200 -
06:01:45 "GET /roster HTTP/1.1" 200 -
06:01:45 "POST /collect HTTP/1.1" 200 -
06:01:45 "POST /collect HTTP/1.1" 200 -
06:01:46 "GET /roster HTTP/1.1" 200 -
06:01:46 "POST /collect HTTP/1.1" 200 -
06:01:46 "POST /collect HTTP/1.1" 200 -
06:01:47 "POST /collect HTTP/1.1" 200 -
06:01:47 "POST /collect HTTP/1.1" 200 -
06:01:47 "GET /roster HTTP/1.1" 200 -
06:01:47 "POST /collect HTTP/1.1" 200 -
06:01:47 "POST /collect HTTP/1.1" 200 -
06:01:47 "POST /collect HTTP/1.1" 200 -
06:01:47 "POST /collect HTTP/1.1" 200 -
06:01:47 "POST /collect HTTP/1.1" 200 -
06:01:47 "POST /collect HTTP/1.1" 200 -
06:01:48 "GET /roster HTTP/1.1" 200 -
06:01:48 "POST /collect HTTP/1.1" 200 -
06:01:48 "POST /collect HTTP/1.1" 200 -
06:01:49 "GET /roster HTTP/1.1" 200 -
06:01:49 "POST /collect HTTP/1.1" 200 -
06:01:49 "POST /collect HTTP/1.1" 200 -
06:01:50 "POST /collect HTTP/1.1" 200 -
06:01:50 "POST /collect HTTP/1.1" 200 -
06:01:50 "GET /roster HTTP/1.1" 200 -
06:01:50 "POST /collect HTTP/1.1" 200 -
06:01:50 "POST /collect HTTP/1.1" 200 -
06:01:50 "POST /collect HTTP/1.1" 200 -
06:01:50 "POST /collect HTTP/1.1" 200 -
06:01:50 "POST /collect HTTP/1.1" 200 -
06:01:50 "POST /collect HTTP/1.1" 200 -
06:01:51 "GET /roster HTTP/1.1" 200 -
06:01:51 "POST /collect HTTP/1.1" 200 -
06:01:51 "POST /collect HTTP/1.1" 200 -
06:01:52 "GET /roster HTTP/1.1" 200 -
06:01:52 "POST /collect HTTP/1.1" 200 -
06:01:52 "POST /collect HTTP/1.1" 200 -
06:01:53 "POST /collect HTTP/1.1" 200 -
06:01:53 "POST /collect HTTP/1.1" 200 -
06:01:53 "GET /roster HTTP/1.1" 200 -
06:01:53 "POST /collect HTTP/1.1" 200 -
06:01:53 "POST /collect HTTP/1.1" 200 -
06:01:53 "POST /collect HTTP/1.1" 200 -
06:01:53 "POST /collect HTTP/1.1" 200 -
06:01:53 "POST /collect HTTP/1.1" 200 -
06:01:53 "POST /collect HTTP/1.1" 200 -
06:01:54 "GET /roster HTTP/1.1" 200 -
06:01:54 "POST /collect HTTP/1.1" 200 -
06:01:54 "POST /collect HTTP/1.1" 200 -
06:01:55 "GET /roster HTTP/1.1" 200 -
06:01:55 "POST /collect HTTP/1.1" 200 -
06:01:55 "POST /collect HTTP/1.1" 200 -
06:01:56 "POST /collect HTTP/1.1" 200 -
06:01:56 "POST /collect HTTP/1.1" 200 -
06:01:56 "GET /roster HTTP/1.1" 200 -
06:01:56 "POST /collect HTTP/1.1" 200 -
06:01:56 "POST /collect HTTP/1.1" 200 -
06:01:56 "POST /collect HTTP/1.1" 200 -
06:01:56 "POST /collect HTTP/1.1" 200 -
06:01:56 "POST /collect HTTP/1.1" 200 -
06:01:56 "POST /collect HTTP/1.1" 200 -
06:01:57 "GET /roster HTTP/1.1" 200 -
06:01:57 "POST /collect HTTP/1.1" 200 -
06:01:57 "POST /collect HTTP/1.1" 200 -
06:01:58 "GET /roster HTTP/1.1" 200 -
06:01:58 "POST /collect HTTP/1.1" 200 -
06:01:58 "POST /collect HTTP/1.1" 200 -
06:01:59 "POST /collect HTTP/1.1" 200 -
06:01:59 "POST /collect HTTP/1.1" 200 -
06:01:59 "GET /roster HTTP/1.1" 200 -
06:01:59 "POST /collect HTTP/1.1" 200 -
06:01:59 "POST /collect HTTP/1.1" 200 -
06:01:59 "POST /collect HTTP/1.1" 200 -
06:01:59 "POST /collect HTTP/1.1" 200 -
06:01:59 "POST /collect HTTP/1.1" 200 -
06:01:59 "POST /collect HTTP/1.1" 200 -
06:02:00 "GET /roster HTTP/1.1" 200 -
06:02:00 "POST /collect HTTP/1.1" 200 -
06:02:00 "POST /collect HTTP/1.1" 200 -
06:02:01 "GET /roster HTTP/1.1" 200 -
06:02:01 "POST /collect HTTP/1.1" 200 -
06:02:01 "POST /collect HTTP/1.1" 200 -
06:02:02 "POST /collect HTTP/1.1" 200 -
06:02:02 "POST /collect HTTP/1.1" 200 -
06:02:02 "GET /roster HTTP/1.1" 200 -
06:02:02 "POST /collect HTTP/1.1" 200 -
06:02:02 "POST /collect HTTP/1.1" 200 -
06:02:02 "POST /collect HTTP/1.1" 200 -
06:02:02 "POST /collect HTTP/1.1" 200 -
06:02:02 "POST /collect HTTP/1.1" 200 -
06:02:02 "POST /collect HTTP/1.1" 200 -
06:02:03 "GET /roster HTTP/1.1" 200 -
06:02:03 "POST /collect HTTP/1.1" 200 -
06:02:03 "POST /collect HTTP/1.1" 200 -
06:02:04 "GET /roster HTTP/1.1" 200 -
06:02:04 "POST /collect HTTP/1.1" 200 -
06:02:04 "POST /collect HTTP/1.1" 200 -
06:02:05 "POST /collect HTTP/1.1" 200 -
06:02:05 "POST /collect HTTP/1.1" 200 -
06:02:05 "GET /roster HTTP/1.1" 200 -
06:02:05 "POST /collect HTTP/1.1" 200 -
06:02:05 "POST /collect HTTP/1.1" 200 -
06:02:05 "POST /collect HTTP/1.1" 200 -
06:02:05 "POST /collect HTTP/1.1" 200 -
06:02:05 "POST /collect HTTP/1.1" 200 -
06:02:05 "POST /collect HTTP/1.1" 200 -
06:02:06 "GET /roster HTTP/1.1" 200 -
06:02:06 "POST /collect HTTP/1.1" 200 -
06:02:06 "POST /collect HTTP/1.1" 200 -
06:02:07 "GET /roster HTTP/1.1" 200 -
06:02:07 "POST /collect HTTP/1.1" 200 -
06:02:07 "POST /collect HTTP/1.1" 200 -
06:02:08 "POST /collect HTTP/1.1" 200 -
06:02:08 "POST /collect HTTP/1.1" 200 -
06:02:08 "GET /roster HTTP/1.1" 200 -
06:02:08 "POST /collect HTTP/1.1" 200 -
06:02:08 "POST /collect HTTP/1.1" 200 -
06:02:08 "POST /collect HTTP/1.1" 200 -
06:02:08 "POST /collect HTTP/1.1" 200 -
06:02:08 "POST /collect HTTP/1.1" 200 -
06:02:08 "POST /collect HTTP/1.1" 200 -
06:02:09 "GET /roster HTTP/1.1" 200 -
06:02:09 "POST /collect HTTP/1.1" 200 -
06:02:09 "POST /collect HTTP/1.1" 200 -
06:02:10 "GET /roster HTTP/1.1" 200 -
06:02:10 "POST /collect HTTP/1.1" 200 -
06:02:10 "POST /collect HTTP/1.1" 200 -
06:02:11 "POST /collect HTTP/1.1" 200 -
06:02:11 "POST /collect HTTP/1.1" 200 -
06:02:11 "GET /roster HTTP/1.1" 200 -
06:02:11 "POST /collect HTTP/1.1" 200 -
06:02:11 "POST /collect HTTP/1.1" 200 -
06:02:11 "POST /collect HTTP/1.1" 200 -
06:02:11 "POST /collect HTTP/1.1" 200 -
06:02:11 "POST /collect HTTP/1.1" 200 -
06:02:11 "POST /collect HTTP/1.1" 200 -
06:02:12 "GET /roster HTTP/1.1" 200 -
06:02:12 "POST /collect HTTP/1.1" 200 -
06:02:12 "POST /collect HTTP/1.1" 200 -
06:02:13 "GET /roster HTTP/1.1" 200 -
06:02:13 "POST /collect HTTP/1.1" 200 -
06:02:13 "POST /collect HTTP/1.1" 200 -
06:02:14 "POST /collect HTTP/1.1" 200 -
06:02:14 "POST /collect HTTP/1.1" 200 -
06:02:14 "GET /roster HTTP/1.1" 200 -
06:02:14 "POST /collect HTTP/1.1" 200 -
06:02:14 "POST /collect HTTP/1.1" 200 -
06:02:14 "POST /collect HTTP/1.1" 200 -
06:02:14 "POST /collect HTTP/1.1" 200 -
06:02:14 "POST /collect HTTP/1.1" 200 -
06:02:14 "POST /collect HTTP/1.1" 200 -
06:02:15 "GET /roster HTTP/1.1" 200 -
06:02:15 "POST /collect HTTP/1.1" 200 -
06:02:15 "POST /collect HTTP/1.1" 200 -
06:02:16 "GET /roster HTTP/1.1" 200 -
06:02:16 "POST /collect HTTP/1.1" 200 -
06:02:16 "POST /collect HTTP/1.1" 200 -
06:02:17 "POST /collect HTTP/1.1" 200 -
06:02:17 "POST /collect HTTP/1.1" 200 -
06:02:17 "GET /roster HTTP/1.1" 200 -
06:02:17 "POST /collect HTTP/1.1" 200 -
06:02:17 "POST /collect HTTP/1.1" 200 -
06:02:17 "POST /collect HTTP/1.1" 200 -
06:02:17 "POST /collect HTTP/1.1" 200 -
06:02:17 "POST /collect HTTP/1.1" 200 -
06:02:17 "POST /collect HTTP/1.1" 200 -
06:02:18 "GET /roster HTTP/1.1" 200 -
06:02:18 "POST /collect HTTP/1.1" 200 -
06:02:18 "POST /collect HTTP/1.1" 200 -
06:02:19 "GET /roster HTTP/1.1" 200 -
06:02:19 "POST /collect HTTP/1.1" 200 -
06:02:19 "POST /collect HTTP/1.1" 200 -
06:02:20 "POST /collect HTTP/1.1" 200 -
06:02:20 "POST /collect HTTP/1.1" 200 -
06:02:20 "GET /roster HTTP/1.1" 200 -
06:02:20 "POST /collect HTTP/1.1" 200 -
06:02:20 "POST /collect HTTP/1.1" 200 -
06:02:20 "POST /collect HTTP/1.1" 200 -
06:02:20 "POST /collect HTTP/1.1" 200 -
06:02:20 "POST /collect HTTP/1.1" 200 -
06:02:20 "POST /collect HTTP/1.1" 200 -
06:02:21 "GET /roster HTTP/1.1" 200 -
06:02:21 "POST /collect HTTP/1.1" 200 -
06:02:21 "POST /collect HTTP/1.1" 200 -
06:02:22 "GET /roster HTTP/1.1" 200 -
06:02:22 "POST /collect HTTP/1.1" 200 -
06:02:22 "POST /collect HTTP/1.1" 200 -
06:02:23 "POST /collect HTTP/1.1" 200 -
06:02:23 "POST /collect HTTP/1.1" 200 -
06:02:23 "GET /roster HTTP/1.1" 200 -
06:02:23 "POST /collect HTTP/1.1" 200 -
06:02:23 "POST /collect HTTP/1.1" 200 -
06:02:23 "POST /collect HTTP/1.1" 200 -
06:02:23 "POST /collect HTTP/1.1" 200 -
06:02:23 "POST /collect HTTP/1.1" 200 -
06:02:23 "POST /collect HTTP/1.1" 200 -
06:02:24 "GET /roster HTTP/1.1" 200 -
06:02:24 "POST /collect HTTP/1.1" 200 -
06:02:24 "POST /collect HTTP/1.1" 200 -
06:02:25 "POST /collect HTTP/1.1" 200 -
06:02:25 "GET /roster HTTP/1.1" 200 -
06:02:25 "POST /collect HTTP/1.1" 200 -
06:02:25 "POST /collect HTTP/1.1" 200 -
06:02:26 "POST /collect HTTP/1.1" 200 -
06:02:26 "POST /collect HTTP/1.1" 200 -
06:02:26 "GET /roster HTTP/1.1" 200 -
06:02:26 "POST /collect HTTP/1.1" 200 -
06:02:26 "POST /collect HTTP/1.1" 200 -
06:02:26 "POST /collect HTTP/1.1" 200 -
06:02:26 "POST /collect HTTP/1.1" 200 -
06:02:26 "POST /collect HTTP/1.1" 200 -
06:02:26 "POST /collect HTTP/1.1" 200 -
06:02:27 "GET /roster HTTP/1.1" 200 -
06:02:27 "POST /collect HTTP/1.1" 200 -
06:02:27 "POST /collect HTTP/1.1" 200 -
06:02:28 "GET /roster HTTP/1.1" 200 -
06:02:28 "POST /collect HTTP/1.1" 200 -
06:02:28 "POST /collect HTTP/1.1" 200 -
06:02:29 "POST /collect HTTP/1.1" 200 -
06:02:29 "POST /collect HTTP/1.1" 200 -
06:02:29 "GET /roster HTTP/1.1" 200 -
06:02:29 "POST /collect HTTP/1.1" 200 -
06:02:29 "POST /collect HTTP/1.1" 200 -
06:02:29 "POST /collect HTTP/1.1" 200 -
06:02:29 "POST /collect HTTP/1.1" 200 -
06:02:29 "POST /collect HTTP/1.1" 200 -
06:02:29 "POST /collect HTTP/1.1" 200 -
06:02:30 "GET /roster HTTP/1.1" 200 -
06:02:30 "POST /collect HTTP/1.1" 200 -
06:02:30 "POST /collect HTTP/1.1" 200 -
06:02:31 "GET /roster HTTP/1.1" 200 -
06:02:31 "POST /collect HTTP/1.1" 200 -
06:02:31 "POST /collect HTTP/1.1" 200 -
06:02:32 "POST /collect HTTP/1.1" 200 -
06:02:32 "POST /collect HTTP/1.1" 200 -
06:02:32 "GET /roster HTTP/1.1" 200 -
06:02:32 "POST /collect HTTP/1.1" 200 -
06:02:32 "POST /collect HTTP/1.1" 200 -
06:02:32 "POST /collect HTTP/1.1" 200 -
06:02:32 "POST /collect HTTP/1.1" 200 -
06:02:32 "POST /collect HTTP/1.1" 200 -
06:02:32 "POST /collect HTTP/1.1" 200 -
06:02:33 "GET /roster HTTP/1.1" 200 -
06:02:33 "POST /collect HTTP/1.1" 200 -
06:02:33 "POST /collect HTTP/1.1" 200 -
06:02:34 "GET /roster HTTP/1.1" 200 -
06:02:34 "POST /collect HTTP/1.1" 200 -
06:02:34 "POST /collect HTTP/1.1" 200 -
06:02:35 "POST /collect HTTP/1.1" 200 -
06:02:35 "POST /collect HTTP/1.1" 200 -
06:02:35 "GET /roster HTTP/1.1" 200 -
06:02:35 "POST /collect HTTP/1.1" 200 -
06:02:35 "POST /collect HTTP/1.1" 200 -
06:02:35 "POST /collect HTTP/1.1" 200 -
06:02:35 "POST /collect HTTP/1.1" 200 -
06:02:35 "POST /collect HTTP/1.1" 200 -
06:02:35 "POST /collect HTTP/1.1" 200 -
06:02:36 "GET /roster HTTP/1.1" 200 -
06:02:36 "POST /collect HTTP/1.1" 200 -
06:02:36 "POST /collect HTTP/1.1" 200 -
06:02:37 "GET /roster HTTP/1.1" 200 -
06:02:37 "POST /collect HTTP/1.1" 200 -
06:02:37 "POST /collect HTTP/1.1" 200 -
06:02:38 "POST /collect HTTP/1.1" 200 -
06:02:38 "POST /collect HTTP/1.1" 200 -
06:02:38 "GET /roster HTTP/1.1" 200 -
06:02:38 "POST /collect HTTP/1.1" 200 -
06:02:38 "POST /collect HTTP/1.1" 200 -
06:02:38 "POST /collect HTTP/1.1" 200 -
06:02:38 "POST /collect HTTP/1.1" 200 -
06:02:38 "POST /collect HTTP/1.1" 200 -
06:02:38 "POST /collect HTTP/1.1" 200 -
06:02:39 "GET /roster HTTP/1.1" 200 -
06:02:39 "POST /collect HTTP/1.1" 200 -
06:02:39 "POST /collect HTTP/1.1" 200 -
06:02:40 "GET /roster HTTP/1.1" 200 -
06:02:40 "POST /collect HTTP/1.1" 200 -
06:02:40 "POST /collect HTTP/1.1" 200 -
06:02:41 "POST /collect HTTP/1.1" 200 -
06:02:41 "POST /collect HTTP/1.1" 200 -
06:02:41 "GET /roster HTTP/1.1" 200 -
06:02:41 "POST /collect HTTP/1.1" 200 -
06:02:41 "POST /collect HTTP/1.1" 200 -
06:02:41 "POST /collect HTTP/1.1" 200 -
06:02:41 "POST /collect HTTP/1.1" 200 -
06:02:41 "POST /collect HTTP/1.1" 200 -
06:02:41 "POST /collect HTTP/1.1" 200 -
06:02:42 "GET /roster HTTP/1.1" 200 -
06:02:42 "POST /collect HTTP/1.1" 200 -
06:02:42 "POST /collect HTTP/1.1" 200 -
06:02:43 "GET /roster HTTP/1.1" 200 -
06:02:43 "POST /collect HTTP/1.1" 200 -
06:02:43 "POST /collect HTTP/1.1" 200 -
06:02:44 "POST /collect HTTP/1.1" 200 -
06:02:44 "POST /collect HTTP/1.1" 200 -
06:02:44 "GET /roster HTTP/1.1" 200 -
06:02:44 "POST /collect HTTP/1.1" 200 -
06:02:44 "POST /collect HTTP/1.1" 200 -
06:02:44 "POST /collect HTTP/1.1" 200 -
06:02:44 "POST /collect HTTP/1.1" 200 -
06:02:44 "POST /collect HTTP/1.1" 200 -
06:02:44 "POST /collect HTTP/1.1" 200 -
06:02:45 "GET /roster HTTP/1.1" 200 -
06:02:45 "POST /collect HTTP/1.1" 200 -
06:02:45 "POST /collect HTTP/1.1" 200 -
06:02:46 "GET /roster HTTP/1.1" 200 -
06:02:46 "POST /collect HTTP/1.1" 200 -
06:02:46 "POST /collect HTTP/1.1" 200 -
06:02:47 "POST /collect HTTP/1.1" 200 -
06:02:47 "POST /collect HTTP/1.1" 200 -
06:02:47 "GET /roster HTTP/1.1" 200 -
06:02:47 "POST /collect HTTP/1.1" 200 -
06:02:47 "POST /collect HTTP/1.1" 200 -
06:02:47 "POST /collect HTTP/1.1" 200 -
06:02:47 "POST /collect HTTP/1.1" 200 -
06:02:47 "POST /collect HTTP/1.1" 200 -
06:02:47 "POST /collect HTTP/1.1" 200 -
06:02:48 "GET /roster HTTP/1.1" 200 -
06:02:48 "POST /collect HTTP/1.1" 200 -
06:02:48 "POST /collect HTTP/1.1" 200 -
06:02:49 "GET /roster HTTP/1.1" 200 -
06:02:49 "POST /collect HTTP/1.1" 200 -
06:02:49 "POST /collect HTTP/1.1" 200 -
06:02:50 "POST /collect HTTP/1.1" 200 -
06:02:50 "POST /collect HTTP/1.1" 200 -
06:02:50 "GET /roster HTTP/1.1" 200 -
06:02:50 "POST /collect HTTP/1.1" 200 -
06:02:50 "POST /collect HTTP/1.1" 200 -
06:02:50 "POST /collect HTTP/1.1" 200 -
06:02:50 "POST /collect HTTP/1.1" 200 -
06:02:50 "POST /collect HTTP/1.1" 200 -
06:02:50 "POST /collect HTTP/1.1" 200 -
06:02:51 "GET /roster HTTP/1.1" 200 -
06:02:51 "POST /collect HTTP/1.1" 200 -
06:02:51 "POST /collect HTTP/1.1" 200 -
06:02:52 "GET /roster HTTP/1.1" 200 -
06:02:52 "POST /collect HTTP/1.1" 200 -
06:02:52 "POST /collect HTTP/1.1" 200 -
06:02:53 "POST /collect HTTP/1.1" 200 -
06:02:53 "POST /collect HTTP/1.1" 200 -
06:02:53 "GET /roster HTTP/1.1" 200 -
06:02:53 "POST /collect HTTP/1.1" 200 -
06:02:53 "POST /collect HTTP/1.1" 200 -
06:02:53 "POST /collect HTTP/1.1" 200 -
06:02:53 "POST /collect HTTP/1.1" 200 -
06:02:53 "POST /collect HTTP/1.1" 200 -
06:02:53 "POST /collect HTTP/1.1" 200 -
06:02:54 "GET /roster HTTP/1.1" 200 -
06:02:54 "POST /collect HTTP/1.1" 200 -
06:02:54 "POST /collect HTTP/1.1" 200 -
06:02:55 "GET /roster HTTP/1.1" 200 -
06:02:55 "POST /collect HTTP/1.1" 200 -
06:02:55 "POST /collect HTTP/1.1" 200 -
06:02:56 "POST /collect HTTP/1.1" 200 -
06:02:56 "POST /collect HTTP/1.1" 200 -
06:02:56 "GET /roster HTTP/1.1" 200 -
06:02:56 "POST /collect HTTP/1.1" 200 -
06:02:56 "POST /collect HTTP/1.1" 200 -
06:02:56 "POST /collect HTTP/1.1" 200 -
06:02:56 "POST /collect HTTP/1.1" 200 -
06:02:56 "POST /collect HTTP/1.1" 200 -
06:02:56 "POST /collect HTTP/1.1" 200 -
06:02:57 "GET /roster HTTP/1.1" 200 -
06:02:57 "POST /collect HTTP/1.1" 200 -
06:02:57 "POST /collect HTTP/1.1" 200 -
06:02:58 "GET /roster HTTP/1.1" 200 -
06:02:58 "POST /collect HTTP/1.1" 200 -
06:02:58 "POST /collect HTTP/1.1" 200 -
06:02:59 "POST /collect HTTP/1.1" 200 -
06:02:59 "POST /collect HTTP/1.1" 200 -
06:02:59 "GET /roster HTTP/1.1" 200 -
06:02:59 "POST /collect HTTP/1.1" 200 -
06:02:59 "POST /collect HTTP/1.1" 200 -
06:02:59 "POST /collect HTTP/1.1" 200 -
06:02:59 "POST /collect HTTP/1.1" 200 -
06:02:59 "POST /collect HTTP/1.1" 200 -
06:02:59 "POST /collect HTTP/1.1" 200 -
06:03:00 "GET /roster HTTP/1.1" 200 -
06:03:00 "POST /collect HTTP/1.1" 200 -
06:03:00 "POST /collect HTTP/1.1" 200 -
06:03:01 "GET /roster HTTP/1.1" 200 -
06:03:01 "POST /collect HTTP/1.1" 200 -
06:03:01 "POST /collect HTTP/1.1" 200 -
06:03:02 "POST /collect HTTP/1.1" 200 -
06:03:02 "POST /collect HTTP/1.1" 200 -
06:03:02 "GET /roster HTTP/1.1" 200 -
06:03:02 "POST /collect HTTP/1.1" 200 -
06:03:02 "POST /collect HTTP/1.1" 200 -
06:03:02 "POST /collect HTTP/1.1" 200 -
06:03:02 "POST /collect HTTP/1.1" 200 -
06:03:02 "POST /collect HTTP/1.1" 200 -
06:03:02 "POST /collect HTTP/1.1" 200 -
06:03:03 "GET /roster HTTP/1.1" 200 -
06:03:03 "POST /collect HTTP/1.1" 200 -
06:03:03 "POST /collect HTTP/1.1" 200 -
06:03:04 "GET /roster HTTP/1.1" 200 -
06:03:04 "POST /collect HTTP/1.1" 200 -
06:03:04 "POST /collect HTTP/1.1" 200 -
06:03:05 "POST /collect HTTP/1.1" 200 -
06:03:05 "POST /collect HTTP/1.1" 200 -
06:03:05 "GET /roster HTTP/1.1" 200 -
06:03:05 "POST /collect HTTP/1.1" 200 -
06:03:05 "POST /collect HTTP/1.1" 200 -
06:03:05 "POST /collect HTTP/1.1" 200 -
06:03:05 "POST /collect HTTP/1.1" 200 -
06:03:05 "POST /collect HTTP/1.1" 200 -
06:03:05 "POST /collect HTTP/1.1" 200 -
06:03:06 "GET /roster HTTP/1.1" 200 -
06:03:06 "POST /collect HTTP/1.1" 200 -
06:03:06 "POST /collect HTTP/1.1" 200 -
06:03:07 "GET /roster HTTP/1.1" 200 -
06:03:07 "POST /collect HTTP/1.1" 200 -
06:03:07 "POST /collect HTTP/1.1" 200 -
06:03:08 "POST /collect HTTP/1.1" 200 -
06:03:08 "POST /collect HTTP/1.1" 200 -
06:03:08 "GET /roster HTTP/1.1" 200 -
06:03:08 "POST /collect HTTP/1.1" 200 -
06:03:08 "POST /collect HTTP/1.1" 200 -
06:03:08 "POST /collect HTTP/1.1" 200 -
06:03:08 "POST /collect HTTP/1.1" 200 -
06:03:08 "POST /collect HTTP/1.1" 200 -
06:03:08 "POST /collect HTTP/1.1" 200 -
06:03:09 "GET /roster HTTP/1.1" 200 -
06:03:09 "POST /collect HTTP/1.1" 200 -
06:03:09 "POST /collect HTTP/1.1" 200 -
06:03:10 "GET /roster HTTP/1.1" 200 -
06:03:10 "POST /collect HTTP/1.1" 200 -
06:03:10 "POST /collect HTTP/1.1" 200 -
06:03:11 "POST /collect HTTP/1.1" 200 -
06:03:11 "POST /collect HTTP/1.1" 200 -
06:03:11 "GET /roster HTTP/1.1" 200 -
06:03:11 "POST /collect HTTP/1.1" 200 -
06:03:11 "POST /collect HTTP/1.1" 200 -
06:03:11 "POST /collect HTTP/1.1" 200 -
06:03:11 "POST /collect HTTP/1.1" 200 -
06:03:11 "POST /collect HTTP/1.1" 200 -
06:03:11 "POST /collect HTTP/1.1" 200 -
06:03:12 "GET /roster HTTP/1.1" 200 -
06:03:12 "POST /collect HTTP/1.1" 200 -
06:03:12 "POST /collect HTTP/1.1" 200 -
06:03:13 "GET /roster HTTP/1.1" 200 -
06:03:13 "POST /collect HTTP/1.1" 200 -
06:03:13 "POST /collect HTTP/1.1" 200 -
06:03:14 "POST /collect HTTP/1.1" 200 -
06:03:14 "POST /collect HTTP/1.1" 200 -
06:03:14 "GET /roster HTTP/1.1" 200 -
06:03:14 "POST /collect HTTP/1.1" 200 -
06:03:14 "POST /collect HTTP/1.1" 200 -
06:03:14 "POST /collect HTTP/1.1" 200 -
06:03:14 "POST /collect HTTP/1.1" 200 -
06:03:14 "POST /collect HTTP/1.1" 200 -
06:03:14 "POST /collect HTTP/1.1" 200 -
06:03:15 "GET /roster HTTP/1.1" 200 -
06:03:15 "POST /collect HTTP/1.1" 200 -
06:03:15 "POST /collect HTTP/1.1" 200 -
06:03:16 "GET /roster HTTP/1.1" 200 -
06:03:16 "POST /collect HTTP/1.1" 200 -
06:03:16 "POST /collect HTTP/1.1" 200 -
06:03:17 "POST /collect HTTP/1.1" 200 -
06:03:17 "POST /collect HTTP/1.1" 200 -
06:03:17 "GET /roster HTTP/1.1" 200 -
06:03:17 "POST /collect HTTP/1.1" 200 -
06:03:17 "POST /collect HTTP/1.1" 200 -
06:03:17 "POST /collect HTTP/1.1" 200 -
06:03:17 "POST /collect HTTP/1.1" 200 -
06:03:17 "POST /collect HTTP/1.1" 200 -
06:03:17 "POST /collect HTTP/1.1" 200 -
06:03:18 "GET /roster HTTP/1.1" 200 -
06:03:18 "POST /collect HTTP/1.1" 200 -
06:03:18 "POST /collect HTTP/1.1" 200 -
06:03:19 "GET /roster HTTP/1.1" 200 -
06:03:19 "POST /collect HTTP/1.1" 200 -
06:03:19 "POST /collect HTTP/1.1" 200 -
06:03:20 "POST /collect HTTP/1.1" 200 -
06:03:20 "POST /collect HTTP/1.1" 200 -
06:03:20 "GET /roster HTTP/1.1" 200 -
06:03:20 "POST /collect HTTP/1.1" 200 -
06:03:20 "POST /collect HTTP/1.1" 200 -
06:03:20 "POST /collect HTTP/1.1" 200 -
06:03:20 "POST /collect HTTP/1.1" 200 -
06:03:20 "POST /collect HTTP/1.1" 200 -
06:03:20 "POST /collect HTTP/1.1" 200 -
06:03:21 "GET /roster HTTP/1.1" 200 -
06:03:21 "POST /collect HTTP/1.1" 200 -
06:03:21 "POST /collect HTTP/1.1" 200 -
06:03:22 "GET /roster HTTP/1.1" 200 -
06:03:22 "POST /collect HTTP/1.1" 200 -
06:03:22 "POST /collect HTTP/1.1" 200 -
06:03:23 "POST /collect HTTP/1.1" 200 -
06:03:23 "POST /collect HTTP/1.1" 200 -
06:03:23 "GET /roster HTTP/1.1" 200 -
06:03:23 "POST /collect HTTP/1.1" 200 -
06:03:23 "POST /collect HTTP/1.1" 200 -
06:03:23 "POST /collect HTTP/1.1" 200 -
06:03:23 "POST /collect HTTP/1.1" 200 -
06:03:23 "POST /collect HTTP/1.1" 200 -
06:03:23 "POST /collect HTTP/1.1" 200 -
06:03:24 "GET /roster HTTP/1.1" 200 -
06:03:24 "POST /collect HTTP/1.1" 200 -
06:03:24 "POST /collect HTTP/1.1" 200 -
06:03:25 "GET /roster HTTP/1.1" 200 -
06:03:25 "POST /collect HTTP/1.1" 200 -
06:03:25 "POST /collect HTTP/1.1" 200 -
06:03:25 "POST /collect HTTP/1.1" 200 -
06:03:26 "POST /collect HTTP/1.1" 200 -
06:03:26 "POST /collect HTTP/1.1" 200 -
06:03:26 "GET /roster HTTP/1.1" 200 -
06:03:26 "POST /collect HTTP/1.1" 200 -
06:03:26 "POST /collect HTTP/1.1" 200 -
06:03:26 "POST /collect HTTP/1.1" 200 -
06:03:26 "POST /collect HTTP/1.1" 200 -
06:03:26 "POST /collect HTTP/1.1" 200 -
06:03:26 "POST /collect HTTP/1.1" 200 -
06:03:27 "GET /roster HTTP/1.1" 200 -
06:03:27 "POST /collect HTTP/1.1" 200 -
06:03:27 "POST /collect HTTP/1.1" 200 -
06:03:28 "GET /roster HTTP/1.1" 200 -
06:03:28 "POST /collect HTTP/1.1" 200 -
06:03:28 "POST /collect HTTP/1.1" 200 -
06:03:29 "POST /collect HTTP/1.1" 200 -
06:03:29 "POST /collect HTTP/1.1" 200 -
06:03:29 "GET /roster HTTP/1.1" 200 -
06:03:29 "POST /collect HTTP/1.1" 200 -
06:03:29 "POST /collect HTTP/1.1" 200 -
06:03:29 "POST /collect HTTP/1.1" 200 -
06:03:29 "POST /collect HTTP/1.1" 200 -
06:03:29 "POST /collect HTTP/1.1" 200 -
06:03:29 "POST /collect HTTP/1.1" 200 -
06:03:30 "GET /roster HTTP/1.1" 200 -
06:03:30 "POST /collect HTTP/1.1" 200 -
06:03:30 "POST /collect HTTP/1.1" 200 -
06:03:31 "GET /roster HTTP/1.1" 200 -
06:03:31 "POST /collect HTTP/1.1" 200 -
06:03:31 "POST /collect HTTP/1.1" 200 -
06:03:32 "POST /collect HTTP/1.1" 200 -
06:03:32 "POST /collect HTTP/1.1" 200 -
06:03:32 "GET /roster HTTP/1.1" 200 -
06:03:32 "POST /collect HTTP/1.1" 200 -
06:03:32 "POST /collect HTTP/1.1" 200 -
06:03:32 "POST /collect HTTP/1.1" 200 -
06:03:32 "POST /collect HTTP/1.1" 200 -
06:03:32 "POST /collect HTTP/1.1" 200 -
06:03:32 "POST /collect HTTP/1.1" 200 -
06:03:33 "GET /roster HTTP/1.1" 200 -
06:03:33 "POST /collect HTTP/1.1" 200 -
06:03:33 "POST /collect HTTP/1.1" 200 -
06:03:34 "GET /roster HTTP/1.1" 200 -
06:03:34 "POST /collect HTTP/1.1" 200 -
06:03:34 "POST /collect HTTP/1.1" 200 -
06:03:35 "POST /collect HTTP/1.1" 200 -
06:03:35 "POST /collect HTTP/1.1" 200 -
06:03:35 "GET /roster HTTP/1.1" 200 -
06:03:35 "POST /collect HTTP/1.1" 200 -
06:03:35 "POST /collect HTTP/1.1" 200 -
06:03:35 "POST /collect HTTP/1.1" 200 -
06:03:35 "POST /collect HTTP/1.1" 200 -
06:03:35 "POST /collect HTTP/1.1" 200 -
06:03:35 "POST /collect HTTP/1.1" 200 -
06:03:36 "GET /roster HTTP/1.1" 200 -
06:03:36 "POST /collect HTTP/1.1" 200 -
06:03:36 "POST /collect HTTP/1.1" 200 -
06:03:37 "GET /roster HTTP/1.1" 200 -
06:03:37 "POST /collect HTTP/1.1" 200 -
06:03:37 "POST /collect HTTP/1.1" 200 -
06:03:38 "POST /collect HTTP/1.1" 200 -
06:03:38 "POST /collect HTTP/1.1" 200 -
06:03:38 "GET /roster HTTP/1.1" 200 -
06:03:38 "POST /collect HTTP/1.1" 200 -
06:03:38 "POST /collect HTTP/1.1" 200 -
06:03:38 "POST /collect HTTP/1.1" 200 -
06:03:38 "POST /collect HTTP/1.1" 200 -
06:03:38 "POST /collect HTTP/1.1" 200 -
06:03:38 "POST /collect HTTP/1.1" 200 -
06:03:39 "GET /roster HTTP/1.1" 200 -
06:03:39 "POST /collect HTTP/1.1" 200 -
06:03:39 "POST /collect HTTP/1.1" 200 -
06:03:40 "GET /roster HTTP/1.1" 200 -
06:03:40 "POST /collect HTTP/1.1" 200 -
06:03:40 "POST /collect HTTP/1.1" 200 -
06:03:41 "POST /collect HTTP/1.1" 200 -
06:03:41 "POST /collect HTTP/1.1" 200 -
06:03:41 "GET /roster HTTP/1.1" 200 -
06:03:41 "POST /collect HTTP/1.1" 200 -
06:03:41 "POST /collect HTTP/1.1" 200 -
06:03:41 "POST /collect HTTP/1.1" 200 -
06:03:41 "POST /collect HTTP/1.1" 200 -
06:03:41 "POST /collect HTTP/1.1" 200 -
06:03:41 "POST /collect HTTP/1.1" 200 -
06:03:42 "GET /roster HTTP/1.1" 200 -
06:03:42 "POST /collect HTTP/1.1" 200 -
06:03:42 "POST /collect HTTP/1.1" 200 -
06:03:43 "GET /roster HTTP/1.1" 200 -
06:03:43 "POST /collect HTTP/1.1" 200 -
06:03:43 "POST /collect HTTP/1.1" 200 -
06:03:44 "POST /collect HTTP/1.1" 200 -
06:03:44 "POST /collect HTTP/1.1" 200 -
06:03:44 "GET /roster HTTP/1.1" 200 -
06:03:44 "POST /collect HTTP/1.1" 200 -
06:03:44 "POST /collect HTTP/1.1" 200 -
06:03:44 "POST /collect HTTP/1.1" 200 -
06:03:44 "POST /collect HTTP/1.1" 200 -
06:03:44 "POST /collect HTTP/1.1" 200 -
06:03:44 "POST /collect HTTP/1.1" 200 -
06:03:45 "GET /roster HTTP/1.1" 200 -
06:03:45 "POST /collect HTTP/1.1" 200 -
06:03:45 "POST /collect HTTP/1.1" 200 -
06:03:46 "GET /roster HTTP/1.1" 200 -
06:03:46 "POST /collect HTTP/1.1" 200 -
06:03:46 "POST /collect HTTP/1.1" 200 -
06:03:47 "POST /collect HTTP/1.1" 200 -
06:03:47 "POST /collect HTTP/1.1" 200 -
06:03:47 "GET /roster HTTP/1.1" 200 -
06:03:47 "POST /collect HTTP/1.1" 200 -
06:03:47 "POST /collect HTTP/1.1" 200 -
06:03:47 "POST /collect HTTP/1.1" 200 -
06:03:47 "POST /collect HTTP/1.1" 200 -
06:03:47 "POST /collect HTTP/1.1" 200 -
06:03:47 "POST /collect HTTP/1.1" 200 -
06:03:48 "GET /roster HTTP/1.1" 200 -
06:03:48 "POST /collect HTTP/1.1" 200 -
06:03:48 "POST /collect HTTP/1.1" 200 -
06:03:49 "GET /roster HTTP/1.1" 200 -
06:03:49 "POST /collect HTTP/1.1" 200 -
06:03:49 "POST /collect HTTP/1.1" 200 -
06:03:50 "POST /collect HTTP/1.1" 200 -
06:03:50 "POST /collect HTTP/1.1" 200 -
06:03:50 "GET /roster HTTP/1.1" 200 -
06:03:50 "POST /collect HTTP/1.1" 200 -
06:03:50 "POST /collect HTTP/1.1" 200 -
06:03:50 "POST /collect HTTP/1.1" 200 -
06:03:50 "POST /collect HTTP/1.1" 200 -
06:03:50 "POST /collect HTTP/1.1" 200 -
06:03:50 "POST /collect HTTP/1.1" 200 -
06:03:51 "GET /roster HTTP/1.1" 200 -
06:03:51 "POST /collect HTTP/1.1" 200 -
06:03:51 "POST /collect HTTP/1.1" 200 -
06:03:52 "GET /roster HTTP/1.1" 200 -
06:03:52 "POST /collect HTTP/1.1" 200 -
06:03:52 "POST /collect HTTP/1.1" 200 -
06:03:53 "POST /collect HTTP/1.1" 200 -
06:03:53 "POST /collect HTTP/1.1" 200 -
06:03:53 "GET /roster HTTP/1.1" 200 -
06:03:53 "POST /collect HTTP/1.1" 200 -
06:03:53 "POST /collect HTTP/1.1" 200 -
06:03:53 "POST /collect HTTP/1.1" 200 -
06:03:53 "POST /collect HTTP/1.1" 200 -
06:03:53 "POST /collect HTTP/1.1" 200 -
06:03:53 "POST /collect HTTP/1.1" 200 -
06:03:54 "GET /roster HTTP/1.1" 200 -
06:03:54 "POST /collect HTTP/1.1" 200 -
06:03:54 "POST /collect HTTP/1.1" 200 -
06:03:55 "GET /roster HTTP/1.1" 200 -
06:03:55 "POST /collect HTTP/1.1" 200 -
06:03:55 "POST /collect HTTP/1.1" 200 -
06:03:56 "POST /collect HTTP/1.1" 200 -
06:03:56 "POST /collect HTTP/1.1" 200 -
06:03:56 "GET /roster HTTP/1.1" 200 -
06:03:56 "POST /collect HTTP/1.1" 200 -
06:03:56 "POST /collect HTTP/1.1" 200 -
06:03:56 "POST /collect HTTP/1.1" 200 -
06:03:56 "POST /collect HTTP/1.1" 200 -
06:03:56 "POST /collect HTTP/1.1" 200 -
06:03:56 "POST /collect HTTP/1.1" 200 -
06:03:57 "GET /roster HTTP/1.1" 200 -
06:03:57 "POST /collect HTTP/1.1" 200 -
06:03:57 "POST /collect HTTP/1.1" 200 -
06:03:58 "GET /roster HTTP/1.1" 200 -
06:03:58 "POST /collect HTTP/1.1" 200 -
06:03:58 "POST /collect HTTP/1.1" 200 -
06:03:59 "POST /collect HTTP/1.1" 200 -
06:03:59 "POST /collect HTTP/1.1" 200 -
06:03:59 "GET /roster HTTP/1.1" 200 -
06:03:59 "POST /collect HTTP/1.1" 200 -
06:03:59 "POST /collect HTTP/1.1" 200 -
06:03:59 "POST /collect HTTP/1.1" 200 -
06:03:59 "POST /collect HTTP/1.1" 200 -
06:03:59 "POST /collect HTTP/1.1" 200 -
06:03:59 "POST /collect HTTP/1.1" 200 -
06:04:00 "GET /roster HTTP/1.1" 200 -
06:04:00 "POST /collect HTTP/1.1" 200 -
06:04:00 "POST /collect HTTP/1.1" 200 -
06:04:01 "GET /roster HTTP/1.1" 200 -
06:04:01 "POST /collect HTTP/1.1" 200 -
06:04:01 "POST /collect HTTP/1.1" 200 -
06:04:02 "POST /collect HTTP/1.1" 200 -
06:04:02 "POST /collect HTTP/1.1" 200 -
06:04:02 "GET /roster HTTP/1.1" 200 -
06:04:02 "POST /collect HTTP/1.1" 200 -
06:04:02 "POST /collect HTTP/1.1" 200 -
06:04:02 "POST /collect HTTP/1.1" 200 -
06:04:02 "POST /collect HTTP/1.1" 200 -
06:04:02 "POST /collect HTTP/1.1" 200 -
06:04:02 "POST /collect HTTP/1.1" 200 -
06:04:03 "GET /roster HTTP/1.1" 200 -
06:04:03 "POST /collect HTTP/1.1" 200 -
06:04:03 "POST /collect HTTP/1.1" 200 -
06:04:04 "GET /roster HTTP/1.1" 200 -
06:04:04 "POST /collect HTTP/1.1" 200 -
06:04:04 "POST /collect HTTP/1.1" 200 -
06:04:05 "POST /collect HTTP/1.1" 200 -
06:04:05 "POST /collect HTTP/1.1" 200 -
06:04:05 "GET /roster HTTP/1.1" 200 -
06:04:05 "POST /collect HTTP/1.1" 200 -
06:04:05 "POST /collect HTTP/1.1" 200 -
06:04:05 "POST /collect HTTP/1.1" 200 -
06:04:05 "POST /collect HTTP/1.1" 200 -
06:04:05 "POST /collect HTTP/1.1" 200 -
06:04:05 "POST /collect HTTP/1.1" 200 -
06:04:06 "GET /roster HTTP/1.1" 200 -
06:04:06 "POST /collect HTTP/1.1" 200 -
06:04:06 "POST /collect HTTP/1.1" 200 -
06:04:07 "GET /roster HTTP/1.1" 200 -
06:04:07 "POST /collect HTTP/1.1" 200 -
06:04:07 "POST /collect HTTP/1.1" 200 -
06:04:08 "POST /collect HTTP/1.1" 200 -
06:04:08 "POST /collect HTTP/1.1" 200 -
06:04:08 "GET /roster HTTP/1.1" 200 -
06:04:08 "POST /collect HTTP/1.1" 200 -
06:04:08 "POST /collect HTTP/1.1" 200 -
06:04:08 "POST /collect HTTP/1.1" 200 -
06:04:08 "POST /collect HTTP/1.1" 200 -
06:04:08 "POST /collect HTTP/1.1" 200 -
06:04:08 "POST /collect HTTP/1.1" 200 -
06:04:09 "GET /roster HTTP/1.1" 200 -
06:04:09 "POST /collect HTTP/1.1" 200 -
06:04:09 "POST /collect HTTP/1.1" 200 -
06:04:10 "GET /roster HTTP/1.1" 200 -
06:04:10 "POST /collect HTTP/1.1" 200 -
06:04:10 "POST /collect HTTP/1.1" 200 -
06:04:11 "POST /collect HTTP/1.1" 200 -
06:04:11 "POST /collect HTTP/1.1" 200 -
06:04:11 "GET /roster HTTP/1.1" 200 -
06:04:11 "POST /collect HTTP/1.1" 200 -
06:04:11 "POST /collect HTTP/1.1" 200 -
06:04:11 "POST /collect HTTP/1.1" 200 -
06:04:11 "POST /collect HTTP/1.1" 200 -
06:04:11 "POST /collect HTTP/1.1" 200 -
06:04:11 "POST /collect HTTP/1.1" 200 -
06:04:12 "GET /roster HTTP/1.1" 200 -
06:04:12 "POST /collect HTTP/1.1" 200 -
06:04:12 "POST /collect HTTP/1.1" 200 -
06:04:13 "GET /roster HTTP/1.1" 200 -
06:04:13 "POST /collect HTTP/1.1" 200 -
06:04:13 "POST /collect HTTP/1.1" 200 -
06:04:14 "POST /collect HTTP/1.1" 200 -
06:04:14 "POST /collect HTTP/1.1" 200 -
06:04:14 "GET /roster HTTP/1.1" 200 -
06:04:14 "POST /collect HTTP/1.1" 200 -
06:04:14 "POST /collect HTTP/1.1" 200 -
06:04:14 "POST /collect HTTP/1.1" 200 -
06:04:14 "POST /collect HTTP/1.1" 200 -
06:04:14 "POST /collect HTTP/1.1" 200 -
06:04:14 "POST /collect HTTP/1.1" 200 -
06:04:15 "GET /roster HTTP/1.1" 200 -
06:04:15 "POST /collect HTTP/1.1" 200 -
06:04:15 "POST /collect HTTP/1.1" 200 -
06:04:16 "GET /roster HTTP/1.1" 200 -
06:04:16 "POST /collect HTTP/1.1" 200 -
06:04:16 "POST /collect HTTP/1.1" 200 -
06:04:17 "POST /collect HTTP/1.1" 200 -
06:04:17 "POST /collect HTTP/1.1" 200 -
06:04:17 "GET /roster HTTP/1.1" 200 -
06:04:17 "POST /collect HTTP/1.1" 200 -
06:04:17 "POST /collect HTTP/1.1" 200 -
06:04:17 "POST /collect HTTP/1.1" 200 -
06:04:17 "POST /collect HTTP/1.1" 200 -
06:04:17 "POST /collect HTTP/1.1" 200 -
06:04:17 "POST /collect HTTP/1.1" 200 -
06:04:18 "GET /roster HTTP/1.1" 200 -
06:04:18 "POST /collect HTTP/1.1" 200 -
06:04:18 "POST /collect HTTP/1.1" 200 -
06:04:19 "GET /roster HTTP/1.1" 200 -
06:04:19 "POST /collect HTTP/1.1" 200 -
06:04:19 "POST /collect HTTP/1.1" 200 -
06:04:20 "POST /collect HTTP/1.1" 200 -
06:04:20 "POST /collect HTTP/1.1" 200 -
06:04:20 "GET /roster HTTP/1.1" 200 -
06:04:20 "POST /collect HTTP/1.1" 200 -
06:04:20 "POST /collect HTTP/1.1" 200 -
06:04:20 "POST /collect HTTP/1.1" 200 -
06:04:20 "POST /collect HTTP/1.1" 200 -
06:04:20 "POST /collect HTTP/1.1" 200 -
06:04:20 "POST /collect HTTP/1.1" 200 -
06:04:21 "GET /roster HTTP/1.1" 200 -
06:04:21 "POST /collect HTTP/1.1" 200 -
06:04:21 "POST /collect HTTP/1.1" 200 -
06:04:22 "GET /roster HTTP/1.1" 200 -
06:04:22 "POST /collect HTTP/1.1" 200 -
06:04:22 "POST /collect HTTP/1.1" 200 -
06:04:23 "POST /collect HTTP/1.1" 200 -
06:04:23 "POST /collect HTTP/1.1" 200 -
06:04:23 "GET /roster HTTP/1.1" 200 -
06:04:23 "POST /collect HTTP/1.1" 200 -
06:04:23 "POST /collect HTTP/1.1" 200 -
06:04:23 "POST /collect HTTP/1.1" 200 -
06:04:23 "POST /collect HTTP/1.1" 200 -
06:04:23 "POST /collect HTTP/1.1" 200 -
06:04:23 "POST /collect HTTP/1.1" 200 -
06:04:24 "GET /roster HTTP/1.1" 200 -
06:04:24 "POST /collect HTTP/1.1" 200 -
06:04:24 "POST /collect HTTP/1.1" 200 -
06:04:25 "GET /roster HTTP/1.1" 200 -
06:04:25 "POST /collect HTTP/1.1" 200 -
06:04:25 "POST /collect HTTP/1.1" 200 -
06:04:25 "POST /collect HTTP/1.1" 200 -
06:04:26 "POST /collect HTTP/1.1" 200 -
06:04:26 "POST /collect HTTP/1.1" 200 -
06:04:26 "GET /roster HTTP/1.1" 200 -
06:04:26 "POST /collect HTTP/1.1" 200 -
06:04:26 "POST /collect HTTP/1.1" 200 -
06:04:26 "POST /collect HTTP/1.1" 200 -
06:04:26 "POST /collect HTTP/1.1" 200 -
06:04:26 "POST /collect HTTP/1.1" 200 -
06:04:26 "POST /collect HTTP/1.1" 200 -
06:04:27 "GET /roster HTTP/1.1" 200 -
06:04:27 "POST /collect HTTP/1.1" 200 -
06:04:27 "POST /collect HTTP/1.1" 200 -
06:04:28 "GET /roster HTTP/1.1" 200 -
06:04:28 "POST /collect HTTP/1.1" 200 -
06:04:28 "POST /collect HTTP/1.1" 200 -
06:04:29 "POST /collect HTTP/1.1" 200 -
06:04:29 "POST /collect HTTP/1.1" 200 -
06:04:29 "GET /roster HTTP/1.1" 200 -
06:04:29 "POST /collect HTTP/1.1" 200 -
06:04:29 "POST /collect HTTP/1.1" 200 -
06:04:29 "POST /collect HTTP/1.1" 200 -
06:04:29 "POST /collect HTTP/1.1" 200 -
06:04:29 "POST /collect HTTP/1.1" 200 -
06:04:29 "POST /collect HTTP/1.1" 200 -
06:04:30 "GET /roster HTTP/1.1" 200 -
06:04:30 "POST /collect HTTP/1.1" 200 -
06:04:30 "POST /collect HTTP/1.1" 200 -
06:04:31 "GET /roster HTTP/1.1" 200 -
06:04:31 "POST /collect HTTP/1.1" 200 -
06:04:31 "POST /collect HTTP/1.1" 200 -
06:04:32 "POST /collect HTTP/1.1" 200 -
06:04:32 "POST /collect HTTP/1.1" 200 -
06:04:32 "GET /roster HTTP/1.1" 200 -
06:04:32 "POST /collect HTTP/1.1" 200 -
06:04:32 "POST /collect HTTP/1.1" 200 -
06:04:32 "POST /collect HTTP/1.1" 200 -
06:04:32 "POST /collect HTTP/1.1" 200 -
06:04:32 "POST /collect HTTP/1.1" 200 -
06:04:32 "POST /collect HTTP/1.1" 200 -
06:04:33 "GET /roster HTTP/1.1" 200 -
06:04:33 "POST /collect HTTP/1.1" 200 -
06:04:33 "POST /collect HTTP/1.1" 200 -
06:04:34 "GET /roster HTTP/1.1" 200 -
06:04:34 "POST /collect HTTP/1.1" 200 -
06:04:34 "POST /collect HTTP/1.1" 200 -
06:04:35 "POST /collect HTTP/1.1" 200 -
06:04:35 "POST /collect HTTP/1.1" 200 -
06:04:35 "GET /roster HTTP/1.1" 200 -
06:04:35 "POST /collect HTTP/1.1" 200 -
06:04:35 "POST /collect HTTP/1.1" 200 -
06:04:35 "POST /collect HTTP/1.1" 200 -
06:04:35 "POST /collect HTTP/1.1" 200 -
06:04:35 "POST /collect HTTP/1.1" 200 -
06:04:35 "POST /collect HTTP/1.1" 200 -
06:04:36 "GET /roster HTTP/1.1" 200 -
06:04:36 "POST /collect HTTP/1.1" 200 -
06:04:36 "POST /collect HTTP/1.1" 200 -
06:04:37 "GET /roster HTTP/1.1" 200 -
06:04:37 "POST /collect HTTP/1.1" 200 -
06:04:37 "POST /collect HTTP/1.1" 200 -
06:04:38 "POST /collect HTTP/1.1" 200 -
06:04:38 "POST /collect HTTP/1.1" 200 -
06:04:38 "GET /roster HTTP/1.1" 200 -
06:04:38 "POST /collect HTTP/1.1" 200 -
06:04:38 "POST /collect HTTP/1.1" 200 -
06:04:38 "POST /collect HTTP/1.1" 200 -
06:04:38 "POST /collect HTTP/1.1" 200 -
06:04:38 "POST /collect HTTP/1.1" 200 -
06:04:38 "POST /collect HTTP/1.1" 200 -
06:04:39 "GET /roster HTTP/1.1" 200 -
06:04:39 "POST /collect HTTP/1.1" 200 -
06:04:39 "POST /collect HTTP/1.1" 200 -
06:04:40 "GET /roster HTTP/1.1" 200 -
06:04:40 "POST /collect HTTP/1.1" 200 -
06:04:40 "POST /collect HTTP/1.1" 200 -
06:04:41 "POST /collect HTTP/1.1" 200 -
06:04:41 "POST /collect HTTP/1.1" 200 -
06:04:41 "GET /roster HTTP/1.1" 200 -
06:04:41 "POST /collect HTTP/1.1" 200 -
06:04:41 "POST /collect HTTP/1.1" 200 -
06:04:41 "POST /collect HTTP/1.1" 200 -
06:04:41 "POST /collect HTTP/1.1" 200 -
06:04:41 "POST /collect HTTP/1.1" 200 -
06:04:41 "POST /collect HTTP/1.1" 200 -
06:04:42 "GET /roster HTTP/1.1" 200 -
06:04:42 "POST /collect HTTP/1.1" 200 -
06:04:42 "POST /collect HTTP/1.1" 200 -
06:04:43 "GET /roster HTTP/1.1" 200 -
06:04:43 "POST /collect HTTP/1.1" 200 -
06:04:43 "POST /collect HTTP/1.1" 200 -
06:04:44 "POST /collect HTTP/1.1" 200 -
06:04:44 "POST /collect HTTP/1.1" 200 -
06:04:44 "POST /collect HTTP/1.1" 200 -
06:04:44 "GET /roster HTTP/1.1" 200 -
06:04:44 "POST /collect HTTP/1.1" 200 -
06:04:44 "POST /collect HTTP/1.1" 200 -
06:04:44 "POST /collect HTTP/1.1" 200 -
06:04:44 "POST /collect HTTP/1.1" 200 -
06:04:44 "POST /collect HTTP/1.1" 200 -
06:04:45 "GET /roster HTTP/1.1" 200 -
06:04:45 "POST /collect HTTP/1.1" 200 -
06:04:45 "POST /collect HTTP/1.1" 200 -
06:04:46 "GET /roster HTTP/1.1" 200 -
06:04:46 "POST /collect HTTP/1.1" 200 -
06:04:46 "POST /collect HTTP/1.1" 200 -
06:04:47 "POST /collect HTTP/1.1" 200 -
06:04:47 "POST /collect HTTP/1.1" 200 -
06:04:47 "GET /roster HTTP/1.1" 200 -
06:04:47 "POST /collect HTTP/1.1" 200 -
06:04:47 "POST /collect HTTP/1.1" 200 -
06:04:47 "POST /collect HTTP/1.1" 200 -
06:04:47 "POST /collect HTTP/1.1" 200 -
06:04:47 "POST /collect HTTP/1.1" 200 -
06:04:47 "POST /collect HTTP/1.1" 200 -
06:04:48 "GET /roster HTTP/1.1" 200 -
06:04:48 "POST /collect HTTP/1.1" 200 -
06:04:48 "POST /collect HTTP/1.1" 200 -
06:04:49 "GET /roster HTTP/1.1" 200 -
06:04:49 "POST /collect HTTP/1.1" 200 -
06:04:49 "POST /collect HTTP/1.1" 200 -
06:04:50 "POST /collect HTTP/1.1" 200 -
06:04:50 "POST /collect HTTP/1.1" 200 -
06:04:50 "GET /roster HTTP/1.1" 200 -
06:04:50 "POST /collect HTTP/1.1" 200 -
06:04:50 "POST /collect HTTP/1.1" 200 -
06:04:50 "POST /collect HTTP/1.1" 200 -
06:04:50 "POST /collect HTTP/1.1" 200 -
06:04:50 "POST /collect HTTP/1.1" 200 -
06:04:50 "POST /collect HTTP/1.1" 200 -
06:04:51 "GET /roster HTTP/1.1" 200 -
06:04:51 "POST /collect HTTP/1.1" 200 -
06:04:51 "POST /collect HTTP/1.1" 200 -
06:04:52 "GET /roster HTTP/1.1" 200 -
06:04:52 "POST /collect HTTP/1.1" 200 -
06:04:52 "POST /collect HTTP/1.1" 200 -
06:04:53 "POST /collect HTTP/1.1" 200 -
06:04:53 "POST /collect HTTP/1.1" 200 -
06:04:53 "GET /roster HTTP/1.1" 200 -
06:04:53 "POST /collect HTTP/1.1" 200 -
06:04:53 "POST /collect HTTP/1.1" 200 -
06:04:53 "POST /collect HTTP/1.1" 200 -
06:04:53 "POST /collect HTTP/1.1" 200 -
06:04:53 "POST /collect HTTP/1.1" 200 -
06:04:53 "POST /collect HTTP/1.1" 200 -
06:04:54 "GET /roster HTTP/1.1" 200 -
06:04:54 "POST /collect HTTP/1.1" 200 -
06:04:54 "POST /collect HTTP/1.1" 200 -
06:04:55 "GET /roster HTTP/1.1" 200 -
06:04:55 "POST /collect HTTP/1.1" 200 -
06:04:55 "POST /collect HTTP/1.1" 200 -
06:04:56 "POST /collect HTTP/1.1" 200 -
06:04:56 "POST /collect HTTP/1.1" 200 -
06:04:56 "POST /collect HTTP/1.1" 200 -
06:04:56 "GET /roster HTTP/1.1" 200 -
06:04:56 "POST /collect HTTP/1.1" 200 -
06:04:56 "POST /collect HTTP/1.1" 200 -
06:04:56 "POST /collect HTTP/1.1" 200 -
06:04:56 "POST /collect HTTP/1.1" 200 -
06:04:56 "POST /collect HTTP/1.1" 200 -
06:04:57 "GET /roster HTTP/1.1" 200 -
06:04:57 "POST /collect HTTP/1.1" 200 -
06:04:57 "POST /collect HTTP/1.1" 200 -
06:04:58 "GET /roster HTTP/1.1" 200 -
06:04:58 "POST /collect HTTP/1.1" 200 -
06:04:58 "POST /collect HTTP/1.1" 200 -
06:04:59 "POST /collect HTTP/1.1" 200 -
06:04:59 "POST /collect HTTP/1.1" 200 -
06:04:59 "GET /roster HTTP/1.1" 200 -
06:04:59 "POST /collect HTTP/1.1" 200 -
06:04:59 "POST /collect HTTP/1.1" 200 -
06:04:59 "POST /collect HTTP/1.1" 200 -
06:04:59 "POST /collect HTTP/1.1" 200 -
06:04:59 "POST /collect HTTP/1.1" 200 -
06:04:59 "POST /collect HTTP/1.1" 200 -
06:05:00 "GET /roster HTTP/1.1" 200 -
06:05:00 "POST /collect HTTP/1.1" 200 -
06:05:00 "POST /collect HTTP/1.1" 200 -
06:05:01 "GET /roster HTTP/1.1" 200 -
06:05:01 "POST /collect HTTP/1.1" 200 -
06:05:01 "POST /collect HTTP/1.1" 200 -
06:05:02 "POST /collect HTTP/1.1" 200 -
06:05:02 "POST /collect HTTP/1.1" 200 -
06:05:02 "GET /roster HTTP/1.1" 200 -
06:05:02 "POST /collect HTTP/1.1" 200 -
06:05:02 "POST /collect HTTP/1.1" 200 -
06:05:02 "POST /collect HTTP/1.1" 200 -
06:05:02 "POST /collect HTTP/1.1" 200 -
06:05:02 "POST /collect HTTP/1.1" 200 -
06:05:02 "POST /collect HTTP/1.1" 200 -
06:05:03 "GET /roster HTTP/1.1" 200 -
06:05:03 "POST /collect HTTP/1.1" 200 -
06:05:03 "POST /collect HTTP/1.1" 200 -
06:05:04 "GET /roster HTTP/1.1" 200 -
06:05:04 "POST /collect HTTP/1.1" 200 -
06:05:04 "POST /collect HTTP/1.1" 200 -
06:05:05 "POST /collect HTTP/1.1" 200 -
06:05:05 "POST /collect HTTP/1.1" 200 -
06:05:05 "GET /roster HTTP/1.1" 200 -
06:05:05 "POST /collect HTTP/1.1" 200 -
06:05:05 "POST /collect HTTP/1.1" 200 -
06:05:05 "POST /collect HTTP/1.1" 200 -
06:05:05 "POST /collect HTTP/1.1" 200 -
06:05:05 "POST /collect HTTP/1.1" 200 -
06:05:05 "POST /collect HTTP/1.1" 200 -
06:05:06 "GET /roster HTTP/1.1" 200 -
06:05:06 "POST /collect HTTP/1.1" 200 -
06:05:06 "POST /collect HTTP/1.1" 200 -
06:05:07 "GET /roster HTTP/1.1" 200 -
06:05:07 "POST /collect HTTP/1.1" 200 -
06:05:07 "POST /collect HTTP/1.1" 200 -
06:05:08 "POST /collect HTTP/1.1" 200 -
06:05:08 "POST /collect HTTP/1.1" 200 -
06:05:08 "GET /roster HTTP/1.1" 200 -
06:05:08 "POST /collect HTTP/1.1" 200 -
06:05:08 "POST /collect HTTP/1.1" 200 -
06:05:08 "POST /collect HTTP/1.1" 200 -
06:05:08 "POST /collect HTTP/1.1" 200 -
06:05:08 "POST /collect HTTP/1.1" 200 -
06:05:08 "POST /collect HTTP/1.1" 200 -
06:05:09 "GET /roster HTTP/1.1" 200 -
06:05:09 "POST /collect HTTP/1.1" 200 -
06:05:09 "POST /collect HTTP/1.1" 200 -
06:05:10 "GET /roster HTTP/1.1" 200 -
06:05:10 "POST /collect HTTP/1.1" 200 -
06:05:10 "POST /collect HTTP/1.1" 200 -
06:05:11 "POST /collect HTTP/1.1" 200 -
06:05:11 "POST /collect HTTP/1.1" 200 -
06:05:11 "GET /roster HTTP/1.1" 200 -
06:05:11 "POST /collect HTTP/1.1" 200 -
06:05:11 "POST /collect HTTP/1.1" 200 -
06:05:11 "POST /collect HTTP/1.1" 200 -
06:05:11 "POST /collect HTTP/1.1" 200 -
06:05:11 "POST /collect HTTP/1.1" 200 -
06:05:11 "POST /collect HTTP/1.1" 200 -
06:05:12 "GET /roster HTTP/1.1" 200 -
06:05:12 "POST /collect HTTP/1.1" 200 -
06:05:12 "POST /collect HTTP/1.1" 200 -
06:05:13 "GET /roster HTTP/1.1" 200 -
06:05:13 "POST /collect HTTP/1.1" 200 -
06:05:13 "POST /collect HTTP/1.1" 200 -
06:05:14 "POST /collect HTTP/1.1" 200 -
06:05:14 "POST /collect HTTP/1.1" 200 -
06:05:14 "GET /roster HTTP/1.1" 200 -
06:05:14 "POST /collect HTTP/1.1" 200 -
06:05:14 "POST /collect HTTP/1.1" 200 -
06:05:14 "POST /collect HTTP/1.1" 200 -
06:05:14 "POST /collect HTTP/1.1" 200 -
06:05:14 "POST /collect HTTP/1.1" 200 -
06:05:14 "POST /collect HTTP/1.1" 200 -
06:05:15 "GET /roster HTTP/1.1" 200 -
06:05:15 "POST /collect HTTP/1.1" 200 -
06:05:15 "POST /collect HTTP/1.1" 200 -
06:05:16 "GET /roster HTTP/1.1" 200 -
06:05:16 "POST /collect HTTP/1.1" 200 -
06:05:16 "POST /collect HTTP/1.1" 200 -
06:05:17 "POST /collect HTTP/1.1" 200 -
06:05:17 "POST /collect HTTP/1.1" 200 -
06:05:17 "GET /roster HTTP/1.1" 200 -
06:05:17 "POST /collect HTTP/1.1" 200 -
06:05:17 "POST /collect HTTP/1.1" 200 -
06:05:17 "POST /collect HTTP/1.1" 200 -
06:05:17 "POST /collect HTTP/1.1" 200 -
06:05:17 "POST /collect HTTP/1.1" 200 -
06:05:17 "POST /collect HTTP/1.1" 200 -
06:05:18 "GET /roster HTTP/1.1" 200 -
06:05:18 "POST /collect HTTP/1.1" 200 -
06:05:18 "POST /collect HTTP/1.1" 200 -
06:05:19 "GET /roster HTTP/1.1" 200 -
06:05:19 "POST /collect HTTP/1.1" 200 -
06:05:19 "POST /collect HTTP/1.1" 200 -
06:05:20 "POST /collect HTTP/1.1" 200 -
06:05:20 "POST /collect HTTP/1.1" 200 -
06:05:20 "GET /roster HTTP/1.1" 200 -
06:05:20 "POST /collect HTTP/1.1" 200 -
06:05:20 "POST /collect HTTP/1.1" 200 -
06:05:20 "POST /collect HTTP/1.1" 200 -
06:05:20 "POST /collect HTTP/1.1" 200 -
06:05:20 "POST /collect HTTP/1.1" 200 -
06:05:20 "POST /collect HTTP/1.1" 200 -
06:05:21 "GET /roster HTTP/1.1" 200 -
06:05:21 "POST /collect HTTP/1.1" 200 -
06:05:21 "POST /collect HTTP/1.1" 200 -
06:05:22 "GET /roster HTTP/1.1" 200 -
06:05:22 "POST /collect HTTP/1.1" 200 -
06:05:22 "POST /collect HTTP/1.1" 200 -
06:05:23 "POST /collect HTTP/1.1" 200 -
06:05:23 "POST /collect HTTP/1.1" 200 -
06:05:23 "GET /roster HTTP/1.1" 200 -
06:05:23 "POST /collect HTTP/1.1" 200 -
06:05:23 "POST /collect HTTP/1.1" 200 -
06:05:23 "POST /collect HTTP/1.1" 200 -
06:05:23 "POST /collect HTTP/1.1" 200 -
06:05:23 "POST /collect HTTP/1.1" 200 -
06:05:23 "POST /collect HTTP/1.1" 200 -
06:05:24 "GET /roster HTTP/1.1" 200 -
06:05:24 "POST /collect HTTP/1.1" 200 -
06:05:24 "POST /collect HTTP/1.1" 200 -
06:05:25 "GET /roster HTTP/1.1" 200 -
06:05:25 "POST /collect HTTP/1.1" 200 -
06:05:25 "GET /roster HTTP/1.1" 200 -
06:05:25 "POST /collect HTTP/1.1" 200 -
06:05:25 CF GET /sessions/2f9e9c4b6bfc13798a756702022ffdd58707c5810dcc4a98d49a1be3afea281c -> 200 (138 ms)
06:05:25 "GET /cf/sessions/2f9e9c4b6bfc13798a756702022ffdd58707c5810dcc4a98d49a1be3afea281c HTTP/1.1" 200 -
06:05:25 "POST /collect HTTP/1.1" 200 -
06:05:25 "GET /roster HTTP/1.1" 200 -
06:05:25 CF GET /sessions/ffdcd1faec24aecb094b39b36dc328ad203307f30d12dca16cbf92933099fab9 -> 200 (135 ms)
06:05:25 "GET /cf/sessions/ffdcd1faec24aecb094b39b36dc328ad203307f30d12dca16cbf92933099fab9 HTTP/1.1" 200 -
06:05:25 "POST /collect HTTP/1.1" 200 -
06:05:25 "POST /collect HTTP/1.1" 200 -
06:05:26 "POST /collect HTTP/1.1" 200 -
06:05:26 "POST /collect HTTP/1.1" 200 -
06:05:26 "POST /collect HTTP/1.1" 200 -
06:05:26 "POST /collect HTTP/1.1" 200 -
06:05:26 "GET /roster HTTP/1.1" 200 -
06:05:26 "POST /collect HTTP/1.1" 200 -
06:05:26 "POST /collect HTTP/1.1" 200 -
06:05:26 "POST /collect HTTP/1.1" 200 -
06:05:26 "POST /collect HTTP/1.1" 200 -
06:05:27 "GET /roster HTTP/1.1" 200 -
06:05:27 "POST /collect HTTP/1.1" 200 -
06:05:27 "POST /collect HTTP/1.1" 200 -
06:05:28 "GET /roster HTTP/1.1" 200 -
06:05:28 "POST /collect HTTP/1.1" 200 -
06:05:28 "POST /collect HTTP/1.1" 200 -
06:05:29 "POST /collect HTTP/1.1" 200 -
06:05:29 "POST /collect HTTP/1.1" 200 -
06:05:29 "GET /roster HTTP/1.1" 200 -
06:05:29 "POST /collect HTTP/1.1" 200 -
06:05:29 "POST /collect HTTP/1.1" 200 -
06:05:29 "POST /collect HTTP/1.1" 200 -
06:05:29 "POST /collect HTTP/1.1" 200 -
06:05:29 "POST /collect HTTP/1.1" 200 -
06:05:29 "POST /collect HTTP/1.1" 200 -
06:05:30 "GET /roster HTTP/1.1" 200 -
06:05:30 "POST /collect HTTP/1.1" 200 -
06:05:30 "POST /collect HTTP/1.1" 200 -
06:05:31 "GET /roster HTTP/1.1" 200 -
06:05:31 "POST /collect HTTP/1.1" 200 -
06:05:31 "POST /collect HTTP/1.1" 200 -
06:05:32 "POST /collect HTTP/1.1" 200 -
06:05:32 "POST /collect HTTP/1.1" 200 -
06:05:32 "POST /collect HTTP/1.1" 200 -
06:05:32 "GET /roster HTTP/1.1" 200 -
06:05:32 "POST /collect HTTP/1.1" 200 -
06:05:32 "POST /collect HTTP/1.1" 200 -
06:05:32 "POST /collect HTTP/1.1" 200 -
06:05:32 "POST /collect HTTP/1.1" 200 -
06:05:32 "POST /collect HTTP/1.1" 200 -
06:05:33 "GET /roster HTTP/1.1" 200 -
06:05:33 "POST /collect HTTP/1.1" 200 -
06:05:33 "POST /collect HTTP/1.1" 200 -
06:05:34 "GET /roster HTTP/1.1" 200 -
06:05:34 "POST /collect HTTP/1.1" 200 -
06:05:34 "POST /collect HTTP/1.1" 200 -
06:05:35 "POST /collect HTTP/1.1" 200 -
06:05:35 "POST /collect HTTP/1.1" 200 -
06:05:35 "GET /roster HTTP/1.1" 200 -
06:05:35 "POST /collect HTTP/1.1" 200 -
06:05:35 "POST /collect HTTP/1.1" 200 -
06:05:35 "POST /collect HTTP/1.1" 200 -
06:05:35 "POST /collect HTTP/1.1" 200 -
06:05:35 "POST /collect HTTP/1.1" 200 -
06:05:35 "POST /collect HTTP/1.1" 200 -
06:05:36 "GET /roster HTTP/1.1" 200 -
06:05:36 "POST /collect HTTP/1.1" 200 -
06:05:36 "POST /collect HTTP/1.1" 200 -
06:05:37 "GET /roster HTTP/1.1" 200 -
06:05:37 "POST /collect HTTP/1.1" 200 -
06:05:37 "POST /collect HTTP/1.1" 200 -
06:05:38 "POST /collect HTTP/1.1" 200 -
06:05:38 "POST /collect HTTP/1.1" 200 -
06:05:38 "GET /roster HTTP/1.1" 200 -
06:05:38 "POST /collect HTTP/1.1" 200 -
06:05:38 "POST /collect HTTP/1.1" 200 -
06:05:38 "POST /collect HTTP/1.1" 200 -
06:05:38 "POST /collect HTTP/1.1" 200 -
06:05:38 "POST /collect HTTP/1.1" 200 -
06:05:38 "POST /collect HTTP/1.1" 200 -
06:05:39 "GET /roster HTTP/1.1" 200 -
06:05:39 "POST /collect HTTP/1.1" 200 -
06:05:39 "POST /collect HTTP/1.1" 200 -
06:05:40 "GET /roster HTTP/1.1" 200 -
06:05:40 "POST /collect HTTP/1.1" 200 -
06:05:40 "POST /collect HTTP/1.1" 200 -
06:05:41 "POST /collect HTTP/1.1" 200 -
06:05:41 "POST /collect HTTP/1.1" 200 -
06:05:41 "GET /roster HTTP/1.1" 200 -
06:05:41 "POST /collect HTTP/1.1" 200 -
06:05:41 "POST /collect HTTP/1.1" 200 -
06:05:41 "POST /collect HTTP/1.1" 200 -
06:05:41 "POST /collect HTTP/1.1" 200 -
06:05:41 "POST /collect HTTP/1.1" 200 -
06:05:41 "POST /collect HTTP/1.1" 200 -
06:05:42 "GET /roster HTTP/1.1" 200 -
06:05:42 "POST /collect HTTP/1.1" 200 -
06:05:42 "POST /collect HTTP/1.1" 200 -
06:05:43 "GET /roster HTTP/1.1" 200 -
06:05:43 "POST /collect HTTP/1.1" 200 -
06:05:43 "POST /collect HTTP/1.1" 200 -
06:05:44 "POST /collect HTTP/1.1" 200 -
06:05:44 "POST /collect HTTP/1.1" 200 -
06:05:44 "GET /roster HTTP/1.1" 200 -
06:05:44 "POST /collect HTTP/1.1" 200 -
06:05:44 "POST /collect HTTP/1.1" 200 -
06:05:44 "POST /collect HTTP/1.1" 200 -
06:05:44 "POST /collect HTTP/1.1" 200 -
06:05:44 "POST /collect HTTP/1.1" 200 -
06:05:44 "POST /collect HTTP/1.1" 200 -
06:05:45 "GET /roster HTTP/1.1" 200 -
06:05:45 "POST /collect HTTP/1.1" 200 -
06:05:45 "POST /collect HTTP/1.1" 200 -
06:05:46 "GET /roster HTTP/1.1" 200 -
06:05:46 "POST /collect HTTP/1.1" 200 -
06:05:46 "POST /collect HTTP/1.1" 200 -
06:05:47 "POST /collect HTTP/1.1" 200 -
06:05:47 "POST /collect HTTP/1.1" 200 -
06:05:47 "GET /roster HTTP/1.1" 200 -
06:05:47 "POST /collect HTTP/1.1" 200 -
06:05:47 "POST /collect HTTP/1.1" 200 -
06:05:47 "POST /collect HTTP/1.1" 200 -
06:05:47 "POST /collect HTTP/1.1" 200 -
06:05:47 "POST /collect HTTP/1.1" 200 -
06:05:47 "POST /collect HTTP/1.1" 200 -
06:05:48 "GET /roster HTTP/1.1" 200 -
06:05:48 "POST /collect HTTP/1.1" 200 -
06:05:48 "POST /collect HTTP/1.1" 200 -
06:05:49 "GET /roster HTTP/1.1" 200 -
06:05:49 "POST /collect HTTP/1.1" 200 -
06:05:49 "POST /collect HTTP/1.1" 200 -
06:05:50 "POST /collect HTTP/1.1" 200 -
06:05:50 "POST /collect HTTP/1.1" 200 -
06:05:50 "GET /roster HTTP/1.1" 200 -
06:05:50 "POST /collect HTTP/1.1" 200 -
06:05:50 "POST /collect HTTP/1.1" 200 -
06:05:50 "POST /collect HTTP/1.1" 200 -
06:05:50 "POST /collect HTTP/1.1" 200 -
06:05:50 "POST /collect HTTP/1.1" 200 -
06:05:50 "POST /collect HTTP/1.1" 200 -
06:05:51 "GET /roster HTTP/1.1" 200 -
06:05:51 "POST /collect HTTP/1.1" 200 -
06:05:51 "POST /collect HTTP/1.1" 200 -
06:05:52 "GET /roster HTTP/1.1" 200 -
06:05:52 "POST /collect HTTP/1.1" 200 -
06:05:52 "POST /collect HTTP/1.1" 200 -
06:05:53 "POST /collect HTTP/1.1" 200 -
06:05:53 "POST /collect HTTP/1.1" 200 -
06:05:53 "GET /roster HTTP/1.1" 200 -
06:05:53 "POST /collect HTTP/1.1" 200 -
06:05:53 "POST /collect HTTP/1.1" 200 -
06:05:53 "POST /collect HTTP/1.1" 200 -
06:05:53 "POST /collect HTTP/1.1" 200 -
06:05:53 "POST /collect HTTP/1.1" 200 -
06:05:53 "POST /collect HTTP/1.1" 200 -
06:05:54 "GET /roster HTTP/1.1" 200 -
06:05:54 "POST /collect HTTP/1.1" 200 -
06:05:54 "POST /collect HTTP/1.1" 200 -
06:05:55 "GET /roster HTTP/1.1" 200 -
06:05:55 "POST /collect HTTP/1.1" 200 -
06:05:55 "POST /collect HTTP/1.1" 200 -
06:05:56 "POST /collect HTTP/1.1" 200 -
06:05:56 "POST /collect HTTP/1.1" 200 -
06:05:56 "POST /collect HTTP/1.1" 200 -
06:05:56 "POST /collect HTTP/1.1" 200 -
06:05:56 "GET /roster HTTP/1.1" 200 -
06:05:56 "POST /collect HTTP/1.1" 200 -
06:05:56 "POST /collect HTTP/1.1" 200 -
06:05:56 "POST /collect HTTP/1.1" 200 -
06:05:56 "POST /collect HTTP/1.1" 200 -
06:05:57 "GET /roster HTTP/1.1" 200 -
06:05:57 "POST /collect HTTP/1.1" 200 -
06:05:57 "POST /collect HTTP/1.1" 200 -
06:05:58 "GET /roster HTTP/1.1" 200 -
06:05:58 "POST /collect HTTP/1.1" 200 -
06:05:58 "POST /collect HTTP/1.1" 200 -
06:05:59 "POST /collect HTTP/1.1" 200 -
06:05:59 "POST /collect HTTP/1.1" 200 -
06:05:59 "GET /roster HTTP/1.1" 200 -
06:05:59 "POST /collect HTTP/1.1" 200 -
06:05:59 "POST /collect HTTP/1.1" 200 -
06:05:59 "POST /collect HTTP/1.1" 200 -
06:05:59 "POST /collect HTTP/1.1" 200 -
06:05:59 "POST /collect HTTP/1.1" 200 -
06:05:59 "POST /collect HTTP/1.1" 200 -
06:06:00 "GET /roster HTTP/1.1" 200 -
06:06:00 "POST /collect HTTP/1.1" 200 -
06:06:00 "POST /collect HTTP/1.1" 200 -
06:06:01 "GET /roster HTTP/1.1" 200 -
06:06:01 "POST /collect HTTP/1.1" 200 -
06:06:01 "POST /collect HTTP/1.1" 200 -
06:06:02 "POST /collect HTTP/1.1" 200 -
06:06:02 "POST /collect HTTP/1.1" 200 -
06:06:02 "GET /roster HTTP/1.1" 200 -
06:06:02 "POST /collect HTTP/1.1" 200 -
06:06:02 "POST /collect HTTP/1.1" 200 -
06:06:02 "POST /collect HTTP/1.1" 200 -
06:06:02 "POST /collect HTTP/1.1" 200 -
06:06:02 "POST /collect HTTP/1.1" 200 -
06:06:02 "POST /collect HTTP/1.1" 200 -
06:06:03 "GET /roster HTTP/1.1" 200 -
06:06:03 "POST /collect HTTP/1.1" 200 -
06:06:03 "POST /collect HTTP/1.1" 200 -
06:06:04 "GET /roster HTTP/1.1" 200 -
06:06:04 "POST /collect HTTP/1.1" 200 -
06:06:04 "POST /collect HTTP/1.1" 200 -
06:06:05 "POST /collect HTTP/1.1" 200 -
06:06:05 "POST /collect HTTP/1.1" 200 -
06:06:05 "GET /roster HTTP/1.1" 200 -
06:06:05 "POST /collect HTTP/1.1" 200 -
06:06:05 "POST /collect HTTP/1.1" 200 -
06:06:05 "POST /collect HTTP/1.1" 200 -
06:06:05 "POST /collect HTTP/1.1" 200 -
06:06:05 "POST /collect HTTP/1.1" 200 -
06:06:05 "POST /collect HTTP/1.1" 200 -
06:06:06 "GET /roster HTTP/1.1" 200 -
06:06:06 "POST /collect HTTP/1.1" 200 -
06:06:06 "POST /collect HTTP/1.1" 200 -
06:06:07 "GET /roster HTTP/1.1" 200 -
06:06:07 "POST /collect HTTP/1.1" 200 -
06:06:07 "POST /collect HTTP/1.1" 200 -
06:06:08 "POST /collect HTTP/1.1" 200 -
06:06:08 "POST /collect HTTP/1.1" 200 -
06:06:08 "GET /roster HTTP/1.1" 200 -
06:06:08 "POST /collect HTTP/1.1" 200 -
06:06:08 "POST /collect HTTP/1.1" 200 -
06:06:08 "POST /collect HTTP/1.1" 200 -
06:06:08 "POST /collect HTTP/1.1" 200 -
06:06:08 "POST /collect HTTP/1.1" 200 -
06:06:08 "POST /collect HTTP/1.1" 200 -
06:06:09 "GET /roster HTTP/1.1" 200 -
06:06:09 "POST /collect HTTP/1.1" 200 -
06:06:09 "POST /collect HTTP/1.1" 200 -
06:06:10 "GET /roster HTTP/1.1" 200 -
06:06:10 "POST /collect HTTP/1.1" 200 -
06:06:10 "POST /collect HTTP/1.1" 200 -
06:06:11 "POST /collect HTTP/1.1" 200 -
06:06:11 "POST /collect HTTP/1.1" 200 -
06:06:11 "GET /roster HTTP/1.1" 200 -
06:06:11 "POST /collect HTTP/1.1" 200 -
06:06:11 "POST /collect HTTP/1.1" 200 -
06:06:11 "POST /collect HTTP/1.1" 200 -
06:06:11 "POST /collect HTTP/1.1" 200 -
06:06:11 "POST /collect HTTP/1.1" 200 -
06:06:11 "POST /collect HTTP/1.1" 200 -
06:06:12 "GET /roster HTTP/1.1" 200 -
06:06:12 "POST /collect HTTP/1.1" 200 -
06:06:12 "POST /collect HTTP/1.1" 200 -
06:06:13 "GET /roster HTTP/1.1" 200 -
06:06:13 "POST /collect HTTP/1.1" 200 -
06:06:13 "POST /collect HTTP/1.1" 200 -
06:06:14 "POST /collect HTTP/1.1" 200 -
06:06:14 "POST /collect HTTP/1.1" 200 -
06:06:14 "POST /collect HTTP/1.1" 200 -
06:06:14 "POST /collect HTTP/1.1" 200 -
06:06:14 "GET /roster HTTP/1.1" 200 -
06:06:14 "POST /collect HTTP/1.1" 200 -
06:06:14 "POST /collect HTTP/1.1" 200 -
06:06:14 "POST /collect HTTP/1.1" 200 -
06:06:14 "POST /collect HTTP/1.1" 200 -
06:06:15 "GET /roster HTTP/1.1" 200 -
06:06:15 "POST /collect HTTP/1.1" 200 -
06:06:15 "POST /collect HTTP/1.1" 200 -
06:06:16 "GET /roster HTTP/1.1" 200 -
06:06:16 "POST /collect HTTP/1.1" 200 -
06:06:16 "POST /collect HTTP/1.1" 200 -
06:06:17 "POST /collect HTTP/1.1" 200 -
06:06:17 "POST /collect HTTP/1.1" 200 -
06:06:17 "GET /roster HTTP/1.1" 200 -
06:06:17 "POST /collect HTTP/1.1" 200 -
06:06:17 "POST /collect HTTP/1.1" 200 -
06:06:17 "POST /collect HTTP/1.1" 200 -
06:06:17 "POST /collect HTTP/1.1" 200 -
06:06:17 "POST /collect HTTP/1.1" 200 -
06:06:17 "POST /collect HTTP/1.1" 200 -
06:06:18 "GET /roster HTTP/1.1" 200 -
06:06:18 "POST /collect HTTP/1.1" 200 -
06:06:18 "POST /collect HTTP/1.1" 200 -
06:06:19 "GET /roster HTTP/1.1" 200 -
06:06:19 "POST /collect HTTP/1.1" 200 -
06:06:19 "POST /collect HTTP/1.1" 200 -
06:06:20 "POST /collect HTTP/1.1" 200 -
06:06:20 "POST /collect HTTP/1.1" 200 -
06:06:20 "POST /collect HTTP/1.1" 200 -
06:06:20 "GET /roster HTTP/1.1" 200 -
06:06:20 "POST /collect HTTP/1.1" 200 -
06:06:20 "POST /collect HTTP/1.1" 200 -
06:06:20 "POST /collect HTTP/1.1" 200 -
06:06:20 "POST /collect HTTP/1.1" 200 -
06:06:20 "POST /collect HTTP/1.1" 200 -
06:06:21 "GET /roster HTTP/1.1" 200 -
06:06:21 "POST /collect HTTP/1.1" 200 -
06:06:21 "POST /collect HTTP/1.1" 200 -
06:06:22 "GET /roster HTTP/1.1" 200 -
06:06:22 "POST /collect HTTP/1.1" 200 -
06:06:22 "POST /collect HTTP/1.1" 200 -
06:06:23 "POST /collect HTTP/1.1" 200 -
06:06:23 "POST /collect HTTP/1.1" 200 -
06:06:23 "GET /roster HTTP/1.1" 200 -
06:06:23 "POST /collect HTTP/1.1" 200 -
06:06:23 "POST /collect HTTP/1.1" 200 -
06:06:23 "POST /collect HTTP/1.1" 200 -
06:06:23 "POST /collect HTTP/1.1" 200 -
06:06:23 "POST /collect HTTP/1.1" 200 -
06:06:23 "POST /collect HTTP/1.1" 200 -
06:06:24 "GET /roster HTTP/1.1" 200 -
06:06:24 "POST /collect HTTP/1.1" 200 -
06:06:24 "POST /collect HTTP/1.1" 200 -
06:06:25 "GET /roster HTTP/1.1" 200 -
06:06:25 "POST /collect HTTP/1.1" 200 -
06:06:25 "POST /collect HTTP/1.1" 200 -
06:06:25 "POST /collect HTTP/1.1" 200 -
06:06:26 "POST /collect HTTP/1.1" 200 -
06:06:26 "POST /collect HTTP/1.1" 200 -
06:06:26 "GET /roster HTTP/1.1" 200 -
06:06:26 "POST /collect HTTP/1.1" 200 -
06:06:26 "POST /collect HTTP/1.1" 200 -
06:06:26 "POST /collect HTTP/1.1" 200 -
06:06:26 "POST /collect HTTP/1.1" 200 -
06:06:26 "POST /collect HTTP/1.1" 200 -
06:06:26 "POST /collect HTTP/1.1" 200 -
06:06:27 "GET /roster HTTP/1.1" 200 -
06:06:27 "POST /collect HTTP/1.1" 200 -
06:06:27 "POST /collect HTTP/1.1" 200 -
06:06:28 "GET /roster HTTP/1.1" 200 -
06:06:28 "POST /collect HTTP/1.1" 200 -
06:06:28 "POST /collect HTTP/1.1" 200 -
06:06:29 "POST /collect HTTP/1.1" 200 -
06:06:29 "POST /collect HTTP/1.1" 200 -
06:06:29 "GET /roster HTTP/1.1" 200 -
06:06:29 "POST /collect HTTP/1.1" 200 -
06:06:29 "POST /collect HTTP/1.1" 200 -
06:06:29 "POST /collect HTTP/1.1" 200 -
06:06:29 "POST /collect HTTP/1.1" 200 -
06:06:29 "POST /collect HTTP/1.1" 200 -
06:06:29 "POST /collect HTTP/1.1" 200 -
06:06:30 "GET /roster HTTP/1.1" 200 -
06:06:30 "POST /collect HTTP/1.1" 200 -
06:06:30 "POST /collect HTTP/1.1" 200 -
06:06:31 "GET /roster HTTP/1.1" 200 -
06:06:31 "POST /collect HTTP/1.1" 200 -
06:06:31 "POST /collect HTTP/1.1" 200 -
06:06:32 "POST /collect HTTP/1.1" 200 -
06:06:32 "POST /collect HTTP/1.1" 200 -
06:06:32 "POST /collect HTTP/1.1" 200 -
06:06:32 "GET /roster HTTP/1.1" 200 -
06:06:32 "POST /collect HTTP/1.1" 200 -
06:06:32 "POST /collect HTTP/1.1" 200 -
06:06:32 "POST /collect HTTP/1.1" 200 -
06:06:32 "POST /collect HTTP/1.1" 200 -
06:06:32 "POST /collect HTTP/1.1" 200 -
06:06:33 "GET /roster HTTP/1.1" 200 -
06:06:33 "POST /collect HTTP/1.1" 200 -
06:06:33 "POST /collect HTTP/1.1" 200 -
06:06:34 "GET /roster HTTP/1.1" 200 -
06:06:34 "POST /collect HTTP/1.1" 200 -
06:06:34 "POST /collect HTTP/1.1" 200 -
06:06:35 "POST /collect HTTP/1.1" 200 -
06:06:35 "POST /collect HTTP/1.1" 200 -
06:06:35 "GET /roster HTTP/1.1" 200 -
06:06:35 "POST /collect HTTP/1.1" 200 -
06:06:35 "POST /collect HTTP/1.1" 200 -
06:06:35 "POST /collect HTTP/1.1" 200 -
06:06:35 "POST /collect HTTP/1.1" 200 -
06:06:35 "POST /collect HTTP/1.1" 200 -
06:06:35 "POST /collect HTTP/1.1" 200 -
06:06:36 "GET /roster HTTP/1.1" 200 -
06:06:36 "POST /collect HTTP/1.1" 200 -
06:06:36 "POST /collect HTTP/1.1" 200 -
06:06:37 "GET /roster HTTP/1.1" 200 -
06:06:37 "POST /collect HTTP/1.1" 200 -
06:06:37 "POST /collect HTTP/1.1" 200 -
06:06:38 "POST /collect HTTP/1.1" 200 -
06:06:38 "POST /collect HTTP/1.1" 200 -
06:06:38 "GET /roster HTTP/1.1" 200 -
06:06:38 "POST /collect HTTP/1.1" 200 -
06:06:38 "POST /collect HTTP/1.1" 200 -
06:06:38 "POST /collect HTTP/1.1" 200 -
06:06:38 "POST /collect HTTP/1.1" 200 -
06:06:38 "POST /collect HTTP/1.1" 200 -
06:06:38 "POST /collect HTTP/1.1" 200 -
06:06:39 "GET /roster HTTP/1.1" 200 -
06:06:39 "POST /collect HTTP/1.1" 200 -
06:06:39 "POST /collect HTTP/1.1" 200 -
06:06:40 "GET /roster HTTP/1.1" 200 -
06:06:40 "POST /collect HTTP/1.1" 200 -
06:06:40 "POST /collect HTTP/1.1" 200 -
06:06:41 "POST /collect HTTP/1.1" 200 -
06:06:41 "POST /collect HTTP/1.1" 200 -
06:06:41 "GET /roster HTTP/1.1" 200 -
06:06:41 "POST /collect HTTP/1.1" 200 -
06:06:41 "POST /collect HTTP/1.1" 200 -
06:06:41 "POST /collect HTTP/1.1" 200 -
06:06:41 "POST /collect HTTP/1.1" 200 -
06:06:41 "POST /collect HTTP/1.1" 200 -
06:06:41 "POST /collect HTTP/1.1" 200 -
06:06:42 "GET /roster HTTP/1.1" 200 -
06:06:42 "POST /collect HTTP/1.1" 200 -
06:06:42 "POST /collect HTTP/1.1" 200 -
06:06:43 "GET /roster HTTP/1.1" 200 -
06:06:43 "POST /collect HTTP/1.1" 200 -
06:06:43 "POST /collect HTTP/1.1" 200 -
06:06:44 "POST /collect HTTP/1.1" 200 -
06:06:44 "POST /collect HTTP/1.1" 200 -
06:06:44 "GET /roster HTTP/1.1" 200 -
06:06:44 "POST /collect HTTP/1.1" 200 -
06:06:44 "POST /collect HTTP/1.1" 200 -
06:06:44 "POST /collect HTTP/1.1" 200 -
06:06:44 "POST /collect HTTP/1.1" 200 -
06:06:44 "POST /collect HTTP/1.1" 200 -
06:06:44 "POST /collect HTTP/1.1" 200 -
06:06:45 "GET /roster HTTP/1.1" 200 -
06:06:45 "POST /collect HTTP/1.1" 200 -
06:06:45 "POST /collect HTTP/1.1" 200 -
06:06:46 "GET /roster HTTP/1.1" 200 -
06:06:46 "POST /collect HTTP/1.1" 200 -
06:06:46 "POST /collect HTTP/1.1" 200 -
06:06:47 "POST /collect HTTP/1.1" 200 -
06:06:47 "POST /collect HTTP/1.1" 200 -
06:06:47 "GET /roster HTTP/1.1" 200 -
06:06:47 "POST /collect HTTP/1.1" 200 -
06:06:47 "POST /collect HTTP/1.1" 200 -
06:06:47 "POST /collect HTTP/1.1" 200 -
06:06:47 "POST /collect HTTP/1.1" 200 -
06:06:47 "POST /collect HTTP/1.1" 200 -
06:06:47 "POST /collect HTTP/1.1" 200 -
06:06:48 "GET /roster HTTP/1.1" 200 -
06:06:48 "POST /collect HTTP/1.1" 200 -
06:06:48 "POST /collect HTTP/1.1" 200 -
06:06:49 "GET /roster HTTP/1.1" 200 -
06:06:49 "POST /collect HTTP/1.1" 200 -
06:06:49 "POST /collect HTTP/1.1" 200 -
06:06:50 "POST /collect HTTP/1.1" 200 -
06:06:50 "POST /collect HTTP/1.1" 200 -
06:06:50 "GET /roster HTTP/1.1" 200 -
06:06:50 "POST /collect HTTP/1.1" 200 -
06:06:50 "POST /collect HTTP/1.1" 200 -
06:06:50 "POST /collect HTTP/1.1" 200 -
06:06:50 "POST /collect HTTP/1.1" 200 -
06:06:50 "POST /collect HTTP/1.1" 200 -
06:06:50 "POST /collect HTTP/1.1" 200 -
06:06:51 "GET /roster HTTP/1.1" 200 -
06:06:51 "POST /collect HTTP/1.1" 200 -
06:06:51 "POST /collect HTTP/1.1" 200 -
06:06:52 "GET /roster HTTP/1.1" 200 -
06:06:52 "POST /collect HTTP/1.1" 200 -
06:06:52 "POST /collect HTTP/1.1" 200 -
06:06:53 "POST /collect HTTP/1.1" 200 -
06:06:53 "POST /collect HTTP/1.1" 200 -
06:06:53 "GET /roster HTTP/1.1" 200 -
06:06:53 "POST /collect HTTP/1.1" 200 -
06:06:53 "POST /collect HTTP/1.1" 200 -
06:06:53 "POST /collect HTTP/1.1" 200 -
06:06:53 "POST /collect HTTP/1.1" 200 -
06:06:53 "POST /collect HTTP/1.1" 200 -
06:06:53 "POST /collect HTTP/1.1" 200 -
06:06:54 "GET /roster HTTP/1.1" 200 -
06:06:54 "POST /collect HTTP/1.1" 200 -
06:06:54 "POST /collect HTTP/1.1" 200 -
06:06:55 "GET /roster HTTP/1.1" 200 -
06:06:55 "POST /collect HTTP/1.1" 200 -
06:06:55 "POST /collect HTTP/1.1" 200 -
06:06:56 "POST /collect HTTP/1.1" 200 -
06:06:56 "POST /collect HTTP/1.1" 200 -
06:06:56 "GET /roster HTTP/1.1" 200 -
06:06:56 "POST /collect HTTP/1.1" 200 -
06:06:56 "POST /collect HTTP/1.1" 200 -
06:06:56 "POST /collect HTTP/1.1" 200 -
06:06:56 "POST /collect HTTP/1.1" 200 -
06:06:56 "POST /collect HTTP/1.1" 200 -
06:06:56 "POST /collect HTTP/1.1" 200 -
06:06:57 "GET /roster HTTP/1.1" 200 -
06:06:57 "POST /collect HTTP/1.1" 200 -
06:06:57 "POST /collect HTTP/1.1" 200 -
06:06:58 "GET /roster HTTP/1.1" 200 -
06:06:58 "POST /collect HTTP/1.1" 200 -
06:06:58 "POST /collect HTTP/1.1" 200 -
06:06:59 "POST /collect HTTP/1.1" 200 -
06:06:59 "POST /collect HTTP/1.1" 200 -
06:06:59 "GET /roster HTTP/1.1" 200 -
06:06:59 "POST /collect HTTP/1.1" 200 -
06:06:59 "POST /collect HTTP/1.1" 200 -
06:06:59 "POST /collect HTTP/1.1" 200 -
06:06:59 "POST /collect HTTP/1.1" 200 -
06:06:59 "POST /collect HTTP/1.1" 200 -
06:06:59 "POST /collect HTTP/1.1" 200 -
06:07:00 "GET /roster HTTP/1.1" 200 -
06:07:00 "POST /collect HTTP/1.1" 200 -
06:07:00 "POST /collect HTTP/1.1" 200 -
06:07:01 "GET /roster HTTP/1.1" 200 -
06:07:01 "POST /collect HTTP/1.1" 200 -
06:07:01 "POST /collect HTTP/1.1" 200 -
06:07:02 "POST /collect HTTP/1.1" 200 -
06:07:02 "POST /collect HTTP/1.1" 200 -
06:07:02 "POST /collect HTTP/1.1" 200 -
06:07:02 "GET /roster HTTP/1.1" 200 -
06:07:02 "POST /collect HTTP/1.1" 200 -
06:07:02 "POST /collect HTTP/1.1" 200 -
06:07:02 "POST /collect HTTP/1.1" 200 -
06:07:02 "POST /collect HTTP/1.1" 200 -
06:07:02 "POST /collect HTTP/1.1" 200 -
06:07:03 "GET /roster HTTP/1.1" 200 -
06:07:03 "POST /collect HTTP/1.1" 200 -
06:07:03 "POST /collect HTTP/1.1" 200 -
06:07:04 "GET /roster HTTP/1.1" 200 -
06:07:04 "POST /collect HTTP/1.1" 200 -
06:07:04 "POST /collect HTTP/1.1" 200 -
06:07:05 "POST /collect HTTP/1.1" 200 -
06:07:05 "POST /collect HTTP/1.1" 200 -
06:07:05 "GET /roster HTTP/1.1" 200 -
06:07:05 "POST /collect HTTP/1.1" 200 -
06:07:05 "POST /collect HTTP/1.1" 200 -
06:07:05 "POST /collect HTTP/1.1" 200 -
06:07:05 "POST /collect HTTP/1.1" 200 -
06:07:05 "POST /collect HTTP/1.1" 200 -
06:07:05 "POST /collect HTTP/1.1" 200 -
06:07:06 "GET /roster HTTP/1.1" 200 -
06:07:06 "POST /collect HTTP/1.1" 200 -
06:07:06 "POST /collect HTTP/1.1" 200 -
06:07:07 "GET /roster HTTP/1.1" 200 -
06:07:07 "POST /collect HTTP/1.1" 200 -
06:07:07 "POST /collect HTTP/1.1" 200 -
06:07:08 "POST /collect HTTP/1.1" 200 -
06:07:08 "POST /collect HTTP/1.1" 200 -
06:07:08 "GET /roster HTTP/1.1" 200 -
06:07:08 "POST /collect HTTP/1.1" 200 -
06:07:08 "POST /collect HTTP/1.1" 200 -
06:07:08 "POST /collect HTTP/1.1" 200 -
06:07:08 "POST /collect HTTP/1.1" 200 -
06:07:08 "POST /collect HTTP/1.1" 200 -
06:07:08 "POST /collect HTTP/1.1" 200 -
06:07:09 "GET /roster HTTP/1.1" 200 -
06:07:09 "POST /collect HTTP/1.1" 200 -
06:07:09 "POST /collect HTTP/1.1" 200 -
06:07:10 "GET /roster HTTP/1.1" 200 -
06:07:10 "POST /collect HTTP/1.1" 200 -
06:07:10 "POST /collect HTTP/1.1" 200 -
06:07:11 "POST /collect HTTP/1.1" 200 -
06:07:11 "POST /collect HTTP/1.1" 200 -
06:07:11 "GET /roster HTTP/1.1" 200 -
06:07:11 "POST /collect HTTP/1.1" 200 -
06:07:11 "POST /collect HTTP/1.1" 200 -
06:07:11 "POST /collect HTTP/1.1" 200 -
06:07:11 "POST /collect HTTP/1.1" 200 -
06:07:11 "POST /collect HTTP/1.1" 200 -
06:07:11 "POST /collect HTTP/1.1" 200 -
06:07:12 "GET /roster HTTP/1.1" 200 -
06:07:12 "POST /collect HTTP/1.1" 200 -
06:07:12 "POST /collect HTTP/1.1" 200 -
06:07:13 "GET /roster HTTP/1.1" 200 -
06:07:13 "POST /collect HTTP/1.1" 200 -
06:07:13 "POST /collect HTTP/1.1" 200 -
06:07:14 "POST /collect HTTP/1.1" 200 -
06:07:14 "POST /collect HTTP/1.1" 200 -
06:07:14 "GET /roster HTTP/1.1" 200 -
06:07:14 "POST /collect HTTP/1.1" 200 -
06:07:14 "POST /collect HTTP/1.1" 200 -
06:07:14 "POST /collect HTTP/1.1" 200 -
06:07:14 "POST /collect HTTP/1.1" 200 -
06:07:14 "POST /collect HTTP/1.1" 200 -
06:07:14 "POST /collect HTTP/1.1" 200 -
06:07:15 "GET /roster HTTP/1.1" 200 -
06:07:15 "POST /collect HTTP/1.1" 200 -
06:07:15 "POST /collect HTTP/1.1" 200 -
06:07:16 "GET /roster HTTP/1.1" 200 -
06:07:16 "POST /collect HTTP/1.1" 200 -
06:07:16 "POST /collect HTTP/1.1" 200 -
06:07:17 "POST /collect HTTP/1.1" 200 -
06:07:17 "POST /collect HTTP/1.1" 200 -
06:07:17 "GET /roster HTTP/1.1" 200 -
06:07:17 "POST /collect HTTP/1.1" 200 -
06:07:17 "POST /collect HTTP/1.1" 200 -
06:07:17 "POST /collect HTTP/1.1" 200 -
06:07:17 "POST /collect HTTP/1.1" 200 -
06:07:17 "POST /collect HTTP/1.1" 200 -
06:07:17 "POST /collect HTTP/1.1" 200 -
06:07:18 "GET /roster HTTP/1.1" 200 -
06:07:18 "POST /collect HTTP/1.1" 200 -
06:07:18 "POST /collect HTTP/1.1" 200 -
06:07:19 "GET /roster HTTP/1.1" 200 -
06:07:19 "POST /collect HTTP/1.1" 200 -
06:07:19 "POST /collect HTTP/1.1" 200 -
06:07:20 "POST /collect HTTP/1.1" 200 -
06:07:20 "POST /collect HTTP/1.1" 200 -
06:07:20 "GET /roster HTTP/1.1" 200 -
06:07:20 "POST /collect HTTP/1.1" 200 -
06:07:20 "POST /collect HTTP/1.1" 200 -
06:07:20 "POST /collect HTTP/1.1" 200 -
06:07:20 "POST /collect HTTP/1.1" 200 -
06:07:20 "POST /collect HTTP/1.1" 200 -
06:07:20 "POST /collect HTTP/1.1" 200 -
06:07:21 "GET /roster HTTP/1.1" 200 -
06:07:21 "POST /collect HTTP/1.1" 200 -
06:07:21 "POST /collect HTTP/1.1" 200 -
06:07:22 "GET /roster HTTP/1.1" 200 -
06:07:22 "POST /collect HTTP/1.1" 200 -
06:07:22 "POST /collect HTTP/1.1" 200 -
06:07:23 "POST /collect HTTP/1.1" 200 -
06:07:23 "POST /collect HTTP/1.1" 200 -
06:07:23 "GET /roster HTTP/1.1" 200 -
06:07:23 "POST /collect HTTP/1.1" 200 -
06:07:23 "POST /collect HTTP/1.1" 200 -
06:07:23 "POST /collect HTTP/1.1" 200 -
06:07:23 "POST /collect HTTP/1.1" 200 -
06:07:23 "POST /collect HTTP/1.1" 200 -
06:07:23 "POST /collect HTTP/1.1" 200 -
06:07:24 "GET /roster HTTP/1.1" 200 -
06:07:24 "POST /collect HTTP/1.1" 200 -
06:07:24 "POST /collect HTTP/1.1" 200 -
06:07:25 "GET /roster HTTP/1.1" 200 -
06:07:25 "POST /collect HTTP/1.1" 200 -
06:07:25 "POST /collect HTTP/1.1" 200 -
06:07:26 "POST /collect HTTP/1.1" 200 -
06:07:26 "POST /collect HTTP/1.1" 200 -
06:07:26 "POST /collect HTTP/1.1" 200 -
06:07:26 "POST /collect HTTP/1.1" 200 -
06:07:26 "POST /collect HTTP/1.1" 200 -
06:07:26 "GET /roster HTTP/1.1" 200 -
06:07:26 "POST /collect HTTP/1.1" 200 -
06:07:26 "POST /collect HTTP/1.1" 200 -
06:07:26 "POST /collect HTTP/1.1" 200 -
06:07:26 "POST /collect HTTP/1.1" 200 -
06:07:27 "GET /roster HTTP/1.1" 200 -
06:07:27 "POST /collect HTTP/1.1" 200 -
06:07:27 "POST /collect HTTP/1.1" 200 -
06:07:28 "GET /roster HTTP/1.1" 200 -
06:07:28 "POST /collect HTTP/1.1" 200 -
06:07:28 "POST /collect HTTP/1.1" 200 -
06:07:29 "POST /collect HTTP/1.1" 200 -
06:07:29 "POST /collect HTTP/1.1" 200 -
06:07:29 "GET /roster HTTP/1.1" 200 -
06:07:29 "POST /collect HTTP/1.1" 200 -
06:07:29 "POST /collect HTTP/1.1" 200 -
06:07:29 "POST /collect HTTP/1.1" 200 -
06:07:29 "POST /collect HTTP/1.1" 200 -
06:07:29 "POST /collect HTTP/1.1" 200 -
06:07:29 "POST /collect HTTP/1.1" 200 -
06:07:30 "GET /roster HTTP/1.1" 200 -
06:07:30 "POST /collect HTTP/1.1" 200 -
06:07:30 "POST /collect HTTP/1.1" 200 -
06:07:31 "GET /roster HTTP/1.1" 200 -
06:07:31 "POST /collect HTTP/1.1" 200 -
06:07:31 "POST /collect HTTP/1.1" 200 -
06:07:32 "POST /collect HTTP/1.1" 200 -
06:07:32 "POST /collect HTTP/1.1" 200 -
06:07:32 "GET /roster HTTP/1.1" 200 -
06:07:32 "POST /collect HTTP/1.1" 200 -
06:07:32 "POST /collect HTTP/1.1" 200 -
06:07:32 "POST /collect HTTP/1.1" 200 -
06:07:32 "POST /collect HTTP/1.1" 200 -
06:07:32 "POST /collect HTTP/1.1" 200 -
06:07:32 "POST /collect HTTP/1.1" 200 -
06:07:33 "GET /roster HTTP/1.1" 200 -
06:07:33 "POST /collect HTTP/1.1" 200 -
06:07:33 "POST /collect HTTP/1.1" 200 -
06:07:34 "GET /roster HTTP/1.1" 200 -
06:07:34 "POST /collect HTTP/1.1" 200 -
06:07:34 "POST /collect HTTP/1.1" 200 -
06:07:35 "POST /collect HTTP/1.1" 200 -
06:07:35 "POST /collect HTTP/1.1" 200 -
06:07:35 "GET /roster HTTP/1.1" 200 -
06:07:35 "POST /collect HTTP/1.1" 200 -
06:07:35 "POST /collect HTTP/1.1" 200 -
06:07:35 "POST /collect HTTP/1.1" 200 -
06:07:35 "POST /collect HTTP/1.1" 200 -
06:07:35 "POST /collect HTTP/1.1" 200 -
06:07:35 "POST /collect HTTP/1.1" 200 -
06:07:36 "GET /roster HTTP/1.1" 200 -
06:07:36 "POST /collect HTTP/1.1" 200 -
06:07:36 "POST /collect HTTP/1.1" 200 -
06:07:37 "GET /roster HTTP/1.1" 200 -
06:07:37 "POST /collect HTTP/1.1" 200 -
06:07:37 "POST /collect HTTP/1.1" 200 -
06:07:38 "POST /collect HTTP/1.1" 200 -
06:07:38 "POST /collect HTTP/1.1" 200 -
06:07:38 "GET /roster HTTP/1.1" 200 -
06:07:38 "POST /collect HTTP/1.1" 200 -
06:07:38 "POST /collect HTTP/1.1" 200 -
06:07:38 "POST /collect HTTP/1.1" 200 -
06:07:38 "POST /collect HTTP/1.1" 200 -
06:07:38 "POST /collect HTTP/1.1" 200 -
06:07:38 "POST /collect HTTP/1.1" 200 -
06:07:39 "GET /roster HTTP/1.1" 200 -
06:07:39 "POST /collect HTTP/1.1" 200 -
06:07:39 "POST /collect HTTP/1.1" 200 -
06:07:40 "GET /roster HTTP/1.1" 200 -
06:07:40 "POST /collect HTTP/1.1" 200 -
06:07:40 "POST /collect HTTP/1.1" 200 -
06:07:41 "POST /collect HTTP/1.1" 200 -
06:07:41 "POST /collect HTTP/1.1" 200 -
06:07:41 "GET /roster HTTP/1.1" 200 -
06:07:41 "POST /collect HTTP/1.1" 200 -
06:07:41 "POST /collect HTTP/1.1" 200 -
06:07:41 "POST /collect HTTP/1.1" 200 -
06:07:41 "POST /collect HTTP/1.1" 200 -
06:07:41 "POST /collect HTTP/1.1" 200 -
06:07:41 "POST /collect HTTP/1.1" 200 -
06:07:42 "GET /roster HTTP/1.1" 200 -
06:07:42 "POST /collect HTTP/1.1" 200 -
06:07:42 "POST /collect HTTP/1.1" 200 -
06:07:43 "GET /roster HTTP/1.1" 200 -
06:07:43 "POST /collect HTTP/1.1" 200 -
06:07:43 "POST /collect HTTP/1.1" 200 -
06:07:44 "POST /collect HTTP/1.1" 200 -
06:07:44 "POST /collect HTTP/1.1" 200 -
06:07:44 "GET /roster HTTP/1.1" 200 -
06:07:44 "POST /collect HTTP/1.1" 200 -
06:07:44 "POST /collect HTTP/1.1" 200 -
06:07:44 "POST /collect HTTP/1.1" 200 -
06:07:44 "POST /collect HTTP/1.1" 200 -
06:07:44 "POST /collect HTTP/1.1" 200 -
06:07:44 "POST /collect HTTP/1.1" 200 -
06:07:45 "GET /roster HTTP/1.1" 200 -
06:07:45 "POST /collect HTTP/1.1" 200 -
06:07:45 "POST /collect HTTP/1.1" 200 -
06:07:46 "GET /roster HTTP/1.1" 200 -
06:07:46 "POST /collect HTTP/1.1" 200 -
06:07:46 "POST /collect HTTP/1.1" 200 -
06:07:47 "POST /collect HTTP/1.1" 200 -
06:07:47 "POST /collect HTTP/1.1" 200 -
06:07:47 "GET /roster HTTP/1.1" 200 -
06:07:47 "POST /collect HTTP/1.1" 200 -
06:07:47 "POST /collect HTTP/1.1" 200 -
06:07:47 "POST /collect HTTP/1.1" 200 -
06:07:47 "POST /collect HTTP/1.1" 200 -
06:07:47 "POST /collect HTTP/1.1" 200 -
06:07:47 "POST /collect HTTP/1.1" 200 -
06:07:48 "GET /roster HTTP/1.1" 200 -
06:07:48 "POST /collect HTTP/1.1" 200 -
06:07:48 "POST /collect HTTP/1.1" 200 -
06:07:49 "GET /roster HTTP/1.1" 200 -
06:07:49 "POST /collect HTTP/1.1" 200 -
06:07:49 "POST /collect HTTP/1.1" 200 -
06:07:50 "POST /collect HTTP/1.1" 200 -
06:07:50 "POST /collect HTTP/1.1" 200 -
06:07:50 "GET /roster HTTP/1.1" 200 -
06:07:50 "POST /collect HTTP/1.1" 200 -
06:07:50 "POST /collect HTTP/1.1" 200 -
06:07:50 "POST /collect HTTP/1.1" 200 -
06:07:50 "POST /collect HTTP/1.1" 200 -
06:07:50 "POST /collect HTTP/1.1" 200 -
06:07:50 "POST /collect HTTP/1.1" 200 -
06:07:51 "GET /roster HTTP/1.1" 200 -
06:07:51 "POST /collect HTTP/1.1" 200 -
06:07:51 "POST /collect HTTP/1.1" 200 -
06:07:52 "GET /roster HTTP/1.1" 200 -
06:07:52 "POST /collect HTTP/1.1" 200 -
06:07:52 "POST /collect HTTP/1.1" 200 -
06:07:53 "POST /collect HTTP/1.1" 200 -
06:07:53 "POST /collect HTTP/1.1" 200 -
06:07:53 "GET /roster HTTP/1.1" 200 -
06:07:53 "POST /collect HTTP/1.1" 200 -
06:07:53 "POST /collect HTTP/1.1" 200 -
06:07:53 "POST /collect HTTP/1.1" 200 -
06:07:53 "POST /collect HTTP/1.1" 200 -
06:07:53 "POST /collect HTTP/1.1" 200 -
06:07:53 "POST /collect HTTP/1.1" 200 -
06:07:54 "GET /roster HTTP/1.1" 200 -
06:07:54 "POST /collect HTTP/1.1" 200 -
06:07:54 "POST /collect HTTP/1.1" 200 -
06:07:55 "GET /roster HTTP/1.1" 200 -
06:07:55 "POST /collect HTTP/1.1" 200 -
06:07:55 "POST /collect HTTP/1.1" 200 -
06:07:56 "POST /collect HTTP/1.1" 200 -
06:07:56 "POST /collect HTTP/1.1" 200 -
06:07:56 "GET /roster HTTP/1.1" 200 -
06:07:56 "POST /collect HTTP/1.1" 200 -
06:07:56 "POST /collect HTTP/1.1" 200 -
06:07:56 "POST /collect HTTP/1.1" 200 -
06:07:56 "POST /collect HTTP/1.1" 200 -
06:07:56 "POST /collect HTTP/1.1" 200 -
06:07:56 "POST /collect HTTP/1.1" 200 -
06:07:57 "GET /roster HTTP/1.1" 200 -
06:07:57 "POST /collect HTTP/1.1" 200 -
06:07:57 "POST /collect HTTP/1.1" 200 -
06:07:58 "GET /roster HTTP/1.1" 200 -
06:07:58 "POST /collect HTTP/1.1" 200 -
06:07:58 "POST /collect HTTP/1.1" 200 -
06:07:59 "POST /collect HTTP/1.1" 200 -
06:07:59 "POST /collect HTTP/1.1" 200 -
06:07:59 "GET /roster HTTP/1.1" 200 -
06:07:59 "POST /collect HTTP/1.1" 200 -
06:07:59 "POST /collect HTTP/1.1" 200 -
06:07:59 "POST /collect HTTP/1.1" 200 -
06:07:59 "POST /collect HTTP/1.1" 200 -
06:07:59 "POST /collect HTTP/1.1" 200 -
06:07:59 "POST /collect HTTP/1.1" 200 -
06:08:00 "GET /roster HTTP/1.1" 200 -
06:08:00 "POST /collect HTTP/1.1" 200 -
06:08:00 "POST /collect HTTP/1.1" 200 -
06:08:01 "GET /roster HTTP/1.1" 200 -
06:08:01 "POST /collect HTTP/1.1" 200 -
06:08:01 "POST /collect HTTP/1.1" 200 -
06:08:02 "POST /collect HTTP/1.1" 200 -
06:08:02 "POST /collect HTTP/1.1" 200 -
06:08:02 "GET /roster HTTP/1.1" 200 -
06:08:02 "POST /collect HTTP/1.1" 200 -
06:08:02 "POST /collect HTTP/1.1" 200 -
06:08:02 "POST /collect HTTP/1.1" 200 -
06:08:02 "POST /collect HTTP/1.1" 200 -
06:08:02 "POST /collect HTTP/1.1" 200 -
06:08:02 "POST /collect HTTP/1.1" 200 -
06:08:03 "GET /roster HTTP/1.1" 200 -
06:08:03 "POST /collect HTTP/1.1" 200 -
06:08:03 "POST /collect HTTP/1.1" 200 -
06:08:04 "GET /roster HTTP/1.1" 200 -
06:08:04 "POST /collect HTTP/1.1" 200 -
06:08:04 "POST /collect HTTP/1.1" 200 -
06:08:05 "POST /collect HTTP/1.1" 200 -
06:08:05 "POST /collect HTTP/1.1" 200 -
06:08:05 "GET /roster HTTP/1.1" 200 -
06:08:05 "POST /collect HTTP/1.1" 200 -
06:08:05 "POST /collect HTTP/1.1" 200 -
06:08:05 "POST /collect HTTP/1.1" 200 -
06:08:05 "POST /collect HTTP/1.1" 200 -
06:08:05 "POST /collect HTTP/1.1" 200 -
06:08:05 "POST /collect HTTP/1.1" 200 -
06:08:06 "GET /roster HTTP/1.1" 200 -
06:08:06 "POST /collect HTTP/1.1" 200 -
06:08:06 "POST /collect HTTP/1.1" 200 -
06:08:07 "GET /roster HTTP/1.1" 200 -
06:08:07 "POST /collect HTTP/1.1" 200 -
06:08:07 "POST /collect HTTP/1.1" 200 -
06:08:08 "POST /collect HTTP/1.1" 200 -
06:08:08 "POST /collect HTTP/1.1" 200 -
06:08:08 "GET /roster HTTP/1.1" 200 -
06:08:08 "POST /collect HTTP/1.1" 200 -
06:08:08 "POST /collect HTTP/1.1" 200 -
06:08:08 "POST /collect HTTP/1.1" 200 -
06:08:08 "POST /collect HTTP/1.1" 200 -
06:08:08 "POST /collect HTTP/1.1" 200 -
06:08:08 "POST /collect HTTP/1.1" 200 -
06:08:09 "GET /roster HTTP/1.1" 200 -
06:08:09 "POST /collect HTTP/1.1" 200 -
06:08:09 "POST /collect HTTP/1.1" 200 -
06:08:10 "GET /roster HTTP/1.1" 200 -
06:08:10 "POST /collect HTTP/1.1" 200 -
06:08:10 "POST /collect HTTP/1.1" 200 -
06:08:11 "POST /collect HTTP/1.1" 200 -
06:08:11 "POST /collect HTTP/1.1" 200 -
06:08:11 "GET /roster HTTP/1.1" 200 -
06:08:11 "POST /collect HTTP/1.1" 200 -
06:08:11 "POST /collect HTTP/1.1" 200 -
06:08:11 "POST /collect HTTP/1.1" 200 -
06:08:11 "POST /collect HTTP/1.1" 200 -
06:08:11 "POST /collect HTTP/1.1" 200 -
06:08:11 "POST /collect HTTP/1.1" 200 -
06:08:12 "GET /roster HTTP/1.1" 200 -
06:08:12 "POST /collect HTTP/1.1" 200 -
06:08:12 "POST /collect HTTP/1.1" 200 -
06:08:13 "GET /roster HTTP/1.1" 200 -
06:08:13 "POST /collect HTTP/1.1" 200 -
06:08:13 "POST /collect HTTP/1.1" 200 -
06:08:14 "POST /collect HTTP/1.1" 200 -
06:08:14 "POST /collect HTTP/1.1" 200 -
06:08:14 "GET /roster HTTP/1.1" 200 -
06:08:14 "POST /collect HTTP/1.1" 200 -
06:08:14 "POST /collect HTTP/1.1" 200 -
06:08:14 "POST /collect HTTP/1.1" 200 -
06:08:14 "POST /collect HTTP/1.1" 200 -
06:08:14 "POST /collect HTTP/1.1" 200 -
06:08:14 "POST /collect HTTP/1.1" 200 -
06:08:15 "GET /roster HTTP/1.1" 200 -
06:08:15 "POST /collect HTTP/1.1" 200 -
06:08:15 "POST /collect HTTP/1.1" 200 -
06:08:16 "GET /roster HTTP/1.1" 200 -
06:08:16 "POST /collect HTTP/1.1" 200 -
06:08:16 "POST /collect HTTP/1.1" 200 -
06:08:17 "POST /collect HTTP/1.1" 200 -
06:08:17 "POST /collect HTTP/1.1" 200 -
06:08:17 "GET /roster HTTP/1.1" 200 -
06:08:17 "POST /collect HTTP/1.1" 200 -
06:08:17 "POST /collect HTTP/1.1" 200 -
06:08:17 "POST /collect HTTP/1.1" 200 -
06:08:17 "POST /collect HTTP/1.1" 200 -
06:08:17 "POST /collect HTTP/1.1" 200 -
06:08:17 "POST /collect HTTP/1.1" 200 -
06:08:18 "GET /roster HTTP/1.1" 200 -
06:08:18 "POST /collect HTTP/1.1" 200 -
06:08:18 "POST /collect HTTP/1.1" 200 -
06:08:19 "GET /roster HTTP/1.1" 200 -
06:08:19 "POST /collect HTTP/1.1" 200 -
06:08:19 "POST /collect HTTP/1.1" 200 -
06:08:20 "POST /collect HTTP/1.1" 200 -
06:08:20 "POST /collect HTTP/1.1" 200 -
06:08:20 "GET /roster HTTP/1.1" 200 -
06:08:20 "POST /collect HTTP/1.1" 200 -
06:08:20 "POST /collect HTTP/1.1" 200 -
06:08:20 "POST /collect HTTP/1.1" 200 -
06:08:20 "POST /collect HTTP/1.1" 200 -
06:08:20 "POST /collect HTTP/1.1" 200 -
06:08:20 "POST /collect HTTP/1.1" 200 -
06:08:21 "GET /roster HTTP/1.1" 200 -
06:08:21 "POST /collect HTTP/1.1" 200 -
06:08:21 "POST /collect HTTP/1.1" 200 -
06:08:22 "GET /roster HTTP/1.1" 200 -
06:08:22 "POST /collect HTTP/1.1" 200 -
06:08:22 "POST /collect HTTP/1.1" 200 -
06:08:23 "POST /collect HTTP/1.1" 200 -
06:08:23 "POST /collect HTTP/1.1" 200 -
06:08:23 "GET /roster HTTP/1.1" 200 -
06:08:23 "POST /collect HTTP/1.1" 200 -
06:08:23 "POST /collect HTTP/1.1" 200 -
06:08:23 "POST /collect HTTP/1.1" 200 -
06:08:23 "POST /collect HTTP/1.1" 200 -
06:08:23 "POST /collect HTTP/1.1" 200 -
06:08:23 "POST /collect HTTP/1.1" 200 -
06:08:24 "GET /roster HTTP/1.1" 200 -
06:08:24 "POST /collect HTTP/1.1" 200 -
06:08:24 "POST /collect HTTP/1.1" 200 -
06:08:25 "GET /roster HTTP/1.1" 200 -
06:08:25 "POST /collect HTTP/1.1" 200 -
06:08:25 "POST /collect HTTP/1.1" 200 -
06:08:26 "POST /collect HTTP/1.1" 200 -
06:08:26 "POST /collect HTTP/1.1" 200 -
06:08:26 "GET /roster HTTP/1.1" 200 -
06:08:26 "POST /collect HTTP/1.1" 200 -
06:08:26 "POST /collect HTTP/1.1" 200 -
06:08:26 "POST /collect HTTP/1.1" 200 -
06:08:26 "POST /collect HTTP/1.1" 200 -
06:08:26 "POST /collect HTTP/1.1" 200 -
06:08:26 "POST /collect HTTP/1.1" 200 -
06:08:26 "POST /collect HTTP/1.1" 200 -
06:08:27 "GET /roster HTTP/1.1" 200 -
06:08:27 "POST /collect HTTP/1.1" 200 -
06:08:27 "POST /collect HTTP/1.1" 200 -
06:08:28 "GET /roster HTTP/1.1" 200 -
06:08:28 "POST /collect HTTP/1.1" 200 -
06:08:28 "POST /collect HTTP/1.1" 200 -
06:08:29 "POST /collect HTTP/1.1" 200 -
06:08:29 "POST /collect HTTP/1.1" 200 -
06:08:29 "GET /roster HTTP/1.1" 200 -
06:08:29 "POST /collect HTTP/1.1" 200 -
06:08:29 "POST /collect HTTP/1.1" 200 -
06:08:29 "POST /collect HTTP/1.1" 200 -
06:08:29 "POST /collect HTTP/1.1" 200 -
06:08:29 "POST /collect HTTP/1.1" 200 -
06:08:29 "POST /collect HTTP/1.1" 200 -
06:08:30 "GET /roster HTTP/1.1" 200 -
06:08:30 "POST /collect HTTP/1.1" 200 -
06:08:30 "POST /collect HTTP/1.1" 200 -
06:08:31 "GET /roster HTTP/1.1" 200 -
06:08:31 "POST /collect HTTP/1.1" 200 -
06:08:31 "POST /collect HTTP/1.1" 200 -
06:08:32 "POST /collect HTTP/1.1" 200 -
06:08:32 "POST /collect HTTP/1.1" 200 -
06:08:32 "GET /roster HTTP/1.1" 200 -
06:08:32 "POST /collect HTTP/1.1" 200 -
06:08:32 "POST /collect HTTP/1.1" 200 -
06:08:32 "POST /collect HTTP/1.1" 200 -
06:08:32 "POST /collect HTTP/1.1" 200 -
06:08:32 "POST /collect HTTP/1.1" 200 -
06:08:32 "POST /collect HTTP/1.1" 200 -
06:08:33 "GET /roster HTTP/1.1" 200 -
06:08:33 "POST /collect HTTP/1.1" 200 -
06:08:33 "POST /collect HTTP/1.1" 200 -
06:08:34 "GET /roster HTTP/1.1" 200 -
06:08:34 "POST /collect HTTP/1.1" 200 -
06:08:34 "POST /collect HTTP/1.1" 200 -
06:08:35 "POST /collect HTTP/1.1" 200 -
06:08:35 "POST /collect HTTP/1.1" 200 -
06:08:35 "GET /roster HTTP/1.1" 200 -
06:08:35 "POST /collect HTTP/1.1" 200 -
06:08:35 "POST /collect HTTP/1.1" 200 -
06:08:35 "POST /collect HTTP/1.1" 200 -
06:08:35 "POST /collect HTTP/1.1" 200 -
06:08:35 "POST /collect HTTP/1.1" 200 -
06:08:35 "POST /collect HTTP/1.1" 200 -
06:08:36 "GET /roster HTTP/1.1" 200 -
06:08:36 "POST /collect HTTP/1.1" 200 -
06:08:36 "POST /collect HTTP/1.1" 200 -
06:08:37 "GET /roster HTTP/1.1" 200 -
06:08:37 "POST /collect HTTP/1.1" 200 -
06:08:37 "POST /collect HTTP/1.1" 200 -
06:08:38 "POST /collect HTTP/1.1" 200 -
06:08:38 "POST /collect HTTP/1.1" 200 -
06:08:38 "GET /roster HTTP/1.1" 200 -
06:08:38 "POST /collect HTTP/1.1" 200 -
06:08:38 "POST /collect HTTP/1.1" 200 -
06:08:38 "POST /collect HTTP/1.1" 200 -
06:08:38 "POST /collect HTTP/1.1" 200 -
06:08:38 "POST /collect HTTP/1.1" 200 -
06:08:38 "POST /collect HTTP/1.1" 200 -
06:08:39 "GET /roster HTTP/1.1" 200 -
06:08:39 "POST /collect HTTP/1.1" 200 -
06:08:39 "POST /collect HTTP/1.1" 200 -
06:08:40 "GET /roster HTTP/1.1" 200 -
06:08:40 "POST /collect HTTP/1.1" 200 -
06:08:40 "POST /collect HTTP/1.1" 200 -
06:08:41 "POST /collect HTTP/1.1" 200 -
06:08:41 "POST /collect HTTP/1.1" 200 -
06:08:41 "GET /roster HTTP/1.1" 200 -
06:08:41 "POST /collect HTTP/1.1" 200 -
06:08:41 "POST /collect HTTP/1.1" 200 -
06:08:41 "POST /collect HTTP/1.1" 200 -
06:08:41 "POST /collect HTTP/1.1" 200 -
06:08:41 "POST /collect HTTP/1.1" 200 -
06:08:41 "POST /collect HTTP/1.1" 200 -
06:08:42 "GET /roster HTTP/1.1" 200 -
06:08:42 "POST /collect HTTP/1.1" 200 -
06:08:42 "POST /collect HTTP/1.1" 200 -
06:08:43 "GET /roster HTTP/1.1" 200 -
06:08:43 "POST /collect HTTP/1.1" 200 -
06:08:43 "POST /collect HTTP/1.1" 200 -
06:08:44 "POST /collect HTTP/1.1" 200 -
06:08:44 "POST /collect HTTP/1.1" 200 -
06:08:44 "POST /collect HTTP/1.1" 200 -
06:08:44 "GET /roster HTTP/1.1" 200 -
06:08:44 "POST /collect HTTP/1.1" 200 -
06:08:44 "POST /collect HTTP/1.1" 200 -
06:08:44 "POST /collect HTTP/1.1" 200 -
06:08:44 "POST /collect HTTP/1.1" 200 -
06:08:44 "POST /collect HTTP/1.1" 200 -
06:08:45 "GET /roster HTTP/1.1" 200 -
06:08:45 "POST /collect HTTP/1.1" 200 -
06:08:45 "POST /collect HTTP/1.1" 200 -
06:08:46 "GET /roster HTTP/1.1" 200 -
06:08:46 "POST /collect HTTP/1.1" 200 -
06:08:46 "POST /collect HTTP/1.1" 200 -
06:08:47 "POST /collect HTTP/1.1" 200 -
06:08:47 "POST /collect HTTP/1.1" 200 -
06:08:47 "GET /roster HTTP/1.1" 200 -
06:08:47 "POST /collect HTTP/1.1" 200 -
06:08:47 "POST /collect HTTP/1.1" 200 -
06:08:47 "POST /collect HTTP/1.1" 200 -
06:08:47 "POST /collect HTTP/1.1" 200 -
06:08:47 "POST /collect HTTP/1.1" 200 -
06:08:47 "POST /collect HTTP/1.1" 200 -
06:08:48 "GET /roster HTTP/1.1" 200 -
06:08:48 "POST /collect HTTP/1.1" 200 -
06:08:48 "POST /collect HTTP/1.1" 200 -
06:08:49 "GET /roster HTTP/1.1" 200 -
06:08:49 "POST /collect HTTP/1.1" 200 -
06:08:49 "POST /collect HTTP/1.1" 200 -
06:08:50 "POST /collect HTTP/1.1" 200 -
06:08:50 "POST /collect HTTP/1.1" 200 -
06:08:50 "GET /roster HTTP/1.1" 200 -
06:08:50 "POST /collect HTTP/1.1" 200 -
06:08:50 "POST /collect HTTP/1.1" 200 -
06:08:50 "POST /collect HTTP/1.1" 200 -
06:08:50 "POST /collect HTTP/1.1" 200 -
06:08:50 "POST /collect HTTP/1.1" 200 -
06:08:50 "POST /collect HTTP/1.1" 200 -
06:08:51 "GET /roster HTTP/1.1" 200 -
06:08:51 "POST /collect HTTP/1.1" 200 -
06:08:51 "POST /collect HTTP/1.1" 200 -
06:08:52 "GET /roster HTTP/1.1" 200 -
06:08:52 "POST /collect HTTP/1.1" 200 -
06:08:52 "POST /collect HTTP/1.1" 200 -
06:08:53 "POST /collect HTTP/1.1" 200 -
06:08:53 "POST /collect HTTP/1.1" 200 -
06:08:53 "GET /roster HTTP/1.1" 200 -
06:08:53 "POST /collect HTTP/1.1" 200 -
06:08:53 "POST /collect HTTP/1.1" 200 -
06:08:53 "POST /collect HTTP/1.1" 200 -
06:08:53 "POST /collect HTTP/1.1" 200 -
06:08:53 "POST /collect HTTP/1.1" 200 -
06:08:53 "POST /collect HTTP/1.1" 200 -
06:08:54 "GET /roster HTTP/1.1" 200 -
06:08:54 "POST /collect HTTP/1.1" 200 -
06:08:54 "POST /collect HTTP/1.1" 200 -
06:08:55 "GET /roster HTTP/1.1" 200 -
06:08:55 "POST /collect HTTP/1.1" 200 -
06:08:55 "POST /collect HTTP/1.1" 200 -
06:08:56 "POST /collect HTTP/1.1" 200 -
06:08:56 "POST /collect HTTP/1.1" 200 -
06:08:56 "GET /roster HTTP/1.1" 200 -
06:08:56 "POST /collect HTTP/1.1" 200 -
06:08:56 "POST /collect HTTP/1.1" 200 -
06:08:56 "POST /collect HTTP/1.1" 200 -
06:08:56 "POST /collect HTTP/1.1" 200 -
06:08:56 "POST /collect HTTP/1.1" 200 -
06:08:56 "POST /collect HTTP/1.1" 200 -
06:08:57 "GET /roster HTTP/1.1" 200 -
06:08:57 "POST /collect HTTP/1.1" 200 -
06:08:57 "POST /collect HTTP/1.1" 200 -
06:08:58 "GET /roster HTTP/1.1" 200 -
06:08:58 "POST /collect HTTP/1.1" 200 -
06:08:58 "POST /collect HTTP/1.1" 200 -
06:08:59 "POST /collect HTTP/1.1" 200 -
06:08:59 "POST /collect HTTP/1.1" 200 -
06:08:59 "GET /roster HTTP/1.1" 200 -
06:08:59 "POST /collect HTTP/1.1" 200 -
06:08:59 "POST /collect HTTP/1.1" 200 -
06:08:59 "POST /collect HTTP/1.1" 200 -
06:08:59 "POST /collect HTTP/1.1" 200 -
06:08:59 "POST /collect HTTP/1.1" 200 -
06:08:59 "POST /collect HTTP/1.1" 200 -
06:09:00 "GET /roster HTTP/1.1" 200 -
06:09:00 "POST /collect HTTP/1.1" 200 -
06:09:00 "POST /collect HTTP/1.1" 200 -
06:09:01 "GET /roster HTTP/1.1" 200 -
06:09:01 "POST /collect HTTP/1.1" 200 -
06:09:01 "POST /collect HTTP/1.1" 200 -
06:09:02 "POST /collect HTTP/1.1" 200 -
06:09:02 "POST /collect HTTP/1.1" 200 -
06:09:02 "POST /collect HTTP/1.1" 200 -
06:09:02 "POST /collect HTTP/1.1" 200 -
06:09:02 "GET /roster HTTP/1.1" 200 -
06:09:02 "POST /collect HTTP/1.1" 200 -
06:09:02 "POST /collect HTTP/1.1" 200 -
06:09:02 "POST /collect HTTP/1.1" 200 -
06:09:02 "POST /collect HTTP/1.1" 200 -
06:09:03 "GET /roster HTTP/1.1" 200 -
06:09:03 "POST /collect HTTP/1.1" 200 -
06:09:03 "POST /collect HTTP/1.1" 200 -
06:09:04 "GET /roster HTTP/1.1" 200 -
06:09:04 "POST /collect HTTP/1.1" 200 -
06:09:04 "POST /collect HTTP/1.1" 200 -
06:09:05 "POST /collect HTTP/1.1" 200 -
06:09:05 "POST /collect HTTP/1.1" 200 -
06:09:05 "GET /roster HTTP/1.1" 200 -
06:09:05 "POST /collect HTTP/1.1" 200 -
06:09:05 "POST /collect HTTP/1.1" 200 -
06:09:05 "POST /collect HTTP/1.1" 200 -
06:09:05 "POST /collect HTTP/1.1" 200 -
06:09:05 "POST /collect HTTP/1.1" 200 -
06:09:05 "POST /collect HTTP/1.1" 200 -
06:09:06 "GET /roster HTTP/1.1" 200 -
06:09:06 "POST /collect HTTP/1.1" 200 -
06:09:06 "POST /collect HTTP/1.1" 200 -
06:09:07 "GET /roster HTTP/1.1" 200 -
06:09:07 "POST /collect HTTP/1.1" 200 -
06:09:07 "POST /collect HTTP/1.1" 200 -
06:09:08 "POST /collect HTTP/1.1" 200 -
06:09:08 "POST /collect HTTP/1.1" 200 -
06:09:08 "GET /roster HTTP/1.1" 200 -
06:09:08 "POST /collect HTTP/1.1" 200 -
06:09:08 "POST /collect HTTP/1.1" 200 -
06:09:08 "POST /collect HTTP/1.1" 200 -
06:09:08 "POST /collect HTTP/1.1" 200 -
06:09:08 "POST /collect HTTP/1.1" 200 -
06:09:08 "POST /collect HTTP/1.1" 200 -
06:09:09 "GET /roster HTTP/1.1" 200 -
06:09:09 "POST /collect HTTP/1.1" 200 -
06:09:09 "POST /collect HTTP/1.1" 200 -
06:09:10 "GET /roster HTTP/1.1" 200 -
06:09:10 "POST /collect HTTP/1.1" 200 -
06:09:10 "POST /collect HTTP/1.1" 200 -
06:09:11 "POST /collect HTTP/1.1" 200 -
06:09:11 "POST /collect HTTP/1.1" 200 -
06:09:11 "GET /roster HTTP/1.1" 200 -
06:09:11 "POST /collect HTTP/1.1" 200 -
06:09:11 "POST /collect HTTP/1.1" 200 -
06:09:11 "POST /collect HTTP/1.1" 200 -
06:09:11 "POST /collect HTTP/1.1" 200 -
06:09:11 "POST /collect HTTP/1.1" 200 -
06:09:11 "POST /collect HTTP/1.1" 200 -
06:09:12 "GET /roster HTTP/1.1" 200 -
06:09:12 "POST /collect HTTP/1.1" 200 -
06:09:12 "POST /collect HTTP/1.1" 200 -
06:09:13 "GET /roster HTTP/1.1" 200 -
06:09:13 "POST /collect HTTP/1.1" 200 -
06:09:13 "POST /collect HTTP/1.1" 200 -
06:09:14 "POST /collect HTTP/1.1" 200 -
06:09:14 "POST /collect HTTP/1.1" 200 -
06:09:14 "GET /roster HTTP/1.1" 200 -
06:09:14 "POST /collect HTTP/1.1" 200 -
06:09:14 "POST /collect HTTP/1.1" 200 -
06:09:14 "POST /collect HTTP/1.1" 200 -
06:09:14 "POST /collect HTTP/1.1" 200 -
06:09:14 "POST /collect HTTP/1.1" 200 -
06:09:14 "POST /collect HTTP/1.1" 200 -
06:09:15 "GET /roster HTTP/1.1" 200 -
06:09:15 "POST /collect HTTP/1.1" 200 -
06:09:15 "POST /collect HTTP/1.1" 200 -
06:09:16 "GET /roster HTTP/1.1" 200 -
06:09:16 "POST /collect HTTP/1.1" 200 -
06:09:16 "POST /collect HTTP/1.1" 200 -
06:09:17 "POST /collect HTTP/1.1" 200 -
06:09:17 "POST /collect HTTP/1.1" 200 -
06:09:17 "GET /roster HTTP/1.1" 200 -
06:09:17 "POST /collect HTTP/1.1" 200 -
06:09:17 "POST /collect HTTP/1.1" 200 -
06:09:17 "POST /collect HTTP/1.1" 200 -
06:09:17 "POST /collect HTTP/1.1" 200 -
06:09:17 "POST /collect HTTP/1.1" 200 -
06:09:17 "POST /collect HTTP/1.1" 200 -
06:09:18 "GET /roster HTTP/1.1" 200 -
06:09:18 "POST /collect HTTP/1.1" 200 -
06:09:18 "POST /collect HTTP/1.1" 200 -
06:09:19 "GET /roster HTTP/1.1" 200 -
06:09:19 "POST /collect HTTP/1.1" 200 -
06:09:19 "POST /collect HTTP/1.1" 200 -
06:09:20 "POST /collect HTTP/1.1" 200 -
06:09:20 "POST /collect HTTP/1.1" 200 -
06:09:20 "GET /roster HTTP/1.1" 200 -
06:09:20 "POST /collect HTTP/1.1" 200 -
06:09:20 "POST /collect HTTP/1.1" 200 -
06:09:20 "POST /collect HTTP/1.1" 200 -
06:09:20 "POST /collect HTTP/1.1" 200 -
06:09:20 "POST /collect HTTP/1.1" 200 -
06:09:20 "POST /collect HTTP/1.1" 200 -
06:09:21 "GET /roster HTTP/1.1" 200 -
06:09:21 "POST /collect HTTP/1.1" 200 -
06:09:21 "POST /collect HTTP/1.1" 200 -
06:09:22 "GET /roster HTTP/1.1" 200 -
06:09:22 "POST /collect HTTP/1.1" 200 -
06:09:22 "POST /collect HTTP/1.1" 200 -
06:09:23 "POST /collect HTTP/1.1" 200 -
06:09:23 "POST /collect HTTP/1.1" 200 -
06:09:23 "GET /roster HTTP/1.1" 200 -
06:09:23 "POST /collect HTTP/1.1" 200 -
06:09:23 "POST /collect HTTP/1.1" 200 -
06:09:23 "POST /collect HTTP/1.1" 200 -
06:09:23 "POST /collect HTTP/1.1" 200 -
06:09:23 "POST /collect HTTP/1.1" 200 -
06:09:23 "POST /collect HTTP/1.1" 200 -
06:09:24 "GET /roster HTTP/1.1" 200 -
06:09:24 "POST /collect HTTP/1.1" 200 -
06:09:24 "POST /collect HTTP/1.1" 200 -
06:09:25 "GET /roster HTTP/1.1" 200 -
06:09:25 "POST /collect HTTP/1.1" 200 -
06:09:25 "POST /collect HTTP/1.1" 200 -
06:09:26 "POST /collect HTTP/1.1" 200 -
06:09:26 "POST /collect HTTP/1.1" 200 -
06:09:26 "POST /collect HTTP/1.1" 200 -
06:09:26 "POST /collect HTTP/1.1" 200 -
06:09:26 "GET /roster HTTP/1.1" 200 -
06:09:26 "POST /collect HTTP/1.1" 200 -
06:09:26 "POST /collect HTTP/1.1" 200 -
06:09:26 "POST /collect HTTP/1.1" 200 -
06:09:26 "POST /collect HTTP/1.1" 200 -
06:09:26 "POST /collect HTTP/1.1" 200 -
06:09:27 "GET /roster HTTP/1.1" 200 -
06:09:27 "POST /collect HTTP/1.1" 200 -
06:09:27 "POST /collect HTTP/1.1" 200 -
06:09:28 "GET /roster HTTP/1.1" 200 -
06:09:28 "POST /collect HTTP/1.1" 200 -
06:09:28 "POST /collect HTTP/1.1" 200 -
06:09:29 "POST /collect HTTP/1.1" 200 -
06:09:29 "POST /collect HTTP/1.1" 200 -
06:09:29 "GET /roster HTTP/1.1" 200 -
06:09:29 "POST /collect HTTP/1.1" 200 -
06:09:29 "POST /collect HTTP/1.1" 200 -
06:09:29 "POST /collect HTTP/1.1" 200 -
06:09:29 "POST /collect HTTP/1.1" 200 -
06:09:29 "POST /collect HTTP/1.1" 200 -
06:09:29 "POST /collect HTTP/1.1" 200 -
06:09:30 "GET /roster HTTP/1.1" 200 -
06:09:30 "POST /collect HTTP/1.1" 200 -
06:09:30 "POST /collect HTTP/1.1" 200 -
06:09:31 "GET /roster HTTP/1.1" 200 -
06:09:31 "POST /collect HTTP/1.1" 200 -
06:09:31 "POST /collect HTTP/1.1" 200 -
06:09:32 "POST /collect HTTP/1.1" 200 -
06:09:32 "POST /collect HTTP/1.1" 200 -
06:09:32 "GET /roster HTTP/1.1" 200 -
06:09:32 "POST /collect HTTP/1.1" 200 -
06:09:32 "POST /collect HTTP/1.1" 200 -
06:09:32 "POST /collect HTTP/1.1" 200 -
06:09:32 "POST /collect HTTP/1.1" 200 -
06:09:32 "POST /collect HTTP/1.1" 200 -
06:09:32 "POST /collect HTTP/1.1" 200 -
06:09:33 "GET /roster HTTP/1.1" 200 -
06:09:33 "POST /collect HTTP/1.1" 200 -
06:09:33 "POST /collect HTTP/1.1" 200 -
06:09:34 "GET /roster HTTP/1.1" 200 -
06:09:34 "POST /collect HTTP/1.1" 200 -
06:09:34 "POST /collect HTTP/1.1" 200 -
06:09:35 "POST /collect HTTP/1.1" 200 -
06:09:35 "POST /collect HTTP/1.1" 200 -
06:09:35 "GET /roster HTTP/1.1" 200 -
06:09:35 "POST /collect HTTP/1.1" 200 -
06:09:35 "POST /collect HTTP/1.1" 200 -
06:09:35 "POST /collect HTTP/1.1" 200 -
06:09:35 "POST /collect HTTP/1.1" 200 -
06:09:35 "POST /collect HTTP/1.1" 200 -
06:09:35 "POST /collect HTTP/1.1" 200 -
06:09:36 "GET /roster HTTP/1.1" 200 -
06:09:36 "POST /collect HTTP/1.1" 200 -
06:09:36 "POST /collect HTTP/1.1" 200 -
06:09:37 "GET /roster HTTP/1.1" 200 -
06:09:37 "POST /collect HTTP/1.1" 200 -
06:09:37 "POST /collect HTTP/1.1" 200 -
06:09:38 "POST /collect HTTP/1.1" 200 -
06:09:38 "POST /collect HTTP/1.1" 200 -
06:09:38 "GET /roster HTTP/1.1" 200 -
06:09:38 "POST /collect HTTP/1.1" 200 -
06:09:38 "POST /collect HTTP/1.1" 200 -
06:09:38 "POST /collect HTTP/1.1" 200 -
06:09:38 "POST /collect HTTP/1.1" 200 -
06:09:38 "POST /collect HTTP/1.1" 200 -
06:09:38 "POST /collect HTTP/1.1" 200 -
06:09:39 "GET /roster HTTP/1.1" 200 -
06:09:39 "POST /collect HTTP/1.1" 200 -
06:09:39 "POST /collect HTTP/1.1" 200 -
06:09:40 "GET /roster HTTP/1.1" 200 -
06:09:40 "POST /collect HTTP/1.1" 200 -
06:09:40 "POST /collect HTTP/1.1" 200 -
06:09:41 "POST /collect HTTP/1.1" 200 -
06:09:41 "POST /collect HTTP/1.1" 200 -
06:09:41 "GET /roster HTTP/1.1" 200 -
06:09:41 "POST /collect HTTP/1.1" 200 -
06:09:41 "POST /collect HTTP/1.1" 200 -
06:09:41 "POST /collect HTTP/1.1" 200 -
06:09:41 "POST /collect HTTP/1.1" 200 -
06:09:41 "POST /collect HTTP/1.1" 200 -
06:09:41 "POST /collect HTTP/1.1" 200 -
06:09:42 "GET /roster HTTP/1.1" 200 -
06:09:42 "POST /collect HTTP/1.1" 200 -
06:09:42 "POST /collect HTTP/1.1" 200 -
06:09:43 "GET /roster HTTP/1.1" 200 -
06:09:43 "POST /collect HTTP/1.1" 200 -
06:09:43 "POST /collect HTTP/1.1" 200 -
06:09:44 "POST /collect HTTP/1.1" 200 -
06:09:44 "POST /collect HTTP/1.1" 200 -
06:09:44 "GET /roster HTTP/1.1" 200 -
06:09:44 "POST /collect HTTP/1.1" 200 -
06:09:44 "POST /collect HTTP/1.1" 200 -
06:09:44 "POST /collect HTTP/1.1" 200 -
06:09:44 "POST /collect HTTP/1.1" 200 -
06:09:44 "POST /collect HTTP/1.1" 200 -
06:09:44 "POST /collect HTTP/1.1" 200 -
06:09:45 "GET /roster HTTP/1.1" 200 -
06:09:45 "POST /collect HTTP/1.1" 200 -
06:09:45 "POST /collect HTTP/1.1" 200 -
06:09:46 "GET /roster HTTP/1.1" 200 -
06:09:46 "POST /collect HTTP/1.1" 200 -
06:09:46 "POST /collect HTTP/1.1" 200 -
06:09:47 "POST /collect HTTP/1.1" 200 -
06:09:47 "POST /collect HTTP/1.1" 200 -
06:09:47 "GET /roster HTTP/1.1" 200 -
06:09:47 "POST /collect HTTP/1.1" 200 -
06:09:47 "POST /collect HTTP/1.1" 200 -
06:09:47 "POST /collect HTTP/1.1" 200 -
06:09:47 "POST /collect HTTP/1.1" 200 -
06:09:47 "POST /collect HTTP/1.1" 200 -
06:09:47 "POST /collect HTTP/1.1" 200 -
06:09:48 "GET /roster HTTP/1.1" 200 -
06:09:48 "POST /collect HTTP/1.1" 200 -
06:09:48 "POST /collect HTTP/1.1" 200 -
06:09:49 "GET /roster HTTP/1.1" 200 -
06:09:49 "POST /collect HTTP/1.1" 200 -
06:09:49 "POST /collect HTTP/1.1" 200 -
06:09:50 "POST /collect HTTP/1.1" 200 -
06:09:50 "POST /collect HTTP/1.1" 200 -
06:09:50 "POST /collect HTTP/1.1" 200 -
06:09:50 "POST /collect HTTP/1.1" 200 -
06:09:50 "GET /roster HTTP/1.1" 200 -
06:09:50 "POST /collect HTTP/1.1" 200 -
06:09:50 "POST /collect HTTP/1.1" 200 -
06:09:50 "POST /collect HTTP/1.1" 200 -
06:09:50 "POST /collect HTTP/1.1" 200 -
06:09:51 "GET /roster HTTP/1.1" 200 -
06:09:51 "POST /collect HTTP/1.1" 200 -
06:09:51 "POST /collect HTTP/1.1" 200 -
06:09:52 "GET /roster HTTP/1.1" 200 -
06:09:52 "POST /collect HTTP/1.1" 200 -
06:09:52 "POST /collect HTTP/1.1" 200 -
06:09:53 "POST /collect HTTP/1.1" 200 -
06:09:53 "POST /collect HTTP/1.1" 200 -
06:09:53 "GET /roster HTTP/1.1" 200 -
06:09:53 "POST /collect HTTP/1.1" 200 -
06:09:53 "POST /collect HTTP/1.1" 200 -
06:09:53 "POST /collect HTTP/1.1" 200 -
06:09:53 "POST /collect HTTP/1.1" 200 -
06:09:53 "POST /collect HTTP/1.1" 200 -
06:09:53 "POST /collect HTTP/1.1" 200 -
06:09:54 "GET /roster HTTP/1.1" 200 -
06:09:54 "POST /collect HTTP/1.1" 200 -
06:09:54 "POST /collect HTTP/1.1" 200 -
06:09:55 "GET /roster HTTP/1.1" 200 -
06:09:55 "POST /collect HTTP/1.1" 200 -
06:09:55 "POST /collect HTTP/1.1" 200 -
06:09:56 "POST /collect HTTP/1.1" 200 -
06:09:56 "POST /collect HTTP/1.1" 200 -
06:09:56 "POST /collect HTTP/1.1" 200 -
06:09:56 "POST /collect HTTP/1.1" 200 -
06:09:56 "GET /roster HTTP/1.1" 200 -
06:09:56 "POST /collect HTTP/1.1" 200 -
06:09:56 "POST /collect HTTP/1.1" 200 -
06:09:56 "POST /collect HTTP/1.1" 200 -
06:09:56 "POST /collect HTTP/1.1" 200 -
06:09:57 "GET /roster HTTP/1.1" 200 -
06:09:57 "POST /collect HTTP/1.1" 200 -
06:09:57 "POST /collect HTTP/1.1" 200 -
06:09:58 "GET /roster HTTP/1.1" 200 -
06:09:58 "POST /collect HTTP/1.1" 200 -
06:09:58 "POST /collect HTTP/1.1" 200 -
06:09:59 "POST /collect HTTP/1.1" 200 -
06:09:59 "POST /collect HTTP/1.1" 200 -
06:09:59 "GET /roster HTTP/1.1" 200 -
06:09:59 "POST /collect HTTP/1.1" 200 -
06:09:59 "POST /collect HTTP/1.1" 200 -
06:09:59 "POST /collect HTTP/1.1" 200 -
06:09:59 "POST /collect HTTP/1.1" 200 -
06:09:59 "POST /collect HTTP/1.1" 200 -
06:09:59 "POST /collect HTTP/1.1" 200 -
06:10:00 "GET /roster HTTP/1.1" 200 -
06:10:00 "POST /collect HTTP/1.1" 200 -
06:10:00 "POST /collect HTTP/1.1" 200 -
06:10:01 "GET /roster HTTP/1.1" 200 -
06:10:01 "POST /collect HTTP/1.1" 200 -
06:10:01 "POST /collect HTTP/1.1" 200 -
06:10:02 "POST /collect HTTP/1.1" 200 -
06:10:02 "GET /roster HTTP/1.1" 200 -
06:10:02 "POST /collect HTTP/1.1" 200 -
06:10:02 "POST /collect HTTP/1.1" 200 -
06:10:03 "GET /roster HTTP/1.1" 200 -
06:10:03 "POST /collect HTTP/1.1" 200 -
06:10:03 "POST /collect HTTP/1.1" 200 -
06:10:04 "GET /roster HTTP/1.1" 200 -
06:10:04 "POST /collect HTTP/1.1" 200 -
06:10:04 "POST /collect HTTP/1.1" 200 -
06:10:05 "GET /roster HTTP/1.1" 200 -
06:10:05 "POST /collect HTTP/1.1" 200 -
06:10:05 "POST /collect HTTP/1.1" 200 -
06:10:06 "GET /roster HTTP/1.1" 200 -
06:10:06 "POST /collect HTTP/1.1" 200 -
06:10:06 "POST /collect HTTP/1.1" 200 -
06:10:07 "GET /roster HTTP/1.1" 200 -
06:10:07 "POST /collect HTTP/1.1" 200 -
06:10:07 "POST /collect HTTP/1.1" 200 -
06:10:08 "GET /roster HTTP/1.1" 200 -
06:10:08 "POST /collect HTTP/1.1" 200 -
06:10:08 "POST /collect HTTP/1.1" 200 -
06:10:09 "GET /roster HTTP/1.1" 200 -
06:10:09 "POST /collect HTTP/1.1" 200 -
06:10:09 "POST /collect HTTP/1.1" 200 -
06:10:10 "GET /roster HTTP/1.1" 200 -
06:10:10 "POST /collect HTTP/1.1" 200 -
06:10:10 "POST /collect HTTP/1.1" 200 -
06:10:11 "GET /roster HTTP/1.1" 200 -
06:10:11 "POST /collect HTTP/1.1" 200 -
06:10:11 "POST /collect HTTP/1.1" 200 -
06:10:12 "GET /roster HTTP/1.1" 200 -
06:10:12 "POST /collect HTTP/1.1" 200 -
06:10:12 "POST /collect HTTP/1.1" 200 -
06:10:13 "GET /roster HTTP/1.1" 200 -
06:10:13 "POST /collect HTTP/1.1" 200 -
06:10:13 "POST /collect HTTP/1.1" 200 -
06:10:14 "GET /roster HTTP/1.1" 200 -
06:10:14 "POST /collect HTTP/1.1" 200 -
06:10:14 "POST /collect HTTP/1.1" 200 -
06:10:15 "GET /roster HTTP/1.1" 200 -
06:10:15 "POST /collect HTTP/1.1" 200 -
06:10:15 "POST /collect HTTP/1.1" 200 -
06:10:16 "GET /roster HTTP/1.1" 200 -
06:10:16 "POST /collect HTTP/1.1" 200 -
06:10:16 "POST /collect HTTP/1.1" 200 -
06:10:17 "GET /roster HTTP/1.1" 200 -
06:10:17 "POST /collect HTTP/1.1" 200 -
06:10:17 "POST /collect HTTP/1.1" 200 -
06:10:18 "GET /roster HTTP/1.1" 200 -
06:10:18 "POST /collect HTTP/1.1" 200 -
06:10:18 "POST /collect HTTP/1.1" 200 -
06:10:19 "GET /roster HTTP/1.1" 200 -
06:10:19 "POST /collect HTTP/1.1" 200 -
06:10:19 "POST /collect HTTP/1.1" 200 -
06:10:20 "GET /roster HTTP/1.1" 200 -
06:10:20 "POST /collect HTTP/1.1" 200 -
06:10:20 "POST /collect HTTP/1.1" 200 -
06:10:21 "GET /roster HTTP/1.1" 200 -
06:10:21 "POST /collect HTTP/1.1" 200 -
06:10:21 "POST /collect HTTP/1.1" 200 -
06:10:22 "GET /roster HTTP/1.1" 200 -
06:10:22 "POST /collect HTTP/1.1" 200 -
06:10:22 "POST /collect HTTP/1.1" 200 -
06:10:23 "GET /roster HTTP/1.1" 200 -
06:10:23 "POST /collect HTTP/1.1" 200 -
06:10:23 "POST /collect HTTP/1.1" 200 -
06:10:24 "GET /roster HTTP/1.1" 200 -
06:10:24 "POST /collect HTTP/1.1" 200 -
06:10:24 "POST /collect HTTP/1.1" 200 -
06:10:25 "GET /roster HTTP/1.1" 200 -
06:10:25 "POST /collect HTTP/1.1" 200 -
06:10:25 "POST /collect HTTP/1.1" 200 -
06:10:26 "GET /roster HTTP/1.1" 200 -
06:10:26 "POST /collect HTTP/1.1" 200 -
06:10:26 "GET /roster HTTP/1.1" 200 -
06:10:26 "POST /collect HTTP/1.1" 200 -
06:10:26 CF GET /sessions/2f9e9c4b6bfc13798a756702022ffdd58707c5810dcc4a98d49a1be3afea281c -> 200 (206 ms)
06:10:26 "GET /cf/sessions/2f9e9c4b6bfc13798a756702022ffdd58707c5810dcc4a98d49a1be3afea281c HTTP/1.1" 200 -
06:10:26 "POST /collect HTTP/1.1" 200 -
06:10:26 "GET /roster HTTP/1.1" 200 -
06:10:26 CF GET /sessions/ffdcd1faec24aecb094b39b36dc328ad203307f30d12dca16cbf92933099fab9 -> 200 (147 ms)
06:10:26 "GET /cf/sessions/ffdcd1faec24aecb094b39b36dc328ad203307f30d12dca16cbf92933099fab9 HTTP/1.1" 200 -
06:10:26 "POST /collect HTTP/1.1" 200 -
06:10:26 "POST /collect HTTP/1.1" 200 -
06:10:27 "GET /roster HTTP/1.1" 200 -
06:10:27 "POST /collect HTTP/1.1" 200 -
06:10:27 "POST /collect HTTP/1.1" 200 -
06:10:28 "GET /roster HTTP/1.1" 200 -
06:10:28 "POST /collect HTTP/1.1" 200 -
06:10:28 "POST /collect HTTP/1.1" 200 -
06:10:29 "GET /roster HTTP/1.1" 200 -
06:10:29 "POST /collect HTTP/1.1" 200 -
06:10:29 "POST /collect HTTP/1.1" 200 -
06:10:30 "GET /roster HTTP/1.1" 200 -
06:10:30 "POST /collect HTTP/1.1" 200 -
06:10:30 "POST /collect HTTP/1.1" 200 -
06:10:31 "GET /roster HTTP/1.1" 200 -
06:10:31 "POST /collect HTTP/1.1" 200 -
06:10:31 "POST /collect HTTP/1.1" 200 -
06:10:32 "GET /roster HTTP/1.1" 200 -
06:10:32 "POST /collect HTTP/1.1" 200 -
06:10:32 "POST /collect HTTP/1.1" 200 -
06:10:33 "GET /roster HTTP/1.1" 200 -
06:10:33 "POST /collect HTTP/1.1" 200 -
06:10:33 "POST /collect HTTP/1.1" 200 -
06:10:34 "GET /roster HTTP/1.1" 200 -
06:10:34 "POST /collect HTTP/1.1" 200 -
06:10:34 "POST /collect HTTP/1.1" 200 -
06:10:35 "GET /roster HTTP/1.1" 200 -
06:10:35 "POST /collect HTTP/1.1" 200 -
06:10:35 "POST /collect HTTP/1.1" 200 -
06:10:36 "GET /roster HTTP/1.1" 200 -
06:10:36 "POST /collect HTTP/1.1" 200 -
06:10:36 "POST /collect HTTP/1.1" 200 -
06:10:37 "GET /roster HTTP/1.1" 200 -
06:10:37 "POST /collect HTTP/1.1" 200 -
06:10:37 "POST /collect HTTP/1.1" 200 -
06:10:38 "GET /roster HTTP/1.1" 200 -
06:10:38 "POST /collect HTTP/1.1" 200 -
06:10:38 "POST /collect HTTP/1.1" 200 -
06:10:39 "GET /roster HTTP/1.1" 200 -
06:10:39 "POST /collect HTTP/1.1" 200 -
06:10:39 "POST /collect HTTP/1.1" 200 -
06:10:40 "GET /roster HTTP/1.1" 200 -
06:10:40 "POST /collect HTTP/1.1" 200 -
06:10:40 "POST /collect HTTP/1.1" 200 -
06:10:41 "GET /roster HTTP/1.1" 200 -
06:10:41 "POST /collect HTTP/1.1" 200 -
06:10:41 "POST /collect HTTP/1.1" 200 -
06:10:42 "GET /roster HTTP/1.1" 200 -
06:10:42 "POST /collect HTTP/1.1" 200 -
06:10:42 "POST /collect HTTP/1.1" 200 -
06:10:43 "GET /roster HTTP/1.1" 200 -
06:10:43 "POST /collect HTTP/1.1" 200 -
06:10:43 "POST /collect HTTP/1.1" 200 -
06:10:44 "GET /roster HTTP/1.1" 200 -
06:10:44 "POST /collect HTTP/1.1" 200 -
06:10:44 "POST /collect HTTP/1.1" 200 -
06:10:45 "GET /roster HTTP/1.1" 200 -
06:10:45 "POST /collect HTTP/1.1" 200 -
06:10:45 "POST /collect HTTP/1.1" 200 -
06:10:46 "GET /roster HTTP/1.1" 200 -
06:10:46 "POST /collect HTTP/1.1" 200 -
06:10:46 "POST /collect HTTP/1.1" 200 -
06:10:47 "GET /roster HTTP/1.1" 200 -
06:10:47 "POST /collect HTTP/1.1" 200 -
06:10:47 "POST /collect HTTP/1.1" 200 -
06:10:48 "GET /roster HTTP/1.1" 200 -
06:10:48 "POST /collect HTTP/1.1" 200 -
06:10:48 "POST /collect HTTP/1.1" 200 -
06:10:49 "GET /roster HTTP/1.1" 200 -
06:10:49 "POST /collect HTTP/1.1" 200 -
06:10:49 "POST /collect HTTP/1.1" 200 -
06:10:50 "GET /roster HTTP/1.1" 200 -
06:10:50 "POST /collect HTTP/1.1" 200 -
06:10:50 "POST /collect HTTP/1.1" 200 -
06:10:51 "GET /roster HTTP/1.1" 200 -
06:10:51 "POST /collect HTTP/1.1" 200 -
06:10:51 "POST /collect HTTP/1.1" 200 -
06:10:52 "GET /roster HTTP/1.1" 200 -
06:10:52 "POST /collect HTTP/1.1" 200 -
06:10:52 "POST /collect HTTP/1.1" 200 -
06:10:53 "GET /roster HTTP/1.1" 200 -
06:10:53 "POST /collect HTTP/1.1" 200 -
06:10:53 "POST /collect HTTP/1.1" 200 -
06:10:54 "GET /roster HTTP/1.1" 200 -
06:10:54 "POST /collect HTTP/1.1" 200 -
06:10:54 "POST /collect HTTP/1.1" 200 -
06:10:55 "GET /roster HTTP/1.1" 200 -
06:10:55 "POST /collect HTTP/1.1" 200 -
06:10:55 "POST /collect HTTP/1.1" 200 -
06:10:56 "GET /roster HTTP/1.1" 200 -
06:10:56 "POST /collect HTTP/1.1" 200 -
06:10:56 "POST /collect HTTP/1.1" 200 -
06:10:57 "GET /roster HTTP/1.1" 200 -
06:10:57 "POST /collect HTTP/1.1" 200 -
06:10:57 "POST /collect HTTP/1.1" 200 -
06:10:58 "GET /roster HTTP/1.1" 200 -
06:10:58 "POST /collect HTTP/1.1" 200 -
06:10:58 "POST /collect HTTP/1.1" 200 -
06:10:59 "GET /roster HTTP/1.1" 200 -
06:10:59 "POST /collect HTTP/1.1" 200 -
06:10:59 "POST /collect HTTP/1.1" 200 -
06:11:00 "GET /roster HTTP/1.1" 200 -
06:11:00 "POST /collect HTTP/1.1" 200 -
06:11:00 "POST /collect HTTP/1.1" 200 -
06:11:01 "GET /roster HTTP/1.1" 200 -
06:11:01 "POST /collect HTTP/1.1" 200 -
06:11:01 "POST /collect HTTP/1.1" 200 -
06:11:02 "GET /roster HTTP/1.1" 200 -
06:11:02 "POST /collect HTTP/1.1" 200 -
06:11:02 "POST /collect HTTP/1.1" 200 -
06:11:03 "GET /roster HTTP/1.1" 200 -
06:11:03 "POST /collect HTTP/1.1" 200 -
06:11:03 "POST /collect HTTP/1.1" 200 -
06:11:04 "GET /roster HTTP/1.1" 200 -
06:11:04 "POST /collect HTTP/1.1" 200 -
06:11:04 "POST /collect HTTP/1.1" 200 -
06:11:05 "GET /roster HTTP/1.1" 200 -
06:11:05 "POST /collect HTTP/1.1" 200 -
06:11:05 "POST /collect HTTP/1.1" 200 -
06:11:06 "GET /roster HTTP/1.1" 200 -
06:11:06 "POST /collect HTTP/1.1" 200 -
06:11:06 "POST /collect HTTP/1.1" 200 -
06:11:07 "GET /roster HTTP/1.1" 200 -
06:11:07 "POST /collect HTTP/1.1" 200 -
06:11:07 "POST /collect HTTP/1.1" 200 -
06:11:08 "GET /roster HTTP/1.1" 200 -
06:11:08 "POST /collect HTTP/1.1" 200 -
06:11:08 "POST /collect HTTP/1.1" 200 -
06:11:09 "GET /roster HTTP/1.1" 200 -
06:11:09 "POST /collect HTTP/1.1" 200 -
06:11:09 "POST /collect HTTP/1.1" 200 -
06:11:10 "GET /roster HTTP/1.1" 200 -
06:11:10 "POST /collect HTTP/1.1" 200 -
06:11:10 "POST /collect HTTP/1.1" 200 -
06:11:11 "GET /roster HTTP/1.1" 200 -
06:11:11 "POST /collect HTTP/1.1" 200 -
06:11:11 "POST /collect HTTP/1.1" 200 -
06:11:12 "GET /roster HTTP/1.1" 200 -
06:11:12 "POST /collect HTTP/1.1" 200 -
06:11:12 "POST /collect HTTP/1.1" 200 -
06:11:13 "GET /roster HTTP/1.1" 200 -
06:11:13 "POST /collect HTTP/1.1" 200 -
06:11:13 "POST /collect HTTP/1.1" 200 -
06:11:14 "GET /roster HTTP/1.1" 200 -
06:11:14 "POST /collect HTTP/1.1" 200 -
06:11:14 "POST /collect HTTP/1.1" 200 -
06:11:15 "GET /roster HTTP/1.1" 200 -
06:11:15 "POST /collect HTTP/1.1" 200 -
06:11:15 "POST /collect HTTP/1.1" 200 -
06:11:16 "GET /roster HTTP/1.1" 200 -
06:11:16 "POST /collect HTTP/1.1" 200 -
06:11:16 "POST /collect HTTP/1.1" 200 -
06:11:17 "GET /roster HTTP/1.1" 200 -
06:11:17 "POST /collect HTTP/1.1" 200 -
06:11:17 "POST /collect HTTP/1.1" 200 -
06:11:18 "GET /roster HTTP/1.1" 200 -
06:11:18 "POST /collect HTTP/1.1" 200 -
06:11:18 "POST /collect HTTP/1.1" 200 -
06:11:19 "GET /roster HTTP/1.1" 200 -
06:11:19 "POST /collect HTTP/1.1" 200 -
06:11:19 "POST /collect HTTP/1.1" 200 -
06:11:20 "GET /roster HTTP/1.1" 200 -
06:11:20 "POST /collect HTTP/1.1" 200 -
06:11:20 "POST /collect HTTP/1.1" 200 -
06:11:21 "GET /roster HTTP/1.1" 200 -
06:11:21 "POST /collect HTTP/1.1" 200 -
06:11:21 "POST /collect HTTP/1.1" 200 -
06:11:22 "GET /roster HTTP/1.1" 200 -
06:11:22 "POST /collect HTTP/1.1" 200 -
06:11:22 "POST /collect HTTP/1.1" 200 -
06:11:23 "GET /roster HTTP/1.1" 200 -
06:11:23 "POST /collect HTTP/1.1" 200 -
06:11:23 "POST /collect HTTP/1.1" 200 -
06:11:24 "GET /roster HTTP/1.1" 200 -
06:11:24 "POST /collect HTTP/1.1" 200 -
06:11:24 "POST /collect HTTP/1.1" 200 -
06:11:25 "GET /roster HTTP/1.1" 200 -
06:11:25 "POST /collect HTTP/1.1" 200 -
06:11:25 "POST /collect HTTP/1.1" 200 -
06:11:26 "GET /roster HTTP/1.1" 200 -
06:11:26 "POST /collect HTTP/1.1" 200 -
06:11:26 "POST /collect HTTP/1.1" 200 -
06:11:27 "POST /collect HTTP/1.1" 200 -
06:11:27 "GET /roster HTTP/1.1" 200 -
06:11:27 "POST /collect HTTP/1.1" 200 -
06:11:27 "POST /collect HTTP/1.1" 200 -
06:11:28 "GET /roster HTTP/1.1" 200 -
06:11:28 "POST /collect HTTP/1.1" 200 -
06:11:28 "POST /collect HTTP/1.1" 200 -
06:11:29 "GET /roster HTTP/1.1" 200 -
06:11:29 "POST /collect HTTP/1.1" 200 -
06:11:29 "POST /collect HTTP/1.1" 200 -
06:11:30 "GET /roster HTTP/1.1" 200 -
06:11:30 "POST /collect HTTP/1.1" 200 -
06:11:30 "POST /collect HTTP/1.1" 200 -
06:11:31 "GET /roster HTTP/1.1" 200 -
06:11:31 "POST /collect HTTP/1.1" 200 -
06:11:31 "POST /collect HTTP/1.1" 200 -
06:11:32 "GET /roster HTTP/1.1" 200 -
06:11:32 "POST /collect HTTP/1.1" 200 -
06:11:32 "POST /collect HTTP/1.1" 200 -
06:11:33 "GET /roster HTTP/1.1" 200 -
06:11:33 "POST /collect HTTP/1.1" 200 -
06:11:33 "POST /collect HTTP/1.1" 200 -
06:11:34 "GET /roster HTTP/1.1" 200 -
06:11:34 "POST /collect HTTP/1.1" 200 -
06:11:34 "POST /collect HTTP/1.1" 200 -
06:11:35 "GET /roster HTTP/1.1" 200 -
06:11:35 "POST /collect HTTP/1.1" 200 -
06:11:35 "POST /collect HTTP/1.1" 200 -
06:11:36 "GET /roster HTTP/1.1" 200 -
06:11:36 "POST /collect HTTP/1.1" 200 -
06:11:36 "POST /collect HTTP/1.1" 200 -
06:11:37 "GET /roster HTTP/1.1" 200 -
06:11:37 "POST /collect HTTP/1.1" 200 -
06:11:37 "POST /collect HTTP/1.1" 200 -
06:11:38 "GET /roster HTTP/1.1" 200 -
06:11:38 "POST /collect HTTP/1.1" 200 -
06:11:38 "POST /collect HTTP/1.1" 200 -
06:11:39 "GET /roster HTTP/1.1" 200 -
06:11:39 "POST /collect HTTP/1.1" 200 -
06:11:39 "POST /collect HTTP/1.1" 200 -
06:11:40 "GET /roster HTTP/1.1" 200 -
06:11:40 "POST /collect HTTP/1.1" 200 -
06:11:40 "POST /collect HTTP/1.1" 200 -
06:11:41 "GET /roster HTTP/1.1" 200 -
06:11:41 "POST /collect HTTP/1.1" 200 -
06:11:41 "POST /collect HTTP/1.1" 200 -
06:11:42 "GET /roster HTTP/1.1" 200 -
06:11:42 "POST /collect HTTP/1.1" 200 -
06:11:42 "POST /collect HTTP/1.1" 200 -
06:11:43 "GET /roster HTTP/1.1" 200 -
06:11:43 "POST /collect HTTP/1.1" 200 -
06:11:43 "POST /collect HTTP/1.1" 200 -
06:11:44 "GET /roster HTTP/1.1" 200 -
06:11:44 "POST /collect HTTP/1.1" 200 -
06:11:44 "POST /collect HTTP/1.1" 200 -
06:11:45 "GET /roster HTTP/1.1" 200 -
06:11:45 "POST /collect HTTP/1.1" 200 -
06:11:45 "POST /collect HTTP/1.1" 200 -
06:11:46 "GET /roster HTTP/1.1" 200 -
06:11:46 "POST /collect HTTP/1.1" 200 -
06:11:46 "POST /collect HTTP/1.1" 200 -
06:11:47 "GET /roster HTTP/1.1" 200 -
06:11:47 "POST /collect HTTP/1.1" 200 -
06:11:47 "POST /collect HTTP/1.1" 200 -
06:11:48 "GET /roster HTTP/1.1" 200 -
06:11:48 "POST /collect HTTP/1.1" 200 -
06:11:48 "POST /collect HTTP/1.1" 200 -
06:11:49 "GET /roster HTTP/1.1" 200 -
06:11:49 "POST /collect HTTP/1.1" 200 -
06:11:49 "POST /collect HTTP/1.1" 200 -
06:11:50 "GET /roster HTTP/1.1" 200 -
06:11:50 "POST /collect HTTP/1.1" 200 -
06:11:50 "POST /collect HTTP/1.1" 200 -
06:11:51 "GET /roster HTTP/1.1" 200 -
06:11:51 "POST /collect HTTP/1.1" 200 -
06:11:51 "POST /collect HTTP/1.1" 200 -
06:11:52 "GET /roster HTTP/1.1" 200 -
06:11:52 "POST /collect HTTP/1.1" 200 -
06:11:52 "POST /collect HTTP/1.1" 200 -
06:11:53 "GET /roster HTTP/1.1" 200 -
06:11:53 "POST /collect HTTP/1.1" 200 -
06:11:53 "POST /collect HTTP/1.1" 200 -
06:11:54 "GET /roster HTTP/1.1" 200 -
06:11:54 "POST /collect HTTP/1.1" 200 -
06:11:54 "POST /collect HTTP/1.1" 200 -
06:11:55 "GET /roster HTTP/1.1" 200 -
06:11:55 "POST /collect HTTP/1.1" 200 -
06:11:55 "POST /collect HTTP/1.1" 200 -
06:11:56 "GET /roster HTTP/1.1" 200 -
06:11:56 "POST /collect HTTP/1.1" 200 -
06:11:56 "POST /collect HTTP/1.1" 200 -
06:11:57 "GET /roster HTTP/1.1" 200 -
06:11:57 "POST /collect HTTP/1.1" 200 -
06:11:57 "POST /collect HTTP/1.1" 200 -
06:11:58 "GET /roster HTTP/1.1" 200 -
06:11:58 "POST /collect HTTP/1.1" 200 -
06:11:58 "POST /collect HTTP/1.1" 200 -
06:11:59 "GET /roster HTTP/1.1" 200 -
06:11:59 "POST /collect HTTP/1.1" 200 -
06:11:59 "POST /collect HTTP/1.1" 200 -
06:12:00 "GET /roster HTTP/1.1" 200 -
06:12:00 "POST /collect HTTP/1.1" 200 -
06:12:00 "POST /collect HTTP/1.1" 200 -
06:12:01 "GET /roster HTTP/1.1" 200 -
06:12:01 "POST /collect HTTP/1.1" 200 -
06:12:01 "POST /collect HTTP/1.1" 200 -
06:12:02 "GET /roster HTTP/1.1" 200 -
06:12:02 "POST /collect HTTP/1.1" 200 -
06:12:02 "POST /collect HTTP/1.1" 200 -
06:12:03 "GET /roster HTTP/1.1" 200 -
06:12:03 "POST /collect HTTP/1.1" 200 -
06:12:03 "POST /collect HTTP/1.1" 200 -
06:12:04 "GET /roster HTTP/1.1" 200 -
06:12:04 "POST /collect HTTP/1.1" 200 -
06:12:04 "POST /collect HTTP/1.1" 200 -
06:12:05 "GET /roster HTTP/1.1" 200 -
06:12:05 "POST /collect HTTP/1.1" 200 -
06:12:05 "POST /collect HTTP/1.1" 200 -
06:12:06 "GET /roster HTTP/1.1" 200 -
06:12:06 "POST /collect HTTP/1.1" 200 -
06:12:06 "POST /collect HTTP/1.1" 200 -
06:12:07 "GET /roster HTTP/1.1" 200 -
06:12:07 "POST /collect HTTP/1.1" 200 -
06:12:07 "POST /collect HTTP/1.1" 200 -
06:12:08 "GET /roster HTTP/1.1" 200 -
06:12:08 "POST /collect HTTP/1.1" 200 -
06:12:08 "POST /collect HTTP/1.1" 200 -
06:12:09 "GET /roster HTTP/1.1" 200 -
06:12:09 "POST /collect HTTP/1.1" 200 -
06:12:09 "POST /collect HTTP/1.1" 200 -
06:12:10 "GET /roster HTTP/1.1" 200 -
06:12:10 "POST /collect HTTP/1.1" 200 -
06:12:10 "POST /collect HTTP/1.1" 200 -
06:12:11 "GET /roster HTTP/1.1" 200 -
06:12:11 "POST /collect HTTP/1.1" 200 -
06:12:11 "POST /collect HTTP/1.1" 200 -
06:12:12 "GET /roster HTTP/1.1" 200 -
06:12:12 "POST /collect HTTP/1.1" 200 -
06:12:12 "POST /collect HTTP/1.1" 200 -
06:12:13 "GET /roster HTTP/1.1" 200 -
06:12:13 "POST /collect HTTP/1.1" 200 -
06:12:13 "POST /collect HTTP/1.1" 200 -
06:12:14 "GET /roster HTTP/1.1" 200 -
06:12:14 "POST /collect HTTP/1.1" 200 -
06:12:14 "POST /collect HTTP/1.1" 200 -
06:12:15 "GET /roster HTTP/1.1" 200 -
06:12:15 "POST /collect HTTP/1.1" 200 -
06:12:15 "POST /collect HTTP/1.1" 200 -
06:12:16 "GET /roster HTTP/1.1" 200 -
06:12:16 "POST /collect HTTP/1.1" 200 -
06:12:16 "POST /collect HTTP/1.1" 200 -
06:12:17 "GET /roster HTTP/1.1" 200 -
06:12:17 "POST /collect HTTP/1.1" 200 -
06:12:17 "POST /collect HTTP/1.1" 200 -
06:12:18 "GET /roster HTTP/1.1" 200 -
06:12:18 "POST /collect HTTP/1.1" 200 -
06:12:18 "POST /collect HTTP/1.1" 200 -
06:12:19 "GET /roster HTTP/1.1" 200 -
06:12:19 "POST /collect HTTP/1.1" 200 -
06:12:19 "POST /collect HTTP/1.1" 200 -
06:12:20 "GET /roster HTTP/1.1" 200 -
06:12:20 "POST /collect HTTP/1.1" 200 -
06:12:20 "POST /collect HTTP/1.1" 200 -
06:12:21 "GET /roster HTTP/1.1" 200 -
06:12:21 "POST /collect HTTP/1.1" 200 -
06:12:21 "POST /collect HTTP/1.1" 200 -
06:12:22 "GET /roster HTTP/1.1" 200 -
06:12:22 "POST /collect HTTP/1.1" 200 -
06:12:22 "POST /collect HTTP/1.1" 200 -
06:12:23 "GET /roster HTTP/1.1" 200 -
06:12:23 "POST /collect HTTP/1.1" 200 -
06:12:23 "POST /collect HTTP/1.1" 200 -
06:12:24 "GET /roster HTTP/1.1" 200 -
06:12:24 "POST /collect HTTP/1.1" 200 -
06:12:24 "POST /collect HTTP/1.1" 200 -
06:12:25 "GET /roster HTTP/1.1" 200 -
06:12:25 "POST /collect HTTP/1.1" 200 -
06:12:25 "POST /collect HTTP/1.1" 200 -
06:12:26 "GET /roster HTTP/1.1" 200 -
06:12:26 "POST /collect HTTP/1.1" 200 -
06:12:26 "POST /collect HTTP/1.1" 200 -
06:12:27 "GET /roster HTTP/1.1" 200 -
06:12:27 "POST /collect HTTP/1.1" 200 -
06:12:27 "POST /collect HTTP/1.1" 200 -
06:12:27 "POST /collect HTTP/1.1" 200 -
06:12:28 "GET /roster HTTP/1.1" 200 -
06:12:28 "POST /collect HTTP/1.1" 200 -
06:12:28 "POST /collect HTTP/1.1" 200 -
06:12:29 "GET /roster HTTP/1.1" 200 -
06:12:29 "POST /collect HTTP/1.1" 200 -
06:12:29 "POST /collect HTTP/1.1" 200 -
06:12:30 "GET /roster HTTP/1.1" 200 -
06:12:30 "POST /collect HTTP/1.1" 200 -
06:12:30 "POST /collect HTTP/1.1" 200 -
06:12:31 "GET /roster HTTP/1.1" 200 -
06:12:31 "POST /collect HTTP/1.1" 200 -
06:12:31 "POST /collect HTTP/1.1" 200 -
06:12:32 "GET /roster HTTP/1.1" 200 -
06:12:32 "POST /collect HTTP/1.1" 200 -
06:12:32 "POST /collect HTTP/1.1" 200 -
06:12:33 "GET /roster HTTP/1.1" 200 -
06:12:33 "POST /collect HTTP/1.1" 200 -
06:12:33 "POST /collect HTTP/1.1" 200 -
06:12:34 "GET /roster HTTP/1.1" 200 -
06:12:34 "POST /collect HTTP/1.1" 200 -
06:12:34 "POST /collect HTTP/1.1" 200 -
06:12:35 "GET /roster HTTP/1.1" 200 -
06:12:35 "POST /collect HTTP/1.1" 200 -
06:12:35 "POST /collect HTTP/1.1" 200 -
06:12:36 "GET /roster HTTP/1.1" 200 -
06:12:36 "POST /collect HTTP/1.1" 200 -
06:12:36 "POST /collect HTTP/1.1" 200 -
06:12:37 "GET /roster HTTP/1.1" 200 -
06:12:37 "POST /collect HTTP/1.1" 200 -
06:12:37 "POST /collect HTTP/1.1" 200 -
06:12:38 "GET /roster HTTP/1.1" 200 -
06:12:38 "POST /collect HTTP/1.1" 200 -
06:12:38 "POST /collect HTTP/1.1" 200 -
06:12:39 "GET /roster HTTP/1.1" 200 -
06:12:39 "POST /collect HTTP/1.1" 200 -
06:12:39 "POST /collect HTTP/1.1" 200 -
06:12:40 "GET /roster HTTP/1.1" 200 -
06:12:40 "POST /collect HTTP/1.1" 200 -
06:12:40 "POST /collect HTTP/1.1" 200 -
06:12:41 "GET /roster HTTP/1.1" 200 -
06:12:41 "POST /collect HTTP/1.1" 200 -
06:12:41 "POST /collect HTTP/1.1" 200 -
06:12:42 "GET /roster HTTP/1.1" 200 -
06:12:42 "POST /collect HTTP/1.1" 200 -
06:12:42 "POST /collect HTTP/1.1" 200 -
06:12:43 "GET /roster HTTP/1.1" 200 -
06:12:43 "POST /collect HTTP/1.1" 200 -
06:12:43 "POST /collect HTTP/1.1" 200 -
06:12:44 "GET /roster HTTP/1.1" 200 -
06:12:44 "POST /collect HTTP/1.1" 200 -
06:12:44 "POST /collect HTTP/1.1" 200 -
06:12:45 "GET /roster HTTP/1.1" 200 -
06:12:45 "POST /collect HTTP/1.1" 200 -
06:12:45 "POST /collect HTTP/1.1" 200 -
06:12:46 "GET /roster HTTP/1.1" 200 -
06:12:46 "POST /collect HTTP/1.1" 200 -
06:12:46 "POST /collect HTTP/1.1" 200 -
06:12:47 "GET /roster HTTP/1.1" 200 -
06:12:47 "POST /collect HTTP/1.1" 200 -
06:12:47 "POST /collect HTTP/1.1" 200 -
06:12:48 "GET /roster HTTP/1.1" 200 -
06:12:48 "POST /collect HTTP/1.1" 200 -
06:12:48 "POST /collect HTTP/1.1" 200 -
06:12:49 "GET /roster HTTP/1.1" 200 -
06:12:49 "POST /collect HTTP/1.1" 200 -
06:12:49 "POST /collect HTTP/1.1" 200 -
06:12:50 "GET /roster HTTP/1.1" 200 -
06:12:50 "POST /collect HTTP/1.1" 200 -
06:12:50 "POST /collect HTTP/1.1" 200 -
06:12:51 "GET /roster HTTP/1.1" 200 -
06:12:51 "POST /collect HTTP/1.1" 200 -
06:12:51 "POST /collect HTTP/1.1" 200 -
06:12:52 "GET /roster HTTP/1.1" 200 -
06:12:52 "POST /collect HTTP/1.1" 200 -
06:12:52 "POST /collect HTTP/1.1" 200 -
06:12:53 "GET /roster HTTP/1.1" 200 -
06:12:53 "POST /collect HTTP/1.1" 200 -
06:12:53 "POST /collect HTTP/1.1" 200 -
06:12:54 "GET /roster HTTP/1.1" 200 -
06:12:54 "POST /collect HTTP/1.1" 200 -
06:12:54 "POST /collect HTTP/1.1" 200 -
06:12:55 "GET /roster HTTP/1.1" 200 -
06:12:55 "POST /collect HTTP/1.1" 200 -
06:12:55 "POST /collect HTTP/1.1" 200 -
06:12:56 "GET /roster HTTP/1.1" 200 -
06:12:56 "POST /collect HTTP/1.1" 200 -
06:12:56 "POST /collect HTTP/1.1" 200 -
06:12:57 "GET /roster HTTP/1.1" 200 -
06:12:57 "POST /collect HTTP/1.1" 200 -
06:12:57 "POST /collect HTTP/1.1" 200 -
06:12:58 "GET /roster HTTP/1.1" 200 -
06:12:58 "POST /collect HTTP/1.1" 200 -
06:12:58 "POST /collect HTTP/1.1" 200 -
06:12:59 "GET /roster HTTP/1.1" 200 -
06:12:59 "POST /collect HTTP/1.1" 200 -
06:12:59 "POST /collect HTTP/1.1" 200 -
06:13:00 "GET /roster HTTP/1.1" 200 -
06:13:00 "POST /collect HTTP/1.1" 200 -
06:13:00 "POST /collect HTTP/1.1" 200 -
06:13:01 "GET /roster HTTP/1.1" 200 -
06:13:01 "POST /collect HTTP/1.1" 200 -
06:13:01 "POST /collect HTTP/1.1" 200 -
06:13:02 "GET /roster HTTP/1.1" 200 -
06:13:02 "POST /collect HTTP/1.1" 200 -
06:13:02 "POST /collect HTTP/1.1" 200 -
06:13:03 "GET /roster HTTP/1.1" 200 -
06:13:03 "POST /collect HTTP/1.1" 200 -
06:13:03 "POST /collect HTTP/1.1" 200 -
06:13:04 "GET /roster HTTP/1.1" 200 -
06:13:04 "POST /collect HTTP/1.1" 200 -
06:13:04 "POST /collect HTTP/1.1" 200 -
06:13:05 "GET /roster HTTP/1.1" 200 -
06:13:05 "POST /collect HTTP/1.1" 200 -
06:13:05 "POST /collect HTTP/1.1" 200 -
06:13:06 "GET /roster HTTP/1.1" 200 -
06:13:06 "POST /collect HTTP/1.1" 200 -
06:13:06 "POST /collect HTTP/1.1" 200 -
06:13:07 "GET /roster HTTP/1.1" 200 -
06:13:07 "POST /collect HTTP/1.1" 200 -
06:13:07 "POST /collect HTTP/1.1" 200 -
06:13:08 "GET /roster HTTP/1.1" 200 -
06:13:08 "POST /collect HTTP/1.1" 200 -
06:13:08 "POST /collect HTTP/1.1" 200 -
06:13:09 "GET /roster HTTP/1.1" 200 -
06:13:09 "POST /collect HTTP/1.1" 200 -
06:13:09 "POST /collect HTTP/1.1" 200 -
06:13:10 "GET /roster HTTP/1.1" 200 -
06:13:10 "POST /collect HTTP/1.1" 200 -
06:13:10 "POST /collect HTTP/1.1" 200 -
06:13:11 "GET /roster HTTP/1.1" 200 -
06:13:11 "POST /collect HTTP/1.1" 200 -
06:13:11 "POST /collect HTTP/1.1" 200 -
06:13:12 "GET /roster HTTP/1.1" 200 -
06:13:12 "POST /collect HTTP/1.1" 200 -
06:13:12 "POST /collect HTTP/1.1" 200 -
06:13:13 "GET /roster HTTP/1.1" 200 -
06:13:13 "POST /collect HTTP/1.1" 200 -
06:13:13 "POST /collect HTTP/1.1" 200 -
06:13:14 "GET /roster HTTP/1.1" 200 -
06:13:14 "POST /collect HTTP/1.1" 200 -
06:13:14 "POST /collect HTTP/1.1" 200 -
06:13:15 "GET /roster HTTP/1.1" 200 -
06:13:15 "POST /collect HTTP/1.1" 200 -
06:13:15 "POST /collect HTTP/1.1" 200 -
06:13:16 "GET /roster HTTP/1.1" 200 -
06:13:16 "POST /collect HTTP/1.1" 200 -
06:13:16 "POST /collect HTTP/1.1" 200 -
06:13:17 "GET /roster HTTP/1.1" 200 -
06:13:17 "POST /collect HTTP/1.1" 200 -
06:13:17 "POST /collect HTTP/1.1" 200 -
06:13:18 "GET /roster HTTP/1.1" 200 -
06:13:18 "POST /collect HTTP/1.1" 200 -
06:13:18 "POST /collect HTTP/1.1" 200 -
06:13:19 "GET /roster HTTP/1.1" 200 -
06:13:19 "POST /collect HTTP/1.1" 200 -
06:13:19 "POST /collect HTTP/1.1" 200 -
06:13:20 "GET /roster HTTP/1.1" 200 -
06:13:20 "POST /collect HTTP/1.1" 200 -
06:13:20 "POST /collect HTTP/1.1" 200 -
06:13:21 "GET /roster HTTP/1.1" 200 -
06:13:21 "POST /collect HTTP/1.1" 200 -
06:13:21 "POST /collect HTTP/1.1" 200 -
06:13:22 "GET /roster HTTP/1.1" 200 -
06:13:22 "POST /collect HTTP/1.1" 200 -
06:13:22 "POST /collect HTTP/1.1" 200 -
06:13:23 "GET /roster HTTP/1.1" 200 -
06:13:23 "POST /collect HTTP/1.1" 200 -
06:13:23 "POST /collect HTTP/1.1" 200 -
06:13:24 "GET /roster HTTP/1.1" 200 -
06:13:24 "POST /collect HTTP/1.1" 200 -
06:13:24 "POST /collect HTTP/1.1" 200 -
06:13:25 "GET /roster HTTP/1.1" 200 -
06:13:25 "POST /collect HTTP/1.1" 200 -
06:13:25 "POST /collect HTTP/1.1" 200 -
06:13:26 "GET /roster HTTP/1.1" 200 -
06:13:26 "POST /collect HTTP/1.1" 200 -
06:13:26 "POST /collect HTTP/1.1" 200 -
06:13:27 "GET /roster HTTP/1.1" 200 -
06:13:27 "POST /collect HTTP/1.1" 200 -
06:13:27 "POST /collect HTTP/1.1" 200 -
06:13:27 "POST /collect HTTP/1.1" 200 -
06:13:28 "GET /roster HTTP/1.1" 200 -
06:13:28 "POST /collect HTTP/1.1" 200 -
06:13:28 "POST /collect HTTP/1.1" 200 -
06:13:29 "GET /roster HTTP/1.1" 200 -
06:13:29 "POST /collect HTTP/1.1" 200 -
06:13:29 "POST /collect HTTP/1.1" 200 -
06:13:30 "GET /roster HTTP/1.1" 200 -
06:13:30 "POST /collect HTTP/1.1" 200 -
06:13:30 "POST /collect HTTP/1.1" 200 -
06:13:31 "GET /roster HTTP/1.1" 200 -
06:13:31 "POST /collect HTTP/1.1" 200 -
06:13:31 "POST /collect HTTP/1.1" 200 -
06:13:32 "GET /roster HTTP/1.1" 200 -
06:13:32 "POST /collect HTTP/1.1" 200 -
06:13:32 "POST /collect HTTP/1.1" 200 -
06:13:33 "GET /roster HTTP/1.1" 200 -
06:13:33 "POST /collect HTTP/1.1" 200 -
06:13:33 "POST /collect HTTP/1.1" 200 -
06:13:34 "GET /roster HTTP/1.1" 200 -
06:13:34 "POST /collect HTTP/1.1" 200 -
06:13:34 "POST /collect HTTP/1.1" 200 -
06:13:35 "GET /roster HTTP/1.1" 200 -
06:13:35 "POST /collect HTTP/1.1" 200 -
06:13:35 "POST /collect HTTP/1.1" 200 -
06:13:36 "GET /roster HTTP/1.1" 200 -
06:13:36 "POST /collect HTTP/1.1" 200 -
06:13:36 "POST /collect HTTP/1.1" 200 -
06:13:37 "GET /roster HTTP/1.1" 200 -
06:13:37 "POST /collect HTTP/1.1" 200 -
06:13:37 "POST /collect HTTP/1.1" 200 -
06:13:38 "GET /roster HTTP/1.1" 200 -
06:13:38 "POST /collect HTTP/1.1" 200 -
06:13:38 "POST /collect HTTP/1.1" 200 -
06:13:39 "GET /roster HTTP/1.1" 200 -
06:13:39 "POST /collect HTTP/1.1" 200 -
06:13:39 "POST /collect HTTP/1.1" 200 -
06:13:40 "GET /roster HTTP/1.1" 200 -
06:13:40 "POST /collect HTTP/1.1" 200 -
06:13:40 "POST /collect HTTP/1.1" 200 -
06:13:41 "GET /roster HTTP/1.1" 200 -
06:13:41 "POST /collect HTTP/1.1" 200 -
06:13:41 "POST /collect HTTP/1.1" 200 -
06:13:42 "GET /roster HTTP/1.1" 200 -
06:13:42 "POST /collect HTTP/1.1" 200 -
06:13:42 "POST /collect HTTP/1.1" 200 -
06:13:43 "GET /roster HTTP/1.1" 200 -
06:13:43 "POST /collect HTTP/1.1" 200 -
06:13:43 "POST /collect HTTP/1.1" 200 -
06:13:44 "GET /roster HTTP/1.1" 200 -
06:13:44 "POST /collect HTTP/1.1" 200 -
06:13:44 "POST /collect HTTP/1.1" 200 -
06:13:45 "GET /roster HTTP/1.1" 200 -
06:13:45 "POST /collect HTTP/1.1" 200 -
06:13:45 "POST /collect HTTP/1.1" 200 -
06:13:46 "GET /roster HTTP/1.1" 200 -
06:13:46 "POST /collect HTTP/1.1" 200 -
06:13:46 "POST /collect HTTP/1.1" 200 -
06:13:47 "GET /roster HTTP/1.1" 200 -
06:13:47 "POST /collect HTTP/1.1" 200 -
06:13:47 "POST /collect HTTP/1.1" 200 -
06:13:48 "GET /roster HTTP/1.1" 200 -
06:13:48 "POST /collect HTTP/1.1" 200 -
06:13:48 "POST /collect HTTP/1.1" 200 -
06:13:49 "GET /roster HTTP/1.1" 200 -
06:13:49 "POST /collect HTTP/1.1" 200 -
06:13:49 "POST /collect HTTP/1.1" 200 -
06:13:50 "GET /roster HTTP/1.1" 200 -
06:13:50 "POST /collect HTTP/1.1" 200 -
06:13:50 "POST /collect HTTP/1.1" 200 -
06:13:51 "GET /roster HTTP/1.1" 200 -
06:13:51 "POST /collect HTTP/1.1" 200 -
06:13:51 "POST /collect HTTP/1.1" 200 -
06:13:52 "GET /roster HTTP/1.1" 200 -
06:13:52 "POST /collect HTTP/1.1" 200 -
06:13:52 "POST /collect HTTP/1.1" 200 -
06:13:53 "GET /roster HTTP/1.1" 200 -
06:13:53 "POST /collect HTTP/1.1" 200 -
06:13:53 "POST /collect HTTP/1.1" 200 -
06:13:54 "GET /roster HTTP/1.1" 200 -
06:13:54 "POST /collect HTTP/1.1" 200 -
06:13:54 "POST /collect HTTP/1.1" 200 -
06:13:55 "GET /roster HTTP/1.1" 200 -
06:13:55 "POST /collect HTTP/1.1" 200 -
06:13:55 "POST /collect HTTP/1.1" 200 -
06:13:56 "GET /roster HTTP/1.1" 200 -
06:13:56 "POST /collect HTTP/1.1" 200 -
06:13:56 "POST /collect HTTP/1.1" 200 -
06:13:57 "GET /roster HTTP/1.1" 200 -
06:13:57 "POST /collect HTTP/1.1" 200 -
06:13:57 "POST /collect HTTP/1.1" 200 -
06:13:58 "GET /roster HTTP/1.1" 200 -
06:13:58 "POST /collect HTTP/1.1" 200 -
06:13:58 "POST /collect HTTP/1.1" 200 -
06:13:59 "GET /roster HTTP/1.1" 200 -
06:13:59 "POST /collect HTTP/1.1" 200 -
06:13:59 "POST /collect HTTP/1.1" 200 -
06:14:00 "GET /roster HTTP/1.1" 200 -
06:14:00 "POST /collect HTTP/1.1" 200 -
06:14:00 "POST /collect HTTP/1.1" 200 -
06:14:01 "GET /roster HTTP/1.1" 200 -
06:14:01 "POST /collect HTTP/1.1" 200 -
06:14:01 "POST /collect HTTP/1.1" 200 -
06:14:02 "GET /roster HTTP/1.1" 200 -
06:14:02 "POST /collect HTTP/1.1" 200 -
06:14:02 "POST /collect HTTP/1.1" 200 -
06:14:03 "GET /roster HTTP/1.1" 200 -
06:14:03 "POST /collect HTTP/1.1" 200 -
06:14:03 "POST /collect HTTP/1.1" 200 -
06:14:04 "GET /roster HTTP/1.1" 200 -
06:14:04 "POST /collect HTTP/1.1" 200 -
06:14:04 "POST /collect HTTP/1.1" 200 -
06:14:05 "GET /roster HTTP/1.1" 200 -
06:14:05 "POST /collect HTTP/1.1" 200 -
06:14:05 "POST /collect HTTP/1.1" 200 -
06:14:06 "GET /roster HTTP/1.1" 200 -
06:14:06 "POST /collect HTTP/1.1" 200 -
06:14:06 "POST /collect HTTP/1.1" 200 -
06:14:07 "GET /roster HTTP/1.1" 200 -
06:14:07 "POST /collect HTTP/1.1" 200 -
06:14:07 "POST /collect HTTP/1.1" 200 -
06:14:08 "GET /roster HTTP/1.1" 200 -
06:14:08 "POST /collect HTTP/1.1" 200 -
06:14:08 "POST /collect HTTP/1.1" 200 -
06:14:09 "GET /roster HTTP/1.1" 200 -
06:14:09 "POST /collect HTTP/1.1" 200 -
06:14:09 "POST /collect HTTP/1.1" 200 -
06:14:10 "GET /roster HTTP/1.1" 200 -
06:14:10 "POST /collect HTTP/1.1" 200 -
06:14:10 "POST /collect HTTP/1.1" 200 -
06:14:11 "GET /roster HTTP/1.1" 200 -
06:14:11 "POST /collect HTTP/1.1" 200 -
06:14:11 "POST /collect HTTP/1.1" 200 -
06:14:12 "GET /roster HTTP/1.1" 200 -
06:14:12 "POST /collect HTTP/1.1" 200 -
06:14:12 "POST /collect HTTP/1.1" 200 -
06:14:13 "GET /roster HTTP/1.1" 200 -
06:14:13 "POST /collect HTTP/1.1" 200 -
06:14:13 "POST /collect HTTP/1.1" 200 -
06:14:14 "GET /roster HTTP/1.1" 200 -
06:14:14 "POST /collect HTTP/1.1" 200 -
06:14:14 "POST /collect HTTP/1.1" 200 -
06:14:15 "GET /roster HTTP/1.1" 200 -
06:14:15 "POST /collect HTTP/1.1" 200 -
06:14:15 "POST /collect HTTP/1.1" 200 -
06:14:16 "GET /roster HTTP/1.1" 200 -
06:14:16 "POST /collect HTTP/1.1" 200 -
06:14:16 "POST /collect HTTP/1.1" 200 -
06:14:17 "GET /roster HTTP/1.1" 200 -
06:14:17 "POST /collect HTTP/1.1" 200 -
06:14:17 "POST /collect HTTP/1.1" 200 -
06:14:18 "GET /roster HTTP/1.1" 200 -
06:14:18 "POST /collect HTTP/1.1" 200 -
06:14:18 "POST /collect HTTP/1.1" 200 -
06:14:19 "GET /roster HTTP/1.1" 200 -
06:14:19 "POST /collect HTTP/1.1" 200 -
06:14:19 "POST /collect HTTP/1.1" 200 -
06:14:20 "GET /roster HTTP/1.1" 200 -
06:14:20 "POST /collect HTTP/1.1" 200 -
06:14:20 "POST /collect HTTP/1.1" 200 -
06:14:21 "GET /roster HTTP/1.1" 200 -
06:14:21 "POST /collect HTTP/1.1" 200 -
06:14:21 "POST /collect HTTP/1.1" 200 -
06:14:22 "GET /roster HTTP/1.1" 200 -
06:14:22 "POST /collect HTTP/1.1" 200 -
06:14:22 "POST /collect HTTP/1.1" 200 -
06:14:23 "GET /roster HTTP/1.1" 200 -
06:14:23 "POST /collect HTTP/1.1" 200 -
06:14:23 "POST /collect HTTP/1.1" 200 -
06:14:24 "GET /roster HTTP/1.1" 200 -
06:14:24 "POST /collect HTTP/1.1" 200 -
06:14:24 "POST /collect HTTP/1.1" 200 -
06:14:25 "GET /roster HTTP/1.1" 200 -
06:14:25 "POST /collect HTTP/1.1" 200 -
06:14:25 "POST /collect HTTP/1.1" 200 -
06:14:26 "GET /roster HTTP/1.1" 200 -
06:14:26 "POST /collect HTTP/1.1" 200 -
06:14:26 "POST /collect HTTP/1.1" 200 -
06:14:27 "GET /roster HTTP/1.1" 200 -
06:14:27 "POST /collect HTTP/1.1" 200 -
06:14:27 "POST /collect HTTP/1.1" 200 -
06:14:27 "POST /collect HTTP/1.1" 200 -
06:14:28 "GET /roster HTTP/1.1" 200 -
06:14:28 "POST /collect HTTP/1.1" 200 -
06:14:28 "POST /collect HTTP/1.1" 200 -
06:14:29 "GET /roster HTTP/1.1" 200 -
06:14:29 "POST /collect HTTP/1.1" 200 -
06:14:29 "POST /collect HTTP/1.1" 200 -
06:14:30 "GET /roster HTTP/1.1" 200 -
06:14:30 "POST /collect HTTP/1.1" 200 -
06:14:30 "POST /collect HTTP/1.1" 200 -
06:14:31 "GET /roster HTTP/1.1" 200 -
06:14:31 "POST /collect HTTP/1.1" 200 -
06:14:31 "POST /collect HTTP/1.1" 200 -
06:14:32 "GET /roster HTTP/1.1" 200 -
06:14:32 "POST /collect HTTP/1.1" 200 -
06:14:32 "POST /collect HTTP/1.1" 200 -
06:14:33 "GET /roster HTTP/1.1" 200 -
06:14:33 "POST /collect HTTP/1.1" 200 -
06:14:33 "POST /collect HTTP/1.1" 200 -
06:14:34 "GET /roster HTTP/1.1" 200 -
06:14:34 "POST /collect HTTP/1.1" 200 -
06:14:34 "POST /collect HTTP/1.1" 200 -
06:14:35 "GET /roster HTTP/1.1" 200 -
06:14:35 "POST /collect HTTP/1.1" 200 -
06:14:35 "POST /collect HTTP/1.1" 200 -
06:14:36 "GET /roster HTTP/1.1" 200 -
06:14:36 "POST /collect HTTP/1.1" 200 -
06:14:36 "POST /collect HTTP/1.1" 200 -
06:14:37 "GET /roster HTTP/1.1" 200 -
06:14:37 "POST /collect HTTP/1.1" 200 -
06:14:37 "POST /collect HTTP/1.1" 200 -
06:14:38 "GET /roster HTTP/1.1" 200 -
06:14:38 "POST /collect HTTP/1.1" 200 -
06:14:38 "POST /collect HTTP/1.1" 200 -
06:14:39 "GET /roster HTTP/1.1" 200 -
06:14:39 "POST /collect HTTP/1.1" 200 -
06:14:39 "POST /collect HTTP/1.1" 200 -
06:14:40 "GET /roster HTTP/1.1" 200 -
06:14:40 "POST /collect HTTP/1.1" 200 -
06:14:40 "POST /collect HTTP/1.1" 200 -
06:14:41 "GET /roster HTTP/1.1" 200 -
06:14:41 "POST /collect HTTP/1.1" 200 -
06:14:41 "POST /collect HTTP/1.1" 200 -
06:14:42 "GET /roster HTTP/1.1" 200 -
06:14:42 "POST /collect HTTP/1.1" 200 -
06:14:42 "POST /collect HTTP/1.1" 200 -
06:14:43 "GET /roster HTTP/1.1" 200 -
06:14:43 "POST /collect HTTP/1.1" 200 -
06:14:43 "POST /collect HTTP/1.1" 200 -
06:14:44 "GET /roster HTTP/1.1" 200 -
06:14:44 "POST /collect HTTP/1.1" 200 -
06:14:44 "POST /collect HTTP/1.1" 200 -
06:14:45 "GET /roster HTTP/1.1" 200 -
06:14:45 "POST /collect HTTP/1.1" 200 -
06:14:45 "POST /collect HTTP/1.1" 200 -
06:14:46 "GET /roster HTTP/1.1" 200 -
06:14:46 "POST /collect HTTP/1.1" 200 -
06:14:46 "POST /collect HTTP/1.1" 200 -
06:14:47 "GET /roster HTTP/1.1" 200 -
06:14:47 "POST /collect HTTP/1.1" 200 -
06:14:47 "POST /collect HTTP/1.1" 200 -
06:14:48 "GET /roster HTTP/1.1" 200 -
06:14:48 "POST /collect HTTP/1.1" 200 -
06:14:48 "POST /collect HTTP/1.1" 200 -
06:14:49 "GET /roster HTTP/1.1" 200 -
06:14:49 "POST /collect HTTP/1.1" 200 -
06:14:49 "POST /collect HTTP/1.1" 200 -
06:14:50 "GET /roster HTTP/1.1" 200 -
06:14:50 "POST /collect HTTP/1.1" 200 -
06:14:50 "POST /collect HTTP/1.1" 200 -
06:14:51 "GET /roster HTTP/1.1" 200 -
06:14:51 "POST /collect HTTP/1.1" 200 -
06:14:51 "POST /collect HTTP/1.1" 200 -
06:14:52 "GET /roster HTTP/1.1" 200 -
06:14:52 "POST /collect HTTP/1.1" 200 -
06:14:52 "POST /collect HTTP/1.1" 200 -
06:14:53 "GET /roster HTTP/1.1" 200 -
06:14:53 "POST /collect HTTP/1.1" 200 -
06:14:53 "POST /collect HTTP/1.1" 200 -
06:14:54 "GET /roster HTTP/1.1" 200 -
06:14:54 "POST /collect HTTP/1.1" 200 -
06:14:54 "POST /collect HTTP/1.1" 200 -
06:14:55 "GET /roster HTTP/1.1" 200 -
06:14:55 "POST /collect HTTP/1.1" 200 -
06:14:55 "POST /collect HTTP/1.1" 200 -
06:14:56 "GET /roster HTTP/1.1" 200 -
06:14:56 "POST /collect HTTP/1.1" 200 -
06:14:56 "POST /collect HTTP/1.1" 200 -
06:14:57 "GET /roster HTTP/1.1" 200 -
06:14:57 "POST /collect HTTP/1.1" 200 -
06:14:57 "POST /collect HTTP/1.1" 200 -
06:14:58 "GET /roster HTTP/1.1" 200 -
06:14:58 "POST /collect HTTP/1.1" 200 -
06:14:58 "POST /collect HTTP/1.1" 200 -
06:14:59 "GET /roster HTTP/1.1" 200 -
06:14:59 "POST /collect HTTP/1.1" 200 -
06:14:59 "POST /collect HTTP/1.1" 200 -
06:15:00 "GET /roster HTTP/1.1" 200 -
06:15:00 "POST /collect HTTP/1.1" 200 -
06:15:00 "POST /collect HTTP/1.1" 200 -
06:15:01 "GET /roster HTTP/1.1" 200 -
06:15:01 "POST /collect HTTP/1.1" 200 -
06:15:01 "POST /collect HTTP/1.1" 200 -
06:15:02 "GET /roster HTTP/1.1" 200 -
06:15:02 "POST /collect HTTP/1.1" 200 -
06:15:02 "POST /collect HTTP/1.1" 200 -
06:15:03 "GET /roster HTTP/1.1" 200 -
06:15:03 "POST /collect HTTP/1.1" 200 -
06:15:03 "POST /collect HTTP/1.1" 200 -
06:15:04 "GET /roster HTTP/1.1" 200 -
06:15:04 "POST /collect HTTP/1.1" 200 -
06:15:04 "POST /collect HTTP/1.1" 200 -
06:15:05 "GET /roster HTTP/1.1" 200 -
06:15:05 "POST /collect HTTP/1.1" 200 -
06:15:05 "POST /collect HTTP/1.1" 200 -
06:15:06 "GET /roster HTTP/1.1" 200 -
06:15:06 "POST /collect HTTP/1.1" 200 -
06:15:06 "POST /collect HTTP/1.1" 200 -
06:15:07 "GET /roster HTTP/1.1" 200 -
06:15:07 "POST /collect HTTP/1.1" 200 -
06:15:07 "POST /collect HTTP/1.1" 200 -
06:15:08 "GET /roster HTTP/1.1" 200 -
06:15:08 "POST /collect HTTP/1.1" 200 -
06:15:08 "POST /collect HTTP/1.1" 200 -
06:15:09 "GET /roster HTTP/1.1" 200 -
06:15:09 "POST /collect HTTP/1.1" 200 -
06:15:09 "POST /collect HTTP/1.1" 200 -
06:15:10 "GET /roster HTTP/1.1" 200 -
06:15:10 "POST /collect HTTP/1.1" 200 -
06:15:10 "POST /collect HTTP/1.1" 200 -
06:15:11 "GET /roster HTTP/1.1" 200 -
06:15:11 "POST /collect HTTP/1.1" 200 -
06:15:11 "POST /collect HTTP/1.1" 200 -
06:15:12 "GET /roster HTTP/1.1" 200 -
06:15:12 "POST /collect HTTP/1.1" 200 -
06:15:12 "POST /collect HTTP/1.1" 200 -
06:15:13 "GET /roster HTTP/1.1" 200 -
06:15:13 "POST /collect HTTP/1.1" 200 -
06:15:13 "POST /collect HTTP/1.1" 200 -
06:15:14 "GET /roster HTTP/1.1" 200 -
06:15:14 "POST /collect HTTP/1.1" 200 -
06:15:14 "POST /collect HTTP/1.1" 200 -
06:15:15 "GET /roster HTTP/1.1" 200 -
06:15:15 "POST /collect HTTP/1.1" 200 -
06:15:15 "POST /collect HTTP/1.1" 200 -
06:15:16 "GET /roster HTTP/1.1" 200 -
06:15:16 "POST /collect HTTP/1.1" 200 -
06:15:16 "POST /collect HTTP/1.1" 200 -
06:15:17 "GET /roster HTTP/1.1" 200 -
06:15:17 "POST /collect HTTP/1.1" 200 -
06:15:17 "POST /collect HTTP/1.1" 200 -
06:15:18 "GET /roster HTTP/1.1" 200 -
06:15:18 "POST /collect HTTP/1.1" 200 -
06:15:18 "POST /collect HTTP/1.1" 200 -
06:15:19 "GET /roster HTTP/1.1" 200 -
06:15:19 "POST /collect HTTP/1.1" 200 -
06:15:19 "POST /collect HTTP/1.1" 200 -
06:15:20 "GET /roster HTTP/1.1" 200 -
06:15:20 "POST /collect HTTP/1.1" 200 -
06:15:20 "POST /collect HTTP/1.1" 200 -
06:15:21 "GET /roster HTTP/1.1" 200 -
06:15:21 "POST /collect HTTP/1.1" 200 -
06:15:21 "POST /collect HTTP/1.1" 200 -
06:15:22 "GET /roster HTTP/1.1" 200 -
06:15:22 "POST /collect HTTP/1.1" 200 -
06:15:22 "POST /collect HTTP/1.1" 200 -
06:15:23 "GET /roster HTTP/1.1" 200 -
06:15:23 "POST /collect HTTP/1.1" 200 -
06:15:23 "POST /collect HTTP/1.1" 200 -
06:15:24 "GET /roster HTTP/1.1" 200 -
06:15:24 "POST /collect HTTP/1.1" 200 -
06:15:24 "POST /collect HTTP/1.1" 200 -
06:15:25 "GET /roster HTTP/1.1" 200 -
06:15:25 "POST /collect HTTP/1.1" 200 -
06:15:25 "POST /collect HTTP/1.1" 200 -
06:15:26 "GET /roster HTTP/1.1" 200 -
06:15:26 "POST /collect HTTP/1.1" 200 -
06:15:26 "POST /collect HTTP/1.1" 200 -
06:15:27 "GET /roster HTTP/1.1" 200 -
06:15:27 "POST /collect HTTP/1.1" 200 -
06:15:27 "POST /collect HTTP/1.1" 200 -
06:15:27 "GET /roster HTTP/1.1" 200 -
06:15:27 CF GET /sessions/2f9e9c4b6bfc13798a756702022ffdd58707c5810dcc4a98d49a1be3afea281c -> 200 (171 ms)
06:15:27 "GET /cf/sessions/2f9e9c4b6bfc13798a756702022ffdd58707c5810dcc4a98d49a1be3afea281c HTTP/1.1" 200 -
06:15:27 "POST /collect HTTP/1.1" 200 -
06:15:27 "GET /roster HTTP/1.1" 200 -
06:15:27 "POST /collect HTTP/1.1" 200 -
06:15:27 CF GET /sessions/ffdcd1faec24aecb094b39b36dc328ad203307f30d12dca16cbf92933099fab9 -> 200 (136 ms)
06:15:27 "GET /cf/sessions/ffdcd1faec24aecb094b39b36dc328ad203307f30d12dca16cbf92933099fab9 HTTP/1.1" 200 -
06:15:27 "POST /collect HTTP/1.1" 200 -
06:15:28 "GET /roster HTTP/1.1" 200 -
06:15:28 "POST /collect HTTP/1.1" 200 -
06:15:28 "POST /collect HTTP/1.1" 200 -
06:15:29 "GET /roster HTTP/1.1" 200 -
06:15:29 "POST /collect HTTP/1.1" 200 -
06:15:29 "POST /collect HTTP/1.1" 200 -
06:15:30 "GET /roster HTTP/1.1" 200 -
06:15:30 "POST /collect HTTP/1.1" 200 -
06:15:30 "POST /collect HTTP/1.1" 200 -
06:15:31 "GET /roster HTTP/1.1" 200 -
06:15:31 "POST /collect HTTP/1.1" 200 -
06:15:31 "POST /collect HTTP/1.1" 200 -
06:15:32 "GET /roster HTTP/1.1" 200 -
06:15:32 "POST /collect HTTP/1.1" 200 -
06:15:32 "POST /collect HTTP/1.1" 200 -
06:15:33 "GET /roster HTTP/1.1" 200 -
06:15:33 "POST /collect HTTP/1.1" 200 -
06:15:33 "POST /collect HTTP/1.1" 200 -
06:15:34 "GET /roster HTTP/1.1" 200 -
06:15:34 "POST /collect HTTP/1.1" 200 -
06:15:34 "POST /collect HTTP/1.1" 200 -
06:15:35 "GET /roster HTTP/1.1" 200 -
06:15:35 "POST /collect HTTP/1.1" 200 -
06:15:35 "POST /collect HTTP/1.1" 200 -
06:15:36 "GET /roster HTTP/1.1" 200 -
06:15:36 "POST /collect HTTP/1.1" 200 -
06:15:36 "POST /collect HTTP/1.1" 200 -
06:15:37 "GET /roster HTTP/1.1" 200 -
06:15:37 "POST /collect HTTP/1.1" 200 -
06:15:37 "POST /collect HTTP/1.1" 200 -
06:15:38 "GET /roster HTTP/1.1" 200 -
06:15:38 "POST /collect HTTP/1.1" 200 -
06:15:38 "POST /collect HTTP/1.1" 200 -
06:15:39 "GET /roster HTTP/1.1" 200 -
06:15:39 "POST /collect HTTP/1.1" 200 -
06:15:39 "POST /collect HTTP/1.1" 200 -
06:15:40 "GET /roster HTTP/1.1" 200 -
06:15:40 "POST /collect HTTP/1.1" 200 -
06:15:40 "POST /collect HTTP/1.1" 200 -
06:15:41 "GET /roster HTTP/1.1" 200 -
06:15:41 "POST /collect HTTP/1.1" 200 -
06:15:41 "POST /collect HTTP/1.1" 200 -
06:15:42 "GET /roster HTTP/1.1" 200 -
06:15:42 "POST /collect HTTP/1.1" 200 -
06:15:42 "POST /collect HTTP/1.1" 200 -
06:15:43 "GET /roster HTTP/1.1" 200 -
06:15:43 "POST /collect HTTP/1.1" 200 -
06:15:43 "POST /collect HTTP/1.1" 200 -
06:15:44 "GET /roster HTTP/1.1" 200 -
06:15:44 "POST /collect HTTP/1.1" 200 -
06:15:44 "POST /collect HTTP/1.1" 200 -
06:15:45 "GET /roster HTTP/1.1" 200 -
06:15:45 "POST /collect HTTP/1.1" 200 -
06:15:45 "POST /collect HTTP/1.1" 200 -
06:15:46 "GET /roster HTTP/1.1" 200 -
06:15:46 "POST /collect HTTP/1.1" 200 -
06:15:46 "POST /collect HTTP/1.1" 200 -
06:15:47 "GET /roster HTTP/1.1" 200 -
06:15:47 "POST /collect HTTP/1.1" 200 -
06:15:47 "POST /collect HTTP/1.1" 200 -
06:15:48 "GET /roster HTTP/1.1" 200 -
06:15:48 "POST /collect HTTP/1.1" 200 -
06:15:48 "POST /collect HTTP/1.1" 200 -
06:15:49 "GET /roster HTTP/1.1" 200 -
06:15:49 "POST /collect HTTP/1.1" 200 -
06:15:49 "POST /collect HTTP/1.1" 200 -
06:15:50 "GET /roster HTTP/1.1" 200 -
06:15:50 "POST /collect HTTP/1.1" 200 -
06:15:50 "POST /collect HTTP/1.1" 200 -
06:15:51 "GET /roster HTTP/1.1" 200 -
06:15:51 "POST /collect HTTP/1.1" 200 -
06:15:51 "POST /collect HTTP/1.1" 200 -
06:15:52 "GET /roster HTTP/1.1" 200 -
06:15:52 "POST /collect HTTP/1.1" 200 -
06:15:52 "POST /collect HTTP/1.1" 200 -
06:15:53 "GET /roster HTTP/1.1" 200 -
06:15:53 "POST /collect HTTP/1.1" 200 -
06:15:53 "POST /collect HTTP/1.1" 200 -
06:15:54 "GET /roster HTTP/1.1" 200 -
06:15:54 "POST /collect HTTP/1.1" 200 -
06:15:54 "POST /collect HTTP/1.1" 200 -
06:15:55 "GET /roster HTTP/1.1" 200 -
06:15:55 "POST /collect HTTP/1.1" 200 -
06:15:55 "POST /collect HTTP/1.1" 200 -
06:15:56 "GET /roster HTTP/1.1" 200 -
06:15:56 "POST /collect HTTP/1.1" 200 -
06:15:56 "POST /collect HTTP/1.1" 200 -
06:15:57 "GET /roster HTTP/1.1" 200 -
06:15:57 "POST /collect HTTP/1.1" 200 -
06:15:57 "POST /collect HTTP/1.1" 200 -
06:15:58 "GET /roster HTTP/1.1" 200 -
06:15:58 "POST /collect HTTP/1.1" 200 -
06:15:58 "POST /collect HTTP/1.1" 200 -
06:15:59 "GET /roster HTTP/1.1" 200 -
06:15:59 "POST /collect HTTP/1.1" 200 -
06:15:59 "POST /collect HTTP/1.1" 200 -
06:16:00 "GET /roster HTTP/1.1" 200 -
06:16:00 "POST /collect HTTP/1.1" 200 -
06:16:00 "POST /collect HTTP/1.1" 200 -
06:16:01 "GET /roster HTTP/1.1" 200 -
06:16:01 "POST /collect HTTP/1.1" 200 -
06:16:01 "POST /collect HTTP/1.1" 200 -
06:16:02 "GET /roster HTTP/1.1" 200 -
06:16:02 "POST /collect HTTP/1.1" 200 -
06:16:02 "POST /collect HTTP/1.1" 200 -
06:16:03 "GET /roster HTTP/1.1" 200 -
06:16:03 "POST /collect HTTP/1.1" 200 -
06:16:03 "POST /collect HTTP/1.1" 200 -
06:16:04 "GET /roster HTTP/1.1" 200 -
06:16:04 "POST /collect HTTP/1.1" 200 -
06:16:04 "POST /collect HTTP/1.1" 200 -
06:16:05 "GET /roster HTTP/1.1" 200 -
06:16:05 "POST /collect HTTP/1.1" 200 -
06:16:05 "POST /collect HTTP/1.1" 200 -
06:16:06 "GET /roster HTTP/1.1" 200 -
06:16:06 "POST /collect HTTP/1.1" 200 -
06:16:06 "POST /collect HTTP/1.1" 200 -
06:16:07 "GET /roster HTTP/1.1" 200 -
06:16:07 "POST /collect HTTP/1.1" 200 -
06:16:07 "POST /collect HTTP/1.1" 200 -
06:16:08 "GET /roster HTTP/1.1" 200 -
06:16:08 "POST /collect HTTP/1.1" 200 -
06:16:08 "POST /collect HTTP/1.1" 200 -
06:16:09 "GET /roster HTTP/1.1" 200 -
06:16:09 "POST /collect HTTP/1.1" 200 -
06:16:09 "POST /collect HTTP/1.1" 200 -
06:16:10 "GET /roster HTTP/1.1" 200 -
06:16:10 "POST /collect HTTP/1.1" 200 -
06:16:10 "POST /collect HTTP/1.1" 200 -
06:16:11 "GET /roster HTTP/1.1" 200 -
06:16:11 "POST /collect HTTP/1.1" 200 -
06:16:11 "POST /collect HTTP/1.1" 200 -
06:16:12 "GET /roster HTTP/1.1" 200 -
06:16:12 "POST /collect HTTP/1.1" 200 -
06:16:12 "POST /collect HTTP/1.1" 200 -
06:16:13 "GET /roster HTTP/1.1" 200 -
06:16:13 "POST /collect HTTP/1.1" 200 -
06:16:13 "POST /collect HTTP/1.1" 200 -
06:16:14 "GET /roster HTTP/1.1" 200 -
06:16:14 "POST /collect HTTP/1.1" 200 -
06:16:14 "POST /collect HTTP/1.1" 200 -
06:16:15 "GET /roster HTTP/1.1" 200 -
06:16:15 "POST /collect HTTP/1.1" 200 -
06:16:15 "POST /collect HTTP/1.1" 200 -
06:16:16 "GET /roster HTTP/1.1" 200 -
06:16:16 "POST /collect HTTP/1.1" 200 -
06:16:16 "POST /collect HTTP/1.1" 200 -
06:16:17 "GET /roster HTTP/1.1" 200 -
06:16:17 "POST /collect HTTP/1.1" 200 -
06:16:17 "POST /collect HTTP/1.1" 200 -
06:16:18 "GET /roster HTTP/1.1" 200 -
06:16:18 "POST /collect HTTP/1.1" 200 -
06:16:18 "POST /collect HTTP/1.1" 200 -
06:16:19 "GET /roster HTTP/1.1" 200 -
06:16:19 "POST /collect HTTP/1.1" 200 -
06:16:19 "POST /collect HTTP/1.1" 200 -
06:16:20 "GET /roster HTTP/1.1" 200 -
06:16:20 "POST /collect HTTP/1.1" 200 -
06:16:20 "POST /collect HTTP/1.1" 200 -
06:16:21 "GET /roster HTTP/1.1" 200 -
06:16:21 "POST /collect HTTP/1.1" 200 -
06:16:21 "POST /collect HTTP/1.1" 200 -
06:16:22 "GET /roster HTTP/1.1" 200 -
06:16:22 "POST /collect HTTP/1.1" 200 -
06:16:22 "POST /collect HTTP/1.1" 200 -
06:16:23 "GET /roster HTTP/1.1" 200 -
06:16:23 "POST /collect HTTP/1.1" 200 -
06:16:23 "POST /collect HTTP/1.1" 200 -
06:16:24 "GET /roster HTTP/1.1" 200 -
06:16:24 "POST /collect HTTP/1.1" 200 -
06:16:24 "POST /collect HTTP/1.1" 200 -
06:16:25 "GET /roster HTTP/1.1" 200 -
06:16:25 "POST /collect HTTP/1.1" 200 -
06:16:25 "POST /collect HTTP/1.1" 200 -
06:16:26 "GET /roster HTTP/1.1" 200 -
06:16:26 "POST /collect HTTP/1.1" 200 -
06:16:26 "POST /collect HTTP/1.1" 200 -
06:16:27 "GET /roster HTTP/1.1" 200 -
06:16:27 "POST /collect HTTP/1.1" 200 -
06:16:27 "POST /collect HTTP/1.1" 200 -
06:16:28 "POST /collect HTTP/1.1" 200 -
06:16:28 "GET /roster HTTP/1.1" 200 -
06:16:28 "POST /collect HTTP/1.1" 200 -
06:16:28 "POST /collect HTTP/1.1" 200 -
06:16:29 "GET /roster HTTP/1.1" 200 -
06:16:29 "POST /collect HTTP/1.1" 200 -
06:16:29 "POST /collect HTTP/1.1" 200 -
06:16:30 "GET /roster HTTP/1.1" 200 -
06:16:30 "POST /collect HTTP/1.1" 200 -
06:16:30 "POST /collect HTTP/1.1" 200 -
06:16:31 "GET /roster HTTP/1.1" 200 -
06:16:31 "POST /collect HTTP/1.1" 200 -
06:16:31 "POST /collect HTTP/1.1" 200 -
06:16:32 "GET /roster HTTP/1.1" 200 -
06:16:32 "POST /collect HTTP/1.1" 200 -
06:16:32 "POST /collect HTTP/1.1" 200 -
06:16:33 "GET /roster HTTP/1.1" 200 -
06:16:33 "POST /collect HTTP/1.1" 200 -
06:16:33 "POST /collect HTTP/1.1" 200 -
06:16:34 "GET /roster HTTP/1.1" 200 -
06:16:34 "POST /collect HTTP/1.1" 200 -
06:16:34 "POST /collect HTTP/1.1" 200 -
06:16:35 "GET /roster HTTP/1.1" 200 -
06:16:35 "POST /collect HTTP/1.1" 200 -
06:16:35 "POST /collect HTTP/1.1" 200 -
06:16:36 "GET /roster HTTP/1.1" 200 -
06:16:36 "POST /collect HTTP/1.1" 200 -
06:16:36 "POST /collect HTTP/1.1" 200 -
06:16:37 "GET /roster HTTP/1.1" 200 -
06:16:37 "POST /collect HTTP/1.1" 200 -
06:16:37 "POST /collect HTTP/1.1" 200 -
06:16:38 "GET /roster HTTP/1.1" 200 -
06:16:38 "POST /collect HTTP/1.1" 200 -
06:16:38 "POST /collect HTTP/1.1" 200 -
06:16:39 "GET /roster HTTP/1.1" 200 -
06:16:39 "POST /collect HTTP/1.1" 200 -
06:16:39 "POST /collect HTTP/1.1" 200 -
06:16:40 "GET /roster HTTP/1.1" 200 -
06:16:40 "POST /collect HTTP/1.1" 200 -
06:16:40 "POST /collect HTTP/1.1" 200 -
06:16:41 "GET /roster HTTP/1.1" 200 -
06:16:41 "POST /collect HTTP/1.1" 200 -
06:16:41 "POST /collect HTTP/1.1" 200 -
06:16:42 "GET /roster HTTP/1.1" 200 -
06:16:42 "POST /collect HTTP/1.1" 200 -
06:16:42 "POST /collect HTTP/1.1" 200 -
06:16:43 "GET /roster HTTP/1.1" 200 -
06:16:43 "POST /collect HTTP/1.1" 200 -
06:16:43 "POST /collect HTTP/1.1" 200 -
06:16:44 "GET /roster HTTP/1.1" 200 -
06:16:44 "POST /collect HTTP/1.1" 200 -
06:16:44 "POST /collect HTTP/1.1" 200 -
06:16:45 "GET /roster HTTP/1.1" 200 -
06:16:45 "POST /collect HTTP/1.1" 200 -
06:16:45 "POST /collect HTTP/1.1" 200 -
06:16:46 "GET /roster HTTP/1.1" 200 -
06:16:46 "POST /collect HTTP/1.1" 200 -
06:16:46 "POST /collect HTTP/1.1" 200 -
06:16:47 "GET /roster HTTP/1.1" 200 -
06:16:47 "POST /collect HTTP/1.1" 200 -
06:16:47 "POST /collect HTTP/1.1" 200 -
06:16:48 "GET /roster HTTP/1.1" 200 -
06:16:48 "POST /collect HTTP/1.1" 200 -
06:16:48 "POST /collect HTTP/1.1" 200 -
06:16:49 "GET /roster HTTP/1.1" 200 -
06:16:49 "POST /collect HTTP/1.1" 200 -
06:16:49 "POST /collect HTTP/1.1" 200 -
06:16:50 "GET /roster HTTP/1.1" 200 -
06:16:50 "POST /collect HTTP/1.1" 200 -
06:16:50 "POST /collect HTTP/1.1" 200 -
06:16:51 "GET /roster HTTP/1.1" 200 -
06:16:51 "POST /collect HTTP/1.1" 200 -
06:16:51 "POST /collect HTTP/1.1" 200 -
06:16:52 "GET /roster HTTP/1.1" 200 -
06:16:52 "POST /collect HTTP/1.1" 200 -
06:16:52 "POST /collect HTTP/1.1" 200 -
06:16:53 "GET /roster HTTP/1.1" 200 -
06:16:53 "POST /collect HTTP/1.1" 200 -
06:16:53 "POST /collect HTTP/1.1" 200 -
06:16:54 "GET /roster HTTP/1.1" 200 -
06:16:54 "POST /collect HTTP/1.1" 200 -
06:16:54 "POST /collect HTTP/1.1" 200 -
06:16:55 "GET /roster HTTP/1.1" 200 -
06:16:55 "POST /collect HTTP/1.1" 200 -
06:16:55 "POST /collect HTTP/1.1" 200 -
06:16:56 "GET /roster HTTP/1.1" 200 -
06:16:56 "POST /collect HTTP/1.1" 200 -
06:16:56 "POST /collect HTTP/1.1" 200 -
06:16:57 "GET /roster HTTP/1.1" 200 -
06:16:57 "POST /collect HTTP/1.1" 200 -
06:16:57 "POST /collect HTTP/1.1" 200 -
06:16:58 "GET /roster HTTP/1.1" 200 -
06:16:58 "POST /collect HTTP/1.1" 200 -
06:16:58 "POST /collect HTTP/1.1" 200 -
06:16:59 "GET /roster HTTP/1.1" 200 -
06:16:59 "POST /collect HTTP/1.1" 200 -
06:16:59 "POST /collect HTTP/1.1" 200 -
06:17:00 "GET /roster HTTP/1.1" 200 -
06:17:00 "POST /collect HTTP/1.1" 200 -
06:17:00 "POST /collect HTTP/1.1" 200 -
06:17:01 "GET /roster HTTP/1.1" 200 -
06:17:01 "POST /collect HTTP/1.1" 200 -
06:17:01 "POST /collect HTTP/1.1" 200 -
06:17:02 "GET /roster HTTP/1.1" 200 -
06:17:02 "POST /collect HTTP/1.1" 200 -
06:17:02 "POST /collect HTTP/1.1" 200 -
06:17:03 "GET /roster HTTP/1.1" 200 -
06:17:03 "POST /collect HTTP/1.1" 200 -
06:17:03 "POST /collect HTTP/1.1" 200 -
06:17:04 "GET /roster HTTP/1.1" 200 -
06:17:04 "POST /collect HTTP/1.1" 200 -
06:17:04 "POST /collect HTTP/1.1" 200 -
06:17:05 "GET /roster HTTP/1.1" 200 -
06:17:05 "POST /collect HTTP/1.1" 200 -
06:17:05 "POST /collect HTTP/1.1" 200 -
06:17:06 "GET /roster HTTP/1.1" 200 -
06:17:06 "POST /collect HTTP/1.1" 200 -
06:17:06 "POST /collect HTTP/1.1" 200 -
06:17:07 "GET /roster HTTP/1.1" 200 -
06:17:07 "POST /collect HTTP/1.1" 200 -
06:17:07 "POST /collect HTTP/1.1" 200 -
06:17:08 "GET /roster HTTP/1.1" 200 -
06:17:08 "POST /collect HTTP/1.1" 200 -
06:17:08 "POST /collect HTTP/1.1" 200 -
06:17:09 "GET /roster HTTP/1.1" 200 -
06:17:09 "POST /collect HTTP/1.1" 200 -
06:17:09 "POST /collect HTTP/1.1" 200 -
06:17:10 "GET /roster HTTP/1.1" 200 -
06:17:10 "POST /collect HTTP/1.1" 200 -
06:17:10 "POST /collect HTTP/1.1" 200 -
06:17:11 "GET /roster HTTP/1.1" 200 -
06:17:11 "POST /collect HTTP/1.1" 200 -
06:17:11 "POST /collect HTTP/1.1" 200 -
06:17:12 "GET /roster HTTP/1.1" 200 -
06:17:12 "POST /collect HTTP/1.1" 200 -
06:17:12 "POST /collect HTTP/1.1" 200 -
06:17:13 "GET /roster HTTP/1.1" 200 -
06:17:13 "POST /collect HTTP/1.1" 200 -
06:17:13 "POST /collect HTTP/1.1" 200 -
06:17:14 "GET /roster HTTP/1.1" 200 -
06:17:14 "POST /collect HTTP/1.1" 200 -
06:17:14 "POST /collect HTTP/1.1" 200 -
06:17:15 "GET /roster HTTP/1.1" 200 -
06:17:15 "POST /collect HTTP/1.1" 200 -
06:17:15 "POST /collect HTTP/1.1" 200 -
06:17:16 "GET /roster HTTP/1.1" 200 -
06:17:16 "POST /collect HTTP/1.1" 200 -
06:17:16 "POST /collect HTTP/1.1" 200 -
06:17:17 "GET /roster HTTP/1.1" 200 -
06:17:17 "POST /collect HTTP/1.1" 200 -
06:17:17 "POST /collect HTTP/1.1" 200 -
06:17:18 "GET /roster HTTP/1.1" 200 -
06:17:18 "POST /collect HTTP/1.1" 200 -
06:17:18 "POST /collect HTTP/1.1" 200 -
06:17:19 "GET /roster HTTP/1.1" 200 -
06:17:19 "POST /collect HTTP/1.1" 200 -
06:17:19 "POST /collect HTTP/1.1" 200 -
06:17:20 "GET /roster HTTP/1.1" 200 -
06:17:20 "POST /collect HTTP/1.1" 200 -
06:17:20 "POST /collect HTTP/1.1" 200 -
06:17:21 "GET /roster HTTP/1.1" 200 -
06:17:21 "POST /collect HTTP/1.1" 200 -
06:17:21 "POST /collect HTTP/1.1" 200 -
06:17:22 "GET /roster HTTP/1.1" 200 -
06:17:22 "POST /collect HTTP/1.1" 200 -
06:17:22 "POST /collect HTTP/1.1" 200 -
06:17:23 "GET /roster HTTP/1.1" 200 -
06:17:23 "POST /collect HTTP/1.1" 200 -
06:17:23 "POST /collect HTTP/1.1" 200 -
06:17:24 "GET /roster HTTP/1.1" 200 -
06:17:24 "POST /collect HTTP/1.1" 200 -
06:17:24 "POST /collect HTTP/1.1" 200 -
06:17:25 "GET /roster HTTP/1.1" 200 -
06:17:25 "POST /collect HTTP/1.1" 200 -
06:17:25 "POST /collect HTTP/1.1" 200 -
06:17:26 "GET /roster HTTP/1.1" 200 -
06:17:26 "POST /collect HTTP/1.1" 200 -
06:17:26 "POST /collect HTTP/1.1" 200 -
06:17:27 "GET /roster HTTP/1.1" 200 -
06:17:27 "POST /collect HTTP/1.1" 200 -
06:17:27 "POST /collect HTTP/1.1" 200 -
06:17:28 "GET /roster HTTP/1.1" 200 -
06:17:28 "POST /collect HTTP/1.1" 200 -
06:17:28 "POST /collect HTTP/1.1" 200 -
06:17:28 "POST /collect HTTP/1.1" 200 -
06:17:29 "GET /roster HTTP/1.1" 200 -
06:17:29 "POST /collect HTTP/1.1" 200 -
06:17:29 "POST /collect HTTP/1.1" 200 -
06:17:30 "GET /roster HTTP/1.1" 200 -
06:17:30 "POST /collect HTTP/1.1" 200 -
06:17:30 "POST /collect HTTP/1.1" 200 -
06:17:31 "GET /roster HTTP/1.1" 200 -
06:17:31 "POST /collect HTTP/1.1" 200 -
06:17:31 "POST /collect HTTP/1.1" 200 -
06:17:32 "GET /roster HTTP/1.1" 200 -
06:17:32 "POST /collect HTTP/1.1" 200 -
06:17:32 "POST /collect HTTP/1.1" 200 -
06:17:33 "GET /roster HTTP/1.1" 200 -
06:17:33 "POST /collect HTTP/1.1" 200 -
06:17:33 "POST /collect HTTP/1.1" 200 -
06:17:34 "GET /roster HTTP/1.1" 200 -
06:17:34 "POST /collect HTTP/1.1" 200 -
06:17:34 "POST /collect HTTP/1.1" 200 -
06:17:35 "GET /roster HTTP/1.1" 200 -
06:17:35 "POST /collect HTTP/1.1" 200 -
06:17:35 "POST /collect HTTP/1.1" 200 -
06:17:36 "GET /roster HTTP/1.1" 200 -
06:17:36 "POST /collect HTTP/1.1" 200 -
06:17:36 "POST /collect HTTP/1.1" 200 -
06:17:37 "GET /roster HTTP/1.1" 200 -
06:17:37 "POST /collect HTTP/1.1" 200 -
06:17:37 "POST /collect HTTP/1.1" 200 -
06:17:38 "GET /roster HTTP/1.1" 200 -
06:17:38 "POST /collect HTTP/1.1" 200 -
06:17:38 "POST /collect HTTP/1.1" 200 -
06:17:39 "GET /roster HTTP/1.1" 200 -
06:17:39 "POST /collect HTTP/1.1" 200 -
06:17:39 "POST /collect HTTP/1.1" 200 -
06:17:40 "GET /roster HTTP/1.1" 200 -
06:17:40 "POST /collect HTTP/1.1" 200 -
06:17:40 "POST /collect HTTP/1.1" 200 -
06:17:41 "GET /roster HTTP/1.1" 200 -
06:17:41 "POST /collect HTTP/1.1" 200 -
06:17:41 "POST /collect HTTP/1.1" 200 -
06:17:42 "GET /roster HTTP/1.1" 200 -
06:17:42 "POST /collect HTTP/1.1" 200 -
06:17:42 "POST /collect HTTP/1.1" 200 -
06:17:43 "GET /roster HTTP/1.1" 200 -
06:17:43 "POST /collect HTTP/1.1" 200 -
06:17:43 "POST /collect HTTP/1.1" 200 -
06:17:44 "GET /roster HTTP/1.1" 200 -
06:17:44 "POST /collect HTTP/1.1" 200 -
06:17:44 "POST /collect HTTP/1.1" 200 -
06:17:45 "GET /roster HTTP/1.1" 200 -
06:17:45 "POST /collect HTTP/1.1" 200 -
06:17:45 "POST /collect HTTP/1.1" 200 -
06:17:46 "GET /roster HTTP/1.1" 200 -
06:17:46 "POST /collect HTTP/1.1" 200 -
06:17:46 "POST /collect HTTP/1.1" 200 -
06:17:47 "GET /roster HTTP/1.1" 200 -
06:17:47 "POST /collect HTTP/1.1" 200 -
06:17:47 "POST /collect HTTP/1.1" 200 -
06:17:48 "GET /roster HTTP/1.1" 200 -
06:17:48 "POST /collect HTTP/1.1" 200 -
06:17:48 "POST /collect HTTP/1.1" 200 -
06:17:49 "GET /roster HTTP/1.1" 200 -
06:17:49 "POST /collect HTTP/1.1" 200 -
06:17:49 "POST /collect HTTP/1.1" 200 -
06:17:50 "GET /roster HTTP/1.1" 200 -
06:17:50 "POST /collect HTTP/1.1" 200 -
06:17:50 "POST /collect HTTP/1.1" 200 -
06:17:51 "GET /roster HTTP/1.1" 200 -
06:17:51 "POST /collect HTTP/1.1" 200 -
06:17:51 "POST /collect HTTP/1.1" 200 -
06:17:52 "GET /roster HTTP/1.1" 200 -
06:17:52 "POST /collect HTTP/1.1" 200 -
06:17:52 "POST /collect HTTP/1.1" 200 -
06:17:53 "GET /roster HTTP/1.1" 200 -
06:17:53 "POST /collect HTTP/1.1" 200 -
06:17:53 "POST /collect HTTP/1.1" 200 -
06:17:54 "GET /roster HTTP/1.1" 200 -
06:17:54 "POST /collect HTTP/1.1" 200 -
06:17:54 "POST /collect HTTP/1.1" 200 -
06:17:55 "GET /roster HTTP/1.1" 200 -
06:17:55 "POST /collect HTTP/1.1" 200 -
06:17:55 "POST /collect HTTP/1.1" 200 -
06:17:56 "GET /roster HTTP/1.1" 200 -
06:17:56 "POST /collect HTTP/1.1" 200 -
06:17:56 "POST /collect HTTP/1.1" 200 -
06:17:57 "GET /roster HTTP/1.1" 200 -
06:17:57 "POST /collect HTTP/1.1" 200 -
06:17:57 "POST /collect HTTP/1.1" 200 -
06:17:58 "GET /roster HTTP/1.1" 200 -
06:17:58 "POST /collect HTTP/1.1" 200 -
06:17:58 "POST /collect HTTP/1.1" 200 -
06:17:59 "GET /roster HTTP/1.1" 200 -
06:17:59 "POST /collect HTTP/1.1" 200 -
06:17:59 "POST /collect HTTP/1.1" 200 -
06:18:00 "GET /roster HTTP/1.1" 200 -
06:18:00 "POST /collect HTTP/1.1" 200 -
06:18:00 "POST /collect HTTP/1.1" 200 -
06:18:01 "GET /roster HTTP/1.1" 200 -
06:18:01 "POST /collect HTTP/1.1" 200 -
06:18:01 "POST /collect HTTP/1.1" 200 -
06:18:02 "GET /roster HTTP/1.1" 200 -
06:18:02 "POST /collect HTTP/1.1" 200 -
06:18:02 "POST /collect HTTP/1.1" 200 -
06:18:03 "GET /roster HTTP/1.1" 200 -
06:18:03 "POST /collect HTTP/1.1" 200 -
06:18:03 "POST /collect HTTP/1.1" 200 -
06:18:04 "GET /roster HTTP/1.1" 200 -
06:18:04 "POST /collect HTTP/1.1" 200 -
06:18:04 "POST /collect HTTP/1.1" 200 -
06:18:05 "GET /roster HTTP/1.1" 200 -
06:18:05 "POST /collect HTTP/1.1" 200 -
06:18:05 "POST /collect HTTP/1.1" 200 -
06:18:06 "GET /roster HTTP/1.1" 200 -
06:18:06 "POST /collect HTTP/1.1" 200 -
06:18:06 "POST /collect HTTP/1.1" 200 -
06:18:07 "GET /roster HTTP/1.1" 200 -
06:18:07 "POST /collect HTTP/1.1" 200 -
06:18:07 "POST /collect HTTP/1.1" 200 -
06:18:08 "GET /roster HTTP/1.1" 200 -
06:18:08 "POST /collect HTTP/1.1" 200 -
06:18:08 "POST /collect HTTP/1.1" 200 -
06:18:09 "GET /roster HTTP/1.1" 200 -
06:18:09 "POST /collect HTTP/1.1" 200 -
06:18:09 "POST /collect HTTP/1.1" 200 -
06:18:10 "GET /roster HTTP/1.1" 200 -
06:18:10 "POST /collect HTTP/1.1" 200 -
06:18:10 "POST /collect HTTP/1.1" 200 -
06:18:11 "GET /roster HTTP/1.1" 200 -
06:18:11 "POST /collect HTTP/1.1" 200 -
06:18:11 "POST /collect HTTP/1.1" 200 -
06:18:12 "GET /roster HTTP/1.1" 200 -
06:18:12 "POST /collect HTTP/1.1" 200 -
06:18:12 "POST /collect HTTP/1.1" 200 -
06:18:13 "GET /roster HTTP/1.1" 200 -
06:18:13 "POST /collect HTTP/1.1" 200 -
06:18:13 "POST /collect HTTP/1.1" 200 -
06:18:14 "GET /roster HTTP/1.1" 200 -
06:18:14 "POST /collect HTTP/1.1" 200 -
06:18:14 "POST /collect HTTP/1.1" 200 -
06:18:15 "GET /roster HTTP/1.1" 200 -
06:18:15 "POST /collect HTTP/1.1" 200 -
06:18:15 "POST /collect HTTP/1.1" 200 -
06:18:16 "GET /roster HTTP/1.1" 200 -
06:18:16 "POST /collect HTTP/1.1" 200 -
06:18:16 "POST /collect HTTP/1.1" 200 -
06:18:17 "GET /roster HTTP/1.1" 200 -
06:18:17 "POST /collect HTTP/1.1" 200 -
06:18:17 "POST /collect HTTP/1.1" 200 -
06:18:18 "GET /roster HTTP/1.1" 200 -
06:18:18 "POST /collect HTTP/1.1" 200 -
06:18:18 "POST /collect HTTP/1.1" 200 -
06:18:19 "GET /roster HTTP/1.1" 200 -
06:18:19 "POST /collect HTTP/1.1" 200 -
06:18:19 "POST /collect HTTP/1.1" 200 -
06:18:20 "GET /roster HTTP/1.1" 200 -
06:18:20 "POST /collect HTTP/1.1" 200 -
06:18:20 "POST /collect HTTP/1.1" 200 -
06:18:21 "GET /roster HTTP/1.1" 200 -
06:18:21 "POST /collect HTTP/1.1" 200 -
06:18:21 "POST /collect HTTP/1.1" 200 -
06:18:22 "GET /roster HTTP/1.1" 200 -
06:18:22 "POST /collect HTTP/1.1" 200 -
06:18:22 "POST /collect HTTP/1.1" 200 -
06:18:23 "GET /roster HTTP/1.1" 200 -
06:18:23 "POST /collect HTTP/1.1" 200 -
06:18:23 "POST /collect HTTP/1.1" 200 -
06:18:24 "GET /roster HTTP/1.1" 200 -
06:18:24 "POST /collect HTTP/1.1" 200 -
06:18:24 "POST /collect HTTP/1.1" 200 -
06:18:25 "GET /roster HTTP/1.1" 200 -
06:18:25 "POST /collect HTTP/1.1" 200 -
06:18:25 "POST /collect HTTP/1.1" 200 -
06:18:26 "GET /roster HTTP/1.1" 200 -
06:18:26 "POST /collect HTTP/1.1" 200 -
06:18:26 "POST /collect HTTP/1.1" 200 -
06:18:27 "GET /roster HTTP/1.1" 200 -
06:18:27 "POST /collect HTTP/1.1" 200 -
06:18:27 "POST /collect HTTP/1.1" 200 -
06:18:28 "GET /roster HTTP/1.1" 200 -
06:18:28 "POST /collect HTTP/1.1" 200 -
06:18:28 "POST /collect HTTP/1.1" 200 -
06:18:28 "POST /collect HTTP/1.1" 200 -
06:18:29 "GET /roster HTTP/1.1" 200 -
06:18:29 "POST /collect HTTP/1.1" 200 -
06:18:29 "POST /collect HTTP/1.1" 200 -
06:18:30 "GET /roster HTTP/1.1" 200 -
06:18:30 "POST /collect HTTP/1.1" 200 -
06:18:30 "POST /collect HTTP/1.1" 200 -
06:18:31 "GET /roster HTTP/1.1" 200 -
06:18:31 "POST /collect HTTP/1.1" 200 -
06:18:31 "POST /collect HTTP/1.1" 200 -
06:18:32 "GET /roster HTTP/1.1" 200 -
06:18:32 "POST /collect HTTP/1.1" 200 -
06:18:32 "POST /collect HTTP/1.1" 200 -
06:18:33 "GET /roster HTTP/1.1" 200 -
06:18:33 "POST /collect HTTP/1.1" 200 -
06:18:33 "POST /collect HTTP/1.1" 200 -
06:18:34 "GET /roster HTTP/1.1" 200 -
06:18:34 "POST /collect HTTP/1.1" 200 -
06:18:34 "POST /collect HTTP/1.1" 200 -
06:18:35 "GET /roster HTTP/1.1" 200 -
06:18:35 "POST /collect HTTP/1.1" 200 -
06:18:35 "POST /collect HTTP/1.1" 200 -
06:18:36 "GET /roster HTTP/1.1" 200 -
06:18:36 "POST /collect HTTP/1.1" 200 -
06:18:36 "POST /collect HTTP/1.1" 200 -
06:18:37 "GET /roster HTTP/1.1" 200 -
06:18:37 "POST /collect HTTP/1.1" 200 -
06:18:37 "POST /collect HTTP/1.1" 200 -
06:18:38 "GET /roster HTTP/1.1" 200 -
06:18:38 "POST /collect HTTP/1.1" 200 -
06:18:38 "POST /collect HTTP/1.1" 200 -
06:18:39 "GET /roster HTTP/1.1" 200 -
06:18:39 "POST /collect HTTP/1.1" 200 -
06:18:39 "POST /collect HTTP/1.1" 200 -
06:18:40 "GET /roster HTTP/1.1" 200 -
06:18:40 "POST /collect HTTP/1.1" 200 -
06:18:40 "POST /collect HTTP/1.1" 200 -
06:18:41 "GET /roster HTTP/1.1" 200 -
06:18:41 "POST /collect HTTP/1.1" 200 -
06:18:41 "POST /collect HTTP/1.1" 200 -
06:18:42 "GET /roster HTTP/1.1" 200 -
06:18:42 "POST /collect HTTP/1.1" 200 -
06:18:42 "POST /collect HTTP/1.1" 200 -
06:18:43 "GET /roster HTTP/1.1" 200 -
06:18:43 "POST /collect HTTP/1.1" 200 -
06:18:43 "POST /collect HTTP/1.1" 200 -
06:18:44 "GET /roster HTTP/1.1" 200 -
06:18:44 "POST /collect HTTP/1.1" 200 -
06:18:44 "POST /collect HTTP/1.1" 200 -
06:18:45 "GET /roster HTTP/1.1" 200 -
06:18:45 "POST /collect HTTP/1.1" 200 -
06:18:45 "POST /collect HTTP/1.1" 200 -
06:18:46 "GET /roster HTTP/1.1" 200 -
06:18:46 "POST /collect HTTP/1.1" 200 -
06:18:46 "POST /collect HTTP/1.1" 200 -
06:18:47 "GET /roster HTTP/1.1" 200 -
06:18:47 "POST /collect HTTP/1.1" 200 -
06:18:47 "POST /collect HTTP/1.1" 200 -
06:18:48 "GET /roster HTTP/1.1" 200 -
06:18:48 "POST /collect HTTP/1.1" 200 -
06:18:48 "POST /collect HTTP/1.1" 200 -
06:18:49 "GET /roster HTTP/1.1" 200 -
06:18:49 "POST /collect HTTP/1.1" 200 -
06:18:49 "POST /collect HTTP/1.1" 200 -
06:18:50 "GET /roster HTTP/1.1" 200 -
06:18:50 "POST /collect HTTP/1.1" 200 -
06:18:50 "POST /collect HTTP/1.1" 200 -
06:18:51 "GET /roster HTTP/1.1" 200 -
06:18:51 "POST /collect HTTP/1.1" 200 -
06:18:51 "POST /collect HTTP/1.1" 200 -
06:18:52 "GET /roster HTTP/1.1" 200 -
06:18:52 "POST /collect HTTP/1.1" 200 -
06:18:52 "POST /collect HTTP/1.1" 200 -
06:18:53 "GET /roster HTTP/1.1" 200 -
06:18:53 "POST /collect HTTP/1.1" 200 -
06:18:53 "POST /collect HTTP/1.1" 200 -
06:18:54 "GET /roster HTTP/1.1" 200 -
06:18:54 "POST /collect HTTP/1.1" 200 -
06:18:54 "POST /collect HTTP/1.1" 200 -
06:18:55 "GET /roster HTTP/1.1" 200 -
06:18:55 "POST /collect HTTP/1.1" 200 -
06:18:55 "POST /collect HTTP/1.1" 200 -
06:18:56 "GET /roster HTTP/1.1" 200 -
06:18:56 "POST /collect HTTP/1.1" 200 -
06:18:56 "POST /collect HTTP/1.1" 200 -
06:18:57 "GET /roster HTTP/1.1" 200 -
06:18:57 "POST /collect HTTP/1.1" 200 -
06:18:57 "POST /collect HTTP/1.1" 200 -
06:18:58 "GET /roster HTTP/1.1" 200 -
06:18:58 "POST /collect HTTP/1.1" 200 -
06:18:58 "POST /collect HTTP/1.1" 200 -
06:18:59 "GET /roster HTTP/1.1" 200 -
06:18:59 "POST /collect HTTP/1.1" 200 -
06:18:59 "POST /collect HTTP/1.1" 200 -
06:19:00 "GET /roster HTTP/1.1" 200 -
06:19:00 "POST /collect HTTP/1.1" 200 -
06:19:00 "POST /collect HTTP/1.1" 200 -
06:19:01 "GET /roster HTTP/1.1" 200 -
06:19:01 "POST /collect HTTP/1.1" 200 -
06:19:01 "POST /collect HTTP/1.1" 200 -
06:19:02 "GET /roster HTTP/1.1" 200 -
06:19:02 "POST /collect HTTP/1.1" 200 -
06:19:02 "POST /collect HTTP/1.1" 200 -
06:19:03 "GET /roster HTTP/1.1" 200 -
06:19:03 "POST /collect HTTP/1.1" 200 -
06:19:03 "POST /collect HTTP/1.1" 200 -
06:19:04 "GET /roster HTTP/1.1" 200 -
06:19:04 "POST /collect HTTP/1.1" 200 -
06:19:04 "POST /collect HTTP/1.1" 200 -
06:19:05 "GET /roster HTTP/1.1" 200 -
06:19:05 "POST /collect HTTP/1.1" 200 -
06:19:05 "POST /collect HTTP/1.1" 200 -
06:19:06 "GET /roster HTTP/1.1" 200 -
06:19:06 "POST /collect HTTP/1.1" 200 -
06:19:06 "POST /collect HTTP/1.1" 200 -
06:19:07 "GET /roster HTTP/1.1" 200 -
06:19:07 "POST /collect HTTP/1.1" 200 -
06:19:07 "POST /collect HTTP/1.1" 200 -
06:19:08 "GET /roster HTTP/1.1" 200 -
06:19:08 "POST /collect HTTP/1.1" 200 -
06:19:08 "POST /collect HTTP/1.1" 200 -
06:19:09 "GET /roster HTTP/1.1" 200 -
06:19:09 "POST /collect HTTP/1.1" 200 -
06:19:09 "POST /collect HTTP/1.1" 200 -
06:19:10 "GET /roster HTTP/1.1" 200 -
06:19:10 "POST /collect HTTP/1.1" 200 -
06:19:10 "POST /collect HTTP/1.1" 200 -
06:19:11 "GET /roster HTTP/1.1" 200 -
06:19:11 "POST /collect HTTP/1.1" 200 -
06:19:11 "POST /collect HTTP/1.1" 200 -
06:19:12 "GET /roster HTTP/1.1" 200 -
06:19:12 "POST /collect HTTP/1.1" 200 -
06:19:12 "POST /collect HTTP/1.1" 200 -
06:19:13 "GET /roster HTTP/1.1" 200 -
06:19:13 "POST /collect HTTP/1.1" 200 -
06:19:13 "POST /collect HTTP/1.1" 200 -
06:19:14 "GET /roster HTTP/1.1" 200 -
06:19:14 "POST /collect HTTP/1.1" 200 -
06:19:14 "POST /collect HTTP/1.1" 200 -
06:19:15 "GET /roster HTTP/1.1" 200 -
06:19:15 "POST /collect HTTP/1.1" 200 -
06:19:15 "POST /collect HTTP/1.1" 200 -
06:19:16 "GET /roster HTTP/1.1" 200 -
06:19:16 "POST /collect HTTP/1.1" 200 -
06:19:16 "POST /collect HTTP/1.1" 200 -
06:19:17 "GET /roster HTTP/1.1" 200 -
06:19:17 "POST /collect HTTP/1.1" 200 -
06:19:17 "POST /collect HTTP/1.1" 200 -
06:19:18 "GET /roster HTTP/1.1" 200 -
06:19:18 "POST /collect HTTP/1.1" 200 -
06:19:18 "POST /collect HTTP/1.1" 200 -
06:19:19 "GET /roster HTTP/1.1" 200 -
06:19:19 "POST /collect HTTP/1.1" 200 -
06:19:19 "POST /collect HTTP/1.1" 200 -
06:19:20 "GET /roster HTTP/1.1" 200 -
06:19:20 "POST /collect HTTP/1.1" 200 -
06:19:20 "POST /collect HTTP/1.1" 200 -
06:19:21 "GET /roster HTTP/1.1" 200 -
06:19:21 "POST /collect HTTP/1.1" 200 -
06:19:21 "POST /collect HTTP/1.1" 200 -
06:19:22 "GET /roster HTTP/1.1" 200 -
06:19:22 "POST /collect HTTP/1.1" 200 -
06:19:22 "POST /collect HTTP/1.1" 200 -
06:19:23 "GET /roster HTTP/1.1" 200 -
06:19:23 "POST /collect HTTP/1.1" 200 -
06:19:23 "POST /collect HTTP/1.1" 200 -
06:19:24 "GET /roster HTTP/1.1" 200 -
06:19:24 "POST /collect HTTP/1.1" 200 -
06:19:24 "POST /collect HTTP/1.1" 200 -
06:19:25 "GET /roster HTTP/1.1" 200 -
06:19:25 "POST /collect HTTP/1.1" 200 -
06:19:25 "POST /collect HTTP/1.1" 200 -
06:19:26 "GET /roster HTTP/1.1" 200 -
06:19:26 "POST /collect HTTP/1.1" 200 -
06:19:26 "POST /collect HTTP/1.1" 200 -
06:19:27 "GET /roster HTTP/1.1" 200 -
06:19:27 "POST /collect HTTP/1.1" 200 -
06:19:27 "POST /collect HTTP/1.1" 200 -
06:19:28 "GET /roster HTTP/1.1" 200 -
06:19:28 "POST /collect HTTP/1.1" 200 -
06:19:28 "POST /collect HTTP/1.1" 200 -
06:19:28 "POST /collect HTTP/1.1" 200 -
06:19:29 "GET /roster HTTP/1.1" 200 -
06:19:29 "POST /collect HTTP/1.1" 200 -
06:19:29 "POST /collect HTTP/1.1" 200 -
06:19:30 "GET /roster HTTP/1.1" 200 -
06:19:30 "POST /collect HTTP/1.1" 200 -
06:19:30 "POST /collect HTTP/1.1" 200 -
06:19:31 "GET /roster HTTP/1.1" 200 -
06:19:31 "POST /collect HTTP/1.1" 200 -
06:19:31 "POST /collect HTTP/1.1" 200 -
06:19:32 "GET /roster HTTP/1.1" 200 -
06:19:32 "POST /collect HTTP/1.1" 200 -
06:19:32 "POST /collect HTTP/1.1" 200 -
06:19:33 "GET /roster HTTP/1.1" 200 -
06:19:33 "POST /collect HTTP/1.1" 200 -
06:19:33 "POST /collect HTTP/1.1" 200 -
06:19:34 "GET /roster HTTP/1.1" 200 -
06:19:34 "POST /collect HTTP/1.1" 200 -
06:19:34 "POST /collect HTTP/1.1" 200 -
06:19:35 "GET /roster HTTP/1.1" 200 -
06:19:35 "POST /collect HTTP/1.1" 200 -
06:19:35 "POST /collect HTTP/1.1" 200 -
06:19:36 "GET /roster HTTP/1.1" 200 -
06:19:36 "POST /collect HTTP/1.1" 200 -
06:19:36 "POST /collect HTTP/1.1" 200 -
06:19:37 "GET /roster HTTP/1.1" 200 -
06:19:37 "POST /collect HTTP/1.1" 200 -
06:19:37 "POST /collect HTTP/1.1" 200 -
06:19:38 "GET /roster HTTP/1.1" 200 -
06:19:38 "POST /collect HTTP/1.1" 200 -
06:19:38 "POST /collect HTTP/1.1" 200 -
06:19:39 "GET /roster HTTP/1.1" 200 -
06:19:39 "POST /collect HTTP/1.1" 200 -
06:19:39 "POST /collect HTTP/1.1" 200 -
06:19:40 "GET /roster HTTP/1.1" 200 -
06:19:40 "POST /collect HTTP/1.1" 200 -
06:19:40 "POST /collect HTTP/1.1" 200 -
06:19:41 "GET /roster HTTP/1.1" 200 -
06:19:41 "POST /collect HTTP/1.1" 200 -
06:19:41 "POST /collect HTTP/1.1" 200 -
06:19:42 "GET /roster HTTP/1.1" 200 -
06:19:42 "POST /collect HTTP/1.1" 200 -
06:19:42 "POST /collect HTTP/1.1" 200 -
06:19:43 "GET /roster HTTP/1.1" 200 -
06:19:43 "POST /collect HTTP/1.1" 200 -
06:19:43 "POST /collect HTTP/1.1" 200 -
06:19:44 "GET /roster HTTP/1.1" 200 -
06:19:44 "POST /collect HTTP/1.1" 200 -
06:19:44 "POST /collect HTTP/1.1" 200 -
06:19:45 "GET /roster HTTP/1.1" 200 -
06:19:45 "POST /collect HTTP/1.1" 200 -
06:19:45 "POST /collect HTTP/1.1" 200 -
06:19:46 "GET /roster HTTP/1.1" 200 -
06:19:46 "POST /collect HTTP/1.1" 200 -
06:19:46 "POST /collect HTTP/1.1" 200 -
06:19:47 "GET /roster HTTP/1.1" 200 -
06:19:47 "POST /collect HTTP/1.1" 200 -
06:19:47 "POST /collect HTTP/1.1" 200 -
06:19:48 "GET /roster HTTP/1.1" 200 -
06:19:48 "POST /collect HTTP/1.1" 200 -
06:19:48 "POST /collect HTTP/1.1" 200 -
06:19:49 "GET /roster HTTP/1.1" 200 -
06:19:49 "POST /collect HTTP/1.1" 200 -
06:19:49 "POST /collect HTTP/1.1" 200 -
06:19:50 "GET /roster HTTP/1.1" 200 -
06:19:50 "POST /collect HTTP/1.1" 200 -
06:19:50 "POST /collect HTTP/1.1" 200 -
06:19:51 "GET /roster HTTP/1.1" 200 -
06:19:51 "POST /collect HTTP/1.1" 200 -
06:19:51 "POST /collect HTTP/1.1" 200 -
06:19:52 "GET /roster HTTP/1.1" 200 -
06:19:52 "POST /collect HTTP/1.1" 200 -
06:19:52 "POST /collect HTTP/1.1" 200 -
06:19:53 "GET /roster HTTP/1.1" 200 -
06:19:53 "POST /collect HTTP/1.1" 200 -
06:19:53 "POST /collect HTTP/1.1" 200 -
06:19:54 "GET /roster HTTP/1.1" 200 -
06:19:54 "POST /collect HTTP/1.1" 200 -
06:19:54 "POST /collect HTTP/1.1" 200 -
06:19:55 "GET /roster HTTP/1.1" 200 -
06:19:55 "POST /collect HTTP/1.1" 200 -
06:19:55 "POST /collect HTTP/1.1" 200 -
06:19:56 "GET /roster HTTP/1.1" 200 -
06:19:56 "POST /collect HTTP/1.1" 200 -
06:19:56 "POST /collect HTTP/1.1" 200 -
06:19:57 "GET /roster HTTP/1.1" 200 -
06:19:57 "POST /collect HTTP/1.1" 200 -
06:19:57 "POST /collect HTTP/1.1" 200 -
06:19:58 "GET /roster HTTP/1.1" 200 -
06:19:58 "POST /collect HTTP/1.1" 200 -
06:19:58 "POST /collect HTTP/1.1" 200 -
06:19:59 "GET /roster HTTP/1.1" 200 -
06:19:59 "POST /collect HTTP/1.1" 200 -
06:19:59 "POST /collect HTTP/1.1" 200 -
06:20:00 "GET /roster HTTP/1.1" 200 -
06:20:00 "POST /collect HTTP/1.1" 200 -
06:20:00 "POST /collect HTTP/1.1" 200 -
06:20:01 "GET /roster HTTP/1.1" 200 -
06:20:01 "POST /collect HTTP/1.1" 200 -
06:20:01 "POST /collect HTTP/1.1" 200 -
06:20:02 "GET /roster HTTP/1.1" 200 -
06:20:02 "POST /collect HTTP/1.1" 200 -
06:20:02 "POST /collect HTTP/1.1" 200 -
06:20:03 "GET /roster HTTP/1.1" 200 -
06:20:03 "POST /collect HTTP/1.1" 200 -
06:20:03 "POST /collect HTTP/1.1" 200 -
06:20:04 "GET /roster HTTP/1.1" 200 -
06:20:04 "POST /collect HTTP/1.1" 200 -
06:20:04 "POST /collect HTTP/1.1" 200 -
06:20:05 "GET /roster HTTP/1.1" 200 -
06:20:05 "POST /collect HTTP/1.1" 200 -
06:20:05 "POST /collect HTTP/1.1" 200 -
06:20:06 "GET /roster HTTP/1.1" 200 -
06:20:06 "POST /collect HTTP/1.1" 200 -
06:20:06 "POST /collect HTTP/1.1" 200 -
06:20:07 "GET /roster HTTP/1.1" 200 -
06:20:07 "POST /collect HTTP/1.1" 200 -
06:20:07 "POST /collect HTTP/1.1" 200 -
06:20:08 "GET /roster HTTP/1.1" 200 -
06:20:08 "POST /collect HTTP/1.1" 200 -
06:20:08 "POST /collect HTTP/1.1" 200 -
06:20:09 "GET /roster HTTP/1.1" 200 -
06:20:09 "POST /collect HTTP/1.1" 200 -
06:20:09 "POST /collect HTTP/1.1" 200 -
06:20:10 "GET /roster HTTP/1.1" 200 -
06:20:10 "POST /collect HTTP/1.1" 200 -
06:20:10 "POST /collect HTTP/1.1" 200 -
06:20:11 "GET /roster HTTP/1.1" 200 -
06:20:11 "POST /collect HTTP/1.1" 200 -
06:20:11 "POST /collect HTTP/1.1" 200 -
06:20:12 "GET /roster HTTP/1.1" 200 -
06:20:12 "POST /collect HTTP/1.1" 200 -
06:20:12 "POST /collect HTTP/1.1" 200 -
06:20:13 "GET /roster HTTP/1.1" 200 -
06:20:13 "POST /collect HTTP/1.1" 200 -
06:20:13 "POST /collect HTTP/1.1" 200 -
06:20:14 "GET /roster HTTP/1.1" 200 -
06:20:14 "POST /collect HTTP/1.1" 200 -
06:20:14 "POST /collect HTTP/1.1" 200 -
06:20:15 "GET /roster HTTP/1.1" 200 -
06:20:15 "POST /collect HTTP/1.1" 200 -
06:20:15 "POST /collect HTTP/1.1" 200 -
06:20:16 "GET /roster HTTP/1.1" 200 -
06:20:16 "POST /collect HTTP/1.1" 200 -
06:20:16 "POST /collect HTTP/1.1" 200 -
06:20:17 "GET /roster HTTP/1.1" 200 -
06:20:17 "POST /collect HTTP/1.1" 200 -
06:20:17 "POST /collect HTTP/1.1" 200 -
06:20:18 "GET /roster HTTP/1.1" 200 -
06:20:18 "POST /collect HTTP/1.1" 200 -
06:20:18 "POST /collect HTTP/1.1" 200 -
06:20:19 "GET /roster HTTP/1.1" 200 -
06:20:19 "POST /collect HTTP/1.1" 200 -
06:20:19 "POST /collect HTTP/1.1" 200 -
06:20:20 "GET /roster HTTP/1.1" 200 -
06:20:20 "POST /collect HTTP/1.1" 200 -
06:20:20 "POST /collect HTTP/1.1" 200 -
06:20:21 "GET /roster HTTP/1.1" 200 -
06:20:21 "POST /collect HTTP/1.1" 200 -
06:20:21 "POST /collect HTTP/1.1" 200 -
06:20:22 "GET /roster HTTP/1.1" 200 -
06:20:22 "POST /collect HTTP/1.1" 200 -
06:20:22 "POST /collect HTTP/1.1" 200 -
06:20:23 "GET /roster HTTP/1.1" 200 -
06:20:23 "POST /collect HTTP/1.1" 200 -
06:20:23 "POST /collect HTTP/1.1" 200 -
06:20:24 "GET /roster HTTP/1.1" 200 -
06:20:24 "POST /collect HTTP/1.1" 200 -
06:20:24 "POST /collect HTTP/1.1" 200 -
06:20:25 "GET /roster HTTP/1.1" 200 -
06:20:25 "POST /collect HTTP/1.1" 200 -
06:20:25 "POST /collect HTTP/1.1" 200 -
06:20:26 "GET /roster HTTP/1.1" 200 -
06:20:26 "POST /collect HTTP/1.1" 200 -
06:20:26 "POST /collect HTTP/1.1" 200 -
06:20:27 "GET /roster HTTP/1.1" 200 -
06:20:27 "POST /collect HTTP/1.1" 200 -
06:20:27 "POST /collect HTTP/1.1" 200 -
06:20:28 "GET /roster HTTP/1.1" 200 -
06:20:28 "POST /collect HTTP/1.1" 200 -
06:20:28 "POST /collect HTTP/1.1" 200 -
06:20:28 "GET /roster HTTP/1.1" 200 -
06:20:28 "POST /collect HTTP/1.1" 200 -
06:20:29 CF GET /sessions/2f9e9c4b6bfc13798a756702022ffdd58707c5810dcc4a98d49a1be3afea281c -> 200 (243 ms)
06:20:29 "GET /cf/sessions/2f9e9c4b6bfc13798a756702022ffdd58707c5810dcc4a98d49a1be3afea281c HTTP/1.1" 200 -
06:20:29 "POST /collect HTTP/1.1" 200 -
06:20:29 "GET /roster HTTP/1.1" 200 -
06:20:29 "GET /roster HTTP/1.1" 200 -
06:20:29 CF GET /sessions/ffdcd1faec24aecb094b39b36dc328ad203307f30d12dca16cbf92933099fab9 -> 200 (132 ms)
06:20:29 "GET /cf/sessions/ffdcd1faec24aecb094b39b36dc328ad203307f30d12dca16cbf92933099fab9 HTTP/1.1" 200 -
06:20:29 "POST /collect HTTP/1.1" 200 -
06:20:29 "POST /collect HTTP/1.1" 200 -
06:20:29 "POST /collect HTTP/1.1" 200 -
06:20:30 "GET /roster HTTP/1.1" 200 -
06:20:30 "POST /collect HTTP/1.1" 200 -
06:20:30 "POST /collect HTTP/1.1" 200 -
06:20:31 "GET /roster HTTP/1.1" 200 -
06:20:31 "POST /collect HTTP/1.1" 200 -
06:20:31 "POST /collect HTTP/1.1" 200 -
06:20:32 "GET /roster HTTP/1.1" 200 -
06:20:32 "POST /collect HTTP/1.1" 200 -
06:20:32 "POST /collect HTTP/1.1" 200 -
06:20:33 "GET /roster HTTP/1.1" 200 -
06:20:33 "POST /collect HTTP/1.1" 200 -
06:20:33 "POST /collect HTTP/1.1" 200 -
06:20:34 "GET /roster HTTP/1.1" 200 -
06:20:34 "POST /collect HTTP/1.1" 200 -
06:20:34 "POST /collect HTTP/1.1" 200 -
06:20:35 "GET /roster HTTP/1.1" 200 -
06:20:35 "POST /collect HTTP/1.1" 200 -
06:20:35 "POST /collect HTTP/1.1" 200 -
06:20:36 "GET /roster HTTP/1.1" 200 -
06:20:36 "POST /collect HTTP/1.1" 200 -
06:20:36 "POST /collect HTTP/1.1" 200 -
06:20:37 "GET /roster HTTP/1.1" 200 -
06:20:37 "POST /collect HTTP/1.1" 200 -
06:20:37 "POST /collect HTTP/1.1" 200 -
06:20:38 "GET /roster HTTP/1.1" 200 -
06:20:38 "POST /collect HTTP/1.1" 200 -
06:20:38 "POST /collect HTTP/1.1" 200 -
06:20:39 "GET /roster HTTP/1.1" 200 -
06:20:39 "POST /collect HTTP/1.1" 200 -
06:20:39 "POST /collect HTTP/1.1" 200 -
06:20:40 "GET /roster HTTP/1.1" 200 -
06:20:40 "POST /collect HTTP/1.1" 200 -
06:20:40 "POST /collect HTTP/1.1" 200 -
06:20:41 "GET /roster HTTP/1.1" 200 -
06:20:41 "POST /collect HTTP/1.1" 200 -
06:20:41 "POST /collect HTTP/1.1" 200 -
06:20:42 "GET /roster HTTP/1.1" 200 -
06:20:42 "POST /collect HTTP/1.1" 200 -
06:20:42 "POST /collect HTTP/1.1" 200 -
06:20:43 "GET /roster HTTP/1.1" 200 -
06:20:43 "POST /collect HTTP/1.1" 200 -
06:20:43 "POST /collect HTTP/1.1" 200 -
06:20:44 "GET /roster HTTP/1.1" 200 -
06:20:44 "POST /collect HTTP/1.1" 200 -
06:20:44 "POST /collect HTTP/1.1" 200 -
06:20:45 "GET /roster HTTP/1.1" 200 -
06:20:45 "POST /collect HTTP/1.1" 200 -
06:20:45 "POST /collect HTTP/1.1" 200 -
06:20:46 "GET /roster HTTP/1.1" 200 -
06:20:46 "POST /collect HTTP/1.1" 200 -
06:20:46 "POST /collect HTTP/1.1" 200 -
06:20:47 "GET /roster HTTP/1.1" 200 -
06:20:47 "POST /collect HTTP/1.1" 200 -
06:20:47 "POST /collect HTTP/1.1" 200 -
06:20:48 "GET /roster HTTP/1.1" 200 -
06:20:48 "POST /collect HTTP/1.1" 200 -
06:20:48 "POST /collect HTTP/1.1" 200 -
06:20:49 "GET /roster HTTP/1.1" 200 -
06:20:49 "POST /collect HTTP/1.1" 200 -
06:20:49 "POST /collect HTTP/1.1" 200 -
06:20:50 "GET /roster HTTP/1.1" 200 -
06:20:50 "POST /collect HTTP/1.1" 200 -
06:20:50 "POST /collect HTTP/1.1" 200 -
06:20:51 "GET /roster HTTP/1.1" 200 -
06:20:51 "POST /collect HTTP/1.1" 200 -
06:20:51 "POST /collect HTTP/1.1" 200 -
06:20:52 "GET /roster HTTP/1.1" 200 -
06:20:52 "POST /collect HTTP/1.1" 200 -
06:20:52 "POST /collect HTTP/1.1" 200 -
06:20:53 "GET /roster HTTP/1.1" 200 -
06:20:53 "POST /collect HTTP/1.1" 200 -
06:20:53 "POST /collect HTTP/1.1" 200 -
06:20:54 "GET /roster HTTP/1.1" 200 -
06:20:54 "POST /collect HTTP/1.1" 200 -
06:20:54 "POST /collect HTTP/1.1" 200 -
06:20:55 "GET /roster HTTP/1.1" 200 -
06:20:55 "POST /collect HTTP/1.1" 200 -
06:20:55 "POST /collect HTTP/1.1" 200 -
06:20:56 "GET /roster HTTP/1.1" 200 -
06:20:56 "POST /collect HTTP/1.1" 200 -
06:20:56 "POST /collect HTTP/1.1" 200 -
06:20:57 "GET /roster HTTP/1.1" 200 -
06:20:57 "POST /collect HTTP/1.1" 200 -
06:20:57 "POST /collect HTTP/1.1" 200 -
06:20:58 "GET /roster HTTP/1.1" 200 -
06:20:58 "POST /collect HTTP/1.1" 200 -
06:20:58 "POST /collect HTTP/1.1" 200 -
06:20:59 "GET /roster HTTP/1.1" 200 -
06:20:59 "POST /collect HTTP/1.1" 200 -
06:20:59 "POST /collect HTTP/1.1" 200 -
06:21:00 "GET /roster HTTP/1.1" 200 -
06:21:00 "POST /collect HTTP/1.1" 200 -
06:21:00 "POST /collect HTTP/1.1" 200 -
06:21:01 "GET /roster HTTP/1.1" 200 -
06:21:01 "POST /collect HTTP/1.1" 200 -
06:21:01 "POST /collect HTTP/1.1" 200 -
06:21:02 "GET /roster HTTP/1.1" 200 -
06:21:02 "POST /collect HTTP/1.1" 200 -
06:21:02 "POST /collect HTTP/1.1" 200 -
06:21:03 "GET /roster HTTP/1.1" 200 -
06:21:03 "POST /collect HTTP/1.1" 200 -
06:21:03 "POST /collect HTTP/1.1" 200 -
06:21:04 "GET /roster HTTP/1.1" 200 -
06:21:04 "POST /collect HTTP/1.1" 200 -
06:21:04 "POST /collect HTTP/1.1" 200 -
06:21:05 "GET /roster HTTP/1.1" 200 -
06:21:05 "POST /collect HTTP/1.1" 200 -
06:21:05 "POST /collect HTTP/1.1" 200 -
06:21:06 "GET /roster HTTP/1.1" 200 -
06:21:06 "POST /collect HTTP/1.1" 200 -
06:21:06 "POST /collect HTTP/1.1" 200 -
06:21:07 "GET /roster HTTP/1.1" 200 -
06:21:07 "POST /collect HTTP/1.1" 200 -
06:21:07 "POST /collect HTTP/1.1" 200 -
06:21:08 "GET /roster HTTP/1.1" 200 -
06:21:08 "POST /collect HTTP/1.1" 200 -
06:21:08 "POST /collect HTTP/1.1" 200 -
06:21:09 "GET /roster HTTP/1.1" 200 -
06:21:09 "POST /collect HTTP/1.1" 200 -
06:21:09 "POST /collect HTTP/1.1" 200 -
06:21:10 "GET /roster HTTP/1.1" 200 -
06:21:10 "POST /collect HTTP/1.1" 200 -
06:21:10 "POST /collect HTTP/1.1" 200 -
06:21:11 "GET /roster HTTP/1.1" 200 -
06:21:11 "POST /collect HTTP/1.1" 200 -
06:21:11 "POST /collect HTTP/1.1" 200 -
06:21:12 "GET /roster HTTP/1.1" 200 -
06:21:12 "POST /collect HTTP/1.1" 200 -
06:21:12 "POST /collect HTTP/1.1" 200 -
06:21:13 "GET /roster HTTP/1.1" 200 -
06:21:13 "POST /collect HTTP/1.1" 200 -
06:21:13 "POST /collect HTTP/1.1" 200 -
06:21:14 "GET /roster HTTP/1.1" 200 -
06:21:14 "POST /collect HTTP/1.1" 200 -
06:21:14 "POST /collect HTTP/1.1" 200 -
06:21:15 "GET /roster HTTP/1.1" 200 -
06:21:15 "POST /collect HTTP/1.1" 200 -
06:21:15 "POST /collect HTTP/1.1" 200 -
06:21:16 "GET /roster HTTP/1.1" 200 -
06:21:16 "POST /collect HTTP/1.1" 200 -
06:21:16 "POST /collect HTTP/1.1" 200 -
06:21:17 "GET /roster HTTP/1.1" 200 -
06:21:17 "POST /collect HTTP/1.1" 200 -
06:21:17 "POST /collect HTTP/1.1" 200 -
06:21:18 "GET /roster HTTP/1.1" 200 -
06:21:18 "POST /collect HTTP/1.1" 200 -
06:21:18 "POST /collect HTTP/1.1" 200 -
06:21:19 "GET /roster HTTP/1.1" 200 -
06:21:19 "POST /collect HTTP/1.1" 200 -
06:21:19 "POST /collect HTTP/1.1" 200 -
06:21:20 "GET /roster HTTP/1.1" 200 -
06:21:20 "POST /collect HTTP/1.1" 200 -
06:21:20 "POST /collect HTTP/1.1" 200 -
06:21:21 "GET /roster HTTP/1.1" 200 -
06:21:21 "POST /collect HTTP/1.1" 200 -
06:21:21 "POST /collect HTTP/1.1" 200 -
06:21:22 "GET /roster HTTP/1.1" 200 -
06:21:22 "POST /collect HTTP/1.1" 200 -
06:21:22 "POST /collect HTTP/1.1" 200 -
06:21:23 "GET /roster HTTP/1.1" 200 -
06:21:23 "POST /collect HTTP/1.1" 200 -
06:21:23 "POST /collect HTTP/1.1" 200 -
06:21:24 "GET /roster HTTP/1.1" 200 -
06:21:24 "POST /collect HTTP/1.1" 200 -
06:21:24 "POST /collect HTTP/1.1" 200 -
06:21:25 "GET /roster HTTP/1.1" 200 -
06:21:25 "POST /collect HTTP/1.1" 200 -
06:21:25 "POST /collect HTTP/1.1" 200 -
06:21:26 "GET /roster HTTP/1.1" 200 -
06:21:26 "POST /collect HTTP/1.1" 200 -
06:21:26 "POST /collect HTTP/1.1" 200 -
06:21:27 "GET /roster HTTP/1.1" 200 -
06:21:27 "POST /collect HTTP/1.1" 200 -
06:21:27 "POST /collect HTTP/1.1" 200 -
06:21:28 "GET /roster HTTP/1.1" 200 -
06:21:28 "POST /collect HTTP/1.1" 200 -
06:21:28 "POST /collect HTTP/1.1" 200 -
06:21:29 "GET /roster HTTP/1.1" 200 -
06:21:29 "POST /collect HTTP/1.1" 200 -
06:21:29 "POST /collect HTTP/1.1" 200 -
06:21:29 "POST /collect HTTP/1.1" 200 -
06:21:30 "GET /roster HTTP/1.1" 200 -
06:21:30 "POST /collect HTTP/1.1" 200 -
06:21:30 "POST /collect HTTP/1.1" 200 -
06:21:31 "GET /roster HTTP/1.1" 200 -
06:21:31 "POST /collect HTTP/1.1" 200 -
06:21:31 "POST /collect HTTP/1.1" 200 -
06:21:32 "GET /roster HTTP/1.1" 200 -
06:21:32 "POST /collect HTTP/1.1" 200 -
06:21:32 "POST /collect HTTP/1.1" 200 -
06:21:33 "GET /roster HTTP/1.1" 200 -
06:21:33 "POST /collect HTTP/1.1" 200 -
06:21:33 "POST /collect HTTP/1.1" 200 -
06:21:34 "GET /roster HTTP/1.1" 200 -
06:21:34 "POST /collect HTTP/1.1" 200 -
06:21:34 "POST /collect HTTP/1.1" 200 -
06:21:35 "GET /roster HTTP/1.1" 200 -
06:21:35 "POST /collect HTTP/1.1" 200 -
06:21:35 "POST /collect HTTP/1.1" 200 -
06:21:36 "GET /roster HTTP/1.1" 200 -
06:21:36 "POST /collect HTTP/1.1" 200 -
06:21:36 "POST /collect HTTP/1.1" 200 -
06:21:37 "GET /roster HTTP/1.1" 200 -
06:21:37 "POST /collect HTTP/1.1" 200 -
06:21:37 "POST /collect HTTP/1.1" 200 -
06:21:38 "GET /roster HTTP/1.1" 200 -
06:21:38 "POST /collect HTTP/1.1" 200 -
06:21:38 "POST /collect HTTP/1.1" 200 -
06:21:39 "GET /roster HTTP/1.1" 200 -
06:21:39 "POST /collect HTTP/1.1" 200 -
06:21:39 "POST /collect HTTP/1.1" 200 -
06:21:40 "GET /roster HTTP/1.1" 200 -
06:21:40 "POST /collect HTTP/1.1" 200 -
06:21:40 "POST /collect HTTP/1.1" 200 -
06:21:41 "GET /roster HTTP/1.1" 200 -
06:21:41 "POST /collect HTTP/1.1" 200 -
06:21:41 "POST /collect HTTP/1.1" 200 -
06:21:42 "GET /roster HTTP/1.1" 200 -
06:21:42 "POST /collect HTTP/1.1" 200 -
06:21:42 "POST /collect HTTP/1.1" 200 -
06:21:43 "GET /roster HTTP/1.1" 200 -
06:21:43 "POST /collect HTTP/1.1" 200 -
06:21:43 "POST /collect HTTP/1.1" 200 -
06:21:44 "GET /roster HTTP/1.1" 200 -
06:21:44 "POST /collect HTTP/1.1" 200 -
06:21:44 "POST /collect HTTP/1.1" 200 -
06:21:45 "GET /roster HTTP/1.1" 200 -
06:21:45 "POST /collect HTTP/1.1" 200 -
06:21:45 "POST /collect HTTP/1.1" 200 -
06:21:46 "GET /roster HTTP/1.1" 200 -
06:21:46 "POST /collect HTTP/1.1" 200 -
06:21:46 "POST /collect HTTP/1.1" 200 -
06:21:47 "GET /roster HTTP/1.1" 200 -
06:21:47 "POST /collect HTTP/1.1" 200 -
06:21:47 "POST /collect HTTP/1.1" 200 -
06:21:48 "GET /roster HTTP/1.1" 200 -
06:21:48 "POST /collect HTTP/1.1" 200 -
06:21:48 "POST /collect HTTP/1.1" 200 -
06:21:49 "GET /roster HTTP/1.1" 200 -
06:21:49 "POST /collect HTTP/1.1" 200 -
06:21:49 "POST /collect HTTP/1.1" 200 -
06:21:50 "GET /roster HTTP/1.1" 200 -
06:21:50 "POST /collect HTTP/1.1" 200 -
06:21:50 "POST /collect HTTP/1.1" 200 -
06:21:51 "GET /roster HTTP/1.1" 200 -
06:21:51 "POST /collect HTTP/1.1" 200 -
06:21:51 "POST /collect HTTP/1.1" 200 -
06:21:52 "GET /roster HTTP/1.1" 200 -
06:21:52 "POST /collect HTTP/1.1" 200 -
06:21:52 "POST /collect HTTP/1.1" 200 -
06:21:53 "GET /roster HTTP/1.1" 200 -
06:21:53 "POST /collect HTTP/1.1" 200 -
06:21:53 "POST /collect HTTP/1.1" 200 -
06:21:54 "GET /roster HTTP/1.1" 200 -
06:21:54 "POST /collect HTTP/1.1" 200 -
06:21:54 "POST /collect HTTP/1.1" 200 -
06:21:55 "GET /roster HTTP/1.1" 200 -
06:21:55 "POST /collect HTTP/1.1" 200 -
06:21:55 "POST /collect HTTP/1.1" 200 -
06:21:56 "GET /roster HTTP/1.1" 200 -
06:21:56 "POST /collect HTTP/1.1" 200 -
06:21:56 "POST /collect HTTP/1.1" 200 -
06:21:57 "GET /roster HTTP/1.1" 200 -
06:21:57 "POST /collect HTTP/1.1" 200 -
06:21:57 "POST /collect HTTP/1.1" 200 -
06:21:58 "GET /roster HTTP/1.1" 200 -
06:21:58 "POST /collect HTTP/1.1" 200 -
06:21:58 "POST /collect HTTP/1.1" 200 -
06:21:59 "GET /roster HTTP/1.1" 200 -
06:21:59 "POST /collect HTTP/1.1" 200 -
06:21:59 "POST /collect HTTP/1.1" 200 -
06:22:00 "GET /roster HTTP/1.1" 200 -
06:22:00 "POST /collect HTTP/1.1" 200 -
06:22:00 "POST /collect HTTP/1.1" 200 -
06:22:01 "GET /roster HTTP/1.1" 200 -
06:22:01 "POST /collect HTTP/1.1" 200 -
06:22:01 "POST /collect HTTP/1.1" 200 -
06:22:02 "GET /roster HTTP/1.1" 200 -
06:22:02 "POST /collect HTTP/1.1" 200 -
06:22:02 "POST /collect HTTP/1.1" 200 -
06:22:03 "GET /roster HTTP/1.1" 200 -
06:22:03 "POST /collect HTTP/1.1" 200 -
06:22:03 "POST /collect HTTP/1.1" 200 -
06:22:04 "GET /roster HTTP/1.1" 200 -
06:22:04 "POST /collect HTTP/1.1" 200 -
06:22:04 "POST /collect HTTP/1.1" 200 -
06:22:05 "GET /roster HTTP/1.1" 200 -
06:22:05 "POST /collect HTTP/1.1" 200 -
06:22:05 "POST /collect HTTP/1.1" 200 -
06:22:06 "GET /roster HTTP/1.1" 200 -
06:22:06 "POST /collect HTTP/1.1" 200 -
06:22:06 "POST /collect HTTP/1.1" 200 -
06:22:07 "GET /roster HTTP/1.1" 200 -
06:22:07 "POST /collect HTTP/1.1" 200 -
06:22:07 "POST /collect HTTP/1.1" 200 -
06:22:08 "GET /roster HTTP/1.1" 200 -
06:22:08 "POST /collect HTTP/1.1" 200 -
06:22:08 "POST /collect HTTP/1.1" 200 -
06:22:09 "GET /roster HTTP/1.1" 200 -
06:22:09 "POST /collect HTTP/1.1" 200 -
06:22:09 "POST /collect HTTP/1.1" 200 -
06:22:10 "GET /roster HTTP/1.1" 200 -
06:22:10 "POST /collect HTTP/1.1" 200 -
06:22:10 "POST /collect HTTP/1.1" 200 -
06:22:11 "GET /roster HTTP/1.1" 200 -
06:22:11 "POST /collect HTTP/1.1" 200 -
06:22:11 "POST /collect HTTP/1.1" 200 -
06:22:12 "GET /roster HTTP/1.1" 200 -
06:22:12 "POST /collect HTTP/1.1" 200 -
06:22:12 "POST /collect HTTP/1.1" 200 -
06:22:13 "GET /roster HTTP/1.1" 200 -
06:22:13 "POST /collect HTTP/1.1" 200 -
06:22:13 "POST /collect HTTP/1.1" 200 -
06:22:14 "GET /roster HTTP/1.1" 200 -
06:22:14 "POST /collect HTTP/1.1" 200 -
06:22:14 "POST /collect HTTP/1.1" 200 -
06:22:15 "GET /roster HTTP/1.1" 200 -
06:22:15 "POST /collect HTTP/1.1" 200 -
06:22:15 "POST /collect HTTP/1.1" 200 -
06:22:16 "GET /roster HTTP/1.1" 200 -
06:22:16 "POST /collect HTTP/1.1" 200 -
06:22:16 "POST /collect HTTP/1.1" 200 -
06:22:17 "GET /roster HTTP/1.1" 200 -
06:22:17 "POST /collect HTTP/1.1" 200 -
06:22:17 "POST /collect HTTP/1.1" 200 -
06:22:18 "GET /roster HTTP/1.1" 200 -
06:22:18 "POST /collect HTTP/1.1" 200 -
06:22:18 "POST /collect HTTP/1.1" 200 -
06:22:19 "GET /roster HTTP/1.1" 200 -
06:22:19 "POST /collect HTTP/1.1" 200 -
06:22:19 "POST /collect HTTP/1.1" 200 -
06:22:20 "GET /roster HTTP/1.1" 200 -
06:22:20 "POST /collect HTTP/1.1" 200 -
06:22:20 "POST /collect HTTP/1.1" 200 -
06:22:21 "GET /roster HTTP/1.1" 200 -
06:22:21 "POST /collect HTTP/1.1" 200 -
06:22:21 "POST /collect HTTP/1.1" 200 -
06:22:22 "GET /roster HTTP/1.1" 200 -
06:22:22 "POST /collect HTTP/1.1" 200 -
06:22:22 "POST /collect HTTP/1.1" 200 -
06:22:23 "GET /roster HTTP/1.1" 200 -
06:22:23 "POST /collect HTTP/1.1" 200 -
06:22:23 "POST /collect HTTP/1.1" 200 -
06:22:24 "GET /roster HTTP/1.1" 200 -
06:22:24 "POST /collect HTTP/1.1" 200 -
06:22:24 "POST /collect HTTP/1.1" 200 -
06:22:25 "GET /roster HTTP/1.1" 200 -
06:22:25 "POST /collect HTTP/1.1" 200 -
06:22:25 "POST /collect HTTP/1.1" 200 -
06:22:26 "GET /roster HTTP/1.1" 200 -
06:22:26 "POST /collect HTTP/1.1" 200 -
06:22:26 "POST /collect HTTP/1.1" 200 -
06:22:27 "GET /roster HTTP/1.1" 200 -
06:22:27 "POST /collect HTTP/1.1" 200 -
06:22:27 "POST /collect HTTP/1.1" 200 -
06:22:28 "GET /roster HTTP/1.1" 200 -
06:22:28 "POST /collect HTTP/1.1" 200 -
06:22:28 "POST /collect HTTP/1.1" 200 -
06:22:29 "GET /roster HTTP/1.1" 200 -
06:22:29 "POST /collect HTTP/1.1" 200 -
06:22:29 "POST /collect HTTP/1.1" 200 -
06:22:29 "POST /collect HTTP/1.1" 200 -
06:22:30 "GET /roster HTTP/1.1" 200 -
06:22:30 "POST /collect HTTP/1.1" 200 -
06:22:30 "POST /collect HTTP/1.1" 200 -
06:22:31 "GET /roster HTTP/1.1" 200 -
06:22:31 "POST /collect HTTP/1.1" 200 -
06:22:31 "POST /collect HTTP/1.1" 200 -
06:22:32 "GET /roster HTTP/1.1" 200 -
06:22:32 "POST /collect HTTP/1.1" 200 -
06:22:32 "POST /collect HTTP/1.1" 200 -
06:22:33 "GET /roster HTTP/1.1" 200 -
06:22:33 "POST /collect HTTP/1.1" 200 -
06:22:33 "POST /collect HTTP/1.1" 200 -
06:22:34 "GET /roster HTTP/1.1" 200 -
06:22:34 "POST /collect HTTP/1.1" 200 -
06:22:34 "POST /collect HTTP/1.1" 200 -
06:22:35 "GET /roster HTTP/1.1" 200 -
06:22:35 "POST /collect HTTP/1.1" 200 -
06:22:35 "POST /collect HTTP/1.1" 200 -
06:22:36 "GET /roster HTTP/1.1" 200 -
06:22:36 "POST /collect HTTP/1.1" 200 -
06:22:36 "POST /collect HTTP/1.1" 200 -
06:22:37 "GET /roster HTTP/1.1" 200 -
06:22:37 "POST /collect HTTP/1.1" 200 -
06:22:37 "POST /collect HTTP/1.1" 200 -
06:22:38 "GET /roster HTTP/1.1" 200 -
06:22:38 "POST /collect HTTP/1.1" 200 -
06:22:38 "POST /collect HTTP/1.1" 200 -
06:22:39 "GET /roster HTTP/1.1" 200 -
06:22:39 "POST /collect HTTP/1.1" 200 -
06:22:39 "POST /collect HTTP/1.1" 200 -
06:22:40 "GET /roster HTTP/1.1" 200 -
06:22:40 "POST /collect HTTP/1.1" 200 -
06:22:40 "POST /collect HTTP/1.1" 200 -
06:22:41 "GET /roster HTTP/1.1" 200 -
06:22:41 "POST /collect HTTP/1.1" 200 -
06:22:41 "POST /collect HTTP/1.1" 200 -
06:22:42 "GET /roster HTTP/1.1" 200 -
06:22:42 "POST /collect HTTP/1.1" 200 -
06:22:42 "POST /collect HTTP/1.1" 200 -
06:22:43 "GET /roster HTTP/1.1" 200 -
06:22:43 "POST /collect HTTP/1.1" 200 -
06:22:43 "POST /collect HTTP/1.1" 200 -
06:22:44 "GET /roster HTTP/1.1" 200 -
06:22:44 "POST /collect HTTP/1.1" 200 -
06:22:44 "POST /collect HTTP/1.1" 200 -
06:22:45 "GET /roster HTTP/1.1" 200 -
06:22:45 "POST /collect HTTP/1.1" 200 -
06:22:45 "POST /collect HTTP/1.1" 200 -
06:22:46 "GET /roster HTTP/1.1" 200 -
06:22:46 "POST /collect HTTP/1.1" 200 -
06:22:46 "POST /collect HTTP/1.1" 200 -
06:22:47 "GET /roster HTTP/1.1" 200 -
06:22:47 "POST /collect HTTP/1.1" 200 -
06:22:47 "POST /collect HTTP/1.1" 200 -
06:22:48 "GET /roster HTTP/1.1" 200 -
06:22:48 "POST /collect HTTP/1.1" 200 -
06:22:48 "POST /collect HTTP/1.1" 200 -
06:22:49 "GET /roster HTTP/1.1" 200 -
06:22:49 "POST /collect HTTP/1.1" 200 -
06:22:49 "POST /collect HTTP/1.1" 200 -
06:22:50 "GET /roster HTTP/1.1" 200 -
06:22:50 "POST /collect HTTP/1.1" 200 -
06:22:50 "POST /collect HTTP/1.1" 200 -
06:22:51 "GET /roster HTTP/1.1" 200 -
06:22:51 "POST /collect HTTP/1.1" 200 -
06:22:51 "POST /collect HTTP/1.1" 200 -
06:22:52 "GET /roster HTTP/1.1" 200 -
06:22:52 "POST /collect HTTP/1.1" 200 -
06:22:52 "POST /collect HTTP/1.1" 200 -
06:22:53 "GET /roster HTTP/1.1" 200 -
06:22:53 "POST /collect HTTP/1.1" 200 -
06:22:53 "POST /collect HTTP/1.1" 200 -
06:22:54 "GET /roster HTTP/1.1" 200 -
06:22:54 "POST /collect HTTP/1.1" 200 -
06:22:54 "POST /collect HTTP/1.1" 200 -
06:22:55 "GET /roster HTTP/1.1" 200 -
06:22:55 "POST /collect HTTP/1.1" 200 -
06:22:55 "POST /collect HTTP/1.1" 200 -
06:22:56 "GET /roster HTTP/1.1" 200 -
06:22:56 "POST /collect HTTP/1.1" 200 -
06:22:56 "POST /collect HTTP/1.1" 200 -
06:22:57 "GET /roster HTTP/1.1" 200 -
06:22:57 "POST /collect HTTP/1.1" 200 -
06:22:57 "POST /collect HTTP/1.1" 200 -
06:22:58 "GET /roster HTTP/1.1" 200 -
06:22:58 "POST /collect HTTP/1.1" 200 -
06:22:58 "POST /collect HTTP/1.1" 200 -
06:22:59 "GET /roster HTTP/1.1" 200 -
06:22:59 "POST /collect HTTP/1.1" 200 -
06:22:59 "POST /collect HTTP/1.1" 200 -
06:23:00 "GET /roster HTTP/1.1" 200 -
06:23:00 "POST /collect HTTP/1.1" 200 -
06:23:00 "POST /collect HTTP/1.1" 200 -
06:23:01 "GET /roster HTTP/1.1" 200 -
06:23:01 "POST /collect HTTP/1.1" 200 -
06:23:01 "POST /collect HTTP/1.1" 200 -
06:23:02 "GET /roster HTTP/1.1" 200 -
06:23:02 "POST /collect HTTP/1.1" 200 -
06:23:02 "POST /collect HTTP/1.1" 200 -
06:23:03 "GET /roster HTTP/1.1" 200 -
06:23:03 "POST /collect HTTP/1.1" 200 -
06:23:03 "POST /collect HTTP/1.1" 200 -
06:23:04 "GET /roster HTTP/1.1" 200 -
06:23:04 "POST /collect HTTP/1.1" 200 -
06:23:04 "POST /collect HTTP/1.1" 200 -
06:23:05 "GET /roster HTTP/1.1" 200 -
06:23:05 "POST /collect HTTP/1.1" 200 -
06:23:05 "POST /collect HTTP/1.1" 200 -
06:23:06 "GET /roster HTTP/1.1" 200 -
06:23:06 "POST /collect HTTP/1.1" 200 -
06:23:06 "POST /collect HTTP/1.1" 200 -
06:23:07 "GET /roster HTTP/1.1" 200 -
06:23:07 "POST /collect HTTP/1.1" 200 -
06:23:07 "POST /collect HTTP/1.1" 200 -
06:23:08 "GET /roster HTTP/1.1" 200 -
06:23:08 "POST /collect HTTP/1.1" 200 -
06:23:08 "POST /collect HTTP/1.1" 200 -
06:23:09 "GET /roster HTTP/1.1" 200 -
06:23:09 "POST /collect HTTP/1.1" 200 -
06:23:09 "POST /collect HTTP/1.1" 200 -
06:23:10 "GET /roster HTTP/1.1" 200 -
06:23:10 "POST /collect HTTP/1.1" 200 -
06:23:10 "POST /collect HTTP/1.1" 200 -
06:23:11 "GET /roster HTTP/1.1" 200 -
06:23:11 "POST /collect HTTP/1.1" 200 -
06:23:11 "POST /collect HTTP/1.1" 200 -
06:23:12 "GET /roster HTTP/1.1" 200 -
06:23:12 "POST /collect HTTP/1.1" 200 -
06:23:12 "POST /collect HTTP/1.1" 200 -
06:23:13 "GET /roster HTTP/1.1" 200 -
06:23:13 "POST /collect HTTP/1.1" 200 -
06:23:13 "POST /collect HTTP/1.1" 200 -
06:23:14 "GET /roster HTTP/1.1" 200 -
06:23:14 "POST /collect HTTP/1.1" 200 -
06:23:14 "POST /collect HTTP/1.1" 200 -
06:23:15 "GET /roster HTTP/1.1" 200 -
06:23:15 "POST /collect HTTP/1.1" 200 -
06:23:15 "POST /collect HTTP/1.1" 200 -
06:23:16 "GET /roster HTTP/1.1" 200 -
06:23:16 "POST /collect HTTP/1.1" 200 -
06:23:16 "POST /collect HTTP/1.1" 200 -
06:23:17 "GET /roster HTTP/1.1" 200 -
06:23:17 "POST /collect HTTP/1.1" 200 -
06:23:17 "POST /collect HTTP/1.1" 200 -
06:23:18 "GET /roster HTTP/1.1" 200 -
06:23:18 "POST /collect HTTP/1.1" 200 -
06:23:18 "POST /collect HTTP/1.1" 200 -
06:23:19 "GET /roster HTTP/1.1" 200 -
06:23:19 "POST /collect HTTP/1.1" 200 -
06:23:19 "POST /collect HTTP/1.1" 200 -
06:23:20 "GET /roster HTTP/1.1" 200 -
06:23:20 "POST /collect HTTP/1.1" 200 -
06:23:20 "POST /collect HTTP/1.1" 200 -
06:23:21 "GET /roster HTTP/1.1" 200 -
06:23:21 "POST /collect HTTP/1.1" 200 -
06:23:21 "POST /collect HTTP/1.1" 200 -
06:23:22 "GET /roster HTTP/1.1" 200 -
06:23:22 "POST /collect HTTP/1.1" 200 -
06:23:22 "POST /collect HTTP/1.1" 200 -
06:23:23 "GET /roster HTTP/1.1" 200 -
06:23:23 "POST /collect HTTP/1.1" 200 -
06:23:23 "POST /collect HTTP/1.1" 200 -
06:23:24 "GET /roster HTTP/1.1" 200 -
06:23:24 "POST /collect HTTP/1.1" 200 -
06:23:24 "POST /collect HTTP/1.1" 200 -
06:23:25 "GET /roster HTTP/1.1" 200 -
06:23:25 "POST /collect HTTP/1.1" 200 -
06:23:25 "POST /collect HTTP/1.1" 200 -
06:23:26 "GET /roster HTTP/1.1" 200 -
06:23:26 "POST /collect HTTP/1.1" 200 -
06:23:26 "POST /collect HTTP/1.1" 200 -
06:23:27 "GET /roster HTTP/1.1" 200 -
06:23:27 "POST /collect HTTP/1.1" 200 -
06:23:27 "POST /collect HTTP/1.1" 200 -
06:23:28 "GET /roster HTTP/1.1" 200 -
06:23:28 "POST /collect HTTP/1.1" 200 -
06:23:28 "POST /collect HTTP/1.1" 200 -
06:23:29 "GET /roster HTTP/1.1" 200 -
06:23:29 "POST /collect HTTP/1.1" 200 -
06:23:29 "POST /collect HTTP/1.1" 200 -
06:23:29 "POST /collect HTTP/1.1" 200 -
06:23:30 "GET /roster HTTP/1.1" 200 -
06:23:30 "POST /collect HTTP/1.1" 200 -
06:23:30 "POST /collect HTTP/1.1" 200 -
06:23:31 "GET /roster HTTP/1.1" 200 -
06:23:31 "POST /collect HTTP/1.1" 200 -
06:23:31 "POST /collect HTTP/1.1" 200 -
06:23:32 "GET /roster HTTP/1.1" 200 -
06:23:32 "POST /collect HTTP/1.1" 200 -
06:23:32 "POST /collect HTTP/1.1" 200 -
06:23:33 "GET /roster HTTP/1.1" 200 -
06:23:33 "POST /collect HTTP/1.1" 200 -
06:23:33 "POST /collect HTTP/1.1" 200 -
06:23:34 "GET /roster HTTP/1.1" 200 -
06:23:34 "POST /collect HTTP/1.1" 200 -
06:23:34 "POST /collect HTTP/1.1" 200 -
06:23:35 "GET /roster HTTP/1.1" 200 -
06:23:35 "POST /collect HTTP/1.1" 200 -
06:23:35 "POST /collect HTTP/1.1" 200 -
06:23:36 "GET /roster HTTP/1.1" 200 -
06:23:36 "POST /collect HTTP/1.1" 200 -
06:23:36 "POST /collect HTTP/1.1" 200 -
06:23:37 "GET /roster HTTP/1.1" 200 -
06:23:37 "POST /collect HTTP/1.1" 200 -
06:23:37 "POST /collect HTTP/1.1" 200 -
06:23:38 "GET /roster HTTP/1.1" 200 -
06:23:38 "POST /collect HTTP/1.1" 200 -
06:23:38 "POST /collect HTTP/1.1" 200 -
06:23:39 "GET /roster HTTP/1.1" 200 -
06:23:39 "POST /collect HTTP/1.1" 200 -
06:23:39 "POST /collect HTTP/1.1" 200 -
06:23:40 "GET /roster HTTP/1.1" 200 -
06:23:40 "POST /collect HTTP/1.1" 200 -
06:23:40 "POST /collect HTTP/1.1" 200 -
06:23:41 "GET /roster HTTP/1.1" 200 -
06:23:41 "POST /collect HTTP/1.1" 200 -
06:23:41 "POST /collect HTTP/1.1" 200 -
06:23:42 "GET /roster HTTP/1.1" 200 -
06:23:42 "POST /collect HTTP/1.1" 200 -
06:23:42 "POST /collect HTTP/1.1" 200 -
06:23:43 "GET /roster HTTP/1.1" 200 -
06:23:43 "POST /collect HTTP/1.1" 200 -
06:23:43 "POST /collect HTTP/1.1" 200 -
06:23:44 "GET /roster HTTP/1.1" 200 -
06:23:44 "POST /collect HTTP/1.1" 200 -
06:23:44 "POST /collect HTTP/1.1" 200 -
06:23:45 "GET /roster HTTP/1.1" 200 -
06:23:45 "POST /collect HTTP/1.1" 200 -
06:23:45 "POST /collect HTTP/1.1" 200 -
06:23:46 "GET /roster HTTP/1.1" 200 -
06:23:46 "POST /collect HTTP/1.1" 200 -
06:23:46 "POST /collect HTTP/1.1" 200 -
06:23:47 "GET /roster HTTP/1.1" 200 -
06:23:47 "POST /collect HTTP/1.1" 200 -
06:23:47 "POST /collect HTTP/1.1" 200 -
06:23:48 "GET /roster HTTP/1.1" 200 -
06:23:48 "POST /collect HTTP/1.1" 200 -
06:23:48 "POST /collect HTTP/1.1" 200 -
06:23:49 "GET /roster HTTP/1.1" 200 -
06:23:49 "POST /collect HTTP/1.1" 200 -
06:23:49 "POST /collect HTTP/1.1" 200 -
06:23:50 "GET /roster HTTP/1.1" 200 -
06:23:50 "POST /collect HTTP/1.1" 200 -
06:23:50 "POST /collect HTTP/1.1" 200 -
06:23:51 "GET /roster HTTP/1.1" 200 -
06:23:51 "POST /collect HTTP/1.1" 200 -
06:23:51 "POST /collect HTTP/1.1" 200 -
06:23:52 "GET /roster HTTP/1.1" 200 -
06:23:52 "POST /collect HTTP/1.1" 200 -
06:23:52 "POST /collect HTTP/1.1" 200 -
06:23:53 "GET /roster HTTP/1.1" 200 -
06:23:53 "POST /collect HTTP/1.1" 200 -
06:23:53 "POST /collect HTTP/1.1" 200 -
06:23:54 "GET /roster HTTP/1.1" 200 -
06:23:54 "POST /collect HTTP/1.1" 200 -
06:23:54 "POST /collect HTTP/1.1" 200 -
06:23:55 "GET /roster HTTP/1.1" 200 -
06:23:55 "POST /collect HTTP/1.1" 200 -
06:23:55 "POST /collect HTTP/1.1" 200 -
06:23:56 "GET /roster HTTP/1.1" 200 -
06:23:56 "POST /collect HTTP/1.1" 200 -
06:23:56 "POST /collect HTTP/1.1" 200 -
06:23:57 "GET /roster HTTP/1.1" 200 -
06:23:57 "POST /collect HTTP/1.1" 200 -
06:23:57 "POST /collect HTTP/1.1" 200 -
06:23:58 "GET /roster HTTP/1.1" 200 -
06:23:58 "POST /collect HTTP/1.1" 200 -
06:23:58 "POST /collect HTTP/1.1" 200 -
06:23:59 "GET /roster HTTP/1.1" 200 -
06:23:59 "POST /collect HTTP/1.1" 200 -
06:23:59 "POST /collect HTTP/1.1" 200 -
06:24:00 "GET /roster HTTP/1.1" 200 -
06:24:00 "POST /collect HTTP/1.1" 200 -
06:24:00 "POST /collect HTTP/1.1" 200 -
06:24:01 "GET /roster HTTP/1.1" 200 -
06:24:01 "POST /collect HTTP/1.1" 200 -
06:24:01 "POST /collect HTTP/1.1" 200 -
06:24:02 "GET /roster HTTP/1.1" 200 -
06:24:02 "POST /collect HTTP/1.1" 200 -
06:24:02 "POST /collect HTTP/1.1" 200 -
06:24:03 "GET /roster HTTP/1.1" 200 -
06:24:03 "POST /collect HTTP/1.1" 200 -
06:24:03 "POST /collect HTTP/1.1" 200 -
06:24:04 "GET /roster HTTP/1.1" 200 -
06:24:04 "POST /collect HTTP/1.1" 200 -
06:24:04 "POST /collect HTTP/1.1" 200 -
06:24:05 "GET /roster HTTP/1.1" 200 -
06:24:05 "POST /collect HTTP/1.1" 200 -
06:24:05 "POST /collect HTTP/1.1" 200 -
06:24:06 "GET /roster HTTP/1.1" 200 -
06:24:06 "POST /collect HTTP/1.1" 200 -
06:24:06 "POST /collect HTTP/1.1" 200 -
06:24:07 "GET /roster HTTP/1.1" 200 -
06:24:07 "POST /collect HTTP/1.1" 200 -
06:24:07 "POST /collect HTTP/1.1" 200 -
06:24:08 "GET /roster HTTP/1.1" 200 -
06:24:08 "POST /collect HTTP/1.1" 200 -
06:24:08 "POST /collect HTTP/1.1" 200 -
06:24:09 "GET /roster HTTP/1.1" 200 -
06:24:09 "POST /collect HTTP/1.1" 200 -
06:24:09 "POST /collect HTTP/1.1" 200 -
06:24:10 "GET /roster HTTP/1.1" 200 -
06:24:10 "POST /collect HTTP/1.1" 200 -
06:24:10 "POST /collect HTTP/1.1" 200 -
06:24:11 "GET /roster HTTP/1.1" 200 -
06:24:11 "POST /collect HTTP/1.1" 200 -
06:24:11 "POST /collect HTTP/1.1" 200 -
06:24:12 "GET /roster HTTP/1.1" 200 -
06:24:12 "POST /collect HTTP/1.1" 200 -
06:24:12 "POST /collect HTTP/1.1" 200 -
06:24:13 "GET /roster HTTP/1.1" 200 -
06:24:13 "POST /collect HTTP/1.1" 200 -
06:24:13 "POST /collect HTTP/1.1" 200 -
06:24:14 "GET /roster HTTP/1.1" 200 -
06:24:14 "POST /collect HTTP/1.1" 200 -
06:24:14 "POST /collect HTTP/1.1" 200 -
06:24:15 "GET /roster HTTP/1.1" 200 -
06:24:15 "POST /collect HTTP/1.1" 200 -
06:24:15 "POST /collect HTTP/1.1" 200 -
06:24:16 "GET /roster HTTP/1.1" 200 -
06:24:16 "POST /collect HTTP/1.1" 200 -
06:24:16 "POST /collect HTTP/1.1" 200 -
06:24:17 "GET /roster HTTP/1.1" 200 -
06:24:17 "POST /collect HTTP/1.1" 200 -
06:24:17 "POST /collect HTTP/1.1" 200 -
06:24:18 "GET /roster HTTP/1.1" 200 -
06:24:18 "POST /collect HTTP/1.1" 200 -
06:24:18 "POST /collect HTTP/1.1" 200 -
06:24:19 "GET /roster HTTP/1.1" 200 -
06:24:19 "POST /collect HTTP/1.1" 200 -
06:24:19 "POST /collect HTTP/1.1" 200 -
06:24:20 "GET /roster HTTP/1.1" 200 -
06:24:20 "POST /collect HTTP/1.1" 200 -
06:24:20 "POST /collect HTTP/1.1" 200 -
06:24:21 "GET /roster HTTP/1.1" 200 -
06:24:21 "POST /collect HTTP/1.1" 200 -
06:24:21 "POST /collect HTTP/1.1" 200 -
06:24:22 "GET /roster HTTP/1.1" 200 -
06:24:22 "POST /collect HTTP/1.1" 200 -
06:24:22 "POST /collect HTTP/1.1" 200 -
06:24:23 "GET /roster HTTP/1.1" 200 -
06:24:23 "POST /collect HTTP/1.1" 200 -
06:24:23 "POST /collect HTTP/1.1" 200 -
06:24:24 "GET /roster HTTP/1.1" 200 -
06:24:24 "POST /collect HTTP/1.1" 200 -
06:24:24 "POST /collect HTTP/1.1" 200 -
06:24:25 "GET /roster HTTP/1.1" 200 -
06:24:25 "POST /collect HTTP/1.1" 200 -
06:24:25 "POST /collect HTTP/1.1" 200 -
06:24:26 "GET /roster HTTP/1.1" 200 -
06:24:26 "POST /collect HTTP/1.1" 200 -
06:24:26 "POST /collect HTTP/1.1" 200 -
06:24:27 "GET /roster HTTP/1.1" 200 -
06:24:27 "POST /collect HTTP/1.1" 200 -
06:24:27 "POST /collect HTTP/1.1" 200 -
06:24:28 "GET /roster HTTP/1.1" 200 -
06:24:28 "POST /collect HTTP/1.1" 200 -
06:24:28 "POST /collect HTTP/1.1" 200 -
06:24:29 "GET /roster HTTP/1.1" 200 -
06:24:29 "POST /collect HTTP/1.1" 200 -
06:24:29 "POST /collect HTTP/1.1" 200 -
06:24:29 "POST /collect HTTP/1.1" 200 -
06:24:30 "GET /roster HTTP/1.1" 200 -
06:24:30 "POST /collect HTTP/1.1" 200 -
06:24:30 "POST /collect HTTP/1.1" 200 -
06:24:31 "GET /roster HTTP/1.1" 200 -
06:24:31 "POST /collect HTTP/1.1" 200 -
06:24:31 "POST /collect HTTP/1.1" 200 -
06:24:32 "GET /roster HTTP/1.1" 200 -
06:24:32 "POST /collect HTTP/1.1" 200 -
06:24:32 "POST /collect HTTP/1.1" 200 -
06:24:33 "GET /roster HTTP/1.1" 200 -
06:24:33 "POST /collect HTTP/1.1" 200 -
06:24:33 "POST /collect HTTP/1.1" 200 -
06:24:34 "GET /roster HTTP/1.1" 200 -
06:24:34 "POST /collect HTTP/1.1" 200 -
06:24:34 "POST /collect HTTP/1.1" 200 -
06:24:35 "GET /roster HTTP/1.1" 200 -
06:24:35 "POST /collect HTTP/1.1" 200 -
06:24:35 "POST /collect HTTP/1.1" 200 -
06:24:36 "GET /roster HTTP/1.1" 200 -
06:24:36 "POST /collect HTTP/1.1" 200 -
06:24:36 "POST /collect HTTP/1.1" 200 -
06:24:37 "GET /roster HTTP/1.1" 200 -
06:24:37 "POST /collect HTTP/1.1" 200 -
06:24:37 "POST /collect HTTP/1.1" 200 -
06:24:38 "GET /roster HTTP/1.1" 200 -
06:24:38 "POST /collect HTTP/1.1" 200 -
06:24:38 "POST /collect HTTP/1.1" 200 -
06:24:39 "GET /roster HTTP/1.1" 200 -
06:24:39 "POST /collect HTTP/1.1" 200 -
06:24:39 "POST /collect HTTP/1.1" 200 -
06:24:40 "GET /roster HTTP/1.1" 200 -
06:24:40 "POST /collect HTTP/1.1" 200 -
06:24:40 "POST /collect HTTP/1.1" 200 -
06:24:41 "GET /roster HTTP/1.1" 200 -
06:24:41 "POST /collect HTTP/1.1" 200 -
06:24:41 "POST /collect HTTP/1.1" 200 -
06:24:42 "GET /roster HTTP/1.1" 200 -
06:24:42 "POST /collect HTTP/1.1" 200 -
06:24:42 "POST /collect HTTP/1.1" 200 -
06:24:43 "GET /roster HTTP/1.1" 200 -
06:24:43 "POST /collect HTTP/1.1" 200 -
06:24:43 "POST /collect HTTP/1.1" 200 -
06:24:44 "GET /roster HTTP/1.1" 200 -
06:24:44 "POST /collect HTTP/1.1" 200 -
06:24:44 "POST /collect HTTP/1.1" 200 -
06:24:45 "GET /roster HTTP/1.1" 200 -
06:24:45 "POST /collect HTTP/1.1" 200 -
06:24:45 "POST /collect HTTP/1.1" 200 -
06:24:46 "GET /roster HTTP/1.1" 200 -
06:24:46 "POST /collect HTTP/1.1" 200 -
06:24:46 "POST /collect HTTP/1.1" 200 -
06:24:47 "GET /roster HTTP/1.1" 200 -
06:24:47 "POST /collect HTTP/1.1" 200 -
06:24:47 "POST /collect HTTP/1.1" 200 -
06:24:48 "GET /roster HTTP/1.1" 200 -
06:24:48 "POST /collect HTTP/1.1" 200 -
06:24:48 "POST /collect HTTP/1.1" 200 -
06:24:49 "GET /roster HTTP/1.1" 200 -
06:24:49 "POST /collect HTTP/1.1" 200 -
06:24:49 "POST /collect HTTP/1.1" 200 -
06:24:50 "GET /roster HTTP/1.1" 200 -
06:24:50 "POST /collect HTTP/1.1" 200 -
06:24:50 "POST /collect HTTP/1.1" 200 -
06:24:51 "GET /roster HTTP/1.1" 200 -
06:24:51 "POST /collect HTTP/1.1" 200 -
06:24:51 "POST /collect HTTP/1.1" 200 -
06:24:52 "GET /roster HTTP/1.1" 200 -
06:24:52 "POST /collect HTTP/1.1" 200 -
06:24:52 "POST /collect HTTP/1.1" 200 -
06:24:53 "GET /roster HTTP/1.1" 200 -
06:24:53 "POST /collect HTTP/1.1" 200 -
06:24:53 "POST /collect HTTP/1.1" 200 -
06:24:54 "GET /roster HTTP/1.1" 200 -
06:24:54 "POST /collect HTTP/1.1" 200 -
06:24:54 "POST /collect HTTP/1.1" 200 -
06:24:55 "GET /roster HTTP/1.1" 200 -
06:24:55 "POST /collect HTTP/1.1" 200 -
06:24:55 "POST /collect HTTP/1.1" 200 -
06:24:56 "GET /roster HTTP/1.1" 200 -
06:24:56 "POST /collect HTTP/1.1" 200 -
06:24:56 "POST /collect HTTP/1.1" 200 -
06:24:57 "GET /roster HTTP/1.1" 200 -
06:24:57 "POST /collect HTTP/1.1" 200 -
06:24:57 "POST /collect HTTP/1.1" 200 -
06:24:58 "GET /roster HTTP/1.1" 200 -
06:24:58 "POST /collect HTTP/1.1" 200 -
06:24:58 "POST /collect HTTP/1.1" 200 -
06:24:59 "GET /roster HTTP/1.1" 200 -
06:24:59 "POST /collect HTTP/1.1" 200 -
06:24:59 "POST /collect HTTP/1.1" 200 -
06:25:00 "GET /roster HTTP/1.1" 200 -
06:25:00 "POST /collect HTTP/1.1" 200 -
06:25:00 "POST /collect HTTP/1.1" 200 -
06:25:01 "GET /roster HTTP/1.1" 200 -
06:25:01 "POST /collect HTTP/1.1" 200 -
06:25:01 "POST /collect HTTP/1.1" 200 -
06:25:02 "GET /roster HTTP/1.1" 200 -
06:25:02 "POST /collect HTTP/1.1" 200 -
06:25:02 "POST /collect HTTP/1.1" 200 -
06:25:03 "GET /roster HTTP/1.1" 200 -
06:25:03 "POST /collect HTTP/1.1" 200 -
06:25:03 "POST /collect HTTP/1.1" 200 -
06:25:04 "GET /roster HTTP/1.1" 200 -
06:25:04 "POST /collect HTTP/1.1" 200 -
06:25:04 "POST /collect HTTP/1.1" 200 -
06:25:05 "GET /roster HTTP/1.1" 200 -
06:25:05 "POST /collect HTTP/1.1" 200 -
06:25:05 "POST /collect HTTP/1.1" 200 -
06:25:06 "GET /roster HTTP/1.1" 200 -
06:25:06 "POST /collect HTTP/1.1" 200 -
06:25:06 "POST /collect HTTP/1.1" 200 -
06:25:07 "GET /roster HTTP/1.1" 200 -
06:25:07 "POST /collect HTTP/1.1" 200 -
06:25:07 "POST /collect HTTP/1.1" 200 -
06:25:08 "GET /roster HTTP/1.1" 200 -
06:25:08 "POST /collect HTTP/1.1" 200 -
06:25:08 "POST /collect HTTP/1.1" 200 -
06:25:09 "GET /roster HTTP/1.1" 200 -
06:25:09 "POST /collect HTTP/1.1" 200 -
06:25:09 "POST /collect HTTP/1.1" 200 -
06:25:10 "GET /roster HTTP/1.1" 200 -
06:25:10 "POST /collect HTTP/1.1" 200 -
06:25:10 "POST /collect HTTP/1.1" 200 -
06:25:11 "GET /roster HTTP/1.1" 200 -
06:25:11 "POST /collect HTTP/1.1" 200 -
06:25:11 "POST /collect HTTP/1.1" 200 -
06:25:12 "GET /roster HTTP/1.1" 200 -
06:25:12 "POST /collect HTTP/1.1" 200 -
06:25:12 "POST /collect HTTP/1.1" 200 -
06:25:13 "GET /roster HTTP/1.1" 200 -
06:25:13 "POST /collect HTTP/1.1" 200 -
06:25:13 "POST /collect HTTP/1.1" 200 -
06:25:14 "GET /roster HTTP/1.1" 200 -
06:25:14 "POST /collect HTTP/1.1" 200 -
06:25:14 "POST /collect HTTP/1.1" 200 -
06:25:15 "GET /roster HTTP/1.1" 200 -
06:25:15 "POST /collect HTTP/1.1" 200 -
06:25:15 "POST /collect HTTP/1.1" 200 -
06:25:16 "GET /roster HTTP/1.1" 200 -
06:25:16 "POST /collect HTTP/1.1" 200 -
06:25:16 "POST /collect HTTP/1.1" 200 -
06:25:17 "GET /roster HTTP/1.1" 200 -
06:25:17 "POST /collect HTTP/1.1" 200 -
06:25:17 "POST /collect HTTP/1.1" 200 -
06:25:18 "GET /roster HTTP/1.1" 200 -
06:25:18 "POST /collect HTTP/1.1" 200 -
06:25:18 "POST /collect HTTP/1.1" 200 -
06:25:19 "GET /roster HTTP/1.1" 200 -
06:25:19 "POST /collect HTTP/1.1" 200 -
06:25:19 "POST /collect HTTP/1.1" 200 -
06:25:20 "GET /roster HTTP/1.1" 200 -
06:25:20 "POST /collect HTTP/1.1" 200 -
06:25:20 "POST /collect HTTP/1.1" 200 -
06:25:21 "GET /roster HTTP/1.1" 200 -
06:25:21 "POST /collect HTTP/1.1" 200 -
06:25:21 "POST /collect HTTP/1.1" 200 -
06:25:22 "GET /roster HTTP/1.1" 200 -
06:25:22 "POST /collect HTTP/1.1" 200 -
06:25:22 "POST /collect HTTP/1.1" 200 -
06:25:23 "GET /roster HTTP/1.1" 200 -
06:25:23 "POST /collect HTTP/1.1" 200 -
06:25:23 "POST /collect HTTP/1.1" 200 -
06:25:24 "GET /roster HTTP/1.1" 200 -
06:25:24 "POST /collect HTTP/1.1" 200 -
06:25:24 "POST /collect HTTP/1.1" 200 -
06:25:25 "GET /roster HTTP/1.1" 200 -
06:25:25 "POST /collect HTTP/1.1" 200 -
06:25:25 "POST /collect HTTP/1.1" 200 -
06:25:26 "GET /roster HTTP/1.1" 200 -
06:25:26 "POST /collect HTTP/1.1" 200 -
06:25:26 "POST /collect HTTP/1.1" 200 -
06:25:27 "GET /roster HTTP/1.1" 200 -
06:25:27 "POST /collect HTTP/1.1" 200 -
06:25:27 "POST /collect HTTP/1.1" 200 -
06:25:28 "GET /roster HTTP/1.1" 200 -
06:25:28 "POST /collect HTTP/1.1" 200 -
06:25:28 "POST /collect HTTP/1.1" 200 -
06:25:29 "GET /roster HTTP/1.1" 200 -
06:25:29 "POST /collect HTTP/1.1" 200 -
06:25:29 "POST /collect HTTP/1.1" 200 -
06:25:30 "POST /collect HTTP/1.1" 200 -
06:25:30 "GET /roster HTTP/1.1" 200 -
06:25:30 "GET /roster HTTP/1.1" 200 -
06:25:30 CF GET /sessions/2f9e9c4b6bfc13798a756702022ffdd58707c5810dcc4a98d49a1be3afea281c -> 200 (180 ms)
06:25:30 "GET /cf/sessions/2f9e9c4b6bfc13798a756702022ffdd58707c5810dcc4a98d49a1be3afea281c HTTP/1.1" 200 -
06:25:30 "POST /collect HTTP/1.1" 200 -
06:25:30 "GET /roster HTTP/1.1" 200 -
06:25:30 CF GET /sessions/ffdcd1faec24aecb094b39b36dc328ad203307f30d12dca16cbf92933099fab9 -> 200 (143 ms)
06:25:30 "GET /cf/sessions/ffdcd1faec24aecb094b39b36dc328ad203307f30d12dca16cbf92933099fab9 HTTP/1.1" 200 -
06:25:30 "POST /collect HTTP/1.1" 200 -
06:25:30 "POST /collect HTTP/1.1" 200 -
06:25:30 "POST /collect HTTP/1.1" 200 -
06:25:31 "GET /roster HTTP/1.1" 200 -
06:25:31 "POST /collect HTTP/1.1" 200 -
06:25:31 "POST /collect HTTP/1.1" 200 -
06:25:32 "GET /roster HTTP/1.1" 200 -
06:25:32 "POST /collect HTTP/1.1" 200 -
06:25:32 "POST /collect HTTP/1.1" 200 -
06:25:33 "GET /roster HTTP/1.1" 200 -
06:25:33 "POST /collect HTTP/1.1" 200 -
06:25:33 "POST /collect HTTP/1.1" 200 -
06:25:34 "GET /roster HTTP/1.1" 200 -
06:25:34 "POST /collect HTTP/1.1" 200 -
06:25:34 "POST /collect HTTP/1.1" 200 -
06:25:35 "GET /roster HTTP/1.1" 200 -
06:25:35 "POST /collect HTTP/1.1" 200 -
06:25:35 "POST /collect HTTP/1.1" 200 -
06:25:36 "GET /roster HTTP/1.1" 200 -
06:25:36 "POST /collect HTTP/1.1" 200 -
06:25:36 "POST /collect HTTP/1.1" 200 -
06:25:37 "GET /roster HTTP/1.1" 200 -
06:25:37 "POST /collect HTTP/1.1" 200 -
06:25:37 "POST /collect HTTP/1.1" 200 -
06:25:38 "GET /roster HTTP/1.1" 200 -
06:25:38 "POST /collect HTTP/1.1" 200 -
06:25:38 "POST /collect HTTP/1.1" 200 -
06:25:39 "GET /roster HTTP/1.1" 200 -
06:25:39 "POST /collect HTTP/1.1" 200 -
06:25:39 "POST /collect HTTP/1.1" 200 -
06:25:40 "GET /roster HTTP/1.1" 200 -
06:25:40 "POST /collect HTTP/1.1" 200 -
06:25:40 "POST /collect HTTP/1.1" 200 -
06:25:41 "GET /roster HTTP/1.1" 200 -
06:25:41 "POST /collect HTTP/1.1" 200 -
06:25:41 "POST /collect HTTP/1.1" 200 -
06:25:42 "GET /roster HTTP/1.1" 200 -
06:25:42 "POST /collect HTTP/1.1" 200 -
06:25:42 "POST /collect HTTP/1.1" 200 -
06:25:43 "GET /roster HTTP/1.1" 200 -
06:25:43 "POST /collect HTTP/1.1" 200 -
06:25:43 "POST /collect HTTP/1.1" 200 -
06:25:44 "GET /roster HTTP/1.1" 200 -
06:25:44 "POST /collect HTTP/1.1" 200 -
06:25:44 "POST /collect HTTP/1.1" 200 -
06:25:45 "GET /roster HTTP/1.1" 200 -
06:25:45 "POST /collect HTTP/1.1" 200 -
06:25:45 "POST /collect HTTP/1.1" 200 -
06:25:46 "GET /roster HTTP/1.1" 200 -
06:25:46 "POST /collect HTTP/1.1" 200 -
06:25:46 "POST /collect HTTP/1.1" 200 -
06:25:47 "GET /roster HTTP/1.1" 200 -
06:25:47 "POST /collect HTTP/1.1" 200 -
06:25:47 "POST /collect HTTP/1.1" 200 -
06:25:48 "GET /roster HTTP/1.1" 200 -
06:25:48 "POST /collect HTTP/1.1" 200 -
06:25:48 "POST /collect HTTP/1.1" 200 -
06:25:49 "GET /roster HTTP/1.1" 200 -
06:25:49 "POST /collect HTTP/1.1" 200 -
06:25:49 "POST /collect HTTP/1.1" 200 -
06:25:50 "GET /roster HTTP/1.1" 200 -
06:25:50 "POST /collect HTTP/1.1" 200 -
06:25:50 "POST /collect HTTP/1.1" 200 -
06:25:51 "GET /roster HTTP/1.1" 200 -
06:25:51 "POST /collect HTTP/1.1" 200 -
06:25:52 "GET /roster HTTP/1.1" 200 -
06:25:52 "POST /collect HTTP/1.1" 200 -
06:25:53 "GET /roster HTTP/1.1" 200 -
06:25:53 "POST /collect HTTP/1.1" 200 -
06:25:54 "GET /roster HTTP/1.1" 200 -
06:25:54 "POST /collect HTTP/1.1" 200 -
06:25:55 "GET /roster HTTP/1.1" 200 -
06:25:55 "POST /collect HTTP/1.1" 200 -
06:25:55 "POST /collect HTTP/1.1" 200 -
06:25:55 "POST /collect HTTP/1.1" 200 -
06:25:56 "GET /roster HTTP/1.1" 200 -
06:25:56 "POST /collect HTTP/1.1" 200 -
06:25:57 "GET /roster HTTP/1.1" 200 -
06:25:57 "POST /collect HTTP/1.1" 200 -
06:25:58 "GET /roster HTTP/1.1" 200 -
06:25:58 "POST /collect HTTP/1.1" 200 -
06:25:59 "GET /roster HTTP/1.1" 200 -
06:25:59 "POST /collect HTTP/1.1" 200 -
06:26:00 "GET /roster HTTP/1.1" 200 -
06:26:00 "POST /collect HTTP/1.1" 200 -
06:26:01 "GET /roster HTTP/1.1" 200 -
06:26:01 "POST /collect HTTP/1.1" 200 -
06:26:02 "GET /roster HTTP/1.1" 200 -
06:26:02 "POST /collect HTTP/1.1" 200 -
06:26:03 "GET /roster HTTP/1.1" 200 -
06:26:03 "POST /collect HTTP/1.1" 200 -
06:26:04 "GET /roster HTTP/1.1" 200 -
06:26:04 "POST /collect HTTP/1.1" 200 -
06:26:05 "GET /roster HTTP/1.1" 200 -
06:26:05 "POST /collect HTTP/1.1" 200 -
06:26:05 "POST /collect HTTP/1.1" 200 -
06:26:06 "GET /roster HTTP/1.1" 200 -
06:26:06 "POST /collect HTTP/1.1" 200 -
06:26:07 "GET /roster HTTP/1.1" 200 -
06:26:07 "POST /collect HTTP/1.1" 200 -
06:26:08 "GET /roster HTTP/1.1" 200 -
06:26:08 "POST /collect HTTP/1.1" 200 -
06:26:09 "GET /roster HTTP/1.1" 200 -
06:26:09 "POST /collect HTTP/1.1" 200 -
06:26:10 "GET /roster HTTP/1.1" 200 -
06:26:10 "POST /collect HTTP/1.1" 200 -
06:26:11 "GET /roster HTTP/1.1" 200 -
06:26:11 "POST /collect HTTP/1.1" 200 -
06:26:12 "GET /roster HTTP/1.1" 200 -
06:26:12 "POST /collect HTTP/1.1" 200 -
06:26:13 "GET /roster HTTP/1.1" 200 -
06:26:13 "POST /collect HTTP/1.1" 200 -
06:26:14 "GET /roster HTTP/1.1" 200 -
06:26:14 "POST /collect HTTP/1.1" 200 -
06:26:15 "GET /roster HTTP/1.1" 200 -
06:26:15 "POST /collect HTTP/1.1" 200 -
06:26:16 "GET /roster HTTP/1.1" 200 -
06:26:16 "POST /collect HTTP/1.1" 200 -
06:26:17 "GET /roster HTTP/1.1" 200 -
06:26:17 "POST /collect HTTP/1.1" 200 -
06:26:18 "GET /roster HTTP/1.1" 200 -
06:26:18 "POST /collect HTTP/1.1" 200 -
06:26:19 "GET /roster HTTP/1.1" 200 -
06:26:19 "POST /collect HTTP/1.1" 200 -
06:26:20 "GET /roster HTTP/1.1" 200 -
06:26:20 "POST /collect HTTP/1.1" 200 -
06:26:21 "GET /roster HTTP/1.1" 200 -
06:26:21 "POST /collect HTTP/1.1" 200 -
06:26:22 "GET /roster HTTP/1.1" 200 -
06:26:22 "POST /collect HTTP/1.1" 200 -
06:26:23 "GET /roster HTTP/1.1" 200 -
06:26:23 "POST /collect HTTP/1.1" 200 -
06:26:24 "GET /roster HTTP/1.1" 200 -
06:26:24 "POST /collect HTTP/1.1" 200 -
06:26:25 "GET /roster HTTP/1.1" 200 -
06:26:25 "POST /collect HTTP/1.1" 200 -
06:26:26 "GET /roster HTTP/1.1" 200 -
06:26:26 "POST /collect HTTP/1.1" 200 -
06:26:27 "GET /roster HTTP/1.1" 200 -
06:26:27 "POST /collect HTTP/1.1" 200 -
06:26:28 "GET /roster HTTP/1.1" 200 -
06:26:28 "POST /collect HTTP/1.1" 200 -
06:26:29 "GET /roster HTTP/1.1" 200 -
06:26:29 "POST /collect HTTP/1.1" 200 -
06:26:30 "GET /roster HTTP/1.1" 200 -
06:26:30 "POST /collect HTTP/1.1" 200 -
06:26:30 "POST /collect HTTP/1.1" 200 -
06:26:31 "GET /roster HTTP/1.1" 200 -
06:26:31 "POST /collect HTTP/1.1" 200 -
06:26:32 "GET /roster HTTP/1.1" 200 -
06:26:32 "POST /collect HTTP/1.1" 200 -
06:26:33 "GET /roster HTTP/1.1" 200 -
06:26:33 "POST /collect HTTP/1.1" 200 -
06:26:34 "GET /roster HTTP/1.1" 200 -
06:26:34 "POST /collect HTTP/1.1" 200 -
06:26:35 "GET /roster HTTP/1.1" 200 -
06:26:35 "POST /collect HTTP/1.1" 200 -
06:26:36 "GET /roster HTTP/1.1" 200 -
06:26:36 "POST /collect HTTP/1.1" 200 -
06:26:37 "GET /roster HTTP/1.1" 200 -
06:26:37 "POST /collect HTTP/1.1" 200 -
06:26:38 "GET /roster HTTP/1.1" 200 -
06:26:38 "POST /collect HTTP/1.1" 200 -
06:26:39 "GET /roster HTTP/1.1" 200 -
06:26:39 "POST /collect HTTP/1.1" 200 -
06:26:40 "GET /roster HTTP/1.1" 200 -
06:26:40 "POST /collect HTTP/1.1" 200 -
06:26:41 "GET /roster HTTP/1.1" 200 -
06:26:41 "POST /collect HTTP/1.1" 200 -
06:26:42 "GET /roster HTTP/1.1" 200 -
06:26:42 "POST /collect HTTP/1.1" 200 -
06:26:43 "GET /roster HTTP/1.1" 200 -
06:26:43 "POST /collect HTTP/1.1" 200 -
06:26:44 "GET /roster HTTP/1.1" 200 -
06:26:44 "POST /collect HTTP/1.1" 200 -
06:26:45 "GET /roster HTTP/1.1" 200 -
06:26:45 "POST /collect HTTP/1.1" 200 -
06:26:46 "GET /roster HTTP/1.1" 200 -
06:26:46 "POST /collect HTTP/1.1" 200 -
06:26:47 "GET /roster HTTP/1.1" 200 -
06:26:47 "POST /collect HTTP/1.1" 200 -
06:26:48 "GET /roster HTTP/1.1" 200 -
06:26:48 "POST /collect HTTP/1.1" 200 -
06:26:49 "GET /roster HTTP/1.1" 200 -
06:26:49 "POST /collect HTTP/1.1" 200 -
06:26:50 "GET /roster HTTP/1.1" 200 -
06:26:50 "POST /collect HTTP/1.1" 200 -
06:26:51 "GET /roster HTTP/1.1" 200 -
06:26:51 "POST /collect HTTP/1.1" 200 -
06:26:52 "GET /roster HTTP/1.1" 200 -
06:26:52 "POST /collect HTTP/1.1" 200 -
06:26:53 "GET /roster HTTP/1.1" 200 -
06:26:53 "POST /collect HTTP/1.1" 200 -
06:26:54 "GET /roster HTTP/1.1" 200 -
06:26:54 "POST /collect HTTP/1.1" 200 -
06:26:55 "GET /roster HTTP/1.1" 200 -
06:26:55 "POST /collect HTTP/1.1" 200 -
06:26:56 "GET /roster HTTP/1.1" 200 -
06:26:56 "POST /collect HTTP/1.1" 200 -
06:26:57 "GET /roster HTTP/1.1" 200 -
06:26:57 "POST /collect HTTP/1.1" 200 -
06:26:58 "GET /roster HTTP/1.1" 200 -
06:26:58 "POST /collect HTTP/1.1" 200 -
06:26:59 "GET /roster HTTP/1.1" 200 -
06:26:59 "POST /collect HTTP/1.1" 200 -
06:27:00 "GET /roster HTTP/1.1" 200 -
06:27:00 "POST /collect HTTP/1.1" 200 -
06:27:01 "GET /roster HTTP/1.1" 200 -
06:27:01 "POST /collect HTTP/1.1" 200 -
06:27:02 "GET /roster HTTP/1.1" 200 -
06:27:02 "POST /collect HTTP/1.1" 200 -
06:27:03 "GET /roster HTTP/1.1" 200 -
06:27:03 "POST /collect HTTP/1.1" 200 -
06:27:04 "GET /roster HTTP/1.1" 200 -
06:27:04 "POST /collect HTTP/1.1" 200 -
06:27:05 "GET /roster HTTP/1.1" 200 -
06:27:05 "POST /collect HTTP/1.1" 200 -
06:27:06 "GET /roster HTTP/1.1" 200 -
06:27:06 "POST /collect HTTP/1.1" 200 -
06:27:07 "GET /roster HTTP/1.1" 200 -
06:27:07 "POST /collect HTTP/1.1" 200 -
06:27:08 "GET /roster HTTP/1.1" 200 -
06:27:08 "POST /collect HTTP/1.1" 200 -
06:27:09 "GET /roster HTTP/1.1" 200 -
06:27:09 "POST /collect HTTP/1.1" 200 -
06:27:10 "GET /roster HTTP/1.1" 200 -
06:27:10 "POST /collect HTTP/1.1" 200 -
06:27:11 "GET /roster HTTP/1.1" 200 -
06:27:11 "POST /collect HTTP/1.1" 200 -
06:27:12 "GET /roster HTTP/1.1" 200 -
06:27:12 "POST /collect HTTP/1.1" 200 -
06:27:13 "GET /roster HTTP/1.1" 200 -
06:27:13 "POST /collect HTTP/1.1" 200 -
06:27:14 "GET /roster HTTP/1.1" 200 -
06:27:14 "POST /collect HTTP/1.1" 200 -
06:27:15 "GET /roster HTTP/1.1" 200 -
06:27:15 "POST /collect HTTP/1.1" 200 -
06:27:16 "GET /roster HTTP/1.1" 200 -
06:27:16 "POST /collect HTTP/1.1" 200 -
06:27:17 "GET /roster HTTP/1.1" 200 -
06:27:17 "POST /collect HTTP/1.1" 200 -
06:27:18 "GET /roster HTTP/1.1" 200 -
06:27:18 "POST /collect HTTP/1.1" 200 -
06:27:19 "GET /roster HTTP/1.1" 200 -
06:27:19 "POST /collect HTTP/1.1" 200 -
06:27:20 "GET /roster HTTP/1.1" 200 -
06:27:20 "POST /collect HTTP/1.1" 200 -
06:27:21 "GET /roster HTTP/1.1" 200 -
06:27:21 "POST /collect HTTP/1.1" 200 -
06:27:22 "GET /roster HTTP/1.1" 200 -
06:27:22 "POST /collect HTTP/1.1" 200 -
06:27:23 "GET /roster HTTP/1.1" 200 -
06:27:23 "POST /collect HTTP/1.1" 200 -
06:27:24 "GET /roster HTTP/1.1" 200 -
06:27:24 "POST /collect HTTP/1.1" 200 -
06:27:25 "GET /roster HTTP/1.1" 200 -
06:27:25 "POST /collect HTTP/1.1" 200 -
06:27:26 "GET /roster HTTP/1.1" 200 -
06:27:26 "POST /collect HTTP/1.1" 200 -
06:27:27 "GET /roster HTTP/1.1" 200 -
06:27:27 "POST /collect HTTP/1.1" 200 -
06:27:28 "GET /roster HTTP/1.1" 200 -
06:27:28 "POST /collect HTTP/1.1" 200 -
06:27:29 "GET /roster HTTP/1.1" 200 -
06:27:29 "POST /collect HTTP/1.1" 200 -
06:27:30 "GET /roster HTTP/1.1" 200 -
06:27:30 "POST /collect HTTP/1.1" 200 -
06:27:30 "POST /collect HTTP/1.1" 200 -
06:27:31 "GET /roster HTTP/1.1" 200 -
06:27:31 "POST /collect HTTP/1.1" 200 -
06:27:32 "GET /roster HTTP/1.1" 200 -
06:27:32 "POST /collect HTTP/1.1" 200 -
06:27:33 "GET /roster HTTP/1.1" 200 -
06:27:33 "POST /collect HTTP/1.1" 200 -
06:27:34 "GET /roster HTTP/1.1" 200 -
06:27:34 "POST /collect HTTP/1.1" 200 -
06:27:35 "GET /roster HTTP/1.1" 200 -
06:27:35 "POST /collect HTTP/1.1" 200 -
06:27:36 "GET /roster HTTP/1.1" 200 -
06:27:36 "POST /collect HTTP/1.1" 200 -
06:27:37 "GET /roster HTTP/1.1" 200 -
06:27:37 "POST /collect HTTP/1.1" 200 -
06:27:38 "GET /roster HTTP/1.1" 200 -
06:27:38 "POST /collect HTTP/1.1" 200 -
06:27:39 "GET /roster HTTP/1.1" 200 -
06:27:39 "POST /collect HTTP/1.1" 200 -
06:27:40 "GET /roster HTTP/1.1" 200 -
06:27:40 "POST /collect HTTP/1.1" 200 -
06:27:41 "GET /roster HTTP/1.1" 200 -
06:27:41 "POST /collect HTTP/1.1" 200 -
06:27:42 "GET /roster HTTP/1.1" 200 -
06:27:42 "POST /collect HTTP/1.1" 200 -
06:27:43 "GET /roster HTTP/1.1" 200 -
06:27:43 "POST /collect HTTP/1.1" 200 -
06:27:44 "GET /roster HTTP/1.1" 200 -
06:27:44 "POST /collect HTTP/1.1" 200 -
06:27:45 "GET /roster HTTP/1.1" 200 -
06:27:45 "POST /collect HTTP/1.1" 200 -
06:27:46 "GET /roster HTTP/1.1" 200 -
06:27:46 "POST /collect HTTP/1.1" 200 -
06:27:47 "GET /roster HTTP/1.1" 200 -
06:27:47 "POST /collect HTTP/1.1" 200 -
06:27:48 "GET /roster HTTP/1.1" 200 -
06:27:48 "POST /collect HTTP/1.1" 200 -
06:27:49 "GET /roster HTTP/1.1" 200 -
06:27:49 "POST /collect HTTP/1.1" 200 -
06:27:50 "GET /roster HTTP/1.1" 200 -
06:27:50 "POST /collect HTTP/1.1" 200 -
06:27:51 "GET /roster HTTP/1.1" 200 -
06:27:51 "POST /collect HTTP/1.1" 200 -
06:27:52 "GET /roster HTTP/1.1" 200 -
06:27:52 "POST /collect HTTP/1.1" 200 -
06:27:53 "GET /roster HTTP/1.1" 200 -
06:27:53 "POST /collect HTTP/1.1" 200 -
06:27:54 "GET /roster HTTP/1.1" 200 -
06:27:54 "POST /collect HTTP/1.1" 200 -
06:27:55 "GET /roster HTTP/1.1" 200 -
06:27:55 "POST /collect HTTP/1.1" 200 -
06:27:56 "GET /roster HTTP/1.1" 200 -
06:27:56 "POST /collect HTTP/1.1" 200 -
06:27:57 "GET /roster HTTP/1.1" 200 -
06:27:57 "POST /collect HTTP/1.1" 200 -
06:27:58 "GET /roster HTTP/1.1" 200 -
06:27:58 "POST /collect HTTP/1.1" 200 -
06:27:59 "GET /roster HTTP/1.1" 200 -
06:27:59 "POST /collect HTTP/1.1" 200 -
06:28:00 "GET /roster HTTP/1.1" 200 -
06:28:00 "POST /collect HTTP/1.1" 200 -
06:28:01 "GET /roster HTTP/1.1" 200 -
06:28:01 "POST /collect HTTP/1.1" 200 -
06:28:02 "GET /roster HTTP/1.1" 200 -
06:28:02 "POST /collect HTTP/1.1" 200 -
06:28:03 "GET /roster HTTP/1.1" 200 -
06:28:03 "POST /collect HTTP/1.1" 200 -
06:28:04 "GET /roster HTTP/1.1" 200 -
06:28:04 "POST /collect HTTP/1.1" 200 -
06:28:05 "GET /roster HTTP/1.1" 200 -
06:28:05 "POST /collect HTTP/1.1" 200 -
06:28:06 "GET /roster HTTP/1.1" 200 -
06:28:06 "POST /collect HTTP/1.1" 200 -
06:28:07 "GET /roster HTTP/1.1" 200 -
06:28:07 "POST /collect HTTP/1.1" 200 -
06:28:08 "GET /roster HTTP/1.1" 200 -
06:28:08 "POST /collect HTTP/1.1" 200 -
06:28:09 "GET /roster HTTP/1.1" 200 -
06:28:09 "POST /collect HTTP/1.1" 200 -
06:28:10 "GET /roster HTTP/1.1" 200 -
06:28:10 "POST /collect HTTP/1.1" 200 -
06:28:11 "GET /roster HTTP/1.1" 200 -
06:28:11 "POST /collect HTTP/1.1" 200 -
06:28:12 "GET /roster HTTP/1.1" 200 -
06:28:12 "POST /collect HTTP/1.1" 200 -
06:28:13 "GET /roster HTTP/1.1" 200 -
06:28:13 "POST /collect HTTP/1.1" 200 -
06:28:14 "GET /roster HTTP/1.1" 200 -
06:28:14 "POST /collect HTTP/1.1" 200 -
06:28:15 "GET /roster HTTP/1.1" 200 -
06:28:15 "POST /collect HTTP/1.1" 200 -
06:28:16 "GET /roster HTTP/1.1" 200 -
06:28:16 "POST /collect HTTP/1.1" 200 -
06:28:17 "GET /roster HTTP/1.1" 200 -
06:28:17 "POST /collect HTTP/1.1" 200 -
06:28:18 "GET /roster HTTP/1.1" 200 -
06:28:18 "POST /collect HTTP/1.1" 200 -
06:28:19 "GET /roster HTTP/1.1" 200 -
06:28:19 "POST /collect HTTP/1.1" 200 -
06:28:20 "GET /roster HTTP/1.1" 200 -
06:28:20 "POST /collect HTTP/1.1" 200 -
06:28:21 "GET /roster HTTP/1.1" 200 -
06:28:21 "POST /collect HTTP/1.1" 200 -
06:28:22 "GET /roster HTTP/1.1" 200 -
06:28:22 "POST /collect HTTP/1.1" 200 -
06:28:23 "GET /roster HTTP/1.1" 200 -
06:28:23 "POST /collect HTTP/1.1" 200 -
06:28:24 "GET /roster HTTP/1.1" 200 -
06:28:24 "POST /collect HTTP/1.1" 200 -
06:28:25 "GET /roster HTTP/1.1" 200 -
06:28:25 "POST /collect HTTP/1.1" 200 -
06:28:26 "GET /roster HTTP/1.1" 200 -
06:28:26 "POST /collect HTTP/1.1" 200 -
06:28:27 "GET /roster HTTP/1.1" 200 -
06:28:27 "POST /collect HTTP/1.1" 200 -
06:28:28 "GET /roster HTTP/1.1" 200 -
06:28:28 "POST /collect HTTP/1.1" 200 -
06:28:29 "GET /roster HTTP/1.1" 200 -
06:28:29 "POST /collect HTTP/1.1" 200 -
06:28:30 "GET /roster HTTP/1.1" 200 -
06:28:30 "POST /collect HTTP/1.1" 200 -
06:28:31 "POST /collect HTTP/1.1" 200 -
06:28:31 "GET /roster HTTP/1.1" 200 -
06:28:31 "POST /collect HTTP/1.1" 200 -
06:28:32 "GET /roster HTTP/1.1" 200 -
06:28:32 "POST /collect HTTP/1.1" 200 -
06:28:33 "GET /roster HTTP/1.1" 200 -
06:28:33 "POST /collect HTTP/1.1" 200 -
06:28:34 "GET /roster HTTP/1.1" 200 -
06:28:34 "POST /collect HTTP/1.1" 200 -
06:28:35 "GET /roster HTTP/1.1" 200 -
06:28:35 "POST /collect HTTP/1.1" 200 -
06:28:36 "GET /roster HTTP/1.1" 200 -
06:28:36 "POST /collect HTTP/1.1" 200 -
06:28:37 "GET /roster HTTP/1.1" 200 -
06:28:37 "POST /collect HTTP/1.1" 200 -
06:28:38 "GET /roster HTTP/1.1" 200 -
06:28:38 "POST /collect HTTP/1.1" 200 -
06:28:39 "GET /roster HTTP/1.1" 200 -
06:28:39 "POST /collect HTTP/1.1" 200 -
06:28:40 "GET /roster HTTP/1.1" 200 -
06:28:40 "POST /collect HTTP/1.1" 200 -
06:28:41 "GET /roster HTTP/1.1" 200 -
06:28:41 "POST /collect HTTP/1.1" 200 -
06:28:42 "GET /roster HTTP/1.1" 200 -
06:28:42 "POST /collect HTTP/1.1" 200 -
06:28:43 "GET /roster HTTP/1.1" 200 -
06:28:43 "POST /collect HTTP/1.1" 200 -
06:28:44 "GET /roster HTTP/1.1" 200 -
06:28:44 "POST /collect HTTP/1.1" 200 -
06:28:45 "GET /roster HTTP/1.1" 200 -
06:28:45 "POST /collect HTTP/1.1" 200 -
06:28:46 "GET /roster HTTP/1.1" 200 -
06:28:46 "POST /collect HTTP/1.1" 200 -
06:28:47 "GET /roster HTTP/1.1" 200 -
06:28:47 "POST /collect HTTP/1.1" 200 -
06:28:48 "GET /roster HTTP/1.1" 200 -
06:28:48 "POST /collect HTTP/1.1" 200 -
06:28:49 "GET /roster HTTP/1.1" 200 -
06:28:49 "POST /collect HTTP/1.1" 200 -
06:28:50 "GET /roster HTTP/1.1" 200 -
06:28:50 "POST /collect HTTP/1.1" 200 -
06:28:51 "GET /roster HTTP/1.1" 200 -
06:28:51 "POST /collect HTTP/1.1" 200 -
06:28:52 "GET /roster HTTP/1.1" 200 -
06:28:52 "POST /collect HTTP/1.1" 200 -
06:28:53 "GET /roster HTTP/1.1" 200 -
06:28:53 "POST /collect HTTP/1.1" 200 -
06:28:54 "GET /roster HTTP/1.1" 200 -
06:28:54 "POST /collect HTTP/1.1" 200 -
06:28:55 "GET /roster HTTP/1.1" 200 -
06:28:55 "POST /collect HTTP/1.1" 200 -
06:28:56 "GET /roster HTTP/1.1" 200 -
06:28:56 "POST /collect HTTP/1.1" 200 -
06:28:57 "GET /roster HTTP/1.1" 200 -
06:28:57 "POST /collect HTTP/1.1" 200 -
06:28:58 "GET /roster HTTP/1.1" 200 -
06:28:58 "POST /collect HTTP/1.1" 200 -
06:28:59 "GET /roster HTTP/1.1" 200 -
06:28:59 "POST /collect HTTP/1.1" 200 -
06:29:00 "GET /roster HTTP/1.1" 200 -
06:29:00 "POST /collect HTTP/1.1" 200 -
06:29:01 "GET /roster HTTP/1.1" 200 -
06:29:01 "POST /collect HTTP/1.1" 200 -
06:29:02 "GET /roster HTTP/1.1" 200 -
06:29:02 "POST /collect HTTP/1.1" 200 -
06:29:03 "GET /roster HTTP/1.1" 200 -
06:29:03 "POST /collect HTTP/1.1" 200 -
06:29:04 "GET /roster HTTP/1.1" 200 -
06:29:04 "POST /collect HTTP/1.1" 200 -
06:29:05 "GET /roster HTTP/1.1" 200 -
06:29:05 "POST /collect HTTP/1.1" 200 -
06:29:06 "GET /roster HTTP/1.1" 200 -
06:29:06 "POST /collect HTTP/1.1" 200 -
06:29:07 "GET /roster HTTP/1.1" 200 -
06:29:07 "POST /collect HTTP/1.1" 200 -
06:29:08 "GET /roster HTTP/1.1" 200 -
06:29:08 "POST /collect HTTP/1.1" 200 -
06:29:09 "GET /roster HTTP/1.1" 200 -
06:29:09 "POST /collect HTTP/1.1" 200 -
06:29:10 "GET /roster HTTP/1.1" 200 -
06:29:10 "POST /collect HTTP/1.1" 200 -
06:29:11 "GET /roster HTTP/1.1" 200 -
06:29:11 "POST /collect HTTP/1.1" 200 -
06:29:12 "GET /roster HTTP/1.1" 200 -
06:29:12 "POST /collect HTTP/1.1" 200 -
06:29:13 "GET /roster HTTP/1.1" 200 -
06:29:13 "POST /collect HTTP/1.1" 200 -
06:29:14 "GET /roster HTTP/1.1" 200 -
06:29:14 "POST /collect HTTP/1.1" 200 -
06:29:15 "GET /roster HTTP/1.1" 200 -
06:29:15 "POST /collect HTTP/1.1" 200 -
06:29:16 "GET /roster HTTP/1.1" 200 -
06:29:16 "POST /collect HTTP/1.1" 200 -
06:29:17 "GET /roster HTTP/1.1" 200 -
06:29:17 "POST /collect HTTP/1.1" 200 -
06:29:18 "GET /roster HTTP/1.1" 200 -
06:29:18 "POST /collect HTTP/1.1" 200 -
06:29:19 "GET /roster HTTP/1.1" 200 -
06:29:19 "POST /collect HTTP/1.1" 200 -
06:29:20 "GET /roster HTTP/1.1" 200 -
06:29:20 "POST /collect HTTP/1.1" 200 -
06:29:21 "GET /roster HTTP/1.1" 200 -
06:29:21 "POST /collect HTTP/1.1" 200 -
06:29:22 "GET /roster HTTP/1.1" 200 -
06:29:22 "POST /collect HTTP/1.1" 200 -
06:29:23 "GET /roster HTTP/1.1" 200 -
06:29:23 "POST /collect HTTP/1.1" 200 -
06:29:24 "GET /roster HTTP/1.1" 200 -
06:29:24 "POST /collect HTTP/1.1" 200 -
06:29:25 "GET /roster HTTP/1.1" 200 -
06:29:25 "POST /collect HTTP/1.1" 200 -
06:29:26 "GET /roster HTTP/1.1" 200 -
06:29:26 "POST /collect HTTP/1.1" 200 -
06:29:27 "GET /roster HTTP/1.1" 200 -
06:29:27 "POST /collect HTTP/1.1" 200 -
06:29:28 "GET /roster HTTP/1.1" 200 -
06:29:28 "POST /collect HTTP/1.1" 200 -
06:29:29 "GET /roster HTTP/1.1" 200 -
06:29:29 "POST /collect HTTP/1.1" 200 -
06:29:30 "GET /roster HTTP/1.1" 200 -
06:29:30 "POST /collect HTTP/1.1" 200 -
06:29:31 "GET /roster HTTP/1.1" 200 -
06:29:31 "POST /collect HTTP/1.1" 200 -
06:29:31 "POST /collect HTTP/1.1" 200 -
06:29:32 "GET /roster HTTP/1.1" 200 -
06:29:32 "POST /collect HTTP/1.1" 200 -
06:29:33 "GET /roster HTTP/1.1" 200 -
06:29:33 "POST /collect HTTP/1.1" 200 -
06:29:34 "GET /roster HTTP/1.1" 200 -
06:29:34 "POST /collect HTTP/1.1" 200 -
06:29:35 "GET /roster HTTP/1.1" 200 -
06:29:35 "POST /collect HTTP/1.1" 200 -
06:29:36 "GET /roster HTTP/1.1" 200 -
06:29:36 "POST /collect HTTP/1.1" 200 -
06:29:37 "GET /roster HTTP/1.1" 200 -
06:29:37 "POST /collect HTTP/1.1" 200 -
06:29:38 "GET /roster HTTP/1.1" 200 -
06:29:38 "POST /collect HTTP/1.1" 200 -
06:29:39 "GET /roster HTTP/1.1" 200 -
06:29:39 "POST /collect HTTP/1.1" 200 -
06:29:40 "GET /roster HTTP/1.1" 200 -
06:29:40 "POST /collect HTTP/1.1" 200 -
06:29:41 "GET /roster HTTP/1.1" 200 -
06:29:41 "POST /collect HTTP/1.1" 200 -
06:29:42 "GET /roster HTTP/1.1" 200 -
06:29:42 "POST /collect HTTP/1.1" 200 -
06:29:43 "GET /roster HTTP/1.1" 200 -
06:29:43 "POST /collect HTTP/1.1" 200 -
06:29:44 "GET /roster HTTP/1.1" 200 -
06:29:44 "POST /collect HTTP/1.1" 200 -
06:29:45 "GET /roster HTTP/1.1" 200 -
06:29:45 "POST /collect HTTP/1.1" 200 -
06:29:46 "GET /roster HTTP/1.1" 200 -
06:29:46 "POST /collect HTTP/1.1" 200 -
06:29:47 "GET /roster HTTP/1.1" 200 -
06:29:47 "POST /collect HTTP/1.1" 200 -
06:29:48 "GET /roster HTTP/1.1" 200 -
06:29:48 "POST /collect HTTP/1.1" 200 -
06:29:49 "GET /roster HTTP/1.1" 200 -
06:29:49 "POST /collect HTTP/1.1" 200 -
06:29:50 "GET /roster HTTP/1.1" 200 -
06:29:50 "POST /collect HTTP/1.1" 200 -
06:29:51 "GET /roster HTTP/1.1" 200 -
06:29:51 "POST /collect HTTP/1.1" 200 -
06:29:52 "GET /roster HTTP/1.1" 200 -
06:29:52 "POST /collect HTTP/1.1" 200 -
06:29:53 "GET /roster HTTP/1.1" 200 -
06:29:53 "POST /collect HTTP/1.1" 200 -
06:29:54 "GET /roster HTTP/1.1" 200 -
06:29:54 "POST /collect HTTP/1.1" 200 -
06:29:55 "GET /roster HTTP/1.1" 200 -
06:29:55 "POST /collect HTTP/1.1" 200 -
06:29:56 "GET /roster HTTP/1.1" 200 -
06:29:56 "POST /collect HTTP/1.1" 200 -
06:29:57 "GET /roster HTTP/1.1" 200 -
06:29:57 "POST /collect HTTP/1.1" 200 -
06:29:58 "GET /roster HTTP/1.1" 200 -
06:29:58 "POST /collect HTTP/1.1" 200 -
06:29:59 "GET /roster HTTP/1.1" 200 -
06:29:59 "POST /collect HTTP/1.1" 200 -
06:30:00 "GET /roster HTTP/1.1" 200 -
06:30:00 "POST /collect HTTP/1.1" 200 -
06:30:01 "GET /roster HTTP/1.1" 200 -
06:30:01 "POST /collect HTTP/1.1" 200 -
06:30:02 "GET /roster HTTP/1.1" 200 -
06:30:02 "POST /collect HTTP/1.1" 200 -
06:30:03 "GET /roster HTTP/1.1" 200 -
06:30:03 "POST /collect HTTP/1.1" 200 -
06:30:04 "GET /roster HTTP/1.1" 200 -
06:30:04 "POST /collect HTTP/1.1" 200 -
06:30:05 "GET /roster HTTP/1.1" 200 -
06:30:05 "POST /collect HTTP/1.1" 200 -
06:30:06 "GET /roster HTTP/1.1" 200 -
06:30:06 "POST /collect HTTP/1.1" 200 -
06:30:07 "GET /roster HTTP/1.1" 200 -
06:30:07 "POST /collect HTTP/1.1" 200 -
06:30:08 "GET /roster HTTP/1.1" 200 -
06:30:08 "POST /collect HTTP/1.1" 200 -
06:30:09 "GET /roster HTTP/1.1" 200 -
06:30:09 "POST /collect HTTP/1.1" 200 -
06:30:10 "GET /roster HTTP/1.1" 200 -
06:30:10 "POST /collect HTTP/1.1" 200 -
06:30:11 "GET /roster HTTP/1.1" 200 -
06:30:11 "POST /collect HTTP/1.1" 200 -
06:30:12 "GET /roster HTTP/1.1" 200 -
06:30:12 "POST /collect HTTP/1.1" 200 -
06:30:13 "GET /roster HTTP/1.1" 200 -
06:30:13 "POST /collect HTTP/1.1" 200 -
06:30:14 "GET /roster HTTP/1.1" 200 -
06:30:14 "POST /collect HTTP/1.1" 200 -
06:30:15 "GET /roster HTTP/1.1" 200 -
06:30:15 "POST /collect HTTP/1.1" 200 -
06:30:16 "GET /roster HTTP/1.1" 200 -
06:30:16 "POST /collect HTTP/1.1" 200 -
06:30:17 "GET /roster HTTP/1.1" 200 -
06:30:17 "POST /collect HTTP/1.1" 200 -
06:30:18 "GET /roster HTTP/1.1" 200 -
06:30:18 "POST /collect HTTP/1.1" 200 -
06:30:19 "GET /roster HTTP/1.1" 200 -
06:30:19 "POST /collect HTTP/1.1" 200 -
06:30:20 "GET /roster HTTP/1.1" 200 -
06:30:20 "POST /collect HTTP/1.1" 200 -
06:30:21 "GET /roster HTTP/1.1" 200 -
06:30:21 "POST /collect HTTP/1.1" 200 -
06:30:21 "POST /collect HTTP/1.1" 200 -
06:30:22 "GET /roster HTTP/1.1" 200 -
06:30:22 "POST /collect HTTP/1.1" 200 -
06:30:23 "GET /roster HTTP/1.1" 200 -
