m2m server on :8897, results -> /Users/s32863/personal/elektron/results/m2m-heavy-N54-smoke.jsonl, app 8c2a974b…
06:33:15 "GET /roster HTTP/1.1" 200 -
06:33:15 "POST /reset HTTP/1.1" 200 -
06:33:16 "GET /room.html?id=1&n=54&hold=1&cb=1787715196491&audio=1&mode=full&cls=probe HTTP/1.1" 200 -
06:33:16 code 404, message File not found
06:33:16 "GET /favicon.ico HTTP/1.1" 404 -
06:33:16 "GET /room.html?id=2&n=54&hold=1&cb=1787715196583&audio=1&mode=full&cls=probe HTTP/1.1" 200 -
06:33:16 "GET /room.html?id=A&n=54&hold=1&cb=1787715196661&audio=1&mode=pub&vw=320&vh=180&vfps=15&cls=light HTTP/1.1" 200 -
06:33:16 "GET /room.html?id=B&n=54&hold=1&cb=1787715196740&audio=1&mode=pub&vw=320&vh=180&vfps=15&cls=light HTTP/1.1" 200 -
06:33:16 "GET /room.html?id=C&n=54&hold=1&cb=1787715196812&audio=1&mode=pub&vw=320&vh=180&vfps=15&cls=light HTTP/1.1" 200 -
06:33:17 "GET /room.html?id=D&n=54&hold=1&cb=1787715197351&audio=1&mode=pub&vw=320&vh=180&vfps=15&cls=light HTTP/1.1" 200 -
06:33:17 code 404, message File not found
06:33:17 "GET /favicon.ico HTTP/1.1" 404 -
06:33:17 "GET /room.html?id=E&n=54&hold=1&cb=1787715197436&audio=1&mode=pub&vw=320&vh=180&vfps=15&cls=light HTTP/1.1" 200 -
06:33:17 "GET /room.html?id=F&n=54&hold=1&cb=1787715197517&audio=1&mode=pub&vw=320&vh=180&vfps=15&cls=light HTTP/1.1" 200 -
06:33:17 "GET /room.html?id=G&n=54&hold=1&cb=1787715197591&audio=1&mode=pub&vw=320&vh=180&vfps=15&cls=light HTTP/1.1" 200 -
06:33:17 "GET /room.html?id=H&n=54&hold=1&cb=1787715197666&audio=1&mode=pub&vw=320&vh=180&vfps=15&cls=light HTTP/1.1" 200 -
06:33:18 "GET /room.html?id=I&n=54&hold=1&cb=1787715198213&audio=1&mode=pub&vw=320&vh=180&vfps=15&cls=light HTTP/1.1" 200 -
06:33:18 code 404, message File not found
06:33:18 "GET /favicon.ico HTTP/1.1" 404 -
06:33:18 "GET /room.html?id=J&n=54&hold=1&cb=1787715198303&audio=1&mode=pub&vw=320&vh=180&vfps=15&cls=light HTTP/1.1" 200 -
06:33:18 "GET /room.html?id=K&n=54&hold=1&cb=1787715198380&audio=1&mode=pub&vw=320&vh=180&vfps=15&cls=light HTTP/1.1" 200 -
06:33:18 "GET /room.html?id=L&n=54&hold=1&cb=1787715198466&audio=1&mode=pub&vw=320&vh=180&vfps=15&cls=light HTTP/1.1" 200 -
06:33:18 "GET /room.html?id=M&n=54&hold=1&cb=1787715198546&audio=1&mode=pub&vw=320&vh=180&vfps=15&cls=light HTTP/1.1" 200 -
06:33:19 "GET /room.html?id=N&n=54&hold=1&cb=1787715199138&audio=1&mode=pub&vw=320&vh=180&vfps=15&cls=light HTTP/1.1" 200 -
06:33:19 code 404, message File not found
06:33:19 "GET /favicon.ico HTTP/1.1" 404 -
06:33:19 "GET /room.html?id=O&n=54&hold=1&cb=1787715199238&audio=1&mode=pub&vw=320&vh=180&vfps=15&cls=light HTTP/1.1" 200 -
06:33:19 "GET /room.html?id=P&n=54&hold=1&cb=1787715199316&audio=1&mode=pub&vw=320&vh=180&vfps=15&cls=light HTTP/1.1" 200 -
06:33:19 "GET /room.html?id=Q&n=54&hold=1&cb=1787715199393&audio=1&mode=pub&vw=320&vh=180&vfps=15&cls=light HTTP/1.1" 200 -
06:33:19 "GET /room.html?id=R&n=54&hold=1&cb=1787715199476&audio=1&mode=pub&vw=320&vh=180&vfps=15&cls=light HTTP/1.1" 200 -
06:33:20 "GET /room.html?id=S&n=54&hold=1&cb=1787715200045&audio=1&mode=pub&vw=320&vh=180&vfps=15&cls=light HTTP/1.1" 200 -
06:33:20 code 404, message File not found
06:33:20 "GET /favicon.ico HTTP/1.1" 404 -
06:33:20 "GET /room.html?id=T&n=54&hold=1&cb=1787715200145&audio=1&mode=pub&vw=320&vh=180&vfps=15&cls=light HTTP/1.1" 200 -
06:33:20 "GET /room.html?id=U&n=54&hold=1&cb=1787715200223&audio=1&mode=pub&vw=320&vh=180&vfps=15&cls=light HTTP/1.1" 200 -
06:33:20 "GET /room.html?id=V&n=54&hold=1&cb=1787715200302&audio=1&mode=pub&vw=320&vh=180&vfps=15&cls=light HTTP/1.1" 200 -
06:33:20 "GET /room.html?id=W&n=54&hold=1&cb=1787715200383&audio=1&mode=pub&vw=320&vh=180&vfps=15&cls=light HTTP/1.1" 200 -
06:33:21 "GET /room.html?id=X&n=54&hold=1&cb=1787715200990&audio=1&mode=pub&vw=320&vh=180&vfps=15&cls=light HTTP/1.1" 200 -
06:33:21 code 404, message File not found
06:33:21 "GET /favicon.ico HTTP/1.1" 404 -
06:33:21 "GET /room.html?id=Y&n=54&hold=1&cb=1787715201084&audio=1&mode=pub&vw=320&vh=180&vfps=15&cls=light HTTP/1.1" 200 -
06:33:21 "GET /room.html?id=Z&n=54&hold=1&cb=1787715201170&audio=1&mode=pub&vw=320&vh=180&vfps=15&cls=light HTTP/1.1" 200 -
06:33:21 "GET /room.html?id=a&n=54&hold=1&cb=1787715201250&audio=1&mode=pub&vw=320&vh=180&vfps=15&cls=light HTTP/1.1" 200 -
06:33:21 "GET /room.html?id=b&n=54&hold=1&cb=1787715201338&audio=1&mode=pub&vw=320&vh=180&vfps=15&cls=light HTTP/1.1" 200 -
06:33:22 "GET /room.html?id=c&n=54&hold=1&cb=1787715201965&audio=1&mode=pub&vw=320&vh=180&vfps=15&cls=light HTTP/1.1" 200 -
06:33:22 code 404, message File not found
06:33:22 "GET /favicon.ico HTTP/1.1" 404 -
06:33:22 "GET /room.html?id=d&n=54&hold=1&cb=1787715202059&audio=1&mode=pub&vw=320&vh=180&vfps=15&cls=light HTTP/1.1" 200 -
06:33:22 "GET /room.html?id=e&n=54&hold=1&cb=1787715202147&audio=1&mode=pub&vw=320&vh=180&vfps=15&cls=light HTTP/1.1" 200 -
06:33:22 "GET /room.html?id=f&n=54&hold=1&cb=1787715202228&audio=1&mode=pub&vw=320&vh=180&vfps=15&cls=light HTTP/1.1" 200 -
06:33:22 "GET /room.html?id=g&n=54&hold=1&cb=1787715202313&audio=1&mode=pub&vw=320&vh=180&vfps=15&cls=light HTTP/1.1" 200 -
06:33:22 "GET /room.html?id=h&n=54&hold=1&cb=1787715202916&audio=1&mode=pub&vw=320&vh=180&vfps=15&cls=light HTTP/1.1" 200 -
06:33:23 code 404, message File not found
06:33:23 "GET /favicon.ico HTTP/1.1" 404 -
06:33:23 "GET /room.html?id=i&n=54&hold=1&cb=1787715203016&audio=1&mode=pub&vw=320&vh=180&vfps=15&cls=light HTTP/1.1" 200 -
06:33:23 "GET /room.html?id=j&n=54&hold=1&cb=1787715203106&audio=1&mode=pub&vw=320&vh=180&vfps=15&cls=light HTTP/1.1" 200 -
06:33:23 "GET /room.html?id=k&n=54&hold=1&cb=1787715203189&audio=1&mode=pub&vw=320&vh=180&vfps=15&cls=light HTTP/1.1" 200 -
06:33:23 "GET /room.html?id=l&n=54&hold=1&cb=1787715203277&audio=1&mode=pub&vw=320&vh=180&vfps=15&cls=light HTTP/1.1" 200 -
06:33:23 "GET /room.html?id=m&n=54&hold=1&cb=1787715203906&audio=1&mode=pub&vw=320&vh=180&vfps=15&cls=light HTTP/1.1" 200 -
06:33:24 code 404, message File not found
06:33:24 "GET /favicon.ico HTTP/1.1" 404 -
06:33:24 "GET /room.html?id=n&n=54&hold=1&cb=1787715204001&audio=1&mode=pub&vw=320&vh=180&vfps=15&cls=light HTTP/1.1" 200 -
06:33:24 "GET /room.html?id=o&n=54&hold=1&cb=1787715204089&audio=1&mode=pub&vw=320&vh=180&vfps=15&cls=light HTTP/1.1" 200 -
06:33:24 "GET /room.html?id=p&n=54&hold=1&cb=1787715204179&audio=1&mode=pub&vw=320&vh=180&vfps=15&cls=light HTTP/1.1" 200 -
06:33:24 "GET /room.html?id=q&n=54&hold=1&cb=1787715204264&audio=1&mode=pub&vw=320&vh=180&vfps=15&cls=light HTTP/1.1" 200 -
06:33:24 "GET /room.html?id=r&n=54&hold=1&cb=1787715204925&audio=1&mode=pub&vw=320&vh=180&vfps=15&cls=light HTTP/1.1" 200 -
06:33:25 code 404, message File not found
06:33:25 "GET /favicon.ico HTTP/1.1" 404 -
06:33:25 "GET /room.html?id=s&n=54&hold=1&cb=1787715205032&audio=1&mode=pub&vw=320&vh=180&vfps=15&cls=light HTTP/1.1" 200 -
06:33:25 "GET /room.html?id=t&n=54&hold=1&cb=1787715205330&audio=1&mode=pub&vw=320&vh=180&vfps=15&cls=light HTTP/1.1" 200 -
06:33:25 "GET /room.html?id=u&n=54&hold=1&cb=1787715205423&audio=1&mode=pub&vw=320&vh=180&vfps=15&cls=light HTTP/1.1" 200 -
06:33:25 "GET /room.html?id=v&n=54&hold=1&cb=1787715205515&audio=1&mode=pub&vw=320&vh=180&vfps=15&cls=light HTTP/1.1" 200 -
06:33:26 "GET /room.html?id=w&n=54&hold=1&cb=1787715206069&audio=1&mode=pub&vw=320&vh=180&vfps=15&cls=light HTTP/1.1" 200 -
06:33:26 code 404, message File not found
06:33:26 "GET /favicon.ico HTTP/1.1" 404 -
06:33:26 "GET /room.html?id=x&n=54&hold=1&cb=1787715206168&audio=1&mode=pub&vw=320&vh=180&vfps=15&cls=light HTTP/1.1" 200 -
06:33:26 "GET /room.html?id=y&n=54&hold=1&cb=1787715206477&audio=1&mode=pub&vw=320&vh=180&vfps=15&cls=light HTTP/1.1" 200 -
06:33:26 "GET /room.html?id=z&n=54&hold=1&cb=1787715206564&audio=1&mode=pub&vw=320&vh=180&vfps=15&cls=light HTTP/1.1" 200 -
06:33:26 "POST /collect HTTP/1.1" 200 -
06:33:27 CF POST /sessions/new -> 201 (352 ms)
06:33:27 "POST /cf/sessions/new HTTP/1.1" 201 -
06:33:27 CF POST /sessions/new -> 201 (383 ms)
06:33:27 "POST /cf/sessions/new HTTP/1.1" 201 -
06:33:27 CF POST /sessions/new -> 201 (479 ms)
06:33:27 "POST /cf/sessions/new HTTP/1.1" 201 -
06:33:27 CF POST /sessions/new -> 201 (458 ms)
06:33:27 "POST /cf/sessions/new HTTP/1.1" 201 -
06:33:27 CF POST /sessions/new -> 201 (458 ms)
06:33:27 "POST /cf/sessions/new HTTP/1.1" 201 -
06:33:27 CF POST /sessions/new -> 201 (272 ms)
06:33:27 "POST /cf/sessions/new HTTP/1.1" 201 -
06:33:27 CF POST /sessions/new -> 201 (236 ms)
06:33:27 "POST /cf/sessions/new HTTP/1.1" 201 -
06:33:27 CF POST /sessions/new -> 201 (489 ms)
06:33:27 "POST /cf/sessions/new HTTP/1.1" 201 -
06:33:27 CF POST /sessions/new -> 201 (399 ms)
06:33:27 "POST /cf/sessions/new HTTP/1.1" 201 -
06:33:27 CF POST /sessions/new -> 201 (369 ms)
06:33:27 "POST /cf/sessions/new HTTP/1.1" 201 -
06:33:27 CF POST /sessions/new -> 201 (305 ms)
06:33:27 "POST /cf/sessions/new HTTP/1.1" 201 -
06:33:27 CF POST /sessions/new -> 201 (494 ms)
06:33:27 "POST /cf/sessions/new HTTP/1.1" 201 -
06:33:27 CF POST /sessions/new -> 201 (277 ms)
06:33:27 "POST /cf/sessions/new HTTP/1.1" 201 -
06:33:27 CF POST /sessions/new -> 201 (407 ms)
06:33:27 "POST /cf/sessions/new HTTP/1.1" 201 -
06:33:27 CF POST /sessions/new -> 201 (292 ms)
06:33:27 "POST /cf/sessions/new HTTP/1.1" 201 -
06:33:27 CF POST /sessions/new -> 201 (408 ms)
06:33:27 "POST /cf/sessions/new HTTP/1.1" 201 -
06:33:27 CF POST /sessions/new -> 201 (285 ms)
06:33:27 "POST /cf/sessions/new HTTP/1.1" 201 -
06:33:27 CF POST /sessions/new -> 201 (371 ms)
06:33:27 "POST /cf/sessions/new HTTP/1.1" 201 -
06:33:27 CF POST /sessions/new -> 201 (284 ms)
06:33:27 "POST /cf/sessions/new HTTP/1.1" 201 -
06:33:27 CF POST /sessions/new -> 201 (486 ms)
06:33:27 "POST /cf/sessions/new HTTP/1.1" 201 -
06:33:27 CF POST /sessions/new -> 201 (514 ms)
06:33:27 "POST /cf/sessions/new HTTP/1.1" 201 -
06:33:27 CF POST /sessions/new -> 201 (483 ms)
06:33:27 "POST /cf/sessions/new HTTP/1.1" 201 -
06:33:27 CF POST /sessions/new -> 201 (290 ms)
06:33:27 "POST /cf/sessions/new HTTP/1.1" 201 -
06:33:27 CF POST /sessions/new -> 201 (428 ms)
06:33:27 "POST /cf/sessions/new HTTP/1.1" 201 -
06:33:27 CF POST /sessions/new -> 201 (430 ms)
06:33:27 "POST /cf/sessions/new HTTP/1.1" 201 -
06:33:27 CF POST /sessions/new -> 201 (434 ms)
06:33:27 "POST /cf/sessions/new HTTP/1.1" 201 -
06:33:27 CF POST /sessions/new -> 201 (283 ms)
06:33:27 "POST /cf/sessions/new HTTP/1.1" 201 -
06:33:27 CF POST /sessions/new -> 201 (406 ms)
06:33:27 "POST /cf/sessions/new HTTP/1.1" 201 -
06:33:27 CF POST /sessions/new -> 201 (435 ms)
06:33:27 "POST /cf/sessions/new HTTP/1.1" 201 -
06:33:27 CF POST /sessions/new -> 201 (276 ms)
06:33:27 "POST /cf/sessions/new HTTP/1.1" 201 -
06:33:27 CF POST /sessions/new -> 201 (448 ms)
06:33:27 "POST /cf/sessions/new HTTP/1.1" 201 -
06:33:27 CF POST /sessions/new -> 201 (431 ms)
06:33:27 "POST /cf/sessions/new HTTP/1.1" 201 -
06:33:27 CF POST /sessions/new -> 201 (508 ms)
06:33:27 "POST /cf/sessions/new HTTP/1.1" 201 -
06:33:27 CF POST /sessions/new -> 201 (518 ms)
06:33:27 "POST /cf/sessions/new HTTP/1.1" 201 -
06:33:27 CF POST /sessions/new -> 201 (281 ms)
06:33:27 "POST /cf/sessions/new HTTP/1.1" 201 -
06:33:27 CF POST /sessions/new -> 201 (450 ms)
06:33:27 "POST /cf/sessions/new HTTP/1.1" 201 -
06:33:27 CF POST /sessions/new -> 201 (459 ms)
06:33:27 "POST /cf/sessions/new HTTP/1.1" 201 -
06:33:27 CF POST /sessions/new -> 201 (530 ms)
06:33:27 "POST /cf/sessions/new HTTP/1.1" 201 -
06:33:27 CF POST /sessions/new -> 201 (475 ms)
06:33:27 "POST /cf/sessions/new HTTP/1.1" 201 -
06:33:27 CF POST /sessions/new -> 201 (212 ms)
06:33:27 "POST /cf/sessions/new HTTP/1.1" 201 -
06:33:27 CF POST /sessions/new -> 201 (215 ms)
06:33:27 "POST /cf/sessions/new HTTP/1.1" 201 -
06:33:27 CF POST /sessions/new -> 201 (220 ms)
06:33:27 "POST /cf/sessions/new HTTP/1.1" 201 -
06:33:27 CF POST /sessions/new -> 201 (577 ms)
06:33:27 "POST /cf/sessions/new HTTP/1.1" 201 -
06:33:27 CF POST /sessions/new -> 201 (222 ms)
06:33:27 "POST /cf/sessions/new HTTP/1.1" 201 -
06:33:27 CF POST /sessions/new -> 201 (224 ms)
06:33:27 "POST /cf/sessions/new HTTP/1.1" 201 -
06:33:27 CF POST /sessions/new -> 201 (337 ms)
06:33:27 "POST /cf/sessions/new HTTP/1.1" 201 -
06:33:27 CF POST /sessions/new -> 201 (343 ms)
06:33:27 "POST /cf/sessions/new HTTP/1.1" 201 -
06:33:27 CF POST /sessions/new -> 201 (498 ms)
06:33:27 "POST /cf/sessions/new HTTP/1.1" 201 -
06:33:27 CF POST /sessions/new -> 201 (512 ms)
06:33:27 "POST /cf/sessions/new HTTP/1.1" 201 -
06:33:27 CF POST /sessions/new -> 201 (190 ms)
06:33:27 "POST /cf/sessions/new HTTP/1.1" 201 -
06:33:27 CF POST /sessions/new -> 201 (192 ms)
06:33:27 "POST /cf/sessions/new HTTP/1.1" 201 -
06:33:27 CF POST /sessions/new -> 201 (196 ms)
06:33:27 "POST /cf/sessions/new HTTP/1.1" 201 -
06:33:27 CF POST /sessions/new -> 201 (195 ms)
06:33:27 "POST /cf/sessions/new HTTP/1.1" 201 -
06:33:27 CF POST /sessions/new -> 201 (200 ms)
06:33:27 "POST /cf/sessions/new HTTP/1.1" 201 -
06:33:28 "POST /save/pub-offer-h.sdp HTTP/1.1" 200 -
06:33:28 "POST /save/pub-offer-2.sdp HTTP/1.1" 200 -
06:33:28 "POST /save/pub-offer-a.sdp HTTP/1.1" 200 -
06:33:28 "POST /save/pub-offer-1.sdp HTTP/1.1" 200 -
06:33:28 "POST /save/pub-offer-b.sdp HTTP/1.1" 200 -
06:33:28 "POST /save/pub-offer-c.sdp HTTP/1.1" 200 -
06:33:28 "POST /save/pub-offer-b.sdp HTTP/1.1" 200 -
06:33:28 "POST /save/pub-offer-z.sdp HTTP/1.1" 200 -
06:33:28 "POST /save/pub-offer-a.sdp HTTP/1.1" 200 -
06:33:28 "POST /save/pub-offer-y.sdp HTTP/1.1" 200 -
06:33:28 "POST /save/pub-offer-v.sdp HTTP/1.1" 200 -
06:33:28 "POST /save/pub-offer-x.sdp HTTP/1.1" 200 -
06:33:28 "POST /save/pub-offer-o.sdp HTTP/1.1" 200 -
06:33:28 "POST /save/pub-offer-n.sdp HTTP/1.1" 200 -
06:33:28 "POST /save/pub-offer-m.sdp HTTP/1.1" 200 -
06:33:28 "POST /save/pub-offer-d.sdp HTTP/1.1" 200 -
06:33:28 "POST /save/pub-offer-s.sdp HTTP/1.1" 200 -
06:33:28 "POST /save/pub-offer-w.sdp HTTP/1.1" 200 -
06:33:28 "POST /save/pub-offer-p.sdp HTTP/1.1" 200 -
06:33:28 "POST /save/pub-offer-c.sdp HTTP/1.1" 200 -
06:33:28 "POST /save/pub-offer-l.sdp HTTP/1.1" 200 -
06:33:28 "POST /save/pub-offer-q.sdp HTTP/1.1" 200 -
06:33:28 "POST /save/pub-offer-m.sdp HTTP/1.1" 200 -
06:33:28 "POST /save/pub-offer-g.sdp HTTP/1.1" 200 -
06:33:28 "POST /save/pub-offer-d.sdp HTTP/1.1" 200 -
06:33:28 "POST /save/pub-offer-e.sdp HTTP/1.1" 200 -
06:33:28 "POST /save/pub-offer-f.sdp HTTP/1.1" 200 -
06:33:28 "POST /save/pub-offer-f.sdp HTTP/1.1" 200 -
06:33:28 "POST /save/pub-offer-g.sdp HTTP/1.1" 200 -
06:33:28 "POST /save/pub-offer-e.sdp HTTP/1.1" 200 -
06:33:28 CF POST /sessions/8ea2be587bd8eb0ef4d8b85a41f1491954658776bb35b2282f920043161dea50/tracks/new -> 200 (441 ms)
06:33:28 "POST /cf/sessions/8ea2be587bd8eb0ef4d8b85a41f1491954658776bb35b2282f920043161dea50/tracks/new HTTP/1.1" 200 -
06:33:28 "POST /save/pub-answer-h.sdp HTTP/1.1" 200 -
06:33:28 CF POST /sessions/d8b6c5187ad3045003d8028650db6b1fcaf5f8e946ba0694d2e652ed82ee2712/tracks/new -> 200 (414 ms)
06:33:28 "POST /cf/sessions/d8b6c5187ad3045003d8028650db6b1fcaf5f8e946ba0694d2e652ed82ee2712/tracks/new HTTP/1.1" 200 -
06:33:28 CF POST /sessions/f27c1b59c04093f1ee07fce36a9441fc548567779c9f5941c459965703200554/tracks/new -> 200 (418 ms)
06:33:28 "POST /cf/sessions/f27c1b59c04093f1ee07fce36a9441fc548567779c9f5941c459965703200554/tracks/new HTTP/1.1" 200 -
06:33:28 "POST /save/pub-answer-b.sdp HTTP/1.1" 200 -
06:33:28 "POST /save/pub-answer-2.sdp HTTP/1.1" 200 -
06:33:28 CF POST /sessions/8adcc2ef7d2b52caca56289bf8382a9a452de3de643500edb13c96890b8a0eb0/tracks/new -> 200 (383 ms)
06:33:28 "POST /cf/sessions/8adcc2ef7d2b52caca56289bf8382a9a452de3de643500edb13c96890b8a0eb0/tracks/new HTTP/1.1" 200 -
06:33:28 "POST /save/pub-answer-m.sdp HTTP/1.1" 200 -
06:33:28 CF POST /sessions/f54901c3d6be2b246d11b46f7db1a4ae1e02a12fb86225d16bee15403173ce62/tracks/new -> 200 (447 ms)
06:33:28 "POST /cf/sessions/f54901c3d6be2b246d11b46f7db1a4ae1e02a12fb86225d16bee15403173ce62/tracks/new HTTP/1.1" 200 -
06:33:28 CF POST /sessions/1666a101ba08c4e8959372b26bde46e49f8f76dd8d724560c1caf136dddab945/tracks/new -> 200 (448 ms)
06:33:28 "POST /cf/sessions/1666a101ba08c4e8959372b26bde46e49f8f76dd8d724560c1caf136dddab945/tracks/new HTTP/1.1" 200 -
06:33:28 "POST /save/pub-answer-c.sdp HTTP/1.1" 200 -
06:33:28 "POST /save/pub-answer-1.sdp HTTP/1.1" 200 -
06:33:28 CF POST /sessions/f64aeb1078ebf7a22bd9af5bdc8227c368efedb3604497f3784e3865525c0489/tracks/new -> 200 (426 ms)
06:33:28 "POST /cf/sessions/f64aeb1078ebf7a22bd9af5bdc8227c368efedb3604497f3784e3865525c0489/tracks/new HTTP/1.1" 200 -
06:33:28 CF POST /sessions/a1b798e60dd590b958636dbbf93ce72752a0fb50c2e2eb08bfd21e67b44166a2/tracks/new -> 200 (427 ms)
06:33:28 "POST /cf/sessions/a1b798e60dd590b958636dbbf93ce72752a0fb50c2e2eb08bfd21e67b44166a2/tracks/new HTTP/1.1" 200 -
06:33:28 CF POST /sessions/01e654134723d351da3bcf400799c4149c13b99128dfe6fac740390177684cf4/tracks/new -> 200 (426 ms)
06:33:28 "POST /cf/sessions/01e654134723d351da3bcf400799c4149c13b99128dfe6fac740390177684cf4/tracks/new HTTP/1.1" 200 -
06:33:28 "POST /save/pub-answer-y.sdp HTTP/1.1" 200 -
06:33:28 "POST /save/pub-answer-z.sdp HTTP/1.1" 200 -
06:33:28 "POST /save/pub-answer-n.sdp HTTP/1.1" 200 -
06:33:28 CF POST /sessions/6377fd828df4aeb6eab41aa2d3b0468940bf998b98e178e8ab6e222b4751caa9/tracks/new -> 200 (468 ms)
06:33:28 "POST /cf/sessions/6377fd828df4aeb6eab41aa2d3b0468940bf998b98e178e8ab6e222b4751caa9/tracks/new HTTP/1.1" 200 -
06:33:28 "POST /save/pub-answer-a.sdp HTTP/1.1" 200 -
06:33:28 CF POST /sessions/a510259b4f2d9399169aef27555fa5bcda8b5574678a4f6ce09d4191cf98ca74/tracks/new -> 200 (442 ms)
06:33:28 "POST /cf/sessions/a510259b4f2d9399169aef27555fa5bcda8b5574678a4f6ce09d4191cf98ca74/tracks/new HTTP/1.1" 200 -
06:33:28 CF POST /sessions/9e1f89d7e499cae5e88938a632a39b61e3aab3389dcbdce552958ce98b3c8541/tracks/new -> 200 (381 ms)
06:33:28 "POST /cf/sessions/9e1f89d7e499cae5e88938a632a39b61e3aab3389dcbdce552958ce98b3c8541/tracks/new HTTP/1.1" 200 -
06:33:28 "POST /save/pub-answer-o.sdp HTTP/1.1" 200 -
06:33:28 "POST /save/pub-answer-e.sdp HTTP/1.1" 200 -
06:33:28 CF POST /sessions/2a10775df65687e5ca59ffe5c9d3bf92f5fe255d8e72ad95d8cc6eefe31c1ee8/tracks/new -> 200 (426 ms)
06:33:28 "POST /cf/sessions/2a10775df65687e5ca59ffe5c9d3bf92f5fe255d8e72ad95d8cc6eefe31c1ee8/tracks/new HTTP/1.1" 200 -
06:33:28 "POST /save/pub-answer-x.sdp HTTP/1.1" 200 -
06:33:28 CF POST /sessions/82d9cefef988cc46aa2e290691f07744a68e0c73d6e9c51cbe954f0c598658a3/tracks/new -> 200 (463 ms)
06:33:28 "POST /cf/sessions/82d9cefef988cc46aa2e290691f07744a68e0c73d6e9c51cbe954f0c598658a3/tracks/new HTTP/1.1" 200 -
06:33:28 CF POST /sessions/2cd48b21cc0a8bf8f93b25c2c49e3163e28c5325df3793ede372d87df5d47e12/tracks/new -> 200 (431 ms)
06:33:28 "POST /cf/sessions/2cd48b21cc0a8bf8f93b25c2c49e3163e28c5325df3793ede372d87df5d47e12/tracks/new HTTP/1.1" 200 -
06:33:28 "POST /save/pub-answer-b.sdp HTTP/1.1" 200 -
06:33:28 CF POST /sessions/fac5b2cba2741d4abf56acbdb4a25202430d8eb22f37230e3f3e6292f2224b49/tracks/new -> 200 (442 ms)
06:33:28 "POST /cf/sessions/fac5b2cba2741d4abf56acbdb4a25202430d8eb22f37230e3f3e6292f2224b49/tracks/new HTTP/1.1" 200 -
06:33:28 "POST /save/pub-answer-l.sdp HTTP/1.1" 200 -
06:33:28 CF POST /sessions/2ed7daef933f9db4967f9510a7c5eeba7a70dd82485aa7d5cb6239a005c18ba5/tracks/new -> 200 (409 ms)
06:33:28 "POST /cf/sessions/2ed7daef933f9db4967f9510a7c5eeba7a70dd82485aa7d5cb6239a005c18ba5/tracks/new HTTP/1.1" 200 -
06:33:28 "POST /save/pub-answer-s.sdp HTTP/1.1" 200 -
06:33:28 CF POST /sessions/73e1753277f59bc65a86963a0e0484c82f77c91e279a2fcb20f71521388b3d11/tracks/new -> 200 (470 ms)
06:33:28 "POST /cf/sessions/73e1753277f59bc65a86963a0e0484c82f77c91e279a2fcb20f71521388b3d11/tracks/new HTTP/1.1" 200 -
06:33:28 CF POST /sessions/93801e8dc94f6ee1f186caa0d61c21c54b42ca4b63b42b5694b567c1e92eb937/tracks/new -> 200 (470 ms)
06:33:28 "POST /cf/sessions/93801e8dc94f6ee1f186caa0d61c21c54b42ca4b63b42b5694b567c1e92eb937/tracks/new HTTP/1.1" 200 -
06:33:28 "POST /collect HTTP/1.1" 200 -
06:33:28 "POST /save/pub-answer-f.sdp HTTP/1.1" 200 -
06:33:28 "POST /save/pub-answer-w.sdp HTTP/1.1" 200 -
06:33:28 "POST /collect HTTP/1.1" 200 -
06:33:28 "POST /save/pub-answer-m.sdp HTTP/1.1" 200 -
06:33:28 "POST /collect HTTP/1.1" 200 -
06:33:28 "POST /collect HTTP/1.1" 200 -
06:33:28 CF POST /sessions/2a7b1cfb6db8bea8fe814acef9aaac12b5d6a85413493832881ca783b5518bc4/tracks/new -> 200 (485 ms)
06:33:28 "POST /cf/sessions/2a7b1cfb6db8bea8fe814acef9aaac12b5d6a85413493832881ca783b5518bc4/tracks/new HTTP/1.1" 200 -
06:33:28 "POST /collect HTTP/1.1" 200 -
06:33:28 CF POST /sessions/bdee751f607351a7d6f1b0a4b106f33a2890e27302753326786d8239e81253bb/tracks/new -> 200 (429 ms)
06:33:28 "POST /cf/sessions/bdee751f607351a7d6f1b0a4b106f33a2890e27302753326786d8239e81253bb/tracks/new HTTP/1.1" 200 -
06:33:28 CF POST /sessions/912175cbb455952a16e6da979159f3e2577a50985b4b827c31413a06543a51e8/tracks/new -> 200 (465 ms)
06:33:28 "POST /cf/sessions/912175cbb455952a16e6da979159f3e2577a50985b4b827c31413a06543a51e8/tracks/new HTTP/1.1" 200 -
06:33:28 CF POST /sessions/b581d344432741f90ee6f0b803169f426aeaf222cde97ba3a8468bc99616795c/tracks/new -> 200 (487 ms)
06:33:28 "POST /cf/sessions/b581d344432741f90ee6f0b803169f426aeaf222cde97ba3a8468bc99616795c/tracks/new HTTP/1.1" 200 -
06:33:28 "POST /collect HTTP/1.1" 200 -
06:33:28 "POST /collect HTTP/1.1" 200 -
06:33:28 "POST /save/pub-answer-v.sdp HTTP/1.1" 200 -
06:33:28 "POST /save/pub-answer-f.sdp HTTP/1.1" 200 -
06:33:29 "POST /collect HTTP/1.1" 200 -
06:33:29 CF POST /sessions/df7a3a1ecd4b38cb8e8832adb5a0a94b442a4c69b649f47f11334711cd7c678a/tracks/new -> 200 (513 ms)
06:33:29 "POST /cf/sessions/df7a3a1ecd4b38cb8e8832adb5a0a94b442a4c69b649f47f11334711cd7c678a/tracks/new HTTP/1.1" 200 -
06:33:29 CF POST /sessions/1fcb21136fb65dfbaa8a134934c8e57009d2f4327707e85da1eed41d0ad0fd20/tracks/new -> 200 (489 ms)
06:33:29 "POST /cf/sessions/1fcb21136fb65dfbaa8a134934c8e57009d2f4327707e85da1eed41d0ad0fd20/tracks/new HTTP/1.1" 200 -
06:33:29 CF POST /sessions/5285e9d119c50e03166ab2471079db586ece236bbef072a38c8dd12f5df2b89b/tracks/new -> 200 (509 ms)
06:33:29 "POST /cf/sessions/5285e9d119c50e03166ab2471079db586ece236bbef072a38c8dd12f5df2b89b/tracks/new HTTP/1.1" 200 -
06:33:29 CF POST /sessions/55e364a7a94796a4da9c64befa832b3539ca73c79c50236159bfe75b66852c14/tracks/new -> 200 (453 ms)
06:33:29 "POST /cf/sessions/55e364a7a94796a4da9c64befa832b3539ca73c79c50236159bfe75b66852c14/tracks/new HTTP/1.1" 200 -
06:33:29 CF POST /sessions/de0aa53d0b26d54205474944a223fa0d9e085cf240a5cac0f339a5d09cae8a79/tracks/new -> 200 (465 ms)
06:33:29 "POST /cf/sessions/de0aa53d0b26d54205474944a223fa0d9e085cf240a5cac0f339a5d09cae8a79/tracks/new HTTP/1.1" 200 -
06:33:29 "POST /save/pub-answer-c.sdp HTTP/1.1" 200 -
06:33:29 CF POST /sessions/4f969f03057f13c9e0ad464018cc040df4e31e21f2cd02a2874c8a98774d13bd/tracks/new -> 200 (516 ms)
06:33:29 "POST /cf/sessions/4f969f03057f13c9e0ad464018cc040df4e31e21f2cd02a2874c8a98774d13bd/tracks/new HTTP/1.1" 200 -
06:33:29 "POST /collect HTTP/1.1" 200 -
06:33:29 CF POST /sessions/897bfb5b7c189b6135fa2f6512083cf0936fd8a4be7cddec27e382a33a6c4ac8/tracks/new -> 200 (456 ms)
06:33:29 "POST /cf/sessions/897bfb5b7c189b6135fa2f6512083cf0936fd8a4be7cddec27e382a33a6c4ac8/tracks/new HTTP/1.1" 200 -
06:33:29 "POST /collect HTTP/1.1" 200 -
06:33:29 "POST /collect HTTP/1.1" 200 -
06:33:29 "POST /save/pub-answer-q.sdp HTTP/1.1" 200 -
06:33:29 "POST /collect HTTP/1.1" 200 -
06:33:29 "POST /save/pub-answer-g.sdp HTTP/1.1" 200 -
06:33:29 "POST /save/pub-answer-g.sdp HTTP/1.1" 200 -
06:33:29 "POST /collect HTTP/1.1" 200 -
06:33:29 "POST /save/pub-answer-a.sdp HTTP/1.1" 200 -
06:33:29 "POST /collect HTTP/1.1" 200 -
06:33:29 "POST /save/pub-answer-d.sdp HTTP/1.1" 200 -
06:33:29 "POST /save/pub-answer-p.sdp HTTP/1.1" 200 -
06:33:29 "POST /collect HTTP/1.1" 200 -
06:33:29 "POST /collect HTTP/1.1" 200 -
06:33:29 "POST /save/pub-answer-d.sdp HTTP/1.1" 200 -
06:33:29 "POST /save/pub-answer-e.sdp HTTP/1.1" 200 -
06:33:29 "POST /collect HTTP/1.1" 200 -
06:33:29 "POST /collect HTTP/1.1" 200 -
06:33:29 "POST /collect HTTP/1.1" 200 -
06:33:29 "POST /collect HTTP/1.1" 200 -
06:33:29 "POST /collect HTTP/1.1" 200 -
06:33:29 "POST /collect HTTP/1.1" 200 -
06:33:29 "POST /collect HTTP/1.1" 200 -
06:33:29 "POST /collect HTTP/1.1" 200 -
06:33:29 "POST /collect HTTP/1.1" 200 -
06:33:29 "POST /collect HTTP/1.1" 200 -
06:33:29 "POST /collect HTTP/1.1" 200 -
06:33:29 "POST /collect HTTP/1.1" 200 -
06:33:29 "POST /collect HTTP/1.1" 200 -
06:33:29 "POST /collect HTTP/1.1" 200 -
06:33:29 "POST /collect HTTP/1.1" 200 -
06:33:29 "POST /collect HTTP/1.1" 200 -
06:33:29 "POST /collect HTTP/1.1" 200 -
06:33:29 "POST /collect HTTP/1.1" 200 -
06:33:29 "POST /collect HTTP/1.1" 200 -
06:33:29 "POST /collect HTTP/1.1" 200 -
06:33:29 "POST /collect HTTP/1.1" 200 -
06:33:29 "POST /collect HTTP/1.1" 200 -
06:33:29 "POST /collect HTTP/1.1" 200 -
06:33:29 "POST /collect HTTP/1.1" 200 -
06:33:29 "POST /collect HTTP/1.1" 200 -
06:33:29 "POST /collect HTTP/1.1" 200 -
06:33:29 "POST /collect HTTP/1.1" 200 -
06:33:29 "POST /collect HTTP/1.1" 200 -
06:33:29 "POST /collect HTTP/1.1" 200 -
06:33:29 "POST /collect HTTP/1.1" 200 -
06:33:29 "POST /collect HTTP/1.1" 200 -
06:33:29 "POST /collect HTTP/1.1" 200 -
06:33:29 "POST /collect HTTP/1.1" 200 -
06:33:29 "POST /collect HTTP/1.1" 200 -
06:33:29 "POST /collect HTTP/1.1" 200 -
06:33:29 "POST /collect HTTP/1.1" 200 -
06:33:29 "POST /collect HTTP/1.1" 200 -
06:33:29 "POST /collect HTTP/1.1" 200 -
06:33:29 "POST /collect HTTP/1.1" 200 -
06:33:29 "POST /collect HTTP/1.1" 200 -
06:33:29 "POST /collect HTTP/1.1" 200 -
06:33:29 "POST /collect HTTP/1.1" 200 -
06:33:29 "POST /collect HTTP/1.1" 200 -
06:33:29 "POST /collect HTTP/1.1" 200 -
06:33:29 "POST /collect HTTP/1.1" 200 -
06:33:29 "POST /collect HTTP/1.1" 200 -
06:33:29 "POST /collect HTTP/1.1" 200 -
06:33:29 "POST /collect HTTP/1.1" 200 -
06:33:29 "POST /collect HTTP/1.1" 200 -
06:33:29 "POST /collect HTTP/1.1" 200 -
06:33:29 "POST /collect HTTP/1.1" 200 -
06:33:29 "POST /collect HTTP/1.1" 200 -
06:33:29 "POST /collect HTTP/1.1" 200 -
06:33:29 "POST /collect HTTP/1.1" 200 -
06:33:29 "POST /collect HTTP/1.1" 200 -
06:33:29 "POST /collect HTTP/1.1" 200 -
06:33:29 "POST /collect HTTP/1.1" 200 -
06:33:29 "POST /collect HTTP/1.1" 200 -
06:33:29 "POST /collect HTTP/1.1" 200 -
06:33:29 "POST /collect HTTP/1.1" 200 -
06:33:29 "POST /collect HTTP/1.1" 200 -
06:33:29 "POST /collect HTTP/1.1" 200 -
06:33:29 "POST /collect HTTP/1.1" 200 -
06:33:29 "POST /collect HTTP/1.1" 200 -
06:33:29 "POST /join HTTP/1.1" 200 -
06:33:29 "POST /collect HTTP/1.1" 200 -
06:33:29 "POST /collect HTTP/1.1" 200 -
06:33:29 "POST /collect HTTP/1.1" 200 -
06:33:29 "POST /collect HTTP/1.1" 200 -
06:33:29 "POST /collect HTTP/1.1" 200 -
06:33:29 "POST /collect HTTP/1.1" 200 -
06:33:29 "POST /collect HTTP/1.1" 200 -
06:33:29 "POST /collect HTTP/1.1" 200 -
06:33:29 "POST /collect HTTP/1.1" 200 -
06:33:29 "POST /collect HTTP/1.1" 200 -
06:33:29 "POST /collect HTTP/1.1" 200 -
06:33:29 "POST /collect HTTP/1.1" 200 -
06:33:29 "POST /collect HTTP/1.1" 200 -
06:33:29 "POST /collect HTTP/1.1" 200 -
06:33:29 "POST /collect HTTP/1.1" 200 -
06:33:29 "POST /collect HTTP/1.1" 200 -
06:33:29 "POST /collect HTTP/1.1" 200 -
06:33:29 "POST /collect HTTP/1.1" 200 -
06:33:29 "POST /collect HTTP/1.1" 200 -
06:33:29 "POST /collect HTTP/1.1" 200 -
06:33:29 "POST /collect HTTP/1.1" 200 -
06:33:29 "POST /collect HTTP/1.1" 200 -
06:33:29 "POST /collect HTTP/1.1" 200 -
06:33:29 "POST /join HTTP/1.1" 200 -
06:33:29 "POST /join HTTP/1.1" 200 -
06:33:29 "POST /collect HTTP/1.1" 200 -
06:33:29 "GET /roster HTTP/1.1" 200 -
06:33:29 "POST /collect HTTP/1.1" 200 -
06:33:29 "POST /collect HTTP/1.1" 200 -
06:33:29 "POST /collect HTTP/1.1" 200 -
06:33:29 "POST /join HTTP/1.1" 200 -
06:33:29 "POST /collect HTTP/1.1" 200 -
06:33:29 "POST /join HTTP/1.1" 200 -
06:33:29 "POST /join HTTP/1.1" 200 -
06:33:29 "POST /join HTTP/1.1" 200 -
06:33:29 "POST /collect HTTP/1.1" 200 -
06:33:29 "GET /roster HTTP/1.1" 200 -
06:33:29 "POST /collect HTTP/1.1" 200 -
06:33:29 "POST /collect HTTP/1.1" 200 -
06:33:29 "POST /collect HTTP/1.1" 200 -
06:33:29 "POST /collect HTTP/1.1" 200 -
06:33:29 "POST /collect HTTP/1.1" 200 -
06:33:29 "POST /join HTTP/1.1" 200 -
06:33:29 "POST /join HTTP/1.1" 200 -
06:33:29 "POST /collect HTTP/1.1" 200 -
06:33:29 "POST /collect HTTP/1.1" 200 -
06:33:29 "POST /join HTTP/1.1" 200 -
06:33:29 "POST /collect HTTP/1.1" 200 -
06:33:29 "POST /join HTTP/1.1" 200 -
06:33:29 "POST /collect HTTP/1.1" 200 -
06:33:29 "POST /collect HTTP/1.1" 200 -
06:33:29 "POST /collect HTTP/1.1" 200 -
06:33:29 "POST /collect HTTP/1.1" 200 -
06:33:29 "POST /collect HTTP/1.1" 200 -
06:33:29 "POST /collect HTTP/1.1" 200 -
06:33:29 "POST /collect HTTP/1.1" 200 -
06:33:29 "POST /collect HTTP/1.1" 200 -
06:33:29 "POST /join HTTP/1.1" 200 -
06:33:29 "POST /save/pub-offer-z.sdp HTTP/1.1" 200 -
06:33:29 "POST /save/pub-offer-q.sdp HTTP/1.1" 200 -
06:33:29 "POST /join HTTP/1.1" 200 -
06:33:29 "POST /collect HTTP/1.1" 200 -
06:33:29 "POST /collect HTTP/1.1" 200 -
06:33:29 "POST /collect HTTP/1.1" 200 -
06:33:29 "POST /collect HTTP/1.1" 200 -
06:33:29 "POST /collect HTTP/1.1" 200 -
06:33:29 "POST /join HTTP/1.1" 200 -
06:33:29 "POST /join HTTP/1.1" 200 -
06:33:29 "POST /collect HTTP/1.1" 200 -
06:33:29 "POST /collect HTTP/1.1" 200 -
06:33:29 "POST /collect HTTP/1.1" 200 -
06:33:29 "POST /collect HTTP/1.1" 200 -
06:33:29 "POST /join HTTP/1.1" 200 -
06:33:29 "POST /collect HTTP/1.1" 200 -
06:33:29 "POST /join HTTP/1.1" 200 -
06:33:29 "POST /join HTTP/1.1" 200 -
06:33:29 "POST /collect HTTP/1.1" 200 -
06:33:29 "POST /collect HTTP/1.1" 200 -
06:33:29 "POST /join HTTP/1.1" 200 -
06:33:29 "POST /collect HTTP/1.1" 200 -
06:33:29 "POST /join HTTP/1.1" 200 -
06:33:29 "POST /join HTTP/1.1" 200 -
06:33:29 "POST /collect HTTP/1.1" 200 -
06:33:29 "POST /collect HTTP/1.1" 200 -
06:33:29 "POST /join HTTP/1.1" 200 -
06:33:29 "POST /collect HTTP/1.1" 200 -
06:33:29 CF POST /sessions/1666a101ba08c4e8959372b26bde46e49f8f76dd8d724560c1caf136dddab945/tracks/new -> 200 (188 ms)
06:33:29 "POST /cf/sessions/1666a101ba08c4e8959372b26bde46e49f8f76dd8d724560c1caf136dddab945/tracks/new HTTP/1.1" 200 -
06:33:29 CF POST /sessions/f27c1b59c04093f1ee07fce36a9441fc548567779c9f5941c459965703200554/tracks/new -> 200 (221 ms)
06:33:29 "POST /cf/sessions/f27c1b59c04093f1ee07fce36a9441fc548567779c9f5941c459965703200554/tracks/new HTTP/1.1" 200 -
06:33:29 CF PUT /sessions/f27c1b59c04093f1ee07fce36a9441fc548567779c9f5941c459965703200554/renegotiate -> 200 (177 ms)
06:33:29 "PUT /cf/sessions/f27c1b59c04093f1ee07fce36a9441fc548567779c9f5941c459965703200554/renegotiate HTTP/1.1" 200 -
06:33:29 "POST /collect HTTP/1.1" 200 -
06:33:29 CF PUT /sessions/1666a101ba08c4e8959372b26bde46e49f8f76dd8d724560c1caf136dddab945/renegotiate -> 200 (185 ms)
06:33:29 "PUT /cf/sessions/1666a101ba08c4e8959372b26bde46e49f8f76dd8d724560c1caf136dddab945/renegotiate HTTP/1.1" 200 -
06:33:29 "POST /collect HTTP/1.1" 200 -
06:33:29 CF POST /sessions/91bbc5a2dbe498efa071e423f666f63948fa4906bd2fef5a11653555e8f5a28c/tracks/new -> 200 (369 ms)
06:33:29 "POST /cf/sessions/91bbc5a2dbe498efa071e423f666f63948fa4906bd2fef5a11653555e8f5a28c/tracks/new HTTP/1.1" 200 -
06:33:29 "POST /save/pub-answer-q.sdp HTTP/1.1" 200 -
06:33:29 "POST /collect HTTP/1.1" 200 -
06:33:29 "POST /collect HTTP/1.1" 200 -
06:33:29 "POST /collect HTTP/1.1" 200 -
06:33:29 CF POST /sessions/79db13c4304440718e8c5a3a1813fba758790b3abe898038fc34772d65944e19/tracks/new -> 200 (399 ms)
06:33:29 "POST /cf/sessions/79db13c4304440718e8c5a3a1813fba758790b3abe898038fc34772d65944e19/tracks/new HTTP/1.1" 200 -
06:33:29 "POST /save/pub-answer-z.sdp HTTP/1.1" 200 -
06:33:29 "POST /collect HTTP/1.1" 200 -
06:33:29 "POST /collect HTTP/1.1" 200 -
06:33:29 "POST /collect HTTP/1.1" 200 -
06:33:29 "POST /collect HTTP/1.1" 200 -
06:33:29 "POST /collect HTTP/1.1" 200 -
06:33:29 CF POST /sessions/1666a101ba08c4e8959372b26bde46e49f8f76dd8d724560c1caf136dddab945/tracks/new -> 200 (293 ms)
06:33:29 "POST /cf/sessions/1666a101ba08c4e8959372b26bde46e49f8f76dd8d724560c1caf136dddab945/tracks/new HTTP/1.1" 200 -
06:33:29 CF POST /sessions/f27c1b59c04093f1ee07fce36a9441fc548567779c9f5941c459965703200554/tracks/new -> 200 (302 ms)
06:33:29 "POST /cf/sessions/f27c1b59c04093f1ee07fce36a9441fc548567779c9f5941c459965703200554/tracks/new HTTP/1.1" 200 -
06:33:29 "POST /join HTTP/1.1" 200 -
06:33:29 "POST /collect HTTP/1.1" 200 -
06:33:29 "POST /join HTTP/1.1" 200 -
06:33:29 "POST /collect HTTP/1.1" 200 -
06:33:30 CF PUT /sessions/f27c1b59c04093f1ee07fce36a9441fc548567779c9f5941c459965703200554/renegotiate -> 200 (160 ms)
06:33:30 "PUT /cf/sessions/f27c1b59c04093f1ee07fce36a9441fc548567779c9f5941c459965703200554/renegotiate HTTP/1.1" 200 -
06:33:30 "POST /collect HTTP/1.1" 200 -
06:33:30 CF PUT /sessions/1666a101ba08c4e8959372b26bde46e49f8f76dd8d724560c1caf136dddab945/renegotiate -> 200 (167 ms)
06:33:30 "PUT /cf/sessions/1666a101ba08c4e8959372b26bde46e49f8f76dd8d724560c1caf136dddab945/renegotiate HTTP/1.1" 200 -
06:33:30 "POST /collect HTTP/1.1" 200 -
06:33:30 "POST /collect HTTP/1.1" 200 -
06:33:30 "POST /join HTTP/1.1" 200 -
06:33:30 "POST /collect HTTP/1.1" 200 -
06:33:30 "POST /join HTTP/1.1" 200 -
06:33:30 "POST /collect HTTP/1.1" 200 -
06:33:30 CF POST /sessions/1666a101ba08c4e8959372b26bde46e49f8f76dd8d724560c1caf136dddab945/tracks/new -> 200 (200 ms)
06:33:30 "POST /cf/sessions/1666a101ba08c4e8959372b26bde46e49f8f76dd8d724560c1caf136dddab945/tracks/new HTTP/1.1" 200 -
06:33:30 "POST /join HTTP/1.1" 200 -
06:33:30 "POST /collect HTTP/1.1" 200 -
06:33:30 "POST /join HTTP/1.1" 200 -
06:33:30 "POST /join HTTP/1.1" 200 -
06:33:30 "POST /collect HTTP/1.1" 200 -
06:33:30 "POST /collect HTTP/1.1" 200 -
06:33:30 "POST /join HTTP/1.1" 200 -
06:33:30 "POST /collect HTTP/1.1" 200 -
06:33:30 CF PUT /sessions/1666a101ba08c4e8959372b26bde46e49f8f76dd8d724560c1caf136dddab945/renegotiate -> 200 (202 ms)
06:33:30 "PUT /cf/sessions/1666a101ba08c4e8959372b26bde46e49f8f76dd8d724560c1caf136dddab945/renegotiate HTTP/1.1" 200 -
06:33:30 "POST /collect HTTP/1.1" 200 -
06:33:30 "POST /collect HTTP/1.1" 200 -
06:33:30 "POST /collect HTTP/1.1" 200 -
06:33:30 CF POST /sessions/1666a101ba08c4e8959372b26bde46e49f8f76dd8d724560c1caf136dddab945/tracks/new -> 200 (333 ms)
06:33:30 "POST /cf/sessions/1666a101ba08c4e8959372b26bde46e49f8f76dd8d724560c1caf136dddab945/tracks/new HTTP/1.1" 200 -
06:33:31 CF PUT /sessions/1666a101ba08c4e8959372b26bde46e49f8f76dd8d724560c1caf136dddab945/renegotiate -> 200 (152 ms)
06:33:31 "PUT /cf/sessions/1666a101ba08c4e8959372b26bde46e49f8f76dd8d724560c1caf136dddab945/renegotiate HTTP/1.1" 200 -
06:33:31 "POST /collect HTTP/1.1" 200 -
06:33:31 "GET /roster HTTP/1.1" 200 -
06:33:31 "POST /collect HTTP/1.1" 200 -
06:33:31 "GET /roster HTTP/1.1" 200 -
06:33:31 "POST /collect HTTP/1.1" 200 -
06:33:31 "POST /save/pub-offer-r.sdp HTTP/1.1" 200 -
06:33:31 CF POST /sessions/1666a101ba08c4e8959372b26bde46e49f8f76dd8d724560c1caf136dddab945/tracks/new -> 200 (271 ms)
06:33:31 "POST /cf/sessions/1666a101ba08c4e8959372b26bde46e49f8f76dd8d724560c1caf136dddab945/tracks/new HTTP/1.1" 200 -
06:33:31 "POST /save/pub-offer-k.sdp HTTP/1.1" 200 -
06:33:31 "POST /save/pub-offer-r.sdp HTTP/1.1" 200 -
06:33:31 "POST /save/pub-offer-t.sdp HTTP/1.1" 200 -
06:33:31 "POST /save/pub-offer-u.sdp HTTP/1.1" 200 -
06:33:31 CF POST /sessions/f27c1b59c04093f1ee07fce36a9441fc548567779c9f5941c459965703200554/tracks/new -> 200 (206 ms)
06:33:31 "POST /cf/sessions/f27c1b59c04093f1ee07fce36a9441fc548567779c9f5941c459965703200554/tracks/new HTTP/1.1" 200 -
06:33:31 "POST /save/pub-offer-p.sdp HTTP/1.1" 200 -
06:33:31 "POST /save/pub-offer-n.sdp HTTP/1.1" 200 -
06:33:31 "POST /save/pub-offer-o.sdp HTTP/1.1" 200 -
06:33:31 CF PUT /sessions/1666a101ba08c4e8959372b26bde46e49f8f76dd8d724560c1caf136dddab945/renegotiate -> 200 (155 ms)
06:33:31 "PUT /cf/sessions/1666a101ba08c4e8959372b26bde46e49f8f76dd8d724560c1caf136dddab945/renegotiate HTTP/1.1" 200 -
06:33:31 "POST /collect HTTP/1.1" 200 -
06:33:31 "POST /save/pub-offer-y.sdp HTTP/1.1" 200 -
06:33:31 "POST /collect HTTP/1.1" 200 -
06:33:31 "POST /save/pub-offer-j.sdp HTTP/1.1" 200 -
06:33:31 "POST /save/pub-offer-i.sdp HTTP/1.1" 200 -
06:33:31 "POST /save/pub-offer-h.sdp HTTP/1.1" 200 -
06:33:31 "POST /save/pub-offer-j.sdp HTTP/1.1" 200 -
06:33:31 "POST /save/pub-offer-k.sdp HTTP/1.1" 200 -
06:33:31 CF POST /sessions/23a0d56865c2447da537eb83c1b126bd0ba99ab9556d2fedfee51dad8919901e/tracks/new -> 200 (333 ms)
06:33:31 "POST /cf/sessions/23a0d56865c2447da537eb83c1b126bd0ba99ab9556d2fedfee51dad8919901e/tracks/new HTTP/1.1" 200 -
06:33:31 CF PUT /sessions/f27c1b59c04093f1ee07fce36a9441fc548567779c9f5941c459965703200554/renegotiate -> 200 (240 ms)
06:33:31 "PUT /cf/sessions/f27c1b59c04093f1ee07fce36a9441fc548567779c9f5941c459965703200554/renegotiate HTTP/1.1" 200 -
06:33:31 CF POST /sessions/1666a101ba08c4e8959372b26bde46e49f8f76dd8d724560c1caf136dddab945/tracks/new -> 200 (175 ms)
06:33:31 "POST /cf/sessions/1666a101ba08c4e8959372b26bde46e49f8f76dd8d724560c1caf136dddab945/tracks/new HTTP/1.1" 200 -
06:33:31 "POST /save/pub-offer-v.sdp HTTP/1.1" 200 -
06:33:31 "POST /collect HTTP/1.1" 200 -
06:33:31 "POST /save/pub-offer-s.sdp HTTP/1.1" 200 -
06:33:31 "POST /save/pub-offer-w.sdp HTTP/1.1" 200 -
06:33:31 "POST /save/pub-answer-k.sdp HTTP/1.1" 200 -
06:33:31 "POST /save/pub-offer-u.sdp HTTP/1.1" 200 -
06:33:31 CF POST /sessions/fd19c1c495a5f8ce9c9b387ebf13e4db6f19d3a7476d81d1f500a24f0055e02e/tracks/new -> 200 (361 ms)
06:33:31 "POST /cf/sessions/fd19c1c495a5f8ce9c9b387ebf13e4db6f19d3a7476d81d1f500a24f0055e02e/tracks/new HTTP/1.1" 200 -
06:33:31 "POST /save/pub-offer-t.sdp HTTP/1.1" 200 -
06:33:31 "POST /collect HTTP/1.1" 200 -
06:33:31 "POST /save/pub-offer-x.sdp HTTP/1.1" 200 -
06:33:31 "POST /save/pub-answer-r.sdp HTTP/1.1" 200 -
06:33:31 "POST /collect HTTP/1.1" 200 -
06:33:31 "POST /collect HTTP/1.1" 200 -
06:33:31 "POST /collect HTTP/1.1" 200 -
06:33:31 "POST /collect HTTP/1.1" 200 -
06:33:31 "POST /collect HTTP/1.1" 200 -
06:33:31 "POST /collect HTTP/1.1" 200 -
06:33:31 "POST /save/pub-offer-l.sdp HTTP/1.1" 200 -
06:33:31 "POST /save/pub-offer-i.sdp HTTP/1.1" 200 -
06:33:31 CF POST /sessions/87fec3b7262c18d51d2adc76d7dbe5dfa0b8b958e383fa27640134669d327293/tracks/new -> 200 (381 ms)
06:33:31 "POST /cf/sessions/87fec3b7262c18d51d2adc76d7dbe5dfa0b8b958e383fa27640134669d327293/tracks/new HTTP/1.1" 200 -
06:33:31 CF POST /sessions/762323e1cd71b67e0fdd0b674f9620030944fda2dfe2a1f0041528825ff00b67/tracks/new -> 200 (385 ms)
06:33:31 "POST /cf/sessions/762323e1cd71b67e0fdd0b674f9620030944fda2dfe2a1f0041528825ff00b67/tracks/new HTTP/1.1" 200 -
06:33:31 "POST /save/pub-answer-t.sdp HTTP/1.1" 200 -
06:33:31 "POST /save/pub-answer-r.sdp HTTP/1.1" 200 -
06:33:31 "POST /collect HTTP/1.1" 200 -
06:33:31 "POST /collect HTTP/1.1" 200 -
06:33:31 "POST /collect HTTP/1.1" 200 -
06:33:31 "POST /collect HTTP/1.1" 200 -
06:33:31 "POST /collect HTTP/1.1" 200 -
06:33:31 "POST /collect HTTP/1.1" 200 -
06:33:31 CF POST /sessions/bdf54d002aff0ea5f81d25cf77851ad21086d7c8cb2643ff8e06d6ed7194303c/tracks/new -> 200 (431 ms)
06:33:31 "POST /cf/sessions/bdf54d002aff0ea5f81d25cf77851ad21086d7c8cb2643ff8e06d6ed7194303c/tracks/new HTTP/1.1" 200 -
06:33:31 "POST /save/pub-answer-u.sdp HTTP/1.1" 200 -
06:33:31 CF POST /sessions/53fb9f23e470a0c0d08d32f3b905d711597987a4b9547e774f9c20e20b897933/tracks/new -> 200 (393 ms)
06:33:31 "POST /cf/sessions/53fb9f23e470a0c0d08d32f3b905d711597987a4b9547e774f9c20e20b897933/tracks/new HTTP/1.1" 200 -
06:33:31 "POST /collect HTTP/1.1" 200 -
06:33:31 "POST /collect HTTP/1.1" 200 -
06:33:31 "POST /save/pub-answer-o.sdp HTTP/1.1" 200 -
06:33:31 "POST /collect HTTP/1.1" 200 -
06:33:31 "POST /collect HTTP/1.1" 200 -
06:33:31 "POST /collect HTTP/1.1" 200 -
06:33:31 "POST /collect HTTP/1.1" 200 -
06:33:31 CF POST /sessions/35f831f868956e8d7108acd0e02c0758337b20e424362df2765c9e47d940d972/tracks/new -> 200 (419 ms)
06:33:31 "POST /cf/sessions/35f831f868956e8d7108acd0e02c0758337b20e424362df2765c9e47d940d972/tracks/new HTTP/1.1" 200 -
06:33:31 "POST /save/pub-answer-n.sdp HTTP/1.1" 200 -
06:33:31 "POST /collect HTTP/1.1" 200 -
06:33:31 CF POST /sessions/bd7db122afca6d65c87a7314f05e38901a4387bd72b3eacc8b6e64495db10592/tracks/new -> 200 (428 ms)
06:33:31 "POST /cf/sessions/bd7db122afca6d65c87a7314f05e38901a4387bd72b3eacc8b6e64495db10592/tracks/new HTTP/1.1" 200 -
06:33:31 "POST /collect HTTP/1.1" 200 -
06:33:31 "POST /collect HTTP/1.1" 200 -
06:33:31 "POST /save/pub-answer-p.sdp HTTP/1.1" 200 -
06:33:31 "POST /collect HTTP/1.1" 200 -
06:33:31 "POST /collect HTTP/1.1" 200 -
06:33:31 "POST /collect HTTP/1.1" 200 -
06:33:31 CF PUT /sessions/1666a101ba08c4e8959372b26bde46e49f8f76dd8d724560c1caf136dddab945/renegotiate -> 200 (173 ms)
06:33:31 "PUT /cf/sessions/1666a101ba08c4e8959372b26bde46e49f8f76dd8d724560c1caf136dddab945/renegotiate HTTP/1.1" 200 -
06:33:31 "POST /collect HTTP/1.1" 200 -
06:33:31 "POST /collect HTTP/1.1" 200 -
06:33:31 CF POST /sessions/f27c1b59c04093f1ee07fce36a9441fc548567779c9f5941c459965703200554/tracks/new -> 200 (227 ms)
06:33:31 "POST /cf/sessions/f27c1b59c04093f1ee07fce36a9441fc548567779c9f5941c459965703200554/tracks/new HTTP/1.1" 200 -
06:33:31 CF POST /sessions/d6fce7e9daee09272a0a190f3d3c09f27123117a328b6b2e0a99060880c90b8c/tracks/new -> 200 (412 ms)
06:33:31 "POST /cf/sessions/d6fce7e9daee09272a0a190f3d3c09f27123117a328b6b2e0a99060880c90b8c/tracks/new HTTP/1.1" 200 -
06:33:31 "POST /save/pub-answer-y.sdp HTTP/1.1" 200 -
06:33:31 "POST /collect HTTP/1.1" 200 -
06:33:31 "POST /collect HTTP/1.1" 200 -
06:33:31 "POST /collect HTTP/1.1" 200 -
06:33:31 "POST /join HTTP/1.1" 200 -
06:33:31 "POST /collect HTTP/1.1" 200 -
06:33:31 CF POST /sessions/84718394364a8b262485dbdffce365286aa1c3ba4c211b0a8bd08ccb6a6076f9/tracks/new -> 200 (413 ms)
06:33:31 "POST /cf/sessions/84718394364a8b262485dbdffce365286aa1c3ba4c211b0a8bd08ccb6a6076f9/tracks/new HTTP/1.1" 200 -
06:33:31 "POST /save/pub-answer-j.sdp HTTP/1.1" 200 -
06:33:31 "POST /collect HTTP/1.1" 200 -
06:33:31 "POST /collect HTTP/1.1" 200 -
06:33:31 "POST /collect HTTP/1.1" 200 -
06:33:31 CF POST /sessions/b0fc2761a6ffa1a775b17b27eef58d4e071e40fcc8e5803c62765bbf991ef64f/tracks/new -> 200 (396 ms)
06:33:31 "POST /cf/sessions/b0fc2761a6ffa1a775b17b27eef58d4e071e40fcc8e5803c62765bbf991ef64f/tracks/new HTTP/1.1" 200 -
06:33:31 "POST /save/pub-answer-h.sdp HTTP/1.1" 200 -
06:33:31 CF POST /sessions/cf757c0dc58cf566b541c6b3a31883c624ce993ff9e2724f6d8dbb22ec64c519/tracks/new -> 200 (347 ms)
06:33:31 "POST /cf/sessions/cf757c0dc58cf566b541c6b3a31883c624ce993ff9e2724f6d8dbb22ec64c519/tracks/new HTTP/1.1" 200 -
06:33:31 CF POST /sessions/a901c0a1b4f13c66b94445a44870d3b8ab8467cc1dbc59cf9f744853c0effff9/tracks/new -> 200 (403 ms)
06:33:31 "POST /cf/sessions/a901c0a1b4f13c66b94445a44870d3b8ab8467cc1dbc59cf9f744853c0effff9/tracks/new HTTP/1.1" 200 -
06:33:31 "POST /join HTTP/1.1" 200 -
06:33:32 "POST /collect HTTP/1.1" 200 -
06:33:32 "POST /save/pub-answer-u.sdp HTTP/1.1" 200 -
06:33:32 CF POST /sessions/89185586545a81b1f716fa5bc0e67e8935d391e0516dac5e3a12af3dd5189acc/tracks/new -> 200 (407 ms)
06:33:32 "POST /cf/sessions/89185586545a81b1f716fa5bc0e67e8935d391e0516dac5e3a12af3dd5189acc/tracks/new HTTP/1.1" 200 -
06:33:32 "POST /join HTTP/1.1" 200 -
06:33:32 CF POST /sessions/d23eb936c309727a8c56639ea167569143c0323033900c9cf9b6cf511c9bffb7/tracks/new -> 200 (364 ms)
06:33:32 "POST /cf/sessions/d23eb936c309727a8c56639ea167569143c0323033900c9cf9b6cf511c9bffb7/tracks/new HTTP/1.1" 200 -
06:33:32 "POST /collect HTTP/1.1" 200 -
06:33:32 "POST /save/pub-answer-i.sdp HTTP/1.1" 200 -
06:33:32 "POST /collect HTTP/1.1" 200 -
06:33:32 CF POST /sessions/b251453a6a6a92277b3f268ecd4beacbf0485a19c09154e18fe5ab69a16e396a/tracks/new -> 200 (353 ms)
06:33:32 "POST /cf/sessions/b251453a6a6a92277b3f268ecd4beacbf0485a19c09154e18fe5ab69a16e396a/tracks/new HTTP/1.1" 200 -
06:33:32 "POST /save/pub-answer-k.sdp HTTP/1.1" 200 -
06:33:32 "POST /collect HTTP/1.1" 200 -
06:33:32 CF PUT /sessions/f27c1b59c04093f1ee07fce36a9441fc548567779c9f5941c459965703200554/renegotiate -> 200 (159 ms)
06:33:32 CF POST /sessions/7cc0eb9caabc0d362765f9bab5c141f06859e785a023a7c68c68edc32de8afeb/tracks/new -> 200 (386 ms)
06:33:32 "POST /cf/sessions/7cc0eb9caabc0d362765f9bab5c141f06859e785a023a7c68c68edc32de8afeb/tracks/new HTTP/1.1" 200 -
06:33:32 "PUT /cf/sessions/f27c1b59c04093f1ee07fce36a9441fc548567779c9f5941c459965703200554/renegotiate HTTP/1.1" 200 -
06:33:32 CF POST /sessions/e28e6c2af6078d88127402a2ecf2cef15606a0387d53e287da2dc04f918614aa/tracks/new -> 200 (361 ms)
06:33:32 "POST /cf/sessions/e28e6c2af6078d88127402a2ecf2cef15606a0387d53e287da2dc04f918614aa/tracks/new HTTP/1.1" 200 -
06:33:32 "POST /collect HTTP/1.1" 200 -
06:33:32 CF POST /sessions/e1f93aae07caa2feed1b205486299935449558a5a21ac3a3481cca32f26b6a49/tracks/new -> 200 (448 ms)
06:33:32 "POST /cf/sessions/e1f93aae07caa2feed1b205486299935449558a5a21ac3a3481cca32f26b6a49/tracks/new HTTP/1.1" 200 -
06:33:32 "POST /save/pub-answer-l.sdp HTTP/1.1" 200 -
06:33:32 CF POST /sessions/7d55069c23a0ebc8c4de444b608b460c93b7fc1b7e3a405e64c947c6b825bf7b/tracks/new -> 200 (410 ms)
06:33:32 "POST /cf/sessions/7d55069c23a0ebc8c4de444b608b460c93b7fc1b7e3a405e64c947c6b825bf7b/tracks/new HTTP/1.1" 200 -
06:33:32 "POST /collect HTTP/1.1" 200 -
06:33:32 "POST /save/pub-answer-w.sdp HTTP/1.1" 200 -
06:33:32 "POST /save/pub-answer-i.sdp HTTP/1.1" 200 -
06:33:32 CF POST /sessions/5a975e677e8cbc88b598cf2ed235342818b95c3e798f7146fdd0e7df0d068387/tracks/new -> 200 (401 ms)
06:33:32 "POST /cf/sessions/5a975e677e8cbc88b598cf2ed235342818b95c3e798f7146fdd0e7df0d068387/tracks/new HTTP/1.1" 200 -
06:33:32 "POST /save/pub-answer-t.sdp HTTP/1.1" 200 -
06:33:32 "POST /save/pub-answer-j.sdp HTTP/1.1" 200 -
06:33:32 "POST /collect HTTP/1.1" 200 -
06:33:32 "POST /save/pub-answer-v.sdp HTTP/1.1" 200 -
06:33:32 "POST /save/pub-answer-x.sdp HTTP/1.1" 200 -
06:33:32 "POST /collect HTTP/1.1" 200 -
06:33:32 "POST /collect HTTP/1.1" 200 -
06:33:32 "POST /collect HTTP/1.1" 200 -
06:33:32 "POST /collect HTTP/1.1" 200 -
06:33:32 "POST /collect HTTP/1.1" 200 -
06:33:32 "POST /collect HTTP/1.1" 200 -
06:33:32 "POST /collect HTTP/1.1" 200 -
06:33:32 "POST /collect HTTP/1.1" 200 -
06:33:32 "POST /collect HTTP/1.1" 200 -
06:33:32 "POST /collect HTTP/1.1" 200 -
06:33:32 "POST /collect HTTP/1.1" 200 -
06:33:32 "POST /collect HTTP/1.1" 200 -
06:33:32 "POST /collect HTTP/1.1" 200 -
06:33:32 "POST /collect HTTP/1.1" 200 -
06:33:32 "POST /collect HTTP/1.1" 200 -
06:33:32 "POST /collect HTTP/1.1" 200 -
06:33:32 "POST /collect HTTP/1.1" 200 -
06:33:32 "POST /collect HTTP/1.1" 200 -
06:33:32 "POST /collect HTTP/1.1" 200 -
06:33:32 "POST /collect HTTP/1.1" 200 -
06:33:32 "POST /collect HTTP/1.1" 200 -
06:33:32 "POST /collect HTTP/1.1" 200 -
06:33:32 "POST /collect HTTP/1.1" 200 -
06:33:32 "POST /collect HTTP/1.1" 200 -
06:33:32 "POST /collect HTTP/1.1" 200 -
06:33:32 "POST /collect HTTP/1.1" 200 -
06:33:32 "POST /collect HTTP/1.1" 200 -
06:33:32 "POST /collect HTTP/1.1" 200 -
06:33:32 "POST /collect HTTP/1.1" 200 -
06:33:32 "POST /collect HTTP/1.1" 200 -
06:33:32 CF POST /sessions/1666a101ba08c4e8959372b26bde46e49f8f76dd8d724560c1caf136dddab945/tracks/new -> 200 (296 ms)
06:33:32 "POST /cf/sessions/1666a101ba08c4e8959372b26bde46e49f8f76dd8d724560c1caf136dddab945/tracks/new HTTP/1.1" 200 -
06:33:32 "POST /collect HTTP/1.1" 200 -
06:33:32 CF POST /sessions/fa383a91e85babbe497e31c49c44653b2096c12403e205d6fca53b1d5d744769/tracks/new -> 200 (532 ms)
06:33:32 "POST /cf/sessions/fa383a91e85babbe497e31c49c44653b2096c12403e205d6fca53b1d5d744769/tracks/new HTTP/1.1" 200 -
06:33:32 "POST /save/pub-answer-s.sdp HTTP/1.1" 200 -
06:33:32 "POST /collect HTTP/1.1" 200 -
06:33:32 "POST /collect HTTP/1.1" 200 -
06:33:32 "POST /collect HTTP/1.1" 200 -
06:33:32 "POST /collect HTTP/1.1" 200 -
06:33:32 "POST /collect HTTP/1.1" 200 -
06:33:32 "POST /collect HTTP/1.1" 200 -
06:33:32 "POST /collect HTTP/1.1" 200 -
06:33:32 "POST /collect HTTP/1.1" 200 -
06:33:32 "POST /collect HTTP/1.1" 200 -
06:33:32 "POST /collect HTTP/1.1" 200 -
06:33:32 "POST /collect HTTP/1.1" 200 -
06:33:32 "POST /collect HTTP/1.1" 200 -
06:33:32 "POST /collect HTTP/1.1" 200 -
06:33:32 "POST /collect HTTP/1.1" 200 -
06:33:32 CF POST /sessions/f27c1b59c04093f1ee07fce36a9441fc548567779c9f5941c459965703200554/tracks/new -> 200 (253 ms)
06:33:32 "POST /cf/sessions/f27c1b59c04093f1ee07fce36a9441fc548567779c9f5941c459965703200554/tracks/new HTTP/1.1" 200 -
06:33:32 "POST /collect HTTP/1.1" 200 -
06:33:32 "POST /collect HTTP/1.1" 200 -
06:33:32 "POST /collect HTTP/1.1" 200 -
06:33:32 "POST /collect HTTP/1.1" 200 -
06:33:32 "POST /collect HTTP/1.1" 200 -
06:33:32 "POST /collect HTTP/1.1" 200 -
06:33:32 "POST /collect HTTP/1.1" 200 -
06:33:32 CF PUT /sessions/1666a101ba08c4e8959372b26bde46e49f8f76dd8d724560c1caf136dddab945/renegotiate -> 200 (175 ms)
06:33:32 "PUT /cf/sessions/1666a101ba08c4e8959372b26bde46e49f8f76dd8d724560c1caf136dddab945/renegotiate HTTP/1.1" 200 -
06:33:32 "POST /collect HTTP/1.1" 200 -
06:33:32 "POST /collect HTTP/1.1" 200 -
06:33:32 "POST /collect HTTP/1.1" 200 -
06:33:32 "POST /collect HTTP/1.1" 200 -
06:33:32 "POST /collect HTTP/1.1" 200 -
06:33:32 "POST /collect HTTP/1.1" 200 -
06:33:32 "POST /join HTTP/1.1" 200 -
06:33:32 "POST /join HTTP/1.1" 200 -
06:33:32 "POST /join HTTP/1.1" 200 -
06:33:32 "POST /join HTTP/1.1" 200 -
06:33:32 "POST /join HTTP/1.1" 200 -
06:33:32 "POST /collect HTTP/1.1" 200 -
06:33:32 "POST /collect HTTP/1.1" 200 -
06:33:32 "POST /collect HTTP/1.1" 200 -
06:33:32 "POST /collect HTTP/1.1" 200 -
06:33:32 "POST /collect HTTP/1.1" 200 -
06:33:32 CF PUT /sessions/f27c1b59c04093f1ee07fce36a9441fc548567779c9f5941c459965703200554/renegotiate -> 200 (199 ms)
06:33:32 "PUT /cf/sessions/f27c1b59c04093f1ee07fce36a9441fc548567779c9f5941c459965703200554/renegotiate HTTP/1.1" 200 -
06:33:32 "POST /collect HTTP/1.1" 200 -
06:33:32 "POST /collect HTTP/1.1" 200 -
06:33:32 "POST /collect HTTP/1.1" 200 -
06:33:32 CF POST /sessions/1666a101ba08c4e8959372b26bde46e49f8f76dd8d724560c1caf136dddab945/tracks/new -> 200 (300 ms)
06:33:32 "POST /cf/sessions/1666a101ba08c4e8959372b26bde46e49f8f76dd8d724560c1caf136dddab945/tracks/new HTTP/1.1" 200 -
06:33:32 CF POST /sessions/f27c1b59c04093f1ee07fce36a9441fc548567779c9f5941c459965703200554/tracks/new -> 200 (228 ms)
06:33:32 "POST /cf/sessions/f27c1b59c04093f1ee07fce36a9441fc548567779c9f5941c459965703200554/tracks/new HTTP/1.1" 200 -
06:33:32 CF PUT /sessions/1666a101ba08c4e8959372b26bde46e49f8f76dd8d724560c1caf136dddab945/renegotiate -> 200 (214 ms)
06:33:32 "PUT /cf/sessions/1666a101ba08c4e8959372b26bde46e49f8f76dd8d724560c1caf136dddab945/renegotiate HTTP/1.1" 200 -
06:33:32 "POST /collect HTTP/1.1" 200 -
06:33:32 "POST /collect HTTP/1.1" 200 -
06:33:32 "POST /collect HTTP/1.1" 200 -
06:33:32 CF PUT /sessions/f27c1b59c04093f1ee07fce36a9441fc548567779c9f5941c459965703200554/renegotiate -> 200 (186 ms)
06:33:32 "PUT /cf/sessions/f27c1b59c04093f1ee07fce36a9441fc548567779c9f5941c459965703200554/renegotiate HTTP/1.1" 200 -
06:33:32 "POST /collect HTTP/1.1" 200 -
06:33:33 CF POST /sessions/1666a101ba08c4e8959372b26bde46e49f8f76dd8d724560c1caf136dddab945/tracks/new -> 200 (232 ms)
06:33:33 "POST /cf/sessions/1666a101ba08c4e8959372b26bde46e49f8f76dd8d724560c1caf136dddab945/tracks/new HTTP/1.1" 200 -
06:33:33 "GET /roster HTTP/1.1" 200 -
06:33:33 "POST /collect HTTP/1.1" 200 -
06:33:33 "GET /roster HTTP/1.1" 200 -
06:33:33 "POST /collect HTTP/1.1" 200 -
06:33:33 CF POST /sessions/f27c1b59c04093f1ee07fce36a9441fc548567779c9f5941c459965703200554/tracks/new -> 200 (260 ms)
06:33:33 "POST /cf/sessions/f27c1b59c04093f1ee07fce36a9441fc548567779c9f5941c459965703200554/tracks/new HTTP/1.1" 200 -
06:33:33 "POST /collect HTTP/1.1" 200 -
06:33:33 "POST /collect HTTP/1.1" 200 -
06:33:33 "POST /collect HTTP/1.1" 200 -
06:33:33 "POST /collect HTTP/1.1" 200 -
06:33:33 "POST /collect HTTP/1.1" 200 -
06:33:33 "POST /collect HTTP/1.1" 200 -
06:33:33 "POST /collect HTTP/1.1" 200 -
06:33:33 "POST /collect HTTP/1.1" 200 -
06:33:33 CF PUT /sessions/1666a101ba08c4e8959372b26bde46e49f8f76dd8d724560c1caf136dddab945/renegotiate -> 200 (200 ms)
06:33:33 "PUT /cf/sessions/1666a101ba08c4e8959372b26bde46e49f8f76dd8d724560c1caf136dddab945/renegotiate HTTP/1.1" 200 -
06:33:33 "POST /collect HTTP/1.1" 200 -
06:33:33 "POST /collect HTTP/1.1" 200 -
06:33:33 "POST /join HTTP/1.1" 200 -
06:33:33 "POST /collect HTTP/1.1" 200 -
06:33:33 "POST /join HTTP/1.1" 200 -
06:33:33 "POST /collect HTTP/1.1" 200 -
06:33:33 "POST /collect HTTP/1.1" 200 -
06:33:33 "POST /collect HTTP/1.1" 200 -
06:33:33 CF PUT /sessions/f27c1b59c04093f1ee07fce36a9441fc548567779c9f5941c459965703200554/renegotiate -> 200 (178 ms)
06:33:33 "PUT /cf/sessions/f27c1b59c04093f1ee07fce36a9441fc548567779c9f5941c459965703200554/renegotiate HTTP/1.1" 200 -
06:33:33 "POST /join HTTP/1.1" 200 -
06:33:33 "POST /join HTTP/1.1" 200 -
06:33:33 "POST /join HTTP/1.1" 200 -
06:33:33 "POST /join HTTP/1.1" 200 -
06:33:33 "POST /collect HTTP/1.1" 200 -
06:33:33 "POST /collect HTTP/1.1" 200 -
06:33:33 "POST /collect HTTP/1.1" 200 -
06:33:33 "POST /collect HTTP/1.1" 200 -
06:33:33 "POST /collect HTTP/1.1" 200 -
06:33:33 "POST /collect HTTP/1.1" 200 -
06:33:33 "POST /collect HTTP/1.1" 200 -
06:33:33 "POST /collect HTTP/1.1" 200 -
06:33:33 "POST /collect HTTP/1.1" 200 -
06:33:33 "POST /join HTTP/1.1" 200 -
06:33:33 CF POST /sessions/1666a101ba08c4e8959372b26bde46e49f8f76dd8d724560c1caf136dddab945/tracks/new -> 200 (269 ms)
06:33:33 "POST /cf/sessions/1666a101ba08c4e8959372b26bde46e49f8f76dd8d724560c1caf136dddab945/tracks/new HTTP/1.1" 200 -
06:33:33 "POST /collect HTTP/1.1" 200 -
06:33:33 CF POST /sessions/f27c1b59c04093f1ee07fce36a9441fc548567779c9f5941c459965703200554/tracks/new -> 200 (362 ms)
06:33:33 "POST /cf/sessions/f27c1b59c04093f1ee07fce36a9441fc548567779c9f5941c459965703200554/tracks/new HTTP/1.1" 200 -
06:33:33 CF PUT /sessions/1666a101ba08c4e8959372b26bde46e49f8f76dd8d724560c1caf136dddab945/renegotiate -> 200 (163 ms)
06:33:33 "PUT /cf/sessions/1666a101ba08c4e8959372b26bde46e49f8f76dd8d724560c1caf136dddab945/renegotiate HTTP/1.1" 200 -
06:33:33 "POST /collect HTTP/1.1" 200 -
06:33:34 CF PUT /sessions/f27c1b59c04093f1ee07fce36a9441fc548567779c9f5941c459965703200554/renegotiate -> 200 (163 ms)
06:33:34 "PUT /cf/sessions/f27c1b59c04093f1ee07fce36a9441fc548567779c9f5941c459965703200554/renegotiate HTTP/1.1" 200 -
06:33:34 "POST /collect HTTP/1.1" 200 -
06:33:34 CF POST /sessions/1666a101ba08c4e8959372b26bde46e49f8f76dd8d724560c1caf136dddab945/tracks/new -> 200 (286 ms)
06:33:34 "POST /cf/sessions/1666a101ba08c4e8959372b26bde46e49f8f76dd8d724560c1caf136dddab945/tracks/new HTTP/1.1" 200 -
06:33:34 CF POST /sessions/f27c1b59c04093f1ee07fce36a9441fc548567779c9f5941c459965703200554/tracks/new -> 200 (156 ms)
06:33:34 "POST /cf/sessions/f27c1b59c04093f1ee07fce36a9441fc548567779c9f5941c459965703200554/tracks/new HTTP/1.1" 200 -
06:33:34 "POST /collect HTTP/1.1" 200 -
06:33:34 "POST /collect HTTP/1.1" 200 -
06:33:34 "POST /collect HTTP/1.1" 200 -
06:33:34 "POST /collect HTTP/1.1" 200 -
06:33:34 "POST /collect HTTP/1.1" 200 -
06:33:34 CF PUT /sessions/1666a101ba08c4e8959372b26bde46e49f8f76dd8d724560c1caf136dddab945/renegotiate -> 200 (191 ms)
06:33:34 "PUT /cf/sessions/1666a101ba08c4e8959372b26bde46e49f8f76dd8d724560c1caf136dddab945/renegotiate HTTP/1.1" 200 -
06:33:34 "POST /collect HTTP/1.1" 200 -
06:33:34 "POST /collect HTTP/1.1" 200 -
06:33:34 "POST /collect HTTP/1.1" 200 -
06:33:34 "POST /join HTTP/1.1" 200 -
06:33:34 "POST /join HTTP/1.1" 200 -
06:33:34 CF PUT /sessions/f27c1b59c04093f1ee07fce36a9441fc548567779c9f5941c459965703200554/renegotiate -> 200 (192 ms)
06:33:34 "PUT /cf/sessions/f27c1b59c04093f1ee07fce36a9441fc548567779c9f5941c459965703200554/renegotiate HTTP/1.1" 200 -
06:33:34 "POST /join HTTP/1.1" 200 -
06:33:34 "POST /collect HTTP/1.1" 200 -
06:33:34 "POST /collect HTTP/1.1" 200 -
06:33:34 "POST /collect HTTP/1.1" 200 -
06:33:34 "POST /collect HTTP/1.1" 200 -
06:33:34 "POST /join HTTP/1.1" 200 -
06:33:34 "POST /collect HTTP/1.1" 200 -
06:33:34 "POST /join HTTP/1.1" 200 -
06:33:34 "POST /collect HTTP/1.1" 200 -
06:33:34 "POST /collect HTTP/1.1" 200 -
06:33:34 "POST /collect HTTP/1.1" 200 -
06:33:34 CF POST /sessions/1666a101ba08c4e8959372b26bde46e49f8f76dd8d724560c1caf136dddab945/tracks/new -> 200 (252 ms)
06:33:34 "POST /cf/sessions/1666a101ba08c4e8959372b26bde46e49f8f76dd8d724560c1caf136dddab945/tracks/new HTTP/1.1" 200 -
06:33:34 CF POST /sessions/f27c1b59c04093f1ee07fce36a9441fc548567779c9f5941c459965703200554/tracks/new -> 200 (244 ms)
06:33:34 "POST /cf/sessions/f27c1b59c04093f1ee07fce36a9441fc548567779c9f5941c459965703200554/tracks/new HTTP/1.1" 200 -
06:33:34 "POST /collect HTTP/1.1" 200 -
06:33:34 CF PUT /sessions/1666a101ba08c4e8959372b26bde46e49f8f76dd8d724560c1caf136dddab945/renegotiate -> 200 (277 ms)
06:33:34 "PUT /cf/sessions/1666a101ba08c4e8959372b26bde46e49f8f76dd8d724560c1caf136dddab945/renegotiate HTTP/1.1" 200 -
06:33:34 "POST /collect HTTP/1.1" 200 -
06:33:35 "POST /collect HTTP/1.1" 200 -
06:33:35 CF PUT /sessions/f27c1b59c04093f1ee07fce36a9441fc548567779c9f5941c459965703200554/renegotiate -> 200 (289 ms)
06:33:35 "PUT /cf/sessions/f27c1b59c04093f1ee07fce36a9441fc548567779c9f5941c459965703200554/renegotiate HTTP/1.1" 200 -
06:33:35 "POST /collect HTTP/1.1" 200 -
06:33:35 "POST /collect HTTP/1.1" 200 -
06:33:35 "POST /collect HTTP/1.1" 200 -
06:33:35 "POST /collect HTTP/1.1" 200 -
06:33:35 "GET /roster HTTP/1.1" 200 -
06:33:35 "POST /collect HTTP/1.1" 200 -
06:33:35 "POST /collect HTTP/1.1" 200 -
06:33:35 "GET /roster HTTP/1.1" 200 -
06:33:35 "POST /collect HTTP/1.1" 200 -
06:33:35 "POST /collect HTTP/1.1" 200 -
06:33:35 "POST /collect HTTP/1.1" 200 -
06:33:35 "POST /collect HTTP/1.1" 200 -
06:33:35 "POST /collect HTTP/1.1" 200 -
06:33:35 CF POST /sessions/f27c1b59c04093f1ee07fce36a9441fc548567779c9f5941c459965703200554/tracks/new -> 200 (206 ms)
06:33:35 "POST /cf/sessions/f27c1b59c04093f1ee07fce36a9441fc548567779c9f5941c459965703200554/tracks/new HTTP/1.1" 200 -
06:33:35 "POST /collect HTTP/1.1" 200 -
06:33:35 "POST /collect HTTP/1.1" 200 -
06:33:35 CF POST /sessions/1666a101ba08c4e8959372b26bde46e49f8f76dd8d724560c1caf136dddab945/tracks/new -> 200 (251 ms)
06:33:35 "POST /cf/sessions/1666a101ba08c4e8959372b26bde46e49f8f76dd8d724560c1caf136dddab945/tracks/new HTTP/1.1" 200 -
06:33:35 "POST /collect HTTP/1.1" 200 -
06:33:35 "POST /collect HTTP/1.1" 200 -
06:33:35 "POST /collect HTTP/1.1" 200 -
06:33:35 "POST /collect HTTP/1.1" 200 -
06:33:35 "POST /collect HTTP/1.1" 200 -
06:33:35 "POST /collect HTTP/1.1" 200 -
06:33:35 "POST /collect HTTP/1.1" 200 -
06:33:35 "POST /collect HTTP/1.1" 200 -
06:33:35 "POST /collect HTTP/1.1" 200 -
06:33:35 "POST /collect HTTP/1.1" 200 -
06:33:35 "POST /collect HTTP/1.1" 200 -
06:33:35 "POST /collect HTTP/1.1" 200 -
06:33:35 "POST /collect HTTP/1.1" 200 -
06:33:35 "POST /join HTTP/1.1" 200 -
06:33:35 "POST /collect HTTP/1.1" 200 -
06:33:35 "POST /collect HTTP/1.1" 200 -
06:33:35 "POST /collect HTTP/1.1" 200 -
06:33:35 CF PUT /sessions/f27c1b59c04093f1ee07fce36a9441fc548567779c9f5941c459965703200554/renegotiate -> 200 (200 ms)
06:33:35 "PUT /cf/sessions/f27c1b59c04093f1ee07fce36a9441fc548567779c9f5941c459965703200554/renegotiate HTTP/1.1" 200 -
06:33:35 CF PUT /sessions/1666a101ba08c4e8959372b26bde46e49f8f76dd8d724560c1caf136dddab945/renegotiate -> 200 (187 ms)
06:33:35 "PUT /cf/sessions/1666a101ba08c4e8959372b26bde46e49f8f76dd8d724560c1caf136dddab945/renegotiate HTTP/1.1" 200 -
06:33:35 "POST /collect HTTP/1.1" 200 -
06:33:35 "POST /collect HTTP/1.1" 200 -
06:33:35 "POST /collect HTTP/1.1" 200 -
06:33:35 "POST /collect HTTP/1.1" 200 -
06:33:35 "POST /join HTTP/1.1" 200 -
06:33:35 "POST /join HTTP/1.1" 200 -
06:33:35 "POST /collect HTTP/1.1" 200 -
06:33:35 "POST /collect HTTP/1.1" 200 -
06:33:35 "POST /collect HTTP/1.1" 200 -
06:33:35 "POST /collect HTTP/1.1" 200 -
06:33:35 CF POST /sessions/f27c1b59c04093f1ee07fce36a9441fc548567779c9f5941c459965703200554/tracks/new -> 200 (200 ms)
06:33:35 "POST /cf/sessions/f27c1b59c04093f1ee07fce36a9441fc548567779c9f5941c459965703200554/tracks/new HTTP/1.1" 200 -
06:33:35 CF POST /sessions/1666a101ba08c4e8959372b26bde46e49f8f76dd8d724560c1caf136dddab945/tracks/new -> 200 (299 ms)
06:33:35 "POST /cf/sessions/1666a101ba08c4e8959372b26bde46e49f8f76dd8d724560c1caf136dddab945/tracks/new HTTP/1.1" 200 -
06:33:35 "POST /collect HTTP/1.1" 200 -
06:33:35 CF PUT /sessions/f27c1b59c04093f1ee07fce36a9441fc548567779c9f5941c459965703200554/renegotiate -> 200 (216 ms)
06:33:35 "PUT /cf/sessions/f27c1b59c04093f1ee07fce36a9441fc548567779c9f5941c459965703200554/renegotiate HTTP/1.1" 200 -
06:33:35 "POST /collect HTTP/1.1" 200 -
06:33:35 "POST /collect HTTP/1.1" 200 -
06:33:36 CF PUT /sessions/1666a101ba08c4e8959372b26bde46e49f8f76dd8d724560c1caf136dddab945/renegotiate -> 200 (219 ms)
06:33:36 "PUT /cf/sessions/1666a101ba08c4e8959372b26bde46e49f8f76dd8d724560c1caf136dddab945/renegotiate HTTP/1.1" 200 -
06:33:36 "POST /collect HTTP/1.1" 200 -
06:33:36 CF POST /sessions/f27c1b59c04093f1ee07fce36a9441fc548567779c9f5941c459965703200554/tracks/new -> 200 (250 ms)
06:33:36 "POST /cf/sessions/f27c1b59c04093f1ee07fce36a9441fc548567779c9f5941c459965703200554/tracks/new HTTP/1.1" 200 -
06:33:36 "POST /collect HTTP/1.1" 200 -
06:33:36 "POST /collect HTTP/1.1" 200 -
06:33:36 "POST /collect HTTP/1.1" 200 -
06:33:36 "POST /collect HTTP/1.1" 200 -
06:33:36 "POST /collect HTTP/1.1" 200 -
06:33:36 CF POST /sessions/1666a101ba08c4e8959372b26bde46e49f8f76dd8d724560c1caf136dddab945/tracks/new -> 200 (296 ms)
06:33:36 "POST /cf/sessions/1666a101ba08c4e8959372b26bde46e49f8f76dd8d724560c1caf136dddab945/tracks/new HTTP/1.1" 200 -
06:33:36 "POST /collect HTTP/1.1" 200 -
06:33:36 "POST /collect HTTP/1.1" 200 -
06:33:36 "POST /collect HTTP/1.1" 200 -
06:33:36 "POST /collect HTTP/1.1" 200 -
06:33:36 "POST /collect HTTP/1.1" 200 -
06:33:36 CF PUT /sessions/f27c1b59c04093f1ee07fce36a9441fc548567779c9f5941c459965703200554/renegotiate -> 200 (189 ms)
06:33:36 "PUT /cf/sessions/f27c1b59c04093f1ee07fce36a9441fc548567779c9f5941c459965703200554/renegotiate HTTP/1.1" 200 -
06:33:36 "POST /collect HTTP/1.1" 200 -
06:33:36 "POST /collect HTTP/1.1" 200 -
06:33:36 "POST /collect HTTP/1.1" 200 -
06:33:36 "POST /collect HTTP/1.1" 200 -
06:33:36 "POST /collect HTTP/1.1" 200 -
06:33:36 "POST /collect HTTP/1.1" 200 -
06:33:36 CF PUT /sessions/1666a101ba08c4e8959372b26bde46e49f8f76dd8d724560c1caf136dddab945/renegotiate -> 200 (198 ms)
06:33:36 "PUT /cf/sessions/1666a101ba08c4e8959372b26bde46e49f8f76dd8d724560c1caf136dddab945/renegotiate HTTP/1.1" 200 -
06:33:36 "POST /collect HTTP/1.1" 200 -
06:33:36 CF POST /sessions/f27c1b59c04093f1ee07fce36a9441fc548567779c9f5941c459965703200554/tracks/new -> 200 (262 ms)
06:33:36 "POST /cf/sessions/f27c1b59c04093f1ee07fce36a9441fc548567779c9f5941c459965703200554/tracks/new HTTP/1.1" 200 -
06:33:36 CF POST /sessions/1666a101ba08c4e8959372b26bde46e49f8f76dd8d724560c1caf136dddab945/tracks/new -> 200 (276 ms)
06:33:36 "POST /cf/sessions/1666a101ba08c4e8959372b26bde46e49f8f76dd8d724560c1caf136dddab945/tracks/new HTTP/1.1" 200 -
06:33:37 CF PUT /sessions/f27c1b59c04093f1ee07fce36a9441fc548567779c9f5941c459965703200554/renegotiate -> 200 (308 ms)
06:33:37 "PUT /cf/sessions/f27c1b59c04093f1ee07fce36a9441fc548567779c9f5941c459965703200554/renegotiate HTTP/1.1" 200 -
06:33:37 "POST /collect HTTP/1.1" 200 -
06:33:37 "GET /roster HTTP/1.1" 200 -
06:33:37 "POST /collect HTTP/1.1" 200 -
06:33:37 "GET /roster HTTP/1.1" 200 -
06:33:37 "POST /collect HTTP/1.1" 200 -
06:33:37 CF PUT /sessions/1666a101ba08c4e8959372b26bde46e49f8f76dd8d724560c1caf136dddab945/renegotiate -> 200 (240 ms)
06:33:37 "PUT /cf/sessions/1666a101ba08c4e8959372b26bde46e49f8f76dd8d724560c1caf136dddab945/renegotiate HTTP/1.1" 200 -
06:33:37 "POST /collect HTTP/1.1" 200 -
06:33:37 CF POST /sessions/f27c1b59c04093f1ee07fce36a9441fc548567779c9f5941c459965703200554/tracks/new -> 200 (220 ms)
06:33:37 "POST /cf/sessions/f27c1b59c04093f1ee07fce36a9441fc548567779c9f5941c459965703200554/tracks/new HTTP/1.1" 200 -
06:33:37 "POST /collect HTTP/1.1" 200 -
06:33:37 "POST /collect HTTP/1.1" 200 -
06:33:37 "POST /collect HTTP/1.1" 200 -
06:33:37 "POST /collect HTTP/1.1" 200 -
06:33:37 "POST /join HTTP/1.1" 200 -
06:33:37 "POST /collect HTTP/1.1" 200 -
06:33:37 "POST /collect HTTP/1.1" 200 -
06:33:37 "POST /collect HTTP/1.1" 200 -
06:33:37 "POST /collect HTTP/1.1" 200 -
06:33:37 CF POST /sessions/1666a101ba08c4e8959372b26bde46e49f8f76dd8d724560c1caf136dddab945/tracks/new -> 200 (220 ms)
06:33:37 "POST /cf/sessions/1666a101ba08c4e8959372b26bde46e49f8f76dd8d724560c1caf136dddab945/tracks/new HTTP/1.1" 200 -
06:33:37 CF PUT /sessions/f27c1b59c04093f1ee07fce36a9441fc548567779c9f5941c459965703200554/renegotiate -> 200 (184 ms)
06:33:37 "PUT /cf/sessions/f27c1b59c04093f1ee07fce36a9441fc548567779c9f5941c459965703200554/renegotiate HTTP/1.1" 200 -
06:33:37 "POST /collect HTTP/1.1" 200 -
06:33:37 "POST /collect HTTP/1.1" 200 -
06:33:37 CF PUT /sessions/1666a101ba08c4e8959372b26bde46e49f8f76dd8d724560c1caf136dddab945/renegotiate -> 200 (197 ms)
06:33:37 "PUT /cf/sessions/1666a101ba08c4e8959372b26bde46e49f8f76dd8d724560c1caf136dddab945/renegotiate HTTP/1.1" 200 -
06:33:37 CF POST /sessions/f27c1b59c04093f1ee07fce36a9441fc548567779c9f5941c459965703200554/tracks/new -> 200 (207 ms)
06:33:37 "POST /cf/sessions/f27c1b59c04093f1ee07fce36a9441fc548567779c9f5941c459965703200554/tracks/new HTTP/1.1" 200 -
06:33:37 "POST /collect HTTP/1.1" 200 -
06:33:37 "POST /collect HTTP/1.1" 200 -
06:33:38 "POST /collect HTTP/1.1" 200 -
06:33:38 "POST /collect HTTP/1.1" 200 -
06:33:38 "POST /collect HTTP/1.1" 200 -
06:33:38 CF POST /sessions/1666a101ba08c4e8959372b26bde46e49f8f76dd8d724560c1caf136dddab945/tracks/new -> 200 (273 ms)
06:33:38 "POST /cf/sessions/1666a101ba08c4e8959372b26bde46e49f8f76dd8d724560c1caf136dddab945/tracks/new HTTP/1.1" 200 -
06:33:38 "POST /collect HTTP/1.1" 200 -
06:33:38 "POST /collect HTTP/1.1" 200 -
06:33:38 "POST /collect HTTP/1.1" 200 -
06:33:38 "POST /collect HTTP/1.1" 200 -
06:33:38 CF PUT /sessions/f27c1b59c04093f1ee07fce36a9441fc548567779c9f5941c459965703200554/renegotiate -> 200 (293 ms)
06:33:38 "PUT /cf/sessions/f27c1b59c04093f1ee07fce36a9441fc548567779c9f5941c459965703200554/renegotiate HTTP/1.1" 200 -
06:33:38 "POST /collect HTTP/1.1" 200 -
06:33:38 "POST /collect HTTP/1.1" 200 -
06:33:38 "POST /collect HTTP/1.1" 200 -
06:33:38 "POST /collect HTTP/1.1" 200 -
06:33:38 "POST /collect HTTP/1.1" 200 -
06:33:38 "POST /collect HTTP/1.1" 200 -
06:33:38 "POST /collect HTTP/1.1" 200 -
06:33:38 "POST /collect HTTP/1.1" 200 -
06:33:38 "POST /collect HTTP/1.1" 200 -
06:33:38 "POST /collect HTTP/1.1" 200 -
06:33:38 "POST /collect HTTP/1.1" 200 -
06:33:38 "POST /collect HTTP/1.1" 200 -
06:33:38 "POST /collect HTTP/1.1" 200 -
06:33:38 "POST /collect HTTP/1.1" 200 -
06:33:38 "POST /collect HTTP/1.1" 200 -
06:33:38 "POST /collect HTTP/1.1" 200 -
06:33:38 CF POST /sessions/f27c1b59c04093f1ee07fce36a9441fc548567779c9f5941c459965703200554/tracks/new -> 200 (206 ms)
06:33:38 "POST /cf/sessions/f27c1b59c04093f1ee07fce36a9441fc548567779c9f5941c459965703200554/tracks/new HTTP/1.1" 200 -
06:33:38 "POST /collect HTTP/1.1" 200 -
06:33:38 "POST /collect HTTP/1.1" 200 -
06:33:38 "POST /collect HTTP/1.1" 200 -
06:33:38 "POST /collect HTTP/1.1" 200 -
06:33:38 "POST /collect HTTP/1.1" 200 -
06:33:38 "POST /collect HTTP/1.1" 200 -
06:33:38 CF PUT /sessions/1666a101ba08c4e8959372b26bde46e49f8f76dd8d724560c1caf136dddab945/renegotiate -> 200 (206 ms)
06:33:38 "PUT /cf/sessions/1666a101ba08c4e8959372b26bde46e49f8f76dd8d724560c1caf136dddab945/renegotiate HTTP/1.1" 200 -
06:33:38 "POST /collect HTTP/1.1" 200 -
06:33:38 "POST /collect HTTP/1.1" 200 -
06:33:38 "POST /collect HTTP/1.1" 200 -
06:33:38 "POST /collect HTTP/1.1" 200 -
06:33:38 "POST /collect HTTP/1.1" 200 -
06:33:38 CF PUT /sessions/f27c1b59c04093f1ee07fce36a9441fc548567779c9f5941c459965703200554/renegotiate -> 200 (396 ms)
06:33:38 "PUT /cf/sessions/f27c1b59c04093f1ee07fce36a9441fc548567779c9f5941c459965703200554/renegotiate HTTP/1.1" 200 -
06:33:38 "POST /collect HTTP/1.1" 200 -
06:33:38 "POST /collect HTTP/1.1" 200 -
06:33:38 "POST /collect HTTP/1.1" 200 -
06:33:38 CF POST /sessions/1666a101ba08c4e8959372b26bde46e49f8f76dd8d724560c1caf136dddab945/tracks/new -> 200 (417 ms)
06:33:38 "POST /cf/sessions/1666a101ba08c4e8959372b26bde46e49f8f76dd8d724560c1caf136dddab945/tracks/new HTTP/1.1" 200 -
06:33:39 CF POST /sessions/f27c1b59c04093f1ee07fce36a9441fc548567779c9f5941c459965703200554/tracks/new -> 200 (200 ms)
06:33:39 "POST /cf/sessions/f27c1b59c04093f1ee07fce36a9441fc548567779c9f5941c459965703200554/tracks/new HTTP/1.1" 200 -
06:33:39 "GET /roster HTTP/1.1" 200 -
06:33:39 "POST /collect HTTP/1.1" 200 -
06:33:39 "GET /roster HTTP/1.1" 200 -
06:33:39 "POST /collect HTTP/1.1" 200 -
06:33:39 "POST /collect HTTP/1.1" 200 -
06:33:39 "POST /collect HTTP/1.1" 200 -
06:33:39 CF PUT /sessions/1666a101ba08c4e8959372b26bde46e49f8f76dd8d724560c1caf136dddab945/renegotiate -> 200 (244 ms)
06:33:39 "PUT /cf/sessions/1666a101ba08c4e8959372b26bde46e49f8f76dd8d724560c1caf136dddab945/renegotiate HTTP/1.1" 200 -
06:33:39 "POST /collect HTTP/1.1" 200 -
06:33:39 "POST /collect HTTP/1.1" 200 -
06:33:39 "POST /collect HTTP/1.1" 200 -
06:33:39 "POST /collect HTTP/1.1" 200 -
06:33:39 "POST /collect HTTP/1.1" 200 -
06:33:39 "POST /collect HTTP/1.1" 200 -
06:33:39 "POST /collect HTTP/1.1" 200 -
06:33:39 "POST /collect HTTP/1.1" 200 -
06:33:39 "POST /collect HTTP/1.1" 200 -
06:33:39 "POST /collect HTTP/1.1" 200 -
06:33:39 "POST /collect HTTP/1.1" 200 -
06:33:39 CF PUT /sessions/f27c1b59c04093f1ee07fce36a9441fc548567779c9f5941c459965703200554/renegotiate -> 200 (308 ms)
06:33:39 "PUT /cf/sessions/f27c1b59c04093f1ee07fce36a9441fc548567779c9f5941c459965703200554/renegotiate HTTP/1.1" 200 -
06:33:39 "POST /collect HTTP/1.1" 200 -
06:33:39 "POST /collect HTTP/1.1" 200 -
06:33:39 CF POST /sessions/1666a101ba08c4e8959372b26bde46e49f8f76dd8d724560c1caf136dddab945/tracks/new -> 200 (245 ms)
06:33:39 "POST /cf/sessions/1666a101ba08c4e8959372b26bde46e49f8f76dd8d724560c1caf136dddab945/tracks/new HTTP/1.1" 200 -
06:33:39 "POST /collect HTTP/1.1" 200 -
06:33:39 "POST /collect HTTP/1.1" 200 -
06:33:39 CF POST /sessions/f27c1b59c04093f1ee07fce36a9441fc548567779c9f5941c459965703200554/tracks/new -> 200 (242 ms)
06:33:39 "POST /cf/sessions/f27c1b59c04093f1ee07fce36a9441fc548567779c9f5941c459965703200554/tracks/new HTTP/1.1" 200 -
06:33:39 CF PUT /sessions/1666a101ba08c4e8959372b26bde46e49f8f76dd8d724560c1caf136dddab945/renegotiate -> 200 (251 ms)
06:33:39 "PUT /cf/sessions/1666a101ba08c4e8959372b26bde46e49f8f76dd8d724560c1caf136dddab945/renegotiate HTTP/1.1" 200 -
06:33:39 "POST /collect HTTP/1.1" 200 -
06:33:40 CF PUT /sessions/f27c1b59c04093f1ee07fce36a9441fc548567779c9f5941c459965703200554/renegotiate -> 200 (247 ms)
06:33:40 "PUT /cf/sessions/f27c1b59c04093f1ee07fce36a9441fc548567779c9f5941c459965703200554/renegotiate HTTP/1.1" 200 -
06:33:40 "POST /collect HTTP/1.1" 200 -
06:33:40 CF POST /sessions/1666a101ba08c4e8959372b26bde46e49f8f76dd8d724560c1caf136dddab945/tracks/new -> 200 (307 ms)
06:33:40 "POST /cf/sessions/1666a101ba08c4e8959372b26bde46e49f8f76dd8d724560c1caf136dddab945/tracks/new HTTP/1.1" 200 -
06:33:40 CF POST /sessions/f27c1b59c04093f1ee07fce36a9441fc548567779c9f5941c459965703200554/tracks/new -> 200 (183 ms)
06:33:40 "POST /cf/sessions/f27c1b59c04093f1ee07fce36a9441fc548567779c9f5941c459965703200554/tracks/new HTTP/1.1" 200 -
06:33:40 "POST /collect HTTP/1.1" 200 -
06:33:40 "POST /collect HTTP/1.1" 200 -
06:33:40 "POST /collect HTTP/1.1" 200 -
06:33:40 "POST /collect HTTP/1.1" 200 -
06:33:40 "POST /collect HTTP/1.1" 200 -
06:33:40 "POST /collect HTTP/1.1" 200 -
06:33:40 "POST /collect HTTP/1.1" 200 -
06:33:40 CF PUT /sessions/1666a101ba08c4e8959372b26bde46e49f8f76dd8d724560c1caf136dddab945/renegotiate -> 200 (205 ms)
06:33:40 "PUT /cf/sessions/1666a101ba08c4e8959372b26bde46e49f8f76dd8d724560c1caf136dddab945/renegotiate HTTP/1.1" 200 -
06:33:40 "POST /collect HTTP/1.1" 200 -
06:33:40 "POST /collect HTTP/1.1" 200 -
06:33:40 CF PUT /sessions/f27c1b59c04093f1ee07fce36a9441fc548567779c9f5941c459965703200554/renegotiate -> 200 (312 ms)
06:33:40 "PUT /cf/sessions/f27c1b59c04093f1ee07fce36a9441fc548567779c9f5941c459965703200554/renegotiate HTTP/1.1" 200 -
06:33:40 "POST /collect HTTP/1.1" 200 -
06:33:40 "POST /collect HTTP/1.1" 200 -
06:33:41 "POST /collect HTTP/1.1" 200 -
06:33:41 "POST /collect HTTP/1.1" 200 -
06:33:41 CF POST /sessions/f27c1b59c04093f1ee07fce36a9441fc548567779c9f5941c459965703200554/tracks/new -> 200 (250 ms)
06:33:41 "POST /cf/sessions/f27c1b59c04093f1ee07fce36a9441fc548567779c9f5941c459965703200554/tracks/new HTTP/1.1" 200 -
06:33:41 "POST /collect HTTP/1.1" 200 -
06:33:41 CF POST /sessions/1666a101ba08c4e8959372b26bde46e49f8f76dd8d724560c1caf136dddab945/tracks/new -> 200 (495 ms)
06:33:41 "POST /cf/sessions/1666a101ba08c4e8959372b26bde46e49f8f76dd8d724560c1caf136dddab945/tracks/new HTTP/1.1" 200 -
06:33:41 "POST /collect HTTP/1.1" 200 -
06:33:41 "POST /collect HTTP/1.1" 200 -
06:33:41 "POST /collect HTTP/1.1" 200 -
06:33:41 "GET /roster HTTP/1.1" 200 -
06:33:41 "POST /collect HTTP/1.1" 200 -
06:33:41 "POST /collect HTTP/1.1" 200 -
06:33:41 "POST /collect HTTP/1.1" 200 -
06:33:41 "GET /roster HTTP/1.1" 200 -
06:33:41 "POST /collect HTTP/1.1" 200 -
06:33:41 "POST /collect HTTP/1.1" 200 -
06:33:41 "POST /collect HTTP/1.1" 200 -
06:33:41 "POST /collect HTTP/1.1" 200 -
06:33:41 "POST /collect HTTP/1.1" 200 -
06:33:41 "POST /collect HTTP/1.1" 200 -
06:33:41 "POST /collect HTTP/1.1" 200 -
06:33:41 "POST /collect HTTP/1.1" 200 -
06:33:41 "POST /collect HTTP/1.1" 200 -
06:33:41 "POST /collect HTTP/1.1" 200 -
06:33:41 "POST /collect HTTP/1.1" 200 -
06:33:41 "POST /collect HTTP/1.1" 200 -
06:33:41 "POST /collect HTTP/1.1" 200 -
06:33:41 "POST /collect HTTP/1.1" 200 -
06:33:41 "POST /collect HTTP/1.1" 200 -
06:33:41 "POST /collect HTTP/1.1" 200 -
06:33:41 "POST /collect HTTP/1.1" 200 -
06:33:41 "POST /collect HTTP/1.1" 200 -
06:33:41 "POST /collect HTTP/1.1" 200 -
06:33:41 "POST /collect HTTP/1.1" 200 -
06:33:41 "POST /collect HTTP/1.1" 200 -
06:33:41 CF PUT /sessions/f27c1b59c04093f1ee07fce36a9441fc548567779c9f5941c459965703200554/renegotiate -> 200 (270 ms)
06:33:41 "PUT /cf/sessions/f27c1b59c04093f1ee07fce36a9441fc548567779c9f5941c459965703200554/renegotiate HTTP/1.1" 200 -
06:33:41 "POST /collect HTTP/1.1" 200 -
06:33:41 "POST /collect HTTP/1.1" 200 -
06:33:41 "POST /collect HTTP/1.1" 200 -
06:33:41 "POST /collect HTTP/1.1" 200 -
06:33:41 CF PUT /sessions/1666a101ba08c4e8959372b26bde46e49f8f76dd8d724560c1caf136dddab945/renegotiate -> 200 (314 ms)
06:33:41 "PUT /cf/sessions/1666a101ba08c4e8959372b26bde46e49f8f76dd8d724560c1caf136dddab945/renegotiate HTTP/1.1" 200 -
06:33:41 "POST /collect HTTP/1.1" 200 -
06:33:41 "POST /collect HTTP/1.1" 200 -
06:33:41 CF POST /sessions/f27c1b59c04093f1ee07fce36a9441fc548567779c9f5941c459965703200554/tracks/new -> 200 (229 ms)
06:33:41 "POST /cf/sessions/f27c1b59c04093f1ee07fce36a9441fc548567779c9f5941c459965703200554/tracks/new HTTP/1.1" 200 -
06:33:41 "POST /collect HTTP/1.1" 200 -
06:33:41 CF POST /sessions/1666a101ba08c4e8959372b26bde46e49f8f76dd8d724560c1caf136dddab945/tracks/new -> 200 (272 ms)
06:33:41 "POST /cf/sessions/1666a101ba08c4e8959372b26bde46e49f8f76dd8d724560c1caf136dddab945/tracks/new HTTP/1.1" 200 -
06:33:41 "POST /collect HTTP/1.1" 200 -
06:33:42 CF PUT /sessions/f27c1b59c04093f1ee07fce36a9441fc548567779c9f5941c459965703200554/renegotiate -> 200 (214 ms)
06:33:42 "PUT /cf/sessions/f27c1b59c04093f1ee07fce36a9441fc548567779c9f5941c459965703200554/renegotiate HTTP/1.1" 200 -
06:33:42 "POST /collect HTTP/1.1" 200 -
06:33:42 "POST /collect HTTP/1.1" 200 -
06:33:42 "POST /collect HTTP/1.1" 200 -
06:33:42 "POST /collect HTTP/1.1" 200 -
06:33:42 CF PUT /sessions/1666a101ba08c4e8959372b26bde46e49f8f76dd8d724560c1caf136dddab945/renegotiate -> 200 (283 ms)
06:33:42 "PUT /cf/sessions/1666a101ba08c4e8959372b26bde46e49f8f76dd8d724560c1caf136dddab945/renegotiate HTTP/1.1" 200 -
06:33:42 "POST /collect HTTP/1.1" 200 -
06:33:42 "POST /collect HTTP/1.1" 200 -
06:33:42 "POST /collect HTTP/1.1" 200 -
06:33:42 "POST /collect HTTP/1.1" 200 -
06:33:42 "POST /collect HTTP/1.1" 200 -
06:33:42 CF POST /sessions/f27c1b59c04093f1ee07fce36a9441fc548567779c9f5941c459965703200554/tracks/new -> 200 (321 ms)
06:33:42 "POST /cf/sessions/f27c1b59c04093f1ee07fce36a9441fc548567779c9f5941c459965703200554/tracks/new HTTP/1.1" 200 -
06:33:42 "POST /collect HTTP/1.1" 200 -
06:33:42 "POST /collect HTTP/1.1" 200 -
06:33:42 "POST /collect HTTP/1.1" 200 -
06:33:42 "POST /collect HTTP/1.1" 200 -
06:33:42 "POST /collect HTTP/1.1" 200 -
06:33:42 "POST /collect HTTP/1.1" 200 -
06:33:42 "POST /collect HTTP/1.1" 200 -
06:33:42 "POST /collect HTTP/1.1" 200 -
06:33:42 CF POST /sessions/1666a101ba08c4e8959372b26bde46e49f8f76dd8d724560c1caf136dddab945/tracks/new -> 200 (277 ms)
06:33:42 "POST /cf/sessions/1666a101ba08c4e8959372b26bde46e49f8f76dd8d724560c1caf136dddab945/tracks/new HTTP/1.1" 200 -
06:33:42 CF PUT /sessions/f27c1b59c04093f1ee07fce36a9441fc548567779c9f5941c459965703200554/renegotiate -> 200 (209 ms)
06:33:42 "PUT /cf/sessions/f27c1b59c04093f1ee07fce36a9441fc548567779c9f5941c459965703200554/renegotiate HTTP/1.1" 200 -
06:33:42 "POST /collect HTTP/1.1" 200 -
06:33:43 CF PUT /sessions/1666a101ba08c4e8959372b26bde46e49f8f76dd8d724560c1caf136dddab945/renegotiate -> 200 (223 ms)
06:33:43 "PUT /cf/sessions/1666a101ba08c4e8959372b26bde46e49f8f76dd8d724560c1caf136dddab945/renegotiate HTTP/1.1" 200 -
06:33:43 "POST /collect HTTP/1.1" 200 -
06:33:43 CF POST /sessions/f27c1b59c04093f1ee07fce36a9441fc548567779c9f5941c459965703200554/tracks/new -> 200 (228 ms)
06:33:43 "POST /cf/sessions/f27c1b59c04093f1ee07fce36a9441fc548567779c9f5941c459965703200554/tracks/new HTTP/1.1" 200 -
06:33:43 "GET /roster HTTP/1.1" 200 -
06:33:43 "POST /collect HTTP/1.1" 200 -
06:33:43 "GET /roster HTTP/1.1" 200 -
06:33:43 "POST /collect HTTP/1.1" 200 -
06:33:43 CF POST /sessions/1666a101ba08c4e8959372b26bde46e49f8f76dd8d724560c1caf136dddab945/tracks/new -> 200 (322 ms)
06:33:43 "POST /cf/sessions/1666a101ba08c4e8959372b26bde46e49f8f76dd8d724560c1caf136dddab945/tracks/new HTTP/1.1" 200 -
06:33:43 "POST /collect HTTP/1.1" 200 -
06:33:43 "POST /collect HTTP/1.1" 200 -
06:33:43 "POST /collect HTTP/1.1" 200 -
06:33:43 "POST /collect HTTP/1.1" 200 -
06:33:43 "POST /collect HTTP/1.1" 200 -
06:33:43 "POST /collect HTTP/1.1" 200 -
06:33:43 "POST /collect HTTP/1.1" 200 -
06:33:43 CF PUT /sessions/f27c1b59c04093f1ee07fce36a9441fc548567779c9f5941c459965703200554/renegotiate -> 200 (384 ms)
06:33:43 "PUT /cf/sessions/f27c1b59c04093f1ee07fce36a9441fc548567779c9f5941c459965703200554/renegotiate HTTP/1.1" 200 -
06:33:43 "POST /collect HTTP/1.1" 200 -
06:33:43 "POST /collect HTTP/1.1" 200 -
06:33:43 "POST /collect HTTP/1.1" 200 -
06:33:44 "POST /collect HTTP/1.1" 200 -
06:33:44 "POST /collect HTTP/1.1" 200 -
06:33:44 "POST /collect HTTP/1.1" 200 -
06:33:44 CF PUT /sessions/1666a101ba08c4e8959372b26bde46e49f8f76dd8d724560c1caf136dddab945/renegotiate -> 200 (483 ms)
06:33:44 "PUT /cf/sessions/1666a101ba08c4e8959372b26bde46e49f8f76dd8d724560c1caf136dddab945/renegotiate HTTP/1.1" 200 -
06:33:44 CF POST /sessions/f27c1b59c04093f1ee07fce36a9441fc548567779c9f5941c459965703200554/tracks/new -> 200 (517 ms)
06:33:44 "POST /cf/sessions/f27c1b59c04093f1ee07fce36a9441fc548567779c9f5941c459965703200554/tracks/new HTTP/1.1" 200 -
06:33:44 "POST /collect HTTP/1.1" 200 -
06:33:44 "POST /collect HTTP/1.1" 200 -
06:33:44 "POST /collect HTTP/1.1" 200 -
06:33:44 "POST /collect HTTP/1.1" 200 -
06:33:44 "POST /collect HTTP/1.1" 200 -
06:33:44 "POST /collect HTTP/1.1" 200 -
06:33:44 "POST /collect HTTP/1.1" 200 -
06:33:44 "POST /collect HTTP/1.1" 200 -
06:33:44 "POST /collect HTTP/1.1" 200 -
06:33:44 "POST /collect HTTP/1.1" 200 -
06:33:44 "POST /collect HTTP/1.1" 200 -
06:33:44 "POST /collect HTTP/1.1" 200 -
06:33:44 "POST /collect HTTP/1.1" 200 -
06:33:44 "POST /collect HTTP/1.1" 200 -
06:33:44 "POST /collect HTTP/1.1" 200 -
06:33:44 "POST /collect HTTP/1.1" 200 -
06:33:44 "POST /collect HTTP/1.1" 200 -
06:33:44 "POST /collect HTTP/1.1" 200 -
06:33:44 "POST /collect HTTP/1.1" 200 -
06:33:44 "POST /collect HTTP/1.1" 200 -
06:33:44 "POST /collect HTTP/1.1" 200 -
06:33:44 "POST /collect HTTP/1.1" 200 -
06:33:44 "POST /collect HTTP/1.1" 200 -
06:33:44 CF POST /sessions/1666a101ba08c4e8959372b26bde46e49f8f76dd8d724560c1caf136dddab945/tracks/new -> 200 (396 ms)
06:33:44 "POST /cf/sessions/1666a101ba08c4e8959372b26bde46e49f8f76dd8d724560c1caf136dddab945/tracks/new HTTP/1.1" 200 -
06:33:44 "POST /collect HTTP/1.1" 200 -
06:33:44 "POST /collect HTTP/1.1" 200 -
06:33:44 "POST /collect HTTP/1.1" 200 -
06:33:44 "POST /collect HTTP/1.1" 200 -
06:33:44 "POST /collect HTTP/1.1" 200 -
06:33:44 CF PUT /sessions/f27c1b59c04093f1ee07fce36a9441fc548567779c9f5941c459965703200554/renegotiate -> 200 (341 ms)
06:33:44 "PUT /cf/sessions/f27c1b59c04093f1ee07fce36a9441fc548567779c9f5941c459965703200554/renegotiate HTTP/1.1" 200 -
06:33:44 "POST /collect HTTP/1.1" 200 -
06:33:44 "POST /collect HTTP/1.1" 200 -
06:33:44 "POST /collect HTTP/1.1" 200 -
06:33:44 "POST /collect HTTP/1.1" 200 -
06:33:44 "POST /collect HTTP/1.1" 200 -
06:33:45 CF POST /sessions/f27c1b59c04093f1ee07fce36a9441fc548567779c9f5941c459965703200554/tracks/new -> 200 (315 ms)
06:33:45 "POST /cf/sessions/f27c1b59c04093f1ee07fce36a9441fc548567779c9f5941c459965703200554/tracks/new HTTP/1.1" 200 -
06:33:45 CF PUT /sessions/1666a101ba08c4e8959372b26bde46e49f8f76dd8d724560c1caf136dddab945/renegotiate -> 200 (362 ms)
06:33:45 "PUT /cf/sessions/1666a101ba08c4e8959372b26bde46e49f8f76dd8d724560c1caf136dddab945/renegotiate HTTP/1.1" 200 -
06:33:45 "GET /roster HTTP/1.1" 200 -
06:33:45 "GET /roster HTTP/1.1" 200 -
06:33:45 "POST /collect HTTP/1.1" 200 -
06:33:45 "POST /collect HTTP/1.1" 200 -
06:33:45 "POST /collect HTTP/1.1" 200 -
06:33:45 "POST /collect HTTP/1.1" 200 -
06:33:45 "POST /collect HTTP/1.1" 200 -
06:33:45 "POST /collect HTTP/1.1" 200 -
06:33:45 "POST /collect HTTP/1.1" 200 -
06:33:45 "POST /collect HTTP/1.1" 200 -
06:33:45 "POST /collect HTTP/1.1" 200 -
06:33:45 "POST /collect HTTP/1.1" 200 -
06:33:45 "POST /collect HTTP/1.1" 200 -
06:33:45 "POST /collect HTTP/1.1" 200 -
06:33:45 "POST /collect HTTP/1.1" 200 -
06:33:45 "POST /collect HTTP/1.1" 200 -
06:33:45 "POST /collect HTTP/1.1" 200 -
06:33:45 "POST /collect HTTP/1.1" 200 -
06:33:45 "POST /collect HTTP/1.1" 200 -
06:33:45 CF POST /sessions/1666a101ba08c4e8959372b26bde46e49f8f76dd8d724560c1caf136dddab945/tracks/new -> 200 (324 ms)
06:33:45 "POST /cf/sessions/1666a101ba08c4e8959372b26bde46e49f8f76dd8d724560c1caf136dddab945/tracks/new HTTP/1.1" 200 -
06:33:45 CF PUT /sessions/f27c1b59c04093f1ee07fce36a9441fc548567779c9f5941c459965703200554/renegotiate -> 200 (252 ms)
06:33:45 "PUT /cf/sessions/f27c1b59c04093f1ee07fce36a9441fc548567779c9f5941c459965703200554/renegotiate HTTP/1.1" 200 -
06:33:45 "POST /collect HTTP/1.1" 200 -
06:33:45 "POST /collect HTTP/1.1" 200 -
06:33:45 CF POST /sessions/f27c1b59c04093f1ee07fce36a9441fc548567779c9f5941c459965703200554/tracks/new -> 200 (241 ms)
06:33:45 "POST /cf/sessions/f27c1b59c04093f1ee07fce36a9441fc548567779c9f5941c459965703200554/tracks/new HTTP/1.1" 200 -
06:33:46 CF PUT /sessions/1666a101ba08c4e8959372b26bde46e49f8f76dd8d724560c1caf136dddab945/renegotiate -> 200 (222 ms)
06:33:46 "PUT /cf/sessions/1666a101ba08c4e8959372b26bde46e49f8f76dd8d724560c1caf136dddab945/renegotiate HTTP/1.1" 200 -
06:33:46 "POST /collect HTTP/1.1" 200 -
06:33:46 CF PUT /sessions/f27c1b59c04093f1ee07fce36a9441fc548567779c9f5941c459965703200554/renegotiate -> 200 (225 ms)
06:33:46 "PUT /cf/sessions/f27c1b59c04093f1ee07fce36a9441fc548567779c9f5941c459965703200554/renegotiate HTTP/1.1" 200 -
06:33:46 CF POST /sessions/1666a101ba08c4e8959372b26bde46e49f8f76dd8d724560c1caf136dddab945/tracks/new -> 200 (301 ms)
06:33:46 "POST /cf/sessions/1666a101ba08c4e8959372b26bde46e49f8f76dd8d724560c1caf136dddab945/tracks/new HTTP/1.1" 200 -
06:33:46 "POST /collect HTTP/1.1" 200 -
06:33:46 "POST /collect HTTP/1.1" 200 -
06:33:46 "POST /collect HTTP/1.1" 200 -
06:33:46 "POST /collect HTTP/1.1" 200 -
06:33:46 "POST /collect HTTP/1.1" 200 -
06:33:46 "POST /collect HTTP/1.1" 200 -
06:33:46 "POST /collect HTTP/1.1" 200 -
06:33:46 "POST /collect HTTP/1.1" 200 -
06:33:46 CF POST /sessions/f27c1b59c04093f1ee07fce36a9441fc548567779c9f5941c459965703200554/tracks/new -> 200 (214 ms)
06:33:46 "POST /cf/sessions/f27c1b59c04093f1ee07fce36a9441fc548567779c9f5941c459965703200554/tracks/new HTTP/1.1" 200 -
06:33:46 "POST /collect HTTP/1.1" 200 -
06:33:46 CF PUT /sessions/1666a101ba08c4e8959372b26bde46e49f8f76dd8d724560c1caf136dddab945/renegotiate -> 200 (242 ms)
06:33:46 "PUT /cf/sessions/1666a101ba08c4e8959372b26bde46e49f8f76dd8d724560c1caf136dddab945/renegotiate HTTP/1.1" 200 -
06:33:46 "POST /collect HTTP/1.1" 200 -
06:33:46 "POST /collect HTTP/1.1" 200 -
06:33:47 "POST /collect HTTP/1.1" 200 -
06:33:47 "POST /collect HTTP/1.1" 200 -
06:33:47 CF PUT /sessions/f27c1b59c04093f1ee07fce36a9441fc548567779c9f5941c459965703200554/renegotiate -> 200 (255 ms)
06:33:47 "PUT /cf/sessions/f27c1b59c04093f1ee07fce36a9441fc548567779c9f5941c459965703200554/renegotiate HTTP/1.1" 200 -
06:33:47 "POST /collect HTTP/1.1" 200 -
06:33:47 "POST /collect HTTP/1.1" 200 -
06:33:47 CF POST /sessions/1666a101ba08c4e8959372b26bde46e49f8f76dd8d724560c1caf136dddab945/tracks/new -> 200 (298 ms)
06:33:47 "POST /cf/sessions/1666a101ba08c4e8959372b26bde46e49f8f76dd8d724560c1caf136dddab945/tracks/new HTTP/1.1" 200 -
06:33:47 "POST /collect HTTP/1.1" 200 -
06:33:47 "POST /collect HTTP/1.1" 200 -
06:33:47 "POST /collect HTTP/1.1" 200 -
06:33:47 "POST /collect HTTP/1.1" 200 -
06:33:47 "GET /roster HTTP/1.1" 200 -
06:33:47 "POST /collect HTTP/1.1" 200 -
06:33:47 "POST /collect HTTP/1.1" 200 -
06:33:47 "POST /collect HTTP/1.1" 200 -
06:33:47 "POST /collect HTTP/1.1" 200 -
06:33:47 "POST /collect HTTP/1.1" 200 -
06:33:47 "GET /roster HTTP/1.1" 200 -
06:33:47 CF POST /sessions/f27c1b59c04093f1ee07fce36a9441fc548567779c9f5941c459965703200554/tracks/new -> 200 (234 ms)
06:33:47 "POST /cf/sessions/f27c1b59c04093f1ee07fce36a9441fc548567779c9f5941c459965703200554/tracks/new HTTP/1.1" 200 -
06:33:47 "POST /collect HTTP/1.1" 200 -
06:33:47 "POST /collect HTTP/1.1" 200 -
06:33:47 "POST /collect HTTP/1.1" 200 -
06:33:47 "POST /collect HTTP/1.1" 200 -
06:33:47 "POST /collect HTTP/1.1" 200 -
06:33:47 "POST /collect HTTP/1.1" 200 -
06:33:47 "POST /collect HTTP/1.1" 200 -
06:33:47 "POST /collect HTTP/1.1" 200 -
06:33:47 "POST /collect HTTP/1.1" 200 -
06:33:47 "POST /collect HTTP/1.1" 200 -
06:33:47 "POST /collect HTTP/1.1" 200 -
06:33:47 "POST /collect HTTP/1.1" 200 -
06:33:47 "POST /collect HTTP/1.1" 200 -
06:33:47 "POST /collect HTTP/1.1" 200 -
06:33:47 "POST /collect HTTP/1.1" 200 -
06:33:47 "POST /collect HTTP/1.1" 200 -
06:33:47 "POST /collect HTTP/1.1" 200 -
06:33:47 "POST /collect HTTP/1.1" 200 -
06:33:47 "POST /collect HTTP/1.1" 200 -
06:33:47 "POST /collect HTTP/1.1" 200 -
06:33:47 "POST /collect HTTP/1.1" 200 -
06:33:47 "POST /collect HTTP/1.1" 200 -
06:33:47 CF PUT /sessions/1666a101ba08c4e8959372b26bde46e49f8f76dd8d724560c1caf136dddab945/renegotiate -> 200 (326 ms)
06:33:47 "PUT /cf/sessions/1666a101ba08c4e8959372b26bde46e49f8f76dd8d724560c1caf136dddab945/renegotiate HTTP/1.1" 200 -
06:33:47 "POST /collect HTTP/1.1" 200 -
06:33:47 CF PUT /sessions/f27c1b59c04093f1ee07fce36a9441fc548567779c9f5941c459965703200554/renegotiate -> 200 (312 ms)
06:33:47 "PUT /cf/sessions/f27c1b59c04093f1ee07fce36a9441fc548567779c9f5941c459965703200554/renegotiate HTTP/1.1" 200 -
06:33:47 "POST /collect HTTP/1.1" 200 -
06:33:47 "POST /collect HTTP/1.1" 200 -
06:33:47 "POST /collect HTTP/1.1" 200 -
06:33:48 CF POST /sessions/1666a101ba08c4e8959372b26bde46e49f8f76dd8d724560c1caf136dddab945/tracks/new -> 200 (262 ms)
06:33:48 "POST /cf/sessions/1666a101ba08c4e8959372b26bde46e49f8f76dd8d724560c1caf136dddab945/tracks/new HTTP/1.1" 200 -
06:33:48 CF POST /sessions/f27c1b59c04093f1ee07fce36a9441fc548567779c9f5941c459965703200554/tracks/new -> 200 (214 ms)
06:33:48 "POST /cf/sessions/f27c1b59c04093f1ee07fce36a9441fc548567779c9f5941c459965703200554/tracks/new HTTP/1.1" 200 -
06:33:48 "POST /collect HTTP/1.1" 200 -
06:33:48 "POST /collect HTTP/1.1" 200 -
06:33:48 "POST /collect HTTP/1.1" 200 -
06:33:48 "POST /collect HTTP/1.1" 200 -
06:33:48 "POST /collect HTTP/1.1" 200 -
06:33:48 "POST /collect HTTP/1.1" 200 -
06:33:48 "POST /collect HTTP/1.1" 200 -
06:33:48 "POST /collect HTTP/1.1" 200 -
06:33:48 "POST /collect HTTP/1.1" 200 -
06:33:48 "POST /collect HTTP/1.1" 200 -
06:33:48 "POST /collect HTTP/1.1" 200 -
06:33:48 "POST /collect HTTP/1.1" 200 -
06:33:48 CF PUT /sessions/1666a101ba08c4e8959372b26bde46e49f8f76dd8d724560c1caf136dddab945/renegotiate -> 200 (344 ms)
06:33:48 "PUT /cf/sessions/1666a101ba08c4e8959372b26bde46e49f8f76dd8d724560c1caf136dddab945/renegotiate HTTP/1.1" 200 -
06:33:48 "POST /collect HTTP/1.1" 200 -
06:33:48 "POST /collect HTTP/1.1" 200 -
06:33:48 "POST /collect HTTP/1.1" 200 -
06:33:48 CF PUT /sessions/f27c1b59c04093f1ee07fce36a9441fc548567779c9f5941c459965703200554/renegotiate -> 200 (223 ms)
06:33:48 "PUT /cf/sessions/f27c1b59c04093f1ee07fce36a9441fc548567779c9f5941c459965703200554/renegotiate HTTP/1.1" 200 -
06:33:48 "POST /collect HTTP/1.1" 200 -
06:33:48 "POST /collect HTTP/1.1" 200 -
06:33:49 CF POST /sessions/1666a101ba08c4e8959372b26bde46e49f8f76dd8d724560c1caf136dddab945/tracks/new -> 200 (229 ms)
06:33:49 "POST /cf/sessions/1666a101ba08c4e8959372b26bde46e49f8f76dd8d724560c1caf136dddab945/tracks/new HTTP/1.1" 200 -
06:33:49 CF POST /sessions/f27c1b59c04093f1ee07fce36a9441fc548567779c9f5941c459965703200554/tracks/new -> 200 (254 ms)
06:33:49 "POST /cf/sessions/f27c1b59c04093f1ee07fce36a9441fc548567779c9f5941c459965703200554/tracks/new HTTP/1.1" 200 -
06:33:49 "GET /roster HTTP/1.1" 200 -
06:33:49 "GET /roster HTTP/1.1" 200 -
06:33:49 "POST /collect HTTP/1.1" 200 -
06:33:49 "POST /collect HTTP/1.1" 200 -
06:33:49 "POST /collect HTTP/1.1" 200 -
06:33:49 "POST /collect HTTP/1.1" 200 -
06:33:49 "POST /collect HTTP/1.1" 200 -
06:33:49 "POST /collect HTTP/1.1" 200 -
06:33:49 "POST /collect HTTP/1.1" 200 -
06:33:49 "POST /collect HTTP/1.1" 200 -
06:33:49 "POST /collect HTTP/1.1" 200 -
06:33:49 CF PUT /sessions/1666a101ba08c4e8959372b26bde46e49f8f76dd8d724560c1caf136dddab945/renegotiate -> 200 (242 ms)
06:33:49 "PUT /cf/sessions/1666a101ba08c4e8959372b26bde46e49f8f76dd8d724560c1caf136dddab945/renegotiate HTTP/1.1" 200 -
06:33:49 CF PUT /sessions/f27c1b59c04093f1ee07fce36a9441fc548567779c9f5941c459965703200554/renegotiate -> 200 (259 ms)
06:33:49 "PUT /cf/sessions/f27c1b59c04093f1ee07fce36a9441fc548567779c9f5941c459965703200554/renegotiate HTTP/1.1" 200 -
06:33:49 "POST /collect HTTP/1.1" 200 -
06:33:49 "POST /collect HTTP/1.1" 200 -
06:33:49 "POST /collect HTTP/1.1" 200 -
06:33:49 "POST /collect HTTP/1.1" 200 -
06:33:50 "POST /collect HTTP/1.1" 200 -
06:33:50 CF POST /sessions/1666a101ba08c4e8959372b26bde46e49f8f76dd8d724560c1caf136dddab945/tracks/new -> 200 (260 ms)
06:33:50 "POST /cf/sessions/1666a101ba08c4e8959372b26bde46e49f8f76dd8d724560c1caf136dddab945/tracks/new HTTP/1.1" 200 -
06:33:50 "POST /collect HTTP/1.1" 200 -
06:33:50 CF POST /sessions/f27c1b59c04093f1ee07fce36a9441fc548567779c9f5941c459965703200554/tracks/new -> 200 (245 ms)
06:33:50 "POST /cf/sessions/f27c1b59c04093f1ee07fce36a9441fc548567779c9f5941c459965703200554/tracks/new HTTP/1.1" 200 -
06:33:50 "POST /collect HTTP/1.1" 200 -
06:33:50 "POST /collect HTTP/1.1" 200 -
06:33:50 "POST /collect HTTP/1.1" 200 -
06:33:50 "POST /collect HTTP/1.1" 200 -
06:33:50 "POST /collect HTTP/1.1" 200 -
06:33:50 "POST /collect HTTP/1.1" 200 -
06:33:50 "POST /collect HTTP/1.1" 200 -
06:33:50 "POST /collect HTTP/1.1" 200 -
06:33:50 "POST /collect HTTP/1.1" 200 -
06:33:50 "POST /collect HTTP/1.1" 200 -
06:33:50 "POST /collect HTTP/1.1" 200 -
06:33:50 "POST /collect HTTP/1.1" 200 -
06:33:50 "POST /collect HTTP/1.1" 200 -
06:33:50 "POST /collect HTTP/1.1" 200 -
06:33:50 "POST /collect HTTP/1.1" 200 -
06:33:50 "POST /collect HTTP/1.1" 200 -
06:33:50 "POST /collect HTTP/1.1" 200 -
06:33:50 "POST /collect HTTP/1.1" 200 -
06:33:50 "POST /collect HTTP/1.1" 200 -
06:33:50 "POST /collect HTTP/1.1" 200 -
06:33:50 "POST /collect HTTP/1.1" 200 -
06:33:50 "POST /collect HTTP/1.1" 200 -
06:33:50 "POST /collect HTTP/1.1" 200 -
06:33:50 "POST /collect HTTP/1.1" 200 -
06:33:50 "POST /collect HTTP/1.1" 200 -
06:33:50 "POST /collect HTTP/1.1" 200 -
06:33:50 "POST /collect HTTP/1.1" 200 -
06:33:50 "POST /collect HTTP/1.1" 200 -
06:33:50 "POST /collect HTTP/1.1" 200 -
06:33:50 CF PUT /sessions/1666a101ba08c4e8959372b26bde46e49f8f76dd8d724560c1caf136dddab945/renegotiate -> 200 (228 ms)
06:33:50 "PUT /cf/sessions/1666a101ba08c4e8959372b26bde46e49f8f76dd8d724560c1caf136dddab945/renegotiate HTTP/1.1" 200 -
06:33:50 CF PUT /sessions/f27c1b59c04093f1ee07fce36a9441fc548567779c9f5941c459965703200554/renegotiate -> 200 (222 ms)
06:33:50 "PUT /cf/sessions/f27c1b59c04093f1ee07fce36a9441fc548567779c9f5941c459965703200554/renegotiate HTTP/1.1" 200 -
06:33:50 "POST /collect HTTP/1.1" 200 -
06:33:50 "POST /collect HTTP/1.1" 200 -
06:33:50 "POST /collect HTTP/1.1" 200 -
06:33:50 "POST /collect HTTP/1.1" 200 -
06:33:50 "POST /collect HTTP/1.1" 200 -
06:33:51 CF POST /sessions/1666a101ba08c4e8959372b26bde46e49f8f76dd8d724560c1caf136dddab945/tracks/new -> 200 (250 ms)
06:33:51 "POST /cf/sessions/1666a101ba08c4e8959372b26bde46e49f8f76dd8d724560c1caf136dddab945/tracks/new HTTP/1.1" 200 -
06:33:51 CF POST /sessions/f27c1b59c04093f1ee07fce36a9441fc548567779c9f5941c459965703200554/tracks/new -> 200 (198 ms)
06:33:51 "POST /cf/sessions/f27c1b59c04093f1ee07fce36a9441fc548567779c9f5941c459965703200554/tracks/new HTTP/1.1" 200 -
06:33:51 "GET /roster HTTP/1.1" 200 -
06:33:51 "POST /collect HTTP/1.1" 200 -
06:33:51 "GET /roster HTTP/1.1" 200 -
06:33:51 "POST /collect HTTP/1.1" 200 -
06:33:51 "POST /collect HTTP/1.1" 200 -
06:33:51 "POST /collect HTTP/1.1" 200 -
06:33:51 "POST /collect HTTP/1.1" 200 -
06:33:51 "POST /collect HTTP/1.1" 200 -
06:33:51 "POST /collect HTTP/1.1" 200 -
06:33:51 "POST /collect HTTP/1.1" 200 -
06:33:51 "POST /collect HTTP/1.1" 200 -
06:33:51 "POST /collect HTTP/1.1" 200 -
06:33:51 "POST /collect HTTP/1.1" 200 -
06:33:51 "POST /collect HTTP/1.1" 200 -
06:33:51 "POST /collect HTTP/1.1" 200 -
06:33:51 "POST /collect HTTP/1.1" 200 -
06:33:51 "POST /collect HTTP/1.1" 200 -
06:33:51 CF PUT /sessions/f27c1b59c04093f1ee07fce36a9441fc548567779c9f5941c459965703200554/renegotiate -> 200 (241 ms)
06:33:51 "PUT /cf/sessions/f27c1b59c04093f1ee07fce36a9441fc548567779c9f5941c459965703200554/renegotiate HTTP/1.1" 200 -
06:33:51 "POST /collect HTTP/1.1" 200 -
06:33:51 CF PUT /sessions/1666a101ba08c4e8959372b26bde46e49f8f76dd8d724560c1caf136dddab945/renegotiate -> 200 (255 ms)
06:33:51 "PUT /cf/sessions/1666a101ba08c4e8959372b26bde46e49f8f76dd8d724560c1caf136dddab945/renegotiate HTTP/1.1" 200 -
06:33:51 "POST /collect HTTP/1.1" 200 -
06:33:51 "POST /collect HTTP/1.1" 200 -
06:33:51 "POST /collect HTTP/1.1" 200 -
06:33:52 CF POST /sessions/1666a101ba08c4e8959372b26bde46e49f8f76dd8d724560c1caf136dddab945/tracks/new -> 200 (200 ms)
06:33:52 "POST /cf/sessions/1666a101ba08c4e8959372b26bde46e49f8f76dd8d724560c1caf136dddab945/tracks/new HTTP/1.1" 200 -
06:33:52 CF POST /sessions/f27c1b59c04093f1ee07fce36a9441fc548567779c9f5941c459965703200554/tracks/new -> 200 (260 ms)
06:33:52 "POST /cf/sessions/f27c1b59c04093f1ee07fce36a9441fc548567779c9f5941c459965703200554/tracks/new HTTP/1.1" 200 -
06:33:52 "POST /collect HTTP/1.1" 200 -
06:33:52 "POST /collect HTTP/1.1" 200 -
06:33:52 "POST /collect HTTP/1.1" 200 -
06:33:52 "POST /collect HTTP/1.1" 200 -
06:33:52 "POST /collect HTTP/1.1" 200 -
06:33:52 "POST /collect HTTP/1.1" 200 -
06:33:52 "POST /collect HTTP/1.1" 200 -
06:33:52 CF PUT /sessions/f27c1b59c04093f1ee07fce36a9441fc548567779c9f5941c459965703200554/renegotiate -> 200 (233 ms)
06:33:52 "PUT /cf/sessions/f27c1b59c04093f1ee07fce36a9441fc548567779c9f5941c459965703200554/renegotiate HTTP/1.1" 200 -
06:33:52 CF PUT /sessions/1666a101ba08c4e8959372b26bde46e49f8f76dd8d724560c1caf136dddab945/renegotiate -> 200 (299 ms)
06:33:52 "PUT /cf/sessions/1666a101ba08c4e8959372b26bde46e49f8f76dd8d724560c1caf136dddab945/renegotiate HTTP/1.1" 200 -
06:33:52 "POST /collect HTTP/1.1" 200 -
06:33:52 "POST /collect HTTP/1.1" 200 -
06:33:52 "POST /collect HTTP/1.1" 200 -
06:33:52 "POST /collect HTTP/1.1" 200 -
06:33:53 "POST /collect HTTP/1.1" 200 -
06:33:53 "POST /collect HTTP/1.1" 200 -
06:33:53 CF POST /sessions/f27c1b59c04093f1ee07fce36a9441fc548567779c9f5941c459965703200554/tracks/new -> 200 (308 ms)
06:33:53 "POST /cf/sessions/f27c1b59c04093f1ee07fce36a9441fc548567779c9f5941c459965703200554/tracks/new HTTP/1.1" 200 -
06:33:53 "POST /collect HTTP/1.1" 200 -
06:33:53 CF POST /sessions/1666a101ba08c4e8959372b26bde46e49f8f76dd8d724560c1caf136dddab945/tracks/new -> 200 (248 ms)
06:33:53 "POST /cf/sessions/1666a101ba08c4e8959372b26bde46e49f8f76dd8d724560c1caf136dddab945/tracks/new HTTP/1.1" 200 -
06:33:53 "POST /collect HTTP/1.1" 200 -
06:33:53 "POST /collect HTTP/1.1" 200 -
06:33:53 "POST /collect HTTP/1.1" 200 -
06:33:53 "POST /collect HTTP/1.1" 200 -
06:33:53 "POST /collect HTTP/1.1" 200 -
06:33:53 "POST /collect HTTP/1.1" 200 -
06:33:53 "POST /collect HTTP/1.1" 200 -
06:33:53 "POST /collect HTTP/1.1" 200 -
06:33:53 "GET /roster HTTP/1.1" 200 -
06:33:53 "GET /roster HTTP/1.1" 200 -
06:33:53 "POST /collect HTTP/1.1" 200 -
06:33:53 "POST /collect HTTP/1.1" 200 -
06:33:53 "POST /collect HTTP/1.1" 200 -
06:33:53 "POST /collect HTTP/1.1" 200 -
06:33:53 "POST /collect HTTP/1.1" 200 -
06:33:53 "POST /collect HTTP/1.1" 200 -
06:33:53 "POST /collect HTTP/1.1" 200 -
06:33:53 "POST /collect HTTP/1.1" 200 -
06:33:53 "POST /collect HTTP/1.1" 200 -
06:33:53 "POST /collect HTTP/1.1" 200 -
06:33:53 "POST /collect HTTP/1.1" 200 -
06:33:53 "POST /collect HTTP/1.1" 200 -
06:33:53 "POST /collect HTTP/1.1" 200 -
06:33:53 "POST /collect HTTP/1.1" 200 -
06:33:53 "POST /collect HTTP/1.1" 200 -
06:33:53 "POST /collect HTTP/1.1" 200 -
06:33:53 "POST /collect HTTP/1.1" 200 -
06:33:53 "POST /collect HTTP/1.1" 200 -
06:33:53 "POST /collect HTTP/1.1" 200 -
06:33:53 "POST /collect HTTP/1.1" 200 -
06:33:53 "POST /collect HTTP/1.1" 200 -
06:33:53 "POST /collect HTTP/1.1" 200 -
06:33:53 "POST /collect HTTP/1.1" 200 -
06:33:53 CF PUT /sessions/1666a101ba08c4e8959372b26bde46e49f8f76dd8d724560c1caf136dddab945/renegotiate -> 200 (241 ms)
06:33:53 "PUT /cf/sessions/1666a101ba08c4e8959372b26bde46e49f8f76dd8d724560c1caf136dddab945/renegotiate HTTP/1.1" 200 -
06:33:53 CF PUT /sessions/f27c1b59c04093f1ee07fce36a9441fc548567779c9f5941c459965703200554/renegotiate -> 200 (254 ms)
06:33:53 "PUT /cf/sessions/f27c1b59c04093f1ee07fce36a9441fc548567779c9f5941c459965703200554/renegotiate HTTP/1.1" 200 -
06:33:53 "POST /collect HTTP/1.1" 200 -
06:33:53 "POST /collect HTTP/1.1" 200 -
06:33:53 "POST /collect HTTP/1.1" 200 -
06:33:53 "POST /collect HTTP/1.1" 200 -
06:33:54 CF POST /sessions/f27c1b59c04093f1ee07fce36a9441fc548567779c9f5941c459965703200554/tracks/new -> 200 (251 ms)
06:33:54 "POST /cf/sessions/f27c1b59c04093f1ee07fce36a9441fc548567779c9f5941c459965703200554/tracks/new HTTP/1.1" 200 -
06:33:54 CF POST /sessions/1666a101ba08c4e8959372b26bde46e49f8f76dd8d724560c1caf136dddab945/tracks/new -> 200 (234 ms)
06:33:54 "POST /cf/sessions/1666a101ba08c4e8959372b26bde46e49f8f76dd8d724560c1caf136dddab945/tracks/new HTTP/1.1" 200 -
06:33:54 "POST /collect HTTP/1.1" 200 -
06:33:54 "POST /collect HTTP/1.1" 200 -
06:33:54 "POST /collect HTTP/1.1" 200 -
06:33:54 "POST /collect HTTP/1.1" 200 -
06:33:54 "POST /collect HTTP/1.1" 200 -
06:33:54 "POST /collect HTTP/1.1" 200 -
06:33:54 "POST /collect HTTP/1.1" 200 -
06:33:54 "POST /collect HTTP/1.1" 200 -
06:33:54 "POST /collect HTTP/1.1" 200 -
06:33:54 "POST /collect HTTP/1.1" 200 -
06:33:54 "POST /collect HTTP/1.1" 200 -
06:33:54 "POST /collect HTTP/1.1" 200 -
06:33:54 "POST /collect HTTP/1.1" 200 -
06:33:54 "POST /collect HTTP/1.1" 200 -
06:33:54 "POST /collect HTTP/1.1" 200 -
06:33:54 CF PUT /sessions/f27c1b59c04093f1ee07fce36a9441fc548567779c9f5941c459965703200554/renegotiate -> 200 (233 ms)
06:33:54 "PUT /cf/sessions/f27c1b59c04093f1ee07fce36a9441fc548567779c9f5941c459965703200554/renegotiate HTTP/1.1" 200 -
06:33:54 CF PUT /sessions/1666a101ba08c4e8959372b26bde46e49f8f76dd8d724560c1caf136dddab945/renegotiate -> 200 (254 ms)
06:33:54 "PUT /cf/sessions/1666a101ba08c4e8959372b26bde46e49f8f76dd8d724560c1caf136dddab945/renegotiate HTTP/1.1" 200 -
06:33:54 "POST /collect HTTP/1.1" 200 -
06:33:54 "POST /collect HTTP/1.1" 200 -
06:33:55 CF POST /sessions/f27c1b59c04093f1ee07fce36a9441fc548567779c9f5941c459965703200554/tracks/new -> 200 (278 ms)
06:33:55 "POST /cf/sessions/f27c1b59c04093f1ee07fce36a9441fc548567779c9f5941c459965703200554/tracks/new HTTP/1.1" 200 -
06:33:55 CF POST /sessions/1666a101ba08c4e8959372b26bde46e49f8f76dd8d724560c1caf136dddab945/tracks/new -> 200 (312 ms)
06:33:55 "POST /cf/sessions/1666a101ba08c4e8959372b26bde46e49f8f76dd8d724560c1caf136dddab945/tracks/new HTTP/1.1" 200 -
06:33:55 "GET /roster HTTP/1.1" 200 -
06:33:55 "POST /collect HTTP/1.1" 200 -
06:33:55 "GET /roster HTTP/1.1" 200 -
06:33:55 "POST /collect HTTP/1.1" 200 -
06:33:55 "POST /collect HTTP/1.1" 200 -
06:33:55 "POST /collect HTTP/1.1" 200 -
06:33:55 "POST /collect HTTP/1.1" 200 -
06:33:55 "POST /collect HTTP/1.1" 200 -
06:33:55 "POST /collect HTTP/1.1" 200 -
06:33:55 "POST /collect HTTP/1.1" 200 -
06:33:55 "POST /collect HTTP/1.1" 200 -
06:33:55 "POST /collect HTTP/1.1" 200 -
06:33:55 CF PUT /sessions/f27c1b59c04093f1ee07fce36a9441fc548567779c9f5941c459965703200554/renegotiate -> 200 (236 ms)
06:33:55 "PUT /cf/sessions/f27c1b59c04093f1ee07fce36a9441fc548567779c9f5941c459965703200554/renegotiate HTTP/1.1" 200 -
06:33:55 "POST /collect HTTP/1.1" 200 -
06:33:55 CF PUT /sessions/1666a101ba08c4e8959372b26bde46e49f8f76dd8d724560c1caf136dddab945/renegotiate -> 200 (269 ms)
06:33:55 "PUT /cf/sessions/1666a101ba08c4e8959372b26bde46e49f8f76dd8d724560c1caf136dddab945/renegotiate HTTP/1.1" 200 -
06:33:56 "POST /collect HTTP/1.1" 200 -
06:33:56 "POST /collect HTTP/1.1" 200 -
06:33:56 "POST /collect HTTP/1.1" 200 -
06:33:56 "POST /collect HTTP/1.1" 200 -
06:33:56 "POST /collect HTTP/1.1" 200 -
06:33:56 "POST /collect HTTP/1.1" 200 -
06:33:56 "POST /collect HTTP/1.1" 200 -
06:33:56 "POST /collect HTTP/1.1" 200 -
06:33:56 "POST /collect HTTP/1.1" 200 -
06:33:56 "POST /collect HTTP/1.1" 200 -
06:33:56 "POST /collect HTTP/1.1" 200 -
06:33:56 "POST /collect HTTP/1.1" 200 -
06:33:56 "POST /collect HTTP/1.1" 200 -
06:33:56 "POST /collect HTTP/1.1" 200 -
06:33:56 "POST /collect HTTP/1.1" 200 -
06:33:56 "POST /collect HTTP/1.1" 200 -
06:33:56 "POST /collect HTTP/1.1" 200 -
06:33:56 "POST /collect HTTP/1.1" 200 -
06:33:56 CF POST /sessions/f27c1b59c04093f1ee07fce36a9441fc548567779c9f5941c459965703200554/tracks/new -> 200 (323 ms)
06:33:56 "POST /cf/sessions/f27c1b59c04093f1ee07fce36a9441fc548567779c9f5941c459965703200554/tracks/new HTTP/1.1" 200 -
06:33:56 "POST /collect HTTP/1.1" 200 -
06:33:56 "POST /collect HTTP/1.1" 200 -
06:33:56 "POST /collect HTTP/1.1" 200 -
06:33:56 "POST /collect HTTP/1.1" 200 -
06:33:56 "POST /collect HTTP/1.1" 200 -
06:33:56 "POST /collect HTTP/1.1" 200 -
06:33:56 CF POST /sessions/1666a101ba08c4e8959372b26bde46e49f8f76dd8d724560c1caf136dddab945/tracks/new -> 200 (229 ms)
06:33:56 "POST /cf/sessions/1666a101ba08c4e8959372b26bde46e49f8f76dd8d724560c1caf136dddab945/tracks/new HTTP/1.1" 200 -
06:33:56 "POST /collect HTTP/1.1" 200 -
06:33:56 "POST /collect HTTP/1.1" 200 -
06:33:56 "POST /collect HTTP/1.1" 200 -
06:33:56 "POST /collect HTTP/1.1" 200 -
06:33:56 "POST /collect HTTP/1.1" 200 -
06:33:56 "POST /collect HTTP/1.1" 200 -
06:33:56 "POST /collect HTTP/1.1" 200 -
06:33:56 "POST /collect HTTP/1.1" 200 -
06:33:56 "POST /collect HTTP/1.1" 200 -
06:33:56 "POST /collect HTTP/1.1" 200 -
06:33:56 "POST /collect HTTP/1.1" 200 -
06:33:56 "POST /collect HTTP/1.1" 200 -
06:33:57 CF PUT /sessions/1666a101ba08c4e8959372b26bde46e49f8f76dd8d724560c1caf136dddab945/renegotiate -> 200 (294 ms)
06:33:57 "PUT /cf/sessions/1666a101ba08c4e8959372b26bde46e49f8f76dd8d724560c1caf136dddab945/renegotiate HTTP/1.1" 200 -
06:33:57 CF PUT /sessions/f27c1b59c04093f1ee07fce36a9441fc548567779c9f5941c459965703200554/renegotiate -> 200 (283 ms)
06:33:57 "PUT /cf/sessions/f27c1b59c04093f1ee07fce36a9441fc548567779c9f5941c459965703200554/renegotiate HTTP/1.1" 200 -
06:33:57 "GET /roster HTTP/1.1" 200 -
06:33:57 "POST /collect HTTP/1.1" 200 -
06:33:57 "POST /collect HTTP/1.1" 200 -
06:33:57 "POST /collect HTTP/1.1" 200 -
06:33:57 "POST /collect HTTP/1.1" 200 -
06:33:57 "POST /collect HTTP/1.1" 200 -
06:33:57 "GET /roster HTTP/1.1" 200 -
06:33:57 "POST /collect HTTP/1.1" 200 -
06:33:57 "POST /collect HTTP/1.1" 200 -
06:33:57 "POST /collect HTTP/1.1" 200 -
06:33:57 "POST /collect HTTP/1.1" 200 -
06:33:57 "POST /collect HTTP/1.1" 200 -
06:33:57 "POST /collect HTTP/1.1" 200 -
06:33:57 "POST /collect HTTP/1.1" 200 -
06:33:57 "POST /collect HTTP/1.1" 200 -
06:33:57 "POST /collect HTTP/1.1" 200 -
06:33:57 "POST /collect HTTP/1.1" 200 -
06:33:57 "POST /collect HTTP/1.1" 200 -
06:33:57 CF POST /sessions/1666a101ba08c4e8959372b26bde46e49f8f76dd8d724560c1caf136dddab945/tracks/new -> 200 (197 ms)
06:33:57 CF POST /sessions/f27c1b59c04093f1ee07fce36a9441fc548567779c9f5941c459965703200554/tracks/new -> 200 (267 ms)
06:33:57 "POST /cf/sessions/1666a101ba08c4e8959372b26bde46e49f8f76dd8d724560c1caf136dddab945/tracks/new HTTP/1.1" 200 -
06:33:57 "POST /cf/sessions/f27c1b59c04093f1ee07fce36a9441fc548567779c9f5941c459965703200554/tracks/new HTTP/1.1" 200 -
06:33:57 "POST /collect HTTP/1.1" 200 -
06:33:57 "POST /collect HTTP/1.1" 200 -
06:33:57 "POST /collect HTTP/1.1" 200 -
06:33:58 CF PUT /sessions/1666a101ba08c4e8959372b26bde46e49f8f76dd8d724560c1caf136dddab945/renegotiate -> 200 (237 ms)
06:33:58 "PUT /cf/sessions/1666a101ba08c4e8959372b26bde46e49f8f76dd8d724560c1caf136dddab945/renegotiate HTTP/1.1" 200 -
06:33:58 CF PUT /sessions/f27c1b59c04093f1ee07fce36a9441fc548567779c9f5941c459965703200554/renegotiate -> 200 (274 ms)
06:33:58 "PUT /cf/sessions/f27c1b59c04093f1ee07fce36a9441fc548567779c9f5941c459965703200554/renegotiate HTTP/1.1" 200 -
06:33:58 "POST /collect HTTP/1.1" 200 -
06:33:58 "POST /collect HTTP/1.1" 200 -
06:33:58 "POST /collect HTTP/1.1" 200 -
06:33:58 "POST /collect HTTP/1.1" 200 -
06:33:58 "POST /collect HTTP/1.1" 200 -
06:33:58 "POST /collect HTTP/1.1" 200 -
06:33:58 "POST /collect HTTP/1.1" 200 -
06:33:58 "POST /collect HTTP/1.1" 200 -
06:33:58 "POST /collect HTTP/1.1" 200 -
06:33:58 "POST /collect HTTP/1.1" 200 -
06:33:58 CF POST /sessions/1666a101ba08c4e8959372b26bde46e49f8f76dd8d724560c1caf136dddab945/tracks/new -> 200 (261 ms)
06:33:58 "POST /cf/sessions/1666a101ba08c4e8959372b26bde46e49f8f76dd8d724560c1caf136dddab945/tracks/new HTTP/1.1" 200 -
06:33:58 CF POST /sessions/f27c1b59c04093f1ee07fce36a9441fc548567779c9f5941c459965703200554/tracks/new -> 200 (201 ms)
06:33:58 "POST /cf/sessions/f27c1b59c04093f1ee07fce36a9441fc548567779c9f5941c459965703200554/tracks/new HTTP/1.1" 200 -
06:33:58 "POST /collect HTTP/1.1" 200 -
06:33:59 "POST /collect HTTP/1.1" 200 -
06:33:59 "POST /collect HTTP/1.1" 200 -
06:33:59 "POST /collect HTTP/1.1" 200 -
06:33:59 "POST /collect HTTP/1.1" 200 -
06:33:59 "POST /collect HTTP/1.1" 200 -
06:33:59 "POST /collect HTTP/1.1" 200 -
06:33:59 "POST /collect HTTP/1.1" 200 -
06:33:59 "POST /collect HTTP/1.1" 200 -
06:33:59 "POST /collect HTTP/1.1" 200 -
06:33:59 "POST /collect HTTP/1.1" 200 -
06:33:59 "POST /collect HTTP/1.1" 200 -
06:33:59 "POST /collect HTTP/1.1" 200 -
06:33:59 "POST /collect HTTP/1.1" 200 -
06:33:59 "POST /collect HTTP/1.1" 200 -
06:33:59 "POST /collect HTTP/1.1" 200 -
06:33:59 "POST /collect HTTP/1.1" 200 -
06:33:59 "GET /roster HTTP/1.1" 200 -
06:33:59 "POST /collect HTTP/1.1" 200 -
06:33:59 "POST /collect HTTP/1.1" 200 -
06:33:59 "POST /collect HTTP/1.1" 200 -
06:33:59 "POST /collect HTTP/1.1" 200 -
06:33:59 "POST /collect HTTP/1.1" 200 -
06:33:59 "POST /collect HTTP/1.1" 200 -
06:33:59 "GET /roster HTTP/1.1" 200 -
06:33:59 "POST /collect HTTP/1.1" 200 -
06:33:59 "POST /collect HTTP/1.1" 200 -
06:33:59 "POST /collect HTTP/1.1" 200 -
06:33:59 "POST /collect HTTP/1.1" 200 -
06:33:59 "POST /collect HTTP/1.1" 200 -
06:33:59 "POST /collect HTTP/1.1" 200 -
06:33:59 "POST /collect HTTP/1.1" 200 -
06:33:59 "POST /collect HTTP/1.1" 200 -
06:33:59 "POST /collect HTTP/1.1" 200 -
06:33:59 "POST /collect HTTP/1.1" 200 -
06:33:59 CF PUT /sessions/1666a101ba08c4e8959372b26bde46e49f8f76dd8d724560c1caf136dddab945/renegotiate -> 200 (240 ms)
06:33:59 "PUT /cf/sessions/1666a101ba08c4e8959372b26bde46e49f8f76dd8d724560c1caf136dddab945/renegotiate HTTP/1.1" 200 -
06:33:59 "POST /collect HTTP/1.1" 200 -
06:33:59 CF PUT /sessions/f27c1b59c04093f1ee07fce36a9441fc548567779c9f5941c459965703200554/renegotiate -> 200 (242 ms)
06:33:59 "PUT /cf/sessions/f27c1b59c04093f1ee07fce36a9441fc548567779c9f5941c459965703200554/renegotiate HTTP/1.1" 200 -
06:33:59 "POST /collect HTTP/1.1" 200 -
06:33:59 "POST /collect HTTP/1.1" 200 -
06:33:59 "POST /collect HTTP/1.1" 200 -
06:33:59 "POST /collect HTTP/1.1" 200 -
06:33:59 "POST /collect HTTP/1.1" 200 -
06:34:00 CF POST /sessions/1666a101ba08c4e8959372b26bde46e49f8f76dd8d724560c1caf136dddab945/tracks/new -> 200 (341 ms)
06:34:00 "POST /cf/sessions/1666a101ba08c4e8959372b26bde46e49f8f76dd8d724560c1caf136dddab945/tracks/new HTTP/1.1" 200 -
06:34:00 CF POST /sessions/f27c1b59c04093f1ee07fce36a9441fc548567779c9f5941c459965703200554/tracks/new -> 200 (271 ms)
06:34:00 "POST /cf/sessions/f27c1b59c04093f1ee07fce36a9441fc548567779c9f5941c459965703200554/tracks/new HTTP/1.1" 200 -
06:34:00 "POST /collect HTTP/1.1" 200 -
06:34:00 "POST /collect HTTP/1.1" 200 -
06:34:00 "POST /collect HTTP/1.1" 200 -
06:34:00 "POST /collect HTTP/1.1" 200 -
06:34:00 "POST /collect HTTP/1.1" 200 -
06:34:00 "POST /collect HTTP/1.1" 200 -
06:34:00 "POST /collect HTTP/1.1" 200 -
06:34:00 "POST /collect HTTP/1.1" 200 -
06:34:00 "POST /collect HTTP/1.1" 200 -
06:34:00 "POST /collect HTTP/1.1" 200 -
06:34:00 "POST /collect HTTP/1.1" 200 -
06:34:00 "POST /collect HTTP/1.1" 200 -
06:34:00 "POST /collect HTTP/1.1" 200 -
06:34:00 "POST /collect HTTP/1.1" 200 -
06:34:00 "POST /collect HTTP/1.1" 200 -
06:34:00 CF PUT /sessions/1666a101ba08c4e8959372b26bde46e49f8f76dd8d724560c1caf136dddab945/renegotiate -> 200 (252 ms)
06:34:00 "PUT /cf/sessions/1666a101ba08c4e8959372b26bde46e49f8f76dd8d724560c1caf136dddab945/renegotiate HTTP/1.1" 200 -
06:34:00 CF PUT /sessions/f27c1b59c04093f1ee07fce36a9441fc548567779c9f5941c459965703200554/renegotiate -> 200 (257 ms)
06:34:00 "PUT /cf/sessions/f27c1b59c04093f1ee07fce36a9441fc548567779c9f5941c459965703200554/renegotiate HTTP/1.1" 200 -
06:34:01 "POST /collect HTTP/1.1" 200 -
06:34:01 "POST /collect HTTP/1.1" 200 -
06:34:01 "GET /roster HTTP/1.1" 200 -
06:34:01 "GET /roster HTTP/1.1" 200 -
06:34:01 "POST /collect HTTP/1.1" 200 -
06:34:01 "POST /collect HTTP/1.1" 200 -
06:34:01 "POST /collect HTTP/1.1" 200 -
06:34:01 "POST /collect HTTP/1.1" 200 -
06:34:01 "POST /collect HTTP/1.1" 200 -
06:34:01 "POST /collect HTTP/1.1" 200 -
06:34:01 "POST /collect HTTP/1.1" 200 -
06:34:01 "POST /collect HTTP/1.1" 200 -
06:34:01 CF POST /sessions/1666a101ba08c4e8959372b26bde46e49f8f76dd8d724560c1caf136dddab945/tracks/new -> 200 (278 ms)
06:34:01 "POST /cf/sessions/1666a101ba08c4e8959372b26bde46e49f8f76dd8d724560c1caf136dddab945/tracks/new HTTP/1.1" 200 -
06:34:01 CF POST /sessions/f27c1b59c04093f1ee07fce36a9441fc548567779c9f5941c459965703200554/tracks/new -> 200 (273 ms)
06:34:01 "POST /cf/sessions/f27c1b59c04093f1ee07fce36a9441fc548567779c9f5941c459965703200554/tracks/new HTTP/1.1" 200 -
06:34:01 "POST /collect HTTP/1.1" 200 -
06:34:01 "POST /collect HTTP/1.1" 200 -
06:34:01 "POST /collect HTTP/1.1" 200 -
06:34:02 "POST /collect HTTP/1.1" 200 -
06:34:02 "POST /collect HTTP/1.1" 200 -
06:34:02 "POST /collect HTTP/1.1" 200 -
06:34:02 "POST /collect HTTP/1.1" 200 -
06:34:02 "POST /collect HTTP/1.1" 200 -
06:34:02 "POST /collect HTTP/1.1" 200 -
06:34:02 "POST /collect HTTP/1.1" 200 -
06:34:02 "POST /collect HTTP/1.1" 200 -
06:34:02 "POST /collect HTTP/1.1" 200 -
06:34:02 "POST /collect HTTP/1.1" 200 -
06:34:02 "POST /collect HTTP/1.1" 200 -
06:34:02 "POST /collect HTTP/1.1" 200 -
06:34:02 "POST /collect HTTP/1.1" 200 -
06:34:02 "POST /collect HTTP/1.1" 200 -
06:34:02 "POST /collect HTTP/1.1" 200 -
06:34:02 "POST /collect HTTP/1.1" 200 -
06:34:02 "POST /collect HTTP/1.1" 200 -
06:34:02 "POST /collect HTTP/1.1" 200 -
06:34:02 "POST /collect HTTP/1.1" 200 -
06:34:02 "POST /collect HTTP/1.1" 200 -
06:34:02 "POST /collect HTTP/1.1" 200 -
06:34:02 "POST /collect HTTP/1.1" 200 -
06:34:02 CF PUT /sessions/f27c1b59c04093f1ee07fce36a9441fc548567779c9f5941c459965703200554/renegotiate -> 200 (296 ms)
06:34:02 "PUT /cf/sessions/f27c1b59c04093f1ee07fce36a9441fc548567779c9f5941c459965703200554/renegotiate HTTP/1.1" 200 -
06:34:02 "POST /collect HTTP/1.1" 200 -
06:34:02 CF PUT /sessions/1666a101ba08c4e8959372b26bde46e49f8f76dd8d724560c1caf136dddab945/renegotiate -> 200 (259 ms)
06:34:02 "PUT /cf/sessions/1666a101ba08c4e8959372b26bde46e49f8f76dd8d724560c1caf136dddab945/renegotiate HTTP/1.1" 200 -
06:34:02 "POST /collect HTTP/1.1" 200 -
06:34:02 "POST /collect HTTP/1.1" 200 -
06:34:02 "POST /collect HTTP/1.1" 200 -
06:34:02 "POST /collect HTTP/1.1" 200 -
06:34:02 "POST /collect HTTP/1.1" 200 -
06:34:02 "POST /collect HTTP/1.1" 200 -
06:34:02 "POST /collect HTTP/1.1" 200 -
06:34:02 "POST /collect HTTP/1.1" 200 -
06:34:02 "POST /collect HTTP/1.1" 200 -
06:34:02 "POST /collect HTTP/1.1" 200 -
06:34:02 "POST /collect HTTP/1.1" 200 -
06:34:02 "POST /collect HTTP/1.1" 200 -
06:34:02 CF POST /sessions/1666a101ba08c4e8959372b26bde46e49f8f76dd8d724560c1caf136dddab945/tracks/new -> 200 (267 ms)
06:34:02 "POST /cf/sessions/1666a101ba08c4e8959372b26bde46e49f8f76dd8d724560c1caf136dddab945/tracks/new HTTP/1.1" 200 -
06:34:02 CF POST /sessions/f27c1b59c04093f1ee07fce36a9441fc548567779c9f5941c459965703200554/tracks/new -> 200 (285 ms)
06:34:02 "POST /cf/sessions/f27c1b59c04093f1ee07fce36a9441fc548567779c9f5941c459965703200554/tracks/new HTTP/1.1" 200 -
06:34:02 "POST /collect HTTP/1.1" 200 -
06:34:03 "POST /collect HTTP/1.1" 200 -
06:34:03 "GET /roster HTTP/1.1" 200 -
06:34:03 "POST /collect HTTP/1.1" 200 -
06:34:03 "POST /collect HTTP/1.1" 200 -
06:34:03 "POST /collect HTTP/1.1" 200 -
06:34:03 "POST /collect HTTP/1.1" 200 -
06:34:03 "POST /collect HTTP/1.1" 200 -
06:34:03 "POST /collect HTTP/1.1" 200 -
06:34:03 "POST /collect HTTP/1.1" 200 -
06:34:03 "POST /collect HTTP/1.1" 200 -
06:34:03 "POST /collect HTTP/1.1" 200 -
06:34:03 "GET /roster HTTP/1.1" 200 -
06:34:03 "POST /collect HTTP/1.1" 200 -
06:34:03 "POST /collect HTTP/1.1" 200 -
06:34:03 "POST /collect HTTP/1.1" 200 -
06:34:03 "POST /collect HTTP/1.1" 200 -
06:34:03 "POST /collect HTTP/1.1" 200 -
06:34:03 "POST /collect HTTP/1.1" 200 -
06:34:03 "POST /collect HTTP/1.1" 200 -
06:34:03 CF PUT /sessions/f27c1b59c04093f1ee07fce36a9441fc548567779c9f5941c459965703200554/renegotiate -> 200 (255 ms)
06:34:03 "PUT /cf/sessions/f27c1b59c04093f1ee07fce36a9441fc548567779c9f5941c459965703200554/renegotiate HTTP/1.1" 200 -
06:34:03 CF PUT /sessions/1666a101ba08c4e8959372b26bde46e49f8f76dd8d724560c1caf136dddab945/renegotiate -> 200 (264 ms)
06:34:03 "PUT /cf/sessions/1666a101ba08c4e8959372b26bde46e49f8f76dd8d724560c1caf136dddab945/renegotiate HTTP/1.1" 200 -
06:34:04 "POST /collect HTTP/1.1" 200 -
06:34:04 "POST /collect HTTP/1.1" 200 -
06:34:04 CF POST /sessions/1666a101ba08c4e8959372b26bde46e49f8f76dd8d724560c1caf136dddab945/tracks/new -> 200 (253 ms)
06:34:04 "POST /cf/sessions/1666a101ba08c4e8959372b26bde46e49f8f76dd8d724560c1caf136dddab945/tracks/new HTTP/1.1" 200 -
06:34:04 CF POST /sessions/f27c1b59c04093f1ee07fce36a9441fc548567779c9f5941c459965703200554/tracks/new -> 200 (378 ms)
06:34:04 "POST /cf/sessions/f27c1b59c04093f1ee07fce36a9441fc548567779c9f5941c459965703200554/tracks/new HTTP/1.1" 200 -
06:34:04 "POST /collect HTTP/1.1" 200 -
06:34:04 "POST /collect HTTP/1.1" 200 -
06:34:04 "POST /collect HTTP/1.1" 200 -
06:34:04 "POST /collect HTTP/1.1" 200 -
06:34:04 "POST /collect HTTP/1.1" 200 -
06:34:04 "POST /collect HTTP/1.1" 200 -
06:34:04 "POST /collect HTTP/1.1" 200 -
06:34:04 "POST /collect HTTP/1.1" 200 -
06:34:04 "POST /collect HTTP/1.1" 200 -
06:34:05 "POST /collect HTTP/1.1" 200 -
06:34:05 "POST /collect HTTP/1.1" 200 -
06:34:05 "POST /collect HTTP/1.1" 200 -
06:34:05 "POST /collect HTTP/1.1" 200 -
06:34:05 "POST /collect HTTP/1.1" 200 -
06:34:05 "POST /collect HTTP/1.1" 200 -
06:34:05 "POST /collect HTTP/1.1" 200 -
06:34:05 "POST /collect HTTP/1.1" 200 -
06:34:05 "POST /collect HTTP/1.1" 200 -
06:34:05 "POST /collect HTTP/1.1" 200 -
06:34:05 "POST /collect HTTP/1.1" 200 -
06:34:05 "POST /collect HTTP/1.1" 200 -
06:34:05 "POST /collect HTTP/1.1" 200 -
06:34:05 "POST /collect HTTP/1.1" 200 -
06:34:05 "POST /collect HTTP/1.1" 200 -
06:34:05 "POST /collect HTTP/1.1" 200 -
06:34:05 "GET /roster HTTP/1.1" 200 -
06:34:05 "POST /collect HTTP/1.1" 200 -
06:34:05 "POST /collect HTTP/1.1" 200 -
06:34:05 "POST /collect HTTP/1.1" 200 -
06:34:05 "POST /collect HTTP/1.1" 200 -
06:34:05 "POST /collect HTTP/1.1" 200 -
06:34:05 "POST /collect HTTP/1.1" 200 -
06:34:05 "GET /roster HTTP/1.1" 200 -
06:34:05 CF PUT /sessions/1666a101ba08c4e8959372b26bde46e49f8f76dd8d724560c1caf136dddab945/renegotiate -> 200 (276 ms)
06:34:05 "PUT /cf/sessions/1666a101ba08c4e8959372b26bde46e49f8f76dd8d724560c1caf136dddab945/renegotiate HTTP/1.1" 200 -
06:34:05 "POST /collect HTTP/1.1" 200 -
06:34:05 "POST /collect HTTP/1.1" 200 -
06:34:05 "POST /collect HTTP/1.1" 200 -
06:34:05 "POST /collect HTTP/1.1" 200 -
06:34:05 CF PUT /sessions/f27c1b59c04093f1ee07fce36a9441fc548567779c9f5941c459965703200554/renegotiate -> 200 (289 ms)
06:34:05 "PUT /cf/sessions/f27c1b59c04093f1ee07fce36a9441fc548567779c9f5941c459965703200554/renegotiate HTTP/1.1" 200 -
06:34:05 "POST /collect HTTP/1.1" 200 -
06:34:05 "POST /collect HTTP/1.1" 200 -
06:34:05 "POST /collect HTTP/1.1" 200 -
06:34:05 "POST /collect HTTP/1.1" 200 -
06:34:05 "POST /collect HTTP/1.1" 200 -
06:34:05 "POST /collect HTTP/1.1" 200 -
06:34:05 "POST /collect HTTP/1.1" 200 -
06:34:05 "POST /collect HTTP/1.1" 200 -
06:34:05 "POST /collect HTTP/1.1" 200 -
06:34:05 "POST /collect HTTP/1.1" 200 -
06:34:05 "POST /collect HTTP/1.1" 200 -
06:34:05 CF POST /sessions/1666a101ba08c4e8959372b26bde46e49f8f76dd8d724560c1caf136dddab945/tracks/new -> 200 (307 ms)
06:34:05 "POST /cf/sessions/1666a101ba08c4e8959372b26bde46e49f8f76dd8d724560c1caf136dddab945/tracks/new HTTP/1.1" 200 -
06:34:05 CF POST /sessions/f27c1b59c04093f1ee07fce36a9441fc548567779c9f5941c459965703200554/tracks/new -> 200 (252 ms)
06:34:05 "POST /cf/sessions/f27c1b59c04093f1ee07fce36a9441fc548567779c9f5941c459965703200554/tracks/new HTTP/1.1" 200 -
06:34:05 "POST /collect HTTP/1.1" 200 -
06:34:06 "POST /collect HTTP/1.1" 200 -
06:34:06 "POST /collect HTTP/1.1" 200 -
06:34:06 "POST /collect HTTP/1.1" 200 -
06:34:06 "POST /collect HTTP/1.1" 200 -
06:34:06 "POST /collect HTTP/1.1" 200 -
06:34:06 "POST /collect HTTP/1.1" 200 -
06:34:06 "POST /collect HTTP/1.1" 200 -
06:34:06 "POST /collect HTTP/1.1" 200 -
06:34:06 "POST /collect HTTP/1.1" 200 -
06:34:06 "POST /collect HTTP/1.1" 200 -
06:34:06 "POST /collect HTTP/1.1" 200 -
06:34:06 "POST /collect HTTP/1.1" 200 -
06:34:06 "POST /collect HTTP/1.1" 200 -
06:34:06 "POST /collect HTTP/1.1" 200 -
06:34:06 "POST /collect HTTP/1.1" 200 -
06:34:06 CF PUT /sessions/1666a101ba08c4e8959372b26bde46e49f8f76dd8d724560c1caf136dddab945/renegotiate -> 200 (283 ms)
06:34:06 "PUT /cf/sessions/1666a101ba08c4e8959372b26bde46e49f8f76dd8d724560c1caf136dddab945/renegotiate HTTP/1.1" 200 -
06:34:06 CF PUT /sessions/f27c1b59c04093f1ee07fce36a9441fc548567779c9f5941c459965703200554/renegotiate -> 200 (270 ms)
06:34:06 "PUT /cf/sessions/f27c1b59c04093f1ee07fce36a9441fc548567779c9f5941c459965703200554/renegotiate HTTP/1.1" 200 -
06:34:07 "POST /collect HTTP/1.1" 200 -
06:34:07 "POST /collect HTTP/1.1" 200 -
06:34:07 "GET /roster HTTP/1.1" 200 -
06:34:07 "GET /roster HTTP/1.1" 200 -
06:34:07 CF POST /sessions/1666a101ba08c4e8959372b26bde46e49f8f76dd8d724560c1caf136dddab945/tracks/new -> 200 (299 ms)
06:34:07 "POST /cf/sessions/1666a101ba08c4e8959372b26bde46e49f8f76dd8d724560c1caf136dddab945/tracks/new HTTP/1.1" 200 -
06:34:07 CF POST /sessions/f27c1b59c04093f1ee07fce36a9441fc548567779c9f5941c459965703200554/tracks/new -> 200 (217 ms)
06:34:07 "POST /cf/sessions/f27c1b59c04093f1ee07fce36a9441fc548567779c9f5941c459965703200554/tracks/new HTTP/1.1" 200 -
06:34:07 "POST /collect HTTP/1.1" 200 -
06:34:07 "POST /collect HTTP/1.1" 200 -
06:34:07 "POST /collect HTTP/1.1" 200 -
06:34:07 "POST /collect HTTP/1.1" 200 -
06:34:07 "POST /collect HTTP/1.1" 200 -
06:34:07 "POST /collect HTTP/1.1" 200 -
06:34:07 "POST /collect HTTP/1.1" 200 -
06:34:07 "POST /collect HTTP/1.1" 200 -
06:34:07 "POST /collect HTTP/1.1" 200 -
06:34:07 "POST /collect HTTP/1.1" 200 -
06:34:07 "POST /collect HTTP/1.1" 200 -
06:34:08 "POST /collect HTTP/1.1" 200 -
06:34:08 "POST /collect HTTP/1.1" 200 -
06:34:08 "POST /collect HTTP/1.1" 200 -
06:34:08 "POST /collect HTTP/1.1" 200 -
06:34:08 "POST /collect HTTP/1.1" 200 -
06:34:08 "POST /collect HTTP/1.1" 200 -
06:34:08 "POST /collect HTTP/1.1" 200 -
06:34:08 "POST /collect HTTP/1.1" 200 -
06:34:08 "POST /collect HTTP/1.1" 200 -
06:34:08 "POST /collect HTTP/1.1" 200 -
06:34:08 "POST /collect HTTP/1.1" 200 -
06:34:08 CF PUT /sessions/1666a101ba08c4e8959372b26bde46e49f8f76dd8d724560c1caf136dddab945/renegotiate -> 200 (267 ms)
06:34:08 "PUT /cf/sessions/1666a101ba08c4e8959372b26bde46e49f8f76dd8d724560c1caf136dddab945/renegotiate HTTP/1.1" 200 -
06:34:08 "POST /collect HTTP/1.1" 200 -
06:34:08 "POST /collect HTTP/1.1" 200 -
06:34:08 "POST /collect HTTP/1.1" 200 -
06:34:08 "POST /collect HTTP/1.1" 200 -
06:34:08 "POST /collect HTTP/1.1" 200 -
06:34:08 "POST /collect HTTP/1.1" 200 -
06:34:08 "POST /collect HTTP/1.1" 200 -
06:34:08 "POST /collect HTTP/1.1" 200 -
06:34:08 "POST /collect HTTP/1.1" 200 -
06:34:08 "POST /collect HTTP/1.1" 200 -
06:34:08 "POST /collect HTTP/1.1" 200 -
06:34:08 CF PUT /sessions/f27c1b59c04093f1ee07fce36a9441fc548567779c9f5941c459965703200554/renegotiate -> 200 (244 ms)
06:34:08 "PUT /cf/sessions/f27c1b59c04093f1ee07fce36a9441fc548567779c9f5941c459965703200554/renegotiate HTTP/1.1" 200 -
06:34:08 "POST /collect HTTP/1.1" 200 -
06:34:08 "POST /collect HTTP/1.1" 200 -
06:34:08 "POST /collect HTTP/1.1" 200 -
06:34:08 "POST /collect HTTP/1.1" 200 -
06:34:08 "POST /collect HTTP/1.1" 200 -
06:34:08 "POST /collect HTTP/1.1" 200 -
06:34:08 "POST /collect HTTP/1.1" 200 -
06:34:08 "POST /collect HTTP/1.1" 200 -
06:34:08 "POST /collect HTTP/1.1" 200 -
06:34:08 "POST /collect HTTP/1.1" 200 -
06:34:08 "POST /collect HTTP/1.1" 200 -
06:34:08 CF POST /sessions/1666a101ba08c4e8959372b26bde46e49f8f76dd8d724560c1caf136dddab945/tracks/new -> 200 (254 ms)
06:34:08 "POST /cf/sessions/1666a101ba08c4e8959372b26bde46e49f8f76dd8d724560c1caf136dddab945/tracks/new HTTP/1.1" 200 -
06:34:08 "POST /collect HTTP/1.1" 200 -
06:34:08 CF POST /sessions/f27c1b59c04093f1ee07fce36a9441fc548567779c9f5941c459965703200554/tracks/new -> 200 (184 ms)
06:34:08 "POST /cf/sessions/f27c1b59c04093f1ee07fce36a9441fc548567779c9f5941c459965703200554/tracks/new HTTP/1.1" 200 -
06:34:08 "POST /collect HTTP/1.1" 200 -
06:34:08 "POST /collect HTTP/1.1" 200 -
06:34:09 "POST /collect HTTP/1.1" 200 -
06:34:09 "POST /collect HTTP/1.1" 200 -
06:34:09 "POST /collect HTTP/1.1" 200 -
06:34:09 "GET /roster HTTP/1.1" 200 -
06:34:09 "GET /roster HTTP/1.1" 200 -
06:34:09 "POST /collect HTTP/1.1" 200 -
06:34:09 "POST /collect HTTP/1.1" 200 -
06:34:09 "POST /collect HTTP/1.1" 200 -
06:34:09 "POST /collect HTTP/1.1" 200 -
06:34:09 "POST /collect HTTP/1.1" 200 -
06:34:09 "POST /collect HTTP/1.1" 200 -
06:34:09 "POST /collect HTTP/1.1" 200 -
06:34:09 "POST /collect HTTP/1.1" 200 -
06:34:09 "POST /collect HTTP/1.1" 200 -
06:34:09 "POST /collect HTTP/1.1" 200 -
06:34:09 "POST /collect HTTP/1.1" 200 -
06:34:09 CF PUT /sessions/1666a101ba08c4e8959372b26bde46e49f8f76dd8d724560c1caf136dddab945/renegotiate -> 200 (258 ms)
06:34:09 "PUT /cf/sessions/1666a101ba08c4e8959372b26bde46e49f8f76dd8d724560c1caf136dddab945/renegotiate HTTP/1.1" 200 -
06:34:09 "POST /collect HTTP/1.1" 200 -
06:34:09 "POST /collect HTTP/1.1" 200 -
06:34:09 CF PUT /sessions/f27c1b59c04093f1ee07fce36a9441fc548567779c9f5941c459965703200554/renegotiate -> 200 (270 ms)
06:34:09 "PUT /cf/sessions/f27c1b59c04093f1ee07fce36a9441fc548567779c9f5941c459965703200554/renegotiate HTTP/1.1" 200 -
06:34:09 "POST /collect HTTP/1.1" 200 -
06:34:09 "POST /collect HTTP/1.1" 200 -
06:34:09 "POST /collect HTTP/1.1" 200 -
06:34:10 CF POST /sessions/1666a101ba08c4e8959372b26bde46e49f8f76dd8d724560c1caf136dddab945/tracks/new -> 200 (251 ms)
06:34:10 "POST /cf/sessions/1666a101ba08c4e8959372b26bde46e49f8f76dd8d724560c1caf136dddab945/tracks/new HTTP/1.1" 200 -
06:34:10 CF POST /sessions/f27c1b59c04093f1ee07fce36a9441fc548567779c9f5941c459965703200554/tracks/new -> 200 (219 ms)
06:34:10 "POST /cf/sessions/f27c1b59c04093f1ee07fce36a9441fc548567779c9f5941c459965703200554/tracks/new HTTP/1.1" 200 -
06:34:10 "POST /collect HTTP/1.1" 200 -
06:34:10 "POST /collect HTTP/1.1" 200 -
06:34:10 "POST /collect HTTP/1.1" 200 -
06:34:10 "POST /collect HTTP/1.1" 200 -
06:34:10 "POST /collect HTTP/1.1" 200 -
06:34:10 "POST /collect HTTP/1.1" 200 -
06:34:10 "POST /collect HTTP/1.1" 200 -
06:34:10 "POST /collect HTTP/1.1" 200 -
06:34:10 "POST /collect HTTP/1.1" 200 -
06:34:10 CF PUT /sessions/1666a101ba08c4e8959372b26bde46e49f8f76dd8d724560c1caf136dddab945/renegotiate -> 200 (262 ms)
06:34:10 "PUT /cf/sessions/1666a101ba08c4e8959372b26bde46e49f8f76dd8d724560c1caf136dddab945/renegotiate HTTP/1.1" 200 -
06:34:11 "POST /collect HTTP/1.1" 200 -
06:34:11 "POST /collect HTTP/1.1" 200 -
06:34:11 CF PUT /sessions/f27c1b59c04093f1ee07fce36a9441fc548567779c9f5941c459965703200554/renegotiate -> 200 (265 ms)
06:34:11 "PUT /cf/sessions/f27c1b59c04093f1ee07fce36a9441fc548567779c9f5941c459965703200554/renegotiate HTTP/1.1" 200 -
06:34:11 "POST /collect HTTP/1.1" 200 -
06:34:11 "POST /collect HTTP/1.1" 200 -
06:34:11 "POST /collect HTTP/1.1" 200 -
06:34:11 "POST /collect HTTP/1.1" 200 -
06:34:11 "POST /collect HTTP/1.1" 200 -
06:34:11 "POST /collect HTTP/1.1" 200 -
06:34:11 "POST /collect HTTP/1.1" 200 -
06:34:11 "POST /collect HTTP/1.1" 200 -
06:34:11 "POST /collect HTTP/1.1" 200 -
06:34:11 "POST /collect HTTP/1.1" 200 -
06:34:11 "POST /collect HTTP/1.1" 200 -
06:34:11 "POST /collect HTTP/1.1" 200 -
06:34:11 "POST /collect HTTP/1.1" 200 -
06:34:11 "POST /collect HTTP/1.1" 200 -
06:34:11 "POST /collect HTTP/1.1" 200 -
06:34:11 "GET /roster HTTP/1.1" 200 -
06:34:11 "POST /collect HTTP/1.1" 200 -
06:34:11 "POST /collect HTTP/1.1" 200 -
06:34:11 "POST /collect HTTP/1.1" 200 -
06:34:11 "POST /collect HTTP/1.1" 200 -
06:34:11 "POST /collect HTTP/1.1" 200 -
06:34:11 "POST /collect HTTP/1.1" 200 -
06:34:11 "GET /roster HTTP/1.1" 200 -
06:34:11 "POST /collect HTTP/1.1" 200 -
06:34:11 "POST /collect HTTP/1.1" 200 -
06:34:11 "POST /collect HTTP/1.1" 200 -
06:34:11 "POST /collect HTTP/1.1" 200 -
06:34:11 "POST /collect HTTP/1.1" 200 -
06:34:11 "POST /collect HTTP/1.1" 200 -
06:34:11 "POST /collect HTTP/1.1" 200 -
06:34:11 "POST /collect HTTP/1.1" 200 -
06:34:11 "POST /collect HTTP/1.1" 200 -
06:34:11 CF POST /sessions/1666a101ba08c4e8959372b26bde46e49f8f76dd8d724560c1caf136dddab945/tracks/new -> 200 (277 ms)
06:34:11 "POST /cf/sessions/1666a101ba08c4e8959372b26bde46e49f8f76dd8d724560c1caf136dddab945/tracks/new HTTP/1.1" 200 -
06:34:11 CF POST /sessions/f27c1b59c04093f1ee07fce36a9441fc548567779c9f5941c459965703200554/tracks/new -> 200 (191 ms)
06:34:11 "POST /cf/sessions/f27c1b59c04093f1ee07fce36a9441fc548567779c9f5941c459965703200554/tracks/new HTTP/1.1" 200 -
06:34:11 "POST /collect HTTP/1.1" 200 -
06:34:11 "POST /collect HTTP/1.1" 200 -
06:34:11 "POST /collect HTTP/1.1" 200 -
06:34:11 "POST /collect HTTP/1.1" 200 -
06:34:11 "POST /collect HTTP/1.1" 200 -
06:34:11 "POST /collect HTTP/1.1" 200 -
06:34:12 "POST /collect HTTP/1.1" 200 -
06:34:12 "POST /collect HTTP/1.1" 200 -
06:34:12 "POST /collect HTTP/1.1" 200 -
06:34:12 CF PUT /sessions/1666a101ba08c4e8959372b26bde46e49f8f76dd8d724560c1caf136dddab945/renegotiate -> 200 (245 ms)
06:34:12 "PUT /cf/sessions/1666a101ba08c4e8959372b26bde46e49f8f76dd8d724560c1caf136dddab945/renegotiate HTTP/1.1" 200 -
06:34:12 "POST /collect HTTP/1.1" 200 -
06:34:12 "POST /collect HTTP/1.1" 200 -
06:34:12 "POST /collect HTTP/1.1" 200 -
06:34:12 "POST /collect HTTP/1.1" 200 -
06:34:12 CF PUT /sessions/f27c1b59c04093f1ee07fce36a9441fc548567779c9f5941c459965703200554/renegotiate -> 200 (265 ms)
06:34:12 "PUT /cf/sessions/f27c1b59c04093f1ee07fce36a9441fc548567779c9f5941c459965703200554/renegotiate HTTP/1.1" 200 -
06:34:12 "POST /collect HTTP/1.1" 200 -
06:34:12 "POST /collect HTTP/1.1" 200 -
06:34:12 "POST /collect HTTP/1.1" 200 -
06:34:12 "POST /collect HTTP/1.1" 200 -
06:34:12 "POST /collect HTTP/1.1" 200 -
06:34:12 "POST /collect HTTP/1.1" 200 -
06:34:12 "POST /collect HTTP/1.1" 200 -
06:34:12 "POST /collect HTTP/1.1" 200 -
06:34:12 "POST /collect HTTP/1.1" 200 -
06:34:12 "POST /collect HTTP/1.1" 200 -
06:34:12 CF POST /sessions/1666a101ba08c4e8959372b26bde46e49f8f76dd8d724560c1caf136dddab945/tracks/new -> 200 (313 ms)
06:34:12 "POST /cf/sessions/1666a101ba08c4e8959372b26bde46e49f8f76dd8d724560c1caf136dddab945/tracks/new HTTP/1.1" 200 -
06:34:12 CF POST /sessions/f27c1b59c04093f1ee07fce36a9441fc548567779c9f5941c459965703200554/tracks/new -> 200 (253 ms)
06:34:12 "POST /cf/sessions/f27c1b59c04093f1ee07fce36a9441fc548567779c9f5941c459965703200554/tracks/new HTTP/1.1" 200 -
06:34:13 "GET /roster HTTP/1.1" 200 -
06:34:13 "POST /collect HTTP/1.1" 200 -
06:34:13 "GET /roster HTTP/1.1" 200 -
06:34:13 "POST /collect HTTP/1.1" 200 -
06:34:13 "POST /collect HTTP/1.1" 200 -
06:34:13 "POST /collect HTTP/1.1" 200 -
06:34:13 "POST /collect HTTP/1.1" 200 -
06:34:13 "POST /collect HTTP/1.1" 200 -
06:34:13 "POST /collect HTTP/1.1" 200 -
06:34:13 "POST /collect HTTP/1.1" 200 -
06:34:13 "POST /collect HTTP/1.1" 200 -
06:34:13 "POST /collect HTTP/1.1" 200 -
06:34:13 CF PUT /sessions/1666a101ba08c4e8959372b26bde46e49f8f76dd8d724560c1caf136dddab945/renegotiate -> 200 (239 ms)
06:34:13 "PUT /cf/sessions/1666a101ba08c4e8959372b26bde46e49f8f76dd8d724560c1caf136dddab945/renegotiate HTTP/1.1" 200 -
06:34:13 CF PUT /sessions/f27c1b59c04093f1ee07fce36a9441fc548567779c9f5941c459965703200554/renegotiate -> 200 (286 ms)
06:34:13 "PUT /cf/sessions/f27c1b59c04093f1ee07fce36a9441fc548567779c9f5941c459965703200554/renegotiate HTTP/1.1" 200 -
06:34:13 "POST /collect HTTP/1.1" 200 -
06:34:14 "POST /collect HTTP/1.1" 200 -
06:34:14 "POST /collect HTTP/1.1" 200 -
06:34:14 "POST /collect HTTP/1.1" 200 -
06:34:14 "POST /collect HTTP/1.1" 200 -
06:34:14 "POST /collect HTTP/1.1" 200 -
06:34:14 "POST /collect HTTP/1.1" 200 -
06:34:14 "POST /collect HTTP/1.1" 200 -
06:34:14 "POST /collect HTTP/1.1" 200 -
06:34:14 "POST /collect HTTP/1.1" 200 -
06:34:14 "POST /collect HTTP/1.1" 200 -
06:34:14 "POST /collect HTTP/1.1" 200 -
06:34:14 "POST /collect HTTP/1.1" 200 -
06:34:14 "POST /collect HTTP/1.1" 200 -
06:34:14 "POST /collect HTTP/1.1" 200 -
06:34:14 "POST /collect HTTP/1.1" 200 -
06:34:14 "POST /collect HTTP/1.1" 200 -
06:34:14 "POST /collect HTTP/1.1" 200 -
06:34:14 "POST /collect HTTP/1.1" 200 -
06:34:14 "POST /collect HTTP/1.1" 200 -
06:34:14 "POST /collect HTTP/1.1" 200 -
06:34:14 "POST /collect HTTP/1.1" 200 -
06:34:14 "POST /collect HTTP/1.1" 200 -
06:34:14 "POST /collect HTTP/1.1" 200 -
06:34:14 CF POST /sessions/1666a101ba08c4e8959372b26bde46e49f8f76dd8d724560c1caf136dddab945/tracks/new -> 200 (294 ms)
06:34:14 "POST /cf/sessions/1666a101ba08c4e8959372b26bde46e49f8f76dd8d724560c1caf136dddab945/tracks/new HTTP/1.1" 200 -
06:34:14 "POST /collect HTTP/1.1" 200 -
06:34:14 CF POST /sessions/f27c1b59c04093f1ee07fce36a9441fc548567779c9f5941c459965703200554/tracks/new -> 200 (239 ms)
06:34:14 "POST /cf/sessions/f27c1b59c04093f1ee07fce36a9441fc548567779c9f5941c459965703200554/tracks/new HTTP/1.1" 200 -
06:34:14 "POST /collect HTTP/1.1" 200 -
06:34:14 "POST /collect HTTP/1.1" 200 -
06:34:14 "POST /collect HTTP/1.1" 200 -
06:34:14 "POST /collect HTTP/1.1" 200 -
06:34:14 "POST /collect HTTP/1.1" 200 -
06:34:14 "POST /collect HTTP/1.1" 200 -
06:34:14 "POST /collect HTTP/1.1" 200 -
06:34:14 "POST /collect HTTP/1.1" 200 -
06:34:14 "POST /collect HTTP/1.1" 200 -
06:34:14 "POST /collect HTTP/1.1" 200 -
06:34:14 "POST /collect HTTP/1.1" 200 -
06:34:14 "POST /collect HTTP/1.1" 200 -
06:34:15 CF PUT /sessions/1666a101ba08c4e8959372b26bde46e49f8f76dd8d724560c1caf136dddab945/renegotiate -> 200 (264 ms)
06:34:15 "PUT /cf/sessions/1666a101ba08c4e8959372b26bde46e49f8f76dd8d724560c1caf136dddab945/renegotiate HTTP/1.1" 200 -
06:34:15 "POST /collect HTTP/1.1" 200 -
06:34:15 "POST /collect HTTP/1.1" 200 -
06:34:15 "POST /collect HTTP/1.1" 200 -
06:34:15 "GET /roster HTTP/1.1" 200 -
06:34:15 "GET /roster HTTP/1.1" 200 -
06:34:15 "POST /collect HTTP/1.1" 200 -
06:34:15 CF PUT /sessions/f27c1b59c04093f1ee07fce36a9441fc548567779c9f5941c459965703200554/renegotiate -> 200 (267 ms)
06:34:15 "PUT /cf/sessions/f27c1b59c04093f1ee07fce36a9441fc548567779c9f5941c459965703200554/renegotiate HTTP/1.1" 200 -
06:34:15 "POST /collect HTTP/1.1" 200 -
06:34:15 "POST /collect HTTP/1.1" 200 -
06:34:15 "POST /collect HTTP/1.1" 200 -
06:34:15 "POST /collect HTTP/1.1" 200 -
06:34:15 "POST /collect HTTP/1.1" 200 -
06:34:15 "POST /collect HTTP/1.1" 200 -
06:34:15 "POST /collect HTTP/1.1" 200 -
06:34:15 "POST /collect HTTP/1.1" 200 -
06:34:15 "POST /collect HTTP/1.1" 200 -
06:34:15 "POST /collect HTTP/1.1" 200 -
06:34:15 "POST /collect HTTP/1.1" 200 -
06:34:15 "POST /collect HTTP/1.1" 200 -
06:34:15 "POST /collect HTTP/1.1" 200 -
06:34:15 "POST /collect HTTP/1.1" 200 -
06:34:15 CF POST /sessions/1666a101ba08c4e8959372b26bde46e49f8f76dd8d724560c1caf136dddab945/tracks/new -> 200 (261 ms)
06:34:15 "POST /cf/sessions/1666a101ba08c4e8959372b26bde46e49f8f76dd8d724560c1caf136dddab945/tracks/new HTTP/1.1" 200 -
06:34:15 "POST /collect HTTP/1.1" 200 -
06:34:15 CF POST /sessions/f27c1b59c04093f1ee07fce36a9441fc548567779c9f5941c459965703200554/tracks/new -> 200 (229 ms)
06:34:15 "POST /cf/sessions/f27c1b59c04093f1ee07fce36a9441fc548567779c9f5941c459965703200554/tracks/new HTTP/1.1" 200 -
06:34:16 "POST /collect HTTP/1.1" 200 -
06:34:16 "POST /collect HTTP/1.1" 200 -
06:34:16 "POST /collect HTTP/1.1" 200 -
06:34:16 "POST /collect HTTP/1.1" 200 -
06:34:16 "POST /collect HTTP/1.1" 200 -
06:34:16 "POST /collect HTTP/1.1" 200 -
06:34:16 "POST /collect HTTP/1.1" 200 -
06:34:16 "POST /collect HTTP/1.1" 200 -
06:34:16 CF PUT /sessions/1666a101ba08c4e8959372b26bde46e49f8f76dd8d724560c1caf136dddab945/renegotiate -> 200 (288 ms)
06:34:16 "PUT /cf/sessions/1666a101ba08c4e8959372b26bde46e49f8f76dd8d724560c1caf136dddab945/renegotiate HTTP/1.1" 200 -
06:34:16 CF PUT /sessions/f27c1b59c04093f1ee07fce36a9441fc548567779c9f5941c459965703200554/renegotiate -> 200 (262 ms)
06:34:16 "PUT /cf/sessions/f27c1b59c04093f1ee07fce36a9441fc548567779c9f5941c459965703200554/renegotiate HTTP/1.1" 200 -
06:34:16 "POST /collect HTTP/1.1" 200 -
06:34:17 "POST /collect HTTP/1.1" 200 -
06:34:17 "POST /collect HTTP/1.1" 200 -
06:34:17 "POST /collect HTTP/1.1" 200 -
06:34:17 "POST /collect HTTP/1.1" 200 -
06:34:17 "POST /collect HTTP/1.1" 200 -
06:34:17 "POST /collect HTTP/1.1" 200 -
06:34:17 "POST /collect HTTP/1.1" 200 -
06:34:17 "POST /collect HTTP/1.1" 200 -
06:34:17 "POST /collect HTTP/1.1" 200 -
06:34:17 "POST /collect HTTP/1.1" 200 -
06:34:17 "POST /collect HTTP/1.1" 200 -
06:34:17 "POST /collect HTTP/1.1" 200 -
06:34:17 "POST /collect HTTP/1.1" 200 -
06:34:17 "POST /collect HTTP/1.1" 200 -
06:34:17 "POST /collect HTTP/1.1" 200 -
06:34:17 "POST /collect HTTP/1.1" 200 -
06:34:17 "POST /collect HTTP/1.1" 200 -
06:34:17 "POST /collect HTTP/1.1" 200 -
06:34:17 "GET /roster HTTP/1.1" 200 -
06:34:17 "POST /collect HTTP/1.1" 200 -
06:34:17 "POST /collect HTTP/1.1" 200 -
06:34:17 "POST /collect HTTP/1.1" 200 -
06:34:17 "GET /roster HTTP/1.1" 200 -
06:34:17 "POST /collect HTTP/1.1" 200 -
06:34:17 "POST /collect HTTP/1.1" 200 -
06:34:17 "POST /collect HTTP/1.1" 200 -
06:34:17 CF POST /sessions/1666a101ba08c4e8959372b26bde46e49f8f76dd8d724560c1caf136dddab945/tracks/new -> 200 (315 ms)
06:34:17 "POST /cf/sessions/1666a101ba08c4e8959372b26bde46e49f8f76dd8d724560c1caf136dddab945/tracks/new HTTP/1.1" 200 -
06:34:17 "POST /collect HTTP/1.1" 200 -
06:34:17 "POST /collect HTTP/1.1" 200 -
06:34:17 CF POST /sessions/f27c1b59c04093f1ee07fce36a9441fc548567779c9f5941c459965703200554/tracks/new -> 200 (288 ms)
06:34:17 "POST /cf/sessions/f27c1b59c04093f1ee07fce36a9441fc548567779c9f5941c459965703200554/tracks/new HTTP/1.1" 200 -
06:34:17 "POST /collect HTTP/1.1" 200 -
06:34:17 "POST /collect HTTP/1.1" 200 -
06:34:17 "POST /collect HTTP/1.1" 200 -
06:34:17 "POST /collect HTTP/1.1" 200 -
06:34:17 "POST /collect HTTP/1.1" 200 -
06:34:17 "POST /collect HTTP/1.1" 200 -
06:34:17 "POST /collect HTTP/1.1" 200 -
06:34:17 "POST /collect HTTP/1.1" 200 -
06:34:17 "POST /collect HTTP/1.1" 200 -
06:34:17 "POST /collect HTTP/1.1" 200 -
06:34:17 "POST /collect HTTP/1.1" 200 -
06:34:17 "POST /collect HTTP/1.1" 200 -
06:34:18 "POST /collect HTTP/1.1" 200 -
06:34:18 "POST /collect HTTP/1.1" 200 -
06:34:18 "POST /collect HTTP/1.1" 200 -
06:34:18 CF PUT /sessions/1666a101ba08c4e8959372b26bde46e49f8f76dd8d724560c1caf136dddab945/renegotiate -> 200 (279 ms)
06:34:18 "PUT /cf/sessions/1666a101ba08c4e8959372b26bde46e49f8f76dd8d724560c1caf136dddab945/renegotiate HTTP/1.1" 200 -
06:34:18 "POST /collect HTTP/1.1" 200 -
06:34:18 "POST /collect HTTP/1.1" 200 -
06:34:18 "POST /collect HTTP/1.1" 200 -
06:34:18 "POST /collect HTTP/1.1" 200 -
06:34:18 "POST /collect HTTP/1.1" 200 -
06:34:18 "POST /collect HTTP/1.1" 200 -
06:34:18 "POST /collect HTTP/1.1" 200 -
06:34:18 "POST /collect HTTP/1.1" 200 -
06:34:18 "POST /collect HTTP/1.1" 200 -
06:34:18 CF PUT /sessions/f27c1b59c04093f1ee07fce36a9441fc548567779c9f5941c459965703200554/renegotiate -> 200 (248 ms)
06:34:18 "PUT /cf/sessions/f27c1b59c04093f1ee07fce36a9441fc548567779c9f5941c459965703200554/renegotiate HTTP/1.1" 200 -
06:34:18 "POST /collect HTTP/1.1" 200 -
06:34:18 "POST /collect HTTP/1.1" 200 -
06:34:18 "POST /collect HTTP/1.1" 200 -
06:34:18 "POST /collect HTTP/1.1" 200 -
06:34:18 "POST /collect HTTP/1.1" 200 -
06:34:19 "GET /roster HTTP/1.1" 200 -
06:34:19 "GET /roster HTTP/1.1" 200 -
06:34:19 "POST /collect HTTP/1.1" 200 -
06:34:19 "POST /collect HTTP/1.1" 200 -
06:34:19 "POST /collect HTTP/1.1" 200 -
06:34:19 "POST /collect HTTP/1.1" 200 -
06:34:19 "POST /collect HTTP/1.1" 200 -
06:34:19 "POST /collect HTTP/1.1" 200 -
06:34:19 "POST /collect HTTP/1.1" 200 -
06:34:19 "POST /collect HTTP/1.1" 200 -
06:34:19 "POST /collect HTTP/1.1" 200 -
06:34:19 "POST /collect HTTP/1.1" 200 -
06:34:19 "POST /collect HTTP/1.1" 200 -
06:34:20 "POST /collect HTTP/1.1" 200 -
06:34:20 "POST /collect HTTP/1.1" 200 -
06:34:20 "POST /collect HTTP/1.1" 200 -
06:34:20 "POST /collect HTTP/1.1" 200 -
06:34:20 "POST /collect HTTP/1.1" 200 -
06:34:20 "POST /collect HTTP/1.1" 200 -
06:34:20 "POST /collect HTTP/1.1" 200 -
06:34:20 "POST /collect HTTP/1.1" 200 -
06:34:20 "POST /collect HTTP/1.1" 200 -
06:34:20 "POST /collect HTTP/1.1" 200 -
06:34:20 "POST /collect HTTP/1.1" 200 -
06:34:20 "POST /collect HTTP/1.1" 200 -
06:34:20 "POST /collect HTTP/1.1" 200 -
06:34:20 "POST /collect HTTP/1.1" 200 -
06:34:20 "POST /collect HTTP/1.1" 200 -
06:34:20 "POST /collect HTTP/1.1" 200 -
06:34:20 "POST /collect HTTP/1.1" 200 -
06:34:20 "POST /collect HTTP/1.1" 200 -
06:34:20 "POST /collect HTTP/1.1" 200 -
06:34:20 "POST /collect HTTP/1.1" 200 -
06:34:20 "POST /collect HTTP/1.1" 200 -
06:34:20 "POST /collect HTTP/1.1" 200 -
06:34:20 "POST /collect HTTP/1.1" 200 -
06:34:20 "POST /collect HTTP/1.1" 200 -
06:34:20 "POST /collect HTTP/1.1" 200 -
06:34:20 "POST /collect HTTP/1.1" 200 -
06:34:20 "POST /collect HTTP/1.1" 200 -
06:34:20 "POST /collect HTTP/1.1" 200 -
06:34:20 "POST /collect HTTP/1.1" 200 -
06:34:20 "POST /collect HTTP/1.1" 200 -
06:34:20 "POST /collect HTTP/1.1" 200 -
06:34:20 "POST /collect HTTP/1.1" 200 -
06:34:20 "POST /collect HTTP/1.1" 200 -
06:34:20 "POST /collect HTTP/1.1" 200 -
06:34:21 "POST /collect HTTP/1.1" 200 -
06:34:21 "POST /collect HTTP/1.1" 200 -
06:34:21 "POST /collect HTTP/1.1" 200 -
06:34:21 "POST /collect HTTP/1.1" 200 -
06:34:21 "GET /roster HTTP/1.1" 200 -
06:34:21 "GET /roster HTTP/1.1" 200 -
06:34:21 "POST /collect HTTP/1.1" 200 -
06:34:21 "POST /collect HTTP/1.1" 200 -
06:34:21 "POST /collect HTTP/1.1" 200 -
06:34:21 "POST /collect HTTP/1.1" 200 -
06:34:21 "POST /collect HTTP/1.1" 200 -
06:34:21 "POST /collect HTTP/1.1" 200 -
06:34:21 "POST /collect HTTP/1.1" 200 -
06:34:21 "POST /collect HTTP/1.1" 200 -
06:34:21 "POST /collect HTTP/1.1" 200 -
06:34:21 "POST /collect HTTP/1.1" 200 -
06:34:21 "POST /collect HTTP/1.1" 200 -
06:34:21 "POST /collect HTTP/1.1" 200 -
06:34:21 "POST /collect HTTP/1.1" 200 -
06:34:21 "POST /collect HTTP/1.1" 200 -
06:34:22 "POST /collect HTTP/1.1" 200 -
06:34:22 "POST /collect HTTP/1.1" 200 -
06:34:22 "POST /collect HTTP/1.1" 200 -
06:34:22 "POST /collect HTTP/1.1" 200 -
06:34:22 "POST /collect HTTP/1.1" 200 -
06:34:22 "POST /collect HTTP/1.1" 200 -
06:34:22 "POST /collect HTTP/1.1" 200 -
06:34:22 "POST /collect HTTP/1.1" 200 -
06:34:22 "POST /collect HTTP/1.1" 200 -
06:34:23 "POST /collect HTTP/1.1" 200 -
06:34:23 "POST /collect HTTP/1.1" 200 -
06:34:23 "POST /collect HTTP/1.1" 200 -
06:34:23 "POST /collect HTTP/1.1" 200 -
06:34:23 "POST /collect HTTP/1.1" 200 -
06:34:23 "POST /collect HTTP/1.1" 200 -
06:34:23 "POST /collect HTTP/1.1" 200 -
06:34:23 "POST /collect HTTP/1.1" 200 -
06:34:23 "POST /collect HTTP/1.1" 200 -
06:34:23 "POST /collect HTTP/1.1" 200 -
06:34:23 "POST /collect HTTP/1.1" 200 -
06:34:23 "POST /collect HTTP/1.1" 200 -
06:34:23 "POST /collect HTTP/1.1" 200 -
06:34:23 "POST /collect HTTP/1.1" 200 -
06:34:23 "POST /collect HTTP/1.1" 200 -
06:34:23 "POST /collect HTTP/1.1" 200 -
06:34:23 "GET /roster HTTP/1.1" 200 -
06:34:23 "POST /collect HTTP/1.1" 200 -
06:34:23 "POST /collect HTTP/1.1" 200 -
06:34:23 "POST /collect HTTP/1.1" 200 -
06:34:23 "POST /collect HTTP/1.1" 200 -
06:34:23 "POST /collect HTTP/1.1" 200 -
06:34:23 "POST /collect HTTP/1.1" 200 -
06:34:23 "GET /roster HTTP/1.1" 200 -
06:34:23 "POST /collect HTTP/1.1" 200 -
06:34:23 "POST /collect HTTP/1.1" 200 -
06:34:23 "POST /collect HTTP/1.1" 200 -
06:34:23 "POST /collect HTTP/1.1" 200 -
06:34:23 "POST /collect HTTP/1.1" 200 -
06:34:23 "POST /collect HTTP/1.1" 200 -
06:34:23 "POST /collect HTTP/1.1" 200 -
06:34:23 "POST /collect HTTP/1.1" 200 -
06:34:23 "POST /collect HTTP/1.1" 200 -
06:34:23 "POST /collect HTTP/1.1" 200 -
06:34:23 "POST /collect HTTP/1.1" 200 -
06:34:23 "POST /collect HTTP/1.1" 200 -
06:34:23 "POST /collect HTTP/1.1" 200 -
06:34:23 "POST /collect HTTP/1.1" 200 -
06:34:24 "POST /collect HTTP/1.1" 200 -
06:34:24 "POST /collect HTTP/1.1" 200 -
06:34:24 "POST /collect HTTP/1.1" 200 -
06:34:24 "POST /collect HTTP/1.1" 200 -
06:34:24 "POST /collect HTTP/1.1" 200 -
06:34:24 "POST /collect HTTP/1.1" 200 -
06:34:24 "POST /collect HTTP/1.1" 200 -
06:34:24 "POST /collect HTTP/1.1" 200 -
06:34:24 "POST /collect HTTP/1.1" 200 -
06:34:24 "POST /collect HTTP/1.1" 200 -
06:34:24 "POST /collect HTTP/1.1" 200 -
06:34:24 "POST /collect HTTP/1.1" 200 -
06:34:24 "POST /collect HTTP/1.1" 200 -
06:34:24 "POST /collect HTTP/1.1" 200 -
06:34:24 "POST /collect HTTP/1.1" 200 -
06:34:25 "GET /roster HTTP/1.1" 200 -
06:34:25 "GET /roster HTTP/1.1" 200 -
06:34:25 "POST /collect HTTP/1.1" 200 -
06:34:25 "POST /collect HTTP/1.1" 200 -
06:34:25 "POST /collect HTTP/1.1" 200 -
06:34:25 "POST /collect HTTP/1.1" 200 -
06:34:25 "POST /collect HTTP/1.1" 200 -
06:34:25 "POST /collect HTTP/1.1" 200 -
06:34:25 "POST /collect HTTP/1.1" 200 -
06:34:25 "POST /collect HTTP/1.1" 200 -
06:34:25 "POST /collect HTTP/1.1" 200 -
06:34:25 "POST /collect HTTP/1.1" 200 -
06:34:25 "POST /collect HTTP/1.1" 200 -
06:34:26 "POST /collect HTTP/1.1" 200 -
06:34:26 "POST /collect HTTP/1.1" 200 -
06:34:26 "POST /collect HTTP/1.1" 200 -
06:34:26 "POST /collect HTTP/1.1" 200 -
06:34:26 "POST /collect HTTP/1.1" 200 -
06:34:26 "POST /collect HTTP/1.1" 200 -
06:34:26 "POST /collect HTTP/1.1" 200 -
06:34:26 "POST /collect HTTP/1.1" 200 -
06:34:26 "POST /collect HTTP/1.1" 200 -
06:34:26 "POST /collect HTTP/1.1" 200 -
06:34:26 "POST /collect HTTP/1.1" 200 -
06:34:26 "POST /collect HTTP/1.1" 200 -
06:34:26 "POST /collect HTTP/1.1" 200 -
06:34:26 "POST /collect HTTP/1.1" 200 -
06:34:26 "POST /collect HTTP/1.1" 200 -
06:34:26 "POST /collect HTTP/1.1" 200 -
06:34:26 "POST /collect HTTP/1.1" 200 -
06:34:26 "POST /collect HTTP/1.1" 200 -
06:34:26 "POST /collect HTTP/1.1" 200 -
06:34:26 "POST /collect HTTP/1.1" 200 -
06:34:26 "POST /collect HTTP/1.1" 200 -
06:34:26 "POST /collect HTTP/1.1" 200 -
06:34:26 "POST /collect HTTP/1.1" 200 -
06:34:26 "POST /collect HTTP/1.1" 200 -
06:34:26 "POST /collect HTTP/1.1" 200 -
06:34:26 "POST /collect HTTP/1.1" 200 -
06:34:26 "POST /collect HTTP/1.1" 200 -
06:34:26 "POST /collect HTTP/1.1" 200 -
06:34:26 "POST /collect HTTP/1.1" 200 -
06:34:26 "POST /collect HTTP/1.1" 200 -
06:34:26 "POST /collect HTTP/1.1" 200 -
06:34:26 "POST /collect HTTP/1.1" 200 -
06:34:26 "POST /collect HTTP/1.1" 200 -
06:34:26 "POST /collect HTTP/1.1" 200 -
06:34:27 "POST /collect HTTP/1.1" 200 -
06:34:27 "POST /collect HTTP/1.1" 200 -
06:34:27 "GET /roster HTTP/1.1" 200 -
06:34:27 "POST /collect HTTP/1.1" 200 -
06:34:27 "GET /roster HTTP/1.1" 200 -
06:34:27 "POST /collect HTTP/1.1" 200 -
06:34:27 "POST /collect HTTP/1.1" 200 -
06:34:27 "POST /collect HTTP/1.1" 200 -
06:34:27 "POST /collect HTTP/1.1" 200 -
06:34:27 "POST /collect HTTP/1.1" 200 -
06:34:27 "POST /collect HTTP/1.1" 200 -
06:34:27 "POST /collect HTTP/1.1" 200 -
06:34:27 "POST /collect HTTP/1.1" 200 -
06:34:27 "POST /collect HTTP/1.1" 200 -
06:34:27 "POST /collect HTTP/1.1" 200 -
06:34:27 "POST /collect HTTP/1.1" 200 -
06:34:27 "POST /collect HTTP/1.1" 200 -
06:34:27 "POST /collect HTTP/1.1" 200 -
06:34:27 "POST /collect HTTP/1.1" 200 -
06:34:28 "POST /collect HTTP/1.1" 200 -
06:34:28 "POST /collect HTTP/1.1" 200 -
06:34:28 "POST /collect HTTP/1.1" 200 -
06:34:28 "POST /collect HTTP/1.1" 200 -
06:34:28 "POST /collect HTTP/1.1" 200 -
06:34:28 "POST /collect HTTP/1.1" 200 -
06:34:28 "POST /collect HTTP/1.1" 200 -
06:34:28 "POST /collect HTTP/1.1" 200 -
06:34:28 "POST /collect HTTP/1.1" 200 -
06:34:28 "POST /collect HTTP/1.1" 200 -
06:34:29 "POST /collect HTTP/1.1" 200 -
06:34:29 "POST /collect HTTP/1.1" 200 -
06:34:29 "POST /collect HTTP/1.1" 200 -
06:34:29 "POST /collect HTTP/1.1" 200 -
06:34:29 "POST /collect HTTP/1.1" 200 -
06:34:29 "POST /collect HTTP/1.1" 200 -
06:34:29 "POST /collect HTTP/1.1" 200 -
06:34:29 "POST /collect HTTP/1.1" 200 -
06:34:29 "POST /collect HTTP/1.1" 200 -
06:34:29 "POST /collect HTTP/1.1" 200 -
06:34:29 "POST /collect HTTP/1.1" 200 -
06:34:29 "POST /collect HTTP/1.1" 200 -
06:34:29 "POST /collect HTTP/1.1" 200 -
06:34:29 "GET /roster HTTP/1.1" 200 -
06:34:29 "POST /collect HTTP/1.1" 200 -
06:34:29 "POST /collect HTTP/1.1" 200 -
06:34:29 "POST /collect HTTP/1.1" 200 -
06:34:29 "POST /collect HTTP/1.1" 200 -
06:34:29 "POST /collect HTTP/1.1" 200 -
06:34:29 "POST /collect HTTP/1.1" 200 -
06:34:29 "POST /collect HTTP/1.1" 200 -
06:34:29 "POST /collect HTTP/1.1" 200 -
06:34:29 "POST /collect HTTP/1.1" 200 -
06:34:29 "GET /roster HTTP/1.1" 200 -
06:34:29 "POST /collect HTTP/1.1" 200 -
06:34:29 "POST /collect HTTP/1.1" 200 -
06:34:29 "POST /collect HTTP/1.1" 200 -
06:34:29 "POST /collect HTTP/1.1" 200 -
06:34:29 "POST /collect HTTP/1.1" 200 -
06:34:29 "POST /collect HTTP/1.1" 200 -
06:34:29 "POST /collect HTTP/1.1" 200 -
06:34:29 "POST /collect HTTP/1.1" 200 -
06:34:29 "POST /collect HTTP/1.1" 200 -
06:34:29 "POST /collect HTTP/1.1" 200 -
06:34:29 "POST /collect HTTP/1.1" 200 -
06:34:29 "POST /collect HTTP/1.1" 200 -
06:34:29 "POST /collect HTTP/1.1" 200 -
06:34:29 "POST /collect HTTP/1.1" 200 -
06:34:30 "POST /collect HTTP/1.1" 200 -
06:34:30 "POST /collect HTTP/1.1" 200 -
06:34:30 "POST /collect HTTP/1.1" 200 -
06:34:30 "POST /collect HTTP/1.1" 200 -
06:34:30 "POST /collect HTTP/1.1" 200 -
06:34:30 "POST /collect HTTP/1.1" 200 -
06:34:30 "POST /collect HTTP/1.1" 200 -
06:34:30 "POST /collect HTTP/1.1" 200 -
06:34:30 "POST /collect HTTP/1.1" 200 -
06:34:30 "POST /collect HTTP/1.1" 200 -
06:34:30 "POST /collect HTTP/1.1" 200 -
06:34:30 "POST /collect HTTP/1.1" 200 -
06:34:30 "POST /collect HTTP/1.1" 200 -
06:34:30 "POST /collect HTTP/1.1" 200 -
06:34:30 "POST /collect HTTP/1.1" 200 -
06:34:31 "GET /roster HTTP/1.1" 200 -
06:34:31 "GET /roster HTTP/1.1" 200 -
06:34:31 "POST /collect HTTP/1.1" 200 -
06:34:31 "POST /collect HTTP/1.1" 200 -
06:34:31 "POST /collect HTTP/1.1" 200 -
06:34:31 "POST /collect HTTP/1.1" 200 -
06:34:31 "POST /collect HTTP/1.1" 200 -
06:34:31 "POST /collect HTTP/1.1" 200 -
06:34:31 "POST /collect HTTP/1.1" 200 -
06:34:31 "POST /collect HTTP/1.1" 200 -
06:34:31 "POST /collect HTTP/1.1" 200 -
06:34:31 "POST /collect HTTP/1.1" 200 -
06:34:31 "POST /collect HTTP/1.1" 200 -
06:34:32 "POST /collect HTTP/1.1" 200 -
06:34:32 "POST /collect HTTP/1.1" 200 -
06:34:32 "POST /collect HTTP/1.1" 200 -
06:34:32 "POST /collect HTTP/1.1" 200 -
06:34:32 "POST /collect HTTP/1.1" 200 -
06:34:32 "POST /collect HTTP/1.1" 200 -
06:34:32 "POST /collect HTTP/1.1" 200 -
06:34:32 "POST /collect HTTP/1.1" 200 -
06:34:32 "POST /collect HTTP/1.1" 200 -
06:34:32 "POST /collect HTTP/1.1" 200 -
06:34:32 "POST /collect HTTP/1.1" 200 -
06:34:32 "POST /collect HTTP/1.1" 200 -
06:34:32 "POST /collect HTTP/1.1" 200 -
06:34:32 "POST /collect HTTP/1.1" 200 -
06:34:32 "POST /collect HTTP/1.1" 200 -
06:34:32 "POST /collect HTTP/1.1" 200 -
06:34:32 "POST /collect HTTP/1.1" 200 -
06:34:32 "POST /collect HTTP/1.1" 200 -
06:34:32 "POST /collect HTTP/1.1" 200 -
06:34:32 "POST /collect HTTP/1.1" 200 -
06:34:32 "POST /collect HTTP/1.1" 200 -
06:34:32 "POST /collect HTTP/1.1" 200 -
06:34:32 "POST /collect HTTP/1.1" 200 -
06:34:32 "POST /collect HTTP/1.1" 200 -
06:34:32 "POST /collect HTTP/1.1" 200 -
06:34:32 "POST /collect HTTP/1.1" 200 -
06:34:32 "POST /collect HTTP/1.1" 200 -
06:34:32 "POST /collect HTTP/1.1" 200 -
06:34:32 "POST /collect HTTP/1.1" 200 -
06:34:32 "POST /collect HTTP/1.1" 200 -
06:34:32 "POST /collect HTTP/1.1" 200 -
06:34:32 "POST /collect HTTP/1.1" 200 -
06:34:32 "POST /collect HTTP/1.1" 200 -
06:34:32 "POST /collect HTTP/1.1" 200 -
06:34:33 "POST /collect HTTP/1.1" 200 -
06:34:33 "POST /collect HTTP/1.1" 200 -
06:34:33 "POST /collect HTTP/1.1" 200 -
06:34:33 "GET /roster HTTP/1.1" 200 -
06:34:33 "GET /roster HTTP/1.1" 200 -
06:34:33 "POST /collect HTTP/1.1" 200 -
06:34:33 "POST /collect HTTP/1.1" 200 -
06:34:33 "POST /collect HTTP/1.1" 200 -
06:34:33 "POST /collect HTTP/1.1" 200 -
06:34:33 "POST /collect HTTP/1.1" 200 -
06:34:33 "POST /collect HTTP/1.1" 200 -
06:34:33 "POST /collect HTTP/1.1" 200 -
06:34:33 "POST /collect HTTP/1.1" 200 -
06:34:33 "POST /collect HTTP/1.1" 200 -
06:34:33 "POST /collect HTTP/1.1" 200 -
06:34:33 "POST /collect HTTP/1.1" 200 -
06:34:33 "POST /collect HTTP/1.1" 200 -
06:34:33 "POST /collect HTTP/1.1" 200 -
06:34:33 "POST /collect HTTP/1.1" 200 -
06:34:34 "POST /collect HTTP/1.1" 200 -
06:34:34 "POST /collect HTTP/1.1" 200 -
06:34:34 "POST /collect HTTP/1.1" 200 -
06:34:34 "POST /collect HTTP/1.1" 200 -
06:34:34 "POST /collect HTTP/1.1" 200 -
06:34:34 "POST /collect HTTP/1.1" 200 -
06:34:34 "POST /collect HTTP/1.1" 200 -
06:34:34 "POST /collect HTTP/1.1" 200 -
06:34:34 "POST /collect HTTP/1.1" 200 -
06:34:35 "POST /collect HTTP/1.1" 200 -
06:34:35 "POST /collect HTTP/1.1" 200 -
06:34:35 "POST /collect HTTP/1.1" 200 -
06:34:35 "POST /collect HTTP/1.1" 200 -
06:34:35 "POST /collect HTTP/1.1" 200 -
06:34:35 "POST /collect HTTP/1.1" 200 -
06:34:35 "POST /collect HTTP/1.1" 200 -
06:34:35 "POST /collect HTTP/1.1" 200 -
06:34:35 "POST /collect HTTP/1.1" 200 -
06:34:35 "POST /collect HTTP/1.1" 200 -
06:34:35 "POST /collect HTTP/1.1" 200 -
06:34:35 "POST /collect HTTP/1.1" 200 -
06:34:35 "POST /collect HTTP/1.1" 200 -
06:34:35 "POST /collect HTTP/1.1" 200 -
06:34:35 "POST /collect HTTP/1.1" 200 -
06:34:35 "POST /collect HTTP/1.1" 200 -
06:34:35 "GET /roster HTTP/1.1" 200 -
06:34:35 "POST /collect HTTP/1.1" 200 -
06:34:35 "POST /collect HTTP/1.1" 200 -
06:34:35 "POST /collect HTTP/1.1" 200 -
06:34:35 "POST /collect HTTP/1.1" 200 -
06:34:35 "POST /collect HTTP/1.1" 200 -
06:34:35 "POST /collect HTTP/1.1" 200 -
06:34:35 "GET /roster HTTP/1.1" 200 -
06:34:35 "POST /collect HTTP/1.1" 200 -
06:34:35 "POST /collect HTTP/1.1" 200 -
06:34:35 "POST /collect HTTP/1.1" 200 -
06:34:35 "POST /collect HTTP/1.1" 200 -
06:34:35 "POST /collect HTTP/1.1" 200 -
06:34:35 "POST /collect HTTP/1.1" 200 -
06:34:35 "POST /collect HTTP/1.1" 200 -
06:34:35 "POST /collect HTTP/1.1" 200 -
06:34:35 "POST /collect HTTP/1.1" 200 -
06:34:35 "POST /collect HTTP/1.1" 200 -
06:34:35 "POST /collect HTTP/1.1" 200 -
06:34:35 "POST /collect HTTP/1.1" 200 -
06:34:35 "POST /collect HTTP/1.1" 200 -
06:34:35 "POST /collect HTTP/1.1" 200 -
06:34:36 "POST /collect HTTP/1.1" 200 -
06:34:36 "POST /collect HTTP/1.1" 200 -
06:34:36 "POST /collect HTTP/1.1" 200 -
06:34:36 "POST /collect HTTP/1.1" 200 -
06:34:36 "POST /collect HTTP/1.1" 200 -
06:34:36 "POST /collect HTTP/1.1" 200 -
06:34:36 "POST /collect HTTP/1.1" 200 -
06:34:36 "POST /collect HTTP/1.1" 200 -
06:34:36 "POST /collect HTTP/1.1" 200 -
06:34:36 "POST /collect HTTP/1.1" 200 -
06:34:36 "POST /collect HTTP/1.1" 200 -
06:34:36 "POST /collect HTTP/1.1" 200 -
06:34:36 "POST /collect HTTP/1.1" 200 -
06:34:36 "POST /collect HTTP/1.1" 200 -
06:34:36 "POST /collect HTTP/1.1" 200 -
06:34:37 "GET /roster HTTP/1.1" 200 -
06:34:37 "GET /roster HTTP/1.1" 200 -
06:34:37 "POST /collect HTTP/1.1" 200 -
06:34:37 "POST /collect HTTP/1.1" 200 -
06:34:37 "POST /collect HTTP/1.1" 200 -
06:34:37 "POST /collect HTTP/1.1" 200 -
06:34:37 "POST /collect HTTP/1.1" 200 -
06:34:37 "POST /collect HTTP/1.1" 200 -
06:34:37 "POST /collect HTTP/1.1" 200 -
06:34:37 "POST /collect HTTP/1.1" 200 -
06:34:37 "POST /collect HTTP/1.1" 200 -
06:34:37 "POST /collect HTTP/1.1" 200 -
06:34:37 "POST /collect HTTP/1.1" 200 -
06:34:38 "POST /collect HTTP/1.1" 200 -
06:34:38 "POST /collect HTTP/1.1" 200 -
06:34:38 "POST /collect HTTP/1.1" 200 -
06:34:38 "POST /collect HTTP/1.1" 200 -
06:34:38 "POST /collect HTTP/1.1" 200 -
06:34:38 "POST /collect HTTP/1.1" 200 -
06:34:38 "POST /collect HTTP/1.1" 200 -
06:34:38 "POST /collect HTTP/1.1" 200 -
06:34:38 "POST /collect HTTP/1.1" 200 -
06:34:38 "POST /collect HTTP/1.1" 200 -
06:34:38 "POST /collect HTTP/1.1" 200 -
06:34:38 "POST /collect HTTP/1.1" 200 -
06:34:38 "POST /collect HTTP/1.1" 200 -
06:34:38 "POST /collect HTTP/1.1" 200 -
06:34:38 "POST /collect HTTP/1.1" 200 -
06:34:38 "POST /collect HTTP/1.1" 200 -
06:34:38 "POST /collect HTTP/1.1" 200 -
06:34:38 "POST /collect HTTP/1.1" 200 -
06:34:38 "POST /collect HTTP/1.1" 200 -
06:34:38 "POST /collect HTTP/1.1" 200 -
06:34:38 "POST /collect HTTP/1.1" 200 -
06:34:38 "POST /collect HTTP/1.1" 200 -
06:34:38 "POST /collect HTTP/1.1" 200 -
06:34:38 "POST /collect HTTP/1.1" 200 -
06:34:38 "POST /collect HTTP/1.1" 200 -
06:34:38 "POST /collect HTTP/1.1" 200 -
06:34:38 "POST /collect HTTP/1.1" 200 -
06:34:38 "POST /collect HTTP/1.1" 200 -
06:34:38 "POST /collect HTTP/1.1" 200 -
06:34:38 "POST /collect HTTP/1.1" 200 -
06:34:38 "POST /collect HTTP/1.1" 200 -
06:34:38 "POST /collect HTTP/1.1" 200 -
06:34:38 "POST /collect HTTP/1.1" 200 -
06:34:38 "POST /collect HTTP/1.1" 200 -
06:34:39 "POST /collect HTTP/1.1" 200 -
06:34:39 "POST /collect HTTP/1.1" 200 -
06:34:39 "POST /collect HTTP/1.1" 200 -
06:34:39 "GET /roster HTTP/1.1" 200 -
06:34:39 "GET /roster HTTP/1.1" 200 -
06:34:39 "POST /collect HTTP/1.1" 200 -
06:34:39 "POST /collect HTTP/1.1" 200 -
06:34:39 "POST /collect HTTP/1.1" 200 -
06:34:39 "POST /collect HTTP/1.1" 200 -
06:34:39 "POST /collect HTTP/1.1" 200 -
06:34:39 "POST /collect HTTP/1.1" 200 -
06:34:39 "POST /collect HTTP/1.1" 200 -
06:34:39 "POST /collect HTTP/1.1" 200 -
06:34:39 "POST /collect HTTP/1.1" 200 -
06:34:39 "POST /collect HTTP/1.1" 200 -
06:34:39 "POST /collect HTTP/1.1" 200 -
06:34:39 "POST /collect HTTP/1.1" 200 -
06:34:39 "POST /collect HTTP/1.1" 200 -
06:34:39 "POST /collect HTTP/1.1" 200 -
06:34:40 "POST /collect HTTP/1.1" 200 -
06:34:40 "POST /collect HTTP/1.1" 200 -
06:34:40 "POST /collect HTTP/1.1" 200 -
06:34:40 "POST /collect HTTP/1.1" 200 -
06:34:40 "POST /collect HTTP/1.1" 200 -
06:34:40 "POST /collect HTTP/1.1" 200 -
06:34:40 "POST /collect HTTP/1.1" 200 -
06:34:40 "POST /collect HTTP/1.1" 200 -
06:34:40 "POST /collect HTTP/1.1" 200 -
06:34:41 "POST /collect HTTP/1.1" 200 -
06:34:41 "POST /collect HTTP/1.1" 200 -
06:34:41 "POST /collect HTTP/1.1" 200 -
06:34:41 "POST /collect HTTP/1.1" 200 -
06:34:41 "POST /collect HTTP/1.1" 200 -
06:34:41 "POST /collect HTTP/1.1" 200 -
06:34:41 "POST /collect HTTP/1.1" 200 -
06:34:41 "POST /collect HTTP/1.1" 200 -
06:34:41 "POST /collect HTTP/1.1" 200 -
06:34:41 "POST /collect HTTP/1.1" 200 -
06:34:41 "POST /collect HTTP/1.1" 200 -
06:34:41 "POST /collect HTTP/1.1" 200 -
06:34:41 "POST /collect HTTP/1.1" 200 -
06:34:41 "POST /collect HTTP/1.1" 200 -
06:34:41 "POST /collect HTTP/1.1" 200 -
06:34:41 "POST /collect HTTP/1.1" 200 -
06:34:41 "POST /collect HTTP/1.1" 200 -
06:34:41 "POST /collect HTTP/1.1" 200 -
06:34:41 "POST /collect HTTP/1.1" 200 -
06:34:41 "POST /collect HTTP/1.1" 200 -
06:34:41 "POST /collect HTTP/1.1" 200 -
06:34:41 "POST /collect HTTP/1.1" 200 -
06:34:41 "GET /roster HTTP/1.1" 200 -
06:34:41 "GET /roster HTTP/1.1" 200 -
06:34:41 "POST /collect HTTP/1.1" 200 -
06:34:41 "POST /collect HTTP/1.1" 200 -
06:34:41 "POST /collect HTTP/1.1" 200 -
06:34:41 "POST /collect HTTP/1.1" 200 -
06:34:41 "POST /collect HTTP/1.1" 200 -
06:34:41 "POST /collect HTTP/1.1" 200 -
06:34:41 "POST /collect HTTP/1.1" 200 -
06:34:41 "POST /collect HTTP/1.1" 200 -
06:34:41 "POST /collect HTTP/1.1" 200 -
06:34:41 "POST /collect HTTP/1.1" 200 -
06:34:41 "POST /collect HTTP/1.1" 200 -
06:34:41 "POST /collect HTTP/1.1" 200 -
06:34:41 "POST /collect HTTP/1.1" 200 -
06:34:41 "POST /collect HTTP/1.1" 200 -
06:34:42 "POST /collect HTTP/1.1" 200 -
06:34:42 "POST /collect HTTP/1.1" 200 -
06:34:42 "POST /collect HTTP/1.1" 200 -
06:34:42 "POST /collect HTTP/1.1" 200 -
06:34:42 "POST /collect HTTP/1.1" 200 -
06:34:42 "POST /collect HTTP/1.1" 200 -
06:34:42 "POST /collect HTTP/1.1" 200 -
06:34:42 "POST /collect HTTP/1.1" 200 -
06:34:42 "POST /collect HTTP/1.1" 200 -
06:34:42 "POST /collect HTTP/1.1" 200 -
06:34:42 "POST /collect HTTP/1.1" 200 -
06:34:42 "POST /collect HTTP/1.1" 200 -
06:34:42 "POST /collect HTTP/1.1" 200 -
06:34:42 "POST /collect HTTP/1.1" 200 -
06:34:42 "POST /collect HTTP/1.1" 200 -
06:34:43 "GET /roster HTTP/1.1" 200 -
06:34:43 "GET /roster HTTP/1.1" 200 -
06:34:43 "POST /collect HTTP/1.1" 200 -
06:34:43 "POST /collect HTTP/1.1" 200 -
06:34:43 "POST /collect HTTP/1.1" 200 -
06:34:43 "POST /collect HTTP/1.1" 200 -
06:34:43 "POST /collect HTTP/1.1" 200 -
06:34:43 "POST /collect HTTP/1.1" 200 -
06:34:43 "POST /collect HTTP/1.1" 200 -
06:34:43 "POST /collect HTTP/1.1" 200 -
06:34:43 "POST /collect HTTP/1.1" 200 -
06:34:43 "POST /collect HTTP/1.1" 200 -
06:34:43 "POST /collect HTTP/1.1" 200 -
06:34:43 "POST /collect HTTP/1.1" 200 -
06:34:44 "POST /collect HTTP/1.1" 200 -
06:34:44 "POST /collect HTTP/1.1" 200 -
06:34:44 "POST /collect HTTP/1.1" 200 -
06:34:44 "POST /collect HTTP/1.1" 200 -
06:34:44 "POST /collect HTTP/1.1" 200 -
06:34:44 "POST /collect HTTP/1.1" 200 -
06:34:44 "POST /collect HTTP/1.1" 200 -
06:34:44 "POST /collect HTTP/1.1" 200 -
06:34:44 "POST /collect HTTP/1.1" 200 -
06:34:44 "POST /collect HTTP/1.1" 200 -
06:34:44 "POST /collect HTTP/1.1" 200 -
06:34:44 "POST /collect HTTP/1.1" 200 -
06:34:44 "POST /collect HTTP/1.1" 200 -
06:34:44 "POST /collect HTTP/1.1" 200 -
06:34:44 "POST /collect HTTP/1.1" 200 -
06:34:44 "POST /collect HTTP/1.1" 200 -
06:34:44 "POST /collect HTTP/1.1" 200 -
06:34:44 "POST /collect HTTP/1.1" 200 -
06:34:44 "POST /collect HTTP/1.1" 200 -
06:34:44 "POST /collect HTTP/1.1" 200 -
06:34:44 "POST /collect HTTP/1.1" 200 -
06:34:44 "POST /collect HTTP/1.1" 200 -
06:34:44 "POST /collect HTTP/1.1" 200 -
06:34:44 "POST /collect HTTP/1.1" 200 -
06:34:44 "POST /collect HTTP/1.1" 200 -
06:34:44 "POST /collect HTTP/1.1" 200 -
06:34:44 "POST /collect HTTP/1.1" 200 -
06:34:44 "POST /collect HTTP/1.1" 200 -
06:34:44 "POST /collect HTTP/1.1" 200 -
06:34:44 "POST /collect HTTP/1.1" 200 -
06:34:44 "POST /collect HTTP/1.1" 200 -
06:34:44 "POST /collect HTTP/1.1" 200 -
06:34:44 "POST /collect HTTP/1.1" 200 -
06:34:44 "POST /collect HTTP/1.1" 200 -
06:34:45 "POST /collect HTTP/1.1" 200 -
06:34:45 "POST /collect HTTP/1.1" 200 -
06:34:45 "POST /collect HTTP/1.1" 200 -
06:34:45 "GET /roster HTTP/1.1" 200 -
06:34:45 "POST /collect HTTP/1.1" 200 -
06:34:45 "GET /roster HTTP/1.1" 200 -
06:34:45 "POST /collect HTTP/1.1" 200 -
06:34:45 "POST /collect HTTP/1.1" 200 -
06:34:45 "POST /collect HTTP/1.1" 200 -
06:34:45 "POST /collect HTTP/1.1" 200 -
06:34:45 "POST /collect HTTP/1.1" 200 -
06:34:45 "POST /collect HTTP/1.1" 200 -
06:34:45 "POST /collect HTTP/1.1" 200 -
06:34:45 "POST /collect HTTP/1.1" 200 -
06:34:45 "POST /collect HTTP/1.1" 200 -
06:34:45 "POST /collect HTTP/1.1" 200 -
06:34:45 "POST /collect HTTP/1.1" 200 -
06:34:45 "POST /collect HTTP/1.1" 200 -
06:34:45 "POST /collect HTTP/1.1" 200 -
06:34:46 "POST /collect HTTP/1.1" 200 -
06:34:46 "POST /collect HTTP/1.1" 200 -
06:34:46 "POST /collect HTTP/1.1" 200 -
06:34:46 "POST /collect HTTP/1.1" 200 -
06:34:46 "POST /collect HTTP/1.1" 200 -
06:34:46 "POST /collect HTTP/1.1" 200 -
06:34:46 "POST /collect HTTP/1.1" 200 -
06:34:46 "POST /collect HTTP/1.1" 200 -
06:34:46 "POST /collect HTTP/1.1" 200 -
06:34:47 "POST /collect HTTP/1.1" 200 -
06:34:47 "POST /collect HTTP/1.1" 200 -
06:34:47 "POST /collect HTTP/1.1" 200 -
06:34:47 "POST /collect HTTP/1.1" 200 -
06:34:47 "POST /collect HTTP/1.1" 200 -
06:34:47 "POST /collect HTTP/1.1" 200 -
06:34:47 "POST /collect HTTP/1.1" 200 -
06:34:47 "POST /collect HTTP/1.1" 200 -
06:34:47 "POST /collect HTTP/1.1" 200 -
06:34:47 "POST /collect HTTP/1.1" 200 -
06:34:47 "POST /collect HTTP/1.1" 200 -
06:34:47 "POST /collect HTTP/1.1" 200 -
06:34:47 "POST /collect HTTP/1.1" 200 -
06:34:47 "POST /collect HTTP/1.1" 200 -
06:34:47 "POST /collect HTTP/1.1" 200 -
06:34:47 "POST /collect HTTP/1.1" 200 -
06:34:47 "POST /collect HTTP/1.1" 200 -
06:34:47 "GET /roster HTTP/1.1" 200 -
06:34:47 "POST /collect HTTP/1.1" 200 -
06:34:47 "POST /collect HTTP/1.1" 200 -
06:34:47 "POST /collect HTTP/1.1" 200 -
06:34:47 "POST /collect HTTP/1.1" 200 -
06:34:47 "POST /collect HTTP/1.1" 200 -
06:34:47 "POST /collect HTTP/1.1" 200 -
06:34:47 "GET /roster HTTP/1.1" 200 -
06:34:47 "POST /collect HTTP/1.1" 200 -
06:34:47 "POST /collect HTTP/1.1" 200 -
06:34:47 "POST /collect HTTP/1.1" 200 -
06:34:47 "POST /collect HTTP/1.1" 200 -
06:34:47 "POST /collect HTTP/1.1" 200 -
06:34:47 "POST /collect HTTP/1.1" 200 -
06:34:47 "POST /collect HTTP/1.1" 200 -
06:34:47 "POST /collect HTTP/1.1" 200 -
06:34:47 "POST /collect HTTP/1.1" 200 -
06:34:47 "POST /collect HTTP/1.1" 200 -
06:34:47 "POST /collect HTTP/1.1" 200 -
06:34:47 "POST /collect HTTP/1.1" 200 -
06:34:47 "POST /collect HTTP/1.1" 200 -
06:34:48 "POST /collect HTTP/1.1" 200 -
06:34:48 "POST /collect HTTP/1.1" 200 -
06:34:48 "POST /collect HTTP/1.1" 200 -
06:34:48 "POST /collect HTTP/1.1" 200 -
06:34:48 "POST /collect HTTP/1.1" 200 -
06:34:48 "POST /collect HTTP/1.1" 200 -
06:34:48 "POST /collect HTTP/1.1" 200 -
06:34:48 "POST /collect HTTP/1.1" 200 -
06:34:48 "POST /collect HTTP/1.1" 200 -
06:34:48 "POST /collect HTTP/1.1" 200 -
06:34:48 "POST /collect HTTP/1.1" 200 -
06:34:48 "POST /collect HTTP/1.1" 200 -
06:34:48 "POST /collect HTTP/1.1" 200 -
06:34:48 "POST /collect HTTP/1.1" 200 -
06:34:48 "POST /collect HTTP/1.1" 200 -
06:34:49 "GET /roster HTTP/1.1" 200 -
06:34:49 "GET /roster HTTP/1.1" 200 -
06:34:49 "POST /collect HTTP/1.1" 200 -
06:34:49 "POST /collect HTTP/1.1" 200 -
06:34:49 "POST /collect HTTP/1.1" 200 -
06:34:49 "POST /collect HTTP/1.1" 200 -
06:34:49 "POST /collect HTTP/1.1" 200 -
06:34:49 "POST /collect HTTP/1.1" 200 -
06:34:49 "POST /collect HTTP/1.1" 200 -
06:34:49 "POST /collect HTTP/1.1" 200 -
06:34:49 "POST /collect HTTP/1.1" 200 -
06:34:49 "POST /collect HTTP/1.1" 200 -
06:34:49 "POST /collect HTTP/1.1" 200 -
06:34:50 "POST /collect HTTP/1.1" 200 -
06:34:50 "POST /collect HTTP/1.1" 200 -
06:34:50 "POST /collect HTTP/1.1" 200 -
06:34:50 "POST /collect HTTP/1.1" 200 -
06:34:50 "POST /collect HTTP/1.1" 200 -
06:34:50 "POST /collect HTTP/1.1" 200 -
06:34:50 "POST /collect HTTP/1.1" 200 -
06:34:50 "POST /collect HTTP/1.1" 200 -
06:34:50 "POST /collect HTTP/1.1" 200 -
06:34:50 "POST /collect HTTP/1.1" 200 -
06:34:50 "POST /collect HTTP/1.1" 200 -
06:34:50 "POST /collect HTTP/1.1" 200 -
06:34:50 "POST /collect HTTP/1.1" 200 -
06:34:50 "POST /collect HTTP/1.1" 200 -
06:34:50 "POST /collect HTTP/1.1" 200 -
06:34:50 "POST /collect HTTP/1.1" 200 -
06:34:50 "POST /collect HTTP/1.1" 200 -
06:34:50 "POST /collect HTTP/1.1" 200 -
06:34:50 "POST /collect HTTP/1.1" 200 -
06:34:50 "POST /collect HTTP/1.1" 200 -
06:34:50 "POST /collect HTTP/1.1" 200 -
06:34:50 "POST /collect HTTP/1.1" 200 -
06:34:50 "POST /collect HTTP/1.1" 200 -
06:34:50 "POST /collect HTTP/1.1" 200 -
06:34:50 "POST /collect HTTP/1.1" 200 -
06:34:50 "POST /collect HTTP/1.1" 200 -
06:34:50 "POST /collect HTTP/1.1" 200 -
06:34:50 "POST /collect HTTP/1.1" 200 -
06:34:50 "POST /collect HTTP/1.1" 200 -
06:34:50 "POST /collect HTTP/1.1" 200 -
06:34:50 "POST /collect HTTP/1.1" 200 -
06:34:50 "POST /collect HTTP/1.1" 200 -
06:34:50 "POST /collect HTTP/1.1" 200 -
06:34:50 "POST /collect HTTP/1.1" 200 -
06:34:51 "POST /collect HTTP/1.1" 200 -
06:34:51 "POST /collect HTTP/1.1" 200 -
06:34:51 "POST /collect HTTP/1.1" 200 -
06:34:51 "GET /roster HTTP/1.1" 200 -
06:34:51 "GET /roster HTTP/1.1" 200 -
06:34:51 "POST /collect HTTP/1.1" 200 -
06:34:51 "POST /collect HTTP/1.1" 200 -
06:34:51 "POST /collect HTTP/1.1" 200 -
06:34:51 "POST /collect HTTP/1.1" 200 -
06:34:51 "POST /collect HTTP/1.1" 200 -
06:34:51 "POST /collect HTTP/1.1" 200 -
06:34:51 "POST /collect HTTP/1.1" 200 -
06:34:51 "POST /collect HTTP/1.1" 200 -
06:34:51 "POST /collect HTTP/1.1" 200 -
06:34:51 "POST /collect HTTP/1.1" 200 -
06:34:51 "POST /collect HTTP/1.1" 200 -
06:34:51 "POST /collect HTTP/1.1" 200 -
06:34:51 "POST /collect HTTP/1.1" 200 -
06:34:51 "POST /collect HTTP/1.1" 200 -
06:34:52 "POST /collect HTTP/1.1" 200 -
06:34:52 "POST /collect HTTP/1.1" 200 -
06:34:52 "POST /collect HTTP/1.1" 200 -
06:34:52 "POST /collect HTTP/1.1" 200 -
06:34:52 "POST /collect HTTP/1.1" 200 -
06:34:52 "POST /collect HTTP/1.1" 200 -
06:34:52 "POST /collect HTTP/1.1" 200 -
06:34:52 "POST /collect HTTP/1.1" 200 -
06:34:52 "POST /collect HTTP/1.1" 200 -
06:34:53 "POST /collect HTTP/1.1" 200 -
06:34:53 "POST /collect HTTP/1.1" 200 -
06:34:53 "POST /collect HTTP/1.1" 200 -
06:34:53 "POST /collect HTTP/1.1" 200 -
06:34:53 "POST /collect HTTP/1.1" 200 -
06:34:53 "POST /collect HTTP/1.1" 200 -
06:34:53 "POST /collect HTTP/1.1" 200 -
06:34:53 "POST /collect HTTP/1.1" 200 -
06:34:53 "POST /collect HTTP/1.1" 200 -
06:34:53 "POST /collect HTTP/1.1" 200 -
06:34:53 "POST /collect HTTP/1.1" 200 -
06:34:53 "POST /collect HTTP/1.1" 200 -
06:34:53 "POST /collect HTTP/1.1" 200 -
06:34:53 "POST /collect HTTP/1.1" 200 -
06:34:53 "POST /collect HTTP/1.1" 200 -
06:34:53 "POST /collect HTTP/1.1" 200 -
06:34:53 "POST /collect HTTP/1.1" 200 -
06:34:53 "POST /collect HTTP/1.1" 200 -
06:34:53 "POST /collect HTTP/1.1" 200 -
06:34:53 "POST /collect HTTP/1.1" 200 -
06:34:53 "POST /collect HTTP/1.1" 200 -
06:34:53 "GET /roster HTTP/1.1" 200 -
06:34:53 "POST /collect HTTP/1.1" 200 -
06:34:53 "GET /roster HTTP/1.1" 200 -
06:34:53 "POST /collect HTTP/1.1" 200 -
06:34:53 "POST /collect HTTP/1.1" 200 -
06:34:53 "POST /collect HTTP/1.1" 200 -
06:34:53 "POST /collect HTTP/1.1" 200 -
06:34:53 "POST /collect HTTP/1.1" 200 -
06:34:53 "POST /collect HTTP/1.1" 200 -
06:34:53 "POST /collect HTTP/1.1" 200 -
06:34:53 "POST /collect HTTP/1.1" 200 -
06:34:53 "POST /collect HTTP/1.1" 200 -
06:34:53 "POST /collect HTTP/1.1" 200 -
06:34:53 "POST /collect HTTP/1.1" 200 -
06:34:53 "POST /collect HTTP/1.1" 200 -
06:34:53 "POST /collect HTTP/1.1" 200 -
06:34:53 "POST /collect HTTP/1.1" 200 -
06:34:54 "POST /collect HTTP/1.1" 200 -
06:34:54 "POST /collect HTTP/1.1" 200 -
06:34:54 "POST /collect HTTP/1.1" 200 -
06:34:54 "POST /collect HTTP/1.1" 200 -
06:34:54 "POST /collect HTTP/1.1" 200 -
06:34:54 "POST /collect HTTP/1.1" 200 -
06:34:54 "POST /collect HTTP/1.1" 200 -
06:34:54 "POST /collect HTTP/1.1" 200 -
06:34:54 "POST /collect HTTP/1.1" 200 -
06:34:54 "POST /collect HTTP/1.1" 200 -
06:34:54 "POST /collect HTTP/1.1" 200 -
06:34:54 "POST /collect HTTP/1.1" 200 -
06:34:54 "POST /collect HTTP/1.1" 200 -
06:34:54 "POST /collect HTTP/1.1" 200 -
06:34:54 "POST /collect HTTP/1.1" 200 -
06:34:54 "POST /collect HTTP/1.1" 200 -
06:34:55 "GET /roster HTTP/1.1" 200 -
06:34:55 "GET /roster HTTP/1.1" 200 -
06:34:55 "POST /collect HTTP/1.1" 200 -
06:34:55 "POST /collect HTTP/1.1" 200 -
06:34:55 "POST /collect HTTP/1.1" 200 -
06:34:55 "POST /collect HTTP/1.1" 200 -
06:34:55 "POST /collect HTTP/1.1" 200 -
06:34:55 "POST /collect HTTP/1.1" 200 -
06:34:55 "POST /collect HTTP/1.1" 200 -
06:34:55 "POST /collect HTTP/1.1" 200 -
06:34:55 "POST /collect HTTP/1.1" 200 -
06:34:55 "POST /collect HTTP/1.1" 200 -
06:34:55 "POST /collect HTTP/1.1" 200 -
06:34:56 "POST /collect HTTP/1.1" 200 -
06:34:56 "POST /collect HTTP/1.1" 200 -
06:34:56 "POST /collect HTTP/1.1" 200 -
06:34:56 "POST /collect HTTP/1.1" 200 -
06:34:56 "POST /collect HTTP/1.1" 200 -
06:34:56 "POST /collect HTTP/1.1" 200 -
06:34:56 "POST /collect HTTP/1.1" 200 -
06:34:56 "POST /collect HTTP/1.1" 200 -
06:34:56 "POST /collect HTTP/1.1" 200 -
06:34:56 "POST /collect HTTP/1.1" 200 -
06:34:56 "POST /collect HTTP/1.1" 200 -
06:34:56 "POST /collect HTTP/1.1" 200 -
06:34:56 "POST /collect HTTP/1.1" 200 -
06:34:56 "POST /collect HTTP/1.1" 200 -
06:34:56 "POST /collect HTTP/1.1" 200 -
06:34:56 "POST /collect HTTP/1.1" 200 -
06:34:56 "POST /collect HTTP/1.1" 200 -
06:34:56 "POST /collect HTTP/1.1" 200 -
06:34:56 "POST /collect HTTP/1.1" 200 -
06:34:56 "POST /collect HTTP/1.1" 200 -
06:34:56 "POST /collect HTTP/1.1" 200 -
06:34:56 "POST /collect HTTP/1.1" 200 -
06:34:56 "POST /collect HTTP/1.1" 200 -
06:34:56 "POST /collect HTTP/1.1" 200 -
06:34:56 "POST /collect HTTP/1.1" 200 -
06:34:56 "POST /collect HTTP/1.1" 200 -
06:34:56 "POST /collect HTTP/1.1" 200 -
06:34:56 "POST /collect HTTP/1.1" 200 -
06:34:56 "POST /collect HTTP/1.1" 200 -
06:34:56 "POST /collect HTTP/1.1" 200 -
06:34:56 "POST /collect HTTP/1.1" 200 -
06:34:56 "POST /collect HTTP/1.1" 200 -
06:34:56 "POST /collect HTTP/1.1" 200 -
06:34:56 "POST /collect HTTP/1.1" 200 -
06:34:57 "POST /collect HTTP/1.1" 200 -
06:34:57 "POST /collect HTTP/1.1" 200 -
06:34:57 "POST /collect HTTP/1.1" 200 -
06:34:57 "POST /collect HTTP/1.1" 200 -
06:34:57 "POST /collect HTTP/1.1" 200 -
06:34:57 "POST /collect HTTP/1.1" 200 -
06:34:57 "POST /collect HTTP/1.1" 200 -
06:34:57 "POST /collect HTTP/1.1" 200 -
06:34:57 "POST /collect HTTP/1.1" 200 -
06:34:57 "POST /collect HTTP/1.1" 200 -
06:34:57 "POST /collect HTTP/1.1" 200 -
06:34:58 "POST /collect HTTP/1.1" 200 -
