m2m server on :8897, results -> /Users/s32863/personal/elektron/results/m2m-heavy-N54-confirm.jsonl, app 8c2a974b…
06:39:00 "GET /roster HTTP/1.1" 200 -
06:39:00 "POST /reset HTTP/1.1" 200 -
06:39:01 "GET /room.html?id=1&n=54&hold=1&cb=1787715541158&audio=1&mode=full&cls=probe HTTP/1.1" 200 -
06:39:01 code 404, message File not found
06:39:01 "GET /favicon.ico HTTP/1.1" 404 -
06:39:01 "GET /room.html?id=2&n=54&hold=1&cb=1787715541251&audio=1&mode=full&cls=probe HTTP/1.1" 200 -
06:39:01 "GET /room.html?id=A&n=54&hold=1&cb=1787715541336&audio=1&mode=pub&vw=320&vh=180&vfps=15&cls=light HTTP/1.1" 200 -
06:39:01 "GET /room.html?id=B&n=54&hold=1&cb=1787715541421&audio=1&mode=pub&vw=320&vh=180&vfps=15&cls=light HTTP/1.1" 200 -
06:39:01 "GET /room.html?id=C&n=54&hold=1&cb=1787715541504&audio=1&mode=pub&vw=320&vh=180&vfps=15&cls=light HTTP/1.1" 200 -
06:39:02 "GET /room.html?id=D&n=54&hold=1&cb=1787715542109&audio=1&mode=pub&vw=320&vh=180&vfps=15&cls=light HTTP/1.1" 200 -
06:39:02 code 404, message File not found
06:39:02 "GET /favicon.ico HTTP/1.1" 404 -
06:39:02 "GET /room.html?id=E&n=54&hold=1&cb=1787715542207&audio=1&mode=pub&vw=320&vh=180&vfps=15&cls=light HTTP/1.1" 200 -
06:39:02 "GET /room.html?id=F&n=54&hold=1&cb=1787715542292&audio=1&mode=pub&vw=320&vh=180&vfps=15&cls=light HTTP/1.1" 200 -
06:39:02 "GET /room.html?id=G&n=54&hold=1&cb=1787715542380&audio=1&mode=pub&vw=320&vh=180&vfps=15&cls=light HTTP/1.1" 200 -
06:39:02 "GET /room.html?id=H&n=54&hold=1&cb=1787715542463&audio=1&mode=pub&vw=320&vh=180&vfps=15&cls=light HTTP/1.1" 200 -
06:39:03 "GET /room.html?id=I&n=54&hold=1&cb=1787715543077&audio=1&mode=pub&vw=320&vh=180&vfps=15&cls=light HTTP/1.1" 200 -
06:39:03 code 404, message File not found
06:39:03 "GET /favicon.ico HTTP/1.1" 404 -
06:39:03 "GET /room.html?id=J&n=54&hold=1&cb=1787715543170&audio=1&mode=pub&vw=320&vh=180&vfps=15&cls=light HTTP/1.1" 200 -
06:39:03 "GET /room.html?id=K&n=54&hold=1&cb=1787715543257&audio=1&mode=pub&vw=320&vh=180&vfps=15&cls=light HTTP/1.1" 200 -
06:39:03 "GET /room.html?id=L&n=54&hold=1&cb=1787715543345&audio=1&mode=pub&vw=320&vh=180&vfps=15&cls=light HTTP/1.1" 200 -
06:39:03 "GET /room.html?id=M&n=54&hold=1&cb=1787715543432&audio=1&mode=pub&vw=320&vh=180&vfps=15&cls=light HTTP/1.1" 200 -
06:39:04 "GET /room.html?id=N&n=54&hold=1&cb=1787715544094&audio=1&mode=pub&vw=320&vh=180&vfps=15&cls=light HTTP/1.1" 200 -
06:39:04 code 404, message File not found
06:39:04 "GET /favicon.ico HTTP/1.1" 404 -
06:39:04 "GET /room.html?id=O&n=54&hold=1&cb=1787715544198&audio=1&mode=pub&vw=320&vh=180&vfps=15&cls=light HTTP/1.1" 200 -
06:39:04 "GET /room.html?id=P&n=54&hold=1&cb=1787715544285&audio=1&mode=pub&vw=320&vh=180&vfps=15&cls=light HTTP/1.1" 200 -
06:39:04 "GET /room.html?id=Q&n=54&hold=1&cb=1787715544375&audio=1&mode=pub&vw=320&vh=180&vfps=15&cls=light HTTP/1.1" 200 -
06:39:04 "GET /room.html?id=R&n=54&hold=1&cb=1787715544468&audio=1&mode=pub&vw=320&vh=180&vfps=15&cls=light HTTP/1.1" 200 -
06:39:05 "GET /room.html?id=S&n=54&hold=1&cb=1787715545111&audio=1&mode=pub&vw=320&vh=180&vfps=15&cls=light HTTP/1.1" 200 -
06:39:05 code 404, message File not found
06:39:05 "GET /favicon.ico HTTP/1.1" 404 -
06:39:05 "GET /room.html?id=T&n=54&hold=1&cb=1787715545215&audio=1&mode=pub&vw=320&vh=180&vfps=15&cls=light HTTP/1.1" 200 -
06:39:05 "GET /room.html?id=U&n=54&hold=1&cb=1787715545306&audio=1&mode=pub&vw=320&vh=180&vfps=15&cls=light HTTP/1.1" 200 -
06:39:05 "GET /room.html?id=V&n=54&hold=1&cb=1787715545395&audio=1&mode=pub&vw=320&vh=180&vfps=15&cls=light HTTP/1.1" 200 -
06:39:05 "GET /room.html?id=W&n=54&hold=1&cb=1787715545485&audio=1&mode=pub&vw=320&vh=180&vfps=15&cls=light HTTP/1.1" 200 -
06:39:06 "GET /room.html?id=X&n=54&hold=1&cb=1787715546145&audio=1&mode=pub&vw=320&vh=180&vfps=15&cls=light HTTP/1.1" 200 -
06:39:06 code 404, message File not found
06:39:06 "GET /favicon.ico HTTP/1.1" 404 -
06:39:06 "GET /room.html?id=Y&n=54&hold=1&cb=1787715546250&audio=1&mode=pub&vw=320&vh=180&vfps=15&cls=light HTTP/1.1" 200 -
06:39:06 "GET /room.html?id=Z&n=54&hold=1&cb=1787715546343&audio=1&mode=pub&vw=320&vh=180&vfps=15&cls=light HTTP/1.1" 200 -
06:39:06 "GET /room.html?id=a&n=54&hold=1&cb=1787715546434&audio=1&mode=pub&vw=320&vh=180&vfps=15&cls=light HTTP/1.1" 200 -
06:39:06 "GET /room.html?id=b&n=54&hold=1&cb=1787715546526&audio=1&mode=pub&vw=320&vh=180&vfps=15&cls=light HTTP/1.1" 200 -
06:39:07 "GET /room.html?id=c&n=54&hold=1&cb=1787715547238&audio=1&mode=pub&vw=320&vh=180&vfps=15&cls=light HTTP/1.1" 200 -
06:39:07 "GET /room.html?id=d&n=54&hold=1&cb=1787715547385&audio=1&mode=pub&vw=320&vh=180&vfps=15&cls=light HTTP/1.1" 200 -
06:39:07 code 404, message File not found
06:39:07 "GET /favicon.ico HTTP/1.1" 404 -
06:39:07 "GET /room.html?id=e&n=54&hold=1&cb=1787715547626&audio=1&mode=pub&vw=320&vh=180&vfps=15&cls=light HTTP/1.1" 200 -
06:39:07 "GET /room.html?id=f&n=54&hold=1&cb=1787715547720&audio=1&mode=pub&vw=320&vh=180&vfps=15&cls=light HTTP/1.1" 200 -
06:39:07 "GET /room.html?id=g&n=54&hold=1&cb=1787715547818&audio=1&mode=pub&vw=320&vh=180&vfps=15&cls=light HTTP/1.1" 200 -
06:39:08 "GET /room.html?id=h&n=54&hold=1&cb=1787715548514&audio=1&mode=pub&vw=320&vh=180&vfps=15&cls=light HTTP/1.1" 200 -
06:39:08 code 404, message File not found
06:39:08 "GET /favicon.ico HTTP/1.1" 404 -
06:39:08 "GET /room.html?id=i&n=54&hold=1&cb=1787715548620&audio=1&mode=pub&vw=320&vh=180&vfps=15&cls=light HTTP/1.1" 200 -
06:39:08 "GET /room.html?id=j&n=54&hold=1&cb=1787715548718&audio=1&mode=pub&vw=320&vh=180&vfps=15&cls=light HTTP/1.1" 200 -
06:39:08 "GET /room.html?id=k&n=54&hold=1&cb=1787715548812&audio=1&mode=pub&vw=320&vh=180&vfps=15&cls=light HTTP/1.1" 200 -
06:39:08 "GET /room.html?id=l&n=54&hold=1&cb=1787715548911&audio=1&mode=pub&vw=320&vh=180&vfps=15&cls=light HTTP/1.1" 200 -
06:39:09 "GET /room.html?id=m&n=54&hold=1&cb=1787715549616&audio=1&mode=pub&vw=320&vh=180&vfps=15&cls=light HTTP/1.1" 200 -
06:39:09 code 404, message File not found
06:39:09 "GET /favicon.ico HTTP/1.1" 404 -
06:39:09 "GET /room.html?id=n&n=54&hold=1&cb=1787715549728&audio=1&mode=pub&vw=320&vh=180&vfps=15&cls=light HTTP/1.1" 200 -
06:39:09 "GET /room.html?id=o&n=54&hold=1&cb=1787715549831&audio=1&mode=pub&vw=320&vh=180&vfps=15&cls=light HTTP/1.1" 200 -
06:39:09 "GET /room.html?id=p&n=54&hold=1&cb=1787715549958&audio=1&mode=pub&vw=320&vh=180&vfps=15&cls=light HTTP/1.1" 200 -
06:39:10 "GET /room.html?id=q&n=54&hold=1&cb=1787715550055&audio=1&mode=pub&vw=320&vh=180&vfps=15&cls=light HTTP/1.1" 200 -
06:39:10 "GET /room.html?id=r&n=54&hold=1&cb=1787715550807&audio=1&mode=pub&vw=320&vh=180&vfps=15&cls=light HTTP/1.1" 200 -
06:39:10 code 404, message File not found
06:39:10 "GET /favicon.ico HTTP/1.1" 404 -
06:39:10 "GET /room.html?id=s&n=54&hold=1&cb=1787715550926&audio=1&mode=pub&vw=320&vh=180&vfps=15&cls=light HTTP/1.1" 200 -
06:39:11 "GET /room.html?id=t&n=54&hold=1&cb=1787715551027&audio=1&mode=pub&vw=320&vh=180&vfps=15&cls=light HTTP/1.1" 200 -
06:39:11 "GET /room.html?id=u&n=54&hold=1&cb=1787715551130&audio=1&mode=pub&vw=320&vh=180&vfps=15&cls=light HTTP/1.1" 200 -
06:39:11 "GET /room.html?id=v&n=54&hold=1&cb=1787715551235&audio=1&mode=pub&vw=320&vh=180&vfps=15&cls=light HTTP/1.1" 200 -
06:39:11 "GET /room.html?id=w&n=54&hold=1&cb=1787715551940&audio=1&mode=pub&vw=320&vh=180&vfps=15&cls=light HTTP/1.1" 200 -
06:39:12 code 404, message File not found
06:39:12 "GET /favicon.ico HTTP/1.1" 404 -
06:39:12 "GET /room.html?id=x&n=54&hold=1&cb=1787715552058&audio=1&mode=pub&vw=320&vh=180&vfps=15&cls=light HTTP/1.1" 200 -
06:39:12 "GET /room.html?id=y&n=54&hold=1&cb=1787715552164&audio=1&mode=pub&vw=320&vh=180&vfps=15&cls=light HTTP/1.1" 200 -
06:39:12 "GET /room.html?id=z&n=54&hold=1&cb=1787715552265&audio=1&mode=pub&vw=320&vh=180&vfps=15&cls=light HTTP/1.1" 200 -
06:39:12 "POST /collect HTTP/1.1" 200 -
06:39:13 CF POST /sessions/new -> 201 (278 ms)
06:39:13 "POST /cf/sessions/new HTTP/1.1" 201 -
06:39:13 CF POST /sessions/new -> 201 (287 ms)
06:39:13 "POST /cf/sessions/new HTTP/1.1" 201 -
06:39:13 CF POST /sessions/new -> 201 (239 ms)
06:39:13 "POST /cf/sessions/new HTTP/1.1" 201 -
06:39:13 CF POST /sessions/new -> 201 (365 ms)
06:39:13 "POST /cf/sessions/new HTTP/1.1" 201 -
06:39:13 CF POST /sessions/new -> 201 (315 ms)
06:39:13 "POST /cf/sessions/new HTTP/1.1" 201 -
06:39:13 CF POST /sessions/new -> 201 (328 ms)
06:39:13 "POST /cf/sessions/new HTTP/1.1" 201 -
06:39:13 CF POST /sessions/new -> 201 (327 ms)
06:39:13 "POST /cf/sessions/new HTTP/1.1" 201 -
06:39:13 CF POST /sessions/new -> 201 (315 ms)
06:39:13 "POST /cf/sessions/new HTTP/1.1" 201 -
06:39:13 CF POST /sessions/new -> 201 (320 ms)
06:39:13 "POST /cf/sessions/new HTTP/1.1" 201 -
06:39:13 CF POST /sessions/new -> 201 (325 ms)
06:39:13 "POST /cf/sessions/new HTTP/1.1" 201 -
06:39:13 CF POST /sessions/new -> 201 (321 ms)
06:39:13 "POST /cf/sessions/new HTTP/1.1" 201 -
06:39:13 CF POST /sessions/new -> 201 (315 ms)
06:39:13 "POST /cf/sessions/new HTTP/1.1" 201 -
06:39:13 CF POST /sessions/new -> 201 (416 ms)
06:39:13 "POST /cf/sessions/new HTTP/1.1" 201 -
06:39:13 CF POST /sessions/new -> 201 (360 ms)
06:39:13 "POST /cf/sessions/new HTTP/1.1" 201 -
06:39:13 CF POST /sessions/new -> 201 (344 ms)
06:39:13 "POST /cf/sessions/new HTTP/1.1" 201 -
06:39:13 CF POST /sessions/new -> 201 (304 ms)
06:39:13 "POST /cf/sessions/new HTTP/1.1" 201 -
06:39:13 CF POST /sessions/new -> 201 (323 ms)
06:39:13 "POST /cf/sessions/new HTTP/1.1" 201 -
06:39:13 CF POST /sessions/new -> 201 (474 ms)
06:39:13 "POST /cf/sessions/new HTTP/1.1" 201 -
06:39:13 CF POST /sessions/new -> 201 (479 ms)
06:39:13 "POST /cf/sessions/new HTTP/1.1" 201 -
06:39:13 CF POST /sessions/new -> 201 (386 ms)
06:39:13 "POST /cf/sessions/new HTTP/1.1" 201 -
06:39:13 CF POST /sessions/new -> 201 (505 ms)
06:39:13 "POST /cf/sessions/new HTTP/1.1" 201 -
06:39:13 CF POST /sessions/new -> 201 (384 ms)
06:39:13 "POST /cf/sessions/new HTTP/1.1" 201 -
06:39:13 CF POST /sessions/new -> 201 (341 ms)
06:39:13 "POST /cf/sessions/new HTTP/1.1" 201 -
06:39:13 CF POST /sessions/new -> 201 (295 ms)
06:39:13 "POST /cf/sessions/new HTTP/1.1" 201 -
06:39:13 CF POST /sessions/new -> 201 (412 ms)
06:39:13 "POST /cf/sessions/new HTTP/1.1" 201 -
06:39:13 CF POST /sessions/new -> 201 (262 ms)
06:39:13 "POST /cf/sessions/new HTTP/1.1" 201 -
06:39:13 CF POST /sessions/new -> 201 (443 ms)
06:39:13 "POST /cf/sessions/new HTTP/1.1" 201 -
06:39:13 CF POST /sessions/new -> 201 (290 ms)
06:39:13 "POST /cf/sessions/new HTTP/1.1" 201 -
06:39:13 CF POST /sessions/new -> 201 (375 ms)
06:39:13 CF POST /sessions/new -> 201 (454 ms)
06:39:13 "POST /cf/sessions/new HTTP/1.1" 201 -
06:39:13 "POST /cf/sessions/new HTTP/1.1" 201 -
06:39:13 CF POST /sessions/new -> 201 (450 ms)
06:39:13 "POST /cf/sessions/new HTTP/1.1" 201 -
06:39:13 CF POST /sessions/new -> 201 (456 ms)
06:39:13 CF POST /sessions/new -> 201 (432 ms)
06:39:13 "POST /cf/sessions/new HTTP/1.1" 201 -
06:39:13 "POST /cf/sessions/new HTTP/1.1" 201 -
06:39:13 CF POST /sessions/new -> 201 (471 ms)
06:39:13 "POST /cf/sessions/new HTTP/1.1" 201 -
06:39:13 CF POST /sessions/new -> 201 (467 ms)
06:39:13 "POST /cf/sessions/new HTTP/1.1" 201 -
06:39:13 CF POST /sessions/new -> 201 (469 ms)
06:39:13 "POST /cf/sessions/new HTTP/1.1" 201 -
06:39:13 CF POST /sessions/new -> 201 (294 ms)
06:39:13 "POST /cf/sessions/new HTTP/1.1" 201 -
06:39:13 CF POST /sessions/new -> 201 (438 ms)
06:39:13 "POST /cf/sessions/new HTTP/1.1" 201 -
06:39:13 CF POST /sessions/new -> 201 (470 ms)
06:39:13 "POST /cf/sessions/new HTTP/1.1" 201 -
06:39:13 CF POST /sessions/new -> 201 (208 ms)
06:39:13 "POST /cf/sessions/new HTTP/1.1" 201 -
06:39:13 CF POST /sessions/new -> 201 (370 ms)
06:39:13 "POST /cf/sessions/new HTTP/1.1" 201 -
06:39:13 CF POST /sessions/new -> 201 (365 ms)
06:39:13 "POST /cf/sessions/new HTTP/1.1" 201 -
06:39:13 CF POST /sessions/new -> 201 (211 ms)
06:39:13 "POST /cf/sessions/new HTTP/1.1" 201 -
06:39:13 CF POST /sessions/new -> 201 (223 ms)
06:39:13 "POST /cf/sessions/new HTTP/1.1" 201 -
06:39:13 CF POST /sessions/new -> 201 (359 ms)
06:39:13 "POST /cf/sessions/new HTTP/1.1" 201 -
06:39:13 CF POST /sessions/new -> 201 (342 ms)
06:39:13 "POST /cf/sessions/new HTTP/1.1" 201 -
06:39:13 CF POST /sessions/new -> 201 (230 ms)
06:39:13 "POST /cf/sessions/new HTTP/1.1" 201 -
06:39:13 CF POST /sessions/new -> 201 (505 ms)
06:39:13 "POST /cf/sessions/new HTTP/1.1" 201 -
06:39:13 CF POST /sessions/new -> 201 (337 ms)
06:39:13 "POST /cf/sessions/new HTTP/1.1" 201 -
06:39:13 CF POST /sessions/new -> 201 (259 ms)
06:39:13 "POST /cf/sessions/new HTTP/1.1" 201 -
06:39:13 CF POST /sessions/new -> 201 (187 ms)
06:39:13 "POST /cf/sessions/new HTTP/1.1" 201 -
06:39:13 CF POST /sessions/new -> 201 (211 ms)
06:39:13 "POST /cf/sessions/new HTTP/1.1" 201 -
06:39:13 CF POST /sessions/new -> 201 (236 ms)
06:39:13 "POST /cf/sessions/new HTTP/1.1" 201 -
06:39:13 CF POST /sessions/new -> 201 (286 ms)
06:39:13 "POST /cf/sessions/new HTTP/1.1" 201 -
06:39:14 "POST /save/pub-offer-q.sdp HTTP/1.1" 200 -
06:39:14 "POST /save/pub-offer-1.sdp HTTP/1.1" 200 -
06:39:14 "POST /save/pub-offer-w.sdp HTTP/1.1" 200 -
06:39:14 "POST /save/pub-offer-c.sdp HTTP/1.1" 200 -
06:39:14 "POST /save/pub-offer-a.sdp HTTP/1.1" 200 -
06:39:14 "POST /save/pub-offer-b.sdp HTTP/1.1" 200 -
06:39:14 "POST /save/pub-offer-2.sdp HTTP/1.1" 200 -
06:39:14 "POST /save/pub-offer-n.sdp HTTP/1.1" 200 -
06:39:14 "POST /save/pub-offer-o.sdp HTTP/1.1" 200 -
06:39:14 "POST /save/pub-offer-p.sdp HTTP/1.1" 200 -
06:39:14 "POST /save/pub-offer-m.sdp HTTP/1.1" 200 -
06:39:14 "POST /save/pub-offer-v.sdp HTTP/1.1" 200 -
06:39:14 "POST /save/pub-offer-t.sdp HTTP/1.1" 200 -
06:39:14 "POST /save/pub-offer-s.sdp HTTP/1.1" 200 -
06:39:14 "POST /save/pub-offer-u.sdp HTTP/1.1" 200 -
06:39:14 "POST /save/pub-offer-e.sdp HTTP/1.1" 200 -
06:39:14 "POST /save/pub-offer-d.sdp HTTP/1.1" 200 -
06:39:14 "POST /save/pub-offer-b.sdp HTTP/1.1" 200 -
06:39:14 "POST /save/pub-offer-v.sdp HTTP/1.1" 200 -
06:39:14 CF POST /sessions/412848114ee395c61a0b28a8f66db8f64707ee2d771e3d5c0d846c7592529554/tracks/new -> 200 (437 ms)
06:39:14 "POST /cf/sessions/412848114ee395c61a0b28a8f66db8f64707ee2d771e3d5c0d846c7592529554/tracks/new HTTP/1.1" 200 -
06:39:14 "POST /save/pub-answer-q.sdp HTTP/1.1" 200 -
06:39:14 CF POST /sessions/9e9518c9a1d2e36a78ea2218923024ec38098923f1abe98a803493494563862b/tracks/new -> 200 (347 ms)
06:39:14 "POST /cf/sessions/9e9518c9a1d2e36a78ea2218923024ec38098923f1abe98a803493494563862b/tracks/new HTTP/1.1" 200 -
06:39:14 "POST /save/pub-answer-a.sdp HTTP/1.1" 200 -
06:39:14 CF POST /sessions/ead302f49f26b8119f514dbb4ffa6a700444eadf4156082c57a9ced04eaf79ba/tracks/new -> 200 (351 ms)
06:39:14 "POST /cf/sessions/ead302f49f26b8119f514dbb4ffa6a700444eadf4156082c57a9ced04eaf79ba/tracks/new HTTP/1.1" 200 -
06:39:14 CF POST /sessions/e439cfd1f37c1b25e3ae384b95b80f5f870b3cf0ab9e68554af36c246f19d981/tracks/new -> 200 (357 ms)
06:39:14 "POST /cf/sessions/e439cfd1f37c1b25e3ae384b95b80f5f870b3cf0ab9e68554af36c246f19d981/tracks/new HTTP/1.1" 200 -
06:39:14 CF POST /sessions/b07bf5a2406cd178c885f8272996c59df623de403bb37569a80e8b222be879ad/tracks/new -> 200 (337 ms)
06:39:14 "POST /cf/sessions/b07bf5a2406cd178c885f8272996c59df623de403bb37569a80e8b222be879ad/tracks/new HTTP/1.1" 200 -
06:39:14 "POST /save/pub-answer-1.sdp HTTP/1.1" 200 -
06:39:14 "POST /save/pub-answer-b.sdp HTTP/1.1" 200 -
06:39:14 "POST /save/pub-answer-n.sdp HTTP/1.1" 200 -
06:39:14 CF POST /sessions/e86ccae33f2fa6e468f9475eb00aa294143c8597a6885cdfd7b4f4c780e92099/tracks/new -> 200 (346 ms)
06:39:14 "POST /cf/sessions/e86ccae33f2fa6e468f9475eb00aa294143c8597a6885cdfd7b4f4c780e92099/tracks/new HTTP/1.1" 200 -
06:39:14 CF POST /sessions/b48af89d465ca8ab03e5316c604b71e3b2eb5f6eb90097f6c7ab835ff34002b0/tracks/new -> 200 (351 ms)
06:39:14 "POST /cf/sessions/b48af89d465ca8ab03e5316c604b71e3b2eb5f6eb90097f6c7ab835ff34002b0/tracks/new HTTP/1.1" 200 -
06:39:14 CF POST /sessions/c14e923bebfb6a7046220d424e45be94c9aa0227cf3784113d67dde76fe63d1e/tracks/new -> 200 (374 ms)
06:39:14 "POST /cf/sessions/c14e923bebfb6a7046220d424e45be94c9aa0227cf3784113d67dde76fe63d1e/tracks/new HTTP/1.1" 200 -
06:39:14 "POST /save/pub-answer-o.sdp HTTP/1.1" 200 -
06:39:14 "POST /save/pub-answer-2.sdp HTTP/1.1" 200 -
06:39:14 "POST /save/pub-answer-w.sdp HTTP/1.1" 200 -
06:39:14 CF POST /sessions/2eaa5a75ddf39e969d08f3075c620c830644f0de0d45fa3f92e7ae5250a6d842/tracks/new -> 200 (356 ms)
06:39:14 "POST /cf/sessions/2eaa5a75ddf39e969d08f3075c620c830644f0de0d45fa3f92e7ae5250a6d842/tracks/new HTTP/1.1" 200 -
06:39:14 "POST /save/pub-answer-m.sdp HTTP/1.1" 200 -
06:39:14 CF POST /sessions/a498f187da6799d9ec22849ae67b96137be0fe4543ea408d065be054115d5a49/tracks/new -> 200 (357 ms)
06:39:14 "POST /cf/sessions/a498f187da6799d9ec22849ae67b96137be0fe4543ea408d065be054115d5a49/tracks/new HTTP/1.1" 200 -
06:39:14 CF POST /sessions/bcb4e4252813f7937f39121e5c4dd47c9fc1bd4c761445093820937931f45944/tracks/new -> 200 (361 ms)
06:39:14 "POST /cf/sessions/bcb4e4252813f7937f39121e5c4dd47c9fc1bd4c761445093820937931f45944/tracks/new HTTP/1.1" 200 -
06:39:14 "POST /save/pub-answer-v.sdp HTTP/1.1" 200 -
06:39:14 "POST /save/pub-answer-u.sdp HTTP/1.1" 200 -
06:39:14 CF POST /sessions/ac188484917f72345fc227b9c044de84fee5a2d7d9bd4cc66625f28edf2d4143/tracks/new -> 200 (378 ms)
06:39:14 "POST /cf/sessions/ac188484917f72345fc227b9c044de84fee5a2d7d9bd4cc66625f28edf2d4143/tracks/new HTTP/1.1" 200 -
06:39:14 "POST /save/pub-answer-s.sdp HTTP/1.1" 200 -
06:39:14 CF POST /sessions/4b203dc8a61620818424aaa698728e02a5d478d898580cf618d0876230820e8f/tracks/new -> 200 (430 ms)
06:39:14 "POST /cf/sessions/4b203dc8a61620818424aaa698728e02a5d478d898580cf618d0876230820e8f/tracks/new HTTP/1.1" 200 -
06:39:14 "POST /save/pub-answer-c.sdp HTTP/1.1" 200 -
06:39:14 CF POST /sessions/1c9292526887644f4e4d6aa7d3f74982f2d81bb3cf9e1229eab84f359e3dd329/tracks/new -> 200 (397 ms)
06:39:14 "POST /cf/sessions/1c9292526887644f4e4d6aa7d3f74982f2d81bb3cf9e1229eab84f359e3dd329/tracks/new HTTP/1.1" 200 -
06:39:14 CF POST /sessions/4ae5568b867e56bcec1552f30ad78d61bcaf5f442ca434466b1d232c615d268f/tracks/new -> 200 (385 ms)
06:39:14 "POST /cf/sessions/4ae5568b867e56bcec1552f30ad78d61bcaf5f442ca434466b1d232c615d268f/tracks/new HTTP/1.1" 200 -
06:39:14 "POST /save/pub-answer-t.sdp HTTP/1.1" 200 -
06:39:14 "POST /save/pub-answer-e.sdp HTTP/1.1" 200 -
06:39:14 CF POST /sessions/575a6fa9db11016cbf266f60190db64af800326e30b06e2e01c8e6ed0017aabf/tracks/new -> 200 (426 ms)
06:39:14 "POST /cf/sessions/575a6fa9db11016cbf266f60190db64af800326e30b06e2e01c8e6ed0017aabf/tracks/new HTTP/1.1" 200 -
06:39:14 "POST /save/pub-answer-p.sdp HTTP/1.1" 200 -
06:39:14 CF POST /sessions/98d0624101e3144a9767322ae28d339604bc5386ca55be3da9645e13b898510a/tracks/new -> 200 (407 ms)
06:39:14 "POST /cf/sessions/98d0624101e3144a9767322ae28d339604bc5386ca55be3da9645e13b898510a/tracks/new HTTP/1.1" 200 -
06:39:14 "POST /save/pub-answer-d.sdp HTTP/1.1" 200 -
06:39:14 CF POST /sessions/5f5d01fec7ec303f3618212d66a1fa698765898cd9f5b7bd33b21d0e5f9f0821/tracks/new -> 200 (408 ms)
06:39:14 CF POST /sessions/e38ac43f0665118bcda102571a63712500a5bd555bc820705c225747de458c87/tracks/new -> 200 (413 ms)
06:39:14 "POST /cf/sessions/5f5d01fec7ec303f3618212d66a1fa698765898cd9f5b7bd33b21d0e5f9f0821/tracks/new HTTP/1.1" 200 -
06:39:14 "POST /cf/sessions/e38ac43f0665118bcda102571a63712500a5bd555bc820705c225747de458c87/tracks/new HTTP/1.1" 200 -
06:39:14 "POST /save/pub-answer-b.sdp HTTP/1.1" 200 -
06:39:14 "POST /save/pub-answer-v.sdp HTTP/1.1" 200 -
06:39:14 "POST /collect HTTP/1.1" 200 -
06:39:14 "POST /join HTTP/1.1" 200 -
06:39:14 "POST /collect HTTP/1.1" 200 -
06:39:14 "POST /collect HTTP/1.1" 200 -
06:39:14 "POST /collect HTTP/1.1" 200 -
06:39:14 "POST /collect HTTP/1.1" 200 -
06:39:14 "POST /collect HTTP/1.1" 200 -
06:39:14 "POST /collect HTTP/1.1" 200 -
06:39:14 "POST /collect HTTP/1.1" 200 -
06:39:14 "POST /collect HTTP/1.1" 200 -
06:39:14 "POST /collect HTTP/1.1" 200 -
06:39:14 "POST /collect HTTP/1.1" 200 -
06:39:14 "POST /collect HTTP/1.1" 200 -
06:39:14 "POST /join HTTP/1.1" 200 -
06:39:14 "POST /collect HTTP/1.1" 200 -
06:39:14 "POST /collect HTTP/1.1" 200 -
06:39:14 "POST /collect HTTP/1.1" 200 -
06:39:14 "POST /collect HTTP/1.1" 200 -
06:39:14 "POST /collect HTTP/1.1" 200 -
06:39:14 "POST /collect HTTP/1.1" 200 -
06:39:14 "POST /collect HTTP/1.1" 200 -
06:39:14 "POST /join HTTP/1.1" 200 -
06:39:14 "POST /collect HTTP/1.1" 200 -
06:39:14 "POST /collect HTTP/1.1" 200 -
06:39:14 "POST /collect HTTP/1.1" 200 -
06:39:14 "POST /collect HTTP/1.1" 200 -
06:39:14 "POST /collect HTTP/1.1" 200 -
06:39:14 "POST /collect HTTP/1.1" 200 -
06:39:14 "POST /collect HTTP/1.1" 200 -
06:39:14 "POST /collect HTTP/1.1" 200 -
06:39:14 "POST /join HTTP/1.1" 200 -
06:39:14 "POST /collect HTTP/1.1" 200 -
06:39:14 "GET /roster HTTP/1.1" 200 -
06:39:14 "POST /collect HTTP/1.1" 200 -
06:39:14 "POST /collect HTTP/1.1" 200 -
06:39:14 "POST /collect HTTP/1.1" 200 -
06:39:14 "POST /collect HTTP/1.1" 200 -
06:39:14 "POST /collect HTTP/1.1" 200 -
06:39:14 "POST /collect HTTP/1.1" 200 -
06:39:14 "POST /collect HTTP/1.1" 200 -
06:39:14 "POST /collect HTTP/1.1" 200 -
06:39:14 "POST /collect HTTP/1.1" 200 -
06:39:14 "POST /collect HTTP/1.1" 200 -
06:39:14 "POST /collect HTTP/1.1" 200 -
06:39:14 "POST /collect HTTP/1.1" 200 -
06:39:14 "POST /collect HTTP/1.1" 200 -
06:39:14 "POST /collect HTTP/1.1" 200 -
06:39:14 "POST /collect HTTP/1.1" 200 -
06:39:14 "POST /collect HTTP/1.1" 200 -
06:39:14 "POST /collect HTTP/1.1" 200 -
06:39:14 "POST /collect HTTP/1.1" 200 -
06:39:14 "POST /collect HTTP/1.1" 200 -
06:39:14 "POST /collect HTTP/1.1" 200 -
06:39:14 "POST /collect HTTP/1.1" 200 -
06:39:14 "POST /collect HTTP/1.1" 200 -
06:39:14 "POST /join HTTP/1.1" 200 -
06:39:14 "POST /join HTTP/1.1" 200 -
06:39:14 "POST /collect HTTP/1.1" 200 -
06:39:14 "POST /collect HTTP/1.1" 200 -
06:39:14 "POST /join HTTP/1.1" 200 -
06:39:14 "POST /collect HTTP/1.1" 200 -
06:39:14 "POST /collect HTTP/1.1" 200 -
06:39:14 "POST /collect HTTP/1.1" 200 -
06:39:14 "POST /collect HTTP/1.1" 200 -
06:39:14 "GET /roster HTTP/1.1" 200 -
06:39:14 "POST /collect HTTP/1.1" 200 -
06:39:14 "POST /join HTTP/1.1" 200 -
06:39:14 "POST /collect HTTP/1.1" 200 -
06:39:14 "POST /collect HTTP/1.1" 200 -
06:39:14 "POST /collect HTTP/1.1" 200 -
06:39:14 "POST /collect HTTP/1.1" 200 -
06:39:14 "POST /collect HTTP/1.1" 200 -
06:39:14 "POST /collect HTTP/1.1" 200 -
06:39:14 "POST /collect HTTP/1.1" 200 -
06:39:14 "POST /collect HTTP/1.1" 200 -
06:39:14 "POST /collect HTTP/1.1" 200 -
06:39:14 "POST /collect HTTP/1.1" 200 -
06:39:14 "POST /collect HTTP/1.1" 200 -
06:39:14 "POST /collect HTTP/1.1" 200 -
06:39:14 "POST /collect HTTP/1.1" 200 -
06:39:14 "POST /collect HTTP/1.1" 200 -
06:39:14 "POST /collect HTTP/1.1" 200 -
06:39:14 "POST /collect HTTP/1.1" 200 -
06:39:14 "POST /collect HTTP/1.1" 200 -
06:39:14 "POST /collect HTTP/1.1" 200 -
06:39:14 "POST /collect HTTP/1.1" 200 -
06:39:14 "POST /collect HTTP/1.1" 200 -
06:39:14 "POST /collect HTTP/1.1" 200 -
06:39:14 "POST /collect HTTP/1.1" 200 -
06:39:14 "POST /collect HTTP/1.1" 200 -
06:39:14 "POST /collect HTTP/1.1" 200 -
06:39:14 "POST /collect HTTP/1.1" 200 -
06:39:15 "POST /join HTTP/1.1" 200 -
06:39:15 "POST /join HTTP/1.1" 200 -
06:39:15 "POST /collect HTTP/1.1" 200 -
06:39:15 "POST /collect HTTP/1.1" 200 -
06:39:15 "POST /join HTTP/1.1" 200 -
06:39:15 "POST /collect HTTP/1.1" 200 -
06:39:15 "POST /join HTTP/1.1" 200 -
06:39:15 "POST /join HTTP/1.1" 200 -
06:39:15 "POST /collect HTTP/1.1" 200 -
06:39:15 "POST /collect HTTP/1.1" 200 -
06:39:15 "POST /save/pub-offer-k.sdp HTTP/1.1" 200 -
06:39:15 "POST /collect HTTP/1.1" 200 -
06:39:15 CF POST /sessions/e439cfd1f37c1b25e3ae384b95b80f5f870b3cf0ab9e68554af36c246f19d981/tracks/new -> 200 (280 ms)
06:39:15 "POST /cf/sessions/e439cfd1f37c1b25e3ae384b95b80f5f870b3cf0ab9e68554af36c246f19d981/tracks/new HTTP/1.1" 200 -
06:39:15 CF POST /sessions/b48af89d465ca8ab03e5316c604b71e3b2eb5f6eb90097f6c7ab835ff34002b0/tracks/new -> 200 (238 ms)
06:39:15 "POST /cf/sessions/b48af89d465ca8ab03e5316c604b71e3b2eb5f6eb90097f6c7ab835ff34002b0/tracks/new HTTP/1.1" 200 -
06:39:15 "POST /join HTTP/1.1" 200 -
06:39:15 "POST /collect HTTP/1.1" 200 -
06:39:15 CF PUT /sessions/b48af89d465ca8ab03e5316c604b71e3b2eb5f6eb90097f6c7ab835ff34002b0/renegotiate -> 200 (147 ms)
06:39:15 "PUT /cf/sessions/b48af89d465ca8ab03e5316c604b71e3b2eb5f6eb90097f6c7ab835ff34002b0/renegotiate HTTP/1.1" 200 -
06:39:15 "POST /collect HTTP/1.1" 200 -
06:39:15 CF POST /sessions/9c010c40d9cc1f34daf35f1b9f35643e5e053513083dbd001a322129bc5b6ba7/tracks/new -> 200 (329 ms)
06:39:15 "POST /cf/sessions/9c010c40d9cc1f34daf35f1b9f35643e5e053513083dbd001a322129bc5b6ba7/tracks/new HTTP/1.1" 200 -
06:39:15 "POST /save/pub-answer-k.sdp HTTP/1.1" 200 -
06:39:15 "POST /collect HTTP/1.1" 200 -
06:39:15 "POST /collect HTTP/1.1" 200 -
06:39:15 "POST /collect HTTP/1.1" 200 -
06:39:15 CF PUT /sessions/e439cfd1f37c1b25e3ae384b95b80f5f870b3cf0ab9e68554af36c246f19d981/renegotiate -> 200 (162 ms)
06:39:15 "PUT /cf/sessions/e439cfd1f37c1b25e3ae384b95b80f5f870b3cf0ab9e68554af36c246f19d981/renegotiate HTTP/1.1" 200 -
06:39:15 "POST /collect HTTP/1.1" 200 -
06:39:15 "POST /collect HTTP/1.1" 200 -
06:39:15 CF POST /sessions/b48af89d465ca8ab03e5316c604b71e3b2eb5f6eb90097f6c7ab835ff34002b0/tracks/new -> 200 (216 ms)
06:39:15 "POST /cf/sessions/b48af89d465ca8ab03e5316c604b71e3b2eb5f6eb90097f6c7ab835ff34002b0/tracks/new HTTP/1.1" 200 -
06:39:15 "POST /join HTTP/1.1" 200 -
06:39:15 "POST /collect HTTP/1.1" 200 -
06:39:15 CF POST /sessions/e439cfd1f37c1b25e3ae384b95b80f5f870b3cf0ab9e68554af36c246f19d981/tracks/new -> 200 (284 ms)
06:39:15 "POST /cf/sessions/e439cfd1f37c1b25e3ae384b95b80f5f870b3cf0ab9e68554af36c246f19d981/tracks/new HTTP/1.1" 200 -
06:39:15 CF PUT /sessions/b48af89d465ca8ab03e5316c604b71e3b2eb5f6eb90097f6c7ab835ff34002b0/renegotiate -> 200 (137 ms)
06:39:15 "PUT /cf/sessions/b48af89d465ca8ab03e5316c604b71e3b2eb5f6eb90097f6c7ab835ff34002b0/renegotiate HTTP/1.1" 200 -
06:39:15 "POST /collect HTTP/1.1" 200 -
06:39:15 CF PUT /sessions/e439cfd1f37c1b25e3ae384b95b80f5f870b3cf0ab9e68554af36c246f19d981/renegotiate -> 200 (125 ms)
06:39:15 "PUT /cf/sessions/e439cfd1f37c1b25e3ae384b95b80f5f870b3cf0ab9e68554af36c246f19d981/renegotiate HTTP/1.1" 200 -
06:39:15 "POST /collect HTTP/1.1" 200 -
06:39:15 "POST /collect HTTP/1.1" 200 -
06:39:15 "POST /join HTTP/1.1" 200 -
06:39:15 "POST /collect HTTP/1.1" 200 -
06:39:16 CF POST /sessions/b48af89d465ca8ab03e5316c604b71e3b2eb5f6eb90097f6c7ab835ff34002b0/tracks/new -> 200 (241 ms)
06:39:16 "POST /cf/sessions/b48af89d465ca8ab03e5316c604b71e3b2eb5f6eb90097f6c7ab835ff34002b0/tracks/new HTTP/1.1" 200 -
06:39:16 "POST /join HTTP/1.1" 200 -
06:39:16 "POST /collect HTTP/1.1" 200 -
06:39:16 CF POST /sessions/e439cfd1f37c1b25e3ae384b95b80f5f870b3cf0ab9e68554af36c246f19d981/tracks/new -> 200 (207 ms)
06:39:16 "POST /cf/sessions/e439cfd1f37c1b25e3ae384b95b80f5f870b3cf0ab9e68554af36c246f19d981/tracks/new HTTP/1.1" 200 -
06:39:16 "POST /save/pub-offer-h.sdp HTTP/1.1" 200 -
06:39:16 "POST /save/pub-offer-y.sdp HTTP/1.1" 200 -
06:39:16 "POST /join HTTP/1.1" 200 -
06:39:16 "POST /join HTTP/1.1" 200 -
06:39:16 "POST /save/pub-offer-f.sdp HTTP/1.1" 200 -
06:39:16 "POST /save/pub-offer-l.sdp HTTP/1.1" 200 -
06:39:16 "POST /collect HTTP/1.1" 200 -
06:39:16 "POST /save/pub-offer-g.sdp HTTP/1.1" 200 -
06:39:16 "POST /collect HTTP/1.1" 200 -
06:39:16 CF PUT /sessions/b48af89d465ca8ab03e5316c604b71e3b2eb5f6eb90097f6c7ab835ff34002b0/renegotiate -> 200 (173 ms)
06:39:16 "PUT /cf/sessions/b48af89d465ca8ab03e5316c604b71e3b2eb5f6eb90097f6c7ab835ff34002b0/renegotiate HTTP/1.1" 200 -
06:39:16 "POST /collect HTTP/1.1" 200 -
06:39:16 CF PUT /sessions/e439cfd1f37c1b25e3ae384b95b80f5f870b3cf0ab9e68554af36c246f19d981/renegotiate -> 200 (142 ms)
06:39:16 "PUT /cf/sessions/e439cfd1f37c1b25e3ae384b95b80f5f870b3cf0ab9e68554af36c246f19d981/renegotiate HTTP/1.1" 200 -
06:39:16 "POST /collect HTTP/1.1" 200 -
06:39:16 "POST /collect HTTP/1.1" 200 -
06:39:16 "POST /collect HTTP/1.1" 200 -
06:39:16 CF POST /sessions/c6a90f6114ed2c0bbc3adb072583e967562bfdb88c6ef8d250dcff2f8b0e22cc/tracks/new -> 200 (319 ms)
06:39:16 "POST /cf/sessions/c6a90f6114ed2c0bbc3adb072583e967562bfdb88c6ef8d250dcff2f8b0e22cc/tracks/new HTTP/1.1" 200 -
06:39:16 "POST /save/pub-answer-y.sdp HTTP/1.1" 200 -
06:39:16 "POST /collect HTTP/1.1" 200 -
06:39:16 "POST /collect HTTP/1.1" 200 -
06:39:16 "POST /collect HTTP/1.1" 200 -
06:39:16 CF POST /sessions/11897a87643845398c9e5b6f7f0ea9266e47dd571f3bd6a6ae5d05fc460bc2af/tracks/new -> 200 (363 ms)
06:39:16 "POST /cf/sessions/11897a87643845398c9e5b6f7f0ea9266e47dd571f3bd6a6ae5d05fc460bc2af/tracks/new HTTP/1.1" 200 -
06:39:16 "POST /save/pub-answer-h.sdp HTTP/1.1" 200 -
06:39:16 "POST /collect HTTP/1.1" 200 -
06:39:16 "POST /collect HTTP/1.1" 200 -
06:39:16 "POST /collect HTTP/1.1" 200 -
06:39:16 CF POST /sessions/b48af89d465ca8ab03e5316c604b71e3b2eb5f6eb90097f6c7ab835ff34002b0/tracks/new -> 200 (269 ms)
06:39:16 "POST /cf/sessions/b48af89d465ca8ab03e5316c604b71e3b2eb5f6eb90097f6c7ab835ff34002b0/tracks/new HTTP/1.1" 200 -
06:39:16 CF POST /sessions/cd0db4940b8f5db64a847691dcd3565a747fb4879d2c01a03762c24f74107192/tracks/new -> 200 (355 ms)
06:39:16 "POST /cf/sessions/cd0db4940b8f5db64a847691dcd3565a747fb4879d2c01a03762c24f74107192/tracks/new HTTP/1.1" 200 -
06:39:16 "POST /save/pub-answer-f.sdp HTTP/1.1" 200 -
06:39:16 CF POST /sessions/97c2773dc5730e8cc32eab0a356a232ceaeabd870fc959cae17c2233f93ae4fe/tracks/new -> 200 (358 ms)
06:39:16 "POST /cf/sessions/97c2773dc5730e8cc32eab0a356a232ceaeabd870fc959cae17c2233f93ae4fe/tracks/new HTTP/1.1" 200 -
06:39:16 "POST /save/pub-answer-g.sdp HTTP/1.1" 200 -
06:39:16 "POST /collect HTTP/1.1" 200 -
06:39:16 "POST /collect HTTP/1.1" 200 -
06:39:16 "POST /collect HTTP/1.1" 200 -
06:39:16 "POST /collect HTTP/1.1" 200 -
06:39:16 "POST /collect HTTP/1.1" 200 -
06:39:16 "POST /collect HTTP/1.1" 200 -
06:39:16 CF POST /sessions/07bab52bd4dd9183fb5fe76f4d479f47ed714b5ac992b30c7fc79ebda689bcf0/tracks/new -> 200 (398 ms)
06:39:16 "POST /cf/sessions/07bab52bd4dd9183fb5fe76f4d479f47ed714b5ac992b30c7fc79ebda689bcf0/tracks/new HTTP/1.1" 200 -
06:39:16 "POST /save/pub-answer-l.sdp HTTP/1.1" 200 -
06:39:16 "POST /collect HTTP/1.1" 200 -
06:39:16 "POST /collect HTTP/1.1" 200 -
06:39:16 "POST /collect HTTP/1.1" 200 -
06:39:16 "POST /collect HTTP/1.1" 200 -
06:39:16 CF PUT /sessions/b48af89d465ca8ab03e5316c604b71e3b2eb5f6eb90097f6c7ab835ff34002b0/renegotiate -> 200 (152 ms)
06:39:16 "PUT /cf/sessions/b48af89d465ca8ab03e5316c604b71e3b2eb5f6eb90097f6c7ab835ff34002b0/renegotiate HTTP/1.1" 200 -
06:39:16 "POST /collect HTTP/1.1" 200 -
06:39:16 "POST /join HTTP/1.1" 200 -
06:39:16 "POST /collect HTTP/1.1" 200 -
06:39:16 "POST /collect HTTP/1.1" 200 -
06:39:16 "POST /collect HTTP/1.1" 200 -
06:39:16 "POST /collect HTTP/1.1" 200 -
06:39:16 "POST /collect HTTP/1.1" 200 -
06:39:16 "POST /join HTTP/1.1" 200 -
06:39:16 "POST /join HTTP/1.1" 200 -
06:39:16 "POST /collect HTTP/1.1" 200 -
06:39:16 "POST /collect HTTP/1.1" 200 -
06:39:16 "POST /join HTTP/1.1" 200 -
06:39:16 "POST /collect HTTP/1.1" 200 -
06:39:16 "POST /join HTTP/1.1" 200 -
06:39:16 "POST /collect HTTP/1.1" 200 -
06:39:16 CF POST /sessions/b48af89d465ca8ab03e5316c604b71e3b2eb5f6eb90097f6c7ab835ff34002b0/tracks/new -> 200 (212 ms)
06:39:16 "POST /cf/sessions/b48af89d465ca8ab03e5316c604b71e3b2eb5f6eb90097f6c7ab835ff34002b0/tracks/new HTTP/1.1" 200 -
06:39:16 "GET /roster HTTP/1.1" 200 -
06:39:16 "POST /collect HTTP/1.1" 200 -
06:39:16 "GET /roster HTTP/1.1" 200 -
06:39:16 "POST /collect HTTP/1.1" 200 -
06:39:17 CF PUT /sessions/b48af89d465ca8ab03e5316c604b71e3b2eb5f6eb90097f6c7ab835ff34002b0/renegotiate -> 200 (154 ms)
06:39:17 "PUT /cf/sessions/b48af89d465ca8ab03e5316c604b71e3b2eb5f6eb90097f6c7ab835ff34002b0/renegotiate HTTP/1.1" 200 -
06:39:17 "POST /collect HTTP/1.1" 200 -
06:39:17 "POST /save/pub-offer-r.sdp HTTP/1.1" 200 -
06:39:17 CF POST /sessions/e439cfd1f37c1b25e3ae384b95b80f5f870b3cf0ab9e68554af36c246f19d981/tracks/new -> 200 (171 ms)
06:39:17 "POST /cf/sessions/e439cfd1f37c1b25e3ae384b95b80f5f870b3cf0ab9e68554af36c246f19d981/tracks/new HTTP/1.1" 200 -
06:39:17 "POST /save/pub-offer-l.sdp HTTP/1.1" 200 -
06:39:17 "POST /save/pub-offer-m.sdp HTTP/1.1" 200 -
06:39:17 "POST /save/pub-offer-z.sdp HTTP/1.1" 200 -
06:39:17 "POST /save/pub-offer-p.sdp HTTP/1.1" 200 -
06:39:17 "POST /save/pub-offer-g.sdp HTTP/1.1" 200 -
06:39:17 "POST /save/pub-offer-k.sdp HTTP/1.1" 200 -
06:39:17 "POST /save/pub-offer-r.sdp HTTP/1.1" 200 -
06:39:17 "POST /save/pub-offer-n.sdp HTTP/1.1" 200 -
06:39:17 "POST /save/pub-offer-s.sdp HTTP/1.1" 200 -
06:39:17 "POST /save/pub-offer-t.sdp HTTP/1.1" 200 -
06:39:17 "POST /save/pub-offer-h.sdp HTTP/1.1" 200 -
06:39:17 "POST /save/pub-offer-o.sdp HTTP/1.1" 200 -
06:39:17 "POST /save/pub-offer-q.sdp HTTP/1.1" 200 -
06:39:17 "POST /save/pub-offer-u.sdp HTTP/1.1" 200 -
06:39:17 "POST /collect HTTP/1.1" 200 -
06:39:17 "POST /save/pub-offer-j.sdp HTTP/1.1" 200 -
06:39:17 CF POST /sessions/b48af89d465ca8ab03e5316c604b71e3b2eb5f6eb90097f6c7ab835ff34002b0/tracks/new -> 200 (213 ms)
06:39:17 "POST /cf/sessions/b48af89d465ca8ab03e5316c604b71e3b2eb5f6eb90097f6c7ab835ff34002b0/tracks/new HTTP/1.1" 200 -
06:39:17 "POST /save/pub-offer-i.sdp HTTP/1.1" 200 -
06:39:17 "POST /save/pub-offer-y.sdp HTTP/1.1" 200 -
06:39:17 "POST /collect HTTP/1.1" 200 -
06:39:17 CF PUT /sessions/e439cfd1f37c1b25e3ae384b95b80f5f870b3cf0ab9e68554af36c246f19d981/renegotiate -> 200 (193 ms)
06:39:17 "PUT /cf/sessions/e439cfd1f37c1b25e3ae384b95b80f5f870b3cf0ab9e68554af36c246f19d981/renegotiate HTTP/1.1" 200 -
06:39:17 "POST /collect HTTP/1.1" 200 -
06:39:17 "POST /save/pub-offer-w.sdp HTTP/1.1" 200 -
06:39:17 "POST /save/pub-offer-j.sdp HTTP/1.1" 200 -
06:39:17 "POST /save/pub-offer-z.sdp HTTP/1.1" 200 -
06:39:17 "POST /save/pub-offer-c.sdp HTTP/1.1" 200 -
06:39:17 "POST /save/pub-offer-a.sdp HTTP/1.1" 200 -
06:39:17 "POST /save/pub-offer-e.sdp HTTP/1.1" 200 -
06:39:17 "POST /save/pub-offer-f.sdp HTTP/1.1" 200 -
06:39:17 CF PUT /sessions/b48af89d465ca8ab03e5316c604b71e3b2eb5f6eb90097f6c7ab835ff34002b0/renegotiate -> 200 (179 ms)
06:39:17 "PUT /cf/sessions/b48af89d465ca8ab03e5316c604b71e3b2eb5f6eb90097f6c7ab835ff34002b0/renegotiate HTTP/1.1" 200 -
06:39:17 "POST /save/pub-offer-d.sdp HTTP/1.1" 200 -
06:39:17 "POST /save/pub-offer-x.sdp HTTP/1.1" 200 -
06:39:17 "POST /collect HTTP/1.1" 200 -
06:39:17 "POST /save/pub-offer-x.sdp HTTP/1.1" 200 -
06:39:17 "POST /save/pub-offer-i.sdp HTTP/1.1" 200 -
06:39:17 CF POST /sessions/ed8f17c9c31df94666b107fe031b96c823dbe681524af1694ce6c632f2f1a170/tracks/new -> 200 (422 ms)
06:39:17 "POST /cf/sessions/ed8f17c9c31df94666b107fe031b96c823dbe681524af1694ce6c632f2f1a170/tracks/new HTTP/1.1" 200 -
06:39:17 CF POST /sessions/38f9711bba88dc5415e4f30d12148ee2e820792e21cd3f0dbff1c37cb7efb03e/tracks/new -> 200 (426 ms)
06:39:17 "POST /cf/sessions/38f9711bba88dc5415e4f30d12148ee2e820792e21cd3f0dbff1c37cb7efb03e/tracks/new HTTP/1.1" 200 -
06:39:17 "POST /save/pub-answer-r.sdp HTTP/1.1" 200 -
06:39:17 "POST /save/pub-answer-l.sdp HTTP/1.1" 200 -
06:39:17 CF POST /sessions/cdb2f7be27cd2527d9dc6b58160ccde01d35637c33ceee1e639869b895278cff/tracks/new -> 200 (430 ms)
06:39:17 "POST /cf/sessions/cdb2f7be27cd2527d9dc6b58160ccde01d35637c33ceee1e639869b895278cff/tracks/new HTTP/1.1" 200 -
06:39:17 "POST /collect HTTP/1.1" 200 -
06:39:17 "POST /collect HTTP/1.1" 200 -
06:39:17 "POST /save/pub-answer-m.sdp HTTP/1.1" 200 -
06:39:17 "POST /collect HTTP/1.1" 200 -
06:39:17 "POST /collect HTTP/1.1" 200 -
06:39:17 "POST /collect HTTP/1.1" 200 -
06:39:17 CF POST /sessions/4c0ced700fb53feaf22ceecbb16c1938a79b6f1200f4931e67f823606acb8c71/tracks/new -> 200 (355 ms)
06:39:17 "POST /cf/sessions/4c0ced700fb53feaf22ceecbb16c1938a79b6f1200f4931e67f823606acb8c71/tracks/new HTTP/1.1" 200 -
06:39:17 CF POST /sessions/493b38b0b7021c697db80af174f12302e3f0c05ed5a07e9f0d75fc93c9066795/tracks/new -> 200 (362 ms)
06:39:17 "POST /cf/sessions/493b38b0b7021c697db80af174f12302e3f0c05ed5a07e9f0d75fc93c9066795/tracks/new HTTP/1.1" 200 -
06:39:17 "POST /collect HTTP/1.1" 200 -
06:39:17 "POST /collect HTTP/1.1" 200 -
06:39:17 "POST /save/pub-answer-t.sdp HTTP/1.1" 200 -
06:39:17 "POST /collect HTTP/1.1" 200 -
06:39:17 "POST /save/pub-answer-r.sdp HTTP/1.1" 200 -
06:39:17 CF POST /sessions/1c562938d47a14941f6bde54cefb44edf9b35cd24b0bd77dbe988f878e1678d8/tracks/new -> 200 (434 ms)
06:39:17 "POST /cf/sessions/1c562938d47a14941f6bde54cefb44edf9b35cd24b0bd77dbe988f878e1678d8/tracks/new HTTP/1.1" 200 -
06:39:17 "POST /collect HTTP/1.1" 200 -
06:39:17 "POST /save/pub-answer-z.sdp HTTP/1.1" 200 -
06:39:17 "POST /collect HTTP/1.1" 200 -
06:39:17 CF POST /sessions/bfa1545f53a111be7c1fe64e36ff724efc95b11de9e5302170ea36648d139f8e/tracks/new -> 200 (371 ms)
06:39:17 "POST /cf/sessions/bfa1545f53a111be7c1fe64e36ff724efc95b11de9e5302170ea36648d139f8e/tracks/new HTTP/1.1" 200 -
06:39:17 "POST /collect HTTP/1.1" 200 -
06:39:17 "POST /collect HTTP/1.1" 200 -
06:39:17 "POST /save/pub-answer-p.sdp HTTP/1.1" 200 -
06:39:17 "POST /collect HTTP/1.1" 200 -
06:39:17 "POST /collect HTTP/1.1" 200 -
06:39:17 "POST /collect HTTP/1.1" 200 -
06:39:17 "POST /collect HTTP/1.1" 200 -
06:39:17 "POST /collect HTTP/1.1" 200 -
06:39:17 CF POST /sessions/3452ed25cb18ae0f5f1bce2312e48523825e7bc9bb93bf5a7673b9070b88ed06/tracks/new -> 200 (372 ms)
06:39:17 "POST /cf/sessions/3452ed25cb18ae0f5f1bce2312e48523825e7bc9bb93bf5a7673b9070b88ed06/tracks/new HTTP/1.1" 200 -
06:39:17 CF POST /sessions/87e4c43865637cfc15b463334a2a8d35ac340487ca9423d2b1902566d4b210f6/tracks/new -> 200 (363 ms)
06:39:17 "POST /cf/sessions/87e4c43865637cfc15b463334a2a8d35ac340487ca9423d2b1902566d4b210f6/tracks/new HTTP/1.1" 200 -
06:39:17 "POST /collect HTTP/1.1" 200 -
06:39:17 "POST /collect HTTP/1.1" 200 -
06:39:17 "POST /collect HTTP/1.1" 200 -
06:39:17 "POST /save/pub-answer-h.sdp HTTP/1.1" 200 -
06:39:17 CF POST /sessions/e439cfd1f37c1b25e3ae384b95b80f5f870b3cf0ab9e68554af36c246f19d981/tracks/new -> 200 (195 ms)
06:39:17 "POST /cf/sessions/e439cfd1f37c1b25e3ae384b95b80f5f870b3cf0ab9e68554af36c246f19d981/tracks/new HTTP/1.1" 200 -
06:39:17 "POST /collect HTTP/1.1" 200 -
06:39:17 "POST /save/pub-answer-q.sdp HTTP/1.1" 200 -
06:39:17 CF POST /sessions/8386528883e7b4f96a8a4678d07131d45fb22c06c1484e3b24e520a4b7f5a9a5/tracks/new -> 200 (335 ms)
06:39:17 "POST /cf/sessions/8386528883e7b4f96a8a4678d07131d45fb22c06c1484e3b24e520a4b7f5a9a5/tracks/new HTTP/1.1" 200 -
06:39:17 "POST /collect HTTP/1.1" 200 -
06:39:17 CF POST /sessions/c298be9ae059dba4bf8e0e4ed8c440735262070587a28257e216f28387e6f1ed/tracks/new -> 200 (397 ms)
06:39:17 "POST /cf/sessions/c298be9ae059dba4bf8e0e4ed8c440735262070587a28257e216f28387e6f1ed/tracks/new HTTP/1.1" 200 -
06:39:17 "POST /collect HTTP/1.1" 200 -
06:39:17 "POST /save/pub-answer-j.sdp HTTP/1.1" 200 -
06:39:17 "POST /save/pub-answer-g.sdp HTTP/1.1" 200 -
06:39:17 CF POST /sessions/208c79d36a26389a48d57b9d374c3d5a1356cf94fb525244c31a1127c6aea9c6/tracks/new -> 200 (334 ms)
06:39:17 "POST /cf/sessions/208c79d36a26389a48d57b9d374c3d5a1356cf94fb525244c31a1127c6aea9c6/tracks/new HTTP/1.1" 200 -
06:39:17 CF POST /sessions/b4304fca2481a5da0fb6900a5d65991c4e9eea9cebec40a550d43701d0388f72/tracks/new -> 200 (402 ms)
06:39:17 "POST /cf/sessions/b4304fca2481a5da0fb6900a5d65991c4e9eea9cebec40a550d43701d0388f72/tracks/new HTTP/1.1" 200 -
06:39:17 CF POST /sessions/d12cddd334af24d7bb0ac8c306cde04d13cec32dbb8390afebc9d6c2d055a5ee/tracks/new -> 200 (386 ms)
06:39:17 CF POST /sessions/cc6aa682185594c758bf34002b5aaf7fa84b9dc415c60e4cb72345df5b28787d/tracks/new -> 200 (381 ms)
06:39:17 CF POST /sessions/e761e4b982e0d06f4c8b480e261100b6ef0e1e731ccc97cbb149862279d0088a/tracks/new -> 200 (399 ms)
06:39:17 "POST /cf/sessions/cc6aa682185594c758bf34002b5aaf7fa84b9dc415c60e4cb72345df5b28787d/tracks/new HTTP/1.1" 200 -
06:39:17 "POST /cf/sessions/e761e4b982e0d06f4c8b480e261100b6ef0e1e731ccc97cbb149862279d0088a/tracks/new HTTP/1.1" 200 -
06:39:17 "POST /cf/sessions/d12cddd334af24d7bb0ac8c306cde04d13cec32dbb8390afebc9d6c2d055a5ee/tracks/new HTTP/1.1" 200 -
06:39:17 "POST /collect HTTP/1.1" 200 -
06:39:17 "POST /collect HTTP/1.1" 200 -
06:39:17 "POST /save/pub-answer-i.sdp HTTP/1.1" 200 -
06:39:17 "POST /save/pub-answer-k.sdp HTTP/1.1" 200 -
06:39:17 "POST /save/pub-answer-u.sdp HTTP/1.1" 200 -
06:39:17 "POST /collect HTTP/1.1" 200 -
06:39:17 "POST /save/pub-answer-s.sdp HTTP/1.1" 200 -
06:39:17 "POST /save/pub-answer-o.sdp HTTP/1.1" 200 -
06:39:17 "POST /collect HTTP/1.1" 200 -
06:39:17 "POST /collect HTTP/1.1" 200 -
06:39:17 CF POST /sessions/73df3ee34eaf7d30e64b085afa67085678082ae66fd331f90142b949bab24bf1/tracks/new -> 200 (420 ms)
06:39:17 "POST /cf/sessions/73df3ee34eaf7d30e64b085afa67085678082ae66fd331f90142b949bab24bf1/tracks/new HTTP/1.1" 200 -
06:39:17 "POST /collect HTTP/1.1" 200 -
06:39:17 "POST /collect HTTP/1.1" 200 -
06:39:17 "POST /save/pub-answer-n.sdp HTTP/1.1" 200 -
06:39:17 "POST /collect HTTP/1.1" 200 -
06:39:17 "POST /collect HTTP/1.1" 200 -
06:39:17 "POST /collect HTTP/1.1" 200 -
06:39:17 "POST /collect HTTP/1.1" 200 -
06:39:17 "POST /collect HTTP/1.1" 200 -
06:39:17 "POST /collect HTTP/1.1" 200 -
06:39:17 "POST /collect HTTP/1.1" 200 -
06:39:17 "POST /collect HTTP/1.1" 200 -
06:39:17 "POST /collect HTTP/1.1" 200 -
06:39:17 "POST /collect HTTP/1.1" 200 -
06:39:17 "POST /collect HTTP/1.1" 200 -
06:39:17 "POST /collect HTTP/1.1" 200 -
06:39:17 "POST /collect HTTP/1.1" 200 -
06:39:17 "POST /collect HTTP/1.1" 200 -
06:39:17 CF POST /sessions/efe9ffcdf6767a4e9ecdc9739fe087f6670f80e0328e01b02f27a6b111ac88b4/tracks/new -> 200 (339 ms)
06:39:17 "POST /cf/sessions/efe9ffcdf6767a4e9ecdc9739fe087f6670f80e0328e01b02f27a6b111ac88b4/tracks/new HTTP/1.1" 200 -
06:39:17 "POST /collect HTTP/1.1" 200 -
06:39:17 "POST /collect HTTP/1.1" 200 -
06:39:17 "POST /collect HTTP/1.1" 200 -
06:39:17 "POST /save/pub-answer-y.sdp HTTP/1.1" 200 -
06:39:17 "POST /collect HTTP/1.1" 200 -
06:39:17 "POST /collect HTTP/1.1" 200 -
06:39:17 "POST /collect HTTP/1.1" 200 -
06:39:17 "POST /collect HTTP/1.1" 200 -
06:39:17 "POST /collect HTTP/1.1" 200 -
06:39:17 "POST /collect HTTP/1.1" 200 -
06:39:17 "POST /collect HTTP/1.1" 200 -
06:39:17 "POST /join HTTP/1.1" 200 -
06:39:17 "POST /collect HTTP/1.1" 200 -
06:39:17 CF POST /sessions/8a9a25e9d971a6ff8ed43e439328c8f737bf6a19150c937b6bcce389be48be3b/tracks/new -> 200 (330 ms)
06:39:17 "POST /cf/sessions/8a9a25e9d971a6ff8ed43e439328c8f737bf6a19150c937b6bcce389be48be3b/tracks/new HTTP/1.1" 200 -
06:39:17 "POST /save/pub-answer-w.sdp HTTP/1.1" 200 -
06:39:17 "POST /collect HTTP/1.1" 200 -
06:39:17 "POST /collect HTTP/1.1" 200 -
06:39:17 CF POST /sessions/b48af89d465ca8ab03e5316c604b71e3b2eb5f6eb90097f6c7ab835ff34002b0/tracks/new -> 200 (279 ms)
06:39:17 "POST /cf/sessions/b48af89d465ca8ab03e5316c604b71e3b2eb5f6eb90097f6c7ab835ff34002b0/tracks/new HTTP/1.1" 200 -
06:39:17 "POST /collect HTTP/1.1" 200 -
06:39:17 CF POST /sessions/c34be07e2a2acaf31c0c6d25d7ca98ab7d8ea5c723c946b3dbcb0b6351420720/tracks/new -> 200 (335 ms)
06:39:17 "POST /cf/sessions/c34be07e2a2acaf31c0c6d25d7ca98ab7d8ea5c723c946b3dbcb0b6351420720/tracks/new HTTP/1.1" 200 -
06:39:17 "POST /collect HTTP/1.1" 200 -
06:39:17 "POST /save/pub-answer-j.sdp HTTP/1.1" 200 -
06:39:17 "POST /collect HTTP/1.1" 200 -
06:39:17 "POST /collect HTTP/1.1" 200 -
06:39:17 "POST /collect HTTP/1.1" 200 -
06:39:17 "POST /collect HTTP/1.1" 200 -
06:39:17 CF PUT /sessions/e439cfd1f37c1b25e3ae384b95b80f5f870b3cf0ab9e68554af36c246f19d981/renegotiate -> 200 (154 ms)
06:39:17 "PUT /cf/sessions/e439cfd1f37c1b25e3ae384b95b80f5f870b3cf0ab9e68554af36c246f19d981/renegotiate HTTP/1.1" 200 -
06:39:17 "POST /collect HTTP/1.1" 200 -
06:39:17 "POST /collect HTTP/1.1" 200 -
06:39:17 CF POST /sessions/fb8eba60949a6de19d6de47aec4eff66bb757bfa3e8f859c33b3c819146814ee/tracks/new -> 200 (333 ms)
06:39:17 "POST /cf/sessions/fb8eba60949a6de19d6de47aec4eff66bb757bfa3e8f859c33b3c819146814ee/tracks/new HTTP/1.1" 200 -
06:39:17 "POST /save/pub-answer-e.sdp HTTP/1.1" 200 -
06:39:17 "POST /collect HTTP/1.1" 200 -
06:39:17 "POST /collect HTTP/1.1" 200 -
06:39:17 "POST /collect HTTP/1.1" 200 -
06:39:17 CF POST /sessions/cff84ee938340a51bc3bb2e5a69e8a344d7d67f259542f94f07ccf8fcdd43f96/tracks/new -> 200 (337 ms)
06:39:17 "POST /cf/sessions/cff84ee938340a51bc3bb2e5a69e8a344d7d67f259542f94f07ccf8fcdd43f96/tracks/new HTTP/1.1" 200 -
06:39:17 "POST /save/pub-answer-f.sdp HTTP/1.1" 200 -
06:39:17 "POST /join HTTP/1.1" 200 -
06:39:17 "POST /collect HTTP/1.1" 200 -
06:39:17 "POST /collect HTTP/1.1" 200 -
06:39:17 "POST /collect HTTP/1.1" 200 -
06:39:17 "POST /collect HTTP/1.1" 200 -
06:39:17 "POST /join HTTP/1.1" 200 -
06:39:17 "POST /join HTTP/1.1" 200 -
06:39:17 "POST /collect HTTP/1.1" 200 -
06:39:17 "POST /collect HTTP/1.1" 200 -
06:39:17 CF POST /sessions/d8d92b3d43e13d70542f4952e0cea4c5efaa075204a51779feb26bb11469dae4/tracks/new -> 200 (365 ms)
06:39:17 "POST /cf/sessions/d8d92b3d43e13d70542f4952e0cea4c5efaa075204a51779feb26bb11469dae4/tracks/new HTTP/1.1" 200 -
06:39:17 "POST /save/pub-answer-x.sdp HTTP/1.1" 200 -
06:39:17 CF POST /sessions/a25d3d11f4a51d32c109d982654f84927f499a2b2f8fce88bb99af95689df98b/tracks/new -> 200 (384 ms)
06:39:17 CF POST /sessions/2f110d8d7569c9693afe3e58f4e4a20c3a5740493f197e74d30afa6523007bfc/tracks/new -> 200 (390 ms)
06:39:17 "POST /cf/sessions/a25d3d11f4a51d32c109d982654f84927f499a2b2f8fce88bb99af95689df98b/tracks/new HTTP/1.1" 200 -
06:39:17 "POST /cf/sessions/2f110d8d7569c9693afe3e58f4e4a20c3a5740493f197e74d30afa6523007bfc/tracks/new HTTP/1.1" 200 -
06:39:17 "POST /collect HTTP/1.1" 200 -
06:39:17 "POST /save/pub-answer-z.sdp HTTP/1.1" 200 -
06:39:17 "POST /save/pub-answer-a.sdp HTTP/1.1" 200 -
06:39:17 "POST /collect HTTP/1.1" 200 -
06:39:17 "POST /collect HTTP/1.1" 200 -
06:39:17 CF POST /sessions/2cd664ee32ba2f2d885567d97759b1005f2625c240e074d65925abb20842daa5/tracks/new -> 200 (383 ms)
06:39:17 "POST /cf/sessions/2cd664ee32ba2f2d885567d97759b1005f2625c240e074d65925abb20842daa5/tracks/new HTTP/1.1" 200 -
06:39:17 CF POST /sessions/002e8ea8335f9d33bd41755d78612748a385ac97a8c31caa6553d66b1d431f47/tracks/new -> 200 (403 ms)
06:39:17 "POST /cf/sessions/002e8ea8335f9d33bd41755d78612748a385ac97a8c31caa6553d66b1d431f47/tracks/new HTTP/1.1" 200 -
06:39:17 "POST /collect HTTP/1.1" 200 -
06:39:17 CF POST /sessions/1750be7450229f568e49a0f0cd4acfbb7dd2c09a2cd31df9ba0e81a91ea0f15e/tracks/new -> 200 (342 ms)
06:39:17 "POST /cf/sessions/1750be7450229f568e49a0f0cd4acfbb7dd2c09a2cd31df9ba0e81a91ea0f15e/tracks/new HTTP/1.1" 200 -
06:39:17 "POST /save/pub-answer-d.sdp HTTP/1.1" 200 -
06:39:17 "POST /collect HTTP/1.1" 200 -
06:39:17 "POST /save/pub-answer-c.sdp HTTP/1.1" 200 -
06:39:17 "POST /save/pub-answer-x.sdp HTTP/1.1" 200 -
06:39:17 "POST /collect HTTP/1.1" 200 -
06:39:17 "POST /collect HTTP/1.1" 200 -
06:39:17 "POST /collect HTTP/1.1" 200 -
06:39:17 "POST /collect HTTP/1.1" 200 -
06:39:17 "POST /collect HTTP/1.1" 200 -
06:39:17 "POST /collect HTTP/1.1" 200 -
06:39:17 "POST /collect HTTP/1.1" 200 -
06:39:17 "POST /collect HTTP/1.1" 200 -
06:39:17 "POST /collect HTTP/1.1" 200 -
06:39:17 "POST /collect HTTP/1.1" 200 -
06:39:17 "POST /collect HTTP/1.1" 200 -
06:39:17 "POST /collect HTTP/1.1" 200 -
06:39:17 "POST /collect HTTP/1.1" 200 -
06:39:17 CF POST /sessions/a6d8c5b60869a48f266061b5d8dc5791e74aec347a28c4d392f5dd43ee0d01d3/tracks/new -> 200 (352 ms)
06:39:17 "POST /cf/sessions/a6d8c5b60869a48f266061b5d8dc5791e74aec347a28c4d392f5dd43ee0d01d3/tracks/new HTTP/1.1" 200 -
06:39:17 "POST /save/pub-answer-i.sdp HTTP/1.1" 200 -
06:39:17 "POST /collect HTTP/1.1" 200 -
06:39:17 "POST /collect HTTP/1.1" 200 -
06:39:17 "POST /collect HTTP/1.1" 200 -
06:39:17 "POST /collect HTTP/1.1" 200 -
06:39:17 "POST /collect HTTP/1.1" 200 -
06:39:17 "POST /collect HTTP/1.1" 200 -
06:39:17 CF POST /sessions/e439cfd1f37c1b25e3ae384b95b80f5f870b3cf0ab9e68554af36c246f19d981/tracks/new -> 200 (194 ms)
06:39:17 "POST /cf/sessions/e439cfd1f37c1b25e3ae384b95b80f5f870b3cf0ab9e68554af36c246f19d981/tracks/new HTTP/1.1" 200 -
06:39:17 "POST /collect HTTP/1.1" 200 -
06:39:17 "POST /collect HTTP/1.1" 200 -
06:39:17 "POST /collect HTTP/1.1" 200 -
06:39:17 CF PUT /sessions/b48af89d465ca8ab03e5316c604b71e3b2eb5f6eb90097f6c7ab835ff34002b0/renegotiate -> 200 (258 ms)
06:39:17 "PUT /cf/sessions/b48af89d465ca8ab03e5316c604b71e3b2eb5f6eb90097f6c7ab835ff34002b0/renegotiate HTTP/1.1" 200 -
06:39:17 "POST /collect HTTP/1.1" 200 -
06:39:18 "POST /collect HTTP/1.1" 200 -
06:39:18 "POST /collect HTTP/1.1" 200 -
06:39:18 "POST /collect HTTP/1.1" 200 -
06:39:18 "POST /collect HTTP/1.1" 200 -
06:39:18 "POST /collect HTTP/1.1" 200 -
06:39:18 CF PUT /sessions/e439cfd1f37c1b25e3ae384b95b80f5f870b3cf0ab9e68554af36c246f19d981/renegotiate -> 200 (198 ms)
06:39:18 "PUT /cf/sessions/e439cfd1f37c1b25e3ae384b95b80f5f870b3cf0ab9e68554af36c246f19d981/renegotiate HTTP/1.1" 200 -
06:39:18 "POST /collect HTTP/1.1" 200 -
06:39:18 "POST /collect HTTP/1.1" 200 -
06:39:18 "POST /collect HTTP/1.1" 200 -
06:39:18 "POST /collect HTTP/1.1" 200 -
06:39:18 "POST /collect HTTP/1.1" 200 -
06:39:18 "POST /collect HTTP/1.1" 200 -
06:39:18 "POST /collect HTTP/1.1" 200 -
06:39:18 "POST /collect HTTP/1.1" 200 -
06:39:18 "POST /collect HTTP/1.1" 200 -
06:39:18 "POST /collect HTTP/1.1" 200 -
06:39:18 CF POST /sessions/b48af89d465ca8ab03e5316c604b71e3b2eb5f6eb90097f6c7ab835ff34002b0/tracks/new -> 200 (257 ms)
06:39:18 "POST /cf/sessions/b48af89d465ca8ab03e5316c604b71e3b2eb5f6eb90097f6c7ab835ff34002b0/tracks/new HTTP/1.1" 200 -
06:39:18 "POST /join HTTP/1.1" 200 -
06:39:18 "POST /join HTTP/1.1" 200 -
06:39:18 "POST /collect HTTP/1.1" 200 -
06:39:18 "POST /collect HTTP/1.1" 200 -
06:39:18 "POST /join HTTP/1.1" 200 -
06:39:18 "POST /join HTTP/1.1" 200 -
06:39:18 "POST /join HTTP/1.1" 200 -
06:39:18 "POST /collect HTTP/1.1" 200 -
06:39:18 "POST /collect HTTP/1.1" 200 -
06:39:18 "POST /join HTTP/1.1" 200 -
06:39:18 "POST /join HTTP/1.1" 200 -
06:39:18 "POST /collect HTTP/1.1" 200 -
06:39:18 "POST /collect HTTP/1.1" 200 -
06:39:18 "POST /collect HTTP/1.1" 200 -
06:39:18 "POST /collect HTTP/1.1" 200 -
06:39:18 CF POST /sessions/e439cfd1f37c1b25e3ae384b95b80f5f870b3cf0ab9e68554af36c246f19d981/tracks/new -> 200 (221 ms)
06:39:18 "POST /cf/sessions/e439cfd1f37c1b25e3ae384b95b80f5f870b3cf0ab9e68554af36c246f19d981/tracks/new HTTP/1.1" 200 -
06:39:18 CF PUT /sessions/b48af89d465ca8ab03e5316c604b71e3b2eb5f6eb90097f6c7ab835ff34002b0/renegotiate -> 200 (208 ms)
06:39:18 "PUT /cf/sessions/b48af89d465ca8ab03e5316c604b71e3b2eb5f6eb90097f6c7ab835ff34002b0/renegotiate HTTP/1.1" 200 -
06:39:18 "POST /collect HTTP/1.1" 200 -
06:39:18 CF PUT /sessions/e439cfd1f37c1b25e3ae384b95b80f5f870b3cf0ab9e68554af36c246f19d981/renegotiate -> 200 (162 ms)
06:39:18 "PUT /cf/sessions/e439cfd1f37c1b25e3ae384b95b80f5f870b3cf0ab9e68554af36c246f19d981/renegotiate HTTP/1.1" 200 -
06:39:18 "POST /collect HTTP/1.1" 200 -
06:39:18 "POST /collect HTTP/1.1" 200 -
06:39:18 CF POST /sessions/b48af89d465ca8ab03e5316c604b71e3b2eb5f6eb90097f6c7ab835ff34002b0/tracks/new -> 200 (205 ms)
06:39:18 "POST /cf/sessions/b48af89d465ca8ab03e5316c604b71e3b2eb5f6eb90097f6c7ab835ff34002b0/tracks/new HTTP/1.1" 200 -
06:39:18 CF POST /sessions/e439cfd1f37c1b25e3ae384b95b80f5f870b3cf0ab9e68554af36c246f19d981/tracks/new -> 200 (138 ms)
06:39:18 "POST /cf/sessions/e439cfd1f37c1b25e3ae384b95b80f5f870b3cf0ab9e68554af36c246f19d981/tracks/new HTTP/1.1" 200 -
06:39:18 CF PUT /sessions/b48af89d465ca8ab03e5316c604b71e3b2eb5f6eb90097f6c7ab835ff34002b0/renegotiate -> 200 (158 ms)
06:39:18 "PUT /cf/sessions/b48af89d465ca8ab03e5316c604b71e3b2eb5f6eb90097f6c7ab835ff34002b0/renegotiate HTTP/1.1" 200 -
06:39:18 "POST /collect HTTP/1.1" 200 -
06:39:18 CF PUT /sessions/e439cfd1f37c1b25e3ae384b95b80f5f870b3cf0ab9e68554af36c246f19d981/renegotiate -> 200 (172 ms)
06:39:18 "PUT /cf/sessions/e439cfd1f37c1b25e3ae384b95b80f5f870b3cf0ab9e68554af36c246f19d981/renegotiate HTTP/1.1" 200 -
06:39:18 "GET /roster HTTP/1.1" 200 -
06:39:18 "POST /collect HTTP/1.1" 200 -
06:39:18 "POST /collect HTTP/1.1" 200 -
06:39:18 "POST /collect HTTP/1.1" 200 -
06:39:18 "GET /roster HTTP/1.1" 200 -
06:39:18 "POST /collect HTTP/1.1" 200 -
06:39:19 "POST /collect HTTP/1.1" 200 -
06:39:19 "POST /collect HTTP/1.1" 200 -
06:39:19 "POST /collect HTTP/1.1" 200 -
06:39:19 CF POST /sessions/e439cfd1f37c1b25e3ae384b95b80f5f870b3cf0ab9e68554af36c246f19d981/tracks/new -> 200 (199 ms)
06:39:19 "POST /cf/sessions/e439cfd1f37c1b25e3ae384b95b80f5f870b3cf0ab9e68554af36c246f19d981/tracks/new HTTP/1.1" 200 -
06:39:19 CF POST /sessions/b48af89d465ca8ab03e5316c604b71e3b2eb5f6eb90097f6c7ab835ff34002b0/tracks/new -> 200 (295 ms)
06:39:19 "POST /cf/sessions/b48af89d465ca8ab03e5316c604b71e3b2eb5f6eb90097f6c7ab835ff34002b0/tracks/new HTTP/1.1" 200 -
06:39:19 "POST /collect HTTP/1.1" 200 -
06:39:19 "POST /collect HTTP/1.1" 200 -
06:39:19 "POST /collect HTTP/1.1" 200 -
06:39:19 "POST /collect HTTP/1.1" 200 -
06:39:19 "POST /collect HTTP/1.1" 200 -
06:39:19 "POST /join HTTP/1.1" 200 -
06:39:19 "POST /join HTTP/1.1" 200 -
06:39:19 "POST /join HTTP/1.1" 200 -
06:39:19 "POST /collect HTTP/1.1" 200 -
06:39:19 "POST /collect HTTP/1.1" 200 -
06:39:19 "POST /collect HTTP/1.1" 200 -
06:39:19 "POST /join HTTP/1.1" 200 -
06:39:19 "POST /collect HTTP/1.1" 200 -
06:39:19 "POST /collect HTTP/1.1" 200 -
06:39:19 CF PUT /sessions/e439cfd1f37c1b25e3ae384b95b80f5f870b3cf0ab9e68554af36c246f19d981/renegotiate -> 200 (171 ms)
06:39:19 "PUT /cf/sessions/e439cfd1f37c1b25e3ae384b95b80f5f870b3cf0ab9e68554af36c246f19d981/renegotiate HTTP/1.1" 200 -
06:39:19 "POST /collect HTTP/1.1" 200 -
06:39:19 CF PUT /sessions/b48af89d465ca8ab03e5316c604b71e3b2eb5f6eb90097f6c7ab835ff34002b0/renegotiate -> 200 (183 ms)
06:39:19 "PUT /cf/sessions/b48af89d465ca8ab03e5316c604b71e3b2eb5f6eb90097f6c7ab835ff34002b0/renegotiate HTTP/1.1" 200 -
06:39:19 "POST /collect HTTP/1.1" 200 -
06:39:19 CF POST /sessions/e439cfd1f37c1b25e3ae384b95b80f5f870b3cf0ab9e68554af36c246f19d981/tracks/new -> 200 (190 ms)
06:39:19 "POST /cf/sessions/e439cfd1f37c1b25e3ae384b95b80f5f870b3cf0ab9e68554af36c246f19d981/tracks/new HTTP/1.1" 200 -
06:39:19 CF POST /sessions/b48af89d465ca8ab03e5316c604b71e3b2eb5f6eb90097f6c7ab835ff34002b0/tracks/new -> 200 (220 ms)
06:39:19 "POST /cf/sessions/b48af89d465ca8ab03e5316c604b71e3b2eb5f6eb90097f6c7ab835ff34002b0/tracks/new HTTP/1.1" 200 -
06:39:19 "POST /collect HTTP/1.1" 200 -
06:39:19 "POST /collect HTTP/1.1" 200 -
06:39:19 "POST /collect HTTP/1.1" 200 -
06:39:19 CF PUT /sessions/e439cfd1f37c1b25e3ae384b95b80f5f870b3cf0ab9e68554af36c246f19d981/renegotiate -> 200 (178 ms)
06:39:19 "PUT /cf/sessions/e439cfd1f37c1b25e3ae384b95b80f5f870b3cf0ab9e68554af36c246f19d981/renegotiate HTTP/1.1" 200 -
06:39:19 "POST /collect HTTP/1.1" 200 -
06:39:19 "POST /collect HTTP/1.1" 200 -
06:39:19 "POST /collect HTTP/1.1" 200 -
06:39:19 CF PUT /sessions/b48af89d465ca8ab03e5316c604b71e3b2eb5f6eb90097f6c7ab835ff34002b0/renegotiate -> 200 (201 ms)
06:39:19 "PUT /cf/sessions/b48af89d465ca8ab03e5316c604b71e3b2eb5f6eb90097f6c7ab835ff34002b0/renegotiate HTTP/1.1" 200 -
06:39:19 "POST /collect HTTP/1.1" 200 -
06:39:19 CF POST /sessions/e439cfd1f37c1b25e3ae384b95b80f5f870b3cf0ab9e68554af36c246f19d981/tracks/new -> 200 (205 ms)
06:39:19 "POST /cf/sessions/e439cfd1f37c1b25e3ae384b95b80f5f870b3cf0ab9e68554af36c246f19d981/tracks/new HTTP/1.1" 200 -
06:39:20 CF POST /sessions/b48af89d465ca8ab03e5316c604b71e3b2eb5f6eb90097f6c7ab835ff34002b0/tracks/new -> 200 (213 ms)
06:39:20 "POST /cf/sessions/b48af89d465ca8ab03e5316c604b71e3b2eb5f6eb90097f6c7ab835ff34002b0/tracks/new HTTP/1.1" 200 -
06:39:20 "POST /collect HTTP/1.1" 200 -
06:39:20 CF PUT /sessions/e439cfd1f37c1b25e3ae384b95b80f5f870b3cf0ab9e68554af36c246f19d981/renegotiate -> 200 (168 ms)
06:39:20 "PUT /cf/sessions/e439cfd1f37c1b25e3ae384b95b80f5f870b3cf0ab9e68554af36c246f19d981/renegotiate HTTP/1.1" 200 -
06:39:20 "POST /collect HTTP/1.1" 200 -
06:39:20 "POST /collect HTTP/1.1" 200 -
06:39:20 "POST /collect HTTP/1.1" 200 -
06:39:20 "POST /collect HTTP/1.1" 200 -
06:39:20 "POST /collect HTTP/1.1" 200 -
06:39:20 "POST /join HTTP/1.1" 200 -
06:39:20 "POST /join HTTP/1.1" 200 -
06:39:20 "POST /collect HTTP/1.1" 200 -
06:39:20 "POST /join HTTP/1.1" 200 -
06:39:20 "POST /collect HTTP/1.1" 200 -
06:39:20 "POST /collect HTTP/1.1" 200 -
06:39:20 "POST /collect HTTP/1.1" 200 -
06:39:20 CF PUT /sessions/b48af89d465ca8ab03e5316c604b71e3b2eb5f6eb90097f6c7ab835ff34002b0/renegotiate -> 200 (188 ms)
06:39:20 "PUT /cf/sessions/b48af89d465ca8ab03e5316c604b71e3b2eb5f6eb90097f6c7ab835ff34002b0/renegotiate HTTP/1.1" 200 -
06:39:20 "POST /collect HTTP/1.1" 200 -
06:39:20 CF POST /sessions/e439cfd1f37c1b25e3ae384b95b80f5f870b3cf0ab9e68554af36c246f19d981/tracks/new -> 200 (160 ms)
06:39:20 "POST /cf/sessions/e439cfd1f37c1b25e3ae384b95b80f5f870b3cf0ab9e68554af36c246f19d981/tracks/new HTTP/1.1" 200 -
06:39:20 CF POST /sessions/b48af89d465ca8ab03e5316c604b71e3b2eb5f6eb90097f6c7ab835ff34002b0/tracks/new -> 200 (270 ms)
06:39:20 "POST /cf/sessions/b48af89d465ca8ab03e5316c604b71e3b2eb5f6eb90097f6c7ab835ff34002b0/tracks/new HTTP/1.1" 200 -
06:39:20 CF PUT /sessions/e439cfd1f37c1b25e3ae384b95b80f5f870b3cf0ab9e68554af36c246f19d981/renegotiate -> 200 (186 ms)
06:39:20 "PUT /cf/sessions/e439cfd1f37c1b25e3ae384b95b80f5f870b3cf0ab9e68554af36c246f19d981/renegotiate HTTP/1.1" 200 -
06:39:20 "POST /collect HTTP/1.1" 200 -
06:39:20 "POST /collect HTTP/1.1" 200 -
06:39:20 "POST /collect HTTP/1.1" 200 -
06:39:20 "POST /collect HTTP/1.1" 200 -
06:39:20 "POST /collect HTTP/1.1" 200 -
06:39:20 CF POST /sessions/e439cfd1f37c1b25e3ae384b95b80f5f870b3cf0ab9e68554af36c246f19d981/tracks/new -> 200 (198 ms)
06:39:20 "POST /cf/sessions/e439cfd1f37c1b25e3ae384b95b80f5f870b3cf0ab9e68554af36c246f19d981/tracks/new HTTP/1.1" 200 -
06:39:20 "POST /collect HTTP/1.1" 200 -
06:39:20 CF PUT /sessions/b48af89d465ca8ab03e5316c604b71e3b2eb5f6eb90097f6c7ab835ff34002b0/renegotiate -> 200 (219 ms)
06:39:20 "PUT /cf/sessions/b48af89d465ca8ab03e5316c604b71e3b2eb5f6eb90097f6c7ab835ff34002b0/renegotiate HTTP/1.1" 200 -
06:39:20 "POST /collect HTTP/1.1" 200 -
06:39:20 "POST /collect HTTP/1.1" 200 -
06:39:20 "POST /collect HTTP/1.1" 200 -
06:39:20 "GET /roster HTTP/1.1" 200 -
06:39:20 "POST /collect HTTP/1.1" 200 -
06:39:20 "POST /collect HTTP/1.1" 200 -
06:39:20 "POST /collect HTTP/1.1" 200 -
06:39:20 "GET /roster HTTP/1.1" 200 -
06:39:20 "POST /collect HTTP/1.1" 200 -
06:39:20 "POST /collect HTTP/1.1" 200 -
06:39:21 "POST /collect HTTP/1.1" 200 -
06:39:21 "POST /collect HTTP/1.1" 200 -
06:39:21 "POST /collect HTTP/1.1" 200 -
06:39:21 "POST /collect HTTP/1.1" 200 -
06:39:21 "POST /collect HTTP/1.1" 200 -
06:39:21 CF PUT /sessions/e439cfd1f37c1b25e3ae384b95b80f5f870b3cf0ab9e68554af36c246f19d981/renegotiate -> 200 (187 ms)
06:39:21 "PUT /cf/sessions/e439cfd1f37c1b25e3ae384b95b80f5f870b3cf0ab9e68554af36c246f19d981/renegotiate HTTP/1.1" 200 -
06:39:21 "POST /collect HTTP/1.1" 200 -
06:39:21 CF POST /sessions/b48af89d465ca8ab03e5316c604b71e3b2eb5f6eb90097f6c7ab835ff34002b0/tracks/new -> 200 (250 ms)
06:39:21 "POST /cf/sessions/b48af89d465ca8ab03e5316c604b71e3b2eb5f6eb90097f6c7ab835ff34002b0/tracks/new HTTP/1.1" 200 -
06:39:21 "POST /collect HTTP/1.1" 200 -
06:39:21 "POST /collect HTTP/1.1" 200 -
06:39:21 "POST /collect HTTP/1.1" 200 -
06:39:21 "POST /collect HTTP/1.1" 200 -
06:39:21 "POST /collect HTTP/1.1" 200 -
06:39:21 "POST /collect HTTP/1.1" 200 -
06:39:21 CF POST /sessions/e439cfd1f37c1b25e3ae384b95b80f5f870b3cf0ab9e68554af36c246f19d981/tracks/new -> 200 (161 ms)
06:39:21 "POST /cf/sessions/e439cfd1f37c1b25e3ae384b95b80f5f870b3cf0ab9e68554af36c246f19d981/tracks/new HTTP/1.1" 200 -
06:39:21 "POST /join HTTP/1.1" 200 -
06:39:21 "POST /collect HTTP/1.1" 200 -
06:39:21 "POST /collect HTTP/1.1" 200 -
06:39:21 "POST /collect HTTP/1.1" 200 -
06:39:21 "POST /collect HTTP/1.1" 200 -
06:39:21 "POST /collect HTTP/1.1" 200 -
06:39:21 "POST /join HTTP/1.1" 200 -
06:39:21 "POST /join HTTP/1.1" 200 -
06:39:21 "POST /collect HTTP/1.1" 200 -
06:39:21 "POST /collect HTTP/1.1" 200 -
06:39:21 "POST /collect HTTP/1.1" 200 -
06:39:21 "POST /collect HTTP/1.1" 200 -
06:39:21 "POST /collect HTTP/1.1" 200 -
06:39:21 "POST /join HTTP/1.1" 200 -
06:39:21 "POST /collect HTTP/1.1" 200 -
06:39:21 "POST /join HTTP/1.1" 200 -
06:39:21 "POST /collect HTTP/1.1" 200 -
06:39:21 "POST /collect HTTP/1.1" 200 -
06:39:21 CF PUT /sessions/b48af89d465ca8ab03e5316c604b71e3b2eb5f6eb90097f6c7ab835ff34002b0/renegotiate -> 200 (227 ms)
06:39:21 "PUT /cf/sessions/b48af89d465ca8ab03e5316c604b71e3b2eb5f6eb90097f6c7ab835ff34002b0/renegotiate HTTP/1.1" 200 -
06:39:21 "POST /collect HTTP/1.1" 200 -
06:39:21 CF PUT /sessions/e439cfd1f37c1b25e3ae384b95b80f5f870b3cf0ab9e68554af36c246f19d981/renegotiate -> 200 (228 ms)
06:39:21 "PUT /cf/sessions/e439cfd1f37c1b25e3ae384b95b80f5f870b3cf0ab9e68554af36c246f19d981/renegotiate HTTP/1.1" 200 -
06:39:21 "POST /collect HTTP/1.1" 200 -
06:39:21 CF POST /sessions/b48af89d465ca8ab03e5316c604b71e3b2eb5f6eb90097f6c7ab835ff34002b0/tracks/new -> 200 (229 ms)
06:39:21 "POST /cf/sessions/b48af89d465ca8ab03e5316c604b71e3b2eb5f6eb90097f6c7ab835ff34002b0/tracks/new HTTP/1.1" 200 -
06:39:21 "POST /collect HTTP/1.1" 200 -
06:39:21 CF POST /sessions/e439cfd1f37c1b25e3ae384b95b80f5f870b3cf0ab9e68554af36c246f19d981/tracks/new -> 200 (143 ms)
06:39:21 "POST /cf/sessions/e439cfd1f37c1b25e3ae384b95b80f5f870b3cf0ab9e68554af36c246f19d981/tracks/new HTTP/1.1" 200 -
06:39:21 CF PUT /sessions/b48af89d465ca8ab03e5316c604b71e3b2eb5f6eb90097f6c7ab835ff34002b0/renegotiate -> 200 (186 ms)
06:39:21 "PUT /cf/sessions/b48af89d465ca8ab03e5316c604b71e3b2eb5f6eb90097f6c7ab835ff34002b0/renegotiate HTTP/1.1" 200 -
06:39:21 "POST /collect HTTP/1.1" 200 -
06:39:21 "POST /collect HTTP/1.1" 200 -
06:39:21 CF PUT /sessions/e439cfd1f37c1b25e3ae384b95b80f5f870b3cf0ab9e68554af36c246f19d981/renegotiate -> 200 (181 ms)
06:39:21 "PUT /cf/sessions/e439cfd1f37c1b25e3ae384b95b80f5f870b3cf0ab9e68554af36c246f19d981/renegotiate HTTP/1.1" 200 -
06:39:21 "POST /collect HTTP/1.1" 200 -
06:39:22 "POST /collect HTTP/1.1" 200 -
06:39:22 CF POST /sessions/b48af89d465ca8ab03e5316c604b71e3b2eb5f6eb90097f6c7ab835ff34002b0/tracks/new -> 200 (200 ms)
06:39:22 "POST /cf/sessions/b48af89d465ca8ab03e5316c604b71e3b2eb5f6eb90097f6c7ab835ff34002b0/tracks/new HTTP/1.1" 200 -
06:39:22 CF POST /sessions/e439cfd1f37c1b25e3ae384b95b80f5f870b3cf0ab9e68554af36c246f19d981/tracks/new -> 200 (160 ms)
06:39:22 "POST /cf/sessions/e439cfd1f37c1b25e3ae384b95b80f5f870b3cf0ab9e68554af36c246f19d981/tracks/new HTTP/1.1" 200 -
06:39:22 "POST /collect HTTP/1.1" 200 -
06:39:22 "POST /collect HTTP/1.1" 200 -
06:39:22 "POST /collect HTTP/1.1" 200 -
06:39:22 "POST /collect HTTP/1.1" 200 -
06:39:22 "POST /collect HTTP/1.1" 200 -
06:39:22 "POST /collect HTTP/1.1" 200 -
06:39:22 "POST /collect HTTP/1.1" 200 -
06:39:22 "POST /collect HTTP/1.1" 200 -
06:39:22 "POST /collect HTTP/1.1" 200 -
06:39:22 "POST /collect HTTP/1.1" 200 -
06:39:22 "POST /collect HTTP/1.1" 200 -
06:39:22 "POST /collect HTTP/1.1" 200 -
06:39:22 "POST /join HTTP/1.1" 200 -
06:39:22 "POST /join HTTP/1.1" 200 -
06:39:22 "POST /join HTTP/1.1" 200 -
06:39:22 "POST /collect HTTP/1.1" 200 -
06:39:22 "POST /join HTTP/1.1" 200 -
06:39:22 "POST /collect HTTP/1.1" 200 -
06:39:22 "POST /collect HTTP/1.1" 200 -
06:39:22 CF PUT /sessions/b48af89d465ca8ab03e5316c604b71e3b2eb5f6eb90097f6c7ab835ff34002b0/renegotiate -> 200 (235 ms)
06:39:22 "PUT /cf/sessions/b48af89d465ca8ab03e5316c604b71e3b2eb5f6eb90097f6c7ab835ff34002b0/renegotiate HTTP/1.1" 200 -
06:39:22 "POST /collect HTTP/1.1" 200 -
06:39:22 "POST /collect HTTP/1.1" 200 -
06:39:22 CF PUT /sessions/e439cfd1f37c1b25e3ae384b95b80f5f870b3cf0ab9e68554af36c246f19d981/renegotiate -> 200 (246 ms)
06:39:22 "PUT /cf/sessions/e439cfd1f37c1b25e3ae384b95b80f5f870b3cf0ab9e68554af36c246f19d981/renegotiate HTTP/1.1" 200 -
06:39:22 "POST /collect HTTP/1.1" 200 -
06:39:22 CF POST /sessions/b48af89d465ca8ab03e5316c604b71e3b2eb5f6eb90097f6c7ab835ff34002b0/tracks/new -> 200 (230 ms)
06:39:22 "POST /cf/sessions/b48af89d465ca8ab03e5316c604b71e3b2eb5f6eb90097f6c7ab835ff34002b0/tracks/new HTTP/1.1" 200 -
06:39:22 CF POST /sessions/e439cfd1f37c1b25e3ae384b95b80f5f870b3cf0ab9e68554af36c246f19d981/tracks/new -> 200 (213 ms)
06:39:22 "POST /cf/sessions/e439cfd1f37c1b25e3ae384b95b80f5f870b3cf0ab9e68554af36c246f19d981/tracks/new HTTP/1.1" 200 -
06:39:22 "POST /collect HTTP/1.1" 200 -
06:39:22 "POST /collect HTTP/1.1" 200 -
06:39:22 "POST /collect HTTP/1.1" 200 -
06:39:22 "POST /collect HTTP/1.1" 200 -
06:39:22 "POST /collect HTTP/1.1" 200 -
06:39:22 "GET /roster HTTP/1.1" 200 -
06:39:22 "POST /collect HTTP/1.1" 200 -
06:39:22 "GET /roster HTTP/1.1" 200 -
06:39:22 "POST /collect HTTP/1.1" 200 -
06:39:22 CF PUT /sessions/b48af89d465ca8ab03e5316c604b71e3b2eb5f6eb90097f6c7ab835ff34002b0/renegotiate -> 200 (272 ms)
06:39:22 "PUT /cf/sessions/b48af89d465ca8ab03e5316c604b71e3b2eb5f6eb90097f6c7ab835ff34002b0/renegotiate HTTP/1.1" 200 -
06:39:22 "POST /collect HTTP/1.1" 200 -
06:39:22 CF PUT /sessions/e439cfd1f37c1b25e3ae384b95b80f5f870b3cf0ab9e68554af36c246f19d981/renegotiate -> 200 (255 ms)
06:39:22 "PUT /cf/sessions/e439cfd1f37c1b25e3ae384b95b80f5f870b3cf0ab9e68554af36c246f19d981/renegotiate HTTP/1.1" 200 -
06:39:22 "POST /collect HTTP/1.1" 200 -
06:39:23 "POST /collect HTTP/1.1" 200 -
06:39:23 CF POST /sessions/e439cfd1f37c1b25e3ae384b95b80f5f870b3cf0ab9e68554af36c246f19d981/tracks/new -> 200 (241 ms)
06:39:23 "POST /cf/sessions/e439cfd1f37c1b25e3ae384b95b80f5f870b3cf0ab9e68554af36c246f19d981/tracks/new HTTP/1.1" 200 -
06:39:23 "POST /collect HTTP/1.1" 200 -
06:39:23 CF POST /sessions/b48af89d465ca8ab03e5316c604b71e3b2eb5f6eb90097f6c7ab835ff34002b0/tracks/new -> 200 (253 ms)
06:39:23 "POST /cf/sessions/b48af89d465ca8ab03e5316c604b71e3b2eb5f6eb90097f6c7ab835ff34002b0/tracks/new HTTP/1.1" 200 -
06:39:23 "POST /collect HTTP/1.1" 200 -
06:39:23 "POST /collect HTTP/1.1" 200 -
06:39:23 "POST /join HTTP/1.1" 200 -
06:39:23 "POST /join HTTP/1.1" 200 -
06:39:23 "POST /join HTTP/1.1" 200 -
06:39:23 "POST /collect HTTP/1.1" 200 -
06:39:23 "POST /collect HTTP/1.1" 200 -
06:39:23 "POST /collect HTTP/1.1" 200 -
06:39:23 "POST /collect HTTP/1.1" 200 -
06:39:23 "POST /collect HTTP/1.1" 200 -
06:39:23 "POST /collect HTTP/1.1" 200 -
06:39:23 "POST /collect HTTP/1.1" 200 -
06:39:23 CF PUT /sessions/e439cfd1f37c1b25e3ae384b95b80f5f870b3cf0ab9e68554af36c246f19d981/renegotiate -> 200 (235 ms)
06:39:23 "PUT /cf/sessions/e439cfd1f37c1b25e3ae384b95b80f5f870b3cf0ab9e68554af36c246f19d981/renegotiate HTTP/1.1" 200 -
06:39:23 "POST /collect HTTP/1.1" 200 -
06:39:23 CF PUT /sessions/b48af89d465ca8ab03e5316c604b71e3b2eb5f6eb90097f6c7ab835ff34002b0/renegotiate -> 200 (256 ms)
06:39:23 "PUT /cf/sessions/b48af89d465ca8ab03e5316c604b71e3b2eb5f6eb90097f6c7ab835ff34002b0/renegotiate HTTP/1.1" 200 -
06:39:23 "POST /collect HTTP/1.1" 200 -
06:39:23 "POST /collect HTTP/1.1" 200 -
06:39:23 "POST /collect HTTP/1.1" 200 -
06:39:23 "POST /collect HTTP/1.1" 200 -
06:39:23 "POST /collect HTTP/1.1" 200 -
06:39:23 CF POST /sessions/e439cfd1f37c1b25e3ae384b95b80f5f870b3cf0ab9e68554af36c246f19d981/tracks/new -> 200 (258 ms)
06:39:23 "POST /cf/sessions/e439cfd1f37c1b25e3ae384b95b80f5f870b3cf0ab9e68554af36c246f19d981/tracks/new HTTP/1.1" 200 -
06:39:23 "POST /collect HTTP/1.1" 200 -
06:39:23 "POST /collect HTTP/1.1" 200 -
06:39:23 "POST /collect HTTP/1.1" 200 -
06:39:23 CF POST /sessions/b48af89d465ca8ab03e5316c604b71e3b2eb5f6eb90097f6c7ab835ff34002b0/tracks/new -> 200 (308 ms)
06:39:23 "POST /cf/sessions/b48af89d465ca8ab03e5316c604b71e3b2eb5f6eb90097f6c7ab835ff34002b0/tracks/new HTTP/1.1" 200 -
06:39:23 "POST /collect HTTP/1.1" 200 -
06:39:23 "POST /collect HTTP/1.1" 200 -
06:39:23 "POST /collect HTTP/1.1" 200 -
06:39:24 "POST /collect HTTP/1.1" 200 -
06:39:24 "POST /collect HTTP/1.1" 200 -
06:39:24 "POST /collect HTTP/1.1" 200 -
06:39:24 "POST /collect HTTP/1.1" 200 -
06:39:24 "POST /collect HTTP/1.1" 200 -
06:39:24 "POST /collect HTTP/1.1" 200 -
06:39:24 CF PUT /sessions/e439cfd1f37c1b25e3ae384b95b80f5f870b3cf0ab9e68554af36c246f19d981/renegotiate -> 200 (243 ms)
06:39:24 "PUT /cf/sessions/e439cfd1f37c1b25e3ae384b95b80f5f870b3cf0ab9e68554af36c246f19d981/renegotiate HTTP/1.1" 200 -
06:39:24 "POST /collect HTTP/1.1" 200 -
06:39:24 "POST /collect HTTP/1.1" 200 -
06:39:24 "POST /collect HTTP/1.1" 200 -
06:39:24 "POST /collect HTTP/1.1" 200 -
06:39:24 CF PUT /sessions/b48af89d465ca8ab03e5316c604b71e3b2eb5f6eb90097f6c7ab835ff34002b0/renegotiate -> 200 (257 ms)
06:39:24 "PUT /cf/sessions/b48af89d465ca8ab03e5316c604b71e3b2eb5f6eb90097f6c7ab835ff34002b0/renegotiate HTTP/1.1" 200 -
06:39:24 "POST /collect HTTP/1.1" 200 -
06:39:24 "POST /collect HTTP/1.1" 200 -
06:39:24 "POST /collect HTTP/1.1" 200 -
06:39:24 "POST /collect HTTP/1.1" 200 -
06:39:24 "POST /collect HTTP/1.1" 200 -
06:39:24 "POST /collect HTTP/1.1" 200 -
06:39:24 "POST /collect HTTP/1.1" 200 -
06:39:24 "POST /collect HTTP/1.1" 200 -
06:39:24 "POST /collect HTTP/1.1" 200 -
06:39:24 "POST /collect HTTP/1.1" 200 -
06:39:24 "POST /collect HTTP/1.1" 200 -
06:39:24 "POST /collect HTTP/1.1" 200 -
06:39:24 CF POST /sessions/b48af89d465ca8ab03e5316c604b71e3b2eb5f6eb90097f6c7ab835ff34002b0/tracks/new -> 200 (235 ms)
06:39:24 "POST /cf/sessions/b48af89d465ca8ab03e5316c604b71e3b2eb5f6eb90097f6c7ab835ff34002b0/tracks/new HTTP/1.1" 200 -
06:39:24 CF POST /sessions/e439cfd1f37c1b25e3ae384b95b80f5f870b3cf0ab9e68554af36c246f19d981/tracks/new -> 200 (325 ms)
06:39:24 "POST /cf/sessions/e439cfd1f37c1b25e3ae384b95b80f5f870b3cf0ab9e68554af36c246f19d981/tracks/new HTTP/1.1" 200 -
06:39:24 "POST /collect HTTP/1.1" 200 -
06:39:24 CF PUT /sessions/b48af89d465ca8ab03e5316c604b71e3b2eb5f6eb90097f6c7ab835ff34002b0/renegotiate -> 200 (246 ms)
06:39:24 "PUT /cf/sessions/b48af89d465ca8ab03e5316c604b71e3b2eb5f6eb90097f6c7ab835ff34002b0/renegotiate HTTP/1.1" 200 -
06:39:24 CF PUT /sessions/e439cfd1f37c1b25e3ae384b95b80f5f870b3cf0ab9e68554af36c246f19d981/renegotiate -> 200 (229 ms)
06:39:24 "PUT /cf/sessions/e439cfd1f37c1b25e3ae384b95b80f5f870b3cf0ab9e68554af36c246f19d981/renegotiate HTTP/1.1" 200 -
06:39:24 "POST /collect HTTP/1.1" 200 -
06:39:24 "POST /collect HTTP/1.1" 200 -
06:39:24 "GET /roster HTTP/1.1" 200 -
06:39:24 "POST /collect HTTP/1.1" 200 -
06:39:24 "POST /collect HTTP/1.1" 200 -
06:39:24 "GET /roster HTTP/1.1" 200 -
06:39:24 "POST /collect HTTP/1.1" 200 -
06:39:25 "POST /collect HTTP/1.1" 200 -
06:39:25 "POST /collect HTTP/1.1" 200 -
06:39:25 "POST /collect HTTP/1.1" 200 -
06:39:25 CF POST /sessions/b48af89d465ca8ab03e5316c604b71e3b2eb5f6eb90097f6c7ab835ff34002b0/tracks/new -> 200 (235 ms)
06:39:25 "POST /cf/sessions/b48af89d465ca8ab03e5316c604b71e3b2eb5f6eb90097f6c7ab835ff34002b0/tracks/new HTTP/1.1" 200 -
06:39:25 CF POST /sessions/e439cfd1f37c1b25e3ae384b95b80f5f870b3cf0ab9e68554af36c246f19d981/tracks/new -> 200 (266 ms)
06:39:25 "POST /cf/sessions/e439cfd1f37c1b25e3ae384b95b80f5f870b3cf0ab9e68554af36c246f19d981/tracks/new HTTP/1.1" 200 -
06:39:25 "POST /collect HTTP/1.1" 200 -
06:39:25 "POST /collect HTTP/1.1" 200 -
06:39:25 "POST /collect HTTP/1.1" 200 -
06:39:25 "POST /collect HTTP/1.1" 200 -
06:39:25 "POST /collect HTTP/1.1" 200 -
06:39:25 "POST /collect HTTP/1.1" 200 -
06:39:25 "POST /collect HTTP/1.1" 200 -
06:39:25 "POST /collect HTTP/1.1" 200 -
06:39:25 "POST /collect HTTP/1.1" 200 -
06:39:25 "POST /collect HTTP/1.1" 200 -
06:39:25 CF PUT /sessions/b48af89d465ca8ab03e5316c604b71e3b2eb5f6eb90097f6c7ab835ff34002b0/renegotiate -> 200 (205 ms)
06:39:25 "PUT /cf/sessions/b48af89d465ca8ab03e5316c604b71e3b2eb5f6eb90097f6c7ab835ff34002b0/renegotiate HTTP/1.1" 200 -
06:39:25 "POST /collect HTTP/1.1" 200 -
06:39:25 "POST /collect HTTP/1.1" 200 -
06:39:25 "POST /collect HTTP/1.1" 200 -
06:39:25 "POST /collect HTTP/1.1" 200 -
06:39:25 "POST /collect HTTP/1.1" 200 -
06:39:25 CF PUT /sessions/e439cfd1f37c1b25e3ae384b95b80f5f870b3cf0ab9e68554af36c246f19d981/renegotiate -> 200 (529 ms)
06:39:25 "PUT /cf/sessions/e439cfd1f37c1b25e3ae384b95b80f5f870b3cf0ab9e68554af36c246f19d981/renegotiate HTTP/1.1" 200 -
06:39:25 "POST /collect HTTP/1.1" 200 -
06:39:25 "POST /collect HTTP/1.1" 200 -
06:39:26 CF POST /sessions/e439cfd1f37c1b25e3ae384b95b80f5f870b3cf0ab9e68554af36c246f19d981/tracks/new -> 200 (209 ms)
06:39:26 "POST /cf/sessions/e439cfd1f37c1b25e3ae384b95b80f5f870b3cf0ab9e68554af36c246f19d981/tracks/new HTTP/1.1" 200 -
06:39:26 CF POST /sessions/b48af89d465ca8ab03e5316c604b71e3b2eb5f6eb90097f6c7ab835ff34002b0/tracks/new -> 200 (606 ms)
06:39:26 "POST /cf/sessions/b48af89d465ca8ab03e5316c604b71e3b2eb5f6eb90097f6c7ab835ff34002b0/tracks/new HTTP/1.1" 200 -
06:39:26 "POST /collect HTTP/1.1" 200 -
06:39:26 "POST /collect HTTP/1.1" 200 -
06:39:26 "POST /collect HTTP/1.1" 200 -
06:39:26 "POST /collect HTTP/1.1" 200 -
06:39:26 "POST /collect HTTP/1.1" 200 -
06:39:26 CF PUT /sessions/e439cfd1f37c1b25e3ae384b95b80f5f870b3cf0ab9e68554af36c246f19d981/renegotiate -> 200 (207 ms)
06:39:26 "PUT /cf/sessions/e439cfd1f37c1b25e3ae384b95b80f5f870b3cf0ab9e68554af36c246f19d981/renegotiate HTTP/1.1" 200 -
06:39:26 "POST /collect HTTP/1.1" 200 -
06:39:26 "POST /collect HTTP/1.1" 200 -
06:39:26 CF PUT /sessions/b48af89d465ca8ab03e5316c604b71e3b2eb5f6eb90097f6c7ab835ff34002b0/renegotiate -> 200 (207 ms)
06:39:26 "PUT /cf/sessions/b48af89d465ca8ab03e5316c604b71e3b2eb5f6eb90097f6c7ab835ff34002b0/renegotiate HTTP/1.1" 200 -
06:39:26 "POST /collect HTTP/1.1" 200 -
06:39:26 "POST /collect HTTP/1.1" 200 -
06:39:26 "POST /collect HTTP/1.1" 200 -
06:39:26 CF POST /sessions/b48af89d465ca8ab03e5316c604b71e3b2eb5f6eb90097f6c7ab835ff34002b0/tracks/new -> 200 (202 ms)
06:39:26 "POST /cf/sessions/b48af89d465ca8ab03e5316c604b71e3b2eb5f6eb90097f6c7ab835ff34002b0/tracks/new HTTP/1.1" 200 -
06:39:26 CF POST /sessions/e439cfd1f37c1b25e3ae384b95b80f5f870b3cf0ab9e68554af36c246f19d981/tracks/new -> 200 (219 ms)
06:39:26 "POST /cf/sessions/e439cfd1f37c1b25e3ae384b95b80f5f870b3cf0ab9e68554af36c246f19d981/tracks/new HTTP/1.1" 200 -
06:39:26 "POST /collect HTTP/1.1" 200 -
06:39:26 "POST /collect HTTP/1.1" 200 -
06:39:26 "POST /collect HTTP/1.1" 200 -
06:39:26 "POST /collect HTTP/1.1" 200 -
06:39:26 "POST /collect HTTP/1.1" 200 -
06:39:26 CF PUT /sessions/b48af89d465ca8ab03e5316c604b71e3b2eb5f6eb90097f6c7ab835ff34002b0/renegotiate -> 200 (212 ms)
06:39:26 "PUT /cf/sessions/b48af89d465ca8ab03e5316c604b71e3b2eb5f6eb90097f6c7ab835ff34002b0/renegotiate HTTP/1.1" 200 -
06:39:26 "POST /collect HTTP/1.1" 200 -
06:39:26 CF PUT /sessions/e439cfd1f37c1b25e3ae384b95b80f5f870b3cf0ab9e68554af36c246f19d981/renegotiate -> 200 (212 ms)
06:39:26 "PUT /cf/sessions/e439cfd1f37c1b25e3ae384b95b80f5f870b3cf0ab9e68554af36c246f19d981/renegotiate HTTP/1.1" 200 -
06:39:26 "POST /collect HTTP/1.1" 200 -
06:39:26 "POST /collect HTTP/1.1" 200 -
06:39:26 "POST /collect HTTP/1.1" 200 -
06:39:26 "GET /roster HTTP/1.1" 200 -
06:39:26 "POST /collect HTTP/1.1" 200 -
06:39:26 "POST /collect HTTP/1.1" 200 -
06:39:26 "POST /collect HTTP/1.1" 200 -
06:39:26 "POST /collect HTTP/1.1" 200 -
06:39:26 "GET /roster HTTP/1.1" 200 -
06:39:26 "POST /collect HTTP/1.1" 200 -
06:39:27 "POST /collect HTTP/1.1" 200 -
06:39:27 "POST /collect HTTP/1.1" 200 -
06:39:27 "POST /collect HTTP/1.1" 200 -
06:39:27 "POST /collect HTTP/1.1" 200 -
06:39:27 "POST /collect HTTP/1.1" 200 -
06:39:27 CF POST /sessions/e439cfd1f37c1b25e3ae384b95b80f5f870b3cf0ab9e68554af36c246f19d981/tracks/new -> 200 (297 ms)
06:39:27 "POST /cf/sessions/e439cfd1f37c1b25e3ae384b95b80f5f870b3cf0ab9e68554af36c246f19d981/tracks/new HTTP/1.1" 200 -
06:39:27 "POST /collect HTTP/1.1" 200 -
06:39:27 "POST /collect HTTP/1.1" 200 -
06:39:27 CF POST /sessions/b48af89d465ca8ab03e5316c604b71e3b2eb5f6eb90097f6c7ab835ff34002b0/tracks/new -> 200 (317 ms)
06:39:27 "POST /cf/sessions/b48af89d465ca8ab03e5316c604b71e3b2eb5f6eb90097f6c7ab835ff34002b0/tracks/new HTTP/1.1" 200 -
06:39:27 "POST /collect HTTP/1.1" 200 -
06:39:27 "POST /collect HTTP/1.1" 200 -
06:39:27 "POST /collect HTTP/1.1" 200 -
06:39:27 "POST /collect HTTP/1.1" 200 -
06:39:27 "POST /collect HTTP/1.1" 200 -
06:39:27 "POST /collect HTTP/1.1" 200 -
06:39:27 "POST /collect HTTP/1.1" 200 -
06:39:27 "POST /collect HTTP/1.1" 200 -
06:39:27 "POST /collect HTTP/1.1" 200 -
06:39:27 "POST /collect HTTP/1.1" 200 -
06:39:27 "POST /collect HTTP/1.1" 200 -
06:39:27 "POST /collect HTTP/1.1" 200 -
06:39:27 "POST /collect HTTP/1.1" 200 -
06:39:27 CF PUT /sessions/e439cfd1f37c1b25e3ae384b95b80f5f870b3cf0ab9e68554af36c246f19d981/renegotiate -> 200 (185 ms)
06:39:27 "PUT /cf/sessions/e439cfd1f37c1b25e3ae384b95b80f5f870b3cf0ab9e68554af36c246f19d981/renegotiate HTTP/1.1" 200 -
06:39:27 CF PUT /sessions/b48af89d465ca8ab03e5316c604b71e3b2eb5f6eb90097f6c7ab835ff34002b0/renegotiate -> 200 (237 ms)
06:39:27 "PUT /cf/sessions/b48af89d465ca8ab03e5316c604b71e3b2eb5f6eb90097f6c7ab835ff34002b0/renegotiate HTTP/1.1" 200 -
06:39:27 "POST /collect HTTP/1.1" 200 -
06:39:27 "POST /collect HTTP/1.1" 200 -
06:39:27 "POST /collect HTTP/1.1" 200 -
06:39:27 CF POST /sessions/b48af89d465ca8ab03e5316c604b71e3b2eb5f6eb90097f6c7ab835ff34002b0/tracks/new -> 200 (245 ms)
06:39:27 "POST /cf/sessions/b48af89d465ca8ab03e5316c604b71e3b2eb5f6eb90097f6c7ab835ff34002b0/tracks/new HTTP/1.1" 200 -
06:39:27 CF POST /sessions/e439cfd1f37c1b25e3ae384b95b80f5f870b3cf0ab9e68554af36c246f19d981/tracks/new -> 200 (251 ms)
06:39:27 "POST /cf/sessions/e439cfd1f37c1b25e3ae384b95b80f5f870b3cf0ab9e68554af36c246f19d981/tracks/new HTTP/1.1" 200 -
06:39:27 "POST /collect HTTP/1.1" 200 -
06:39:28 "POST /collect HTTP/1.1" 200 -
06:39:28 "POST /collect HTTP/1.1" 200 -
06:39:28 "POST /collect HTTP/1.1" 200 -
06:39:28 CF PUT /sessions/e439cfd1f37c1b25e3ae384b95b80f5f870b3cf0ab9e68554af36c246f19d981/renegotiate -> 200 (211 ms)
06:39:28 "PUT /cf/sessions/e439cfd1f37c1b25e3ae384b95b80f5f870b3cf0ab9e68554af36c246f19d981/renegotiate HTTP/1.1" 200 -
06:39:28 "POST /collect HTTP/1.1" 200 -
06:39:28 CF PUT /sessions/b48af89d465ca8ab03e5316c604b71e3b2eb5f6eb90097f6c7ab835ff34002b0/renegotiate -> 200 (221 ms)
06:39:28 "PUT /cf/sessions/b48af89d465ca8ab03e5316c604b71e3b2eb5f6eb90097f6c7ab835ff34002b0/renegotiate HTTP/1.1" 200 -
06:39:28 "POST /collect HTTP/1.1" 200 -
06:39:28 "POST /collect HTTP/1.1" 200 -
06:39:28 "POST /collect HTTP/1.1" 200 -
06:39:28 "POST /collect HTTP/1.1" 200 -
06:39:28 "POST /collect HTTP/1.1" 200 -
06:39:28 "POST /collect HTTP/1.1" 200 -
06:39:28 "POST /collect HTTP/1.1" 200 -
06:39:28 "POST /collect HTTP/1.1" 200 -
06:39:28 "POST /collect HTTP/1.1" 200 -
06:39:28 "POST /collect HTTP/1.1" 200 -
06:39:28 "POST /collect HTTP/1.1" 200 -
06:39:28 CF POST /sessions/e439cfd1f37c1b25e3ae384b95b80f5f870b3cf0ab9e68554af36c246f19d981/tracks/new -> 200 (302 ms)
06:39:28 "POST /cf/sessions/e439cfd1f37c1b25e3ae384b95b80f5f870b3cf0ab9e68554af36c246f19d981/tracks/new HTTP/1.1" 200 -
06:39:28 CF POST /sessions/b48af89d465ca8ab03e5316c604b71e3b2eb5f6eb90097f6c7ab835ff34002b0/tracks/new -> 200 (278 ms)
06:39:28 "POST /cf/sessions/b48af89d465ca8ab03e5316c604b71e3b2eb5f6eb90097f6c7ab835ff34002b0/tracks/new HTTP/1.1" 200 -
06:39:28 "POST /collect HTTP/1.1" 200 -
06:39:28 "POST /collect HTTP/1.1" 200 -
06:39:28 "POST /collect HTTP/1.1" 200 -
06:39:28 "POST /collect HTTP/1.1" 200 -
06:39:28 CF PUT /sessions/e439cfd1f37c1b25e3ae384b95b80f5f870b3cf0ab9e68554af36c246f19d981/renegotiate -> 200 (211 ms)
06:39:28 "PUT /cf/sessions/e439cfd1f37c1b25e3ae384b95b80f5f870b3cf0ab9e68554af36c246f19d981/renegotiate HTTP/1.1" 200 -
06:39:28 "POST /collect HTTP/1.1" 200 -
06:39:28 "POST /collect HTTP/1.1" 200 -
06:39:28 CF PUT /sessions/b48af89d465ca8ab03e5316c604b71e3b2eb5f6eb90097f6c7ab835ff34002b0/renegotiate -> 200 (228 ms)
06:39:28 "PUT /cf/sessions/b48af89d465ca8ab03e5316c604b71e3b2eb5f6eb90097f6c7ab835ff34002b0/renegotiate HTTP/1.1" 200 -
06:39:28 "POST /collect HTTP/1.1" 200 -
06:39:28 "GET /roster HTTP/1.1" 200 -
06:39:28 "POST /collect HTTP/1.1" 200 -
06:39:28 "GET /roster HTTP/1.1" 200 -
06:39:28 "POST /collect HTTP/1.1" 200 -
06:39:29 CF POST /sessions/e439cfd1f37c1b25e3ae384b95b80f5f870b3cf0ab9e68554af36c246f19d981/tracks/new -> 200 (229 ms)
06:39:29 "POST /cf/sessions/e439cfd1f37c1b25e3ae384b95b80f5f870b3cf0ab9e68554af36c246f19d981/tracks/new HTTP/1.1" 200 -
06:39:29 CF POST /sessions/b48af89d465ca8ab03e5316c604b71e3b2eb5f6eb90097f6c7ab835ff34002b0/tracks/new -> 200 (176 ms)
06:39:29 "POST /cf/sessions/b48af89d465ca8ab03e5316c604b71e3b2eb5f6eb90097f6c7ab835ff34002b0/tracks/new HTTP/1.1" 200 -
06:39:29 "POST /collect HTTP/1.1" 200 -
06:39:29 "POST /collect HTTP/1.1" 200 -
06:39:29 "POST /collect HTTP/1.1" 200 -
06:39:29 "POST /collect HTTP/1.1" 200 -
06:39:29 "POST /collect HTTP/1.1" 200 -
06:39:29 "POST /collect HTTP/1.1" 200 -
06:39:29 "POST /collect HTTP/1.1" 200 -
06:39:29 "POST /collect HTTP/1.1" 200 -
06:39:29 CF PUT /sessions/e439cfd1f37c1b25e3ae384b95b80f5f870b3cf0ab9e68554af36c246f19d981/renegotiate -> 200 (191 ms)
06:39:29 "PUT /cf/sessions/e439cfd1f37c1b25e3ae384b95b80f5f870b3cf0ab9e68554af36c246f19d981/renegotiate HTTP/1.1" 200 -
06:39:29 "POST /collect HTTP/1.1" 200 -
06:39:29 CF PUT /sessions/b48af89d465ca8ab03e5316c604b71e3b2eb5f6eb90097f6c7ab835ff34002b0/renegotiate -> 200 (244 ms)
06:39:29 "PUT /cf/sessions/b48af89d465ca8ab03e5316c604b71e3b2eb5f6eb90097f6c7ab835ff34002b0/renegotiate HTTP/1.1" 200 -
06:39:29 "POST /collect HTTP/1.1" 200 -
06:39:29 CF POST /sessions/e439cfd1f37c1b25e3ae384b95b80f5f870b3cf0ab9e68554af36c246f19d981/tracks/new -> 200 (268 ms)
06:39:29 "POST /cf/sessions/e439cfd1f37c1b25e3ae384b95b80f5f870b3cf0ab9e68554af36c246f19d981/tracks/new HTTP/1.1" 200 -
06:39:29 "POST /collect HTTP/1.1" 200 -
06:39:29 CF POST /sessions/b48af89d465ca8ab03e5316c604b71e3b2eb5f6eb90097f6c7ab835ff34002b0/tracks/new -> 200 (231 ms)
06:39:29 "POST /cf/sessions/b48af89d465ca8ab03e5316c604b71e3b2eb5f6eb90097f6c7ab835ff34002b0/tracks/new HTTP/1.1" 200 -
06:39:29 "POST /collect HTTP/1.1" 200 -
06:39:29 "POST /collect HTTP/1.1" 200 -
06:39:29 "POST /collect HTTP/1.1" 200 -
06:39:29 "POST /collect HTTP/1.1" 200 -
06:39:29 "POST /collect HTTP/1.1" 200 -
06:39:29 "POST /collect HTTP/1.1" 200 -
06:39:29 "POST /collect HTTP/1.1" 200 -
06:39:29 "POST /collect HTTP/1.1" 200 -
06:39:29 "POST /collect HTTP/1.1" 200 -
06:39:30 "POST /collect HTTP/1.1" 200 -
06:39:30 "POST /collect HTTP/1.1" 200 -
06:39:30 "POST /collect HTTP/1.1" 200 -
06:39:30 "POST /collect HTTP/1.1" 200 -
06:39:30 "POST /collect HTTP/1.1" 200 -
06:39:30 CF PUT /sessions/e439cfd1f37c1b25e3ae384b95b80f5f870b3cf0ab9e68554af36c246f19d981/renegotiate -> 200 (224 ms)
06:39:30 "PUT /cf/sessions/e439cfd1f37c1b25e3ae384b95b80f5f870b3cf0ab9e68554af36c246f19d981/renegotiate HTTP/1.1" 200 -
06:39:30 CF PUT /sessions/b48af89d465ca8ab03e5316c604b71e3b2eb5f6eb90097f6c7ab835ff34002b0/renegotiate -> 200 (219 ms)
06:39:30 "PUT /cf/sessions/b48af89d465ca8ab03e5316c604b71e3b2eb5f6eb90097f6c7ab835ff34002b0/renegotiate HTTP/1.1" 200 -
06:39:30 "POST /collect HTTP/1.1" 200 -
06:39:30 "POST /collect HTTP/1.1" 200 -
06:39:30 "POST /collect HTTP/1.1" 200 -
06:39:30 "POST /collect HTTP/1.1" 200 -
06:39:30 "POST /collect HTTP/1.1" 200 -
06:39:30 "POST /collect HTTP/1.1" 200 -
06:39:30 "POST /collect HTTP/1.1" 200 -
06:39:30 "POST /collect HTTP/1.1" 200 -
06:39:30 "POST /collect HTTP/1.1" 200 -
06:39:30 "POST /collect HTTP/1.1" 200 -
06:39:30 "POST /collect HTTP/1.1" 200 -
06:39:30 "POST /collect HTTP/1.1" 200 -
06:39:30 "POST /collect HTTP/1.1" 200 -
06:39:30 "POST /collect HTTP/1.1" 200 -
06:39:30 "POST /collect HTTP/1.1" 200 -
06:39:30 CF POST /sessions/b48af89d465ca8ab03e5316c604b71e3b2eb5f6eb90097f6c7ab835ff34002b0/tracks/new -> 200 (232 ms)
06:39:30 "POST /cf/sessions/b48af89d465ca8ab03e5316c604b71e3b2eb5f6eb90097f6c7ab835ff34002b0/tracks/new HTTP/1.1" 200 -
06:39:30 "POST /collect HTTP/1.1" 200 -
06:39:30 "POST /collect HTTP/1.1" 200 -
06:39:30 CF POST /sessions/e439cfd1f37c1b25e3ae384b95b80f5f870b3cf0ab9e68554af36c246f19d981/tracks/new -> 200 (297 ms)
06:39:30 "POST /cf/sessions/e439cfd1f37c1b25e3ae384b95b80f5f870b3cf0ab9e68554af36c246f19d981/tracks/new HTTP/1.1" 200 -
06:39:30 "POST /collect HTTP/1.1" 200 -
06:39:30 CF PUT /sessions/b48af89d465ca8ab03e5316c604b71e3b2eb5f6eb90097f6c7ab835ff34002b0/renegotiate -> 200 (216 ms)
06:39:30 "PUT /cf/sessions/b48af89d465ca8ab03e5316c604b71e3b2eb5f6eb90097f6c7ab835ff34002b0/renegotiate HTTP/1.1" 200 -
06:39:30 "POST /collect HTTP/1.1" 200 -
06:39:30 CF PUT /sessions/e439cfd1f37c1b25e3ae384b95b80f5f870b3cf0ab9e68554af36c246f19d981/renegotiate -> 200 (197 ms)
06:39:30 "PUT /cf/sessions/e439cfd1f37c1b25e3ae384b95b80f5f870b3cf0ab9e68554af36c246f19d981/renegotiate HTTP/1.1" 200 -
06:39:30 "POST /collect HTTP/1.1" 200 -
06:39:30 "POST /collect HTTP/1.1" 200 -
06:39:30 "GET /roster HTTP/1.1" 200 -
06:39:30 "GET /roster HTTP/1.1" 200 -
06:39:30 "POST /collect HTTP/1.1" 200 -
06:39:30 "POST /collect HTTP/1.1" 200 -
06:39:30 CF POST /sessions/e439cfd1f37c1b25e3ae384b95b80f5f870b3cf0ab9e68554af36c246f19d981/tracks/new -> 200 (199 ms)
06:39:30 "POST /cf/sessions/e439cfd1f37c1b25e3ae384b95b80f5f870b3cf0ab9e68554af36c246f19d981/tracks/new HTTP/1.1" 200 -
06:39:30 CF POST /sessions/b48af89d465ca8ab03e5316c604b71e3b2eb5f6eb90097f6c7ab835ff34002b0/tracks/new -> 200 (257 ms)
06:39:30 "POST /cf/sessions/b48af89d465ca8ab03e5316c604b71e3b2eb5f6eb90097f6c7ab835ff34002b0/tracks/new HTTP/1.1" 200 -
06:39:31 "POST /collect HTTP/1.1" 200 -
06:39:31 "POST /collect HTTP/1.1" 200 -
06:39:31 "POST /collect HTTP/1.1" 200 -
06:39:31 "POST /collect HTTP/1.1" 200 -
06:39:31 "POST /collect HTTP/1.1" 200 -
06:39:31 "POST /collect HTTP/1.1" 200 -
06:39:31 "POST /collect HTTP/1.1" 200 -
06:39:31 "POST /collect HTTP/1.1" 200 -
06:39:31 "POST /collect HTTP/1.1" 200 -
06:39:31 CF PUT /sessions/e439cfd1f37c1b25e3ae384b95b80f5f870b3cf0ab9e68554af36c246f19d981/renegotiate -> 200 (234 ms)
06:39:31 "PUT /cf/sessions/e439cfd1f37c1b25e3ae384b95b80f5f870b3cf0ab9e68554af36c246f19d981/renegotiate HTTP/1.1" 200 -
06:39:31 "POST /collect HTTP/1.1" 200 -
06:39:31 "POST /collect HTTP/1.1" 200 -
06:39:31 "POST /collect HTTP/1.1" 200 -
06:39:31 "POST /collect HTTP/1.1" 200 -
06:39:31 "POST /collect HTTP/1.1" 200 -
06:39:31 CF PUT /sessions/b48af89d465ca8ab03e5316c604b71e3b2eb5f6eb90097f6c7ab835ff34002b0/renegotiate -> 200 (252 ms)
06:39:31 "PUT /cf/sessions/b48af89d465ca8ab03e5316c604b71e3b2eb5f6eb90097f6c7ab835ff34002b0/renegotiate HTTP/1.1" 200 -
06:39:31 "POST /collect HTTP/1.1" 200 -
06:39:31 CF POST /sessions/e439cfd1f37c1b25e3ae384b95b80f5f870b3cf0ab9e68554af36c246f19d981/tracks/new -> 200 (231 ms)
06:39:31 "POST /cf/sessions/e439cfd1f37c1b25e3ae384b95b80f5f870b3cf0ab9e68554af36c246f19d981/tracks/new HTTP/1.1" 200 -
06:39:31 "POST /collect HTTP/1.1" 200 -
06:39:31 CF POST /sessions/b48af89d465ca8ab03e5316c604b71e3b2eb5f6eb90097f6c7ab835ff34002b0/tracks/new -> 200 (191 ms)
06:39:31 "POST /cf/sessions/b48af89d465ca8ab03e5316c604b71e3b2eb5f6eb90097f6c7ab835ff34002b0/tracks/new HTTP/1.1" 200 -
06:39:31 "POST /collect HTTP/1.1" 200 -
06:39:31 "POST /collect HTTP/1.1" 200 -
06:39:31 "POST /collect HTTP/1.1" 200 -
06:39:31 "POST /collect HTTP/1.1" 200 -
06:39:32 CF PUT /sessions/e439cfd1f37c1b25e3ae384b95b80f5f870b3cf0ab9e68554af36c246f19d981/renegotiate -> 200 (244 ms)
06:39:32 "PUT /cf/sessions/e439cfd1f37c1b25e3ae384b95b80f5f870b3cf0ab9e68554af36c246f19d981/renegotiate HTTP/1.1" 200 -
06:39:32 "POST /collect HTTP/1.1" 200 -
06:39:32 CF PUT /sessions/b48af89d465ca8ab03e5316c604b71e3b2eb5f6eb90097f6c7ab835ff34002b0/renegotiate -> 200 (228 ms)
06:39:32 "PUT /cf/sessions/b48af89d465ca8ab03e5316c604b71e3b2eb5f6eb90097f6c7ab835ff34002b0/renegotiate HTTP/1.1" 200 -
06:39:32 "POST /collect HTTP/1.1" 200 -
06:39:32 "POST /collect HTTP/1.1" 200 -
06:39:32 CF POST /sessions/e439cfd1f37c1b25e3ae384b95b80f5f870b3cf0ab9e68554af36c246f19d981/tracks/new -> 200 (245 ms)
06:39:32 CF POST /sessions/b48af89d465ca8ab03e5316c604b71e3b2eb5f6eb90097f6c7ab835ff34002b0/tracks/new -> 200 (206 ms)
06:39:32 "POST /cf/sessions/b48af89d465ca8ab03e5316c604b71e3b2eb5f6eb90097f6c7ab835ff34002b0/tracks/new HTTP/1.1" 200 -
06:39:32 "POST /cf/sessions/e439cfd1f37c1b25e3ae384b95b80f5f870b3cf0ab9e68554af36c246f19d981/tracks/new HTTP/1.1" 200 -
06:39:32 "POST /collect HTTP/1.1" 200 -
06:39:32 "POST /collect HTTP/1.1" 200 -
06:39:32 "POST /collect HTTP/1.1" 200 -
06:39:32 "POST /collect HTTP/1.1" 200 -
06:39:32 "POST /collect HTTP/1.1" 200 -
06:39:32 "POST /collect HTTP/1.1" 200 -
06:39:32 "POST /collect HTTP/1.1" 200 -
06:39:32 "POST /collect HTTP/1.1" 200 -
06:39:32 CF PUT /sessions/e439cfd1f37c1b25e3ae384b95b80f5f870b3cf0ab9e68554af36c246f19d981/renegotiate -> 200 (217 ms)
06:39:32 "PUT /cf/sessions/e439cfd1f37c1b25e3ae384b95b80f5f870b3cf0ab9e68554af36c246f19d981/renegotiate HTTP/1.1" 200 -
06:39:32 "POST /collect HTTP/1.1" 200 -
06:39:32 CF PUT /sessions/b48af89d465ca8ab03e5316c604b71e3b2eb5f6eb90097f6c7ab835ff34002b0/renegotiate -> 200 (241 ms)
06:39:32 "PUT /cf/sessions/b48af89d465ca8ab03e5316c604b71e3b2eb5f6eb90097f6c7ab835ff34002b0/renegotiate HTTP/1.1" 200 -
06:39:32 "POST /collect HTTP/1.1" 200 -
06:39:32 "POST /collect HTTP/1.1" 200 -
06:39:32 "POST /collect HTTP/1.1" 200 -
06:39:32 "POST /collect HTTP/1.1" 200 -
06:39:32 "POST /collect HTTP/1.1" 200 -
06:39:32 "POST /collect HTTP/1.1" 200 -
06:39:32 "POST /collect HTTP/1.1" 200 -
06:39:32 "POST /collect HTTP/1.1" 200 -
06:39:32 "POST /collect HTTP/1.1" 200 -
06:39:32 "POST /collect HTTP/1.1" 200 -
06:39:32 "GET /roster HTTP/1.1" 200 -
06:39:33 "POST /collect HTTP/1.1" 200 -
06:39:33 "POST /collect HTTP/1.1" 200 -
06:39:33 CF POST /sessions/b48af89d465ca8ab03e5316c604b71e3b2eb5f6eb90097f6c7ab835ff34002b0/tracks/new -> 200 (238 ms)
06:39:33 "POST /cf/sessions/b48af89d465ca8ab03e5316c604b71e3b2eb5f6eb90097f6c7ab835ff34002b0/tracks/new HTTP/1.1" 200 -
06:39:33 "GET /roster HTTP/1.1" 200 -
06:39:33 "POST /collect HTTP/1.1" 200 -
06:39:33 "POST /collect HTTP/1.1" 200 -
06:39:33 "POST /collect HTTP/1.1" 200 -
06:39:33 CF POST /sessions/e439cfd1f37c1b25e3ae384b95b80f5f870b3cf0ab9e68554af36c246f19d981/tracks/new -> 200 (339 ms)
06:39:33 "POST /cf/sessions/e439cfd1f37c1b25e3ae384b95b80f5f870b3cf0ab9e68554af36c246f19d981/tracks/new HTTP/1.1" 200 -
06:39:33 "POST /collect HTTP/1.1" 200 -
06:39:33 "POST /collect HTTP/1.1" 200 -
06:39:33 "POST /collect HTTP/1.1" 200 -
06:39:33 "POST /collect HTTP/1.1" 200 -
06:39:33 "POST /collect HTTP/1.1" 200 -
06:39:33 "POST /collect HTTP/1.1" 200 -
06:39:33 "POST /collect HTTP/1.1" 200 -
06:39:33 "POST /collect HTTP/1.1" 200 -
06:39:33 "POST /collect HTTP/1.1" 200 -
06:39:33 "POST /collect HTTP/1.1" 200 -
06:39:33 "POST /collect HTTP/1.1" 200 -
06:39:33 "POST /collect HTTP/1.1" 200 -
06:39:33 "POST /collect HTTP/1.1" 200 -
06:39:33 "POST /collect HTTP/1.1" 200 -
06:39:33 "POST /collect HTTP/1.1" 200 -
06:39:33 "POST /collect HTTP/1.1" 200 -
06:39:33 "POST /collect HTTP/1.1" 200 -
06:39:33 CF PUT /sessions/b48af89d465ca8ab03e5316c604b71e3b2eb5f6eb90097f6c7ab835ff34002b0/renegotiate -> 200 (234 ms)
06:39:33 "PUT /cf/sessions/b48af89d465ca8ab03e5316c604b71e3b2eb5f6eb90097f6c7ab835ff34002b0/renegotiate HTTP/1.1" 200 -
06:39:33 CF PUT /sessions/e439cfd1f37c1b25e3ae384b95b80f5f870b3cf0ab9e68554af36c246f19d981/renegotiate -> 200 (193 ms)
06:39:33 "PUT /cf/sessions/e439cfd1f37c1b25e3ae384b95b80f5f870b3cf0ab9e68554af36c246f19d981/renegotiate HTTP/1.1" 200 -
06:39:33 "POST /collect HTTP/1.1" 200 -
06:39:33 "POST /collect HTTP/1.1" 200 -
06:39:33 "POST /collect HTTP/1.1" 200 -
06:39:33 CF POST /sessions/e439cfd1f37c1b25e3ae384b95b80f5f870b3cf0ab9e68554af36c246f19d981/tracks/new -> 200 (208 ms)
06:39:33 "POST /cf/sessions/e439cfd1f37c1b25e3ae384b95b80f5f870b3cf0ab9e68554af36c246f19d981/tracks/new HTTP/1.1" 200 -
06:39:33 CF POST /sessions/b48af89d465ca8ab03e5316c604b71e3b2eb5f6eb90097f6c7ab835ff34002b0/tracks/new -> 200 (285 ms)
06:39:33 "POST /cf/sessions/b48af89d465ca8ab03e5316c604b71e3b2eb5f6eb90097f6c7ab835ff34002b0/tracks/new HTTP/1.1" 200 -
06:39:33 "POST /collect HTTP/1.1" 200 -
06:39:34 "POST /collect HTTP/1.1" 200 -
06:39:34 "POST /collect HTTP/1.1" 200 -
06:39:34 "POST /collect HTTP/1.1" 200 -
06:39:34 CF PUT /sessions/e439cfd1f37c1b25e3ae384b95b80f5f870b3cf0ab9e68554af36c246f19d981/renegotiate -> 200 (228 ms)
06:39:34 "PUT /cf/sessions/e439cfd1f37c1b25e3ae384b95b80f5f870b3cf0ab9e68554af36c246f19d981/renegotiate HTTP/1.1" 200 -
06:39:34 "POST /collect HTTP/1.1" 200 -
06:39:34 "POST /collect HTTP/1.1" 200 -
06:39:34 CF PUT /sessions/b48af89d465ca8ab03e5316c604b71e3b2eb5f6eb90097f6c7ab835ff34002b0/renegotiate -> 200 (209 ms)
06:39:34 "PUT /cf/sessions/b48af89d465ca8ab03e5316c604b71e3b2eb5f6eb90097f6c7ab835ff34002b0/renegotiate HTTP/1.1" 200 -
06:39:34 "POST /collect HTTP/1.1" 200 -
06:39:34 "POST /collect HTTP/1.1" 200 -
06:39:34 "POST /collect HTTP/1.1" 200 -
06:39:34 "POST /collect HTTP/1.1" 200 -
06:39:34 "POST /collect HTTP/1.1" 200 -
06:39:34 "POST /collect HTTP/1.1" 200 -
06:39:34 "POST /collect HTTP/1.1" 200 -
06:39:34 "POST /collect HTTP/1.1" 200 -
06:39:34 "POST /collect HTTP/1.1" 200 -
06:39:34 "POST /collect HTTP/1.1" 200 -
06:39:34 CF POST /sessions/b48af89d465ca8ab03e5316c604b71e3b2eb5f6eb90097f6c7ab835ff34002b0/tracks/new -> 200 (252 ms)
06:39:34 "POST /cf/sessions/b48af89d465ca8ab03e5316c604b71e3b2eb5f6eb90097f6c7ab835ff34002b0/tracks/new HTTP/1.1" 200 -
06:39:34 CF POST /sessions/e439cfd1f37c1b25e3ae384b95b80f5f870b3cf0ab9e68554af36c246f19d981/tracks/new -> 200 (263 ms)
06:39:34 "POST /cf/sessions/e439cfd1f37c1b25e3ae384b95b80f5f870b3cf0ab9e68554af36c246f19d981/tracks/new HTTP/1.1" 200 -
06:39:34 "POST /collect HTTP/1.1" 200 -
06:39:34 "POST /collect HTTP/1.1" 200 -
06:39:34 "POST /collect HTTP/1.1" 200 -
06:39:34 "POST /collect HTTP/1.1" 200 -
06:39:34 "POST /collect HTTP/1.1" 200 -
06:39:34 "GET /roster HTTP/1.1" 200 -
06:39:34 "POST /collect HTTP/1.1" 200 -
06:39:35 "GET /roster HTTP/1.1" 200 -
06:39:35 "POST /collect HTTP/1.1" 200 -
06:39:35 CF PUT /sessions/e439cfd1f37c1b25e3ae384b95b80f5f870b3cf0ab9e68554af36c246f19d981/renegotiate -> 200 (232 ms)
06:39:35 "PUT /cf/sessions/e439cfd1f37c1b25e3ae384b95b80f5f870b3cf0ab9e68554af36c246f19d981/renegotiate HTTP/1.1" 200 -
06:39:35 CF PUT /sessions/b48af89d465ca8ab03e5316c604b71e3b2eb5f6eb90097f6c7ab835ff34002b0/renegotiate -> 200 (233 ms)
06:39:35 "PUT /cf/sessions/b48af89d465ca8ab03e5316c604b71e3b2eb5f6eb90097f6c7ab835ff34002b0/renegotiate HTTP/1.1" 200 -
06:39:35 "POST /collect HTTP/1.1" 200 -
06:39:35 "POST /collect HTTP/1.1" 200 -
06:39:35 "POST /collect HTTP/1.1" 200 -
06:39:35 "POST /collect HTTP/1.1" 200 -
06:39:35 "POST /collect HTTP/1.1" 200 -
06:39:35 "POST /collect HTTP/1.1" 200 -
06:39:35 "POST /collect HTTP/1.1" 200 -
06:39:35 "POST /collect HTTP/1.1" 200 -
06:39:35 "POST /collect HTTP/1.1" 200 -
06:39:35 CF POST /sessions/b48af89d465ca8ab03e5316c604b71e3b2eb5f6eb90097f6c7ab835ff34002b0/tracks/new -> 200 (212 ms)
06:39:35 "POST /cf/sessions/b48af89d465ca8ab03e5316c604b71e3b2eb5f6eb90097f6c7ab835ff34002b0/tracks/new HTTP/1.1" 200 -
06:39:35 CF POST /sessions/e439cfd1f37c1b25e3ae384b95b80f5f870b3cf0ab9e68554af36c246f19d981/tracks/new -> 200 (254 ms)
06:39:35 "POST /cf/sessions/e439cfd1f37c1b25e3ae384b95b80f5f870b3cf0ab9e68554af36c246f19d981/tracks/new HTTP/1.1" 200 -
06:39:35 "POST /collect HTTP/1.1" 200 -
06:39:35 "POST /collect HTTP/1.1" 200 -
06:39:35 "POST /collect HTTP/1.1" 200 -
06:39:35 "POST /collect HTTP/1.1" 200 -
06:39:35 "POST /collect HTTP/1.1" 200 -
06:39:35 "POST /collect HTTP/1.1" 200 -
06:39:35 "POST /collect HTTP/1.1" 200 -
06:39:35 CF PUT /sessions/e439cfd1f37c1b25e3ae384b95b80f5f870b3cf0ab9e68554af36c246f19d981/renegotiate -> 200 (241 ms)
06:39:35 "PUT /cf/sessions/e439cfd1f37c1b25e3ae384b95b80f5f870b3cf0ab9e68554af36c246f19d981/renegotiate HTTP/1.1" 200 -
06:39:35 "POST /collect HTTP/1.1" 200 -
06:39:35 "POST /collect HTTP/1.1" 200 -
06:39:35 "POST /collect HTTP/1.1" 200 -
06:39:35 "POST /collect HTTP/1.1" 200 -
06:39:35 "POST /collect HTTP/1.1" 200 -
06:39:36 "POST /collect HTTP/1.1" 200 -
06:39:36 "POST /collect HTTP/1.1" 200 -
06:39:36 "POST /collect HTTP/1.1" 200 -
06:39:36 CF PUT /sessions/b48af89d465ca8ab03e5316c604b71e3b2eb5f6eb90097f6c7ab835ff34002b0/renegotiate -> 200 (260 ms)
06:39:36 "PUT /cf/sessions/b48af89d465ca8ab03e5316c604b71e3b2eb5f6eb90097f6c7ab835ff34002b0/renegotiate HTTP/1.1" 200 -
06:39:36 "POST /collect HTTP/1.1" 200 -
06:39:36 "POST /collect HTTP/1.1" 200 -
06:39:36 "POST /collect HTTP/1.1" 200 -
06:39:36 CF POST /sessions/e439cfd1f37c1b25e3ae384b95b80f5f870b3cf0ab9e68554af36c246f19d981/tracks/new -> 200 (243 ms)
06:39:36 "POST /cf/sessions/e439cfd1f37c1b25e3ae384b95b80f5f870b3cf0ab9e68554af36c246f19d981/tracks/new HTTP/1.1" 200 -
06:39:36 "POST /collect HTTP/1.1" 200 -
06:39:36 "POST /collect HTTP/1.1" 200 -
06:39:36 CF POST /sessions/b48af89d465ca8ab03e5316c604b71e3b2eb5f6eb90097f6c7ab835ff34002b0/tracks/new -> 200 (191 ms)
06:39:36 "POST /cf/sessions/b48af89d465ca8ab03e5316c604b71e3b2eb5f6eb90097f6c7ab835ff34002b0/tracks/new HTTP/1.1" 200 -
06:39:36 "POST /collect HTTP/1.1" 200 -
06:39:36 "POST /collect HTTP/1.1" 200 -
06:39:36 "POST /collect HTTP/1.1" 200 -
06:39:36 "POST /collect HTTP/1.1" 200 -
06:39:36 "POST /collect HTTP/1.1" 200 -
06:39:36 "POST /collect HTTP/1.1" 200 -
06:39:36 "POST /collect HTTP/1.1" 200 -
06:39:36 "POST /collect HTTP/1.1" 200 -
06:39:36 "POST /collect HTTP/1.1" 200 -
06:39:36 "POST /collect HTTP/1.1" 200 -
06:39:36 "POST /collect HTTP/1.1" 200 -
06:39:36 "POST /collect HTTP/1.1" 200 -
06:39:36 "POST /collect HTTP/1.1" 200 -
06:39:36 "POST /collect HTTP/1.1" 200 -
06:39:36 CF PUT /sessions/e439cfd1f37c1b25e3ae384b95b80f5f870b3cf0ab9e68554af36c246f19d981/renegotiate -> 200 (240 ms)
06:39:36 "PUT /cf/sessions/e439cfd1f37c1b25e3ae384b95b80f5f870b3cf0ab9e68554af36c246f19d981/renegotiate HTTP/1.1" 200 -
06:39:36 "POST /collect HTTP/1.1" 200 -
06:39:36 CF PUT /sessions/b48af89d465ca8ab03e5316c604b71e3b2eb5f6eb90097f6c7ab835ff34002b0/renegotiate -> 200 (262 ms)
06:39:36 "PUT /cf/sessions/b48af89d465ca8ab03e5316c604b71e3b2eb5f6eb90097f6c7ab835ff34002b0/renegotiate HTTP/1.1" 200 -
06:39:36 "POST /collect HTTP/1.1" 200 -
06:39:37 "GET /roster HTTP/1.1" 200 -
06:39:37 "POST /collect HTTP/1.1" 200 -
06:39:37 "POST /collect HTTP/1.1" 200 -
06:39:37 "GET /roster HTTP/1.1" 200 -
06:39:37 "POST /collect HTTP/1.1" 200 -
06:39:37 "POST /collect HTTP/1.1" 200 -
06:39:37 "POST /collect HTTP/1.1" 200 -
06:39:37 "POST /collect HTTP/1.1" 200 -
06:39:37 CF POST /sessions/b48af89d465ca8ab03e5316c604b71e3b2eb5f6eb90097f6c7ab835ff34002b0/tracks/new -> 200 (187 ms)
06:39:37 "POST /cf/sessions/b48af89d465ca8ab03e5316c604b71e3b2eb5f6eb90097f6c7ab835ff34002b0/tracks/new HTTP/1.1" 200 -
06:39:37 "POST /collect HTTP/1.1" 200 -
06:39:37 CF POST /sessions/e439cfd1f37c1b25e3ae384b95b80f5f870b3cf0ab9e68554af36c246f19d981/tracks/new -> 200 (314 ms)
06:39:37 "POST /cf/sessions/e439cfd1f37c1b25e3ae384b95b80f5f870b3cf0ab9e68554af36c246f19d981/tracks/new HTTP/1.1" 200 -
06:39:37 "POST /collect HTTP/1.1" 200 -
06:39:37 "POST /collect HTTP/1.1" 200 -
06:39:37 "POST /collect HTTP/1.1" 200 -
06:39:37 "POST /collect HTTP/1.1" 200 -
06:39:37 "POST /collect HTTP/1.1" 200 -
06:39:37 "POST /collect HTTP/1.1" 200 -
06:39:37 "POST /collect HTTP/1.1" 200 -
06:39:37 "POST /collect HTTP/1.1" 200 -
06:39:37 "POST /collect HTTP/1.1" 200 -
06:39:37 "POST /collect HTTP/1.1" 200 -
06:39:37 "POST /collect HTTP/1.1" 200 -
06:39:37 "POST /collect HTTP/1.1" 200 -
06:39:37 "POST /collect HTTP/1.1" 200 -
06:39:37 "POST /collect HTTP/1.1" 200 -
06:39:37 CF PUT /sessions/e439cfd1f37c1b25e3ae384b95b80f5f870b3cf0ab9e68554af36c246f19d981/renegotiate -> 200 (245 ms)
06:39:37 "PUT /cf/sessions/e439cfd1f37c1b25e3ae384b95b80f5f870b3cf0ab9e68554af36c246f19d981/renegotiate HTTP/1.1" 200 -
06:39:37 "POST /collect HTTP/1.1" 200 -
06:39:37 CF PUT /sessions/b48af89d465ca8ab03e5316c604b71e3b2eb5f6eb90097f6c7ab835ff34002b0/renegotiate -> 200 (267 ms)
06:39:37 "PUT /cf/sessions/b48af89d465ca8ab03e5316c604b71e3b2eb5f6eb90097f6c7ab835ff34002b0/renegotiate HTTP/1.1" 200 -
06:39:38 "POST /collect HTTP/1.1" 200 -
06:39:38 CF POST /sessions/e439cfd1f37c1b25e3ae384b95b80f5f870b3cf0ab9e68554af36c246f19d981/tracks/new -> 200 (256 ms)
06:39:38 "POST /cf/sessions/e439cfd1f37c1b25e3ae384b95b80f5f870b3cf0ab9e68554af36c246f19d981/tracks/new HTTP/1.1" 200 -
06:39:38 CF POST /sessions/b48af89d465ca8ab03e5316c604b71e3b2eb5f6eb90097f6c7ab835ff34002b0/tracks/new -> 200 (185 ms)
06:39:38 "POST /cf/sessions/b48af89d465ca8ab03e5316c604b71e3b2eb5f6eb90097f6c7ab835ff34002b0/tracks/new HTTP/1.1" 200 -
06:39:38 "POST /collect HTTP/1.1" 200 -
06:39:38 "POST /collect HTTP/1.1" 200 -
06:39:38 "POST /collect HTTP/1.1" 200 -
06:39:38 "POST /collect HTTP/1.1" 200 -
06:39:38 "POST /collect HTTP/1.1" 200 -
06:39:38 "POST /collect HTTP/1.1" 200 -
06:39:38 "POST /collect HTTP/1.1" 200 -
06:39:38 "POST /collect HTTP/1.1" 200 -
06:39:38 "POST /collect HTTP/1.1" 200 -
06:39:38 CF PUT /sessions/e439cfd1f37c1b25e3ae384b95b80f5f870b3cf0ab9e68554af36c246f19d981/renegotiate -> 200 (228 ms)
06:39:38 "PUT /cf/sessions/e439cfd1f37c1b25e3ae384b95b80f5f870b3cf0ab9e68554af36c246f19d981/renegotiate HTTP/1.1" 200 -
06:39:38 "POST /collect HTTP/1.1" 200 -
06:39:38 "POST /collect HTTP/1.1" 200 -
06:39:38 "POST /collect HTTP/1.1" 200 -
06:39:38 "POST /collect HTTP/1.1" 200 -
06:39:38 "POST /collect HTTP/1.1" 200 -
06:39:38 CF PUT /sessions/b48af89d465ca8ab03e5316c604b71e3b2eb5f6eb90097f6c7ab835ff34002b0/renegotiate -> 200 (266 ms)
06:39:38 "PUT /cf/sessions/b48af89d465ca8ab03e5316c604b71e3b2eb5f6eb90097f6c7ab835ff34002b0/renegotiate HTTP/1.1" 200 -
06:39:38 "POST /collect HTTP/1.1" 200 -
06:39:38 "POST /collect HTTP/1.1" 200 -
06:39:38 "POST /collect HTTP/1.1" 200 -
06:39:38 "POST /collect HTTP/1.1" 200 -
06:39:38 "POST /collect HTTP/1.1" 200 -
06:39:39 "GET /roster HTTP/1.1" 200 -
06:39:39 "POST /collect HTTP/1.1" 200 -
06:39:39 "POST /collect HTTP/1.1" 200 -
06:39:39 "POST /collect HTTP/1.1" 200 -
06:39:39 "POST /collect HTTP/1.1" 200 -
06:39:39 "POST /collect HTTP/1.1" 200 -
06:39:39 CF POST /sessions/e439cfd1f37c1b25e3ae384b95b80f5f870b3cf0ab9e68554af36c246f19d981/tracks/new -> 200 (265 ms)
06:39:39 "POST /cf/sessions/e439cfd1f37c1b25e3ae384b95b80f5f870b3cf0ab9e68554af36c246f19d981/tracks/new HTTP/1.1" 200 -
06:39:39 "GET /roster HTTP/1.1" 200 -
06:39:39 "POST /collect HTTP/1.1" 200 -
06:39:39 "POST /collect HTTP/1.1" 200 -
06:39:39 "POST /collect HTTP/1.1" 200 -
06:39:39 "POST /collect HTTP/1.1" 200 -
06:39:39 CF POST /sessions/b48af89d465ca8ab03e5316c604b71e3b2eb5f6eb90097f6c7ab835ff34002b0/tracks/new -> 200 (178 ms)
06:39:39 "POST /cf/sessions/b48af89d465ca8ab03e5316c604b71e3b2eb5f6eb90097f6c7ab835ff34002b0/tracks/new HTTP/1.1" 200 -
06:39:39 "POST /collect HTTP/1.1" 200 -
06:39:39 "POST /collect HTTP/1.1" 200 -
06:39:39 "POST /collect HTTP/1.1" 200 -
06:39:39 "POST /collect HTTP/1.1" 200 -
06:39:39 "POST /collect HTTP/1.1" 200 -
06:39:39 "POST /collect HTTP/1.1" 200 -
06:39:39 "POST /collect HTTP/1.1" 200 -
06:39:39 "POST /collect HTTP/1.1" 200 -
06:39:39 "POST /collect HTTP/1.1" 200 -
06:39:39 "POST /collect HTTP/1.1" 200 -
06:39:39 "POST /collect HTTP/1.1" 200 -
06:39:39 "POST /collect HTTP/1.1" 200 -
06:39:39 "POST /collect HTTP/1.1" 200 -
06:39:39 "POST /collect HTTP/1.1" 200 -
06:39:39 CF PUT /sessions/e439cfd1f37c1b25e3ae384b95b80f5f870b3cf0ab9e68554af36c246f19d981/renegotiate -> 200 (222 ms)
06:39:39 "PUT /cf/sessions/e439cfd1f37c1b25e3ae384b95b80f5f870b3cf0ab9e68554af36c246f19d981/renegotiate HTTP/1.1" 200 -
06:39:39 "POST /collect HTTP/1.1" 200 -
06:39:39 "POST /collect HTTP/1.1" 200 -
06:39:39 CF PUT /sessions/b48af89d465ca8ab03e5316c604b71e3b2eb5f6eb90097f6c7ab835ff34002b0/renegotiate -> 200 (249 ms)
06:39:39 "PUT /cf/sessions/b48af89d465ca8ab03e5316c604b71e3b2eb5f6eb90097f6c7ab835ff34002b0/renegotiate HTTP/1.1" 200 -
06:39:39 "POST /collect HTTP/1.1" 200 -
06:39:39 "POST /collect HTTP/1.1" 200 -
06:39:40 CF POST /sessions/e439cfd1f37c1b25e3ae384b95b80f5f870b3cf0ab9e68554af36c246f19d981/tracks/new -> 200 (336 ms)
06:39:40 "POST /cf/sessions/e439cfd1f37c1b25e3ae384b95b80f5f870b3cf0ab9e68554af36c246f19d981/tracks/new HTTP/1.1" 200 -
06:39:40 "POST /collect HTTP/1.1" 200 -
06:39:40 CF POST /sessions/b48af89d465ca8ab03e5316c604b71e3b2eb5f6eb90097f6c7ab835ff34002b0/tracks/new -> 200 (189 ms)
06:39:40 "POST /cf/sessions/b48af89d465ca8ab03e5316c604b71e3b2eb5f6eb90097f6c7ab835ff34002b0/tracks/new HTTP/1.1" 200 -
06:39:40 "POST /collect HTTP/1.1" 200 -
06:39:40 "POST /collect HTTP/1.1" 200 -
06:39:40 "POST /collect HTTP/1.1" 200 -
06:39:40 "POST /collect HTTP/1.1" 200 -
06:39:40 "POST /collect HTTP/1.1" 200 -
06:39:40 "POST /collect HTTP/1.1" 200 -
06:39:40 "POST /collect HTTP/1.1" 200 -
06:39:40 "POST /collect HTTP/1.1" 200 -
06:39:40 "POST /collect HTTP/1.1" 200 -
06:39:40 "POST /collect HTTP/1.1" 200 -
06:39:40 "POST /collect HTTP/1.1" 200 -
06:39:40 "POST /collect HTTP/1.1" 200 -
06:39:40 "POST /collect HTTP/1.1" 200 -
06:39:40 "POST /collect HTTP/1.1" 200 -
06:39:40 "POST /collect HTTP/1.1" 200 -
06:39:40 CF PUT /sessions/e439cfd1f37c1b25e3ae384b95b80f5f870b3cf0ab9e68554af36c246f19d981/renegotiate -> 200 (272 ms)
06:39:40 "PUT /cf/sessions/e439cfd1f37c1b25e3ae384b95b80f5f870b3cf0ab9e68554af36c246f19d981/renegotiate HTTP/1.1" 200 -
06:39:40 "POST /collect HTTP/1.1" 200 -
06:39:40 CF PUT /sessions/b48af89d465ca8ab03e5316c604b71e3b2eb5f6eb90097f6c7ab835ff34002b0/renegotiate -> 200 (260 ms)
06:39:40 "PUT /cf/sessions/b48af89d465ca8ab03e5316c604b71e3b2eb5f6eb90097f6c7ab835ff34002b0/renegotiate HTTP/1.1" 200 -
06:39:40 "POST /collect HTTP/1.1" 200 -
06:39:40 "POST /collect HTTP/1.1" 200 -
06:39:40 "POST /collect HTTP/1.1" 200 -
06:39:40 "GET /roster HTTP/1.1" 200 -
06:39:41 "GET /roster HTTP/1.1" 200 -
06:39:41 "POST /collect HTTP/1.1" 200 -
06:39:41 "POST /collect HTTP/1.1" 200 -
06:39:41 CF POST /sessions/e439cfd1f37c1b25e3ae384b95b80f5f870b3cf0ab9e68554af36c246f19d981/tracks/new -> 200 (250 ms)
06:39:41 CF POST /sessions/b48af89d465ca8ab03e5316c604b71e3b2eb5f6eb90097f6c7ab835ff34002b0/tracks/new -> 200 (191 ms)
06:39:41 "POST /cf/sessions/b48af89d465ca8ab03e5316c604b71e3b2eb5f6eb90097f6c7ab835ff34002b0/tracks/new HTTP/1.1" 200 -
06:39:41 "POST /cf/sessions/e439cfd1f37c1b25e3ae384b95b80f5f870b3cf0ab9e68554af36c246f19d981/tracks/new HTTP/1.1" 200 -
06:39:41 "POST /collect HTTP/1.1" 200 -
06:39:41 "POST /collect HTTP/1.1" 200 -
06:39:41 "POST /collect HTTP/1.1" 200 -
06:39:41 "POST /collect HTTP/1.1" 200 -
06:39:41 "POST /collect HTTP/1.1" 200 -
06:39:41 "POST /collect HTTP/1.1" 200 -
06:39:41 "POST /collect HTTP/1.1" 200 -
06:39:41 "POST /collect HTTP/1.1" 200 -
06:39:41 "POST /collect HTTP/1.1" 200 -
06:39:41 "POST /collect HTTP/1.1" 200 -
06:39:41 "POST /collect HTTP/1.1" 200 -
06:39:41 "POST /collect HTTP/1.1" 200 -
06:39:41 "POST /collect HTTP/1.1" 200 -
06:39:41 "POST /collect HTTP/1.1" 200 -
06:39:41 "POST /collect HTTP/1.1" 200 -
06:39:41 CF PUT /sessions/e439cfd1f37c1b25e3ae384b95b80f5f870b3cf0ab9e68554af36c246f19d981/renegotiate -> 200 (271 ms)
06:39:41 "PUT /cf/sessions/e439cfd1f37c1b25e3ae384b95b80f5f870b3cf0ab9e68554af36c246f19d981/renegotiate HTTP/1.1" 200 -
06:39:41 CF PUT /sessions/b48af89d465ca8ab03e5316c604b71e3b2eb5f6eb90097f6c7ab835ff34002b0/renegotiate -> 200 (279 ms)
06:39:41 "PUT /cf/sessions/b48af89d465ca8ab03e5316c604b71e3b2eb5f6eb90097f6c7ab835ff34002b0/renegotiate HTTP/1.1" 200 -
06:39:41 "POST /collect HTTP/1.1" 200 -
06:39:41 "POST /collect HTTP/1.1" 200 -
06:39:41 "POST /collect HTTP/1.1" 200 -
06:39:42 "POST /collect HTTP/1.1" 200 -
06:39:42 "POST /collect HTTP/1.1" 200 -
06:39:42 "POST /collect HTTP/1.1" 200 -
06:39:42 "POST /collect HTTP/1.1" 200 -
06:39:42 "POST /collect HTTP/1.1" 200 -
06:39:42 "POST /collect HTTP/1.1" 200 -
06:39:42 "POST /collect HTTP/1.1" 200 -
06:39:42 "POST /collect HTTP/1.1" 200 -
06:39:42 "POST /collect HTTP/1.1" 200 -
06:39:42 "POST /collect HTTP/1.1" 200 -
06:39:42 "POST /collect HTTP/1.1" 200 -
06:39:42 "POST /collect HTTP/1.1" 200 -
06:39:42 "POST /collect HTTP/1.1" 200 -
06:39:42 "POST /collect HTTP/1.1" 200 -
06:39:42 CF POST /sessions/e439cfd1f37c1b25e3ae384b95b80f5f870b3cf0ab9e68554af36c246f19d981/tracks/new -> 200 (178 ms)
06:39:42 "POST /cf/sessions/e439cfd1f37c1b25e3ae384b95b80f5f870b3cf0ab9e68554af36c246f19d981/tracks/new HTTP/1.1" 200 -
06:39:42 "POST /collect HTTP/1.1" 200 -
06:39:42 "POST /collect HTTP/1.1" 200 -
06:39:42 "POST /collect HTTP/1.1" 200 -
06:39:42 "POST /collect HTTP/1.1" 200 -
06:39:42 "POST /collect HTTP/1.1" 200 -
06:39:42 "POST /collect HTTP/1.1" 200 -
06:39:42 "POST /collect HTTP/1.1" 200 -
06:39:42 "POST /collect HTTP/1.1" 200 -
06:39:42 CF POST /sessions/b48af89d465ca8ab03e5316c604b71e3b2eb5f6eb90097f6c7ab835ff34002b0/tracks/new -> 200 (249 ms)
06:39:42 "POST /cf/sessions/b48af89d465ca8ab03e5316c604b71e3b2eb5f6eb90097f6c7ab835ff34002b0/tracks/new HTTP/1.1" 200 -
06:39:42 "POST /collect HTTP/1.1" 200 -
06:39:42 "POST /collect HTTP/1.1" 200 -
06:39:42 "GET /roster HTTP/1.1" 200 -
06:39:43 "POST /collect HTTP/1.1" 200 -
06:39:43 CF PUT /sessions/e439cfd1f37c1b25e3ae384b95b80f5f870b3cf0ab9e68554af36c246f19d981/renegotiate -> 200 (240 ms)
06:39:43 "PUT /cf/sessions/e439cfd1f37c1b25e3ae384b95b80f5f870b3cf0ab9e68554af36c246f19d981/renegotiate HTTP/1.1" 200 -
06:39:43 "POST /collect HTTP/1.1" 200 -
06:39:43 "GET /roster HTTP/1.1" 200 -
06:39:43 CF PUT /sessions/b48af89d465ca8ab03e5316c604b71e3b2eb5f6eb90097f6c7ab835ff34002b0/renegotiate -> 200 (245 ms)
06:39:43 "PUT /cf/sessions/b48af89d465ca8ab03e5316c604b71e3b2eb5f6eb90097f6c7ab835ff34002b0/renegotiate HTTP/1.1" 200 -
06:39:43 "POST /collect HTTP/1.1" 200 -
06:39:43 "POST /collect HTTP/1.1" 200 -
06:39:43 "POST /collect HTTP/1.1" 200 -
06:39:43 "POST /collect HTTP/1.1" 200 -
06:39:43 "POST /collect HTTP/1.1" 200 -
06:39:43 "POST /collect HTTP/1.1" 200 -
06:39:43 "POST /collect HTTP/1.1" 200 -
06:39:43 "POST /collect HTTP/1.1" 200 -
06:39:43 "POST /collect HTTP/1.1" 200 -
06:39:43 "POST /collect HTTP/1.1" 200 -
06:39:43 "POST /collect HTTP/1.1" 200 -
06:39:43 "POST /collect HTTP/1.1" 200 -
06:39:43 "POST /collect HTTP/1.1" 200 -
06:39:43 "POST /collect HTTP/1.1" 200 -
06:39:43 CF POST /sessions/e439cfd1f37c1b25e3ae384b95b80f5f870b3cf0ab9e68554af36c246f19d981/tracks/new -> 200 (243 ms)
06:39:43 "POST /cf/sessions/e439cfd1f37c1b25e3ae384b95b80f5f870b3cf0ab9e68554af36c246f19d981/tracks/new HTTP/1.1" 200 -
06:39:43 "POST /collect HTTP/1.1" 200 -
06:39:43 CF POST /sessions/b48af89d465ca8ab03e5316c604b71e3b2eb5f6eb90097f6c7ab835ff34002b0/tracks/new -> 200 (183 ms)
06:39:43 "POST /cf/sessions/b48af89d465ca8ab03e5316c604b71e3b2eb5f6eb90097f6c7ab835ff34002b0/tracks/new HTTP/1.1" 200 -
06:39:43 "POST /collect HTTP/1.1" 200 -
06:39:43 "POST /collect HTTP/1.1" 200 -
06:39:43 "POST /collect HTTP/1.1" 200 -
06:39:43 "POST /collect HTTP/1.1" 200 -
06:39:43 "POST /collect HTTP/1.1" 200 -
06:39:44 CF PUT /sessions/e439cfd1f37c1b25e3ae384b95b80f5f870b3cf0ab9e68554af36c246f19d981/renegotiate -> 200 (222 ms)
06:39:44 "PUT /cf/sessions/e439cfd1f37c1b25e3ae384b95b80f5f870b3cf0ab9e68554af36c246f19d981/renegotiate HTTP/1.1" 200 -
06:39:44 CF PUT /sessions/b48af89d465ca8ab03e5316c604b71e3b2eb5f6eb90097f6c7ab835ff34002b0/renegotiate -> 200 (243 ms)
06:39:44 "PUT /cf/sessions/b48af89d465ca8ab03e5316c604b71e3b2eb5f6eb90097f6c7ab835ff34002b0/renegotiate HTTP/1.1" 200 -
06:39:44 "POST /collect HTTP/1.1" 200 -
06:39:44 "POST /collect HTTP/1.1" 200 -
06:39:44 "POST /collect HTTP/1.1" 200 -
06:39:44 "POST /collect HTTP/1.1" 200 -
06:39:44 "POST /collect HTTP/1.1" 200 -
06:39:44 "POST /collect HTTP/1.1" 200 -
06:39:44 "POST /collect HTTP/1.1" 200 -
06:39:44 "POST /collect HTTP/1.1" 200 -
06:39:44 "POST /collect HTTP/1.1" 200 -
06:39:44 "POST /collect HTTP/1.1" 200 -
06:39:44 CF POST /sessions/e439cfd1f37c1b25e3ae384b95b80f5f870b3cf0ab9e68554af36c246f19d981/tracks/new -> 200 (324 ms)
06:39:44 "POST /cf/sessions/e439cfd1f37c1b25e3ae384b95b80f5f870b3cf0ab9e68554af36c246f19d981/tracks/new HTTP/1.1" 200 -
06:39:44 "POST /collect HTTP/1.1" 200 -
06:39:44 CF POST /sessions/b48af89d465ca8ab03e5316c604b71e3b2eb5f6eb90097f6c7ab835ff34002b0/tracks/new -> 200 (202 ms)
06:39:44 "POST /cf/sessions/b48af89d465ca8ab03e5316c604b71e3b2eb5f6eb90097f6c7ab835ff34002b0/tracks/new HTTP/1.1" 200 -
06:39:44 "POST /collect HTTP/1.1" 200 -
06:39:44 "POST /collect HTTP/1.1" 200 -
06:39:44 "POST /collect HTTP/1.1" 200 -
06:39:44 "POST /collect HTTP/1.1" 200 -
06:39:44 "POST /collect HTTP/1.1" 200 -
06:39:44 "POST /collect HTTP/1.1" 200 -
06:39:44 "POST /collect HTTP/1.1" 200 -
06:39:44 "POST /collect HTTP/1.1" 200 -
06:39:44 "POST /collect HTTP/1.1" 200 -
06:39:45 "POST /collect HTTP/1.1" 200 -
06:39:45 "POST /collect HTTP/1.1" 200 -
06:39:45 "POST /collect HTTP/1.1" 200 -
06:39:45 "POST /collect HTTP/1.1" 200 -
06:39:45 "POST /collect HTTP/1.1" 200 -
06:39:45 "GET /roster HTTP/1.1" 200 -
06:39:45 "GET /roster HTTP/1.1" 200 -
06:39:45 "POST /collect HTTP/1.1" 200 -
06:39:45 "POST /collect HTTP/1.1" 200 -
06:39:45 "POST /collect HTTP/1.1" 200 -
06:39:45 "POST /collect HTTP/1.1" 200 -
06:39:45 "POST /collect HTTP/1.1" 200 -
06:39:45 "POST /collect HTTP/1.1" 200 -
06:39:45 "POST /collect HTTP/1.1" 200 -
06:39:45 "POST /collect HTTP/1.1" 200 -
06:39:45 "POST /collect HTTP/1.1" 200 -
06:39:45 "POST /collect HTTP/1.1" 200 -
06:39:45 "POST /collect HTTP/1.1" 200 -
06:39:45 "POST /collect HTTP/1.1" 200 -
06:39:45 "POST /collect HTTP/1.1" 200 -
06:39:45 "POST /collect HTTP/1.1" 200 -
06:39:45 "POST /collect HTTP/1.1" 200 -
06:39:45 "POST /collect HTTP/1.1" 200 -
06:39:45 "POST /collect HTTP/1.1" 200 -
06:39:45 CF PUT /sessions/b48af89d465ca8ab03e5316c604b71e3b2eb5f6eb90097f6c7ab835ff34002b0/renegotiate -> 200 (282 ms)
06:39:45 "PUT /cf/sessions/b48af89d465ca8ab03e5316c604b71e3b2eb5f6eb90097f6c7ab835ff34002b0/renegotiate HTTP/1.1" 200 -
06:39:45 CF PUT /sessions/e439cfd1f37c1b25e3ae384b95b80f5f870b3cf0ab9e68554af36c246f19d981/renegotiate -> 200 (244 ms)
06:39:45 "PUT /cf/sessions/e439cfd1f37c1b25e3ae384b95b80f5f870b3cf0ab9e68554af36c246f19d981/renegotiate HTTP/1.1" 200 -
06:39:45 "POST /collect HTTP/1.1" 200 -
06:39:45 "POST /collect HTTP/1.1" 200 -
06:39:45 "POST /collect HTTP/1.1" 200 -
06:39:45 CF POST /sessions/b48af89d465ca8ab03e5316c604b71e3b2eb5f6eb90097f6c7ab835ff34002b0/tracks/new -> 200 (281 ms)
06:39:45 "POST /cf/sessions/b48af89d465ca8ab03e5316c604b71e3b2eb5f6eb90097f6c7ab835ff34002b0/tracks/new HTTP/1.1" 200 -
06:39:45 "POST /collect HTTP/1.1" 200 -
06:39:45 CF POST /sessions/e439cfd1f37c1b25e3ae384b95b80f5f870b3cf0ab9e68554af36c246f19d981/tracks/new -> 200 (283 ms)
06:39:45 "POST /cf/sessions/e439cfd1f37c1b25e3ae384b95b80f5f870b3cf0ab9e68554af36c246f19d981/tracks/new HTTP/1.1" 200 -
06:39:46 "POST /collect HTTP/1.1" 200 -
06:39:46 "POST /collect HTTP/1.1" 200 -
06:39:46 "POST /collect HTTP/1.1" 200 -
06:39:46 "POST /collect HTTP/1.1" 200 -
06:39:46 "POST /collect HTTP/1.1" 200 -
06:39:46 "POST /collect HTTP/1.1" 200 -
06:39:46 "POST /collect HTTP/1.1" 200 -
06:39:46 "POST /collect HTTP/1.1" 200 -
06:39:46 "POST /collect HTTP/1.1" 200 -
06:39:46 "POST /collect HTTP/1.1" 200 -
06:39:46 "POST /collect HTTP/1.1" 200 -
06:39:46 "POST /collect HTTP/1.1" 200 -
06:39:46 "POST /collect HTTP/1.1" 200 -
06:39:46 "POST /collect HTTP/1.1" 200 -
06:39:46 CF PUT /sessions/e439cfd1f37c1b25e3ae384b95b80f5f870b3cf0ab9e68554af36c246f19d981/renegotiate -> 200 (265 ms)
06:39:46 "PUT /cf/sessions/e439cfd1f37c1b25e3ae384b95b80f5f870b3cf0ab9e68554af36c246f19d981/renegotiate HTTP/1.1" 200 -
06:39:46 "POST /collect HTTP/1.1" 200 -
06:39:46 "POST /collect HTTP/1.1" 200 -
06:39:46 "POST /collect HTTP/1.1" 200 -
06:39:46 CF PUT /sessions/b48af89d465ca8ab03e5316c604b71e3b2eb5f6eb90097f6c7ab835ff34002b0/renegotiate -> 200 (286 ms)
06:39:46 "PUT /cf/sessions/b48af89d465ca8ab03e5316c604b71e3b2eb5f6eb90097f6c7ab835ff34002b0/renegotiate HTTP/1.1" 200 -
06:39:46 "POST /collect HTTP/1.1" 200 -
06:39:46 "POST /collect HTTP/1.1" 200 -
06:39:46 "POST /collect HTTP/1.1" 200 -
06:39:47 "GET /roster HTTP/1.1" 200 -
06:39:47 "GET /roster HTTP/1.1" 200 -
06:39:47 "POST /collect HTTP/1.1" 200 -
06:39:47 "POST /collect HTTP/1.1" 200 -
06:39:47 CF POST /sessions/e439cfd1f37c1b25e3ae384b95b80f5f870b3cf0ab9e68554af36c246f19d981/tracks/new -> 200 (238 ms)
06:39:47 "POST /cf/sessions/e439cfd1f37c1b25e3ae384b95b80f5f870b3cf0ab9e68554af36c246f19d981/tracks/new HTTP/1.1" 200 -
06:39:47 CF POST /sessions/b48af89d465ca8ab03e5316c604b71e3b2eb5f6eb90097f6c7ab835ff34002b0/tracks/new -> 200 (219 ms)
06:39:47 "POST /cf/sessions/b48af89d465ca8ab03e5316c604b71e3b2eb5f6eb90097f6c7ab835ff34002b0/tracks/new HTTP/1.1" 200 -
06:39:47 "POST /collect HTTP/1.1" 200 -
06:39:47 "POST /collect HTTP/1.1" 200 -
06:39:47 "POST /collect HTTP/1.1" 200 -
06:39:47 "POST /collect HTTP/1.1" 200 -
06:39:47 "POST /collect HTTP/1.1" 200 -
06:39:47 "POST /collect HTTP/1.1" 200 -
06:39:47 "POST /collect HTTP/1.1" 200 -
06:39:47 "POST /collect HTTP/1.1" 200 -
06:39:47 "POST /collect HTTP/1.1" 200 -
06:39:47 "POST /collect HTTP/1.1" 200 -
06:39:47 "POST /collect HTTP/1.1" 200 -
06:39:47 "POST /collect HTTP/1.1" 200 -
06:39:47 "POST /collect HTTP/1.1" 200 -
06:39:47 "POST /collect HTTP/1.1" 200 -
06:39:47 "POST /collect HTTP/1.1" 200 -
06:39:47 "POST /collect HTTP/1.1" 200 -
06:39:47 "POST /collect HTTP/1.1" 200 -
06:39:47 "POST /collect HTTP/1.1" 200 -
06:39:47 CF PUT /sessions/e439cfd1f37c1b25e3ae384b95b80f5f870b3cf0ab9e68554af36c246f19d981/renegotiate -> 200 (258 ms)
06:39:47 "PUT /cf/sessions/e439cfd1f37c1b25e3ae384b95b80f5f870b3cf0ab9e68554af36c246f19d981/renegotiate HTTP/1.1" 200 -
06:39:48 "POST /collect HTTP/1.1" 200 -
06:39:48 "POST /collect HTTP/1.1" 200 -
06:39:48 "POST /collect HTTP/1.1" 200 -
06:39:48 "POST /collect HTTP/1.1" 200 -
06:39:48 "POST /collect HTTP/1.1" 200 -
06:39:48 CF PUT /sessions/b48af89d465ca8ab03e5316c604b71e3b2eb5f6eb90097f6c7ab835ff34002b0/renegotiate -> 200 (325 ms)
06:39:48 "PUT /cf/sessions/b48af89d465ca8ab03e5316c604b71e3b2eb5f6eb90097f6c7ab835ff34002b0/renegotiate HTTP/1.1" 200 -
06:39:48 "POST /collect HTTP/1.1" 200 -
06:39:48 "POST /collect HTTP/1.1" 200 -
06:39:48 "POST /collect HTTP/1.1" 200 -
06:39:48 "POST /collect HTTP/1.1" 200 -
06:39:48 "POST /collect HTTP/1.1" 200 -
06:39:48 "POST /collect HTTP/1.1" 200 -
06:39:48 "POST /collect HTTP/1.1" 200 -
06:39:48 "POST /collect HTTP/1.1" 200 -
06:39:48 "POST /collect HTTP/1.1" 200 -
06:39:48 "POST /collect HTTP/1.1" 200 -
06:39:48 "POST /collect HTTP/1.1" 200 -
06:39:48 "POST /collect HTTP/1.1" 200 -
06:39:48 "POST /collect HTTP/1.1" 200 -
06:39:48 "POST /collect HTTP/1.1" 200 -
06:39:48 "POST /collect HTTP/1.1" 200 -
06:39:48 "POST /collect HTTP/1.1" 200 -
06:39:48 "POST /collect HTTP/1.1" 200 -
06:39:48 CF POST /sessions/e439cfd1f37c1b25e3ae384b95b80f5f870b3cf0ab9e68554af36c246f19d981/tracks/new -> 200 (262 ms)
06:39:48 "POST /cf/sessions/e439cfd1f37c1b25e3ae384b95b80f5f870b3cf0ab9e68554af36c246f19d981/tracks/new HTTP/1.1" 200 -
06:39:48 CF POST /sessions/b48af89d465ca8ab03e5316c604b71e3b2eb5f6eb90097f6c7ab835ff34002b0/tracks/new -> 200 (198 ms)
06:39:48 "POST /cf/sessions/b48af89d465ca8ab03e5316c604b71e3b2eb5f6eb90097f6c7ab835ff34002b0/tracks/new HTTP/1.1" 200 -
06:39:48 "POST /collect HTTP/1.1" 200 -
06:39:48 "POST /collect HTTP/1.1" 200 -
06:39:49 "POST /collect HTTP/1.1" 200 -
06:39:49 "GET /roster HTTP/1.1" 200 -
06:39:49 "POST /collect HTTP/1.1" 200 -
06:39:49 "POST /collect HTTP/1.1" 200 -
06:39:49 "GET /roster HTTP/1.1" 200 -
06:39:49 "POST /collect HTTP/1.1" 200 -
06:39:49 "POST /collect HTTP/1.1" 200 -
06:39:49 "POST /collect HTTP/1.1" 200 -
06:39:49 "POST /collect HTTP/1.1" 200 -
06:39:49 "POST /collect HTTP/1.1" 200 -
06:39:49 "POST /collect HTTP/1.1" 200 -
06:39:49 CF PUT /sessions/e439cfd1f37c1b25e3ae384b95b80f5f870b3cf0ab9e68554af36c246f19d981/renegotiate -> 200 (256 ms)
06:39:49 "PUT /cf/sessions/e439cfd1f37c1b25e3ae384b95b80f5f870b3cf0ab9e68554af36c246f19d981/renegotiate HTTP/1.1" 200 -
06:39:49 "POST /collect HTTP/1.1" 200 -
06:39:49 "POST /collect HTTP/1.1" 200 -
06:39:49 "POST /collect HTTP/1.1" 200 -
06:39:49 "POST /collect HTTP/1.1" 200 -
06:39:49 "POST /collect HTTP/1.1" 200 -
06:39:49 CF PUT /sessions/b48af89d465ca8ab03e5316c604b71e3b2eb5f6eb90097f6c7ab835ff34002b0/renegotiate -> 200 (274 ms)
06:39:49 "PUT /cf/sessions/b48af89d465ca8ab03e5316c604b71e3b2eb5f6eb90097f6c7ab835ff34002b0/renegotiate HTTP/1.1" 200 -
06:39:49 "POST /collect HTTP/1.1" 200 -
06:39:49 "POST /collect HTTP/1.1" 200 -
06:39:49 "POST /collect HTTP/1.1" 200 -
06:39:49 "POST /collect HTTP/1.1" 200 -
06:39:49 "POST /collect HTTP/1.1" 200 -
06:39:49 "POST /collect HTTP/1.1" 200 -
06:39:49 "POST /collect HTTP/1.1" 200 -
06:39:49 "POST /collect HTTP/1.1" 200 -
06:39:49 CF POST /sessions/e439cfd1f37c1b25e3ae384b95b80f5f870b3cf0ab9e68554af36c246f19d981/tracks/new -> 200 (308 ms)
06:39:49 "POST /cf/sessions/e439cfd1f37c1b25e3ae384b95b80f5f870b3cf0ab9e68554af36c246f19d981/tracks/new HTTP/1.1" 200 -
06:39:49 CF POST /sessions/b48af89d465ca8ab03e5316c604b71e3b2eb5f6eb90097f6c7ab835ff34002b0/tracks/new -> 200 (277 ms)
06:39:49 "POST /cf/sessions/b48af89d465ca8ab03e5316c604b71e3b2eb5f6eb90097f6c7ab835ff34002b0/tracks/new HTTP/1.1" 200 -
06:39:50 "POST /collect HTTP/1.1" 200 -
06:39:50 "POST /collect HTTP/1.1" 200 -
06:39:50 "POST /collect HTTP/1.1" 200 -
06:39:50 "POST /collect HTTP/1.1" 200 -
06:39:50 "POST /collect HTTP/1.1" 200 -
06:39:50 "POST /collect HTTP/1.1" 200 -
06:39:50 "POST /collect HTTP/1.1" 200 -
06:39:50 "POST /collect HTTP/1.1" 200 -
06:39:50 "POST /collect HTTP/1.1" 200 -
06:39:50 CF PUT /sessions/e439cfd1f37c1b25e3ae384b95b80f5f870b3cf0ab9e68554af36c246f19d981/renegotiate -> 200 (275 ms)
06:39:50 "PUT /cf/sessions/e439cfd1f37c1b25e3ae384b95b80f5f870b3cf0ab9e68554af36c246f19d981/renegotiate HTTP/1.1" 200 -
06:39:50 "POST /collect HTTP/1.1" 200 -
06:39:50 "POST /collect HTTP/1.1" 200 -
06:39:50 "POST /collect HTTP/1.1" 200 -
06:39:50 CF PUT /sessions/b48af89d465ca8ab03e5316c604b71e3b2eb5f6eb90097f6c7ab835ff34002b0/renegotiate -> 200 (309 ms)
06:39:50 "PUT /cf/sessions/b48af89d465ca8ab03e5316c604b71e3b2eb5f6eb90097f6c7ab835ff34002b0/renegotiate HTTP/1.1" 200 -
06:39:50 "POST /collect HTTP/1.1" 200 -
06:39:50 "POST /collect HTTP/1.1" 200 -
06:39:50 "POST /collect HTTP/1.1" 200 -
06:39:50 "POST /collect HTTP/1.1" 200 -
06:39:50 "POST /collect HTTP/1.1" 200 -
06:39:50 "POST /collect HTTP/1.1" 200 -
06:39:50 "POST /collect HTTP/1.1" 200 -
06:39:51 "POST /collect HTTP/1.1" 200 -
06:39:51 "POST /collect HTTP/1.1" 200 -
06:39:51 "POST /collect HTTP/1.1" 200 -
06:39:51 "POST /collect HTTP/1.1" 200 -
06:39:51 "POST /collect HTTP/1.1" 200 -
06:39:51 "GET /roster HTTP/1.1" 200 -
06:39:51 "POST /collect HTTP/1.1" 200 -
06:39:51 "GET /roster HTTP/1.1" 200 -
06:39:51 CF POST /sessions/e439cfd1f37c1b25e3ae384b95b80f5f870b3cf0ab9e68554af36c246f19d981/tracks/new -> 200 (250 ms)
06:39:51 "POST /cf/sessions/e439cfd1f37c1b25e3ae384b95b80f5f870b3cf0ab9e68554af36c246f19d981/tracks/new HTTP/1.1" 200 -
06:39:51 "POST /collect HTTP/1.1" 200 -
06:39:51 "POST /collect HTTP/1.1" 200 -
06:39:51 "POST /collect HTTP/1.1" 200 -
06:39:51 "POST /collect HTTP/1.1" 200 -
06:39:51 CF POST /sessions/b48af89d465ca8ab03e5316c604b71e3b2eb5f6eb90097f6c7ab835ff34002b0/tracks/new -> 200 (213 ms)
06:39:51 "POST /cf/sessions/b48af89d465ca8ab03e5316c604b71e3b2eb5f6eb90097f6c7ab835ff34002b0/tracks/new HTTP/1.1" 200 -
06:39:51 "POST /collect HTTP/1.1" 200 -
06:39:51 "POST /collect HTTP/1.1" 200 -
06:39:51 "POST /collect HTTP/1.1" 200 -
06:39:51 "POST /collect HTTP/1.1" 200 -
06:39:51 "POST /collect HTTP/1.1" 200 -
06:39:51 "POST /collect HTTP/1.1" 200 -
06:39:51 "POST /collect HTTP/1.1" 200 -
06:39:51 "POST /collect HTTP/1.1" 200 -
06:39:51 "POST /collect HTTP/1.1" 200 -
06:39:51 "POST /collect HTTP/1.1" 200 -
06:39:51 "POST /collect HTTP/1.1" 200 -
06:39:51 "POST /collect HTTP/1.1" 200 -
06:39:51 "POST /collect HTTP/1.1" 200 -
06:39:51 "POST /collect HTTP/1.1" 200 -
06:39:51 "POST /collect HTTP/1.1" 200 -
06:39:51 CF PUT /sessions/e439cfd1f37c1b25e3ae384b95b80f5f870b3cf0ab9e68554af36c246f19d981/renegotiate -> 200 (256 ms)
06:39:51 "PUT /cf/sessions/e439cfd1f37c1b25e3ae384b95b80f5f870b3cf0ab9e68554af36c246f19d981/renegotiate HTTP/1.1" 200 -
06:39:52 "POST /collect HTTP/1.1" 200 -
06:39:52 "POST /collect HTTP/1.1" 200 -
06:39:52 "POST /collect HTTP/1.1" 200 -
06:39:52 CF PUT /sessions/b48af89d465ca8ab03e5316c604b71e3b2eb5f6eb90097f6c7ab835ff34002b0/renegotiate -> 200 (287 ms)
06:39:52 "PUT /cf/sessions/b48af89d465ca8ab03e5316c604b71e3b2eb5f6eb90097f6c7ab835ff34002b0/renegotiate HTTP/1.1" 200 -
06:39:52 "POST /collect HTTP/1.1" 200 -
06:39:52 "POST /collect HTTP/1.1" 200 -
06:39:52 "POST /collect HTTP/1.1" 200 -
06:39:52 "POST /collect HTTP/1.1" 200 -
06:39:52 "POST /collect HTTP/1.1" 200 -
06:39:52 "POST /collect HTTP/1.1" 200 -
06:39:52 "POST /collect HTTP/1.1" 200 -
06:39:52 "POST /collect HTTP/1.1" 200 -
06:39:52 "POST /collect HTTP/1.1" 200 -
06:39:52 "POST /collect HTTP/1.1" 200 -
06:39:52 CF POST /sessions/e439cfd1f37c1b25e3ae384b95b80f5f870b3cf0ab9e68554af36c246f19d981/tracks/new -> 200 (252 ms)
06:39:52 "POST /cf/sessions/e439cfd1f37c1b25e3ae384b95b80f5f870b3cf0ab9e68554af36c246f19d981/tracks/new HTTP/1.1" 200 -
06:39:52 "POST /collect HTTP/1.1" 200 -
06:39:52 "POST /collect HTTP/1.1" 200 -
06:39:52 "POST /collect HTTP/1.1" 200 -
06:39:52 CF POST /sessions/b48af89d465ca8ab03e5316c604b71e3b2eb5f6eb90097f6c7ab835ff34002b0/tracks/new -> 200 (205 ms)
06:39:52 "POST /cf/sessions/b48af89d465ca8ab03e5316c604b71e3b2eb5f6eb90097f6c7ab835ff34002b0/tracks/new HTTP/1.1" 200 -
06:39:52 "POST /collect HTTP/1.1" 200 -
06:39:52 "POST /collect HTTP/1.1" 200 -
06:39:52 "POST /collect HTTP/1.1" 200 -
06:39:52 "POST /collect HTTP/1.1" 200 -
06:39:53 "GET /roster HTTP/1.1" 200 -
06:39:53 "GET /roster HTTP/1.1" 200 -
06:39:53 "POST /collect HTTP/1.1" 200 -
06:39:53 "POST /collect HTTP/1.1" 200 -
06:39:53 "POST /collect HTTP/1.1" 200 -
06:39:53 "POST /collect HTTP/1.1" 200 -
06:39:53 "POST /collect HTTP/1.1" 200 -
06:39:53 "POST /collect HTTP/1.1" 200 -
06:39:53 "POST /collect HTTP/1.1" 200 -
06:39:53 "POST /collect HTTP/1.1" 200 -
06:39:53 "POST /collect HTTP/1.1" 200 -
06:39:53 CF PUT /sessions/e439cfd1f37c1b25e3ae384b95b80f5f870b3cf0ab9e68554af36c246f19d981/renegotiate -> 200 (235 ms)
06:39:53 "PUT /cf/sessions/e439cfd1f37c1b25e3ae384b95b80f5f870b3cf0ab9e68554af36c246f19d981/renegotiate HTTP/1.1" 200 -
06:39:53 "POST /collect HTTP/1.1" 200 -
06:39:53 CF PUT /sessions/b48af89d465ca8ab03e5316c604b71e3b2eb5f6eb90097f6c7ab835ff34002b0/renegotiate -> 200 (249 ms)
06:39:53 "PUT /cf/sessions/b48af89d465ca8ab03e5316c604b71e3b2eb5f6eb90097f6c7ab835ff34002b0/renegotiate HTTP/1.1" 200 -
06:39:53 "POST /collect HTTP/1.1" 200 -
06:39:53 "POST /collect HTTP/1.1" 200 -
06:39:53 "POST /collect HTTP/1.1" 200 -
06:39:53 "POST /collect HTTP/1.1" 200 -
06:39:53 "POST /collect HTTP/1.1" 200 -
06:39:53 "POST /collect HTTP/1.1" 200 -
06:39:53 "POST /collect HTTP/1.1" 200 -
06:39:53 CF POST /sessions/e439cfd1f37c1b25e3ae384b95b80f5f870b3cf0ab9e68554af36c246f19d981/tracks/new -> 200 (263 ms)
06:39:53 "POST /cf/sessions/e439cfd1f37c1b25e3ae384b95b80f5f870b3cf0ab9e68554af36c246f19d981/tracks/new HTTP/1.1" 200 -
06:39:53 "POST /collect HTTP/1.1" 200 -
06:39:53 "POST /collect HTTP/1.1" 200 -
06:39:53 "POST /collect HTTP/1.1" 200 -
06:39:53 "POST /collect HTTP/1.1" 200 -
06:39:53 "POST /collect HTTP/1.1" 200 -
06:39:54 "POST /collect HTTP/1.1" 200 -
06:39:54 "POST /collect HTTP/1.1" 200 -
06:39:54 "POST /collect HTTP/1.1" 200 -
06:39:54 CF POST /sessions/b48af89d465ca8ab03e5316c604b71e3b2eb5f6eb90097f6c7ab835ff34002b0/tracks/new -> 200 (185 ms)
06:39:54 "POST /cf/sessions/b48af89d465ca8ab03e5316c604b71e3b2eb5f6eb90097f6c7ab835ff34002b0/tracks/new HTTP/1.1" 200 -
06:39:54 "POST /collect HTTP/1.1" 200 -
06:39:54 "POST /collect HTTP/1.1" 200 -
06:39:54 "POST /collect HTTP/1.1" 200 -
06:39:54 "POST /collect HTTP/1.1" 200 -
06:39:54 "POST /collect HTTP/1.1" 200 -
06:39:54 "POST /collect HTTP/1.1" 200 -
06:39:54 "POST /collect HTTP/1.1" 200 -
06:39:54 "POST /collect HTTP/1.1" 200 -
06:39:54 "POST /collect HTTP/1.1" 200 -
06:39:54 "POST /collect HTTP/1.1" 200 -
06:39:54 "POST /collect HTTP/1.1" 200 -
06:39:54 "POST /collect HTTP/1.1" 200 -
06:39:54 "POST /collect HTTP/1.1" 200 -
06:39:54 "POST /collect HTTP/1.1" 200 -
06:39:54 "POST /collect HTTP/1.1" 200 -
06:39:54 "POST /collect HTTP/1.1" 200 -
06:39:54 "POST /collect HTTP/1.1" 200 -
06:39:54 "POST /collect HTTP/1.1" 200 -
06:39:54 CF PUT /sessions/e439cfd1f37c1b25e3ae384b95b80f5f870b3cf0ab9e68554af36c246f19d981/renegotiate -> 200 (228 ms)
06:39:54 "PUT /cf/sessions/e439cfd1f37c1b25e3ae384b95b80f5f870b3cf0ab9e68554af36c246f19d981/renegotiate HTTP/1.1" 200 -
06:39:54 "POST /collect HTTP/1.1" 200 -
06:39:54 "POST /collect HTTP/1.1" 200 -
06:39:54 CF PUT /sessions/b48af89d465ca8ab03e5316c604b71e3b2eb5f6eb90097f6c7ab835ff34002b0/renegotiate -> 200 (293 ms)
06:39:54 "PUT /cf/sessions/b48af89d465ca8ab03e5316c604b71e3b2eb5f6eb90097f6c7ab835ff34002b0/renegotiate HTTP/1.1" 200 -
06:39:55 "POST /collect HTTP/1.1" 200 -
06:39:55 "GET /roster HTTP/1.1" 200 -
06:39:55 "GET /roster HTTP/1.1" 200 -
06:39:55 "POST /collect HTTP/1.1" 200 -
06:39:55 "POST /collect HTTP/1.1" 200 -
06:39:55 "POST /collect HTTP/1.1" 200 -
06:39:55 "POST /collect HTTP/1.1" 200 -
06:39:55 CF POST /sessions/e439cfd1f37c1b25e3ae384b95b80f5f870b3cf0ab9e68554af36c246f19d981/tracks/new -> 200 (251 ms)
06:39:55 "POST /cf/sessions/e439cfd1f37c1b25e3ae384b95b80f5f870b3cf0ab9e68554af36c246f19d981/tracks/new HTTP/1.1" 200 -
06:39:55 "POST /collect HTTP/1.1" 200 -
06:39:55 "POST /collect HTTP/1.1" 200 -
06:39:55 "POST /collect HTTP/1.1" 200 -
06:39:55 "POST /collect HTTP/1.1" 200 -
06:39:55 "POST /collect HTTP/1.1" 200 -
06:39:55 "POST /collect HTTP/1.1" 200 -
06:39:55 "POST /collect HTTP/1.1" 200 -
06:39:55 "POST /collect HTTP/1.1" 200 -
06:39:55 "POST /collect HTTP/1.1" 200 -
06:39:55 "POST /collect HTTP/1.1" 200 -
06:39:55 CF POST /sessions/b48af89d465ca8ab03e5316c604b71e3b2eb5f6eb90097f6c7ab835ff34002b0/tracks/new -> 200 (195 ms)
06:39:55 "POST /cf/sessions/b48af89d465ca8ab03e5316c604b71e3b2eb5f6eb90097f6c7ab835ff34002b0/tracks/new HTTP/1.1" 200 -
06:39:55 "POST /collect HTTP/1.1" 200 -
06:39:55 "POST /collect HTTP/1.1" 200 -
06:39:55 "POST /collect HTTP/1.1" 200 -
06:39:55 "POST /collect HTTP/1.1" 200 -
06:39:55 "POST /collect HTTP/1.1" 200 -
06:39:55 "POST /collect HTTP/1.1" 200 -
06:39:56 CF PUT /sessions/e439cfd1f37c1b25e3ae384b95b80f5f870b3cf0ab9e68554af36c246f19d981/renegotiate -> 200 (235 ms)
06:39:56 "PUT /cf/sessions/e439cfd1f37c1b25e3ae384b95b80f5f870b3cf0ab9e68554af36c246f19d981/renegotiate HTTP/1.1" 200 -
06:39:56 CF PUT /sessions/b48af89d465ca8ab03e5316c604b71e3b2eb5f6eb90097f6c7ab835ff34002b0/renegotiate -> 200 (256 ms)
06:39:56 "PUT /cf/sessions/b48af89d465ca8ab03e5316c604b71e3b2eb5f6eb90097f6c7ab835ff34002b0/renegotiate HTTP/1.1" 200 -
06:39:56 "POST /collect HTTP/1.1" 200 -
06:39:56 "POST /collect HTTP/1.1" 200 -
06:39:56 "POST /collect HTTP/1.1" 200 -
06:39:56 "POST /collect HTTP/1.1" 200 -
06:39:56 "POST /collect HTTP/1.1" 200 -
06:39:56 "POST /collect HTTP/1.1" 200 -
06:39:56 "POST /collect HTTP/1.1" 200 -
06:39:56 "POST /collect HTTP/1.1" 200 -
06:39:56 "POST /collect HTTP/1.1" 200 -
06:39:56 "POST /collect HTTP/1.1" 200 -
06:39:56 "POST /collect HTTP/1.1" 200 -
06:39:56 "POST /collect HTTP/1.1" 200 -
06:39:56 "POST /collect HTTP/1.1" 200 -
06:39:56 "POST /collect HTTP/1.1" 200 -
06:39:56 "POST /collect HTTP/1.1" 200 -
06:39:56 "POST /collect HTTP/1.1" 200 -
06:39:56 "POST /collect HTTP/1.1" 200 -
06:39:56 "POST /collect HTTP/1.1" 200 -
06:39:56 "POST /collect HTTP/1.1" 200 -
06:39:56 "POST /collect HTTP/1.1" 200 -
06:39:57 "POST /collect HTTP/1.1" 200 -
06:39:57 "POST /collect HTTP/1.1" 200 -
06:39:57 "POST /collect HTTP/1.1" 200 -
06:39:57 "POST /collect HTTP/1.1" 200 -
06:39:57 "POST /collect HTTP/1.1" 200 -
06:39:57 "GET /roster HTTP/1.1" 200 -
06:39:57 "GET /roster HTTP/1.1" 200 -
06:39:57 "POST /collect HTTP/1.1" 200 -
06:39:57 "POST /collect HTTP/1.1" 200 -
06:39:57 "POST /collect HTTP/1.1" 200 -
06:39:57 "POST /collect HTTP/1.1" 200 -
06:39:57 "POST /collect HTTP/1.1" 200 -
06:39:57 "POST /collect HTTP/1.1" 200 -
06:39:57 "POST /collect HTTP/1.1" 200 -
06:39:57 "POST /collect HTTP/1.1" 200 -
06:39:57 "POST /collect HTTP/1.1" 200 -
06:39:57 "POST /collect HTTP/1.1" 200 -
06:39:57 "POST /collect HTTP/1.1" 200 -
06:39:57 "POST /collect HTTP/1.1" 200 -
06:39:57 "POST /collect HTTP/1.1" 200 -
06:39:57 "POST /collect HTTP/1.1" 200 -
06:39:57 "POST /collect HTTP/1.1" 200 -
06:39:57 "POST /collect HTTP/1.1" 200 -
06:39:57 "POST /collect HTTP/1.1" 200 -
06:39:57 "POST /collect HTTP/1.1" 200 -
06:39:57 "POST /collect HTTP/1.1" 200 -
06:39:58 "POST /collect HTTP/1.1" 200 -
06:39:58 "POST /collect HTTP/1.1" 200 -
06:39:58 "POST /collect HTTP/1.1" 200 -
06:39:58 "POST /collect HTTP/1.1" 200 -
06:39:58 "POST /collect HTTP/1.1" 200 -
06:39:58 "POST /collect HTTP/1.1" 200 -
06:39:58 "POST /collect HTTP/1.1" 200 -
06:39:58 "POST /collect HTTP/1.1" 200 -
06:39:58 "POST /collect HTTP/1.1" 200 -
06:39:58 "POST /collect HTTP/1.1" 200 -
06:39:58 "POST /collect HTTP/1.1" 200 -
06:39:58 "POST /collect HTTP/1.1" 200 -
06:39:58 "POST /collect HTTP/1.1" 200 -
06:39:58 "POST /collect HTTP/1.1" 200 -
06:39:58 "POST /collect HTTP/1.1" 200 -
06:39:58 "POST /collect HTTP/1.1" 200 -
06:39:58 "POST /collect HTTP/1.1" 200 -
06:39:58 "POST /collect HTTP/1.1" 200 -
06:39:58 "POST /collect HTTP/1.1" 200 -
06:39:59 "GET /roster HTTP/1.1" 200 -
06:39:59 "GET /roster HTTP/1.1" 200 -
06:39:59 "POST /collect HTTP/1.1" 200 -
06:39:59 "POST /collect HTTP/1.1" 200 -
06:39:59 "POST /collect HTTP/1.1" 200 -
06:39:59 "POST /collect HTTP/1.1" 200 -
06:39:59 "POST /collect HTTP/1.1" 200 -
06:39:59 "POST /collect HTTP/1.1" 200 -
06:39:59 "POST /collect HTTP/1.1" 200 -
06:39:59 "POST /collect HTTP/1.1" 200 -
06:39:59 "POST /collect HTTP/1.1" 200 -
06:39:59 "POST /collect HTTP/1.1" 200 -
06:39:59 "POST /collect HTTP/1.1" 200 -
06:39:59 "POST /collect HTTP/1.1" 200 -
06:39:59 "POST /collect HTTP/1.1" 200 -
06:39:59 "POST /collect HTTP/1.1" 200 -
06:39:59 "POST /collect HTTP/1.1" 200 -
06:39:59 "POST /collect HTTP/1.1" 200 -
06:39:59 "POST /collect HTTP/1.1" 200 -
06:39:59 "POST /collect HTTP/1.1" 200 -
06:39:59 "POST /collect HTTP/1.1" 200 -
06:39:59 "POST /collect HTTP/1.1" 200 -
06:40:00 "POST /collect HTTP/1.1" 200 -
06:40:00 "POST /collect HTTP/1.1" 200 -
06:40:00 "POST /collect HTTP/1.1" 200 -
06:40:00 "POST /collect HTTP/1.1" 200 -
06:40:00 "POST /collect HTTP/1.1" 200 -
06:40:00 "POST /collect HTTP/1.1" 200 -
06:40:00 "POST /collect HTTP/1.1" 200 -
06:40:00 "POST /collect HTTP/1.1" 200 -
06:40:00 "POST /collect HTTP/1.1" 200 -
06:40:00 "POST /collect HTTP/1.1" 200 -
06:40:00 "POST /collect HTTP/1.1" 200 -
06:40:00 "POST /collect HTTP/1.1" 200 -
06:40:00 "POST /collect HTTP/1.1" 200 -
06:40:00 "POST /collect HTTP/1.1" 200 -
06:40:00 "POST /collect HTTP/1.1" 200 -
06:40:00 "POST /collect HTTP/1.1" 200 -
06:40:00 "POST /collect HTTP/1.1" 200 -
06:40:00 "POST /collect HTTP/1.1" 200 -
06:40:00 "POST /collect HTTP/1.1" 200 -
06:40:00 "POST /collect HTTP/1.1" 200 -
06:40:00 "POST /collect HTTP/1.1" 200 -
06:40:00 "POST /collect HTTP/1.1" 200 -
06:40:01 "POST /collect HTTP/1.1" 200 -
06:40:01 "GET /roster HTTP/1.1" 200 -
06:40:01 "GET /roster HTTP/1.1" 200 -
06:40:01 "POST /collect HTTP/1.1" 200 -
06:40:01 "POST /collect HTTP/1.1" 200 -
06:40:01 "POST /collect HTTP/1.1" 200 -
06:40:01 "POST /collect HTTP/1.1" 200 -
06:40:01 "POST /collect HTTP/1.1" 200 -
06:40:01 "POST /collect HTTP/1.1" 200 -
06:40:01 "POST /collect HTTP/1.1" 200 -
06:40:01 "POST /collect HTTP/1.1" 200 -
06:40:01 "POST /collect HTTP/1.1" 200 -
06:40:01 "POST /collect HTTP/1.1" 200 -
06:40:01 "POST /collect HTTP/1.1" 200 -
06:40:01 "POST /collect HTTP/1.1" 200 -
06:40:01 "POST /collect HTTP/1.1" 200 -
06:40:01 "POST /collect HTTP/1.1" 200 -
06:40:01 "POST /collect HTTP/1.1" 200 -
06:40:01 "POST /collect HTTP/1.1" 200 -
06:40:01 "POST /collect HTTP/1.1" 200 -
06:40:01 "POST /collect HTTP/1.1" 200 -
06:40:01 "POST /collect HTTP/1.1" 200 -
06:40:02 "POST /collect HTTP/1.1" 200 -
06:40:02 "POST /collect HTTP/1.1" 200 -
06:40:02 "POST /collect HTTP/1.1" 200 -
06:40:02 "POST /collect HTTP/1.1" 200 -
06:40:02 "POST /collect HTTP/1.1" 200 -
06:40:02 "POST /collect HTTP/1.1" 200 -
06:40:02 "POST /collect HTTP/1.1" 200 -
06:40:02 "POST /collect HTTP/1.1" 200 -
06:40:02 "POST /collect HTTP/1.1" 200 -
06:40:02 "POST /collect HTTP/1.1" 200 -
06:40:02 "POST /collect HTTP/1.1" 200 -
06:40:02 "POST /collect HTTP/1.1" 200 -
06:40:02 "POST /collect HTTP/1.1" 200 -
06:40:02 "POST /collect HTTP/1.1" 200 -
06:40:02 "POST /collect HTTP/1.1" 200 -
06:40:02 "POST /collect HTTP/1.1" 200 -
06:40:02 "POST /collect HTTP/1.1" 200 -
06:40:02 "POST /collect HTTP/1.1" 200 -
06:40:03 "POST /collect HTTP/1.1" 200 -
06:40:03 "POST /collect HTTP/1.1" 200 -
06:40:03 "POST /collect HTTP/1.1" 200 -
06:40:03 "POST /collect HTTP/1.1" 200 -
06:40:03 "POST /collect HTTP/1.1" 200 -
06:40:03 "GET /roster HTTP/1.1" 200 -
06:40:03 "GET /roster HTTP/1.1" 200 -
06:40:03 "POST /collect HTTP/1.1" 200 -
06:40:03 "POST /collect HTTP/1.1" 200 -
06:40:03 "POST /collect HTTP/1.1" 200 -
06:40:03 "POST /collect HTTP/1.1" 200 -
06:40:03 "POST /collect HTTP/1.1" 200 -
06:40:03 "POST /collect HTTP/1.1" 200 -
06:40:03 "POST /collect HTTP/1.1" 200 -
06:40:03 "POST /collect HTTP/1.1" 200 -
06:40:03 "POST /collect HTTP/1.1" 200 -
06:40:03 "POST /collect HTTP/1.1" 200 -
06:40:03 "POST /collect HTTP/1.1" 200 -
06:40:03 "POST /collect HTTP/1.1" 200 -
06:40:03 "POST /collect HTTP/1.1" 200 -
06:40:03 "POST /collect HTTP/1.1" 200 -
06:40:03 "POST /collect HTTP/1.1" 200 -
06:40:03 "POST /collect HTTP/1.1" 200 -
06:40:03 "POST /collect HTTP/1.1" 200 -
06:40:03 "POST /collect HTTP/1.1" 200 -
06:40:03 "POST /collect HTTP/1.1" 200 -
06:40:04 "POST /collect HTTP/1.1" 200 -
06:40:04 "POST /collect HTTP/1.1" 200 -
06:40:04 "POST /collect HTTP/1.1" 200 -
06:40:04 "POST /collect HTTP/1.1" 200 -
06:40:04 "POST /collect HTTP/1.1" 200 -
06:40:04 "POST /collect HTTP/1.1" 200 -
06:40:04 "POST /collect HTTP/1.1" 200 -
06:40:04 "POST /collect HTTP/1.1" 200 -
06:40:04 "POST /collect HTTP/1.1" 200 -
06:40:04 "POST /collect HTTP/1.1" 200 -
06:40:04 "POST /collect HTTP/1.1" 200 -
06:40:04 "POST /collect HTTP/1.1" 200 -
06:40:04 "POST /collect HTTP/1.1" 200 -
06:40:04 "POST /collect HTTP/1.1" 200 -
06:40:04 "POST /collect HTTP/1.1" 200 -
06:40:04 "POST /collect HTTP/1.1" 200 -
06:40:04 "POST /collect HTTP/1.1" 200 -
06:40:04 "POST /collect HTTP/1.1" 200 -
06:40:04 "POST /collect HTTP/1.1" 200 -
06:40:05 "GET /roster HTTP/1.1" 200 -
06:40:05 "GET /roster HTTP/1.1" 200 -
06:40:05 "POST /collect HTTP/1.1" 200 -
06:40:05 "POST /collect HTTP/1.1" 200 -
06:40:05 "POST /collect HTTP/1.1" 200 -
06:40:05 "POST /collect HTTP/1.1" 200 -
06:40:05 "POST /collect HTTP/1.1" 200 -
06:40:05 "POST /collect HTTP/1.1" 200 -
06:40:05 "POST /collect HTTP/1.1" 200 -
06:40:05 "POST /collect HTTP/1.1" 200 -
06:40:05 "POST /collect HTTP/1.1" 200 -
06:40:05 "POST /collect HTTP/1.1" 200 -
06:40:05 "POST /collect HTTP/1.1" 200 -
06:40:05 "POST /collect HTTP/1.1" 200 -
06:40:05 "POST /collect HTTP/1.1" 200 -
06:40:05 "POST /collect HTTP/1.1" 200 -
06:40:05 "POST /collect HTTP/1.1" 200 -
06:40:05 "POST /collect HTTP/1.1" 200 -
06:40:05 "POST /collect HTTP/1.1" 200 -
06:40:05 "POST /collect HTTP/1.1" 200 -
06:40:05 "POST /collect HTTP/1.1" 200 -
06:40:05 "POST /collect HTTP/1.1" 200 -
06:40:06 "POST /collect HTTP/1.1" 200 -
06:40:06 "POST /collect HTTP/1.1" 200 -
06:40:06 "POST /collect HTTP/1.1" 200 -
06:40:06 "POST /collect HTTP/1.1" 200 -
06:40:06 "POST /collect HTTP/1.1" 200 -
06:40:06 "POST /collect HTTP/1.1" 200 -
06:40:06 "POST /collect HTTP/1.1" 200 -
06:40:06 "POST /collect HTTP/1.1" 200 -
06:40:06 "POST /collect HTTP/1.1" 200 -
06:40:06 "POST /collect HTTP/1.1" 200 -
06:40:06 "POST /collect HTTP/1.1" 200 -
06:40:06 "POST /collect HTTP/1.1" 200 -
06:40:06 "POST /collect HTTP/1.1" 200 -
06:40:06 "POST /collect HTTP/1.1" 200 -
06:40:06 "POST /collect HTTP/1.1" 200 -
06:40:06 "POST /collect HTTP/1.1" 200 -
06:40:06 "POST /collect HTTP/1.1" 200 -
06:40:06 "POST /collect HTTP/1.1" 200 -
06:40:06 "POST /collect HTTP/1.1" 200 -
06:40:06 "POST /collect HTTP/1.1" 200 -
06:40:06 "POST /collect HTTP/1.1" 200 -
06:40:06 "POST /collect HTTP/1.1" 200 -
06:40:07 "POST /collect HTTP/1.1" 200 -
06:40:07 "GET /roster HTTP/1.1" 200 -
06:40:07 "POST /collect HTTP/1.1" 200 -
06:40:07 "GET /roster HTTP/1.1" 200 -
06:40:07 "POST /collect HTTP/1.1" 200 -
06:40:07 "POST /collect HTTP/1.1" 200 -
06:40:07 "POST /collect HTTP/1.1" 200 -
06:40:07 "POST /collect HTTP/1.1" 200 -
06:40:07 "POST /collect HTTP/1.1" 200 -
06:40:07 "POST /collect HTTP/1.1" 200 -
06:40:07 "POST /collect HTTP/1.1" 200 -
06:40:07 "POST /collect HTTP/1.1" 200 -
06:40:07 "POST /collect HTTP/1.1" 200 -
06:40:07 "POST /collect HTTP/1.1" 200 -
06:40:07 "POST /collect HTTP/1.1" 200 -
06:40:07 "POST /collect HTTP/1.1" 200 -
06:40:07 "POST /collect HTTP/1.1" 200 -
06:40:07 "POST /collect HTTP/1.1" 200 -
06:40:07 "POST /collect HTTP/1.1" 200 -
06:40:07 "POST /collect HTTP/1.1" 200 -
06:40:07 "POST /collect HTTP/1.1" 200 -
06:40:07 "POST /collect HTTP/1.1" 200 -
06:40:08 "POST /collect HTTP/1.1" 200 -
06:40:08 "POST /collect HTTP/1.1" 200 -
06:40:08 "POST /collect HTTP/1.1" 200 -
06:40:08 "POST /collect HTTP/1.1" 200 -
06:40:08 "POST /collect HTTP/1.1" 200 -
06:40:08 "POST /collect HTTP/1.1" 200 -
06:40:08 "POST /collect HTTP/1.1" 200 -
06:40:08 "POST /collect HTTP/1.1" 200 -
06:40:08 "POST /collect HTTP/1.1" 200 -
06:40:08 "POST /collect HTTP/1.1" 200 -
06:40:08 "POST /collect HTTP/1.1" 200 -
06:40:08 "POST /collect HTTP/1.1" 200 -
06:40:08 "POST /collect HTTP/1.1" 200 -
06:40:08 "POST /collect HTTP/1.1" 200 -
06:40:08 "POST /collect HTTP/1.1" 200 -
06:40:08 "POST /collect HTTP/1.1" 200 -
06:40:08 "POST /collect HTTP/1.1" 200 -
06:40:08 "POST /collect HTTP/1.1" 200 -
06:40:09 "POST /collect HTTP/1.1" 200 -
06:40:09 "POST /collect HTTP/1.1" 200 -
06:40:09 "POST /collect HTTP/1.1" 200 -
06:40:09 "POST /collect HTTP/1.1" 200 -
06:40:09 "GET /roster HTTP/1.1" 200 -
06:40:09 "POST /collect HTTP/1.1" 200 -
06:40:09 "GET /roster HTTP/1.1" 200 -
06:40:09 "POST /collect HTTP/1.1" 200 -
06:40:09 "POST /collect HTTP/1.1" 200 -
06:40:09 "POST /collect HTTP/1.1" 200 -
06:40:09 "POST /collect HTTP/1.1" 200 -
06:40:09 "POST /collect HTTP/1.1" 200 -
06:40:09 "POST /collect HTTP/1.1" 200 -
06:40:09 "POST /collect HTTP/1.1" 200 -
06:40:09 "POST /collect HTTP/1.1" 200 -
06:40:09 "POST /collect HTTP/1.1" 200 -
06:40:09 "POST /collect HTTP/1.1" 200 -
06:40:09 "POST /collect HTTP/1.1" 200 -
06:40:09 "POST /collect HTTP/1.1" 200 -
06:40:09 "POST /collect HTTP/1.1" 200 -
06:40:09 "POST /collect HTTP/1.1" 200 -
06:40:09 "POST /collect HTTP/1.1" 200 -
06:40:09 "POST /collect HTTP/1.1" 200 -
06:40:09 "POST /collect HTTP/1.1" 200 -
06:40:09 "POST /collect HTTP/1.1" 200 -
06:40:09 "POST /collect HTTP/1.1" 200 -
06:40:10 "POST /collect HTTP/1.1" 200 -
06:40:10 "POST /collect HTTP/1.1" 200 -
06:40:10 "POST /collect HTTP/1.1" 200 -
06:40:10 "POST /collect HTTP/1.1" 200 -
06:40:10 "POST /collect HTTP/1.1" 200 -
06:40:10 "POST /collect HTTP/1.1" 200 -
06:40:10 "POST /collect HTTP/1.1" 200 -
06:40:10 "POST /collect HTTP/1.1" 200 -
06:40:10 "POST /collect HTTP/1.1" 200 -
06:40:10 "POST /collect HTTP/1.1" 200 -
06:40:10 "POST /collect HTTP/1.1" 200 -
06:40:10 "POST /collect HTTP/1.1" 200 -
06:40:10 "POST /collect HTTP/1.1" 200 -
06:40:10 "POST /collect HTTP/1.1" 200 -
06:40:10 "POST /collect HTTP/1.1" 200 -
06:40:10 "POST /collect HTTP/1.1" 200 -
06:40:10 "POST /collect HTTP/1.1" 200 -
06:40:10 "POST /collect HTTP/1.1" 200 -
06:40:11 "GET /roster HTTP/1.1" 200 -
06:40:11 "GET /roster HTTP/1.1" 200 -
06:40:11 "POST /collect HTTP/1.1" 200 -
06:40:11 "POST /collect HTTP/1.1" 200 -
06:40:11 "POST /collect HTTP/1.1" 200 -
06:40:11 "POST /collect HTTP/1.1" 200 -
06:40:11 "POST /collect HTTP/1.1" 200 -
06:40:11 "POST /collect HTTP/1.1" 200 -
06:40:11 "POST /collect HTTP/1.1" 200 -
06:40:11 "POST /collect HTTP/1.1" 200 -
06:40:11 "POST /collect HTTP/1.1" 200 -
06:40:11 "POST /collect HTTP/1.1" 200 -
06:40:11 "POST /collect HTTP/1.1" 200 -
06:40:11 "POST /collect HTTP/1.1" 200 -
06:40:11 "POST /collect HTTP/1.1" 200 -
06:40:11 "POST /collect HTTP/1.1" 200 -
06:40:11 "POST /collect HTTP/1.1" 200 -
06:40:11 "POST /collect HTTP/1.1" 200 -
06:40:11 "POST /collect HTTP/1.1" 200 -
06:40:11 "POST /collect HTTP/1.1" 200 -
06:40:11 "POST /collect HTTP/1.1" 200 -
06:40:11 "POST /collect HTTP/1.1" 200 -
06:40:12 "POST /collect HTTP/1.1" 200 -
06:40:12 "POST /collect HTTP/1.1" 200 -
06:40:12 "POST /collect HTTP/1.1" 200 -
06:40:12 "POST /collect HTTP/1.1" 200 -
06:40:12 "POST /collect HTTP/1.1" 200 -
06:40:12 "POST /collect HTTP/1.1" 200 -
06:40:12 "POST /collect HTTP/1.1" 200 -
06:40:12 "POST /collect HTTP/1.1" 200 -
06:40:12 "POST /collect HTTP/1.1" 200 -
06:40:12 "POST /collect HTTP/1.1" 200 -
06:40:12 "POST /collect HTTP/1.1" 200 -
06:40:12 "POST /collect HTTP/1.1" 200 -
06:40:12 "POST /collect HTTP/1.1" 200 -
06:40:12 "POST /collect HTTP/1.1" 200 -
06:40:12 "POST /collect HTTP/1.1" 200 -
06:40:12 "POST /collect HTTP/1.1" 200 -
06:40:12 "POST /collect HTTP/1.1" 200 -
06:40:12 "POST /collect HTTP/1.1" 200 -
06:40:12 "POST /collect HTTP/1.1" 200 -
06:40:12 "POST /collect HTTP/1.1" 200 -
06:40:12 "POST /collect HTTP/1.1" 200 -
06:40:12 "POST /collect HTTP/1.1" 200 -
06:40:13 "POST /collect HTTP/1.1" 200 -
06:40:13 "GET /roster HTTP/1.1" 200 -
06:40:13 "GET /roster HTTP/1.1" 200 -
06:40:13 "POST /collect HTTP/1.1" 200 -
06:40:13 "POST /collect HTTP/1.1" 200 -
06:40:13 "POST /collect HTTP/1.1" 200 -
06:40:13 "POST /collect HTTP/1.1" 200 -
06:40:13 "POST /collect HTTP/1.1" 200 -
06:40:13 "POST /collect HTTP/1.1" 200 -
06:40:13 "POST /collect HTTP/1.1" 200 -
06:40:13 "POST /collect HTTP/1.1" 200 -
06:40:13 "POST /collect HTTP/1.1" 200 -
06:40:13 "POST /collect HTTP/1.1" 200 -
06:40:13 "POST /collect HTTP/1.1" 200 -
06:40:13 "POST /collect HTTP/1.1" 200 -
06:40:13 "POST /collect HTTP/1.1" 200 -
06:40:13 "POST /collect HTTP/1.1" 200 -
06:40:13 "POST /collect HTTP/1.1" 200 -
06:40:13 "POST /collect HTTP/1.1" 200 -
06:40:13 "POST /collect HTTP/1.1" 200 -
06:40:13 "POST /collect HTTP/1.1" 200 -
06:40:13 "POST /collect HTTP/1.1" 200 -
06:40:14 "POST /collect HTTP/1.1" 200 -
06:40:14 "POST /collect HTTP/1.1" 200 -
06:40:14 "POST /collect HTTP/1.1" 200 -
06:40:14 "POST /collect HTTP/1.1" 200 -
06:40:14 "POST /collect HTTP/1.1" 200 -
06:40:14 "POST /collect HTTP/1.1" 200 -
06:40:14 "POST /collect HTTP/1.1" 200 -
06:40:14 "POST /collect HTTP/1.1" 200 -
06:40:14 "POST /collect HTTP/1.1" 200 -
06:40:14 "POST /collect HTTP/1.1" 200 -
06:40:14 "POST /collect HTTP/1.1" 200 -
06:40:14 "POST /collect HTTP/1.1" 200 -
06:40:14 "POST /collect HTTP/1.1" 200 -
06:40:14 "POST /collect HTTP/1.1" 200 -
06:40:14 "POST /collect HTTP/1.1" 200 -
06:40:14 "POST /collect HTTP/1.1" 200 -
06:40:14 "POST /collect HTTP/1.1" 200 -
06:40:14 "POST /collect HTTP/1.1" 200 -
06:40:15 "POST /collect HTTP/1.1" 200 -
06:40:15 "POST /collect HTTP/1.1" 200 -
06:40:15 "POST /collect HTTP/1.1" 200 -
06:40:15 "GET /roster HTTP/1.1" 200 -
06:40:15 "POST /collect HTTP/1.1" 200 -
06:40:15 "POST /collect HTTP/1.1" 200 -
06:40:15 "GET /roster HTTP/1.1" 200 -
06:40:15 "POST /collect HTTP/1.1" 200 -
06:40:15 "POST /collect HTTP/1.1" 200 -
06:40:15 "POST /collect HTTP/1.1" 200 -
06:40:15 "POST /collect HTTP/1.1" 200 -
06:40:15 "POST /collect HTTP/1.1" 200 -
06:40:15 "POST /collect HTTP/1.1" 200 -
06:40:15 "POST /collect HTTP/1.1" 200 -
06:40:15 "POST /collect HTTP/1.1" 200 -
06:40:15 "POST /collect HTTP/1.1" 200 -
06:40:15 "POST /collect HTTP/1.1" 200 -
06:40:15 "POST /collect HTTP/1.1" 200 -
06:40:15 "POST /collect HTTP/1.1" 200 -
06:40:15 "POST /collect HTTP/1.1" 200 -
06:40:15 "POST /collect HTTP/1.1" 200 -
06:40:15 "POST /collect HTTP/1.1" 200 -
06:40:15 "POST /collect HTTP/1.1" 200 -
06:40:15 "POST /collect HTTP/1.1" 200 -
06:40:15 "POST /collect HTTP/1.1" 200 -
06:40:15 "POST /collect HTTP/1.1" 200 -
06:40:16 "POST /collect HTTP/1.1" 200 -
06:40:16 "POST /collect HTTP/1.1" 200 -
06:40:16 "POST /collect HTTP/1.1" 200 -
06:40:16 "POST /collect HTTP/1.1" 200 -
06:40:16 "POST /collect HTTP/1.1" 200 -
06:40:16 "POST /collect HTTP/1.1" 200 -
06:40:16 "POST /collect HTTP/1.1" 200 -
06:40:16 "POST /collect HTTP/1.1" 200 -
06:40:16 "POST /collect HTTP/1.1" 200 -
06:40:16 "POST /collect HTTP/1.1" 200 -
06:40:16 "POST /collect HTTP/1.1" 200 -
06:40:16 "POST /collect HTTP/1.1" 200 -
06:40:16 "POST /collect HTTP/1.1" 200 -
06:40:16 "POST /collect HTTP/1.1" 200 -
06:40:16 "POST /collect HTTP/1.1" 200 -
06:40:16 "POST /collect HTTP/1.1" 200 -
06:40:16 "POST /collect HTTP/1.1" 200 -
06:40:16 "POST /collect HTTP/1.1" 200 -
06:40:17 "GET /roster HTTP/1.1" 200 -
06:40:17 "GET /roster HTTP/1.1" 200 -
06:40:17 "POST /collect HTTP/1.1" 200 -
06:40:17 "POST /collect HTTP/1.1" 200 -
06:40:17 "POST /collect HTTP/1.1" 200 -
06:40:17 "POST /collect HTTP/1.1" 200 -
06:40:17 "POST /collect HTTP/1.1" 200 -
06:40:17 "POST /collect HTTP/1.1" 200 -
06:40:17 "POST /collect HTTP/1.1" 200 -
06:40:17 "POST /collect HTTP/1.1" 200 -
06:40:17 "POST /collect HTTP/1.1" 200 -
06:40:17 "POST /collect HTTP/1.1" 200 -
06:40:17 "POST /collect HTTP/1.1" 200 -
06:40:17 "POST /collect HTTP/1.1" 200 -
06:40:17 "POST /collect HTTP/1.1" 200 -
06:40:17 "POST /collect HTTP/1.1" 200 -
06:40:17 "POST /collect HTTP/1.1" 200 -
06:40:17 "POST /collect HTTP/1.1" 200 -
06:40:17 "POST /collect HTTP/1.1" 200 -
06:40:17 "POST /collect HTTP/1.1" 200 -
06:40:17 "POST /collect HTTP/1.1" 200 -
06:40:17 "POST /collect HTTP/1.1" 200 -
06:40:18 "POST /collect HTTP/1.1" 200 -
06:40:18 "POST /collect HTTP/1.1" 200 -
06:40:18 "POST /collect HTTP/1.1" 200 -
06:40:18 "POST /collect HTTP/1.1" 200 -
06:40:18 "POST /collect HTTP/1.1" 200 -
06:40:18 "POST /collect HTTP/1.1" 200 -
06:40:18 "POST /collect HTTP/1.1" 200 -
06:40:18 "POST /collect HTTP/1.1" 200 -
06:40:18 "POST /collect HTTP/1.1" 200 -
06:40:18 "POST /collect HTTP/1.1" 200 -
06:40:18 "POST /collect HTTP/1.1" 200 -
06:40:18 "POST /collect HTTP/1.1" 200 -
06:40:18 "POST /collect HTTP/1.1" 200 -
06:40:18 "POST /collect HTTP/1.1" 200 -
06:40:18 "POST /collect HTTP/1.1" 200 -
06:40:18 "POST /collect HTTP/1.1" 200 -
06:40:18 "POST /collect HTTP/1.1" 200 -
06:40:18 "POST /collect HTTP/1.1" 200 -
06:40:18 "POST /collect HTTP/1.1" 200 -
06:40:18 "POST /collect HTTP/1.1" 200 -
06:40:18 "POST /collect HTTP/1.1" 200 -
06:40:18 "POST /collect HTTP/1.1" 200 -
06:40:19 "POST /collect HTTP/1.1" 200 -
06:40:19 "GET /roster HTTP/1.1" 200 -
06:40:19 "GET /roster HTTP/1.1" 200 -
06:40:19 "POST /collect HTTP/1.1" 200 -
06:40:19 "POST /collect HTTP/1.1" 200 -
06:40:19 "POST /collect HTTP/1.1" 200 -
06:40:19 "POST /collect HTTP/1.1" 200 -
06:40:19 "POST /collect HTTP/1.1" 200 -
06:40:19 "POST /collect HTTP/1.1" 200 -
06:40:19 "POST /collect HTTP/1.1" 200 -
06:40:19 "POST /collect HTTP/1.1" 200 -
06:40:19 "POST /collect HTTP/1.1" 200 -
06:40:19 "POST /collect HTTP/1.1" 200 -
06:40:19 "POST /collect HTTP/1.1" 200 -
06:40:19 "POST /collect HTTP/1.1" 200 -
06:40:19 "POST /collect HTTP/1.1" 200 -
06:40:19 "POST /collect HTTP/1.1" 200 -
06:40:19 "POST /collect HTTP/1.1" 200 -
06:40:19 "POST /collect HTTP/1.1" 200 -
06:40:19 "POST /collect HTTP/1.1" 200 -
06:40:19 "POST /collect HTTP/1.1" 200 -
06:40:19 "POST /collect HTTP/1.1" 200 -
06:40:20 "POST /collect HTTP/1.1" 200 -
06:40:20 "POST /collect HTTP/1.1" 200 -
06:40:20 "POST /collect HTTP/1.1" 200 -
06:40:20 "POST /collect HTTP/1.1" 200 -
06:40:20 "POST /collect HTTP/1.1" 200 -
06:40:20 "POST /collect HTTP/1.1" 200 -
06:40:20 "POST /collect HTTP/1.1" 200 -
06:40:20 "POST /collect HTTP/1.1" 200 -
06:40:20 "POST /collect HTTP/1.1" 200 -
06:40:20 "POST /collect HTTP/1.1" 200 -
06:40:20 "POST /collect HTTP/1.1" 200 -
06:40:20 "POST /collect HTTP/1.1" 200 -
06:40:20 "POST /collect HTTP/1.1" 200 -
06:40:20 "POST /collect HTTP/1.1" 200 -
06:40:20 "POST /collect HTTP/1.1" 200 -
06:40:20 "POST /collect HTTP/1.1" 200 -
06:40:20 "POST /collect HTTP/1.1" 200 -
06:40:20 "POST /collect HTTP/1.1" 200 -
06:40:20 "POST /collect HTTP/1.1" 200 -
06:40:21 "POST /collect HTTP/1.1" 200 -
06:40:21 "POST /collect HTTP/1.1" 200 -
06:40:21 "POST /collect HTTP/1.1" 200 -
06:40:21 "GET /roster HTTP/1.1" 200 -
06:40:21 "POST /collect HTTP/1.1" 200 -
06:40:21 "POST /collect HTTP/1.1" 200 -
06:40:21 "GET /roster HTTP/1.1" 200 -
06:40:21 "POST /collect HTTP/1.1" 200 -
06:40:21 "POST /collect HTTP/1.1" 200 -
06:40:21 "POST /collect HTTP/1.1" 200 -
06:40:21 "POST /collect HTTP/1.1" 200 -
06:40:21 "POST /collect HTTP/1.1" 200 -
06:40:21 "POST /collect HTTP/1.1" 200 -
06:40:21 "POST /collect HTTP/1.1" 200 -
06:40:21 "POST /collect HTTP/1.1" 200 -
06:40:21 "POST /collect HTTP/1.1" 200 -
06:40:21 "POST /collect HTTP/1.1" 200 -
06:40:21 "POST /collect HTTP/1.1" 200 -
06:40:21 "POST /collect HTTP/1.1" 200 -
06:40:21 "POST /collect HTTP/1.1" 200 -
06:40:21 "POST /collect HTTP/1.1" 200 -
06:40:21 "POST /collect HTTP/1.1" 200 -
06:40:21 "POST /collect HTTP/1.1" 200 -
06:40:21 "POST /collect HTTP/1.1" 200 -
06:40:21 "POST /collect HTTP/1.1" 200 -
06:40:21 "POST /collect HTTP/1.1" 200 -
06:40:22 "POST /collect HTTP/1.1" 200 -
06:40:22 "POST /collect HTTP/1.1" 200 -
06:40:22 "POST /collect HTTP/1.1" 200 -
06:40:22 "POST /collect HTTP/1.1" 200 -
06:40:22 "POST /collect HTTP/1.1" 200 -
06:40:22 "POST /collect HTTP/1.1" 200 -
06:40:22 "POST /collect HTTP/1.1" 200 -
06:40:22 "POST /collect HTTP/1.1" 200 -
06:40:22 "POST /collect HTTP/1.1" 200 -
06:40:22 "POST /collect HTTP/1.1" 200 -
06:40:22 "POST /collect HTTP/1.1" 200 -
06:40:22 "POST /collect HTTP/1.1" 200 -
06:40:22 "POST /collect HTTP/1.1" 200 -
06:40:22 "POST /collect HTTP/1.1" 200 -
06:40:22 "POST /collect HTTP/1.1" 200 -
06:40:22 "POST /collect HTTP/1.1" 200 -
06:40:22 "POST /collect HTTP/1.1" 200 -
06:40:22 "POST /collect HTTP/1.1" 200 -
06:40:23 "GET /roster HTTP/1.1" 200 -
06:40:23 "GET /roster HTTP/1.1" 200 -
06:40:23 "POST /collect HTTP/1.1" 200 -
06:40:23 "POST /collect HTTP/1.1" 200 -
06:40:23 "POST /collect HTTP/1.1" 200 -
06:40:23 "POST /collect HTTP/1.1" 200 -
06:40:23 "POST /collect HTTP/1.1" 200 -
06:40:23 "POST /collect HTTP/1.1" 200 -
06:40:23 "POST /collect HTTP/1.1" 200 -
06:40:23 "POST /collect HTTP/1.1" 200 -
06:40:23 "POST /collect HTTP/1.1" 200 -
06:40:23 "POST /collect HTTP/1.1" 200 -
06:40:23 "POST /collect HTTP/1.1" 200 -
06:40:23 "POST /collect HTTP/1.1" 200 -
06:40:23 "POST /collect HTTP/1.1" 200 -
06:40:23 "POST /collect HTTP/1.1" 200 -
06:40:23 "POST /collect HTTP/1.1" 200 -
06:40:23 "POST /collect HTTP/1.1" 200 -
06:40:23 "POST /collect HTTP/1.1" 200 -
06:40:23 "POST /collect HTTP/1.1" 200 -
06:40:23 "POST /collect HTTP/1.1" 200 -
06:40:23 "POST /collect HTTP/1.1" 200 -
06:40:24 "POST /collect HTTP/1.1" 200 -
06:40:24 "POST /collect HTTP/1.1" 200 -
06:40:24 "POST /collect HTTP/1.1" 200 -
06:40:24 "POST /collect HTTP/1.1" 200 -
06:40:24 "POST /collect HTTP/1.1" 200 -
06:40:24 "POST /collect HTTP/1.1" 200 -
06:40:24 "POST /collect HTTP/1.1" 200 -
06:40:24 "POST /collect HTTP/1.1" 200 -
06:40:24 "POST /collect HTTP/1.1" 200 -
06:40:24 "POST /collect HTTP/1.1" 200 -
06:40:24 "POST /collect HTTP/1.1" 200 -
06:40:24 "POST /collect HTTP/1.1" 200 -
06:40:24 "POST /collect HTTP/1.1" 200 -
06:40:24 "POST /collect HTTP/1.1" 200 -
06:40:24 "POST /collect HTTP/1.1" 200 -
06:40:24 "POST /collect HTTP/1.1" 200 -
06:40:24 "POST /collect HTTP/1.1" 200 -
06:40:24 "POST /collect HTTP/1.1" 200 -
06:40:24 "POST /collect HTTP/1.1" 200 -
06:40:24 "POST /collect HTTP/1.1" 200 -
06:40:24 "POST /collect HTTP/1.1" 200 -
06:40:24 "POST /collect HTTP/1.1" 200 -
06:40:25 "POST /collect HTTP/1.1" 200 -
06:40:25 "GET /roster HTTP/1.1" 200 -
06:40:25 "POST /collect HTTP/1.1" 200 -
06:40:25 "POST /collect HTTP/1.1" 200 -
06:40:25 "GET /roster HTTP/1.1" 200 -
06:40:25 "POST /collect HTTP/1.1" 200 -
06:40:25 "POST /collect HTTP/1.1" 200 -
06:40:25 "POST /collect HTTP/1.1" 200 -
06:40:25 "POST /collect HTTP/1.1" 200 -
06:40:25 "POST /collect HTTP/1.1" 200 -
06:40:25 "POST /collect HTTP/1.1" 200 -
06:40:25 "POST /collect HTTP/1.1" 200 -
06:40:25 "POST /collect HTTP/1.1" 200 -
06:40:25 "POST /collect HTTP/1.1" 200 -
06:40:25 "POST /collect HTTP/1.1" 200 -
06:40:25 "POST /collect HTTP/1.1" 200 -
06:40:25 "POST /collect HTTP/1.1" 200 -
06:40:25 "POST /collect HTTP/1.1" 200 -
06:40:25 "POST /collect HTTP/1.1" 200 -
06:40:25 "POST /collect HTTP/1.1" 200 -
06:40:25 "POST /collect HTTP/1.1" 200 -
06:40:25 "POST /collect HTTP/1.1" 200 -
06:40:26 "POST /collect HTTP/1.1" 200 -
06:40:26 "POST /collect HTTP/1.1" 200 -
06:40:26 "POST /collect HTTP/1.1" 200 -
06:40:26 "POST /collect HTTP/1.1" 200 -
06:40:26 "POST /collect HTTP/1.1" 200 -
06:40:26 "POST /collect HTTP/1.1" 200 -
06:40:26 "POST /collect HTTP/1.1" 200 -
06:40:26 "POST /collect HTTP/1.1" 200 -
06:40:26 "POST /collect HTTP/1.1" 200 -
06:40:26 "POST /collect HTTP/1.1" 200 -
06:40:26 "POST /collect HTTP/1.1" 200 -
06:40:26 "POST /collect HTTP/1.1" 200 -
06:40:26 "POST /collect HTTP/1.1" 200 -
06:40:26 "POST /collect HTTP/1.1" 200 -
06:40:26 "POST /collect HTTP/1.1" 200 -
06:40:26 "POST /collect HTTP/1.1" 200 -
06:40:26 "POST /collect HTTP/1.1" 200 -
06:40:26 "POST /collect HTTP/1.1" 200 -
06:40:27 "POST /collect HTTP/1.1" 200 -
06:40:27 "POST /collect HTTP/1.1" 200 -
06:40:27 "POST /collect HTTP/1.1" 200 -
06:40:27 "GET /roster HTTP/1.1" 200 -
06:40:27 "POST /collect HTTP/1.1" 200 -
06:40:27 "POST /collect HTTP/1.1" 200 -
06:40:27 "GET /roster HTTP/1.1" 200 -
06:40:27 "POST /collect HTTP/1.1" 200 -
06:40:27 "POST /collect HTTP/1.1" 200 -
06:40:27 "POST /collect HTTP/1.1" 200 -
06:40:27 "POST /collect HTTP/1.1" 200 -
06:40:27 "POST /collect HTTP/1.1" 200 -
06:40:27 "POST /collect HTTP/1.1" 200 -
06:40:27 "POST /collect HTTP/1.1" 200 -
06:40:27 "POST /collect HTTP/1.1" 200 -
06:40:27 "POST /collect HTTP/1.1" 200 -
06:40:27 "POST /collect HTTP/1.1" 200 -
06:40:27 "POST /collect HTTP/1.1" 200 -
06:40:27 "POST /collect HTTP/1.1" 200 -
06:40:27 "POST /collect HTTP/1.1" 200 -
06:40:27 "POST /collect HTTP/1.1" 200 -
06:40:27 "POST /collect HTTP/1.1" 200 -
06:40:27 "POST /collect HTTP/1.1" 200 -
06:40:27 "POST /collect HTTP/1.1" 200 -
06:40:27 "POST /collect HTTP/1.1" 200 -
06:40:27 "POST /collect HTTP/1.1" 200 -
06:40:28 "POST /collect HTTP/1.1" 200 -
06:40:28 "POST /collect HTTP/1.1" 200 -
06:40:28 "POST /collect HTTP/1.1" 200 -
06:40:28 "POST /collect HTTP/1.1" 200 -
06:40:28 "POST /collect HTTP/1.1" 200 -
06:40:28 "POST /collect HTTP/1.1" 200 -
06:40:28 "POST /collect HTTP/1.1" 200 -
06:40:28 "POST /collect HTTP/1.1" 200 -
06:40:28 "POST /collect HTTP/1.1" 200 -
06:40:28 "POST /collect HTTP/1.1" 200 -
06:40:28 "POST /collect HTTP/1.1" 200 -
06:40:28 "POST /collect HTTP/1.1" 200 -
06:40:28 "POST /collect HTTP/1.1" 200 -
06:40:28 "POST /collect HTTP/1.1" 200 -
06:40:28 "POST /collect HTTP/1.1" 200 -
06:40:28 "POST /collect HTTP/1.1" 200 -
06:40:28 "POST /collect HTTP/1.1" 200 -
06:40:28 "POST /collect HTTP/1.1" 200 -
06:40:29 "GET /roster HTTP/1.1" 200 -
06:40:29 "GET /roster HTTP/1.1" 200 -
06:40:29 "POST /collect HTTP/1.1" 200 -
06:40:29 "POST /collect HTTP/1.1" 200 -
06:40:29 "POST /collect HTTP/1.1" 200 -
06:40:29 "POST /collect HTTP/1.1" 200 -
06:40:29 "POST /collect HTTP/1.1" 200 -
06:40:29 "POST /collect HTTP/1.1" 200 -
06:40:29 "POST /collect HTTP/1.1" 200 -
06:40:29 "POST /collect HTTP/1.1" 200 -
06:40:29 "POST /collect HTTP/1.1" 200 -
06:40:29 "POST /collect HTTP/1.1" 200 -
06:40:29 "POST /collect HTTP/1.1" 200 -
06:40:29 "POST /collect HTTP/1.1" 200 -
06:40:29 "POST /collect HTTP/1.1" 200 -
06:40:29 "POST /collect HTTP/1.1" 200 -
06:40:29 "POST /collect HTTP/1.1" 200 -
06:40:29 "POST /collect HTTP/1.1" 200 -
06:40:29 "POST /collect HTTP/1.1" 200 -
06:40:29 "POST /collect HTTP/1.1" 200 -
06:40:29 "POST /collect HTTP/1.1" 200 -
06:40:29 "POST /collect HTTP/1.1" 200 -
06:40:30 "POST /collect HTTP/1.1" 200 -
06:40:30 "POST /collect HTTP/1.1" 200 -
06:40:30 "POST /collect HTTP/1.1" 200 -
06:40:30 "POST /collect HTTP/1.1" 200 -
06:40:30 "POST /collect HTTP/1.1" 200 -
06:40:30 "POST /collect HTTP/1.1" 200 -
06:40:30 "POST /collect HTTP/1.1" 200 -
06:40:30 "POST /collect HTTP/1.1" 200 -
06:40:30 "POST /collect HTTP/1.1" 200 -
06:40:30 "POST /collect HTTP/1.1" 200 -
06:40:30 "POST /collect HTTP/1.1" 200 -
06:40:30 "POST /collect HTTP/1.1" 200 -
06:40:30 "POST /collect HTTP/1.1" 200 -
06:40:30 "POST /collect HTTP/1.1" 200 -
06:40:30 "POST /collect HTTP/1.1" 200 -
06:40:30 "POST /collect HTTP/1.1" 200 -
06:40:30 "POST /collect HTTP/1.1" 200 -
06:40:30 "POST /collect HTTP/1.1" 200 -
06:40:30 "POST /collect HTTP/1.1" 200 -
06:40:30 "POST /collect HTTP/1.1" 200 -
06:40:30 "POST /collect HTTP/1.1" 200 -
06:40:30 "POST /collect HTTP/1.1" 200 -
06:40:31 "POST /collect HTTP/1.1" 200 -
06:40:31 "GET /roster HTTP/1.1" 200 -
06:40:31 "POST /collect HTTP/1.1" 200 -
06:40:31 "POST /collect HTTP/1.1" 200 -
06:40:31 "GET /roster HTTP/1.1" 200 -
06:40:31 "POST /collect HTTP/1.1" 200 -
06:40:31 "POST /collect HTTP/1.1" 200 -
06:40:31 "POST /collect HTTP/1.1" 200 -
06:40:31 "POST /collect HTTP/1.1" 200 -
06:40:31 "POST /collect HTTP/1.1" 200 -
06:40:31 "POST /collect HTTP/1.1" 200 -
06:40:31 "POST /collect HTTP/1.1" 200 -
06:40:31 "POST /collect HTTP/1.1" 200 -
06:40:31 "POST /collect HTTP/1.1" 200 -
06:40:31 "POST /collect HTTP/1.1" 200 -
06:40:31 "POST /collect HTTP/1.1" 200 -
06:40:31 "POST /collect HTTP/1.1" 200 -
06:40:31 "POST /collect HTTP/1.1" 200 -
06:40:31 "POST /collect HTTP/1.1" 200 -
06:40:31 "POST /collect HTTP/1.1" 200 -
06:40:31 "POST /collect HTTP/1.1" 200 -
06:40:31 "POST /collect HTTP/1.1" 200 -
06:40:32 "POST /collect HTTP/1.1" 200 -
06:40:32 "POST /collect HTTP/1.1" 200 -
06:40:32 "POST /collect HTTP/1.1" 200 -
06:40:32 "POST /collect HTTP/1.1" 200 -
06:40:32 "POST /collect HTTP/1.1" 200 -
06:40:32 "POST /collect HTTP/1.1" 200 -
06:40:32 "POST /collect HTTP/1.1" 200 -
06:40:32 "POST /collect HTTP/1.1" 200 -
06:40:32 "POST /collect HTTP/1.1" 200 -
06:40:32 "POST /collect HTTP/1.1" 200 -
06:40:32 "POST /collect HTTP/1.1" 200 -
06:40:32 "POST /collect HTTP/1.1" 200 -
06:40:32 "POST /collect HTTP/1.1" 200 -
06:40:32 "POST /collect HTTP/1.1" 200 -
06:40:32 "POST /collect HTTP/1.1" 200 -
06:40:32 "POST /collect HTTP/1.1" 200 -
06:40:32 "POST /collect HTTP/1.1" 200 -
06:40:32 "POST /collect HTTP/1.1" 200 -
06:40:33 "POST /collect HTTP/1.1" 200 -
06:40:33 "POST /collect HTTP/1.1" 200 -
06:40:33 "POST /collect HTTP/1.1" 200 -
06:40:33 "POST /collect HTTP/1.1" 200 -
06:40:33 "POST /collect HTTP/1.1" 200 -
06:40:33 "GET /roster HTTP/1.1" 200 -
06:40:33 "GET /roster HTTP/1.1" 200 -
06:40:33 "POST /collect HTTP/1.1" 200 -
06:40:33 "POST /collect HTTP/1.1" 200 -
06:40:33 "POST /collect HTTP/1.1" 200 -
06:40:33 "POST /collect HTTP/1.1" 200 -
06:40:33 "POST /collect HTTP/1.1" 200 -
06:40:33 "POST /collect HTTP/1.1" 200 -
06:40:33 "POST /collect HTTP/1.1" 200 -
06:40:33 "POST /collect HTTP/1.1" 200 -
06:40:33 "POST /collect HTTP/1.1" 200 -
06:40:33 "POST /collect HTTP/1.1" 200 -
06:40:33 "POST /collect HTTP/1.1" 200 -
06:40:33 "POST /collect HTTP/1.1" 200 -
06:40:33 "POST /collect HTTP/1.1" 200 -
06:40:33 "POST /collect HTTP/1.1" 200 -
06:40:33 "POST /collect HTTP/1.1" 200 -
06:40:33 "POST /collect HTTP/1.1" 200 -
06:40:33 "POST /collect HTTP/1.1" 200 -
06:40:33 "POST /collect HTTP/1.1" 200 -
06:40:33 "POST /collect HTTP/1.1" 200 -
06:40:34 "POST /collect HTTP/1.1" 200 -
06:40:34 "POST /collect HTTP/1.1" 200 -
06:40:34 "POST /collect HTTP/1.1" 200 -
06:40:34 "POST /collect HTTP/1.1" 200 -
06:40:34 "POST /collect HTTP/1.1" 200 -
06:40:34 "POST /collect HTTP/1.1" 200 -
06:40:34 "POST /collect HTTP/1.1" 200 -
06:40:34 "POST /collect HTTP/1.1" 200 -
06:40:34 "POST /collect HTTP/1.1" 200 -
06:40:34 "POST /collect HTTP/1.1" 200 -
06:40:34 "POST /collect HTTP/1.1" 200 -
06:40:34 "POST /collect HTTP/1.1" 200 -
06:40:34 "POST /collect HTTP/1.1" 200 -
06:40:34 "POST /collect HTTP/1.1" 200 -
06:40:34 "POST /collect HTTP/1.1" 200 -
06:40:34 "POST /collect HTTP/1.1" 200 -
06:40:34 "POST /collect HTTP/1.1" 200 -
06:40:34 "POST /collect HTTP/1.1" 200 -
06:40:35 "GET /roster HTTP/1.1" 200 -
06:40:35 "GET /roster HTTP/1.1" 200 -
06:40:35 "POST /collect HTTP/1.1" 200 -
06:40:35 "POST /collect HTTP/1.1" 200 -
06:40:35 "POST /collect HTTP/1.1" 200 -
06:40:35 "POST /collect HTTP/1.1" 200 -
06:40:35 "POST /collect HTTP/1.1" 200 -
06:40:35 "POST /collect HTTP/1.1" 200 -
06:40:35 "POST /collect HTTP/1.1" 200 -
06:40:35 "POST /collect HTTP/1.1" 200 -
06:40:35 "POST /collect HTTP/1.1" 200 -
06:40:35 "POST /collect HTTP/1.1" 200 -
06:40:35 "POST /collect HTTP/1.1" 200 -
06:40:35 "POST /collect HTTP/1.1" 200 -
06:40:35 "POST /collect HTTP/1.1" 200 -
06:40:35 "POST /collect HTTP/1.1" 200 -
06:40:35 "POST /collect HTTP/1.1" 200 -
06:40:35 "POST /collect HTTP/1.1" 200 -
06:40:35 "POST /collect HTTP/1.1" 200 -
06:40:35 "POST /collect HTTP/1.1" 200 -
06:40:35 "POST /collect HTTP/1.1" 200 -
06:40:35 "POST /collect HTTP/1.1" 200 -
06:40:35 "POST /collect HTTP/1.1" 200 -
06:40:36 "POST /collect HTTP/1.1" 200 -
06:40:36 "POST /collect HTTP/1.1" 200 -
06:40:36 "POST /collect HTTP/1.1" 200 -
06:40:36 "POST /collect HTTP/1.1" 200 -
06:40:36 "POST /collect HTTP/1.1" 200 -
06:40:36 "POST /collect HTTP/1.1" 200 -
06:40:36 "POST /collect HTTP/1.1" 200 -
06:40:36 "POST /collect HTTP/1.1" 200 -
06:40:36 "POST /collect HTTP/1.1" 200 -
06:40:36 "POST /collect HTTP/1.1" 200 -
06:40:36 "POST /collect HTTP/1.1" 200 -
06:40:36 "POST /collect HTTP/1.1" 200 -
06:40:36 "POST /collect HTTP/1.1" 200 -
06:40:36 "POST /collect HTTP/1.1" 200 -
06:40:36 "POST /collect HTTP/1.1" 200 -
06:40:36 "POST /collect HTTP/1.1" 200 -
06:40:36 "POST /collect HTTP/1.1" 200 -
06:40:36 "POST /collect HTTP/1.1" 200 -
06:40:36 "POST /collect HTTP/1.1" 200 -
06:40:36 "POST /collect HTTP/1.1" 200 -
06:40:36 "POST /collect HTTP/1.1" 200 -
06:40:36 "POST /collect HTTP/1.1" 200 -
06:40:37 "POST /collect HTTP/1.1" 200 -
06:40:37 "GET /roster HTTP/1.1" 200 -
06:40:37 "POST /collect HTTP/1.1" 200 -
06:40:37 "POST /collect HTTP/1.1" 200 -
06:40:37 "GET /roster HTTP/1.1" 200 -
06:40:37 "POST /collect HTTP/1.1" 200 -
06:40:37 "POST /collect HTTP/1.1" 200 -
06:40:37 "POST /collect HTTP/1.1" 200 -
06:40:37 "POST /collect HTTP/1.1" 200 -
06:40:37 "POST /collect HTTP/1.1" 200 -
06:40:37 "POST /collect HTTP/1.1" 200 -
06:40:37 "POST /collect HTTP/1.1" 200 -
06:40:37 "POST /collect HTTP/1.1" 200 -
06:40:37 "POST /collect HTTP/1.1" 200 -
06:40:37 "POST /collect HTTP/1.1" 200 -
06:40:37 "POST /collect HTTP/1.1" 200 -
06:40:37 "POST /collect HTTP/1.1" 200 -
06:40:37 "POST /collect HTTP/1.1" 200 -
06:40:37 "POST /collect HTTP/1.1" 200 -
06:40:37 "POST /collect HTTP/1.1" 200 -
06:40:37 "POST /collect HTTP/1.1" 200 -
06:40:37 "POST /collect HTTP/1.1" 200 -
06:40:38 "POST /collect HTTP/1.1" 200 -
06:40:38 "POST /collect HTTP/1.1" 200 -
06:40:38 "POST /collect HTTP/1.1" 200 -
06:40:38 "POST /collect HTTP/1.1" 200 -
06:40:38 "POST /collect HTTP/1.1" 200 -
06:40:38 "POST /collect HTTP/1.1" 200 -
06:40:38 "POST /collect HTTP/1.1" 200 -
06:40:38 "POST /collect HTTP/1.1" 200 -
06:40:38 "POST /collect HTTP/1.1" 200 -
06:40:38 "POST /collect HTTP/1.1" 200 -
06:40:38 "POST /collect HTTP/1.1" 200 -
06:40:38 "POST /collect HTTP/1.1" 200 -
06:40:38 "POST /collect HTTP/1.1" 200 -
06:40:38 "POST /collect HTTP/1.1" 200 -
06:40:38 "POST /collect HTTP/1.1" 200 -
06:40:38 "POST /collect HTTP/1.1" 200 -
06:40:38 "POST /collect HTTP/1.1" 200 -
06:40:38 "POST /collect HTTP/1.1" 200 -
06:40:39 "POST /collect HTTP/1.1" 200 -
06:40:39 "POST /collect HTTP/1.1" 200 -
06:40:39 "POST /collect HTTP/1.1" 200 -
06:40:39 "POST /collect HTTP/1.1" 200 -
06:40:39 "POST /collect HTTP/1.1" 200 -
06:40:39 "GET /roster HTTP/1.1" 200 -
06:40:39 "GET /roster HTTP/1.1" 200 -
06:40:39 "POST /collect HTTP/1.1" 200 -
06:40:39 "POST /collect HTTP/1.1" 200 -
06:40:39 "POST /collect HTTP/1.1" 200 -
06:40:39 "POST /collect HTTP/1.1" 200 -
06:40:39 "POST /collect HTTP/1.1" 200 -
06:40:39 "POST /collect HTTP/1.1" 200 -
06:40:39 "POST /collect HTTP/1.1" 200 -
06:40:39 "POST /collect HTTP/1.1" 200 -
06:40:39 "POST /collect HTTP/1.1" 200 -
06:40:39 "POST /collect HTTP/1.1" 200 -
06:40:39 "POST /collect HTTP/1.1" 200 -
06:40:39 "POST /collect HTTP/1.1" 200 -
06:40:39 "POST /collect HTTP/1.1" 200 -
06:40:39 "POST /collect HTTP/1.1" 200 -
06:40:39 "POST /collect HTTP/1.1" 200 -
06:40:39 "POST /collect HTTP/1.1" 200 -
06:40:39 "POST /collect HTTP/1.1" 200 -
06:40:39 "POST /collect HTTP/1.1" 200 -
06:40:39 "POST /collect HTTP/1.1" 200 -
06:40:40 "POST /collect HTTP/1.1" 200 -
06:40:40 "POST /collect HTTP/1.1" 200 -
06:40:40 "POST /collect HTTP/1.1" 200 -
06:40:40 "POST /collect HTTP/1.1" 200 -
06:40:40 "POST /collect HTTP/1.1" 200 -
06:40:40 "POST /collect HTTP/1.1" 200 -
06:40:40 "POST /collect HTTP/1.1" 200 -
06:40:40 "POST /collect HTTP/1.1" 200 -
06:40:40 "POST /collect HTTP/1.1" 200 -
06:40:40 "POST /collect HTTP/1.1" 200 -
06:40:40 "POST /collect HTTP/1.1" 200 -
06:40:40 "POST /collect HTTP/1.1" 200 -
06:40:40 "POST /collect HTTP/1.1" 200 -
06:40:40 "POST /collect HTTP/1.1" 200 -
06:40:40 "POST /collect HTTP/1.1" 200 -
06:40:40 "POST /collect HTTP/1.1" 200 -
06:40:40 "POST /collect HTTP/1.1" 200 -
06:40:40 "POST /collect HTTP/1.1" 200 -
06:40:41 "GET /roster HTTP/1.1" 200 -
06:40:41 "POST /collect HTTP/1.1" 200 -
06:40:41 "GET /roster HTTP/1.1" 200 -
06:40:41 "POST /collect HTTP/1.1" 200 -
06:40:41 "POST /collect HTTP/1.1" 200 -
06:40:41 "POST /collect HTTP/1.1" 200 -
06:40:41 "POST /collect HTTP/1.1" 200 -
06:40:41 "POST /collect HTTP/1.1" 200 -
06:40:41 "POST /collect HTTP/1.1" 200 -
06:40:41 "POST /collect HTTP/1.1" 200 -
06:40:41 "POST /collect HTTP/1.1" 200 -
06:40:41 "POST /collect HTTP/1.1" 200 -
06:40:41 "POST /collect HTTP/1.1" 200 -
06:40:41 "POST /collect HTTP/1.1" 200 -
06:40:41 "POST /collect HTTP/1.1" 200 -
06:40:41 "POST /collect HTTP/1.1" 200 -
06:40:41 "POST /collect HTTP/1.1" 200 -
06:40:41 "POST /collect HTTP/1.1" 200 -
06:40:41 "POST /collect HTTP/1.1" 200 -
06:40:41 "POST /collect HTTP/1.1" 200 -
06:40:41 "POST /collect HTTP/1.1" 200 -
06:40:41 "POST /collect HTTP/1.1" 200 -
06:40:42 "POST /collect HTTP/1.1" 200 -
06:40:42 "POST /collect HTTP/1.1" 200 -
06:40:42 "POST /collect HTTP/1.1" 200 -
06:40:42 "POST /collect HTTP/1.1" 200 -
06:40:42 "POST /collect HTTP/1.1" 200 -
06:40:42 "POST /collect HTTP/1.1" 200 -
06:40:42 "POST /collect HTTP/1.1" 200 -
06:40:42 "POST /collect HTTP/1.1" 200 -
06:40:42 "POST /collect HTTP/1.1" 200 -
06:40:42 "POST /collect HTTP/1.1" 200 -
06:40:42 "POST /collect HTTP/1.1" 200 -
06:40:42 "POST /collect HTTP/1.1" 200 -
06:40:42 "POST /collect HTTP/1.1" 200 -
06:40:42 "POST /collect HTTP/1.1" 200 -
06:40:42 "POST /collect HTTP/1.1" 200 -
06:40:42 "POST /collect HTTP/1.1" 200 -
06:40:42 "POST /collect HTTP/1.1" 200 -
06:40:42 "POST /collect HTTP/1.1" 200 -
06:40:42 "POST /collect HTTP/1.1" 200 -
06:40:42 "POST /collect HTTP/1.1" 200 -
06:40:42 "POST /collect HTTP/1.1" 200 -
06:40:42 "POST /collect HTTP/1.1" 200 -
06:40:43 "POST /collect HTTP/1.1" 200 -
06:40:43 "GET /roster HTTP/1.1" 200 -
06:40:43 "GET /roster HTTP/1.1" 200 -
06:40:43 "POST /collect HTTP/1.1" 200 -
06:40:43 "POST /collect HTTP/1.1" 200 -
06:40:43 "POST /collect HTTP/1.1" 200 -
06:40:43 "POST /collect HTTP/1.1" 200 -
06:40:43 "POST /collect HTTP/1.1" 200 -
06:40:43 "POST /collect HTTP/1.1" 200 -
06:40:43 "POST /collect HTTP/1.1" 200 -
06:40:43 "POST /collect HTTP/1.1" 200 -
06:40:43 "POST /collect HTTP/1.1" 200 -
06:40:43 "POST /collect HTTP/1.1" 200 -
06:40:43 "POST /collect HTTP/1.1" 200 -
06:40:43 "POST /collect HTTP/1.1" 200 -
06:40:43 "POST /collect HTTP/1.1" 200 -
06:40:43 "POST /collect HTTP/1.1" 200 -
06:40:43 "POST /collect HTTP/1.1" 200 -
06:40:43 "POST /collect HTTP/1.1" 200 -
06:40:43 "POST /collect HTTP/1.1" 200 -
06:40:43 "POST /collect HTTP/1.1" 200 -
06:40:43 "POST /collect HTTP/1.1" 200 -
06:40:44 "POST /collect HTTP/1.1" 200 -
06:40:44 "POST /collect HTTP/1.1" 200 -
06:40:44 "POST /collect HTTP/1.1" 200 -
06:40:44 "POST /collect HTTP/1.1" 200 -
06:40:44 "POST /collect HTTP/1.1" 200 -
06:40:44 "POST /collect HTTP/1.1" 200 -
06:40:44 "POST /collect HTTP/1.1" 200 -
06:40:44 "POST /collect HTTP/1.1" 200 -
06:40:44 "POST /collect HTTP/1.1" 200 -
06:40:44 "POST /collect HTTP/1.1" 200 -
06:40:44 "POST /collect HTTP/1.1" 200 -
06:40:44 "POST /collect HTTP/1.1" 200 -
06:40:44 "POST /collect HTTP/1.1" 200 -
06:40:44 "POST /collect HTTP/1.1" 200 -
06:40:44 "POST /collect HTTP/1.1" 200 -
06:40:44 "POST /collect HTTP/1.1" 200 -
06:40:44 "POST /collect HTTP/1.1" 200 -
06:40:44 "POST /collect HTTP/1.1" 200 -
06:40:45 "POST /collect HTTP/1.1" 200 -
06:40:45 "POST /collect HTTP/1.1" 200 -
06:40:45 "POST /collect HTTP/1.1" 200 -
06:40:45 "POST /collect HTTP/1.1" 200 -
06:40:45 "POST /collect HTTP/1.1" 200 -
06:40:45 "GET /roster HTTP/1.1" 200 -
06:40:45 "GET /roster HTTP/1.1" 200 -
06:40:45 "POST /collect HTTP/1.1" 200 -
06:40:45 "POST /collect HTTP/1.1" 200 -
06:40:45 "POST /collect HTTP/1.1" 200 -
06:40:45 "POST /collect HTTP/1.1" 200 -
06:40:45 "POST /collect HTTP/1.1" 200 -
06:40:45 "POST /collect HTTP/1.1" 200 -
06:40:45 "POST /collect HTTP/1.1" 200 -
06:40:45 "POST /collect HTTP/1.1" 200 -
06:40:45 "POST /collect HTTP/1.1" 200 -
06:40:45 "POST /collect HTTP/1.1" 200 -
06:40:45 "POST /collect HTTP/1.1" 200 -
06:40:45 "POST /collect HTTP/1.1" 200 -
06:40:45 "POST /collect HTTP/1.1" 200 -
06:40:45 "POST /collect HTTP/1.1" 200 -
06:40:45 "POST /collect HTTP/1.1" 200 -
06:40:45 "POST /collect HTTP/1.1" 200 -
06:40:45 "POST /collect HTTP/1.1" 200 -
06:40:45 "POST /collect HTTP/1.1" 200 -
06:40:45 "POST /collect HTTP/1.1" 200 -
06:40:46 "POST /collect HTTP/1.1" 200 -
06:40:46 "POST /collect HTTP/1.1" 200 -
06:40:46 "POST /collect HTTP/1.1" 200 -
06:40:46 "POST /collect HTTP/1.1" 200 -
06:40:46 "POST /collect HTTP/1.1" 200 -
06:40:46 "POST /collect HTTP/1.1" 200 -
06:40:46 "POST /collect HTTP/1.1" 200 -
06:40:46 "POST /collect HTTP/1.1" 200 -
06:40:46 "POST /collect HTTP/1.1" 200 -
06:40:46 "POST /collect HTTP/1.1" 200 -
06:40:46 "POST /collect HTTP/1.1" 200 -
06:40:46 "POST /collect HTTP/1.1" 200 -
06:40:46 "POST /collect HTTP/1.1" 200 -
06:40:46 "POST /collect HTTP/1.1" 200 -
06:40:46 "POST /collect HTTP/1.1" 200 -
06:40:46 "POST /collect HTTP/1.1" 200 -
06:40:46 "POST /collect HTTP/1.1" 200 -
06:40:46 "POST /collect HTTP/1.1" 200 -
06:40:47 "GET /roster HTTP/1.1" 200 -
06:40:47 "GET /roster HTTP/1.1" 200 -
06:40:47 "POST /collect HTTP/1.1" 200 -
06:40:47 "POST /collect HTTP/1.1" 200 -
06:40:47 "POST /collect HTTP/1.1" 200 -
06:40:47 "POST /collect HTTP/1.1" 200 -
06:40:47 "POST /collect HTTP/1.1" 200 -
06:40:47 "POST /collect HTTP/1.1" 200 -
06:40:47 "POST /collect HTTP/1.1" 200 -
06:40:47 "POST /collect HTTP/1.1" 200 -
06:40:47 "POST /collect HTTP/1.1" 200 -
06:40:47 "POST /collect HTTP/1.1" 200 -
06:40:47 "POST /collect HTTP/1.1" 200 -
06:40:47 "POST /collect HTTP/1.1" 200 -
06:40:47 "POST /collect HTTP/1.1" 200 -
06:40:47 "POST /collect HTTP/1.1" 200 -
06:40:47 "POST /collect HTTP/1.1" 200 -
06:40:47 "POST /collect HTTP/1.1" 200 -
06:40:47 "POST /collect HTTP/1.1" 200 -
06:40:47 "POST /collect HTTP/1.1" 200 -
06:40:47 "POST /collect HTTP/1.1" 200 -
06:40:47 "POST /collect HTTP/1.1" 200 -
06:40:48 "POST /collect HTTP/1.1" 200 -
06:40:48 "POST /collect HTTP/1.1" 200 -
06:40:48 "POST /collect HTTP/1.1" 200 -
06:40:48 "POST /collect HTTP/1.1" 200 -
06:40:48 "POST /collect HTTP/1.1" 200 -
06:40:48 "POST /collect HTTP/1.1" 200 -
06:40:48 "POST /collect HTTP/1.1" 200 -
06:40:48 "POST /collect HTTP/1.1" 200 -
06:40:48 "POST /collect HTTP/1.1" 200 -
06:40:48 "POST /collect HTTP/1.1" 200 -
06:40:48 "POST /collect HTTP/1.1" 200 -
06:40:48 "POST /collect HTTP/1.1" 200 -
06:40:48 "POST /collect HTTP/1.1" 200 -
06:40:48 "POST /collect HTTP/1.1" 200 -
06:40:48 "POST /collect HTTP/1.1" 200 -
06:40:48 "POST /collect HTTP/1.1" 200 -
06:40:48 "POST /collect HTTP/1.1" 200 -
06:40:48 "POST /collect HTTP/1.1" 200 -
06:40:48 "POST /collect HTTP/1.1" 200 -
06:40:48 "POST /collect HTTP/1.1" 200 -
06:40:48 "POST /collect HTTP/1.1" 200 -
06:40:48 "POST /collect HTTP/1.1" 200 -
06:40:49 "POST /collect HTTP/1.1" 200 -
06:40:49 "POST /collect HTTP/1.1" 200 -
06:40:49 "GET /roster HTTP/1.1" 200 -
06:40:49 "GET /roster HTTP/1.1" 200 -
06:40:49 "POST /collect HTTP/1.1" 200 -
06:40:49 "POST /collect HTTP/1.1" 200 -
06:40:49 "POST /collect HTTP/1.1" 200 -
06:40:49 "POST /collect HTTP/1.1" 200 -
06:40:49 "POST /collect HTTP/1.1" 200 -
06:40:49 "POST /collect HTTP/1.1" 200 -
06:40:49 "POST /collect HTTP/1.1" 200 -
06:40:49 "POST /collect HTTP/1.1" 200 -
06:40:49 "POST /collect HTTP/1.1" 200 -
06:40:49 "POST /collect HTTP/1.1" 200 -
06:40:49 "POST /collect HTTP/1.1" 200 -
06:40:49 "POST /collect HTTP/1.1" 200 -
06:40:49 "POST /collect HTTP/1.1" 200 -
06:40:49 "POST /collect HTTP/1.1" 200 -
06:40:49 "POST /collect HTTP/1.1" 200 -
06:40:49 "POST /collect HTTP/1.1" 200 -
06:40:49 "POST /collect HTTP/1.1" 200 -
06:40:49 "POST /collect HTTP/1.1" 200 -
06:40:50 "POST /collect HTTP/1.1" 200 -
06:40:50 "POST /collect HTTP/1.1" 200 -
06:40:50 "POST /collect HTTP/1.1" 200 -
06:40:50 "POST /collect HTTP/1.1" 200 -
06:40:50 "POST /collect HTTP/1.1" 200 -
06:40:50 "POST /collect HTTP/1.1" 200 -
06:40:50 "POST /collect HTTP/1.1" 200 -
06:40:50 "POST /collect HTTP/1.1" 200 -
06:40:50 "POST /collect HTTP/1.1" 200 -
06:40:50 "POST /collect HTTP/1.1" 200 -
06:40:50 "POST /collect HTTP/1.1" 200 -
06:40:50 "POST /collect HTTP/1.1" 200 -
06:40:50 "POST /collect HTTP/1.1" 200 -
06:40:50 "POST /collect HTTP/1.1" 200 -
06:40:50 "POST /collect HTTP/1.1" 200 -
06:40:50 "POST /collect HTTP/1.1" 200 -
06:40:50 "POST /collect HTTP/1.1" 200 -
06:40:50 "POST /collect HTTP/1.1" 200 -
06:40:50 "POST /collect HTTP/1.1" 200 -
06:40:51 "POST /collect HTTP/1.1" 200 -
06:40:51 "POST /collect HTTP/1.1" 200 -
06:40:51 "POST /collect HTTP/1.1" 200 -
06:40:51 "POST /collect HTTP/1.1" 200 -
06:40:51 "POST /collect HTTP/1.1" 200 -
06:40:51 "GET /roster HTTP/1.1" 200 -
06:40:51 "GET /roster HTTP/1.1" 200 -
06:40:51 "POST /collect HTTP/1.1" 200 -
06:40:51 "POST /collect HTTP/1.1" 200 -
06:40:51 "POST /collect HTTP/1.1" 200 -
06:40:51 "POST /collect HTTP/1.1" 200 -
06:40:51 "POST /collect HTTP/1.1" 200 -
06:40:51 "POST /collect HTTP/1.1" 200 -
06:40:51 "POST /collect HTTP/1.1" 200 -
06:40:51 "POST /collect HTTP/1.1" 200 -
06:40:51 "POST /collect HTTP/1.1" 200 -
06:40:51 "POST /collect HTTP/1.1" 200 -
06:40:51 "POST /collect HTTP/1.1" 200 -
06:40:51 "POST /collect HTTP/1.1" 200 -
06:40:51 "POST /collect HTTP/1.1" 200 -
06:40:51 "POST /collect HTTP/1.1" 200 -
06:40:51 "POST /collect HTTP/1.1" 200 -
06:40:51 "POST /collect HTTP/1.1" 200 -
06:40:51 "POST /collect HTTP/1.1" 200 -
06:40:51 "POST /collect HTTP/1.1" 200 -
06:40:51 "POST /collect HTTP/1.1" 200 -
06:40:52 "POST /collect HTTP/1.1" 200 -
06:40:52 "POST /collect HTTP/1.1" 200 -
06:40:52 "POST /collect HTTP/1.1" 200 -
06:40:52 "POST /collect HTTP/1.1" 200 -
06:40:52 "POST /collect HTTP/1.1" 200 -
06:40:52 "POST /collect HTTP/1.1" 200 -
06:40:52 "POST /collect HTTP/1.1" 200 -
06:40:52 "POST /collect HTTP/1.1" 200 -
06:40:52 "POST /collect HTTP/1.1" 200 -
06:40:52 "POST /collect HTTP/1.1" 200 -
06:40:52 "POST /collect HTTP/1.1" 200 -
06:40:52 "POST /collect HTTP/1.1" 200 -
06:40:52 "POST /collect HTTP/1.1" 200 -
06:40:52 "POST /collect HTTP/1.1" 200 -
06:40:52 "POST /collect HTTP/1.1" 200 -
06:40:52 "POST /collect HTTP/1.1" 200 -
06:40:52 "POST /collect HTTP/1.1" 200 -
06:40:52 "POST /collect HTTP/1.1" 200 -
06:40:53 "GET /roster HTTP/1.1" 200 -
06:40:53 "GET /roster HTTP/1.1" 200 -
06:40:53 "POST /collect HTTP/1.1" 200 -
06:40:53 "POST /collect HTTP/1.1" 200 -
06:40:53 "POST /collect HTTP/1.1" 200 -
06:40:53 "POST /collect HTTP/1.1" 200 -
06:40:53 "POST /collect HTTP/1.1" 200 -
06:40:53 "POST /collect HTTP/1.1" 200 -
06:40:53 "POST /collect HTTP/1.1" 200 -
06:40:53 "POST /collect HTTP/1.1" 200 -
06:40:53 "POST /collect HTTP/1.1" 200 -
06:40:53 "POST /collect HTTP/1.1" 200 -
06:40:53 "POST /collect HTTP/1.1" 200 -
06:40:53 "POST /collect HTTP/1.1" 200 -
06:40:53 "POST /collect HTTP/1.1" 200 -
06:40:53 "POST /collect HTTP/1.1" 200 -
06:40:53 "POST /collect HTTP/1.1" 200 -
06:40:53 "POST /collect HTTP/1.1" 200 -
06:40:53 "POST /collect HTTP/1.1" 200 -
06:40:53 "POST /collect HTTP/1.1" 200 -
06:40:53 "POST /collect HTTP/1.1" 200 -
06:40:53 "POST /collect HTTP/1.1" 200 -
06:40:54 "POST /collect HTTP/1.1" 200 -
06:40:54 "POST /collect HTTP/1.1" 200 -
06:40:54 "POST /collect HTTP/1.1" 200 -
06:40:54 "POST /collect HTTP/1.1" 200 -
06:40:54 "POST /collect HTTP/1.1" 200 -
06:40:54 "POST /collect HTTP/1.1" 200 -
06:40:54 "POST /collect HTTP/1.1" 200 -
06:40:54 "POST /collect HTTP/1.1" 200 -
06:40:54 "POST /collect HTTP/1.1" 200 -
06:40:54 "POST /collect HTTP/1.1" 200 -
06:40:54 "POST /collect HTTP/1.1" 200 -
06:40:54 "POST /collect HTTP/1.1" 200 -
06:40:54 "POST /collect HTTP/1.1" 200 -
06:40:54 "POST /collect HTTP/1.1" 200 -
06:40:54 "POST /collect HTTP/1.1" 200 -
06:40:54 "POST /collect HTTP/1.1" 200 -
06:40:54 "POST /collect HTTP/1.1" 200 -
06:40:54 "POST /collect HTTP/1.1" 200 -
06:40:54 "POST /collect HTTP/1.1" 200 -
06:40:54 "POST /collect HTTP/1.1" 200 -
06:40:54 "POST /collect HTTP/1.1" 200 -
06:40:54 "POST /collect HTTP/1.1" 200 -
06:40:55 "GET /roster HTTP/1.1" 200 -
06:40:55 "POST /collect HTTP/1.1" 200 -
06:40:55 "POST /collect HTTP/1.1" 200 -
06:40:55 "POST /collect HTTP/1.1" 200 -
06:40:55 "POST /collect HTTP/1.1" 200 -
06:40:55 "GET /roster HTTP/1.1" 200 -
06:40:55 "POST /collect HTTP/1.1" 200 -
06:40:55 "POST /collect HTTP/1.1" 200 -
06:40:55 "POST /collect HTTP/1.1" 200 -
06:40:55 "POST /collect HTTP/1.1" 200 -
06:40:55 "POST /collect HTTP/1.1" 200 -
06:40:55 "POST /collect HTTP/1.1" 200 -
06:40:55 "POST /collect HTTP/1.1" 200 -
06:40:55 "POST /collect HTTP/1.1" 200 -
06:40:55 "POST /collect HTTP/1.1" 200 -
06:40:55 "POST /collect HTTP/1.1" 200 -
06:40:55 "POST /collect HTTP/1.1" 200 -
06:40:55 "POST /collect HTTP/1.1" 200 -
06:40:55 "POST /collect HTTP/1.1" 200 -
06:40:55 "POST /collect HTTP/1.1" 200 -
06:40:55 "POST /collect HTTP/1.1" 200 -
06:40:55 "POST /collect HTTP/1.1" 200 -
06:40:56 "POST /collect HTTP/1.1" 200 -
06:40:56 "POST /collect HTTP/1.1" 200 -
06:40:56 "POST /collect HTTP/1.1" 200 -
06:40:56 "POST /collect HTTP/1.1" 200 -
06:40:56 "POST /collect HTTP/1.1" 200 -
06:40:56 "POST /collect HTTP/1.1" 200 -
06:40:56 "POST /collect HTTP/1.1" 200 -
06:40:56 "POST /collect HTTP/1.1" 200 -
06:40:56 "POST /collect HTTP/1.1" 200 -
06:40:56 "POST /collect HTTP/1.1" 200 -
06:40:56 "POST /collect HTTP/1.1" 200 -
06:40:56 "POST /collect HTTP/1.1" 200 -
06:40:56 "POST /collect HTTP/1.1" 200 -
06:40:56 "POST /collect HTTP/1.1" 200 -
06:40:56 "POST /collect HTTP/1.1" 200 -
06:40:56 "POST /collect HTTP/1.1" 200 -
06:40:56 "POST /collect HTTP/1.1" 200 -
06:40:56 "POST /collect HTTP/1.1" 200 -
06:40:57 "POST /collect HTTP/1.1" 200 -
06:40:57 "POST /collect HTTP/1.1" 200 -
06:40:57 "POST /collect HTTP/1.1" 200 -
06:40:57 "POST /collect HTTP/1.1" 200 -
06:40:57 "POST /collect HTTP/1.1" 200 -
06:40:57 "GET /roster HTTP/1.1" 200 -
06:40:57 "GET /roster HTTP/1.1" 200 -
06:40:57 "POST /collect HTTP/1.1" 200 -
06:40:57 "POST /collect HTTP/1.1" 200 -
06:40:57 "POST /collect HTTP/1.1" 200 -
06:40:57 "POST /collect HTTP/1.1" 200 -
06:40:57 "POST /collect HTTP/1.1" 200 -
06:40:57 "POST /collect HTTP/1.1" 200 -
06:40:57 "POST /collect HTTP/1.1" 200 -
06:40:57 "POST /collect HTTP/1.1" 200 -
06:40:57 "POST /collect HTTP/1.1" 200 -
06:40:57 "POST /collect HTTP/1.1" 200 -
06:40:57 "POST /collect HTTP/1.1" 200 -
06:40:57 "POST /collect HTTP/1.1" 200 -
06:40:57 "POST /collect HTTP/1.1" 200 -
06:40:57 "POST /collect HTTP/1.1" 200 -
06:40:57 "POST /collect HTTP/1.1" 200 -
06:40:57 "POST /collect HTTP/1.1" 200 -
06:40:57 "POST /collect HTTP/1.1" 200 -
06:40:57 "POST /collect HTTP/1.1" 200 -
06:40:57 "POST /collect HTTP/1.1" 200 -
06:40:58 "POST /collect HTTP/1.1" 200 -
06:40:58 "POST /collect HTTP/1.1" 200 -
06:40:58 "POST /collect HTTP/1.1" 200 -
06:40:58 "POST /collect HTTP/1.1" 200 -
06:40:58 "POST /collect HTTP/1.1" 200 -
06:40:58 "POST /collect HTTP/1.1" 200 -
06:40:58 "POST /collect HTTP/1.1" 200 -
06:40:58 "POST /collect HTTP/1.1" 200 -
06:40:58 "POST /collect HTTP/1.1" 200 -
06:40:58 "POST /collect HTTP/1.1" 200 -
06:40:58 "POST /collect HTTP/1.1" 200 -
06:40:58 "POST /collect HTTP/1.1" 200 -
06:40:58 "POST /collect HTTP/1.1" 200 -
06:40:58 "POST /collect HTTP/1.1" 200 -
06:40:58 "POST /collect HTTP/1.1" 200 -
06:40:58 "POST /collect HTTP/1.1" 200 -
06:40:58 "POST /collect HTTP/1.1" 200 -
06:40:58 "POST /collect HTTP/1.1" 200 -
06:40:59 "GET /roster HTTP/1.1" 200 -
06:40:59 "GET /roster HTTP/1.1" 200 -
06:40:59 "POST /collect HTTP/1.1" 200 -
06:40:59 "POST /collect HTTP/1.1" 200 -
06:40:59 "POST /collect HTTP/1.1" 200 -
06:40:59 "POST /collect HTTP/1.1" 200 -
06:40:59 "POST /collect HTTP/1.1" 200 -
06:40:59 "POST /collect HTTP/1.1" 200 -
06:40:59 "POST /collect HTTP/1.1" 200 -
06:40:59 "POST /collect HTTP/1.1" 200 -
06:40:59 "POST /collect HTTP/1.1" 200 -
06:40:59 "POST /collect HTTP/1.1" 200 -
06:40:59 "POST /collect HTTP/1.1" 200 -
06:40:59 "POST /collect HTTP/1.1" 200 -
06:40:59 "POST /collect HTTP/1.1" 200 -
06:40:59 "POST /collect HTTP/1.1" 200 -
06:40:59 "POST /collect HTTP/1.1" 200 -
06:40:59 "POST /collect HTTP/1.1" 200 -
06:40:59 "POST /collect HTTP/1.1" 200 -
06:40:59 "POST /collect HTTP/1.1" 200 -
06:40:59 "POST /collect HTTP/1.1" 200 -
06:40:59 "POST /collect HTTP/1.1" 200 -
06:41:00 "POST /collect HTTP/1.1" 200 -
06:41:00 "POST /collect HTTP/1.1" 200 -
06:41:00 "POST /collect HTTP/1.1" 200 -
06:41:00 "POST /collect HTTP/1.1" 200 -
06:41:00 "POST /collect HTTP/1.1" 200 -
06:41:00 "POST /collect HTTP/1.1" 200 -
06:41:00 "POST /collect HTTP/1.1" 200 -
06:41:00 "POST /collect HTTP/1.1" 200 -
06:41:00 "POST /collect HTTP/1.1" 200 -
06:41:00 "POST /collect HTTP/1.1" 200 -
06:41:00 "POST /collect HTTP/1.1" 200 -
06:41:00 "POST /collect HTTP/1.1" 200 -
06:41:00 "POST /collect HTTP/1.1" 200 -
06:41:00 "POST /collect HTTP/1.1" 200 -
06:41:00 "POST /collect HTTP/1.1" 200 -
06:41:00 "POST /collect HTTP/1.1" 200 -
06:41:00 "POST /collect HTTP/1.1" 200 -
06:41:00 "POST /collect HTTP/1.1" 200 -
06:41:00 "POST /collect HTTP/1.1" 200 -
06:41:00 "POST /collect HTTP/1.1" 200 -
06:41:00 "POST /collect HTTP/1.1" 200 -
06:41:00 "POST /collect HTTP/1.1" 200 -
06:41:01 "POST /collect HTTP/1.1" 200 -
06:41:01 "GET /roster HTTP/1.1" 200 -
06:41:01 "POST /collect HTTP/1.1" 200 -
06:41:01 "POST /collect HTTP/1.1" 200 -
06:41:01 "GET /roster HTTP/1.1" 200 -
06:41:01 "POST /collect HTTP/1.1" 200 -
06:41:01 "POST /collect HTTP/1.1" 200 -
06:41:01 "POST /collect HTTP/1.1" 200 -
06:41:01 "POST /collect HTTP/1.1" 200 -
06:41:01 "POST /collect HTTP/1.1" 200 -
06:41:01 "POST /collect HTTP/1.1" 200 -
06:41:01 "POST /collect HTTP/1.1" 200 -
06:41:01 "POST /collect HTTP/1.1" 200 -
06:41:01 "POST /collect HTTP/1.1" 200 -
06:41:01 "POST /collect HTTP/1.1" 200 -
06:41:01 "POST /collect HTTP/1.1" 200 -
06:41:01 "POST /collect HTTP/1.1" 200 -
06:41:01 "POST /collect HTTP/1.1" 200 -
06:41:01 "POST /collect HTTP/1.1" 200 -
06:41:01 "POST /collect HTTP/1.1" 200 -
06:41:01 "POST /collect HTTP/1.1" 200 -
06:41:01 "POST /collect HTTP/1.1" 200 -
06:41:02 "POST /collect HTTP/1.1" 200 -
06:41:02 "POST /collect HTTP/1.1" 200 -
06:41:02 "POST /collect HTTP/1.1" 200 -
06:41:02 "POST /collect HTTP/1.1" 200 -
06:41:02 "POST /collect HTTP/1.1" 200 -
06:41:02 "POST /collect HTTP/1.1" 200 -
06:41:02 "POST /collect HTTP/1.1" 200 -
06:41:02 "POST /collect HTTP/1.1" 200 -
06:41:02 "POST /collect HTTP/1.1" 200 -
06:41:02 "POST /collect HTTP/1.1" 200 -
06:41:02 "POST /collect HTTP/1.1" 200 -
06:41:02 "POST /collect HTTP/1.1" 200 -
06:41:02 "POST /collect HTTP/1.1" 200 -
06:41:02 "POST /collect HTTP/1.1" 200 -
06:41:02 "POST /collect HTTP/1.1" 200 -
06:41:02 "GET /roster HTTP/1.1" 200 -
06:41:02 "POST /collect HTTP/1.1" 200 -
06:41:02 "POST /collect HTTP/1.1" 200 -
06:41:03 "POST /collect HTTP/1.1" 200 -
06:41:03 "POST /collect HTTP/1.1" 200 -
06:41:03 "POST /collect HTTP/1.1" 200 -
06:41:03 "POST /collect HTTP/1.1" 200 -
06:41:03 "POST /collect HTTP/1.1" 200 -
06:41:03 "POST /collect HTTP/1.1" 200 -
06:41:03 "POST /collect HTTP/1.1" 200 -
06:41:03 "GET /roster HTTP/1.1" 200 -
06:41:03 "POST /collect HTTP/1.1" 200 -
06:41:03 "POST /collect HTTP/1.1" 200 -
06:41:03 "POST /collect HTTP/1.1" 200 -
06:41:03 "POST /collect HTTP/1.1" 200 -
06:41:03 "POST /collect HTTP/1.1" 200 -
06:41:03 "POST /collect HTTP/1.1" 200 -
06:41:03 "POST /collect HTTP/1.1" 200 -
06:41:03 "POST /collect HTTP/1.1" 200 -
06:41:03 "POST /collect HTTP/1.1" 200 -
06:41:03 "POST /collect HTTP/1.1" 200 -
06:41:03 "POST /collect HTTP/1.1" 200 -
06:41:03 "POST /collect HTTP/1.1" 200 -
06:41:03 "POST /collect HTTP/1.1" 200 -
06:41:03 "POST /collect HTTP/1.1" 200 -
06:41:03 "POST /collect HTTP/1.1" 200 -
06:41:03 "POST /collect HTTP/1.1" 200 -
06:41:03 "POST /collect HTTP/1.1" 200 -
06:41:03 "POST /collect HTTP/1.1" 200 -
06:41:04 "POST /collect HTTP/1.1" 200 -
06:41:04 "POST /collect HTTP/1.1" 200 -
06:41:04 "POST /collect HTTP/1.1" 200 -
06:41:04 "POST /collect HTTP/1.1" 200 -
06:41:04 "POST /collect HTTP/1.1" 200 -
06:41:04 "POST /collect HTTP/1.1" 200 -
06:41:04 "POST /collect HTTP/1.1" 200 -
06:41:04 "POST /collect HTTP/1.1" 200 -
06:41:04 "POST /collect HTTP/1.1" 200 -
06:41:04 "POST /collect HTTP/1.1" 200 -
06:41:04 "POST /collect HTTP/1.1" 200 -
06:41:04 "POST /collect HTTP/1.1" 200 -
06:41:04 "POST /collect HTTP/1.1" 200 -
06:41:04 "POST /collect HTTP/1.1" 200 -
06:41:04 "POST /collect HTTP/1.1" 200 -
06:41:04 "POST /collect HTTP/1.1" 200 -
06:41:04 "POST /collect HTTP/1.1" 200 -
06:41:04 "POST /collect HTTP/1.1" 200 -
06:41:05 "GET /roster HTTP/1.1" 200 -
06:41:05 "GET /roster HTTP/1.1" 200 -
06:41:05 "POST /collect HTTP/1.1" 200 -
06:41:05 "POST /collect HTTP/1.1" 200 -
06:41:05 "POST /collect HTTP/1.1" 200 -
06:41:05 "POST /collect HTTP/1.1" 200 -
06:41:05 "POST /collect HTTP/1.1" 200 -
06:41:05 "POST /collect HTTP/1.1" 200 -
06:41:05 "POST /collect HTTP/1.1" 200 -
06:41:05 "POST /collect HTTP/1.1" 200 -
06:41:05 "POST /collect HTTP/1.1" 200 -
06:41:05 "POST /collect HTTP/1.1" 200 -
06:41:05 "POST /collect HTTP/1.1" 200 -
06:41:05 "POST /collect HTTP/1.1" 200 -
06:41:05 "POST /collect HTTP/1.1" 200 -
06:41:05 "POST /collect HTTP/1.1" 200 -
06:41:05 "POST /collect HTTP/1.1" 200 -
06:41:05 "POST /collect HTTP/1.1" 200 -
06:41:05 "POST /collect HTTP/1.1" 200 -
06:41:05 "POST /collect HTTP/1.1" 200 -
06:41:05 "POST /collect HTTP/1.1" 200 -
06:41:05 "POST /collect HTTP/1.1" 200 -
06:41:06 "POST /collect HTTP/1.1" 200 -
06:41:06 "POST /collect HTTP/1.1" 200 -
06:41:06 "POST /collect HTTP/1.1" 200 -
06:41:06 "POST /collect HTTP/1.1" 200 -
06:41:06 "POST /collect HTTP/1.1" 200 -
06:41:06 "POST /collect HTTP/1.1" 200 -
06:41:06 "POST /collect HTTP/1.1" 200 -
06:41:06 "POST /collect HTTP/1.1" 200 -
06:41:06 "POST /collect HTTP/1.1" 200 -
06:41:06 "POST /collect HTTP/1.1" 200 -
06:41:06 "POST /collect HTTP/1.1" 200 -
06:41:06 "POST /collect HTTP/1.1" 200 -
06:41:06 "POST /collect HTTP/1.1" 200 -
06:41:06 "POST /collect HTTP/1.1" 200 -
06:41:06 "POST /collect HTTP/1.1" 200 -
06:41:06 "POST /collect HTTP/1.1" 200 -
06:41:06 "POST /collect HTTP/1.1" 200 -
06:41:06 "POST /collect HTTP/1.1" 200 -
06:41:06 "POST /collect HTTP/1.1" 200 -
06:41:06 "POST /collect HTTP/1.1" 200 -
06:41:06 "POST /collect HTTP/1.1" 200 -
06:41:06 "POST /collect HTTP/1.1" 200 -
06:41:06 "POST /collect HTTP/1.1" 200 -
06:41:07 "POST /collect HTTP/1.1" 200 -
06:41:07 "POST /collect HTTP/1.1" 200 -
06:41:07 "POST /collect HTTP/1.1" 200 -
06:41:07 "GET /roster HTTP/1.1" 200 -
06:41:07 "GET /roster HTTP/1.1" 200 -
06:41:07 "POST /collect HTTP/1.1" 200 -
06:41:07 "POST /collect HTTP/1.1" 200 -
06:41:07 "POST /collect HTTP/1.1" 200 -
06:41:07 "POST /collect HTTP/1.1" 200 -
06:41:07 "POST /collect HTTP/1.1" 200 -
06:41:07 "POST /collect HTTP/1.1" 200 -
06:41:07 "POST /collect HTTP/1.1" 200 -
06:41:07 "POST /collect HTTP/1.1" 200 -
06:41:07 "POST /collect HTTP/1.1" 200 -
06:41:07 "POST /collect HTTP/1.1" 200 -
06:41:07 "POST /collect HTTP/1.1" 200 -
06:41:07 "POST /collect HTTP/1.1" 200 -
06:41:07 "POST /collect HTTP/1.1" 200 -
06:41:07 "POST /collect HTTP/1.1" 200 -
06:41:07 "POST /collect HTTP/1.1" 200 -
06:41:07 "POST /collect HTTP/1.1" 200 -
06:41:07 "POST /collect HTTP/1.1" 200 -
06:41:08 "POST /collect HTTP/1.1" 200 -
06:41:08 "POST /collect HTTP/1.1" 200 -
06:41:08 "POST /collect HTTP/1.1" 200 -
06:41:08 "POST /collect HTTP/1.1" 200 -
06:41:08 "POST /collect HTTP/1.1" 200 -
06:41:08 "POST /collect HTTP/1.1" 200 -
06:41:08 "POST /collect HTTP/1.1" 200 -
06:41:08 "POST /collect HTTP/1.1" 200 -
06:41:08 "POST /collect HTTP/1.1" 200 -
06:41:08 "POST /collect HTTP/1.1" 200 -
06:41:08 "POST /collect HTTP/1.1" 200 -
06:41:08 "POST /collect HTTP/1.1" 200 -
06:41:08 "POST /collect HTTP/1.1" 200 -
06:41:08 "POST /collect HTTP/1.1" 200 -
06:41:08 "POST /collect HTTP/1.1" 200 -
06:41:08 "POST /collect HTTP/1.1" 200 -
06:41:08 "POST /collect HTTP/1.1" 200 -
06:41:08 "POST /collect HTTP/1.1" 200 -
06:41:09 "POST /collect HTTP/1.1" 200 -
06:41:09 "POST /collect HTTP/1.1" 200 -
06:41:09 "POST /collect HTTP/1.1" 200 -
06:41:09 "POST /collect HTTP/1.1" 200 -
06:41:09 "POST /collect HTTP/1.1" 200 -
06:41:09 "GET /roster HTTP/1.1" 200 -
06:41:09 "GET /roster HTTP/1.1" 200 -
06:41:09 "POST /collect HTTP/1.1" 200 -
06:41:09 "POST /collect HTTP/1.1" 200 -
06:41:09 "POST /collect HTTP/1.1" 200 -
06:41:09 "POST /collect HTTP/1.1" 200 -
06:41:09 "POST /collect HTTP/1.1" 200 -
06:41:09 "POST /collect HTTP/1.1" 200 -
06:41:09 "POST /collect HTTP/1.1" 200 -
06:41:09 "POST /collect HTTP/1.1" 200 -
06:41:09 "POST /collect HTTP/1.1" 200 -
06:41:09 "POST /collect HTTP/1.1" 200 -
06:41:09 "POST /collect HTTP/1.1" 200 -
06:41:09 "POST /collect HTTP/1.1" 200 -
06:41:09 "POST /collect HTTP/1.1" 200 -
06:41:09 "POST /collect HTTP/1.1" 200 -
06:41:09 "POST /collect HTTP/1.1" 200 -
06:41:09 "POST /collect HTTP/1.1" 200 -
06:41:09 "POST /collect HTTP/1.1" 200 -
06:41:09 "POST /collect HTTP/1.1" 200 -
06:41:09 "POST /collect HTTP/1.1" 200 -
06:41:10 "POST /collect HTTP/1.1" 200 -
06:41:10 "POST /collect HTTP/1.1" 200 -
06:41:10 "POST /collect HTTP/1.1" 200 -
06:41:10 "POST /collect HTTP/1.1" 200 -
06:41:10 "POST /collect HTTP/1.1" 200 -
06:41:10 "POST /collect HTTP/1.1" 200 -
06:41:10 "POST /collect HTTP/1.1" 200 -
06:41:10 "POST /collect HTTP/1.1" 200 -
06:41:10 "POST /collect HTTP/1.1" 200 -
06:41:10 "POST /collect HTTP/1.1" 200 -
06:41:10 "POST /collect HTTP/1.1" 200 -
06:41:10 "POST /collect HTTP/1.1" 200 -
06:41:10 "POST /collect HTTP/1.1" 200 -
06:41:10 "POST /collect HTTP/1.1" 200 -
06:41:10 "POST /collect HTTP/1.1" 200 -
06:41:10 "POST /collect HTTP/1.1" 200 -
06:41:10 "POST /collect HTTP/1.1" 200 -
06:41:10 "POST /collect HTTP/1.1" 200 -
06:41:11 "GET /roster HTTP/1.1" 200 -
06:41:11 "GET /roster HTTP/1.1" 200 -
06:41:11 "POST /collect HTTP/1.1" 200 -
06:41:11 "POST /collect HTTP/1.1" 200 -
06:41:11 "POST /collect HTTP/1.1" 200 -
06:41:11 "POST /collect HTTP/1.1" 200 -
06:41:11 "POST /collect HTTP/1.1" 200 -
06:41:11 "POST /collect HTTP/1.1" 200 -
06:41:11 "POST /collect HTTP/1.1" 200 -
06:41:11 "POST /collect HTTP/1.1" 200 -
06:41:11 "POST /collect HTTP/1.1" 200 -
06:41:11 "POST /collect HTTP/1.1" 200 -
06:41:11 "POST /collect HTTP/1.1" 200 -
06:41:11 "POST /collect HTTP/1.1" 200 -
06:41:11 "POST /collect HTTP/1.1" 200 -
06:41:11 "POST /collect HTTP/1.1" 200 -
06:41:11 "POST /collect HTTP/1.1" 200 -
06:41:11 "POST /collect HTTP/1.1" 200 -
06:41:11 "POST /collect HTTP/1.1" 200 -
06:41:11 "POST /collect HTTP/1.1" 200 -
06:41:11 "POST /collect HTTP/1.1" 200 -
06:41:11 "POST /collect HTTP/1.1" 200 -
06:41:12 "POST /collect HTTP/1.1" 200 -
06:41:12 "POST /collect HTTP/1.1" 200 -
06:41:12 "POST /collect HTTP/1.1" 200 -
06:41:12 "POST /collect HTTP/1.1" 200 -
06:41:12 "POST /collect HTTP/1.1" 200 -
06:41:12 "POST /collect HTTP/1.1" 200 -
06:41:12 "POST /collect HTTP/1.1" 200 -
06:41:12 "POST /collect HTTP/1.1" 200 -
06:41:12 "POST /collect HTTP/1.1" 200 -
06:41:12 "POST /collect HTTP/1.1" 200 -
06:41:12 "POST /collect HTTP/1.1" 200 -
06:41:12 "POST /collect HTTP/1.1" 200 -
06:41:12 "POST /collect HTTP/1.1" 200 -
06:41:12 "POST /collect HTTP/1.1" 200 -
06:41:12 "POST /collect HTTP/1.1" 200 -
06:41:12 "POST /collect HTTP/1.1" 200 -
06:41:12 "POST /collect HTTP/1.1" 200 -
06:41:12 "POST /collect HTTP/1.1" 200 -
06:41:12 "POST /collect HTTP/1.1" 200 -
06:41:12 "POST /collect HTTP/1.1" 200 -
06:41:12 "POST /collect HTTP/1.1" 200 -
06:41:12 "POST /collect HTTP/1.1" 200 -
06:41:13 "POST /collect HTTP/1.1" 200 -
06:41:13 "POST /collect HTTP/1.1" 200 -
06:41:13 "POST /collect HTTP/1.1" 200 -
06:41:13 "GET /roster HTTP/1.1" 200 -
06:41:13 "GET /roster HTTP/1.1" 200 -
06:41:13 "POST /collect HTTP/1.1" 200 -
06:41:13 "POST /collect HTTP/1.1" 200 -
06:41:13 "POST /collect HTTP/1.1" 200 -
06:41:13 "POST /collect HTTP/1.1" 200 -
06:41:13 "POST /collect HTTP/1.1" 200 -
06:41:13 "POST /collect HTTP/1.1" 200 -
06:41:13 "POST /collect HTTP/1.1" 200 -
06:41:13 "POST /collect HTTP/1.1" 200 -
06:41:13 "POST /collect HTTP/1.1" 200 -
06:41:13 "POST /collect HTTP/1.1" 200 -
06:41:13 "POST /collect HTTP/1.1" 200 -
06:41:13 "POST /collect HTTP/1.1" 200 -
06:41:13 "POST /collect HTTP/1.1" 200 -
06:41:13 "POST /collect HTTP/1.1" 200 -
06:41:13 "POST /collect HTTP/1.1" 200 -
06:41:13 "POST /collect HTTP/1.1" 200 -
06:41:13 "POST /collect HTTP/1.1" 200 -
06:41:14 "POST /collect HTTP/1.1" 200 -
06:41:14 "POST /collect HTTP/1.1" 200 -
06:41:14 "POST /collect HTTP/1.1" 200 -
06:41:14 "POST /collect HTTP/1.1" 200 -
06:41:14 "POST /collect HTTP/1.1" 200 -
06:41:14 "POST /collect HTTP/1.1" 200 -
06:41:14 "POST /collect HTTP/1.1" 200 -
06:41:14 "POST /collect HTTP/1.1" 200 -
06:41:14 "POST /collect HTTP/1.1" 200 -
06:41:14 "POST /collect HTTP/1.1" 200 -
06:41:14 "POST /collect HTTP/1.1" 200 -
06:41:14 "POST /collect HTTP/1.1" 200 -
06:41:14 "POST /collect HTTP/1.1" 200 -
06:41:14 "POST /collect HTTP/1.1" 200 -
06:41:14 "POST /collect HTTP/1.1" 200 -
06:41:14 "POST /collect HTTP/1.1" 200 -
06:41:14 "POST /collect HTTP/1.1" 200 -
06:41:14 "POST /collect HTTP/1.1" 200 -
06:41:15 "POST /collect HTTP/1.1" 200 -
06:41:15 "POST /collect HTTP/1.1" 200 -
06:41:15 "POST /collect HTTP/1.1" 200 -
06:41:15 "POST /collect HTTP/1.1" 200 -
06:41:15 "POST /collect HTTP/1.1" 200 -
06:41:15 "GET /roster HTTP/1.1" 200 -
06:41:15 "GET /roster HTTP/1.1" 200 -
06:41:15 "POST /collect HTTP/1.1" 200 -
06:41:15 "POST /collect HTTP/1.1" 200 -
06:41:15 "POST /collect HTTP/1.1" 200 -
06:41:15 "POST /collect HTTP/1.1" 200 -
06:41:15 "POST /collect HTTP/1.1" 200 -
06:41:15 "POST /collect HTTP/1.1" 200 -
06:41:15 "POST /collect HTTP/1.1" 200 -
06:41:15 "POST /collect HTTP/1.1" 200 -
06:41:15 "POST /collect HTTP/1.1" 200 -
06:41:15 "POST /collect HTTP/1.1" 200 -
06:41:15 "POST /collect HTTP/1.1" 200 -
06:41:15 "POST /collect HTTP/1.1" 200 -
06:41:15 "POST /collect HTTP/1.1" 200 -
06:41:15 "POST /collect HTTP/1.1" 200 -
06:41:15 "POST /collect HTTP/1.1" 200 -
06:41:15 "POST /collect HTTP/1.1" 200 -
06:41:15 "POST /collect HTTP/1.1" 200 -
06:41:15 "POST /collect HTTP/1.1" 200 -
06:41:15 "POST /collect HTTP/1.1" 200 -
06:41:16 "POST /collect HTTP/1.1" 200 -
06:41:16 "POST /collect HTTP/1.1" 200 -
06:41:16 "POST /collect HTTP/1.1" 200 -
06:41:16 "POST /collect HTTP/1.1" 200 -
06:41:16 "POST /collect HTTP/1.1" 200 -
06:41:16 "POST /collect HTTP/1.1" 200 -
06:41:16 "POST /collect HTTP/1.1" 200 -
06:41:16 "POST /collect HTTP/1.1" 200 -
06:41:16 "POST /collect HTTP/1.1" 200 -
06:41:16 "POST /collect HTTP/1.1" 200 -
06:41:16 "POST /collect HTTP/1.1" 200 -
06:41:16 "POST /collect HTTP/1.1" 200 -
06:41:16 "POST /collect HTTP/1.1" 200 -
06:41:16 "POST /collect HTTP/1.1" 200 -
06:41:16 "POST /collect HTTP/1.1" 200 -
06:41:16 "POST /collect HTTP/1.1" 200 -
06:41:16 "POST /collect HTTP/1.1" 200 -
06:41:16 "POST /collect HTTP/1.1" 200 -
06:41:17 "GET /roster HTTP/1.1" 200 -
06:41:17 "GET /roster HTTP/1.1" 200 -
06:41:17 "POST /collect HTTP/1.1" 200 -
06:41:17 "POST /collect HTTP/1.1" 200 -
06:41:17 "POST /collect HTTP/1.1" 200 -
06:41:17 "POST /collect HTTP/1.1" 200 -
06:41:17 "POST /collect HTTP/1.1" 200 -
06:41:17 "POST /collect HTTP/1.1" 200 -
06:41:17 "POST /collect HTTP/1.1" 200 -
06:41:17 "POST /collect HTTP/1.1" 200 -
06:41:17 "POST /collect HTTP/1.1" 200 -
06:41:17 "POST /collect HTTP/1.1" 200 -
06:41:17 "POST /collect HTTP/1.1" 200 -
06:41:17 "POST /collect HTTP/1.1" 200 -
06:41:17 "POST /collect HTTP/1.1" 200 -
06:41:17 "POST /collect HTTP/1.1" 200 -
06:41:17 "POST /collect HTTP/1.1" 200 -
06:41:17 "POST /collect HTTP/1.1" 200 -
06:41:17 "POST /collect HTTP/1.1" 200 -
06:41:17 "POST /collect HTTP/1.1" 200 -
06:41:17 "POST /collect HTTP/1.1" 200 -
06:41:17 "POST /collect HTTP/1.1" 200 -
06:41:18 "POST /collect HTTP/1.1" 200 -
06:41:18 "POST /collect HTTP/1.1" 200 -
06:41:18 "POST /collect HTTP/1.1" 200 -
06:41:18 "POST /collect HTTP/1.1" 200 -
06:41:18 "POST /collect HTTP/1.1" 200 -
06:41:18 "POST /collect HTTP/1.1" 200 -
06:41:18 "POST /collect HTTP/1.1" 200 -
06:41:18 "POST /collect HTTP/1.1" 200 -
06:41:18 "POST /collect HTTP/1.1" 200 -
06:41:18 "POST /collect HTTP/1.1" 200 -
06:41:18 "POST /collect HTTP/1.1" 200 -
06:41:18 "POST /collect HTTP/1.1" 200 -
06:41:18 "POST /collect HTTP/1.1" 200 -
06:41:18 "POST /collect HTTP/1.1" 200 -
06:41:18 "POST /collect HTTP/1.1" 200 -
06:41:18 "POST /collect HTTP/1.1" 200 -
06:41:18 "POST /collect HTTP/1.1" 200 -
06:41:18 "POST /collect HTTP/1.1" 200 -
06:41:18 "POST /collect HTTP/1.1" 200 -
06:41:18 "POST /collect HTTP/1.1" 200 -
06:41:18 "POST /collect HTTP/1.1" 200 -
06:41:18 "POST /collect HTTP/1.1" 200 -
06:41:19 "POST /collect HTTP/1.1" 200 -
06:41:19 "GET /roster HTTP/1.1" 200 -
06:41:19 "POST /collect HTTP/1.1" 200 -
06:41:19 "POST /collect HTTP/1.1" 200 -
06:41:19 "GET /roster HTTP/1.1" 200 -
06:41:19 "POST /collect HTTP/1.1" 200 -
06:41:19 "POST /collect HTTP/1.1" 200 -
06:41:19 "POST /collect HTTP/1.1" 200 -
06:41:19 "POST /collect HTTP/1.1" 200 -
06:41:19 "POST /collect HTTP/1.1" 200 -
06:41:19 "POST /collect HTTP/1.1" 200 -
06:41:19 "POST /collect HTTP/1.1" 200 -
06:41:19 "POST /collect HTTP/1.1" 200 -
06:41:19 "POST /collect HTTP/1.1" 200 -
06:41:19 "POST /collect HTTP/1.1" 200 -
06:41:19 "POST /collect HTTP/1.1" 200 -
06:41:19 "POST /collect HTTP/1.1" 200 -
06:41:19 "POST /collect HTTP/1.1" 200 -
06:41:19 "POST /collect HTTP/1.1" 200 -
06:41:19 "POST /collect HTTP/1.1" 200 -
06:41:19 "POST /collect HTTP/1.1" 200 -
06:41:19 "POST /collect HTTP/1.1" 200 -
06:41:20 "POST /collect HTTP/1.1" 200 -
06:41:20 "POST /collect HTTP/1.1" 200 -
06:41:20 "POST /collect HTTP/1.1" 200 -
06:41:20 "POST /collect HTTP/1.1" 200 -
06:41:20 "POST /collect HTTP/1.1" 200 -
06:41:20 "POST /collect HTTP/1.1" 200 -
06:41:20 "POST /collect HTTP/1.1" 200 -
06:41:20 "POST /collect HTTP/1.1" 200 -
06:41:20 "POST /collect HTTP/1.1" 200 -
06:41:20 "POST /collect HTTP/1.1" 200 -
06:41:20 "POST /collect HTTP/1.1" 200 -
06:41:20 "POST /collect HTTP/1.1" 200 -
06:41:20 "POST /collect HTTP/1.1" 200 -
06:41:20 "POST /collect HTTP/1.1" 200 -
06:41:20 "POST /collect HTTP/1.1" 200 -
06:41:20 "POST /collect HTTP/1.1" 200 -
06:41:20 "POST /collect HTTP/1.1" 200 -
06:41:20 "POST /collect HTTP/1.1" 200 -
06:41:21 "POST /collect HTTP/1.1" 200 -
06:41:21 "POST /collect HTTP/1.1" 200 -
06:41:21 "POST /collect HTTP/1.1" 200 -
06:41:21 "POST /collect HTTP/1.1" 200 -
06:41:21 "POST /collect HTTP/1.1" 200 -
06:41:21 "GET /roster HTTP/1.1" 200 -
06:41:21 "GET /roster HTTP/1.1" 200 -
06:41:21 "POST /collect HTTP/1.1" 200 -
06:41:21 "POST /collect HTTP/1.1" 200 -
06:41:21 "POST /collect HTTP/1.1" 200 -
06:41:21 "POST /collect HTTP/1.1" 200 -
06:41:21 "POST /collect HTTP/1.1" 200 -
06:41:21 "POST /collect HTTP/1.1" 200 -
06:41:21 "POST /collect HTTP/1.1" 200 -
06:41:21 "POST /collect HTTP/1.1" 200 -
06:41:21 "POST /collect HTTP/1.1" 200 -
06:41:21 "POST /collect HTTP/1.1" 200 -
06:41:21 "POST /collect HTTP/1.1" 200 -
06:41:21 "POST /collect HTTP/1.1" 200 -
06:41:21 "POST /collect HTTP/1.1" 200 -
06:41:21 "POST /collect HTTP/1.1" 200 -
06:41:21 "POST /collect HTTP/1.1" 200 -
06:41:21 "POST /collect HTTP/1.1" 200 -
06:41:21 "POST /collect HTTP/1.1" 200 -
06:41:21 "POST /collect HTTP/1.1" 200 -
06:41:21 "POST /collect HTTP/1.1" 200 -
06:41:22 "POST /collect HTTP/1.1" 200 -
06:41:22 "POST /collect HTTP/1.1" 200 -
06:41:22 "POST /collect HTTP/1.1" 200 -
06:41:22 "POST /collect HTTP/1.1" 200 -
06:41:22 "POST /collect HTTP/1.1" 200 -
06:41:22 "POST /collect HTTP/1.1" 200 -
06:41:22 "POST /collect HTTP/1.1" 200 -
06:41:22 "POST /collect HTTP/1.1" 200 -
06:41:22 "POST /collect HTTP/1.1" 200 -
06:41:22 "POST /collect HTTP/1.1" 200 -
06:41:22 "POST /collect HTTP/1.1" 200 -
06:41:22 "POST /collect HTTP/1.1" 200 -
06:41:22 "POST /collect HTTP/1.1" 200 -
06:41:22 "POST /collect HTTP/1.1" 200 -
06:41:22 "POST /collect HTTP/1.1" 200 -
06:41:22 "POST /collect HTTP/1.1" 200 -
06:41:22 "POST /collect HTTP/1.1" 200 -
06:41:22 "POST /collect HTTP/1.1" 200 -
06:41:22 "POST /collect HTTP/1.1" 200 -
06:41:23 "GET /roster HTTP/1.1" 200 -
06:41:23 "GET /roster HTTP/1.1" 200 -
06:41:23 "POST /collect HTTP/1.1" 200 -
06:41:23 "POST /collect HTTP/1.1" 200 -
06:41:23 "POST /collect HTTP/1.1" 200 -
06:41:23 "POST /collect HTTP/1.1" 200 -
06:41:23 "POST /collect HTTP/1.1" 200 -
06:41:23 "POST /collect HTTP/1.1" 200 -
06:41:23 "POST /collect HTTP/1.1" 200 -
06:41:23 "POST /collect HTTP/1.1" 200 -
06:41:23 "POST /collect HTTP/1.1" 200 -
06:41:23 "POST /collect HTTP/1.1" 200 -
06:41:23 "POST /collect HTTP/1.1" 200 -
06:41:23 "POST /collect HTTP/1.1" 200 -
06:41:23 "POST /collect HTTP/1.1" 200 -
06:41:23 "POST /collect HTTP/1.1" 200 -
06:41:23 "POST /collect HTTP/1.1" 200 -
06:41:23 "POST /collect HTTP/1.1" 200 -
06:41:23 "POST /collect HTTP/1.1" 200 -
06:41:23 "POST /collect HTTP/1.1" 200 -
06:41:23 "POST /collect HTTP/1.1" 200 -
06:41:23 "POST /collect HTTP/1.1" 200 -
06:41:24 "POST /collect HTTP/1.1" 200 -
06:41:24 "POST /collect HTTP/1.1" 200 -
06:41:24 "POST /collect HTTP/1.1" 200 -
06:41:24 "POST /collect HTTP/1.1" 200 -
06:41:24 "POST /collect HTTP/1.1" 200 -
06:41:24 "POST /collect HTTP/1.1" 200 -
06:41:24 "POST /collect HTTP/1.1" 200 -
06:41:24 "POST /collect HTTP/1.1" 200 -
06:41:24 "POST /collect HTTP/1.1" 200 -
06:41:24 "POST /collect HTTP/1.1" 200 -
06:41:24 "POST /collect HTTP/1.1" 200 -
06:41:24 "POST /collect HTTP/1.1" 200 -
06:41:24 "POST /collect HTTP/1.1" 200 -
06:41:24 "POST /collect HTTP/1.1" 200 -
06:41:24 "POST /collect HTTP/1.1" 200 -
06:41:24 "POST /collect HTTP/1.1" 200 -
06:41:24 "POST /collect HTTP/1.1" 200 -
06:41:24 "POST /collect HTTP/1.1" 200 -
06:41:24 "POST /collect HTTP/1.1" 200 -
06:41:24 "POST /collect HTTP/1.1" 200 -
06:41:24 "POST /collect HTTP/1.1" 200 -
06:41:24 "POST /collect HTTP/1.1" 200 -
06:41:25 "POST /collect HTTP/1.1" 200 -
06:41:25 "GET /roster HTTP/1.1" 200 -
06:41:25 "POST /collect HTTP/1.1" 200 -
06:41:25 "POST /collect HTTP/1.1" 200 -
06:41:25 "GET /roster HTTP/1.1" 200 -
06:41:25 "POST /collect HTTP/1.1" 200 -
06:41:25 "POST /collect HTTP/1.1" 200 -
06:41:25 "POST /collect HTTP/1.1" 200 -
06:41:25 "POST /collect HTTP/1.1" 200 -
06:41:25 "POST /collect HTTP/1.1" 200 -
06:41:25 "POST /collect HTTP/1.1" 200 -
06:41:25 "POST /collect HTTP/1.1" 200 -
06:41:25 "POST /collect HTTP/1.1" 200 -
06:41:25 "POST /collect HTTP/1.1" 200 -
06:41:25 "POST /collect HTTP/1.1" 200 -
06:41:25 "POST /collect HTTP/1.1" 200 -
06:41:25 "POST /collect HTTP/1.1" 200 -
06:41:25 "POST /collect HTTP/1.1" 200 -
06:41:25 "POST /collect HTTP/1.1" 200 -
06:41:25 "POST /collect HTTP/1.1" 200 -
06:41:25 "POST /collect HTTP/1.1" 200 -
06:41:25 "POST /collect HTTP/1.1" 200 -
06:41:26 "POST /collect HTTP/1.1" 200 -
06:41:26 "POST /collect HTTP/1.1" 200 -
06:41:26 "POST /collect HTTP/1.1" 200 -
06:41:26 "POST /collect HTTP/1.1" 200 -
06:41:26 "POST /collect HTTP/1.1" 200 -
06:41:26 "POST /collect HTTP/1.1" 200 -
06:41:26 "POST /collect HTTP/1.1" 200 -
06:41:26 "POST /collect HTTP/1.1" 200 -
06:41:26 "POST /collect HTTP/1.1" 200 -
06:41:26 "POST /collect HTTP/1.1" 200 -
06:41:26 "POST /collect HTTP/1.1" 200 -
06:41:26 "POST /collect HTTP/1.1" 200 -
06:41:26 "POST /collect HTTP/1.1" 200 -
06:41:26 "POST /collect HTTP/1.1" 200 -
06:41:26 "POST /collect HTTP/1.1" 200 -
06:41:26 "POST /collect HTTP/1.1" 200 -
06:41:26 "POST /collect HTTP/1.1" 200 -
06:41:26 "POST /collect HTTP/1.1" 200 -
06:41:27 "POST /collect HTTP/1.1" 200 -
06:41:27 "POST /collect HTTP/1.1" 200 -
06:41:27 "POST /collect HTTP/1.1" 200 -
06:41:27 "POST /collect HTTP/1.1" 200 -
06:41:27 "POST /collect HTTP/1.1" 200 -
06:41:27 "GET /roster HTTP/1.1" 200 -
06:41:27 "GET /roster HTTP/1.1" 200 -
06:41:27 "POST /collect HTTP/1.1" 200 -
06:41:27 "POST /collect HTTP/1.1" 200 -
06:41:27 "POST /collect HTTP/1.1" 200 -
06:41:27 "POST /collect HTTP/1.1" 200 -
06:41:27 "POST /collect HTTP/1.1" 200 -
06:41:27 "POST /collect HTTP/1.1" 200 -
06:41:27 "POST /collect HTTP/1.1" 200 -
06:41:27 "POST /collect HTTP/1.1" 200 -
06:41:27 "POST /collect HTTP/1.1" 200 -
06:41:27 "POST /collect HTTP/1.1" 200 -
06:41:27 "POST /collect HTTP/1.1" 200 -
06:41:27 "POST /collect HTTP/1.1" 200 -
06:41:27 "POST /collect HTTP/1.1" 200 -
06:41:27 "POST /collect HTTP/1.1" 200 -
06:41:27 "POST /collect HTTP/1.1" 200 -
06:41:27 "POST /collect HTTP/1.1" 200 -
06:41:27 "POST /collect HTTP/1.1" 200 -
06:41:27 "POST /collect HTTP/1.1" 200 -
06:41:27 "POST /collect HTTP/1.1" 200 -
06:41:28 "POST /collect HTTP/1.1" 200 -
06:41:28 "POST /collect HTTP/1.1" 200 -
06:41:28 "POST /collect HTTP/1.1" 200 -
06:41:28 "POST /collect HTTP/1.1" 200 -
06:41:28 "POST /collect HTTP/1.1" 200 -
06:41:28 "POST /collect HTTP/1.1" 200 -
06:41:28 "POST /collect HTTP/1.1" 200 -
06:41:28 "POST /collect HTTP/1.1" 200 -
06:41:28 "POST /collect HTTP/1.1" 200 -
06:41:28 "POST /collect HTTP/1.1" 200 -
06:41:28 "POST /collect HTTP/1.1" 200 -
06:41:28 "POST /collect HTTP/1.1" 200 -
06:41:28 "POST /collect HTTP/1.1" 200 -
06:41:28 "POST /collect HTTP/1.1" 200 -
06:41:28 "POST /collect HTTP/1.1" 200 -
06:41:28 "POST /collect HTTP/1.1" 200 -
06:41:28 "POST /collect HTTP/1.1" 200 -
06:41:28 "POST /collect HTTP/1.1" 200 -
06:41:29 "GET /roster HTTP/1.1" 200 -
06:41:29 "GET /roster HTTP/1.1" 200 -
06:41:29 "POST /collect HTTP/1.1" 200 -
06:41:29 "POST /collect HTTP/1.1" 200 -
06:41:29 "POST /collect HTTP/1.1" 200 -
06:41:29 "POST /collect HTTP/1.1" 200 -
06:41:29 "POST /collect HTTP/1.1" 200 -
06:41:29 "POST /collect HTTP/1.1" 200 -
06:41:29 "POST /collect HTTP/1.1" 200 -
06:41:29 "POST /collect HTTP/1.1" 200 -
06:41:29 "POST /collect HTTP/1.1" 200 -
06:41:29 "POST /collect HTTP/1.1" 200 -
06:41:29 "POST /collect HTTP/1.1" 200 -
06:41:29 "POST /collect HTTP/1.1" 200 -
06:41:29 "POST /collect HTTP/1.1" 200 -
06:41:29 "POST /collect HTTP/1.1" 200 -
06:41:29 "POST /collect HTTP/1.1" 200 -
06:41:29 "POST /collect HTTP/1.1" 200 -
06:41:29 "POST /collect HTTP/1.1" 200 -
06:41:29 "POST /collect HTTP/1.1" 200 -
06:41:29 "POST /collect HTTP/1.1" 200 -
06:41:29 "POST /collect HTTP/1.1" 200 -
06:41:30 "POST /collect HTTP/1.1" 200 -
06:41:30 "POST /collect HTTP/1.1" 200 -
06:41:30 "POST /collect HTTP/1.1" 200 -
06:41:30 "POST /collect HTTP/1.1" 200 -
06:41:30 "POST /collect HTTP/1.1" 200 -
06:41:30 "POST /collect HTTP/1.1" 200 -
06:41:30 "POST /collect HTTP/1.1" 200 -
06:41:30 "POST /collect HTTP/1.1" 200 -
06:41:30 "POST /collect HTTP/1.1" 200 -
06:41:30 "POST /collect HTTP/1.1" 200 -
06:41:30 "POST /collect HTTP/1.1" 200 -
06:41:30 "POST /collect HTTP/1.1" 200 -
06:41:30 "POST /collect HTTP/1.1" 200 -
06:41:30 "POST /collect HTTP/1.1" 200 -
06:41:30 "POST /collect HTTP/1.1" 200 -
06:41:30 "POST /collect HTTP/1.1" 200 -
06:41:30 "POST /collect HTTP/1.1" 200 -
06:41:30 "POST /collect HTTP/1.1" 200 -
06:41:30 "POST /collect HTTP/1.1" 200 -
06:41:30 "POST /collect HTTP/1.1" 200 -
06:41:30 "POST /collect HTTP/1.1" 200 -
06:41:30 "POST /collect HTTP/1.1" 200 -
06:41:31 "POST /collect HTTP/1.1" 200 -
06:41:31 "GET /roster HTTP/1.1" 200 -
06:41:31 "POST /collect HTTP/1.1" 200 -
06:41:31 "POST /collect HTTP/1.1" 200 -
06:41:31 "GET /roster HTTP/1.1" 200 -
06:41:31 "POST /collect HTTP/1.1" 200 -
06:41:31 "POST /collect HTTP/1.1" 200 -
06:41:31 "POST /collect HTTP/1.1" 200 -
06:41:31 "POST /collect HTTP/1.1" 200 -
06:41:31 "POST /collect HTTP/1.1" 200 -
06:41:31 "POST /collect HTTP/1.1" 200 -
06:41:31 "POST /collect HTTP/1.1" 200 -
06:41:31 "POST /collect HTTP/1.1" 200 -
06:41:31 "POST /collect HTTP/1.1" 200 -
06:41:31 "POST /collect HTTP/1.1" 200 -
06:41:31 "POST /collect HTTP/1.1" 200 -
06:41:31 "POST /collect HTTP/1.1" 200 -
06:41:31 "POST /collect HTTP/1.1" 200 -
06:41:31 "POST /collect HTTP/1.1" 200 -
06:41:31 "POST /collect HTTP/1.1" 200 -
06:41:31 "POST /collect HTTP/1.1" 200 -
06:41:31 "POST /collect HTTP/1.1" 200 -
06:41:32 "POST /collect HTTP/1.1" 200 -
06:41:32 "POST /collect HTTP/1.1" 200 -
06:41:32 "POST /collect HTTP/1.1" 200 -
06:41:32 "POST /collect HTTP/1.1" 200 -
06:41:32 "POST /collect HTTP/1.1" 200 -
06:41:32 "POST /collect HTTP/1.1" 200 -
06:41:32 "POST /collect HTTP/1.1" 200 -
06:41:32 "POST /collect HTTP/1.1" 200 -
06:41:32 "POST /collect HTTP/1.1" 200 -
06:41:32 "POST /collect HTTP/1.1" 200 -
06:41:32 "POST /collect HTTP/1.1" 200 -
06:41:32 "POST /collect HTTP/1.1" 200 -
06:41:32 "POST /collect HTTP/1.1" 200 -
06:41:32 "POST /collect HTTP/1.1" 200 -
06:41:32 "POST /collect HTTP/1.1" 200 -
06:41:32 "POST /collect HTTP/1.1" 200 -
06:41:32 "POST /collect HTTP/1.1" 200 -
06:41:32 "POST /collect HTTP/1.1" 200 -
06:41:32 "POST /collect HTTP/1.1" 200 -
06:41:33 "POST /collect HTTP/1.1" 200 -
06:41:33 "POST /collect HTTP/1.1" 200 -
06:41:33 "POST /collect HTTP/1.1" 200 -
06:41:33 "POST /collect HTTP/1.1" 200 -
06:41:33 "POST /collect HTTP/1.1" 200 -
06:41:33 "GET /roster HTTP/1.1" 200 -
06:41:33 "GET /roster HTTP/1.1" 200 -
06:41:33 "POST /collect HTTP/1.1" 200 -
06:41:33 "POST /collect HTTP/1.1" 200 -
06:41:33 "POST /collect HTTP/1.1" 200 -
06:41:33 "POST /collect HTTP/1.1" 200 -
06:41:33 "POST /collect HTTP/1.1" 200 -
06:41:33 "POST /collect HTTP/1.1" 200 -
06:41:33 "POST /collect HTTP/1.1" 200 -
06:41:33 "POST /collect HTTP/1.1" 200 -
06:41:33 "POST /collect HTTP/1.1" 200 -
06:41:33 "POST /collect HTTP/1.1" 200 -
06:41:33 "POST /collect HTTP/1.1" 200 -
06:41:33 "POST /collect HTTP/1.1" 200 -
06:41:33 "POST /collect HTTP/1.1" 200 -
06:41:33 "POST /collect HTTP/1.1" 200 -
06:41:33 "POST /collect HTTP/1.1" 200 -
06:41:33 "POST /collect HTTP/1.1" 200 -
06:41:33 "POST /collect HTTP/1.1" 200 -
06:41:33 "POST /collect HTTP/1.1" 200 -
06:41:33 "POST /collect HTTP/1.1" 200 -
06:41:34 "POST /collect HTTP/1.1" 200 -
06:41:34 "POST /collect HTTP/1.1" 200 -
06:41:34 "POST /collect HTTP/1.1" 200 -
06:41:34 "POST /collect HTTP/1.1" 200 -
06:41:34 "POST /collect HTTP/1.1" 200 -
06:41:34 "POST /collect HTTP/1.1" 200 -
06:41:34 "POST /collect HTTP/1.1" 200 -
06:41:34 "POST /collect HTTP/1.1" 200 -
06:41:34 "POST /collect HTTP/1.1" 200 -
06:41:34 "POST /collect HTTP/1.1" 200 -
06:41:34 "POST /collect HTTP/1.1" 200 -
06:41:34 "POST /collect HTTP/1.1" 200 -
06:41:34 "POST /collect HTTP/1.1" 200 -
06:41:34 "POST /collect HTTP/1.1" 200 -
06:41:34 "POST /collect HTTP/1.1" 200 -
06:41:34 "POST /collect HTTP/1.1" 200 -
06:41:34 "POST /collect HTTP/1.1" 200 -
06:41:34 "POST /collect HTTP/1.1" 200 -
06:41:35 "GET /roster HTTP/1.1" 200 -
06:41:35 "GET /roster HTTP/1.1" 200 -
06:41:35 "POST /collect HTTP/1.1" 200 -
06:41:35 "POST /collect HTTP/1.1" 200 -
06:41:35 "POST /collect HTTP/1.1" 200 -
06:41:35 "POST /collect HTTP/1.1" 200 -
06:41:35 "POST /collect HTTP/1.1" 200 -
06:41:35 "POST /collect HTTP/1.1" 200 -
06:41:35 "POST /collect HTTP/1.1" 200 -
06:41:35 "POST /collect HTTP/1.1" 200 -
06:41:35 "POST /collect HTTP/1.1" 200 -
06:41:35 "POST /collect HTTP/1.1" 200 -
06:41:35 "POST /collect HTTP/1.1" 200 -
06:41:35 "POST /collect HTTP/1.1" 200 -
06:41:35 "POST /collect HTTP/1.1" 200 -
06:41:35 "POST /collect HTTP/1.1" 200 -
06:41:35 "POST /collect HTTP/1.1" 200 -
06:41:35 "POST /collect HTTP/1.1" 200 -
06:41:35 "POST /collect HTTP/1.1" 200 -
06:41:35 "POST /collect HTTP/1.1" 200 -
06:41:36 "POST /collect HTTP/1.1" 200 -
06:41:36 "POST /collect HTTP/1.1" 200 -
06:41:36 "POST /collect HTTP/1.1" 200 -
06:41:36 "POST /collect HTTP/1.1" 200 -
06:41:36 "POST /collect HTTP/1.1" 200 -
06:41:36 "POST /collect HTTP/1.1" 200 -
06:41:36 "POST /collect HTTP/1.1" 200 -
06:41:36 "POST /collect HTTP/1.1" 200 -
06:41:36 "POST /collect HTTP/1.1" 200 -
06:41:36 "POST /collect HTTP/1.1" 200 -
06:41:36 "POST /collect HTTP/1.1" 200 -
06:41:36 "POST /collect HTTP/1.1" 200 -
06:41:36 "POST /collect HTTP/1.1" 200 -
