m2m server on :8897, results -> /Users/s32863/personal/elektron/results/m2m-heavy-N30.jsonl, app 8c2a974b…
06:16:17 "GET /roster HTTP/1.1" 200 -
06:16:17 "POST /reset HTTP/1.1" 200 -
06:16:18 "GET /room.html?id=1&n=30&hold=1&cb=1787714178572&audio=1&mode=full&cls=probe HTTP/1.1" 200 -
06:16:18 code 404, message File not found
06:16:18 "GET /favicon.ico HTTP/1.1" 404 -
06:16:18 "GET /room.html?id=2&n=30&hold=1&cb=1787714178665&audio=1&mode=full&cls=probe HTTP/1.1" 200 -
06:16:18 "GET /room.html?id=A&n=30&hold=1&cb=1787714178747&audio=1&mode=pub&vw=320&vh=180&vfps=15&cls=light HTTP/1.1" 200 -
06:16:18 "GET /room.html?id=B&n=30&hold=1&cb=1787714178830&audio=1&mode=pub&vw=320&vh=180&vfps=15&cls=light HTTP/1.1" 200 -
06:16:18 "GET /room.html?id=C&n=30&hold=1&cb=1787714178916&audio=1&mode=pub&vw=320&vh=180&vfps=15&cls=light HTTP/1.1" 200 -
06:16:19 "GET /room.html?id=D&n=30&hold=1&cb=1787714179533&audio=1&mode=pub&vw=320&vh=180&vfps=15&cls=light HTTP/1.1" 200 -
06:16:19 code 404, message File not found
06:16:19 "GET /favicon.ico HTTP/1.1" 404 -
06:16:19 "GET /room.html?id=E&n=30&hold=1&cb=1787714179624&audio=1&mode=pub&vw=320&vh=180&vfps=15&cls=light HTTP/1.1" 200 -
06:16:19 "GET /room.html?id=F&n=30&hold=1&cb=1787714179715&audio=1&mode=pub&vw=320&vh=180&vfps=15&cls=light HTTP/1.1" 200 -
06:16:19 "GET /room.html?id=G&n=30&hold=1&cb=1787714179806&audio=1&mode=pub&vw=320&vh=180&vfps=15&cls=light HTTP/1.1" 200 -
06:16:19 "GET /room.html?id=H&n=30&hold=1&cb=1787714179888&audio=1&mode=pub&vw=320&vh=180&vfps=15&cls=light HTTP/1.1" 200 -
06:16:20 "GET /room.html?id=I&n=30&hold=1&cb=1787714180497&audio=1&mode=pub&vw=320&vh=180&vfps=15&cls=light HTTP/1.1" 200 -
06:16:20 code 404, message File not found
06:16:20 "GET /favicon.ico HTTP/1.1" 404 -
06:16:20 "GET /room.html?id=J&n=30&hold=1&cb=1787714180600&audio=1&mode=pub&vw=320&vh=180&vfps=15&cls=light HTTP/1.1" 200 -
06:16:20 "GET /room.html?id=K&n=30&hold=1&cb=1787714180688&audio=1&mode=pub&vw=320&vh=180&vfps=15&cls=light HTTP/1.1" 200 -
06:16:20 "GET /room.html?id=L&n=30&hold=1&cb=1787714180773&audio=1&mode=pub&vw=320&vh=180&vfps=15&cls=light HTTP/1.1" 200 -
06:16:20 "GET /room.html?id=M&n=30&hold=1&cb=1787714180861&audio=1&mode=pub&vw=320&vh=180&vfps=15&cls=light HTTP/1.1" 200 -
06:16:21 "GET /room.html?id=N&n=30&hold=1&cb=1787714181522&audio=1&mode=pub&vw=320&vh=180&vfps=15&cls=light HTTP/1.1" 200 -
06:16:21 code 404, message File not found
06:16:21 "GET /favicon.ico HTTP/1.1" 404 -
06:16:21 "GET /room.html?id=O&n=30&hold=1&cb=1787714181626&audio=1&mode=pub&vw=320&vh=180&vfps=15&cls=light HTTP/1.1" 200 -
06:16:21 "GET /room.html?id=P&n=30&hold=1&cb=1787714181718&audio=1&mode=pub&vw=320&vh=180&vfps=15&cls=light HTTP/1.1" 200 -
06:16:21 "GET /room.html?id=Q&n=30&hold=1&cb=1787714181805&audio=1&mode=pub&vw=320&vh=180&vfps=15&cls=light HTTP/1.1" 200 -
06:16:21 "GET /room.html?id=R&n=30&hold=1&cb=1787714181897&audio=1&mode=pub&vw=320&vh=180&vfps=15&cls=light HTTP/1.1" 200 -
06:16:22 "GET /room.html?id=S&n=30&hold=1&cb=1787714182525&audio=1&mode=pub&vw=320&vh=180&vfps=15&cls=light HTTP/1.1" 200 -
06:16:22 code 404, message File not found
06:16:22 "GET /favicon.ico HTTP/1.1" 404 -
06:16:22 "GET /room.html?id=T&n=30&hold=1&cb=1787714182622&audio=1&mode=pub&vw=320&vh=180&vfps=15&cls=light HTTP/1.1" 200 -
06:16:22 "GET /room.html?id=U&n=30&hold=1&cb=1787714182712&audio=1&mode=pub&vw=320&vh=180&vfps=15&cls=light HTTP/1.1" 200 -
06:16:22 "GET /room.html?id=V&n=30&hold=1&cb=1787714182806&audio=1&mode=pub&vw=320&vh=180&vfps=15&cls=light HTTP/1.1" 200 -
06:16:22 "GET /room.html?id=W&n=30&hold=1&cb=1787714182901&audio=1&mode=pub&vw=320&vh=180&vfps=15&cls=light HTTP/1.1" 200 -
06:16:23 "GET /room.html?id=X&n=30&hold=1&cb=1787714183545&audio=1&mode=pub&vw=320&vh=180&vfps=15&cls=light HTTP/1.1" 200 -
06:16:23 code 404, message File not found
06:16:23 "GET /room.html?id=Y&n=30&hold=1&cb=1787714183648&audio=1&mode=pub&vw=320&vh=180&vfps=15&cls=light HTTP/1.1" 200 -
06:16:23 "GET /favicon.ico HTTP/1.1" 404 -
06:16:23 "GET /room.html?id=Z&n=30&hold=1&cb=1787714183782&audio=1&mode=pub&vw=320&vh=180&vfps=15&cls=light HTTP/1.1" 200 -
06:16:23 code 404, message File not found
06:16:23 "GET /favicon.ico HTTP/1.1" 404 -
06:16:23 "GET /room.html?id=a&n=30&hold=1&cb=1787714183884&audio=1&mode=pub&vw=320&vh=180&vfps=15&cls=light HTTP/1.1" 200 -
06:16:24 "GET /room.html?id=b&n=30&hold=1&cb=1787714183975&audio=1&mode=pub&vw=320&vh=180&vfps=15&cls=light HTTP/1.1" 200 -
06:16:24 "POST /collect HTTP/1.1" 200 -
06:16:24 CF POST /sessions/new -> 201 (332 ms)
06:16:24 "POST /cf/sessions/new HTTP/1.1" 201 -
06:16:24 CF POST /sessions/new -> 201 (284 ms)
06:16:24 "POST /cf/sessions/new HTTP/1.1" 201 -
06:16:24 CF POST /sessions/new -> 201 (340 ms)
06:16:24 "POST /cf/sessions/new HTTP/1.1" 201 -
06:16:24 CF POST /sessions/new -> 201 (303 ms)
06:16:24 "POST /cf/sessions/new HTTP/1.1" 201 -
06:16:24 CF POST /sessions/new -> 201 (392 ms)
06:16:24 CF POST /sessions/new -> 201 (392 ms)
06:16:24 "POST /cf/sessions/new HTTP/1.1" 201 -
06:16:24 CF POST /sessions/new -> 201 (304 ms)
06:16:24 "POST /cf/sessions/new HTTP/1.1" 201 -
06:16:24 "POST /cf/sessions/new HTTP/1.1" 201 -
06:16:24 CF POST /sessions/new -> 201 (351 ms)
06:16:24 "POST /cf/sessions/new HTTP/1.1" 201 -
06:16:24 CF POST /sessions/new -> 201 (360 ms)
06:16:24 "POST /cf/sessions/new HTTP/1.1" 201 -
06:16:24 CF POST /sessions/new -> 201 (302 ms)
06:16:24 CF POST /sessions/new -> 201 (305 ms)
06:16:24 "POST /cf/sessions/new HTTP/1.1" 201 -
06:16:24 CF POST /sessions/new -> 201 (294 ms)
06:16:24 "POST /cf/sessions/new HTTP/1.1" 201 -
06:16:24 "POST /cf/sessions/new HTTP/1.1" 201 -
06:16:24 CF POST /sessions/new -> 201 (353 ms)
06:16:24 "POST /cf/sessions/new HTTP/1.1" 201 -
06:16:24 CF POST /sessions/new -> 201 (401 ms)
06:16:24 "POST /cf/sessions/new HTTP/1.1" 201 -
06:16:24 CF POST /sessions/new -> 201 (406 ms)
06:16:24 CF POST /sessions/new -> 201 (349 ms)
06:16:24 "POST /cf/sessions/new HTTP/1.1" 201 -
06:16:24 CF POST /sessions/new -> 201 (375 ms)
06:16:24 "POST /cf/sessions/new HTTP/1.1" 201 -
06:16:24 CF POST /sessions/new -> 201 (354 ms)
06:16:24 CF POST /sessions/new -> 201 (375 ms)
06:16:24 "POST /cf/sessions/new HTTP/1.1" 201 -
06:16:24 "POST /cf/sessions/new HTTP/1.1" 201 -
06:16:24 "POST /cf/sessions/new HTTP/1.1" 201 -
06:16:24 CF POST /sessions/new -> 201 (360 ms)
06:16:24 "POST /cf/sessions/new HTTP/1.1" 201 -
06:16:24 CF POST /sessions/new -> 201 (355 ms)
06:16:24 "POST /cf/sessions/new HTTP/1.1" 201 -
06:16:24 CF POST /sessions/new -> 201 (368 ms)
06:16:24 "POST /cf/sessions/new HTTP/1.1" 201 -
06:16:24 CF POST /sessions/new -> 201 (349 ms)
06:16:24 "POST /cf/sessions/new HTTP/1.1" 201 -
06:16:24 CF POST /sessions/new -> 201 (368 ms)
06:16:24 "POST /cf/sessions/new HTTP/1.1" 201 -
06:16:24 CF POST /sessions/new -> 201 (402 ms)
06:16:24 "POST /cf/sessions/new HTTP/1.1" 201 -
06:16:24 CF POST /sessions/new -> 201 (385 ms)
06:16:24 "POST /cf/sessions/new HTTP/1.1" 201 -
06:16:24 CF POST /sessions/new -> 201 (440 ms)
06:16:24 "POST /cf/sessions/new HTTP/1.1" 201 -
06:16:24 CF POST /sessions/new -> 201 (398 ms)
06:16:24 "POST /cf/sessions/new HTTP/1.1" 201 -
06:16:24 CF POST /sessions/new -> 201 (413 ms)
06:16:24 "POST /cf/sessions/new HTTP/1.1" 201 -
06:16:24 CF POST /sessions/new -> 201 (436 ms)
06:16:24 "POST /cf/sessions/new HTTP/1.1" 201 -
06:16:25 "POST /save/pub-offer-b.sdp HTTP/1.1" 200 -
06:16:25 "POST /save/pub-offer-a.sdp HTTP/1.1" 200 -
06:16:25 "POST /save/pub-offer-c.sdp HTTP/1.1" 200 -
06:16:25 "POST /save/pub-offer-h.sdp HTTP/1.1" 200 -
06:16:25 "POST /save/pub-offer-m.sdp HTTP/1.1" 200 -
06:16:25 "POST /save/pub-offer-w.sdp HTTP/1.1" 200 -
06:16:25 "POST /save/pub-offer-z.sdp HTTP/1.1" 200 -
06:16:25 "POST /save/pub-offer-r.sdp HTTP/1.1" 200 -
06:16:25 "POST /save/pub-offer-s.sdp HTTP/1.1" 200 -
06:16:25 "POST /save/pub-offer-1.sdp HTTP/1.1" 200 -
06:16:25 "POST /save/pub-offer-y.sdp HTTP/1.1" 200 -
06:16:25 "POST /save/pub-offer-x.sdp HTTP/1.1" 200 -
06:16:25 "POST /save/pub-offer-a.sdp HTTP/1.1" 200 -
06:16:25 "POST /save/pub-offer-2.sdp HTTP/1.1" 200 -
06:16:25 "POST /save/pub-offer-b.sdp HTTP/1.1" 200 -
06:16:25 "POST /save/pub-offer-j.sdp HTTP/1.1" 200 -
06:16:25 "POST /save/pub-offer-l.sdp HTTP/1.1" 200 -
06:16:25 "POST /save/pub-offer-k.sdp HTTP/1.1" 200 -
06:16:25 "POST /save/pub-offer-v.sdp HTTP/1.1" 200 -
06:16:25 "POST /save/pub-offer-u.sdp HTTP/1.1" 200 -
06:16:25 "POST /save/pub-offer-i.sdp HTTP/1.1" 200 -
06:16:25 "POST /save/pub-offer-p.sdp HTTP/1.1" 200 -
06:16:25 "POST /save/pub-offer-q.sdp HTTP/1.1" 200 -
06:16:25 "POST /save/pub-offer-o.sdp HTTP/1.1" 200 -
06:16:25 "POST /save/pub-offer-n.sdp HTTP/1.1" 200 -
06:16:25 "POST /save/pub-offer-t.sdp HTTP/1.1" 200 -
06:16:25 "POST /save/pub-offer-d.sdp HTTP/1.1" 200 -
06:16:25 "POST /save/pub-offer-f.sdp HTTP/1.1" 200 -
06:16:25 "POST /save/pub-offer-g.sdp HTTP/1.1" 200 -
06:16:25 "POST /save/pub-offer-e.sdp HTTP/1.1" 200 -
06:16:25 CF POST /sessions/facc99a7aca8282f9f588ddab33d62adfaa644cf9edc8ade43d9c24f9357612e/tracks/new -> 200 (393 ms)
06:16:25 "POST /cf/sessions/facc99a7aca8282f9f588ddab33d62adfaa644cf9edc8ade43d9c24f9357612e/tracks/new HTTP/1.1" 200 -
06:16:25 "POST /save/pub-answer-b.sdp HTTP/1.1" 200 -
06:16:25 "POST /collect HTTP/1.1" 200 -
06:16:25 "POST /collect HTTP/1.1" 200 -
06:16:25 "POST /collect HTTP/1.1" 200 -
06:16:25 CF POST /sessions/88116949e4332c66df0eb79acce3a069e1b544b0ed9ba88610083dd9d0f6dfee/tracks/new -> 200 (422 ms)
06:16:25 "POST /cf/sessions/88116949e4332c66df0eb79acce3a069e1b544b0ed9ba88610083dd9d0f6dfee/tracks/new HTTP/1.1" 200 -
06:16:25 "POST /save/pub-answer-a.sdp HTTP/1.1" 200 -
06:16:25 "POST /collect HTTP/1.1" 200 -
06:16:25 CF POST /sessions/56b00071be477d4ab2f00c4bc860091400fdd344b3bd8c6014d745689e1007bb/tracks/new -> 200 (392 ms)
06:16:25 "POST /cf/sessions/56b00071be477d4ab2f00c4bc860091400fdd344b3bd8c6014d745689e1007bb/tracks/new HTTP/1.1" 200 -
06:16:25 "POST /collect HTTP/1.1" 200 -
06:16:25 "POST /collect HTTP/1.1" 200 -
06:16:25 "POST /save/pub-answer-m.sdp HTTP/1.1" 200 -
06:16:25 "POST /collect HTTP/1.1" 200 -
06:16:25 "POST /collect HTTP/1.1" 200 -
06:16:25 "POST /collect HTTP/1.1" 200 -
06:16:25 CF POST /sessions/b8a9140a502f8df805720837d9381da1d04256c806de9acfa0dacc29af02afc3/tracks/new -> 200 (360 ms)
06:16:25 "POST /cf/sessions/b8a9140a502f8df805720837d9381da1d04256c806de9acfa0dacc29af02afc3/tracks/new HTTP/1.1" 200 -
06:16:25 "POST /save/pub-answer-j.sdp HTTP/1.1" 200 -
06:16:25 "POST /collect HTTP/1.1" 200 -
06:16:25 "POST /collect HTTP/1.1" 200 -
06:16:25 "POST /collect HTTP/1.1" 200 -
06:16:25 CF POST /sessions/ded15c479c1a13078131106074412bf447c256a6b42aeeb9b8f402e2f2114bc2/tracks/new -> 200 (434 ms)
06:16:25 "POST /cf/sessions/ded15c479c1a13078131106074412bf447c256a6b42aeeb9b8f402e2f2114bc2/tracks/new HTTP/1.1" 200 -
06:16:25 CF POST /sessions/dff517506361223deae7fc1a633d6d44274aba8f863570e401cec3865a265686/tracks/new -> 200 (389 ms)
06:16:25 "POST /cf/sessions/dff517506361223deae7fc1a633d6d44274aba8f863570e401cec3865a265686/tracks/new HTTP/1.1" 200 -
06:16:25 "POST /save/pub-answer-r.sdp HTTP/1.1" 200 -
06:16:25 "POST /save/pub-answer-u.sdp HTTP/1.1" 200 -
06:16:25 CF POST /sessions/7679482ff94f4f98865739d6d812e8ff115374ea1881332e583a743a6009544e/tracks/new -> 200 (393 ms)
06:16:25 "POST /cf/sessions/7679482ff94f4f98865739d6d812e8ff115374ea1881332e583a743a6009544e/tracks/new HTTP/1.1" 200 -
06:16:25 "POST /collect HTTP/1.1" 200 -
06:16:25 "POST /save/pub-answer-k.sdp HTTP/1.1" 200 -
06:16:25 "POST /collect HTTP/1.1" 200 -
06:16:25 "POST /collect HTTP/1.1" 200 -
06:16:25 "POST /collect HTTP/1.1" 200 -
06:16:25 "POST /collect HTTP/1.1" 200 -
06:16:25 "POST /collect HTTP/1.1" 200 -
06:16:25 "POST /collect HTTP/1.1" 200 -
06:16:25 "POST /collect HTTP/1.1" 200 -
06:16:25 "POST /collect HTTP/1.1" 200 -
06:16:25 CF POST /sessions/ace3f952836dd4b879e80e1ab140d1a8e3b29ede232a3e94e71e2c94dd4e56c0/tracks/new -> 200 (510 ms)
06:16:25 "POST /cf/sessions/ace3f952836dd4b879e80e1ab140d1a8e3b29ede232a3e94e71e2c94dd4e56c0/tracks/new HTTP/1.1" 200 -
06:16:25 "POST /save/pub-answer-2.sdp HTTP/1.1" 200 -
06:16:25 "POST /collect HTTP/1.1" 200 -
06:16:25 "POST /collect HTTP/1.1" 200 -
06:16:25 "POST /collect HTTP/1.1" 200 -
06:16:25 CF POST /sessions/5bd7ca9babb1de2aed5ba773d8d891245cba5634ec9af9196b078be10df056c2/tracks/new -> 200 (496 ms)
06:16:25 "POST /cf/sessions/5bd7ca9babb1de2aed5ba773d8d891245cba5634ec9af9196b078be10df056c2/tracks/new HTTP/1.1" 200 -
06:16:25 "POST /save/pub-answer-l.sdp HTTP/1.1" 200 -
06:16:25 "POST /collect HTTP/1.1" 200 -
06:16:25 "POST /collect HTTP/1.1" 200 -
06:16:25 "POST /collect HTTP/1.1" 200 -
06:16:25 CF POST /sessions/81ea389a6f1097fdc7222634ecc3753d8c07ee582fc0e028bfcebb5c960423b2/tracks/new -> 200 (473 ms)
06:16:25 "POST /cf/sessions/81ea389a6f1097fdc7222634ecc3753d8c07ee582fc0e028bfcebb5c960423b2/tracks/new HTTP/1.1" 200 -
06:16:25 "POST /save/pub-answer-d.sdp HTTP/1.1" 200 -
06:16:25 "POST /collect HTTP/1.1" 200 -
06:16:25 "POST /collect HTTP/1.1" 200 -
06:16:25 "POST /collect HTTP/1.1" 200 -
06:16:25 CF POST /sessions/990d248b740d3c7c4791c3e008e30dc16ed0687d96d9bc14a53cc677f8770285/tracks/new -> 200 (561 ms)
06:16:25 "POST /cf/sessions/990d248b740d3c7c4791c3e008e30dc16ed0687d96d9bc14a53cc677f8770285/tracks/new HTTP/1.1" 200 -
06:16:25 CF POST /sessions/74cbd4ff21191c7b069b2ae8f6bf13969bed6d9b51ae94ca83ea1d0f1d282848/tracks/new -> 200 (517 ms)
06:16:25 "POST /cf/sessions/74cbd4ff21191c7b069b2ae8f6bf13969bed6d9b51ae94ca83ea1d0f1d282848/tracks/new HTTP/1.1" 200 -
06:16:25 CF POST /sessions/431811f141f7318c38d07baf79f5d02c55e838015ee19c01ed1eb15f61d804b0/tracks/new -> 200 (572 ms)
06:16:25 "POST /cf/sessions/431811f141f7318c38d07baf79f5d02c55e838015ee19c01ed1eb15f61d804b0/tracks/new HTTP/1.1" 200 -
06:16:25 CF POST /sessions/0e229603549c1f727e76745b08c21be1b64f59d39a651bc4c33306d8fcbe8782/tracks/new -> 200 (471 ms)
06:16:25 "POST /cf/sessions/0e229603549c1f727e76745b08c21be1b64f59d39a651bc4c33306d8fcbe8782/tracks/new HTTP/1.1" 200 -
06:16:25 "POST /save/pub-answer-i.sdp HTTP/1.1" 200 -
06:16:25 "POST /save/pub-answer-w.sdp HTTP/1.1" 200 -
06:16:25 "POST /save/pub-answer-c.sdp HTTP/1.1" 200 -
06:16:25 "POST /save/pub-answer-f.sdp HTTP/1.1" 200 -
06:16:25 CF POST /sessions/8f536886926c04a7d26b4b67fd56d8be38f4595f8ab129c91e24d8fd35285c0e/tracks/new -> 200 (560 ms)
06:16:25 "POST /cf/sessions/8f536886926c04a7d26b4b67fd56d8be38f4595f8ab129c91e24d8fd35285c0e/tracks/new HTTP/1.1" 200 -
06:16:25 "POST /collect HTTP/1.1" 200 -
06:16:25 "POST /collect HTTP/1.1" 200 -
06:16:25 "POST /collect HTTP/1.1" 200 -
06:16:25 "POST /collect HTTP/1.1" 200 -
06:16:25 CF POST /sessions/30263f661b39a6302431efc8ee7895d0d9a74ff291cdc2cbb61061540ac41808/tracks/new -> 200 (528 ms)
06:16:25 "POST /cf/sessions/30263f661b39a6302431efc8ee7895d0d9a74ff291cdc2cbb61061540ac41808/tracks/new HTTP/1.1" 200 -
06:16:25 "POST /collect HTTP/1.1" 200 -
06:16:25 "POST /save/pub-answer-y.sdp HTTP/1.1" 200 -
06:16:25 "POST /collect HTTP/1.1" 200 -
06:16:25 "POST /save/pub-answer-q.sdp HTTP/1.1" 200 -
06:16:25 "POST /collect HTTP/1.1" 200 -
06:16:25 CF POST /sessions/141f45b494d9329667f8f1f09aa27a04639d8eb9e8ae727ed7bfa94cc4cf8bee/tracks/new -> 200 (569 ms)
06:16:25 "POST /cf/sessions/141f45b494d9329667f8f1f09aa27a04639d8eb9e8ae727ed7bfa94cc4cf8bee/tracks/new HTTP/1.1" 200 -
06:16:25 "POST /collect HTTP/1.1" 200 -
06:16:25 "POST /collect HTTP/1.1" 200 -
06:16:25 "POST /collect HTTP/1.1" 200 -
06:16:25 "POST /save/pub-answer-a.sdp HTTP/1.1" 200 -
06:16:25 "POST /collect HTTP/1.1" 200 -
06:16:25 CF POST /sessions/619fa9f87a40bb2a620e78e65a7d60631c6296334cd389657dd1b631061ccef9/tracks/new -> 200 (577 ms)
06:16:25 "POST /cf/sessions/619fa9f87a40bb2a620e78e65a7d60631c6296334cd389657dd1b631061ccef9/tracks/new HTTP/1.1" 200 -
06:16:25 CF POST /sessions/26dbdbee6fb897f995a74422648fc42047ae4fad2e7bef64e512cab767095d37/tracks/new -> 200 (531 ms)
06:16:25 "POST /cf/sessions/26dbdbee6fb897f995a74422648fc42047ae4fad2e7bef64e512cab767095d37/tracks/new HTTP/1.1" 200 -
06:16:25 "POST /collect HTTP/1.1" 200 -
06:16:25 "POST /collect HTTP/1.1" 200 -
06:16:25 "POST /save/pub-answer-1.sdp HTTP/1.1" 200 -
06:16:25 "POST /collect HTTP/1.1" 200 -
06:16:25 "POST /save/pub-answer-o.sdp HTTP/1.1" 200 -
06:16:25 "POST /collect HTTP/1.1" 200 -
06:16:25 "POST /collect HTTP/1.1" 200 -
06:16:25 "POST /collect HTTP/1.1" 200 -
06:16:25 "POST /collect HTTP/1.1" 200 -
06:16:25 "POST /collect HTTP/1.1" 200 -
06:16:25 "POST /collect HTTP/1.1" 200 -
06:16:25 "POST /collect HTTP/1.1" 200 -
06:16:25 "POST /collect HTTP/1.1" 200 -
06:16:25 "POST /collect HTTP/1.1" 200 -
06:16:25 CF POST /sessions/62a319ac49fe13c96327b691f05997394726d5cf1b90b9cecb083219763429ea/tracks/new -> 200 (611 ms)
06:16:25 "POST /cf/sessions/62a319ac49fe13c96327b691f05997394726d5cf1b90b9cecb083219763429ea/tracks/new HTTP/1.1" 200 -
06:16:25 "POST /collect HTTP/1.1" 200 -
06:16:25 "POST /save/pub-answer-z.sdp HTTP/1.1" 200 -
06:16:25 "POST /collect HTTP/1.1" 200 -
06:16:25 "POST /collect HTTP/1.1" 200 -
06:16:25 "POST /collect HTTP/1.1" 200 -
06:16:25 CF POST /sessions/d0281195cdf7c201dcc0e1eaf3db242c4e7d05d54c29914bcb5a34696b97fe53/tracks/new -> 200 (552 ms)
06:16:25 "POST /cf/sessions/d0281195cdf7c201dcc0e1eaf3db242c4e7d05d54c29914bcb5a34696b97fe53/tracks/new HTTP/1.1" 200 -
06:16:25 "POST /collect HTTP/1.1" 200 -
06:16:25 "POST /save/pub-answer-n.sdp HTTP/1.1" 200 -
06:16:25 CF POST /sessions/397ea4d5d0f60994c538a48a94fffbb0260dc8cc065ffb498ab542ec52f2dab7/tracks/new -> 200 (556 ms)
06:16:25 "POST /cf/sessions/397ea4d5d0f60994c538a48a94fffbb0260dc8cc065ffb498ab542ec52f2dab7/tracks/new HTTP/1.1" 200 -
06:16:25 CF POST /sessions/47efd9f7ba2cf718514c8f4a3432e7da5cdbc10d2aebec83da341ffc686d2aef/tracks/new -> 200 (629 ms)
06:16:25 "POST /collect HTTP/1.1" 200 -
06:16:25 "POST /cf/sessions/47efd9f7ba2cf718514c8f4a3432e7da5cdbc10d2aebec83da341ffc686d2aef/tracks/new HTTP/1.1" 200 -
06:16:25 "POST /collect HTTP/1.1" 200 -
06:16:25 "POST /collect HTTP/1.1" 200 -
06:16:25 CF POST /sessions/4fc831fe09e89a5ba573bbae4b5e480fe5139ab2e5b868acb98977a9ae9e1b60/tracks/new -> 200 (577 ms)
06:16:25 "POST /cf/sessions/4fc831fe09e89a5ba573bbae4b5e480fe5139ab2e5b868acb98977a9ae9e1b60/tracks/new HTTP/1.1" 200 -
06:16:25 CF POST /sessions/398bdfaa944d641c4a963e94159f3cc250a6eca68e0cb7f19f161db2662d56ab/tracks/new -> 200 (492 ms)
06:16:25 "POST /cf/sessions/398bdfaa944d641c4a963e94159f3cc250a6eca68e0cb7f19f161db2662d56ab/tracks/new HTTP/1.1" 200 -
06:16:25 "POST /save/pub-answer-t.sdp HTTP/1.1" 200 -
06:16:25 "POST /save/pub-answer-h.sdp HTTP/1.1" 200 -
06:16:25 "POST /save/pub-answer-v.sdp HTTP/1.1" 200 -
06:16:25 "POST /save/pub-answer-g.sdp HTTP/1.1" 200 -
06:16:25 CF POST /sessions/55f6524359d038df194d4a42151e8ad0dc7a29b1e066862d640bcf4e4fd3fe97/tracks/new -> 200 (495 ms)
06:16:25 "POST /cf/sessions/55f6524359d038df194d4a42151e8ad0dc7a29b1e066862d640bcf4e4fd3fe97/tracks/new HTTP/1.1" 200 -
06:16:25 "POST /collect HTTP/1.1" 200 -
06:16:25 "POST /save/pub-answer-e.sdp HTTP/1.1" 200 -
06:16:25 "POST /collect HTTP/1.1" 200 -
06:16:25 "POST /collect HTTP/1.1" 200 -
06:16:25 CF POST /sessions/3604625f080485c9025f6980d7887fe43232d8facc767e8cd569717f40224ba2/tracks/new -> 200 (612 ms)
06:16:25 "POST /cf/sessions/3604625f080485c9025f6980d7887fe43232d8facc767e8cd569717f40224ba2/tracks/new HTTP/1.1" 200 -
06:16:25 CF POST /sessions/94dc9e3a373f88ee378bf453c11ce1a1f68d07661d98126f93899c19442e96d6/tracks/new -> 200 (607 ms)
06:16:25 "POST /cf/sessions/94dc9e3a373f88ee378bf453c11ce1a1f68d07661d98126f93899c19442e96d6/tracks/new HTTP/1.1" 200 -
06:16:25 "POST /collect HTTP/1.1" 200 -
06:16:25 "POST /collect HTTP/1.1" 200 -
06:16:25 "POST /save/pub-answer-x.sdp HTTP/1.1" 200 -
06:16:25 "POST /save/pub-answer-b.sdp HTTP/1.1" 200 -
06:16:25 "POST /collect HTTP/1.1" 200 -
06:16:25 CF POST /sessions/e43fc115790561a38ef7720ab0f058c61b402ab76d44cd9fa25be8616d73235d/tracks/new -> 200 (634 ms)
06:16:25 "POST /cf/sessions/e43fc115790561a38ef7720ab0f058c61b402ab76d44cd9fa25be8616d73235d/tracks/new HTTP/1.1" 200 -
06:16:25 "POST /join HTTP/1.1" 200 -
06:16:26 "POST /collect HTTP/1.1" 200 -
06:16:26 "POST /collect HTTP/1.1" 200 -
06:16:26 "POST /save/pub-answer-s.sdp HTTP/1.1" 200 -
06:16:26 CF POST /sessions/9ea3f9bb6ad6e67235405f327d11c00d9049418461092a619d35bb0492e3925d/tracks/new -> 200 (588 ms)
06:16:26 "POST /cf/sessions/9ea3f9bb6ad6e67235405f327d11c00d9049418461092a619d35bb0492e3925d/tracks/new HTTP/1.1" 200 -
06:16:26 "POST /collect HTTP/1.1" 200 -
06:16:26 "POST /collect HTTP/1.1" 200 -
06:16:26 "POST /save/pub-answer-p.sdp HTTP/1.1" 200 -
06:16:26 "POST /collect HTTP/1.1" 200 -
06:16:26 "POST /collect HTTP/1.1" 200 -
06:16:26 "POST /collect HTTP/1.1" 200 -
06:16:26 "POST /collect HTTP/1.1" 200 -
06:16:26 "POST /collect HTTP/1.1" 200 -
06:16:26 "POST /collect HTTP/1.1" 200 -
06:16:26 "POST /collect HTTP/1.1" 200 -
06:16:26 "POST /collect HTTP/1.1" 200 -
06:16:26 "POST /join HTTP/1.1" 200 -
06:16:26 "POST /collect HTTP/1.1" 200 -
06:16:26 "POST /collect HTTP/1.1" 200 -
06:16:26 "POST /collect HTTP/1.1" 200 -
06:16:26 "POST /collect HTTP/1.1" 200 -
06:16:26 "POST /collect HTTP/1.1" 200 -
06:16:26 "POST /collect HTTP/1.1" 200 -
06:16:26 "POST /collect HTTP/1.1" 200 -
06:16:26 "POST /collect HTTP/1.1" 200 -
06:16:26 "POST /collect HTTP/1.1" 200 -
06:16:26 "POST /collect HTTP/1.1" 200 -
06:16:26 "POST /collect HTTP/1.1" 200 -
06:16:26 "POST /collect HTTP/1.1" 200 -
06:16:26 "POST /collect HTTP/1.1" 200 -
06:16:26 "POST /collect HTTP/1.1" 200 -
06:16:26 "POST /collect HTTP/1.1" 200 -
06:16:26 "POST /collect HTTP/1.1" 200 -
06:16:26 "POST /join HTTP/1.1" 200 -
06:16:26 "POST /collect HTTP/1.1" 200 -
06:16:26 "POST /join HTTP/1.1" 200 -
06:16:26 "POST /collect HTTP/1.1" 200 -
06:16:26 "POST /collect HTTP/1.1" 200 -
06:16:26 "POST /collect HTTP/1.1" 200 -
06:16:26 "POST /join HTTP/1.1" 200 -
06:16:26 "POST /collect HTTP/1.1" 200 -
06:16:26 "POST /join HTTP/1.1" 200 -
06:16:26 "POST /collect HTTP/1.1" 200 -
06:16:26 "POST /collect HTTP/1.1" 200 -
06:16:26 "POST /collect HTTP/1.1" 200 -
06:16:26 "POST /collect HTTP/1.1" 200 -
06:16:26 "POST /collect HTTP/1.1" 200 -
06:16:26 "POST /collect HTTP/1.1" 200 -
06:16:26 "POST /collect HTTP/1.1" 200 -
06:16:26 "POST /join HTTP/1.1" 200 -
06:16:26 "POST /collect HTTP/1.1" 200 -
06:16:26 "GET /roster HTTP/1.1" 200 -
06:16:26 "POST /collect HTTP/1.1" 200 -
06:16:26 "POST /collect HTTP/1.1" 200 -
06:16:26 "POST /collect HTTP/1.1" 200 -
06:16:26 "POST /collect HTTP/1.1" 200 -
06:16:26 "POST /collect HTTP/1.1" 200 -
06:16:26 "POST /collect HTTP/1.1" 200 -
06:16:26 "POST /collect HTTP/1.1" 200 -
06:16:26 "POST /collect HTTP/1.1" 200 -
06:16:26 "POST /collect HTTP/1.1" 200 -
06:16:26 "POST /join HTTP/1.1" 200 -
06:16:26 "POST /join HTTP/1.1" 200 -
06:16:26 "POST /join HTTP/1.1" 200 -
06:16:26 "POST /join HTTP/1.1" 200 -
06:16:26 "POST /collect HTTP/1.1" 200 -
06:16:26 "POST /collect HTTP/1.1" 200 -
06:16:26 "POST /collect HTTP/1.1" 200 -
06:16:26 "POST /collect HTTP/1.1" 200 -
06:16:26 "POST /collect HTTP/1.1" 200 -
06:16:26 "POST /join HTTP/1.1" 200 -
06:16:26 "POST /collect HTTP/1.1" 200 -
06:16:26 "POST /collect HTTP/1.1" 200 -
06:16:26 "POST /collect HTTP/1.1" 200 -
06:16:26 "POST /collect HTTP/1.1" 200 -
06:16:26 "POST /join HTTP/1.1" 200 -
06:16:26 "POST /collect HTTP/1.1" 200 -
06:16:26 "POST /join HTTP/1.1" 200 -
06:16:26 "POST /join HTTP/1.1" 200 -
06:16:26 "POST /join HTTP/1.1" 200 -
06:16:26 "POST /join HTTP/1.1" 200 -
06:16:26 "POST /join HTTP/1.1" 200 -
06:16:26 "GET /roster HTTP/1.1" 200 -
06:16:26 "POST /collect HTTP/1.1" 200 -
06:16:26 "POST /collect HTTP/1.1" 200 -
06:16:26 "POST /join HTTP/1.1" 200 -
06:16:26 "POST /collect HTTP/1.1" 200 -
06:16:26 "POST /join HTTP/1.1" 200 -
06:16:26 "POST /collect HTTP/1.1" 200 -
06:16:26 "POST /join HTTP/1.1" 200 -
06:16:26 "POST /collect HTTP/1.1" 200 -
06:16:26 "POST /collect HTTP/1.1" 200 -
06:16:26 "POST /collect HTTP/1.1" 200 -
06:16:26 "POST /collect HTTP/1.1" 200 -
06:16:26 CF POST /sessions/ace3f952836dd4b879e80e1ab140d1a8e3b29ede232a3e94e71e2c94dd4e56c0/tracks/new -> 200 (259 ms)
06:16:26 "POST /cf/sessions/ace3f952836dd4b879e80e1ab140d1a8e3b29ede232a3e94e71e2c94dd4e56c0/tracks/new HTTP/1.1" 200 -
06:16:26 CF POST /sessions/619fa9f87a40bb2a620e78e65a7d60631c6296334cd389657dd1b631061ccef9/tracks/new -> 200 (198 ms)
06:16:26 "POST /cf/sessions/619fa9f87a40bb2a620e78e65a7d60631c6296334cd389657dd1b631061ccef9/tracks/new HTTP/1.1" 200 -
06:16:26 CF PUT /sessions/ace3f952836dd4b879e80e1ab140d1a8e3b29ede232a3e94e71e2c94dd4e56c0/renegotiate -> 200 (135 ms)
06:16:26 "PUT /cf/sessions/ace3f952836dd4b879e80e1ab140d1a8e3b29ede232a3e94e71e2c94dd4e56c0/renegotiate HTTP/1.1" 200 -
06:16:26 "POST /collect HTTP/1.1" 200 -
06:16:26 CF PUT /sessions/619fa9f87a40bb2a620e78e65a7d60631c6296334cd389657dd1b631061ccef9/renegotiate -> 200 (141 ms)
06:16:26 "PUT /cf/sessions/619fa9f87a40bb2a620e78e65a7d60631c6296334cd389657dd1b631061ccef9/renegotiate HTTP/1.1" 200 -
06:16:26 "POST /collect HTTP/1.1" 200 -
06:16:26 "POST /collect HTTP/1.1" 200 -
06:16:26 CF POST /sessions/ace3f952836dd4b879e80e1ab140d1a8e3b29ede232a3e94e71e2c94dd4e56c0/tracks/new -> 200 (257 ms)
06:16:26 "POST /cf/sessions/ace3f952836dd4b879e80e1ab140d1a8e3b29ede232a3e94e71e2c94dd4e56c0/tracks/new HTTP/1.1" 200 -
06:16:26 CF POST /sessions/619fa9f87a40bb2a620e78e65a7d60631c6296334cd389657dd1b631061ccef9/tracks/new -> 200 (219 ms)
06:16:26 "POST /cf/sessions/619fa9f87a40bb2a620e78e65a7d60631c6296334cd389657dd1b631061ccef9/tracks/new HTTP/1.1" 200 -
06:16:27 CF PUT /sessions/ace3f952836dd4b879e80e1ab140d1a8e3b29ede232a3e94e71e2c94dd4e56c0/renegotiate -> 200 (142 ms)
06:16:27 "PUT /cf/sessions/ace3f952836dd4b879e80e1ab140d1a8e3b29ede232a3e94e71e2c94dd4e56c0/renegotiate HTTP/1.1" 200 -
06:16:27 "POST /collect HTTP/1.1" 200 -
06:16:27 "POST /collect HTTP/1.1" 200 -
06:16:27 CF PUT /sessions/619fa9f87a40bb2a620e78e65a7d60631c6296334cd389657dd1b631061ccef9/renegotiate -> 200 (156 ms)
06:16:27 "PUT /cf/sessions/619fa9f87a40bb2a620e78e65a7d60631c6296334cd389657dd1b631061ccef9/renegotiate HTTP/1.1" 200 -
06:16:27 "POST /collect HTTP/1.1" 200 -
06:16:27 "POST /join HTTP/1.1" 200 -
06:16:27 "POST /collect HTTP/1.1" 200 -
06:16:27 "POST /collect HTTP/1.1" 200 -
06:16:27 "POST /collect HTTP/1.1" 200 -
06:16:27 "POST /join HTTP/1.1" 200 -
06:16:27 "POST /collect HTTP/1.1" 200 -
06:16:27 "POST /join HTTP/1.1" 200 -
06:16:27 "POST /collect HTTP/1.1" 200 -
06:16:27 "POST /join HTTP/1.1" 200 -
06:16:27 "POST /collect HTTP/1.1" 200 -
06:16:27 CF POST /sessions/619fa9f87a40bb2a620e78e65a7d60631c6296334cd389657dd1b631061ccef9/tracks/new -> 200 (208 ms)
06:16:27 CF POST /sessions/ace3f952836dd4b879e80e1ab140d1a8e3b29ede232a3e94e71e2c94dd4e56c0/tracks/new -> 200 (231 ms)
06:16:27 "POST /cf/sessions/ace3f952836dd4b879e80e1ab140d1a8e3b29ede232a3e94e71e2c94dd4e56c0/tracks/new HTTP/1.1" 200 -
06:16:27 "POST /cf/sessions/619fa9f87a40bb2a620e78e65a7d60631c6296334cd389657dd1b631061ccef9/tracks/new HTTP/1.1" 200 -
06:16:27 "POST /join HTTP/1.1" 200 -
06:16:27 "POST /collect HTTP/1.1" 200 -
06:16:27 "POST /join HTTP/1.1" 200 -
06:16:27 "POST /collect HTTP/1.1" 200 -
06:16:27 "POST /join HTTP/1.1" 200 -
06:16:27 "POST /collect HTTP/1.1" 200 -
06:16:27 "POST /join HTTP/1.1" 200 -
06:16:27 "POST /collect HTTP/1.1" 200 -
06:16:27 CF PUT /sessions/ace3f952836dd4b879e80e1ab140d1a8e3b29ede232a3e94e71e2c94dd4e56c0/renegotiate -> 200 (144 ms)
06:16:27 "PUT /cf/sessions/ace3f952836dd4b879e80e1ab140d1a8e3b29ede232a3e94e71e2c94dd4e56c0/renegotiate HTTP/1.1" 200 -
06:16:27 "POST /collect HTTP/1.1" 200 -
06:16:27 CF PUT /sessions/619fa9f87a40bb2a620e78e65a7d60631c6296334cd389657dd1b631061ccef9/renegotiate -> 200 (149 ms)
06:16:27 "PUT /cf/sessions/619fa9f87a40bb2a620e78e65a7d60631c6296334cd389657dd1b631061ccef9/renegotiate HTTP/1.1" 200 -
06:16:27 "POST /collect HTTP/1.1" 200 -
06:16:27 "POST /collect HTTP/1.1" 200 -
06:16:27 CF POST /sessions/619fa9f87a40bb2a620e78e65a7d60631c6296334cd389657dd1b631061ccef9/tracks/new -> 200 (265 ms)
06:16:27 "POST /cf/sessions/619fa9f87a40bb2a620e78e65a7d60631c6296334cd389657dd1b631061ccef9/tracks/new HTTP/1.1" 200 -
06:16:27 CF POST /sessions/ace3f952836dd4b879e80e1ab140d1a8e3b29ede232a3e94e71e2c94dd4e56c0/tracks/new -> 200 (271 ms)
06:16:27 "POST /cf/sessions/ace3f952836dd4b879e80e1ab140d1a8e3b29ede232a3e94e71e2c94dd4e56c0/tracks/new HTTP/1.1" 200 -
06:16:27 "POST /collect HTTP/1.1" 200 -
06:16:27 CF PUT /sessions/ace3f952836dd4b879e80e1ab140d1a8e3b29ede232a3e94e71e2c94dd4e56c0/renegotiate -> 200 (157 ms)
06:16:27 "PUT /cf/sessions/ace3f952836dd4b879e80e1ab140d1a8e3b29ede232a3e94e71e2c94dd4e56c0/renegotiate HTTP/1.1" 200 -
06:16:27 "POST /collect HTTP/1.1" 200 -
06:16:27 CF PUT /sessions/619fa9f87a40bb2a620e78e65a7d60631c6296334cd389657dd1b631061ccef9/renegotiate -> 200 (167 ms)
06:16:27 "PUT /cf/sessions/619fa9f87a40bb2a620e78e65a7d60631c6296334cd389657dd1b631061ccef9/renegotiate HTTP/1.1" 200 -
06:16:27 "POST /collect HTTP/1.1" 200 -
06:16:28 CF POST /sessions/619fa9f87a40bb2a620e78e65a7d60631c6296334cd389657dd1b631061ccef9/tracks/new -> 200 (275 ms)
06:16:28 "POST /cf/sessions/619fa9f87a40bb2a620e78e65a7d60631c6296334cd389657dd1b631061ccef9/tracks/new HTTP/1.1" 200 -
06:16:28 "GET /roster HTTP/1.1" 200 -
06:16:28 "POST /collect HTTP/1.1" 200 -
06:16:28 CF POST /sessions/ace3f952836dd4b879e80e1ab140d1a8e3b29ede232a3e94e71e2c94dd4e56c0/tracks/new -> 200 (335 ms)
06:16:28 "POST /cf/sessions/ace3f952836dd4b879e80e1ab140d1a8e3b29ede232a3e94e71e2c94dd4e56c0/tracks/new HTTP/1.1" 200 -
06:16:28 "GET /roster HTTP/1.1" 200 -
06:16:28 "POST /collect HTTP/1.1" 200 -
06:16:28 CF PUT /sessions/619fa9f87a40bb2a620e78e65a7d60631c6296334cd389657dd1b631061ccef9/renegotiate -> 200 (165 ms)
06:16:28 "PUT /cf/sessions/619fa9f87a40bb2a620e78e65a7d60631c6296334cd389657dd1b631061ccef9/renegotiate HTTP/1.1" 200 -
06:16:28 "POST /collect HTTP/1.1" 200 -
06:16:28 CF PUT /sessions/ace3f952836dd4b879e80e1ab140d1a8e3b29ede232a3e94e71e2c94dd4e56c0/renegotiate -> 200 (170 ms)
06:16:28 "PUT /cf/sessions/ace3f952836dd4b879e80e1ab140d1a8e3b29ede232a3e94e71e2c94dd4e56c0/renegotiate HTTP/1.1" 200 -
06:16:28 "POST /collect HTTP/1.1" 200 -
06:16:28 CF POST /sessions/619fa9f87a40bb2a620e78e65a7d60631c6296334cd389657dd1b631061ccef9/tracks/new -> 200 (291 ms)
06:16:28 "POST /cf/sessions/619fa9f87a40bb2a620e78e65a7d60631c6296334cd389657dd1b631061ccef9/tracks/new HTTP/1.1" 200 -
06:16:28 CF POST /sessions/ace3f952836dd4b879e80e1ab140d1a8e3b29ede232a3e94e71e2c94dd4e56c0/tracks/new -> 200 (242 ms)
06:16:28 "POST /cf/sessions/ace3f952836dd4b879e80e1ab140d1a8e3b29ede232a3e94e71e2c94dd4e56c0/tracks/new HTTP/1.1" 200 -
06:16:28 "POST /collect HTTP/1.1" 200 -
06:16:28 "POST /collect HTTP/1.1" 200 -
06:16:28 CF PUT /sessions/619fa9f87a40bb2a620e78e65a7d60631c6296334cd389657dd1b631061ccef9/renegotiate -> 200 (153 ms)
06:16:28 "PUT /cf/sessions/619fa9f87a40bb2a620e78e65a7d60631c6296334cd389657dd1b631061ccef9/renegotiate HTTP/1.1" 200 -
06:16:28 "POST /collect HTTP/1.1" 200 -
06:16:28 CF PUT /sessions/ace3f952836dd4b879e80e1ab140d1a8e3b29ede232a3e94e71e2c94dd4e56c0/renegotiate -> 200 (160 ms)
06:16:28 "PUT /cf/sessions/ace3f952836dd4b879e80e1ab140d1a8e3b29ede232a3e94e71e2c94dd4e56c0/renegotiate HTTP/1.1" 200 -
06:16:28 "POST /collect HTTP/1.1" 200 -
06:16:29 "POST /collect HTTP/1.1" 200 -
06:16:29 "POST /collect HTTP/1.1" 200 -
06:16:29 "POST /collect HTTP/1.1" 200 -
06:16:29 "POST /collect HTTP/1.1" 200 -
06:16:29 CF POST /sessions/ace3f952836dd4b879e80e1ab140d1a8e3b29ede232a3e94e71e2c94dd4e56c0/tracks/new -> 200 (270 ms)
06:16:29 "POST /cf/sessions/ace3f952836dd4b879e80e1ab140d1a8e3b29ede232a3e94e71e2c94dd4e56c0/tracks/new HTTP/1.1" 200 -
06:16:29 "POST /collect HTTP/1.1" 200 -
06:16:29 "POST /collect HTTP/1.1" 200 -
06:16:29 CF POST /sessions/619fa9f87a40bb2a620e78e65a7d60631c6296334cd389657dd1b631061ccef9/tracks/new -> 200 (319 ms)
06:16:29 "POST /cf/sessions/619fa9f87a40bb2a620e78e65a7d60631c6296334cd389657dd1b631061ccef9/tracks/new HTTP/1.1" 200 -
06:16:29 "POST /collect HTTP/1.1" 200 -
06:16:29 "POST /collect HTTP/1.1" 200 -
06:16:29 "POST /collect HTTP/1.1" 200 -
06:16:29 "POST /collect HTTP/1.1" 200 -
06:16:29 "POST /collect HTTP/1.1" 200 -
06:16:29 CF PUT /sessions/ace3f952836dd4b879e80e1ab140d1a8e3b29ede232a3e94e71e2c94dd4e56c0/renegotiate -> 200 (181 ms)
06:16:29 "PUT /cf/sessions/ace3f952836dd4b879e80e1ab140d1a8e3b29ede232a3e94e71e2c94dd4e56c0/renegotiate HTTP/1.1" 200 -
06:16:29 "POST /collect HTTP/1.1" 200 -
06:16:29 "POST /collect HTTP/1.1" 200 -
06:16:29 "POST /collect HTTP/1.1" 200 -
06:16:29 "POST /collect HTTP/1.1" 200 -
06:16:29 "POST /collect HTTP/1.1" 200 -
06:16:29 "POST /collect HTTP/1.1" 200 -
06:16:29 CF PUT /sessions/619fa9f87a40bb2a620e78e65a7d60631c6296334cd389657dd1b631061ccef9/renegotiate -> 200 (173 ms)
06:16:29 "PUT /cf/sessions/619fa9f87a40bb2a620e78e65a7d60631c6296334cd389657dd1b631061ccef9/renegotiate HTTP/1.1" 200 -
06:16:29 "POST /collect HTTP/1.1" 200 -
06:16:29 "POST /collect HTTP/1.1" 200 -
06:16:29 "POST /collect HTTP/1.1" 200 -
06:16:29 "POST /collect HTTP/1.1" 200 -
06:16:29 CF POST /sessions/ace3f952836dd4b879e80e1ab140d1a8e3b29ede232a3e94e71e2c94dd4e56c0/tracks/new -> 200 (166 ms)
06:16:29 "POST /cf/sessions/ace3f952836dd4b879e80e1ab140d1a8e3b29ede232a3e94e71e2c94dd4e56c0/tracks/new HTTP/1.1" 200 -
06:16:29 CF POST /sessions/619fa9f87a40bb2a620e78e65a7d60631c6296334cd389657dd1b631061ccef9/tracks/new -> 200 (224 ms)
06:16:29 "POST /cf/sessions/619fa9f87a40bb2a620e78e65a7d60631c6296334cd389657dd1b631061ccef9/tracks/new HTTP/1.1" 200 -
06:16:29 CF PUT /sessions/ace3f952836dd4b879e80e1ab140d1a8e3b29ede232a3e94e71e2c94dd4e56c0/renegotiate -> 200 (169 ms)
06:16:29 "PUT /cf/sessions/ace3f952836dd4b879e80e1ab140d1a8e3b29ede232a3e94e71e2c94dd4e56c0/renegotiate HTTP/1.1" 200 -
06:16:29 "POST /collect HTTP/1.1" 200 -
06:16:29 "POST /collect HTTP/1.1" 200 -
06:16:29 CF PUT /sessions/619fa9f87a40bb2a620e78e65a7d60631c6296334cd389657dd1b631061ccef9/renegotiate -> 200 (166 ms)
06:16:29 "PUT /cf/sessions/619fa9f87a40bb2a620e78e65a7d60631c6296334cd389657dd1b631061ccef9/renegotiate HTTP/1.1" 200 -
06:16:29 "POST /collect HTTP/1.1" 200 -
06:16:29 "POST /collect HTTP/1.1" 200 -
06:16:29 CF POST /sessions/ace3f952836dd4b879e80e1ab140d1a8e3b29ede232a3e94e71e2c94dd4e56c0/tracks/new -> 200 (234 ms)
06:16:29 "POST /cf/sessions/ace3f952836dd4b879e80e1ab140d1a8e3b29ede232a3e94e71e2c94dd4e56c0/tracks/new HTTP/1.1" 200 -
06:16:29 CF POST /sessions/619fa9f87a40bb2a620e78e65a7d60631c6296334cd389657dd1b631061ccef9/tracks/new -> 200 (197 ms)
06:16:29 "POST /cf/sessions/619fa9f87a40bb2a620e78e65a7d60631c6296334cd389657dd1b631061ccef9/tracks/new HTTP/1.1" 200 -
06:16:30 CF PUT /sessions/ace3f952836dd4b879e80e1ab140d1a8e3b29ede232a3e94e71e2c94dd4e56c0/renegotiate -> 200 (157 ms)
06:16:30 "PUT /cf/sessions/ace3f952836dd4b879e80e1ab140d1a8e3b29ede232a3e94e71e2c94dd4e56c0/renegotiate HTTP/1.1" 200 -
06:16:30 "POST /collect HTTP/1.1" 200 -
06:16:30 "POST /collect HTTP/1.1" 200 -
06:16:30 CF PUT /sessions/619fa9f87a40bb2a620e78e65a7d60631c6296334cd389657dd1b631061ccef9/renegotiate -> 200 (163 ms)
06:16:30 "PUT /cf/sessions/619fa9f87a40bb2a620e78e65a7d60631c6296334cd389657dd1b631061ccef9/renegotiate HTTP/1.1" 200 -
06:16:30 "POST /collect HTTP/1.1" 200 -
06:16:30 "GET /roster HTTP/1.1" 200 -
06:16:30 "POST /collect HTTP/1.1" 200 -
06:16:30 "POST /collect HTTP/1.1" 200 -
06:16:30 "POST /collect HTTP/1.1" 200 -
06:16:30 "POST /collect HTTP/1.1" 200 -
06:16:30 "GET /roster HTTP/1.1" 200 -
06:16:30 "POST /collect HTTP/1.1" 200 -
06:16:30 "POST /collect HTTP/1.1" 200 -
06:16:30 CF POST /sessions/ace3f952836dd4b879e80e1ab140d1a8e3b29ede232a3e94e71e2c94dd4e56c0/tracks/new -> 200 (255 ms)
06:16:30 "POST /cf/sessions/ace3f952836dd4b879e80e1ab140d1a8e3b29ede232a3e94e71e2c94dd4e56c0/tracks/new HTTP/1.1" 200 -
06:16:30 CF POST /sessions/619fa9f87a40bb2a620e78e65a7d60631c6296334cd389657dd1b631061ccef9/tracks/new -> 200 (198 ms)
06:16:30 "POST /cf/sessions/619fa9f87a40bb2a620e78e65a7d60631c6296334cd389657dd1b631061ccef9/tracks/new HTTP/1.1" 200 -
06:16:30 "POST /collect HTTP/1.1" 200 -
06:16:30 "POST /collect HTTP/1.1" 200 -
06:16:30 "POST /collect HTTP/1.1" 200 -
06:16:30 CF PUT /sessions/ace3f952836dd4b879e80e1ab140d1a8e3b29ede232a3e94e71e2c94dd4e56c0/renegotiate -> 200 (173 ms)
06:16:30 "PUT /cf/sessions/ace3f952836dd4b879e80e1ab140d1a8e3b29ede232a3e94e71e2c94dd4e56c0/renegotiate HTTP/1.1" 200 -
06:16:30 "POST /collect HTTP/1.1" 200 -
06:16:30 CF PUT /sessions/619fa9f87a40bb2a620e78e65a7d60631c6296334cd389657dd1b631061ccef9/renegotiate -> 200 (189 ms)
06:16:30 "PUT /cf/sessions/619fa9f87a40bb2a620e78e65a7d60631c6296334cd389657dd1b631061ccef9/renegotiate HTTP/1.1" 200 -
06:16:30 "POST /collect HTTP/1.1" 200 -
06:16:30 "POST /collect HTTP/1.1" 200 -
06:16:30 "POST /collect HTTP/1.1" 200 -
06:16:30 CF POST /sessions/ace3f952836dd4b879e80e1ab140d1a8e3b29ede232a3e94e71e2c94dd4e56c0/tracks/new -> 200 (234 ms)
06:16:30 "POST /cf/sessions/ace3f952836dd4b879e80e1ab140d1a8e3b29ede232a3e94e71e2c94dd4e56c0/tracks/new HTTP/1.1" 200 -
06:16:30 CF POST /sessions/619fa9f87a40bb2a620e78e65a7d60631c6296334cd389657dd1b631061ccef9/tracks/new -> 200 (226 ms)
06:16:30 "POST /cf/sessions/619fa9f87a40bb2a620e78e65a7d60631c6296334cd389657dd1b631061ccef9/tracks/new HTTP/1.1" 200 -
06:16:30 CF PUT /sessions/ace3f952836dd4b879e80e1ab140d1a8e3b29ede232a3e94e71e2c94dd4e56c0/renegotiate -> 200 (177 ms)
06:16:30 "PUT /cf/sessions/ace3f952836dd4b879e80e1ab140d1a8e3b29ede232a3e94e71e2c94dd4e56c0/renegotiate HTTP/1.1" 200 -
06:16:30 CF PUT /sessions/619fa9f87a40bb2a620e78e65a7d60631c6296334cd389657dd1b631061ccef9/renegotiate -> 200 (170 ms)
06:16:30 "PUT /cf/sessions/619fa9f87a40bb2a620e78e65a7d60631c6296334cd389657dd1b631061ccef9/renegotiate HTTP/1.1" 200 -
06:16:30 "POST /collect HTTP/1.1" 200 -
06:16:30 "POST /collect HTTP/1.1" 200 -
06:16:31 CF POST /sessions/619fa9f87a40bb2a620e78e65a7d60631c6296334cd389657dd1b631061ccef9/tracks/new -> 200 (172 ms)
06:16:31 "POST /cf/sessions/619fa9f87a40bb2a620e78e65a7d60631c6296334cd389657dd1b631061ccef9/tracks/new HTTP/1.1" 200 -
06:16:31 CF POST /sessions/ace3f952836dd4b879e80e1ab140d1a8e3b29ede232a3e94e71e2c94dd4e56c0/tracks/new -> 200 (272 ms)
06:16:31 "POST /cf/sessions/ace3f952836dd4b879e80e1ab140d1a8e3b29ede232a3e94e71e2c94dd4e56c0/tracks/new HTTP/1.1" 200 -
06:16:31 CF PUT /sessions/619fa9f87a40bb2a620e78e65a7d60631c6296334cd389657dd1b631061ccef9/renegotiate -> 200 (226 ms)
06:16:31 "PUT /cf/sessions/619fa9f87a40bb2a620e78e65a7d60631c6296334cd389657dd1b631061ccef9/renegotiate HTTP/1.1" 200 -
06:16:31 "POST /collect HTTP/1.1" 200 -
06:16:31 CF PUT /sessions/ace3f952836dd4b879e80e1ab140d1a8e3b29ede232a3e94e71e2c94dd4e56c0/renegotiate -> 200 (180 ms)
06:16:31 "PUT /cf/sessions/ace3f952836dd4b879e80e1ab140d1a8e3b29ede232a3e94e71e2c94dd4e56c0/renegotiate HTTP/1.1" 200 -
06:16:31 "POST /collect HTTP/1.1" 200 -
06:16:31 CF POST /sessions/619fa9f87a40bb2a620e78e65a7d60631c6296334cd389657dd1b631061ccef9/tracks/new -> 200 (140 ms)
06:16:31 "POST /cf/sessions/619fa9f87a40bb2a620e78e65a7d60631c6296334cd389657dd1b631061ccef9/tracks/new HTTP/1.1" 200 -
06:16:31 "POST /collect HTTP/1.1" 200 -
06:16:31 "POST /collect HTTP/1.1" 200 -
06:16:31 CF POST /sessions/ace3f952836dd4b879e80e1ab140d1a8e3b29ede232a3e94e71e2c94dd4e56c0/tracks/new -> 200 (303 ms)
06:16:31 "POST /cf/sessions/ace3f952836dd4b879e80e1ab140d1a8e3b29ede232a3e94e71e2c94dd4e56c0/tracks/new HTTP/1.1" 200 -
06:16:31 CF PUT /sessions/619fa9f87a40bb2a620e78e65a7d60631c6296334cd389657dd1b631061ccef9/renegotiate -> 200 (200 ms)
06:16:31 "PUT /cf/sessions/619fa9f87a40bb2a620e78e65a7d60631c6296334cd389657dd1b631061ccef9/renegotiate HTTP/1.1" 200 -
06:16:31 "POST /collect HTTP/1.1" 200 -
06:16:31 CF PUT /sessions/ace3f952836dd4b879e80e1ab140d1a8e3b29ede232a3e94e71e2c94dd4e56c0/renegotiate -> 200 (164 ms)
06:16:31 "PUT /cf/sessions/ace3f952836dd4b879e80e1ab140d1a8e3b29ede232a3e94e71e2c94dd4e56c0/renegotiate HTTP/1.1" 200 -
06:16:31 "POST /collect HTTP/1.1" 200 -
06:16:31 CF POST /sessions/619fa9f87a40bb2a620e78e65a7d60631c6296334cd389657dd1b631061ccef9/tracks/new -> 200 (199 ms)
06:16:31 "POST /cf/sessions/619fa9f87a40bb2a620e78e65a7d60631c6296334cd389657dd1b631061ccef9/tracks/new HTTP/1.1" 200 -
06:16:32 "POST /collect HTTP/1.1" 200 -
06:16:32 "POST /collect HTTP/1.1" 200 -
06:16:32 "POST /collect HTTP/1.1" 200 -
06:16:32 "POST /collect HTTP/1.1" 200 -
06:16:32 "POST /collect HTTP/1.1" 200 -
06:16:32 "POST /collect HTTP/1.1" 200 -
06:16:32 "GET /roster HTTP/1.1" 200 -
06:16:32 "POST /collect HTTP/1.1" 200 -
06:16:32 "POST /collect HTTP/1.1" 200 -
06:16:32 "POST /collect HTTP/1.1" 200 -
06:16:32 CF POST /sessions/ace3f952836dd4b879e80e1ab140d1a8e3b29ede232a3e94e71e2c94dd4e56c0/tracks/new -> 200 (245 ms)
06:16:32 "POST /cf/sessions/ace3f952836dd4b879e80e1ab140d1a8e3b29ede232a3e94e71e2c94dd4e56c0/tracks/new HTTP/1.1" 200 -
06:16:32 "POST /collect HTTP/1.1" 200 -
06:16:32 "POST /collect HTTP/1.1" 200 -
06:16:32 "POST /collect HTTP/1.1" 200 -
06:16:32 "POST /collect HTTP/1.1" 200 -
06:16:32 "GET /roster HTTP/1.1" 200 -
06:16:32 "POST /collect HTTP/1.1" 200 -
06:16:32 "POST /collect HTTP/1.1" 200 -
06:16:32 "POST /collect HTTP/1.1" 200 -
06:16:32 "POST /collect HTTP/1.1" 200 -
06:16:32 "POST /collect HTTP/1.1" 200 -
06:16:32 "POST /collect HTTP/1.1" 200 -
06:16:32 "POST /collect HTTP/1.1" 200 -
06:16:32 CF PUT /sessions/619fa9f87a40bb2a620e78e65a7d60631c6296334cd389657dd1b631061ccef9/renegotiate -> 200 (276 ms)
06:16:32 "PUT /cf/sessions/619fa9f87a40bb2a620e78e65a7d60631c6296334cd389657dd1b631061ccef9/renegotiate HTTP/1.1" 200 -
06:16:32 "POST /collect HTTP/1.1" 200 -
06:16:32 "POST /collect HTTP/1.1" 200 -
06:16:32 CF PUT /sessions/ace3f952836dd4b879e80e1ab140d1a8e3b29ede232a3e94e71e2c94dd4e56c0/renegotiate -> 200 (208 ms)
06:16:32 "PUT /cf/sessions/ace3f952836dd4b879e80e1ab140d1a8e3b29ede232a3e94e71e2c94dd4e56c0/renegotiate HTTP/1.1" 200 -
06:16:32 "POST /collect HTTP/1.1" 200 -
06:16:32 CF POST /sessions/619fa9f87a40bb2a620e78e65a7d60631c6296334cd389657dd1b631061ccef9/tracks/new -> 200 (298 ms)
06:16:32 "POST /cf/sessions/619fa9f87a40bb2a620e78e65a7d60631c6296334cd389657dd1b631061ccef9/tracks/new HTTP/1.1" 200 -
06:16:32 "POST /collect HTTP/1.1" 200 -
06:16:32 CF POST /sessions/ace3f952836dd4b879e80e1ab140d1a8e3b29ede232a3e94e71e2c94dd4e56c0/tracks/new -> 200 (220 ms)
06:16:32 "POST /cf/sessions/ace3f952836dd4b879e80e1ab140d1a8e3b29ede232a3e94e71e2c94dd4e56c0/tracks/new HTTP/1.1" 200 -
06:16:32 "POST /collect HTTP/1.1" 200 -
06:16:32 CF PUT /sessions/619fa9f87a40bb2a620e78e65a7d60631c6296334cd389657dd1b631061ccef9/renegotiate -> 200 (240 ms)
06:16:32 "PUT /cf/sessions/619fa9f87a40bb2a620e78e65a7d60631c6296334cd389657dd1b631061ccef9/renegotiate HTTP/1.1" 200 -
06:16:32 "POST /collect HTTP/1.1" 200 -
06:16:32 CF PUT /sessions/ace3f952836dd4b879e80e1ab140d1a8e3b29ede232a3e94e71e2c94dd4e56c0/renegotiate -> 200 (185 ms)
06:16:32 "PUT /cf/sessions/ace3f952836dd4b879e80e1ab140d1a8e3b29ede232a3e94e71e2c94dd4e56c0/renegotiate HTTP/1.1" 200 -
06:16:32 "POST /collect HTTP/1.1" 200 -
06:16:33 "POST /collect HTTP/1.1" 200 -
06:16:33 "POST /collect HTTP/1.1" 200 -
06:16:33 "POST /collect HTTP/1.1" 200 -
06:16:33 "POST /collect HTTP/1.1" 200 -
06:16:33 CF POST /sessions/619fa9f87a40bb2a620e78e65a7d60631c6296334cd389657dd1b631061ccef9/tracks/new -> 200 (312 ms)
06:16:33 "POST /cf/sessions/619fa9f87a40bb2a620e78e65a7d60631c6296334cd389657dd1b631061ccef9/tracks/new HTTP/1.1" 200 -
06:16:33 CF POST /sessions/ace3f952836dd4b879e80e1ab140d1a8e3b29ede232a3e94e71e2c94dd4e56c0/tracks/new -> 200 (280 ms)
06:16:33 "POST /cf/sessions/ace3f952836dd4b879e80e1ab140d1a8e3b29ede232a3e94e71e2c94dd4e56c0/tracks/new HTTP/1.1" 200 -
06:16:33 "POST /collect HTTP/1.1" 200 -
06:16:33 "POST /collect HTTP/1.1" 200 -
06:16:33 "POST /collect HTTP/1.1" 200 -
06:16:33 "POST /collect HTTP/1.1" 200 -
06:16:33 CF PUT /sessions/ace3f952836dd4b879e80e1ab140d1a8e3b29ede232a3e94e71e2c94dd4e56c0/renegotiate -> 200 (196 ms)
06:16:33 "PUT /cf/sessions/ace3f952836dd4b879e80e1ab140d1a8e3b29ede232a3e94e71e2c94dd4e56c0/renegotiate HTTP/1.1" 200 -
06:16:33 "POST /collect HTTP/1.1" 200 -
06:16:33 CF PUT /sessions/619fa9f87a40bb2a620e78e65a7d60631c6296334cd389657dd1b631061ccef9/renegotiate -> 200 (224 ms)
06:16:33 "PUT /cf/sessions/619fa9f87a40bb2a620e78e65a7d60631c6296334cd389657dd1b631061ccef9/renegotiate HTTP/1.1" 200 -
06:16:33 "POST /collect HTTP/1.1" 200 -
06:16:33 "POST /collect HTTP/1.1" 200 -
06:16:33 CF POST /sessions/619fa9f87a40bb2a620e78e65a7d60631c6296334cd389657dd1b631061ccef9/tracks/new -> 200 (197 ms)
06:16:33 "POST /cf/sessions/619fa9f87a40bb2a620e78e65a7d60631c6296334cd389657dd1b631061ccef9/tracks/new HTTP/1.1" 200 -
06:16:33 CF POST /sessions/ace3f952836dd4b879e80e1ab140d1a8e3b29ede232a3e94e71e2c94dd4e56c0/tracks/new -> 200 (226 ms)
06:16:33 "POST /cf/sessions/ace3f952836dd4b879e80e1ab140d1a8e3b29ede232a3e94e71e2c94dd4e56c0/tracks/new HTTP/1.1" 200 -
06:16:33 "POST /collect HTTP/1.1" 200 -
06:16:33 CF PUT /sessions/ace3f952836dd4b879e80e1ab140d1a8e3b29ede232a3e94e71e2c94dd4e56c0/renegotiate -> 200 (226 ms)
06:16:33 "PUT /cf/sessions/ace3f952836dd4b879e80e1ab140d1a8e3b29ede232a3e94e71e2c94dd4e56c0/renegotiate HTTP/1.1" 200 -
06:16:33 "POST /collect HTTP/1.1" 200 -
06:16:34 CF PUT /sessions/619fa9f87a40bb2a620e78e65a7d60631c6296334cd389657dd1b631061ccef9/renegotiate -> 200 (246 ms)
06:16:34 "PUT /cf/sessions/619fa9f87a40bb2a620e78e65a7d60631c6296334cd389657dd1b631061ccef9/renegotiate HTTP/1.1" 200 -
06:16:34 "POST /collect HTTP/1.1" 200 -
06:16:34 "GET /roster HTTP/1.1" 200 -
06:16:34 "POST /collect HTTP/1.1" 200 -
06:16:34 "GET /roster HTTP/1.1" 200 -
06:16:34 "POST /collect HTTP/1.1" 200 -
06:16:34 CF POST /sessions/619fa9f87a40bb2a620e78e65a7d60631c6296334cd389657dd1b631061ccef9/tracks/new -> 200 (282 ms)
06:16:34 "POST /cf/sessions/619fa9f87a40bb2a620e78e65a7d60631c6296334cd389657dd1b631061ccef9/tracks/new HTTP/1.1" 200 -
06:16:34 CF POST /sessions/ace3f952836dd4b879e80e1ab140d1a8e3b29ede232a3e94e71e2c94dd4e56c0/tracks/new -> 200 (319 ms)
06:16:34 "POST /cf/sessions/ace3f952836dd4b879e80e1ab140d1a8e3b29ede232a3e94e71e2c94dd4e56c0/tracks/new HTTP/1.1" 200 -
06:16:34 CF PUT /sessions/ace3f952836dd4b879e80e1ab140d1a8e3b29ede232a3e94e71e2c94dd4e56c0/renegotiate -> 200 (198 ms)
06:16:34 "PUT /cf/sessions/ace3f952836dd4b879e80e1ab140d1a8e3b29ede232a3e94e71e2c94dd4e56c0/renegotiate HTTP/1.1" 200 -
06:16:34 CF PUT /sessions/619fa9f87a40bb2a620e78e65a7d60631c6296334cd389657dd1b631061ccef9/renegotiate -> 200 (210 ms)
06:16:34 "PUT /cf/sessions/619fa9f87a40bb2a620e78e65a7d60631c6296334cd389657dd1b631061ccef9/renegotiate HTTP/1.1" 200 -
06:16:34 "POST /collect HTTP/1.1" 200 -
06:16:34 "POST /collect HTTP/1.1" 200 -
06:16:34 "POST /collect HTTP/1.1" 200 -
06:16:34 "POST /collect HTTP/1.1" 200 -
06:16:34 CF POST /sessions/619fa9f87a40bb2a620e78e65a7d60631c6296334cd389657dd1b631061ccef9/tracks/new -> 200 (289 ms)
06:16:34 "POST /cf/sessions/619fa9f87a40bb2a620e78e65a7d60631c6296334cd389657dd1b631061ccef9/tracks/new HTTP/1.1" 200 -
06:16:34 CF POST /sessions/ace3f952836dd4b879e80e1ab140d1a8e3b29ede232a3e94e71e2c94dd4e56c0/tracks/new -> 200 (294 ms)
06:16:34 "POST /cf/sessions/ace3f952836dd4b879e80e1ab140d1a8e3b29ede232a3e94e71e2c94dd4e56c0/tracks/new HTTP/1.1" 200 -
06:16:35 "POST /collect HTTP/1.1" 200 -
06:16:35 "POST /collect HTTP/1.1" 200 -
06:16:35 "POST /collect HTTP/1.1" 200 -
06:16:35 "POST /collect HTTP/1.1" 200 -
06:16:35 "POST /collect HTTP/1.1" 200 -
06:16:35 "POST /collect HTTP/1.1" 200 -
06:16:35 CF PUT /sessions/619fa9f87a40bb2a620e78e65a7d60631c6296334cd389657dd1b631061ccef9/renegotiate -> 200 (194 ms)
06:16:35 "PUT /cf/sessions/619fa9f87a40bb2a620e78e65a7d60631c6296334cd389657dd1b631061ccef9/renegotiate HTTP/1.1" 200 -
06:16:35 "POST /collect HTTP/1.1" 200 -
06:16:35 CF PUT /sessions/ace3f952836dd4b879e80e1ab140d1a8e3b29ede232a3e94e71e2c94dd4e56c0/renegotiate -> 200 (238 ms)
06:16:35 "PUT /cf/sessions/ace3f952836dd4b879e80e1ab140d1a8e3b29ede232a3e94e71e2c94dd4e56c0/renegotiate HTTP/1.1" 200 -
06:16:35 "POST /collect HTTP/1.1" 200 -
06:16:35 "POST /collect HTTP/1.1" 200 -
06:16:35 "POST /collect HTTP/1.1" 200 -
06:16:35 "POST /collect HTTP/1.1" 200 -
06:16:35 "POST /collect HTTP/1.1" 200 -
06:16:35 "POST /collect HTTP/1.1" 200 -
06:16:35 "POST /collect HTTP/1.1" 200 -
06:16:35 "POST /collect HTTP/1.1" 200 -
06:16:35 "POST /collect HTTP/1.1" 200 -
06:16:35 "POST /collect HTTP/1.1" 200 -
06:16:35 "POST /collect HTTP/1.1" 200 -
06:16:35 "POST /collect HTTP/1.1" 200 -
06:16:35 "POST /collect HTTP/1.1" 200 -
06:16:35 "POST /collect HTTP/1.1" 200 -
06:16:35 CF POST /sessions/619fa9f87a40bb2a620e78e65a7d60631c6296334cd389657dd1b631061ccef9/tracks/new -> 200 (263 ms)
06:16:35 "POST /cf/sessions/619fa9f87a40bb2a620e78e65a7d60631c6296334cd389657dd1b631061ccef9/tracks/new HTTP/1.1" 200 -
06:16:35 CF POST /sessions/ace3f952836dd4b879e80e1ab140d1a8e3b29ede232a3e94e71e2c94dd4e56c0/tracks/new -> 200 (239 ms)
06:16:35 "POST /cf/sessions/ace3f952836dd4b879e80e1ab140d1a8e3b29ede232a3e94e71e2c94dd4e56c0/tracks/new HTTP/1.1" 200 -
06:16:35 "POST /collect HTTP/1.1" 200 -
06:16:35 CF PUT /sessions/619fa9f87a40bb2a620e78e65a7d60631c6296334cd389657dd1b631061ccef9/renegotiate -> 200 (185 ms)
06:16:35 "PUT /cf/sessions/619fa9f87a40bb2a620e78e65a7d60631c6296334cd389657dd1b631061ccef9/renegotiate HTTP/1.1" 200 -
06:16:35 "POST /collect HTTP/1.1" 200 -
06:16:35 CF PUT /sessions/ace3f952836dd4b879e80e1ab140d1a8e3b29ede232a3e94e71e2c94dd4e56c0/renegotiate -> 200 (210 ms)
06:16:35 "PUT /cf/sessions/ace3f952836dd4b879e80e1ab140d1a8e3b29ede232a3e94e71e2c94dd4e56c0/renegotiate HTTP/1.1" 200 -
06:16:35 "POST /collect HTTP/1.1" 200 -
06:16:35 "POST /collect HTTP/1.1" 200 -
06:16:35 CF POST /sessions/619fa9f87a40bb2a620e78e65a7d60631c6296334cd389657dd1b631061ccef9/tracks/new -> 200 (247 ms)
06:16:35 "POST /cf/sessions/619fa9f87a40bb2a620e78e65a7d60631c6296334cd389657dd1b631061ccef9/tracks/new HTTP/1.1" 200 -
06:16:35 CF POST /sessions/ace3f952836dd4b879e80e1ab140d1a8e3b29ede232a3e94e71e2c94dd4e56c0/tracks/new -> 200 (205 ms)
06:16:35 "POST /cf/sessions/ace3f952836dd4b879e80e1ab140d1a8e3b29ede232a3e94e71e2c94dd4e56c0/tracks/new HTTP/1.1" 200 -
06:16:36 "POST /collect HTTP/1.1" 200 -
06:16:36 "GET /roster HTTP/1.1" 200 -
06:16:36 "POST /collect HTTP/1.1" 200 -
06:16:36 "POST /collect HTTP/1.1" 200 -
06:16:36 "POST /collect HTTP/1.1" 200 -
06:16:36 "POST /collect HTTP/1.1" 200 -
06:16:36 CF PUT /sessions/619fa9f87a40bb2a620e78e65a7d60631c6296334cd389657dd1b631061ccef9/renegotiate -> 200 (224 ms)
06:16:36 "PUT /cf/sessions/619fa9f87a40bb2a620e78e65a7d60631c6296334cd389657dd1b631061ccef9/renegotiate HTTP/1.1" 200 -
06:16:36 CF PUT /sessions/ace3f952836dd4b879e80e1ab140d1a8e3b29ede232a3e94e71e2c94dd4e56c0/renegotiate -> 200 (271 ms)
06:16:36 "PUT /cf/sessions/ace3f952836dd4b879e80e1ab140d1a8e3b29ede232a3e94e71e2c94dd4e56c0/renegotiate HTTP/1.1" 200 -
06:16:36 "POST /collect HTTP/1.1" 200 -
06:16:36 "POST /collect HTTP/1.1" 200 -
06:16:36 "GET /roster HTTP/1.1" 200 -
06:16:36 "POST /collect HTTP/1.1" 200 -
06:16:36 "POST /collect HTTP/1.1" 200 -
06:16:36 "POST /collect HTTP/1.1" 200 -
06:16:36 "POST /collect HTTP/1.1" 200 -
06:16:36 "POST /collect HTTP/1.1" 200 -
06:16:36 CF POST /sessions/ace3f952836dd4b879e80e1ab140d1a8e3b29ede232a3e94e71e2c94dd4e56c0/tracks/new -> 200 (302 ms)
06:16:36 CF POST /sessions/619fa9f87a40bb2a620e78e65a7d60631c6296334cd389657dd1b631061ccef9/tracks/new -> 200 (291 ms)
06:16:36 "POST /cf/sessions/619fa9f87a40bb2a620e78e65a7d60631c6296334cd389657dd1b631061ccef9/tracks/new HTTP/1.1" 200 -
06:16:36 "POST /cf/sessions/ace3f952836dd4b879e80e1ab140d1a8e3b29ede232a3e94e71e2c94dd4e56c0/tracks/new HTTP/1.1" 200 -
06:16:36 "POST /collect HTTP/1.1" 200 -
06:16:36 "POST /collect HTTP/1.1" 200 -
06:16:36 CF PUT /sessions/619fa9f87a40bb2a620e78e65a7d60631c6296334cd389657dd1b631061ccef9/renegotiate -> 200 (205 ms)
06:16:36 "PUT /cf/sessions/619fa9f87a40bb2a620e78e65a7d60631c6296334cd389657dd1b631061ccef9/renegotiate HTTP/1.1" 200 -
06:16:36 "POST /collect HTTP/1.1" 200 -
06:16:36 CF PUT /sessions/ace3f952836dd4b879e80e1ab140d1a8e3b29ede232a3e94e71e2c94dd4e56c0/renegotiate -> 200 (203 ms)
06:16:36 "PUT /cf/sessions/ace3f952836dd4b879e80e1ab140d1a8e3b29ede232a3e94e71e2c94dd4e56c0/renegotiate HTTP/1.1" 200 -
06:16:36 "POST /collect HTTP/1.1" 200 -
06:16:37 CF POST /sessions/619fa9f87a40bb2a620e78e65a7d60631c6296334cd389657dd1b631061ccef9/tracks/new -> 200 (243 ms)
06:16:37 "POST /cf/sessions/619fa9f87a40bb2a620e78e65a7d60631c6296334cd389657dd1b631061ccef9/tracks/new HTTP/1.1" 200 -
06:16:37 CF POST /sessions/ace3f952836dd4b879e80e1ab140d1a8e3b29ede232a3e94e71e2c94dd4e56c0/tracks/new -> 200 (238 ms)
06:16:37 "POST /cf/sessions/ace3f952836dd4b879e80e1ab140d1a8e3b29ede232a3e94e71e2c94dd4e56c0/tracks/new HTTP/1.1" 200 -
06:16:37 CF PUT /sessions/619fa9f87a40bb2a620e78e65a7d60631c6296334cd389657dd1b631061ccef9/renegotiate -> 200 (225 ms)
06:16:37 "PUT /cf/sessions/619fa9f87a40bb2a620e78e65a7d60631c6296334cd389657dd1b631061ccef9/renegotiate HTTP/1.1" 200 -
06:16:37 "POST /collect HTTP/1.1" 200 -
06:16:37 CF PUT /sessions/ace3f952836dd4b879e80e1ab140d1a8e3b29ede232a3e94e71e2c94dd4e56c0/renegotiate -> 200 (223 ms)
06:16:37 "PUT /cf/sessions/ace3f952836dd4b879e80e1ab140d1a8e3b29ede232a3e94e71e2c94dd4e56c0/renegotiate HTTP/1.1" 200 -
06:16:37 "POST /collect HTTP/1.1" 200 -
06:16:37 CF POST /sessions/ace3f952836dd4b879e80e1ab140d1a8e3b29ede232a3e94e71e2c94dd4e56c0/tracks/new -> 200 (175 ms)
06:16:37 "POST /cf/sessions/ace3f952836dd4b879e80e1ab140d1a8e3b29ede232a3e94e71e2c94dd4e56c0/tracks/new HTTP/1.1" 200 -
06:16:37 "POST /collect HTTP/1.1" 200 -
06:16:37 CF POST /sessions/619fa9f87a40bb2a620e78e65a7d60631c6296334cd389657dd1b631061ccef9/tracks/new -> 200 (248 ms)
06:16:37 "POST /cf/sessions/619fa9f87a40bb2a620e78e65a7d60631c6296334cd389657dd1b631061ccef9/tracks/new HTTP/1.1" 200 -
06:16:37 "POST /collect HTTP/1.1" 200 -
06:16:37 CF PUT /sessions/ace3f952836dd4b879e80e1ab140d1a8e3b29ede232a3e94e71e2c94dd4e56c0/renegotiate -> 200 (210 ms)
06:16:37 "PUT /cf/sessions/ace3f952836dd4b879e80e1ab140d1a8e3b29ede232a3e94e71e2c94dd4e56c0/renegotiate HTTP/1.1" 200 -
06:16:37 "POST /collect HTTP/1.1" 200 -
06:16:37 CF PUT /sessions/619fa9f87a40bb2a620e78e65a7d60631c6296334cd389657dd1b631061ccef9/renegotiate -> 200 (236 ms)
06:16:37 "PUT /cf/sessions/619fa9f87a40bb2a620e78e65a7d60631c6296334cd389657dd1b631061ccef9/renegotiate HTTP/1.1" 200 -
06:16:38 "POST /collect HTTP/1.1" 200 -
06:16:38 "POST /collect HTTP/1.1" 200 -
06:16:38 "POST /collect HTTP/1.1" 200 -
06:16:38 "POST /collect HTTP/1.1" 200 -
06:16:38 "POST /collect HTTP/1.1" 200 -
06:16:38 "POST /collect HTTP/1.1" 200 -
06:16:38 "POST /collect HTTP/1.1" 200 -
06:16:38 CF POST /sessions/ace3f952836dd4b879e80e1ab140d1a8e3b29ede232a3e94e71e2c94dd4e56c0/tracks/new -> 200 (216 ms)
06:16:38 "POST /cf/sessions/ace3f952836dd4b879e80e1ab140d1a8e3b29ede232a3e94e71e2c94dd4e56c0/tracks/new HTTP/1.1" 200 -
06:16:38 CF POST /sessions/619fa9f87a40bb2a620e78e65a7d60631c6296334cd389657dd1b631061ccef9/tracks/new -> 200 (185 ms)
06:16:38 "POST /cf/sessions/619fa9f87a40bb2a620e78e65a7d60631c6296334cd389657dd1b631061ccef9/tracks/new HTTP/1.1" 200 -
06:16:38 "GET /roster HTTP/1.1" 200 -
06:16:38 "POST /collect HTTP/1.1" 200 -
06:16:38 "POST /collect HTTP/1.1" 200 -
06:16:38 "POST /collect HTTP/1.1" 200 -
06:16:38 "POST /collect HTTP/1.1" 200 -
06:16:38 "POST /collect HTTP/1.1" 200 -
06:16:38 "POST /collect HTTP/1.1" 200 -
06:16:38 "POST /collect HTTP/1.1" 200 -
06:16:38 "GET /roster HTTP/1.1" 200 -
06:16:38 "POST /collect HTTP/1.1" 200 -
06:16:38 "POST /collect HTTP/1.1" 200 -
06:16:38 "POST /collect HTTP/1.1" 200 -
06:16:38 "POST /collect HTTP/1.1" 200 -
06:16:38 "POST /collect HTTP/1.1" 200 -
06:16:38 "POST /collect HTTP/1.1" 200 -
06:16:38 "POST /collect HTTP/1.1" 200 -
06:16:38 "POST /collect HTTP/1.1" 200 -
06:16:38 CF PUT /sessions/ace3f952836dd4b879e80e1ab140d1a8e3b29ede232a3e94e71e2c94dd4e56c0/renegotiate -> 200 (233 ms)
06:16:38 "PUT /cf/sessions/ace3f952836dd4b879e80e1ab140d1a8e3b29ede232a3e94e71e2c94dd4e56c0/renegotiate HTTP/1.1" 200 -
06:16:38 "POST /collect HTTP/1.1" 200 -
06:16:38 CF PUT /sessions/619fa9f87a40bb2a620e78e65a7d60631c6296334cd389657dd1b631061ccef9/renegotiate -> 200 (217 ms)
06:16:38 "PUT /cf/sessions/619fa9f87a40bb2a620e78e65a7d60631c6296334cd389657dd1b631061ccef9/renegotiate HTTP/1.1" 200 -
06:16:38 "POST /collect HTTP/1.1" 200 -
06:16:38 "POST /collect HTTP/1.1" 200 -
06:16:38 CF POST /sessions/ace3f952836dd4b879e80e1ab140d1a8e3b29ede232a3e94e71e2c94dd4e56c0/tracks/new -> 200 (241 ms)
06:16:38 "POST /cf/sessions/ace3f952836dd4b879e80e1ab140d1a8e3b29ede232a3e94e71e2c94dd4e56c0/tracks/new HTTP/1.1" 200 -
06:16:38 CF POST /sessions/619fa9f87a40bb2a620e78e65a7d60631c6296334cd389657dd1b631061ccef9/tracks/new -> 200 (200 ms)
06:16:38 "POST /cf/sessions/619fa9f87a40bb2a620e78e65a7d60631c6296334cd389657dd1b631061ccef9/tracks/new HTTP/1.1" 200 -
06:16:38 "POST /collect HTTP/1.1" 200 -
06:16:39 CF PUT /sessions/ace3f952836dd4b879e80e1ab140d1a8e3b29ede232a3e94e71e2c94dd4e56c0/renegotiate -> 200 (204 ms)
06:16:39 "PUT /cf/sessions/ace3f952836dd4b879e80e1ab140d1a8e3b29ede232a3e94e71e2c94dd4e56c0/renegotiate HTTP/1.1" 200 -
06:16:39 "POST /collect HTTP/1.1" 200 -
06:16:39 CF PUT /sessions/619fa9f87a40bb2a620e78e65a7d60631c6296334cd389657dd1b631061ccef9/renegotiate -> 200 (223 ms)
06:16:39 "PUT /cf/sessions/619fa9f87a40bb2a620e78e65a7d60631c6296334cd389657dd1b631061ccef9/renegotiate HTTP/1.1" 200 -
06:16:39 "POST /collect HTTP/1.1" 200 -
06:16:39 "POST /collect HTTP/1.1" 200 -
06:16:39 "POST /collect HTTP/1.1" 200 -
06:16:39 "POST /collect HTTP/1.1" 200 -
06:16:39 "POST /collect HTTP/1.1" 200 -
06:16:39 "POST /collect HTTP/1.1" 200 -
06:16:39 CF POST /sessions/619fa9f87a40bb2a620e78e65a7d60631c6296334cd389657dd1b631061ccef9/tracks/new -> 200 (303 ms)
06:16:39 "POST /cf/sessions/619fa9f87a40bb2a620e78e65a7d60631c6296334cd389657dd1b631061ccef9/tracks/new HTTP/1.1" 200 -
06:16:39 "POST /collect HTTP/1.1" 200 -
06:16:39 CF POST /sessions/ace3f952836dd4b879e80e1ab140d1a8e3b29ede232a3e94e71e2c94dd4e56c0/tracks/new -> 200 (323 ms)
06:16:39 "POST /cf/sessions/ace3f952836dd4b879e80e1ab140d1a8e3b29ede232a3e94e71e2c94dd4e56c0/tracks/new HTTP/1.1" 200 -
06:16:39 "POST /collect HTTP/1.1" 200 -
06:16:39 "POST /collect HTTP/1.1" 200 -
06:16:39 "POST /collect HTTP/1.1" 200 -
06:16:39 CF PUT /sessions/619fa9f87a40bb2a620e78e65a7d60631c6296334cd389657dd1b631061ccef9/renegotiate -> 200 (239 ms)
06:16:39 "PUT /cf/sessions/619fa9f87a40bb2a620e78e65a7d60631c6296334cd389657dd1b631061ccef9/renegotiate HTTP/1.1" 200 -
06:16:39 CF PUT /sessions/ace3f952836dd4b879e80e1ab140d1a8e3b29ede232a3e94e71e2c94dd4e56c0/renegotiate -> 200 (226 ms)
06:16:39 "PUT /cf/sessions/ace3f952836dd4b879e80e1ab140d1a8e3b29ede232a3e94e71e2c94dd4e56c0/renegotiate HTTP/1.1" 200 -
06:16:39 "POST /collect HTTP/1.1" 200 -
06:16:39 "POST /collect HTTP/1.1" 200 -
06:16:39 "POST /collect HTTP/1.1" 200 -
06:16:39 CF POST /sessions/ace3f952836dd4b879e80e1ab140d1a8e3b29ede232a3e94e71e2c94dd4e56c0/tracks/new -> 200 (269 ms)
06:16:39 "POST /cf/sessions/ace3f952836dd4b879e80e1ab140d1a8e3b29ede232a3e94e71e2c94dd4e56c0/tracks/new HTTP/1.1" 200 -
06:16:39 CF POST /sessions/619fa9f87a40bb2a620e78e65a7d60631c6296334cd389657dd1b631061ccef9/tracks/new -> 200 (271 ms)
06:16:39 "POST /cf/sessions/619fa9f87a40bb2a620e78e65a7d60631c6296334cd389657dd1b631061ccef9/tracks/new HTTP/1.1" 200 -
06:16:40 "GET /roster HTTP/1.1" 200 -
06:16:40 "POST /collect HTTP/1.1" 200 -
06:16:40 "GET /roster HTTP/1.1" 200 -
06:16:40 "POST /collect HTTP/1.1" 200 -
06:16:40 CF PUT /sessions/619fa9f87a40bb2a620e78e65a7d60631c6296334cd389657dd1b631061ccef9/renegotiate -> 200 (252 ms)
06:16:40 "PUT /cf/sessions/619fa9f87a40bb2a620e78e65a7d60631c6296334cd389657dd1b631061ccef9/renegotiate HTTP/1.1" 200 -
06:16:40 CF PUT /sessions/ace3f952836dd4b879e80e1ab140d1a8e3b29ede232a3e94e71e2c94dd4e56c0/renegotiate -> 200 (257 ms)
06:16:40 "PUT /cf/sessions/ace3f952836dd4b879e80e1ab140d1a8e3b29ede232a3e94e71e2c94dd4e56c0/renegotiate HTTP/1.1" 200 -
06:16:40 "POST /collect HTTP/1.1" 200 -
06:16:40 "POST /collect HTTP/1.1" 200 -
06:16:40 "POST /collect HTTP/1.1" 200 -
06:16:40 "POST /collect HTTP/1.1" 200 -
06:16:40 "POST /collect HTTP/1.1" 200 -
06:16:41 "POST /collect HTTP/1.1" 200 -
06:16:41 "POST /collect HTTP/1.1" 200 -
06:16:41 "POST /collect HTTP/1.1" 200 -
06:16:41 "POST /collect HTTP/1.1" 200 -
06:16:41 "POST /collect HTTP/1.1" 200 -
06:16:41 "POST /collect HTTP/1.1" 200 -
06:16:41 "POST /collect HTTP/1.1" 200 -
06:16:41 "POST /collect HTTP/1.1" 200 -
06:16:41 "POST /collect HTTP/1.1" 200 -
06:16:41 "POST /collect HTTP/1.1" 200 -
06:16:41 "POST /collect HTTP/1.1" 200 -
06:16:41 "POST /collect HTTP/1.1" 200 -
06:16:41 "POST /collect HTTP/1.1" 200 -
06:16:41 "POST /collect HTTP/1.1" 200 -
06:16:41 "POST /collect HTTP/1.1" 200 -
06:16:41 "POST /collect HTTP/1.1" 200 -
06:16:41 "POST /collect HTTP/1.1" 200 -
06:16:41 "POST /collect HTTP/1.1" 200 -
06:16:41 "POST /collect HTTP/1.1" 200 -
06:16:41 "GET /room.html?id=W&n=30&hold=1&cb=1787714182901&audio=1&mode=pub&vw=320&vh=180&vfps=15&cls=light HTTP/1.1" 200 -
06:16:41 "POST /collect HTTP/1.1" 200 -
06:16:41 "POST /collect HTTP/1.1" 200 -
06:16:41 CF POST /sessions/new -> 201 (208 ms)
06:16:41 "POST /cf/sessions/new HTTP/1.1" 201 -
06:16:41 "POST /save/pub-offer-w.sdp HTTP/1.1" 200 -
06:16:42 "POST /collect HTTP/1.1" 200 -
06:16:42 "GET /roster HTTP/1.1" 200 -
06:16:42 "POST /collect HTTP/1.1" 200 -
06:16:42 "POST /collect HTTP/1.1" 200 -
06:16:42 "POST /collect HTTP/1.1" 200 -
06:16:42 "POST /collect HTTP/1.1" 200 -
06:16:42 CF POST /sessions/60a82d4a9e933f984d9d2ec132dcae7b0a9deb9a03dea0a05ad661e35e970a2d/tracks/new -> 200 (325 ms)
06:16:42 "POST /cf/sessions/60a82d4a9e933f984d9d2ec132dcae7b0a9deb9a03dea0a05ad661e35e970a2d/tracks/new HTTP/1.1" 200 -
06:16:42 "POST /save/pub-answer-w.sdp HTTP/1.1" 200 -
06:16:42 "POST /collect HTTP/1.1" 200 -
06:16:42 "POST /collect HTTP/1.1" 200 -
06:16:42 "POST /collect HTTP/1.1" 200 -
06:16:42 "POST /collect HTTP/1.1" 200 -
06:16:42 "GET /roster HTTP/1.1" 200 -
06:16:42 "POST /collect HTTP/1.1" 200 -
06:16:42 "POST /collect HTTP/1.1" 200 -
06:16:42 "POST /collect HTTP/1.1" 200 -
06:16:42 "POST /collect HTTP/1.1" 200 -
06:16:42 "POST /collect HTTP/1.1" 200 -
06:16:42 "POST /collect HTTP/1.1" 200 -
06:16:42 "POST /collect HTTP/1.1" 200 -
06:16:43 "POST /join HTTP/1.1" 200 -
06:16:43 "POST /collect HTTP/1.1" 200 -
06:16:43 "POST /collect HTTP/1.1" 200 -
06:16:43 "POST /collect HTTP/1.1" 200 -
06:16:44 "POST /collect HTTP/1.1" 200 -
06:16:44 "POST /collect HTTP/1.1" 200 -
06:16:44 "POST /collect HTTP/1.1" 200 -
06:16:44 "POST /collect HTTP/1.1" 200 -
06:16:44 "POST /collect HTTP/1.1" 200 -
06:16:44 "POST /collect HTTP/1.1" 200 -
06:16:44 "GET /roster HTTP/1.1" 200 -
06:16:44 "POST /collect HTTP/1.1" 200 -
06:16:44 "POST /collect HTTP/1.1" 200 -
06:16:44 "POST /collect HTTP/1.1" 200 -
06:16:44 "POST /collect HTTP/1.1" 200 -
06:16:44 "POST /collect HTTP/1.1" 200 -
06:16:44 "POST /collect HTTP/1.1" 200 -
06:16:44 "POST /collect HTTP/1.1" 200 -
06:16:44 "GET /roster HTTP/1.1" 200 -
06:16:44 "POST /collect HTTP/1.1" 200 -
06:16:44 "POST /collect HTTP/1.1" 200 -
06:16:44 "POST /collect HTTP/1.1" 200 -
06:16:44 "POST /collect HTTP/1.1" 200 -
06:16:44 "POST /collect HTTP/1.1" 200 -
06:16:44 "POST /collect HTTP/1.1" 200 -
06:16:44 "POST /collect HTTP/1.1" 200 -
06:16:44 "POST /collect HTTP/1.1" 200 -
06:16:44 CF POST /sessions/ace3f952836dd4b879e80e1ab140d1a8e3b29ede232a3e94e71e2c94dd4e56c0/tracks/new -> 200 (312 ms)
06:16:44 "POST /cf/sessions/ace3f952836dd4b879e80e1ab140d1a8e3b29ede232a3e94e71e2c94dd4e56c0/tracks/new HTTP/1.1" 200 -
06:16:44 CF POST /sessions/619fa9f87a40bb2a620e78e65a7d60631c6296334cd389657dd1b631061ccef9/tracks/new -> 200 (250 ms)
06:16:44 "POST /cf/sessions/619fa9f87a40bb2a620e78e65a7d60631c6296334cd389657dd1b631061ccef9/tracks/new HTTP/1.1" 200 -
06:16:44 "POST /collect HTTP/1.1" 200 -
06:16:44 "POST /collect HTTP/1.1" 200 -
06:16:44 CF PUT /sessions/ace3f952836dd4b879e80e1ab140d1a8e3b29ede232a3e94e71e2c94dd4e56c0/renegotiate -> 200 (241 ms)
06:16:44 "PUT /cf/sessions/ace3f952836dd4b879e80e1ab140d1a8e3b29ede232a3e94e71e2c94dd4e56c0/renegotiate HTTP/1.1" 200 -
06:16:44 "POST /collect HTTP/1.1" 200 -
06:16:44 CF PUT /sessions/619fa9f87a40bb2a620e78e65a7d60631c6296334cd389657dd1b631061ccef9/renegotiate -> 200 (238 ms)
06:16:44 "PUT /cf/sessions/619fa9f87a40bb2a620e78e65a7d60631c6296334cd389657dd1b631061ccef9/renegotiate HTTP/1.1" 200 -
06:16:44 "POST /collect HTTP/1.1" 200 -
06:16:45 "POST /collect HTTP/1.1" 200 -
06:16:45 "POST /collect HTTP/1.1" 200 -
06:16:45 "POST /collect HTTP/1.1" 200 -
06:16:45 "POST /collect HTTP/1.1" 200 -
06:16:45 "POST /collect HTTP/1.1" 200 -
06:16:45 "POST /collect HTTP/1.1" 200 -
06:16:45 "POST /collect HTTP/1.1" 200 -
06:16:45 "POST /collect HTTP/1.1" 200 -
06:16:45 "POST /collect HTTP/1.1" 200 -
06:16:45 "POST /collect HTTP/1.1" 200 -
06:16:46 "GET /roster HTTP/1.1" 200 -
06:16:46 "POST /collect HTTP/1.1" 200 -
06:16:46 "GET /roster HTTP/1.1" 200 -
06:16:46 "POST /collect HTTP/1.1" 200 -
06:16:46 "POST /collect HTTP/1.1" 200 -
06:16:46 "POST /collect HTTP/1.1" 200 -
06:16:46 "POST /collect HTTP/1.1" 200 -
06:16:47 "POST /collect HTTP/1.1" 200 -
06:16:47 "POST /collect HTTP/1.1" 200 -
06:16:47 "POST /collect HTTP/1.1" 200 -
06:16:47 "POST /collect HTTP/1.1" 200 -
06:16:47 "POST /collect HTTP/1.1" 200 -
06:16:47 "POST /collect HTTP/1.1" 200 -
06:16:47 "POST /collect HTTP/1.1" 200 -
06:16:47 "POST /collect HTTP/1.1" 200 -
06:16:47 "POST /collect HTTP/1.1" 200 -
06:16:47 "POST /collect HTTP/1.1" 200 -
06:16:47 "POST /collect HTTP/1.1" 200 -
06:16:47 "POST /collect HTTP/1.1" 200 -
06:16:47 "POST /collect HTTP/1.1" 200 -
06:16:47 "POST /collect HTTP/1.1" 200 -
06:16:47 "POST /collect HTTP/1.1" 200 -
06:16:47 "POST /collect HTTP/1.1" 200 -
06:16:47 "POST /collect HTTP/1.1" 200 -
06:16:47 "POST /collect HTTP/1.1" 200 -
06:16:47 "POST /collect HTTP/1.1" 200 -
06:16:47 "POST /collect HTTP/1.1" 200 -
06:16:47 "POST /collect HTTP/1.1" 200 -
06:16:48 "POST /collect HTTP/1.1" 200 -
06:16:48 "GET /roster HTTP/1.1" 200 -
06:16:48 "POST /collect HTTP/1.1" 200 -
06:16:48 "POST /collect HTTP/1.1" 200 -
06:16:48 "POST /collect HTTP/1.1" 200 -
06:16:48 "POST /collect HTTP/1.1" 200 -
06:16:48 "POST /collect HTTP/1.1" 200 -
06:16:48 "GET /roster HTTP/1.1" 200 -
06:16:48 "POST /collect HTTP/1.1" 200 -
06:16:48 "POST /collect HTTP/1.1" 200 -
06:16:48 "POST /collect HTTP/1.1" 200 -
06:16:48 "POST /collect HTTP/1.1" 200 -
06:16:48 "POST /collect HTTP/1.1" 200 -
06:16:48 "POST /collect HTTP/1.1" 200 -
06:16:48 "POST /collect HTTP/1.1" 200 -
06:16:49 "POST /collect HTTP/1.1" 200 -
06:16:49 "POST /collect HTTP/1.1" 200 -
06:16:49 "POST /collect HTTP/1.1" 200 -
06:16:50 "POST /collect HTTP/1.1" 200 -
06:16:50 "POST /collect HTTP/1.1" 200 -
06:16:50 "POST /collect HTTP/1.1" 200 -
06:16:50 "POST /collect HTTP/1.1" 200 -
06:16:50 "POST /collect HTTP/1.1" 200 -
06:16:50 "POST /collect HTTP/1.1" 200 -
06:16:50 "GET /roster HTTP/1.1" 200 -
06:16:50 "POST /collect HTTP/1.1" 200 -
06:16:50 "POST /collect HTTP/1.1" 200 -
06:16:50 "POST /collect HTTP/1.1" 200 -
06:16:50 "POST /collect HTTP/1.1" 200 -
06:16:50 "POST /collect HTTP/1.1" 200 -
06:16:50 "POST /collect HTTP/1.1" 200 -
06:16:50 "POST /collect HTTP/1.1" 200 -
06:16:50 "POST /collect HTTP/1.1" 200 -
06:16:50 "POST /collect HTTP/1.1" 200 -
06:16:50 "POST /collect HTTP/1.1" 200 -
06:16:50 "POST /collect HTTP/1.1" 200 -
06:16:50 "POST /collect HTTP/1.1" 200 -
06:16:50 "GET /roster HTTP/1.1" 200 -
06:16:50 "POST /collect HTTP/1.1" 200 -
06:16:50 "POST /collect HTTP/1.1" 200 -
06:16:50 "POST /collect HTTP/1.1" 200 -
06:16:50 "POST /collect HTTP/1.1" 200 -
06:16:50 "POST /collect HTTP/1.1" 200 -
06:16:51 "POST /collect HTTP/1.1" 200 -
06:16:51 "POST /collect HTTP/1.1" 200 -
06:16:51 "POST /collect HTTP/1.1" 200 -
06:16:51 "POST /collect HTTP/1.1" 200 -
06:16:51 "POST /collect HTTP/1.1" 200 -
06:16:51 "POST /collect HTTP/1.1" 200 -
06:16:51 "POST /collect HTTP/1.1" 200 -
06:16:51 "POST /collect HTTP/1.1" 200 -
06:16:51 "POST /collect HTTP/1.1" 200 -
06:16:51 "POST /collect HTTP/1.1" 200 -
06:16:52 "GET /roster HTTP/1.1" 200 -
06:16:52 "POST /collect HTTP/1.1" 200 -
06:16:52 "GET /roster HTTP/1.1" 200 -
06:16:52 "POST /collect HTTP/1.1" 200 -
06:16:52 "POST /collect HTTP/1.1" 200 -
06:16:52 "POST /collect HTTP/1.1" 200 -
06:16:52 "POST /collect HTTP/1.1" 200 -
06:16:53 "POST /collect HTTP/1.1" 200 -
06:16:53 "POST /collect HTTP/1.1" 200 -
06:16:53 "POST /collect HTTP/1.1" 200 -
06:16:53 "POST /collect HTTP/1.1" 200 -
06:16:53 "POST /collect HTTP/1.1" 200 -
06:16:53 "POST /collect HTTP/1.1" 200 -
06:16:53 "POST /collect HTTP/1.1" 200 -
06:16:53 "POST /collect HTTP/1.1" 200 -
06:16:53 "POST /collect HTTP/1.1" 200 -
06:16:53 "POST /collect HTTP/1.1" 200 -
06:16:53 "POST /collect HTTP/1.1" 200 -
06:16:53 "POST /collect HTTP/1.1" 200 -
06:16:53 "POST /collect HTTP/1.1" 200 -
06:16:53 "POST /collect HTTP/1.1" 200 -
06:16:53 "POST /collect HTTP/1.1" 200 -
06:16:53 "POST /collect HTTP/1.1" 200 -
06:16:53 "POST /collect HTTP/1.1" 200 -
06:16:53 "POST /collect HTTP/1.1" 200 -
06:16:53 "POST /collect HTTP/1.1" 200 -
06:16:53 "POST /collect HTTP/1.1" 200 -
06:16:53 "POST /collect HTTP/1.1" 200 -
06:16:53 "POST /collect HTTP/1.1" 200 -
06:16:54 "POST /collect HTTP/1.1" 200 -
06:16:54 "GET /roster HTTP/1.1" 200 -
06:16:54 "POST /collect HTTP/1.1" 200 -
06:16:54 "POST /collect HTTP/1.1" 200 -
06:16:54 "POST /collect HTTP/1.1" 200 -
06:16:54 "POST /collect HTTP/1.1" 200 -
06:16:54 "POST /collect HTTP/1.1" 200 -
06:16:54 "GET /roster HTTP/1.1" 200 -
06:16:54 "POST /collect HTTP/1.1" 200 -
06:16:54 "POST /collect HTTP/1.1" 200 -
06:16:54 "POST /collect HTTP/1.1" 200 -
06:16:54 "POST /collect HTTP/1.1" 200 -
06:16:54 "POST /collect HTTP/1.1" 200 -
06:16:54 "POST /collect HTTP/1.1" 200 -
06:16:55 "POST /collect HTTP/1.1" 200 -
06:16:55 "POST /collect HTTP/1.1" 200 -
06:16:55 "POST /collect HTTP/1.1" 200 -
06:16:56 "POST /collect HTTP/1.1" 200 -
06:16:56 "POST /collect HTTP/1.1" 200 -
06:16:56 "POST /collect HTTP/1.1" 200 -
06:16:56 "POST /collect HTTP/1.1" 200 -
06:16:56 "POST /collect HTTP/1.1" 200 -
06:16:56 "POST /collect HTTP/1.1" 200 -
06:16:56 "GET /roster HTTP/1.1" 200 -
06:16:56 "POST /collect HTTP/1.1" 200 -
06:16:56 "POST /collect HTTP/1.1" 200 -
06:16:56 "POST /collect HTTP/1.1" 200 -
06:16:56 "POST /collect HTTP/1.1" 200 -
06:16:56 "POST /collect HTTP/1.1" 200 -
06:16:56 "POST /collect HTTP/1.1" 200 -
06:16:56 "POST /collect HTTP/1.1" 200 -
06:16:56 "POST /collect HTTP/1.1" 200 -
06:16:56 "POST /collect HTTP/1.1" 200 -
06:16:56 "POST /collect HTTP/1.1" 200 -
06:16:56 "POST /collect HTTP/1.1" 200 -
06:16:56 "POST /collect HTTP/1.1" 200 -
06:16:56 "GET /roster HTTP/1.1" 200 -
06:16:56 "POST /collect HTTP/1.1" 200 -
06:16:56 "POST /collect HTTP/1.1" 200 -
06:16:56 "POST /collect HTTP/1.1" 200 -
06:16:56 "POST /collect HTTP/1.1" 200 -
06:16:56 "POST /collect HTTP/1.1" 200 -
06:16:57 "POST /collect HTTP/1.1" 200 -
06:16:57 "POST /collect HTTP/1.1" 200 -
06:16:57 "POST /collect HTTP/1.1" 200 -
06:16:57 "POST /collect HTTP/1.1" 200 -
06:16:57 "POST /collect HTTP/1.1" 200 -
06:16:57 "POST /collect HTTP/1.1" 200 -
06:16:57 "POST /collect HTTP/1.1" 200 -
06:16:57 "POST /collect HTTP/1.1" 200 -
06:16:57 "POST /collect HTTP/1.1" 200 -
06:16:57 "POST /collect HTTP/1.1" 200 -
06:16:58 "GET /roster HTTP/1.1" 200 -
06:16:58 "POST /collect HTTP/1.1" 200 -
06:16:58 "GET /roster HTTP/1.1" 200 -
06:16:58 "POST /collect HTTP/1.1" 200 -
06:16:58 "POST /collect HTTP/1.1" 200 -
06:16:58 "POST /collect HTTP/1.1" 200 -
06:16:58 "POST /collect HTTP/1.1" 200 -
06:16:59 "POST /collect HTTP/1.1" 200 -
06:16:59 "POST /collect HTTP/1.1" 200 -
06:16:59 "POST /collect HTTP/1.1" 200 -
06:16:59 "POST /collect HTTP/1.1" 200 -
06:16:59 "POST /collect HTTP/1.1" 200 -
06:16:59 "POST /collect HTTP/1.1" 200 -
06:16:59 "POST /collect HTTP/1.1" 200 -
06:16:59 "POST /collect HTTP/1.1" 200 -
06:16:59 "POST /collect HTTP/1.1" 200 -
06:16:59 "POST /collect HTTP/1.1" 200 -
06:16:59 "POST /collect HTTP/1.1" 200 -
06:16:59 "POST /collect HTTP/1.1" 200 -
06:16:59 "POST /collect HTTP/1.1" 200 -
06:16:59 "POST /collect HTTP/1.1" 200 -
06:16:59 "POST /collect HTTP/1.1" 200 -
06:16:59 "POST /collect HTTP/1.1" 200 -
06:16:59 "POST /collect HTTP/1.1" 200 -
06:16:59 "POST /collect HTTP/1.1" 200 -
06:16:59 "POST /collect HTTP/1.1" 200 -
06:16:59 "POST /collect HTTP/1.1" 200 -
06:16:59 "POST /collect HTTP/1.1" 200 -
06:17:00 "POST /collect HTTP/1.1" 200 -
06:17:00 "GET /roster HTTP/1.1" 200 -
06:17:00 "POST /collect HTTP/1.1" 200 -
06:17:00 "POST /collect HTTP/1.1" 200 -
06:17:00 "POST /collect HTTP/1.1" 200 -
06:17:00 "POST /collect HTTP/1.1" 200 -
06:17:00 "GET /roster HTTP/1.1" 200 -
06:17:00 "POST /collect HTTP/1.1" 200 -
06:17:00 "POST /collect HTTP/1.1" 200 -
06:17:00 "POST /collect HTTP/1.1" 200 -
06:17:00 "POST /collect HTTP/1.1" 200 -
06:17:00 "POST /collect HTTP/1.1" 200 -
06:17:00 "POST /collect HTTP/1.1" 200 -
06:17:00 "POST /collect HTTP/1.1" 200 -
06:17:01 "POST /collect HTTP/1.1" 200 -
06:17:01 "POST /collect HTTP/1.1" 200 -
06:17:01 "POST /collect HTTP/1.1" 200 -
06:17:02 "POST /collect HTTP/1.1" 200 -
06:17:02 "POST /collect HTTP/1.1" 200 -
06:17:02 "POST /collect HTTP/1.1" 200 -
06:17:02 "POST /collect HTTP/1.1" 200 -
06:17:02 "POST /collect HTTP/1.1" 200 -
06:17:02 "POST /collect HTTP/1.1" 200 -
06:17:02 "GET /roster HTTP/1.1" 200 -
06:17:02 "POST /collect HTTP/1.1" 200 -
06:17:02 "POST /collect HTTP/1.1" 200 -
06:17:02 "POST /collect HTTP/1.1" 200 -
06:17:02 "POST /collect HTTP/1.1" 200 -
06:17:02 "POST /collect HTTP/1.1" 200 -
06:17:02 "POST /collect HTTP/1.1" 200 -
06:17:02 "POST /collect HTTP/1.1" 200 -
06:17:02 "POST /collect HTTP/1.1" 200 -
06:17:02 "POST /collect HTTP/1.1" 200 -
06:17:02 "POST /collect HTTP/1.1" 200 -
06:17:02 "POST /collect HTTP/1.1" 200 -
06:17:02 "POST /collect HTTP/1.1" 200 -
06:17:02 "POST /collect HTTP/1.1" 200 -
06:17:02 "GET /roster HTTP/1.1" 200 -
06:17:02 "POST /collect HTTP/1.1" 200 -
06:17:02 "POST /collect HTTP/1.1" 200 -
06:17:02 "POST /collect HTTP/1.1" 200 -
06:17:02 "POST /collect HTTP/1.1" 200 -
06:17:03 "POST /collect HTTP/1.1" 200 -
06:17:03 "POST /collect HTTP/1.1" 200 -
06:17:03 "POST /collect HTTP/1.1" 200 -
06:17:03 "POST /collect HTTP/1.1" 200 -
06:17:03 "POST /collect HTTP/1.1" 200 -
06:17:03 "POST /collect HTTP/1.1" 200 -
06:17:03 "POST /collect HTTP/1.1" 200 -
06:17:03 "POST /collect HTTP/1.1" 200 -
06:17:03 "POST /collect HTTP/1.1" 200 -
06:17:03 "POST /collect HTTP/1.1" 200 -
06:17:04 "GET /roster HTTP/1.1" 200 -
06:17:04 "POST /collect HTTP/1.1" 200 -
06:17:04 "GET /roster HTTP/1.1" 200 -
06:17:04 "POST /collect HTTP/1.1" 200 -
06:17:04 "POST /collect HTTP/1.1" 200 -
06:17:04 "POST /collect HTTP/1.1" 200 -
06:17:04 "POST /collect HTTP/1.1" 200 -
06:17:05 "POST /collect HTTP/1.1" 200 -
06:17:05 "POST /collect HTTP/1.1" 200 -
06:17:05 "POST /collect HTTP/1.1" 200 -
06:17:05 "POST /collect HTTP/1.1" 200 -
06:17:05 "POST /collect HTTP/1.1" 200 -
06:17:05 "POST /collect HTTP/1.1" 200 -
06:17:05 "POST /collect HTTP/1.1" 200 -
06:17:05 "POST /collect HTTP/1.1" 200 -
06:17:05 "POST /collect HTTP/1.1" 200 -
06:17:05 "POST /collect HTTP/1.1" 200 -
06:17:05 "POST /collect HTTP/1.1" 200 -
06:17:05 "POST /collect HTTP/1.1" 200 -
06:17:05 "POST /collect HTTP/1.1" 200 -
06:17:05 "POST /collect HTTP/1.1" 200 -
06:17:05 "POST /collect HTTP/1.1" 200 -
06:17:05 "POST /collect HTTP/1.1" 200 -
06:17:05 "POST /collect HTTP/1.1" 200 -
06:17:05 "POST /collect HTTP/1.1" 200 -
06:17:05 "POST /collect HTTP/1.1" 200 -
06:17:05 "POST /collect HTTP/1.1" 200 -
06:17:05 "POST /collect HTTP/1.1" 200 -
06:17:06 "POST /collect HTTP/1.1" 200 -
06:17:06 "GET /roster HTTP/1.1" 200 -
06:17:06 "POST /collect HTTP/1.1" 200 -
06:17:06 "POST /collect HTTP/1.1" 200 -
06:17:06 "POST /collect HTTP/1.1" 200 -
06:17:06 "POST /collect HTTP/1.1" 200 -
06:17:06 "GET /roster HTTP/1.1" 200 -
06:17:06 "POST /collect HTTP/1.1" 200 -
06:17:06 "POST /collect HTTP/1.1" 200 -
06:17:06 "POST /collect HTTP/1.1" 200 -
06:17:06 "POST /collect HTTP/1.1" 200 -
06:17:06 "POST /collect HTTP/1.1" 200 -
06:17:06 "POST /collect HTTP/1.1" 200 -
06:17:06 "POST /collect HTTP/1.1" 200 -
06:17:07 "POST /collect HTTP/1.1" 200 -
06:17:07 "POST /collect HTTP/1.1" 200 -
06:17:07 "POST /collect HTTP/1.1" 200 -
06:17:08 "POST /collect HTTP/1.1" 200 -
06:17:08 "POST /collect HTTP/1.1" 200 -
06:17:08 "POST /collect HTTP/1.1" 200 -
06:17:08 "POST /collect HTTP/1.1" 200 -
06:17:08 "POST /collect HTTP/1.1" 200 -
06:17:08 "POST /collect HTTP/1.1" 200 -
06:17:08 "GET /roster HTTP/1.1" 200 -
06:17:08 "POST /collect HTTP/1.1" 200 -
06:17:08 "POST /collect HTTP/1.1" 200 -
06:17:08 "POST /collect HTTP/1.1" 200 -
06:17:08 "POST /collect HTTP/1.1" 200 -
06:17:08 "POST /collect HTTP/1.1" 200 -
06:17:08 "POST /collect HTTP/1.1" 200 -
06:17:08 "POST /collect HTTP/1.1" 200 -
06:17:08 "GET /roster HTTP/1.1" 200 -
06:17:08 "POST /collect HTTP/1.1" 200 -
06:17:08 "POST /collect HTTP/1.1" 200 -
06:17:08 "POST /collect HTTP/1.1" 200 -
06:17:08 "POST /collect HTTP/1.1" 200 -
06:17:08 "POST /collect HTTP/1.1" 200 -
06:17:08 "POST /collect HTTP/1.1" 200 -
06:17:08 "POST /collect HTTP/1.1" 200 -
06:17:08 "POST /collect HTTP/1.1" 200 -
06:17:08 "POST /collect HTTP/1.1" 200 -
06:17:08 "POST /collect HTTP/1.1" 200 -
06:17:08 "POST /collect HTTP/1.1" 200 -
06:17:09 "POST /collect HTTP/1.1" 200 -
06:17:09 "POST /collect HTTP/1.1" 200 -
06:17:09 "POST /collect HTTP/1.1" 200 -
06:17:09 "POST /collect HTTP/1.1" 200 -
06:17:09 "POST /collect HTTP/1.1" 200 -
06:17:09 "POST /collect HTTP/1.1" 200 -
06:17:09 "POST /collect HTTP/1.1" 200 -
06:17:09 "POST /collect HTTP/1.1" 200 -
06:17:09 "POST /collect HTTP/1.1" 200 -
06:17:09 "POST /collect HTTP/1.1" 200 -
06:17:10 "GET /roster HTTP/1.1" 200 -
06:17:10 "POST /collect HTTP/1.1" 200 -
06:17:10 "GET /roster HTTP/1.1" 200 -
06:17:10 "POST /collect HTTP/1.1" 200 -
06:17:10 "POST /collect HTTP/1.1" 200 -
06:17:10 "POST /collect HTTP/1.1" 200 -
06:17:10 "POST /collect HTTP/1.1" 200 -
06:17:11 "POST /collect HTTP/1.1" 200 -
06:17:11 "POST /collect HTTP/1.1" 200 -
06:17:11 "POST /collect HTTP/1.1" 200 -
06:17:11 "POST /collect HTTP/1.1" 200 -
06:17:11 "POST /collect HTTP/1.1" 200 -
06:17:11 "POST /collect HTTP/1.1" 200 -
06:17:11 "POST /collect HTTP/1.1" 200 -
06:17:11 "POST /collect HTTP/1.1" 200 -
06:17:11 "POST /collect HTTP/1.1" 200 -
06:17:11 "POST /collect HTTP/1.1" 200 -
06:17:11 "POST /collect HTTP/1.1" 200 -
06:17:11 "POST /collect HTTP/1.1" 200 -
06:17:11 "POST /collect HTTP/1.1" 200 -
06:17:11 "POST /collect HTTP/1.1" 200 -
06:17:11 "POST /collect HTTP/1.1" 200 -
06:17:11 "POST /collect HTTP/1.1" 200 -
06:17:11 "POST /collect HTTP/1.1" 200 -
06:17:11 "POST /collect HTTP/1.1" 200 -
06:17:11 "POST /collect HTTP/1.1" 200 -
06:17:11 "POST /collect HTTP/1.1" 200 -
06:17:11 "POST /collect HTTP/1.1" 200 -
06:17:12 "POST /collect HTTP/1.1" 200 -
06:17:12 "GET /roster HTTP/1.1" 200 -
06:17:12 "POST /collect HTTP/1.1" 200 -
06:17:12 "POST /collect HTTP/1.1" 200 -
06:17:12 "POST /collect HTTP/1.1" 200 -
06:17:12 "POST /collect HTTP/1.1" 200 -
06:17:12 "GET /roster HTTP/1.1" 200 -
06:17:12 "POST /collect HTTP/1.1" 200 -
06:17:12 "POST /collect HTTP/1.1" 200 -
06:17:12 "POST /collect HTTP/1.1" 200 -
06:17:12 "POST /collect HTTP/1.1" 200 -
06:17:12 "POST /collect HTTP/1.1" 200 -
06:17:12 "POST /collect HTTP/1.1" 200 -
06:17:12 "POST /collect HTTP/1.1" 200 -
06:17:13 "POST /collect HTTP/1.1" 200 -
06:17:13 "POST /collect HTTP/1.1" 200 -
06:17:13 "POST /collect HTTP/1.1" 200 -
06:17:14 "POST /collect HTTP/1.1" 200 -
06:17:14 "POST /collect HTTP/1.1" 200 -
06:17:14 "POST /collect HTTP/1.1" 200 -
06:17:14 "POST /collect HTTP/1.1" 200 -
06:17:14 "POST /collect HTTP/1.1" 200 -
06:17:14 "POST /collect HTTP/1.1" 200 -
06:17:14 "GET /roster HTTP/1.1" 200 -
06:17:14 "POST /collect HTTP/1.1" 200 -
06:17:14 "POST /collect HTTP/1.1" 200 -
06:17:14 "POST /collect HTTP/1.1" 200 -
06:17:14 "POST /collect HTTP/1.1" 200 -
06:17:14 "POST /collect HTTP/1.1" 200 -
06:17:14 "POST /collect HTTP/1.1" 200 -
06:17:14 "POST /collect HTTP/1.1" 200 -
06:17:14 "GET /roster HTTP/1.1" 200 -
06:17:14 "POST /collect HTTP/1.1" 200 -
06:17:14 "POST /collect HTTP/1.1" 200 -
06:17:14 "POST /collect HTTP/1.1" 200 -
06:17:14 "POST /collect HTTP/1.1" 200 -
06:17:14 "POST /collect HTTP/1.1" 200 -
06:17:14 "POST /collect HTTP/1.1" 200 -
06:17:14 "POST /collect HTTP/1.1" 200 -
06:17:14 "POST /collect HTTP/1.1" 200 -
06:17:14 "POST /collect HTTP/1.1" 200 -
06:17:14 "POST /collect HTTP/1.1" 200 -
06:17:15 "POST /collect HTTP/1.1" 200 -
06:17:15 "POST /collect HTTP/1.1" 200 -
06:17:15 "POST /collect HTTP/1.1" 200 -
06:17:15 "POST /collect HTTP/1.1" 200 -
06:17:15 "POST /collect HTTP/1.1" 200 -
06:17:15 "POST /collect HTTP/1.1" 200 -
06:17:15 "POST /collect HTTP/1.1" 200 -
06:17:15 "POST /collect HTTP/1.1" 200 -
06:17:15 "POST /collect HTTP/1.1" 200 -
06:17:15 "POST /collect HTTP/1.1" 200 -
06:17:16 "GET /roster HTTP/1.1" 200 -
06:17:16 "POST /collect HTTP/1.1" 200 -
06:17:16 "GET /roster HTTP/1.1" 200 -
06:17:16 "POST /collect HTTP/1.1" 200 -
06:17:16 "POST /collect HTTP/1.1" 200 -
06:17:16 "POST /collect HTTP/1.1" 200 -
06:17:16 "POST /collect HTTP/1.1" 200 -
06:17:17 "POST /collect HTTP/1.1" 200 -
06:17:17 "POST /collect HTTP/1.1" 200 -
06:17:17 "POST /collect HTTP/1.1" 200 -
06:17:17 "POST /collect HTTP/1.1" 200 -
06:17:17 "POST /collect HTTP/1.1" 200 -
06:17:17 "POST /collect HTTP/1.1" 200 -
06:17:17 "POST /collect HTTP/1.1" 200 -
06:17:17 "POST /collect HTTP/1.1" 200 -
06:17:17 "POST /collect HTTP/1.1" 200 -
06:17:17 "POST /collect HTTP/1.1" 200 -
06:17:17 "POST /collect HTTP/1.1" 200 -
06:17:17 "POST /collect HTTP/1.1" 200 -
06:17:17 "POST /collect HTTP/1.1" 200 -
06:17:17 "POST /collect HTTP/1.1" 200 -
06:17:17 "POST /collect HTTP/1.1" 200 -
06:17:17 "POST /collect HTTP/1.1" 200 -
06:17:17 "POST /collect HTTP/1.1" 200 -
06:17:17 "POST /collect HTTP/1.1" 200 -
06:17:17 "POST /collect HTTP/1.1" 200 -
06:17:17 "POST /collect HTTP/1.1" 200 -
06:17:17 "POST /collect HTTP/1.1" 200 -
06:17:18 "POST /collect HTTP/1.1" 200 -
06:17:18 "GET /roster HTTP/1.1" 200 -
06:17:18 "POST /collect HTTP/1.1" 200 -
06:17:18 "POST /collect HTTP/1.1" 200 -
06:17:18 "POST /collect HTTP/1.1" 200 -
06:17:18 "POST /collect HTTP/1.1" 200 -
06:17:18 "GET /roster HTTP/1.1" 200 -
06:17:18 "POST /collect HTTP/1.1" 200 -
06:17:18 "POST /collect HTTP/1.1" 200 -
06:17:18 "POST /collect HTTP/1.1" 200 -
06:17:18 "POST /collect HTTP/1.1" 200 -
06:17:18 "POST /collect HTTP/1.1" 200 -
06:17:18 "POST /collect HTTP/1.1" 200 -
06:17:18 "POST /collect HTTP/1.1" 200 -
06:17:19 "POST /collect HTTP/1.1" 200 -
06:17:19 "POST /collect HTTP/1.1" 200 -
06:17:19 "POST /collect HTTP/1.1" 200 -
06:17:20 "POST /collect HTTP/1.1" 200 -
06:17:20 "POST /collect HTTP/1.1" 200 -
06:17:20 "POST /collect HTTP/1.1" 200 -
06:17:20 "POST /collect HTTP/1.1" 200 -
06:17:20 "POST /collect HTTP/1.1" 200 -
06:17:20 "POST /collect HTTP/1.1" 200 -
06:17:20 "GET /roster HTTP/1.1" 200 -
06:17:20 "POST /collect HTTP/1.1" 200 -
06:17:20 "POST /collect HTTP/1.1" 200 -
06:17:20 "POST /collect HTTP/1.1" 200 -
06:17:20 "POST /collect HTTP/1.1" 200 -
06:17:20 "POST /collect HTTP/1.1" 200 -
06:17:20 "POST /collect HTTP/1.1" 200 -
06:17:20 "POST /collect HTTP/1.1" 200 -
06:17:20 "GET /roster HTTP/1.1" 200 -
06:17:20 "POST /collect HTTP/1.1" 200 -
06:17:20 "POST /collect HTTP/1.1" 200 -
06:17:20 "POST /collect HTTP/1.1" 200 -
06:17:20 "POST /collect HTTP/1.1" 200 -
06:17:20 "POST /collect HTTP/1.1" 200 -
06:17:20 "POST /collect HTTP/1.1" 200 -
06:17:20 "POST /collect HTTP/1.1" 200 -
06:17:20 "POST /collect HTTP/1.1" 200 -
06:17:20 "POST /collect HTTP/1.1" 200 -
06:17:20 "POST /collect HTTP/1.1" 200 -
06:17:21 "POST /collect HTTP/1.1" 200 -
06:17:21 "POST /collect HTTP/1.1" 200 -
06:17:21 "POST /collect HTTP/1.1" 200 -
06:17:21 "POST /collect HTTP/1.1" 200 -
06:17:21 "POST /collect HTTP/1.1" 200 -
06:17:21 "POST /collect HTTP/1.1" 200 -
06:17:21 "POST /collect HTTP/1.1" 200 -
06:17:21 "POST /collect HTTP/1.1" 200 -
06:17:21 "POST /collect HTTP/1.1" 200 -
06:17:21 "POST /collect HTTP/1.1" 200 -
06:17:22 "GET /roster HTTP/1.1" 200 -
06:17:22 "POST /collect HTTP/1.1" 200 -
06:17:22 "GET /roster HTTP/1.1" 200 -
06:17:22 "POST /collect HTTP/1.1" 200 -
06:17:22 "POST /collect HTTP/1.1" 200 -
06:17:22 "POST /collect HTTP/1.1" 200 -
06:17:22 "POST /collect HTTP/1.1" 200 -
06:17:23 "POST /collect HTTP/1.1" 200 -
06:17:23 "POST /collect HTTP/1.1" 200 -
06:17:23 "POST /collect HTTP/1.1" 200 -
06:17:23 "POST /collect HTTP/1.1" 200 -
06:17:23 "POST /collect HTTP/1.1" 200 -
06:17:23 "POST /collect HTTP/1.1" 200 -
06:17:23 "POST /collect HTTP/1.1" 200 -
06:17:23 "POST /collect HTTP/1.1" 200 -
06:17:23 "POST /collect HTTP/1.1" 200 -
06:17:23 "POST /collect HTTP/1.1" 200 -
06:17:23 "POST /collect HTTP/1.1" 200 -
06:17:23 "POST /collect HTTP/1.1" 200 -
06:17:23 "POST /collect HTTP/1.1" 200 -
06:17:23 "POST /collect HTTP/1.1" 200 -
06:17:23 "POST /collect HTTP/1.1" 200 -
06:17:23 "POST /collect HTTP/1.1" 200 -
06:17:23 "POST /collect HTTP/1.1" 200 -
06:17:23 "POST /collect HTTP/1.1" 200 -
06:17:23 "POST /collect HTTP/1.1" 200 -
06:17:23 "POST /collect HTTP/1.1" 200 -
06:17:23 "POST /collect HTTP/1.1" 200 -
06:17:24 "POST /collect HTTP/1.1" 200 -
06:17:24 "POST /collect HTTP/1.1" 200 -
06:17:24 "GET /roster HTTP/1.1" 200 -
06:17:24 "POST /collect HTTP/1.1" 200 -
06:17:24 "POST /collect HTTP/1.1" 200 -
06:17:24 "POST /collect HTTP/1.1" 200 -
06:17:24 "POST /collect HTTP/1.1" 200 -
06:17:24 "GET /roster HTTP/1.1" 200 -
06:17:24 "POST /collect HTTP/1.1" 200 -
06:17:24 "POST /collect HTTP/1.1" 200 -
06:17:24 "POST /collect HTTP/1.1" 200 -
06:17:24 "POST /collect HTTP/1.1" 200 -
06:17:24 "POST /collect HTTP/1.1" 200 -
06:17:24 "POST /collect HTTP/1.1" 200 -
06:17:24 "POST /collect HTTP/1.1" 200 -
06:17:25 "POST /collect HTTP/1.1" 200 -
06:17:25 "POST /collect HTTP/1.1" 200 -
06:17:25 "POST /collect HTTP/1.1" 200 -
06:17:26 "POST /collect HTTP/1.1" 200 -
06:17:26 "POST /collect HTTP/1.1" 200 -
06:17:26 "POST /collect HTTP/1.1" 200 -
06:17:26 "POST /collect HTTP/1.1" 200 -
06:17:26 "POST /collect HTTP/1.1" 200 -
06:17:26 "POST /collect HTTP/1.1" 200 -
06:17:26 "GET /roster HTTP/1.1" 200 -
06:17:26 "POST /collect HTTP/1.1" 200 -
06:17:26 "POST /collect HTTP/1.1" 200 -
06:17:26 "POST /collect HTTP/1.1" 200 -
06:17:26 "POST /collect HTTP/1.1" 200 -
06:17:26 "POST /collect HTTP/1.1" 200 -
06:17:26 "POST /collect HTTP/1.1" 200 -
06:17:26 "POST /collect HTTP/1.1" 200 -
06:17:26 "GET /roster HTTP/1.1" 200 -
06:17:26 "POST /collect HTTP/1.1" 200 -
06:17:26 "POST /collect HTTP/1.1" 200 -
06:17:26 "POST /collect HTTP/1.1" 200 -
06:17:26 "POST /collect HTTP/1.1" 200 -
06:17:26 "POST /collect HTTP/1.1" 200 -
06:17:26 "POST /collect HTTP/1.1" 200 -
06:17:26 "POST /collect HTTP/1.1" 200 -
06:17:26 "POST /collect HTTP/1.1" 200 -
06:17:26 "POST /collect HTTP/1.1" 200 -
06:17:26 "POST /collect HTTP/1.1" 200 -
06:17:27 "POST /collect HTTP/1.1" 200 -
06:17:27 "POST /collect HTTP/1.1" 200 -
06:17:27 "POST /collect HTTP/1.1" 200 -
06:17:27 "POST /collect HTTP/1.1" 200 -
06:17:27 "POST /collect HTTP/1.1" 200 -
06:17:27 "POST /collect HTTP/1.1" 200 -
06:17:27 "POST /collect HTTP/1.1" 200 -
06:17:27 "POST /collect HTTP/1.1" 200 -
06:17:27 "POST /collect HTTP/1.1" 200 -
06:17:27 "POST /collect HTTP/1.1" 200 -
06:17:28 "GET /roster HTTP/1.1" 200 -
06:17:28 "POST /collect HTTP/1.1" 200 -
06:17:28 "GET /roster HTTP/1.1" 200 -
06:17:28 "POST /collect HTTP/1.1" 200 -
06:17:28 "POST /collect HTTP/1.1" 200 -
06:17:28 "POST /collect HTTP/1.1" 200 -
06:17:28 "POST /collect HTTP/1.1" 200 -
06:17:29 "POST /collect HTTP/1.1" 200 -
06:17:29 "POST /collect HTTP/1.1" 200 -
06:17:29 "POST /collect HTTP/1.1" 200 -
06:17:29 "POST /collect HTTP/1.1" 200 -
06:17:29 "POST /collect HTTP/1.1" 200 -
06:17:29 "POST /collect HTTP/1.1" 200 -
06:17:29 "POST /collect HTTP/1.1" 200 -
06:17:29 "POST /collect HTTP/1.1" 200 -
06:17:29 "POST /collect HTTP/1.1" 200 -
06:17:29 "POST /collect HTTP/1.1" 200 -
06:17:29 "POST /collect HTTP/1.1" 200 -
06:17:29 "POST /collect HTTP/1.1" 200 -
06:17:29 "POST /collect HTTP/1.1" 200 -
06:17:29 "POST /collect HTTP/1.1" 200 -
06:17:29 "POST /collect HTTP/1.1" 200 -
06:17:29 "POST /collect HTTP/1.1" 200 -
06:17:29 "POST /collect HTTP/1.1" 200 -
06:17:29 "POST /collect HTTP/1.1" 200 -
06:17:29 "POST /collect HTTP/1.1" 200 -
06:17:29 "POST /collect HTTP/1.1" 200 -
06:17:29 "POST /collect HTTP/1.1" 200 -
06:17:30 "POST /collect HTTP/1.1" 200 -
06:17:30 "GET /roster HTTP/1.1" 200 -
06:17:30 "POST /collect HTTP/1.1" 200 -
06:17:30 "POST /collect HTTP/1.1" 200 -
06:17:30 "POST /collect HTTP/1.1" 200 -
06:17:30 "POST /collect HTTP/1.1" 200 -
06:17:30 "POST /collect HTTP/1.1" 200 -
06:17:30 "GET /roster HTTP/1.1" 200 -
06:17:30 "POST /collect HTTP/1.1" 200 -
06:17:30 "POST /collect HTTP/1.1" 200 -
06:17:30 "POST /collect HTTP/1.1" 200 -
06:17:30 "POST /collect HTTP/1.1" 200 -
06:17:30 "POST /collect HTTP/1.1" 200 -
06:17:30 "POST /collect HTTP/1.1" 200 -
06:17:31 "POST /collect HTTP/1.1" 200 -
06:17:31 "POST /collect HTTP/1.1" 200 -
06:17:31 "POST /collect HTTP/1.1" 200 -
06:17:32 "POST /collect HTTP/1.1" 200 -
06:17:32 "POST /collect HTTP/1.1" 200 -
06:17:32 "POST /collect HTTP/1.1" 200 -
06:17:32 "POST /collect HTTP/1.1" 200 -
06:17:32 "POST /collect HTTP/1.1" 200 -
06:17:32 "POST /collect HTTP/1.1" 200 -
06:17:32 "GET /roster HTTP/1.1" 200 -
06:17:32 "POST /collect HTTP/1.1" 200 -
06:17:32 "POST /collect HTTP/1.1" 200 -
06:17:32 "POST /collect HTTP/1.1" 200 -
06:17:32 "POST /collect HTTP/1.1" 200 -
06:17:32 "POST /collect HTTP/1.1" 200 -
06:17:32 "POST /collect HTTP/1.1" 200 -
06:17:32 "POST /collect HTTP/1.1" 200 -
06:17:32 "POST /collect HTTP/1.1" 200 -
06:17:32 "POST /collect HTTP/1.1" 200 -
06:17:32 "POST /collect HTTP/1.1" 200 -
06:17:32 "POST /collect HTTP/1.1" 200 -
06:17:32 "POST /collect HTTP/1.1" 200 -
06:17:32 "GET /roster HTTP/1.1" 200 -
06:17:32 "POST /collect HTTP/1.1" 200 -
06:17:32 "POST /collect HTTP/1.1" 200 -
06:17:32 "POST /collect HTTP/1.1" 200 -
06:17:32 "POST /collect HTTP/1.1" 200 -
06:17:32 "POST /collect HTTP/1.1" 200 -
06:17:33 "POST /collect HTTP/1.1" 200 -
06:17:33 "POST /collect HTTP/1.1" 200 -
06:17:33 "POST /collect HTTP/1.1" 200 -
06:17:33 "POST /collect HTTP/1.1" 200 -
06:17:33 "POST /collect HTTP/1.1" 200 -
06:17:33 "POST /collect HTTP/1.1" 200 -
06:17:33 "POST /collect HTTP/1.1" 200 -
06:17:33 "POST /collect HTTP/1.1" 200 -
06:17:33 "POST /collect HTTP/1.1" 200 -
06:17:33 "POST /collect HTTP/1.1" 200 -
06:17:34 "GET /roster HTTP/1.1" 200 -
06:17:34 "POST /collect HTTP/1.1" 200 -
06:17:34 "GET /roster HTTP/1.1" 200 -
06:17:34 "POST /collect HTTP/1.1" 200 -
06:17:34 "POST /collect HTTP/1.1" 200 -
06:17:34 "POST /collect HTTP/1.1" 200 -
06:17:34 "POST /collect HTTP/1.1" 200 -
06:17:35 "POST /collect HTTP/1.1" 200 -
06:17:35 "POST /collect HTTP/1.1" 200 -
06:17:35 "POST /collect HTTP/1.1" 200 -
06:17:35 "POST /collect HTTP/1.1" 200 -
06:17:35 "POST /collect HTTP/1.1" 200 -
06:17:35 "POST /collect HTTP/1.1" 200 -
06:17:35 "POST /collect HTTP/1.1" 200 -
06:17:35 "POST /collect HTTP/1.1" 200 -
06:17:35 "POST /collect HTTP/1.1" 200 -
06:17:35 "POST /collect HTTP/1.1" 200 -
06:17:35 "POST /collect HTTP/1.1" 200 -
06:17:35 "POST /collect HTTP/1.1" 200 -
06:17:35 "POST /collect HTTP/1.1" 200 -
06:17:35 "POST /collect HTTP/1.1" 200 -
06:17:35 "POST /collect HTTP/1.1" 200 -
06:17:35 "POST /collect HTTP/1.1" 200 -
06:17:35 "POST /collect HTTP/1.1" 200 -
06:17:35 "POST /collect HTTP/1.1" 200 -
06:17:35 "POST /collect HTTP/1.1" 200 -
06:17:35 "POST /collect HTTP/1.1" 200 -
06:17:35 "POST /collect HTTP/1.1" 200 -
06:17:36 "POST /collect HTTP/1.1" 200 -
06:17:36 "GET /roster HTTP/1.1" 200 -
06:17:36 "POST /collect HTTP/1.1" 200 -
06:17:36 "POST /collect HTTP/1.1" 200 -
06:17:36 "POST /collect HTTP/1.1" 200 -
06:17:36 "POST /collect HTTP/1.1" 200 -
06:17:36 "POST /collect HTTP/1.1" 200 -
06:17:36 "GET /roster HTTP/1.1" 200 -
06:17:36 "POST /collect HTTP/1.1" 200 -
06:17:36 "POST /collect HTTP/1.1" 200 -
06:17:36 "POST /collect HTTP/1.1" 200 -
06:17:36 "POST /collect HTTP/1.1" 200 -
06:17:36 "POST /collect HTTP/1.1" 200 -
06:17:36 "POST /collect HTTP/1.1" 200 -
06:17:37 "POST /collect HTTP/1.1" 200 -
06:17:37 "POST /collect HTTP/1.1" 200 -
06:17:37 "POST /collect HTTP/1.1" 200 -
06:17:38 "POST /collect HTTP/1.1" 200 -
06:17:38 "POST /collect HTTP/1.1" 200 -
06:17:38 "POST /collect HTTP/1.1" 200 -
06:17:38 "POST /collect HTTP/1.1" 200 -
06:17:38 "POST /collect HTTP/1.1" 200 -
06:17:38 "POST /collect HTTP/1.1" 200 -
06:17:38 "GET /roster HTTP/1.1" 200 -
06:17:38 "POST /collect HTTP/1.1" 200 -
06:17:38 "POST /collect HTTP/1.1" 200 -
06:17:38 "POST /collect HTTP/1.1" 200 -
06:17:38 "POST /collect HTTP/1.1" 200 -
06:17:38 "POST /collect HTTP/1.1" 200 -
06:17:38 "POST /collect HTTP/1.1" 200 -
06:17:38 "POST /collect HTTP/1.1" 200 -
06:17:38 "POST /collect HTTP/1.1" 200 -
06:17:38 "POST /collect HTTP/1.1" 200 -
06:17:38 "POST /collect HTTP/1.1" 200 -
06:17:38 "POST /collect HTTP/1.1" 200 -
06:17:38 "POST /collect HTTP/1.1" 200 -
06:17:38 "POST /collect HTTP/1.1" 200 -
06:17:38 "GET /roster HTTP/1.1" 200 -
06:17:38 "POST /collect HTTP/1.1" 200 -
06:17:38 "POST /collect HTTP/1.1" 200 -
06:17:38 "POST /collect HTTP/1.1" 200 -
06:17:38 "POST /collect HTTP/1.1" 200 -
06:17:39 "POST /collect HTTP/1.1" 200 -
06:17:39 "POST /collect HTTP/1.1" 200 -
06:17:39 "POST /collect HTTP/1.1" 200 -
06:17:39 "POST /collect HTTP/1.1" 200 -
06:17:39 "POST /collect HTTP/1.1" 200 -
06:17:39 "POST /collect HTTP/1.1" 200 -
06:17:39 "POST /collect HTTP/1.1" 200 -
06:17:39 "POST /collect HTTP/1.1" 200 -
06:17:39 "POST /collect HTTP/1.1" 200 -
06:17:39 "POST /collect HTTP/1.1" 200 -
06:17:39 "POST /collect HTTP/1.1" 200 -
06:17:40 "GET /roster HTTP/1.1" 200 -
06:17:40 "POST /collect HTTP/1.1" 200 -
06:17:40 "GET /roster HTTP/1.1" 200 -
06:17:40 "POST /collect HTTP/1.1" 200 -
06:17:40 "POST /collect HTTP/1.1" 200 -
06:17:40 "POST /collect HTTP/1.1" 200 -
06:17:40 "POST /collect HTTP/1.1" 200 -
06:17:41 "POST /collect HTTP/1.1" 200 -
06:17:41 "POST /collect HTTP/1.1" 200 -
06:17:41 "POST /collect HTTP/1.1" 200 -
06:17:41 "POST /collect HTTP/1.1" 200 -
06:17:41 "POST /collect HTTP/1.1" 200 -
06:17:41 "POST /collect HTTP/1.1" 200 -
06:17:41 "POST /collect HTTP/1.1" 200 -
06:17:41 "POST /collect HTTP/1.1" 200 -
06:17:41 "POST /collect HTTP/1.1" 200 -
06:17:41 "POST /collect HTTP/1.1" 200 -
06:17:41 "POST /collect HTTP/1.1" 200 -
06:17:41 "POST /collect HTTP/1.1" 200 -
06:17:41 "POST /collect HTTP/1.1" 200 -
06:17:41 "POST /collect HTTP/1.1" 200 -
06:17:41 "POST /collect HTTP/1.1" 200 -
06:17:41 "POST /collect HTTP/1.1" 200 -
06:17:41 "POST /collect HTTP/1.1" 200 -
06:17:41 "POST /collect HTTP/1.1" 200 -
06:17:41 "POST /collect HTTP/1.1" 200 -
06:17:41 "POST /collect HTTP/1.1" 200 -
06:17:41 "POST /collect HTTP/1.1" 200 -
06:17:42 "POST /collect HTTP/1.1" 200 -
06:17:42 "POST /collect HTTP/1.1" 200 -
06:17:42 "GET /roster HTTP/1.1" 200 -
06:17:42 "POST /collect HTTP/1.1" 200 -
06:17:42 "POST /collect HTTP/1.1" 200 -
06:17:42 "POST /collect HTTP/1.1" 200 -
06:17:42 "GET /roster HTTP/1.1" 200 -
06:17:42 "POST /collect HTTP/1.1" 200 -
06:17:42 "POST /collect HTTP/1.1" 200 -
06:17:42 "POST /collect HTTP/1.1" 200 -
06:17:42 "POST /collect HTTP/1.1" 200 -
06:17:42 "POST /collect HTTP/1.1" 200 -
06:17:42 "POST /collect HTTP/1.1" 200 -
06:17:42 "POST /collect HTTP/1.1" 200 -
06:17:43 "POST /collect HTTP/1.1" 200 -
06:17:43 "POST /collect HTTP/1.1" 200 -
06:17:43 "POST /collect HTTP/1.1" 200 -
06:17:44 "POST /collect HTTP/1.1" 200 -
06:17:44 "POST /collect HTTP/1.1" 200 -
06:17:44 "POST /collect HTTP/1.1" 200 -
06:17:44 "POST /collect HTTP/1.1" 200 -
06:17:44 "POST /collect HTTP/1.1" 200 -
06:17:44 "POST /collect HTTP/1.1" 200 -
06:17:44 "GET /roster HTTP/1.1" 200 -
06:17:44 "POST /collect HTTP/1.1" 200 -
06:17:44 "POST /collect HTTP/1.1" 200 -
06:17:44 "POST /collect HTTP/1.1" 200 -
06:17:44 "POST /collect HTTP/1.1" 200 -
06:17:44 "POST /collect HTTP/1.1" 200 -
06:17:44 "POST /collect HTTP/1.1" 200 -
06:17:44 "POST /collect HTTP/1.1" 200 -
06:17:44 "GET /roster HTTP/1.1" 200 -
06:17:44 "POST /collect HTTP/1.1" 200 -
06:17:44 "POST /collect HTTP/1.1" 200 -
06:17:44 "POST /collect HTTP/1.1" 200 -
06:17:44 "POST /collect HTTP/1.1" 200 -
06:17:44 "POST /collect HTTP/1.1" 200 -
06:17:44 "POST /collect HTTP/1.1" 200 -
06:17:44 "POST /collect HTTP/1.1" 200 -
06:17:44 "POST /collect HTTP/1.1" 200 -
06:17:44 "POST /collect HTTP/1.1" 200 -
06:17:44 "POST /collect HTTP/1.1" 200 -
06:17:45 "POST /collect HTTP/1.1" 200 -
06:17:45 "POST /collect HTTP/1.1" 200 -
06:17:45 "POST /collect HTTP/1.1" 200 -
06:17:45 "POST /collect HTTP/1.1" 200 -
06:17:45 "POST /collect HTTP/1.1" 200 -
06:17:45 "POST /collect HTTP/1.1" 200 -
06:17:45 "POST /collect HTTP/1.1" 200 -
06:17:45 "POST /collect HTTP/1.1" 200 -
06:17:45 "POST /collect HTTP/1.1" 200 -
06:17:45 "POST /collect HTTP/1.1" 200 -
06:17:46 "GET /roster HTTP/1.1" 200 -
06:17:46 "POST /collect HTTP/1.1" 200 -
06:17:46 "GET /roster HTTP/1.1" 200 -
06:17:46 "POST /collect HTTP/1.1" 200 -
06:17:46 "POST /collect HTTP/1.1" 200 -
06:17:46 "POST /collect HTTP/1.1" 200 -
06:17:46 "POST /collect HTTP/1.1" 200 -
06:17:47 "POST /collect HTTP/1.1" 200 -
06:17:47 "POST /collect HTTP/1.1" 200 -
06:17:47 "POST /collect HTTP/1.1" 200 -
06:17:47 "POST /collect HTTP/1.1" 200 -
06:17:47 "POST /collect HTTP/1.1" 200 -
06:17:47 "POST /collect HTTP/1.1" 200 -
06:17:47 "POST /collect HTTP/1.1" 200 -
06:17:47 "POST /collect HTTP/1.1" 200 -
06:17:47 "POST /collect HTTP/1.1" 200 -
06:17:47 "POST /collect HTTP/1.1" 200 -
06:17:47 "POST /collect HTTP/1.1" 200 -
06:17:47 "POST /collect HTTP/1.1" 200 -
06:17:47 "POST /collect HTTP/1.1" 200 -
06:17:47 "POST /collect HTTP/1.1" 200 -
06:17:47 "POST /collect HTTP/1.1" 200 -
06:17:47 "POST /collect HTTP/1.1" 200 -
06:17:47 "POST /collect HTTP/1.1" 200 -
06:17:47 "POST /collect HTTP/1.1" 200 -
06:17:47 "POST /collect HTTP/1.1" 200 -
06:17:47 "POST /collect HTTP/1.1" 200 -
06:17:47 "POST /collect HTTP/1.1" 200 -
06:17:48 "POST /collect HTTP/1.1" 200 -
06:17:48 "POST /collect HTTP/1.1" 200 -
06:17:48 "GET /roster HTTP/1.1" 200 -
06:17:48 "POST /collect HTTP/1.1" 200 -
06:17:48 "POST /collect HTTP/1.1" 200 -
06:17:48 "POST /collect HTTP/1.1" 200 -
06:17:48 "GET /roster HTTP/1.1" 200 -
06:17:48 "POST /collect HTTP/1.1" 200 -
06:17:48 "POST /collect HTTP/1.1" 200 -
06:17:48 "POST /collect HTTP/1.1" 200 -
06:17:48 "POST /collect HTTP/1.1" 200 -
06:17:48 "POST /collect HTTP/1.1" 200 -
06:17:48 "POST /collect HTTP/1.1" 200 -
06:17:48 "POST /collect HTTP/1.1" 200 -
06:17:49 "POST /collect HTTP/1.1" 200 -
06:17:49 "POST /collect HTTP/1.1" 200 -
06:17:49 "POST /collect HTTP/1.1" 200 -
06:17:50 "POST /collect HTTP/1.1" 200 -
06:17:50 "POST /collect HTTP/1.1" 200 -
06:17:50 "POST /collect HTTP/1.1" 200 -
06:17:50 "POST /collect HTTP/1.1" 200 -
06:17:50 "POST /collect HTTP/1.1" 200 -
06:17:50 "POST /collect HTTP/1.1" 200 -
06:17:50 "GET /roster HTTP/1.1" 200 -
06:17:50 "POST /collect HTTP/1.1" 200 -
06:17:50 "POST /collect HTTP/1.1" 200 -
06:17:50 "POST /collect HTTP/1.1" 200 -
06:17:50 "POST /collect HTTP/1.1" 200 -
06:17:50 "POST /collect HTTP/1.1" 200 -
06:17:50 "POST /collect HTTP/1.1" 200 -
06:17:50 "POST /collect HTTP/1.1" 200 -
06:17:50 "GET /roster HTTP/1.1" 200 -
06:17:50 "POST /collect HTTP/1.1" 200 -
06:17:50 "POST /collect HTTP/1.1" 200 -
06:17:50 "POST /collect HTTP/1.1" 200 -
06:17:50 "POST /collect HTTP/1.1" 200 -
06:17:50 "POST /collect HTTP/1.1" 200 -
06:17:50 "POST /collect HTTP/1.1" 200 -
06:17:50 "POST /collect HTTP/1.1" 200 -
06:17:50 "POST /collect HTTP/1.1" 200 -
06:17:50 "POST /collect HTTP/1.1" 200 -
06:17:50 "POST /collect HTTP/1.1" 200 -
06:17:51 "POST /collect HTTP/1.1" 200 -
06:17:51 "POST /collect HTTP/1.1" 200 -
06:17:51 "POST /collect HTTP/1.1" 200 -
06:17:51 "POST /collect HTTP/1.1" 200 -
06:17:51 "POST /collect HTTP/1.1" 200 -
06:17:51 "POST /collect HTTP/1.1" 200 -
06:17:51 "POST /collect HTTP/1.1" 200 -
06:17:51 "POST /collect HTTP/1.1" 200 -
06:17:51 "POST /collect HTTP/1.1" 200 -
06:17:51 "POST /collect HTTP/1.1" 200 -
06:17:52 "GET /roster HTTP/1.1" 200 -
06:17:52 "POST /collect HTTP/1.1" 200 -
06:17:52 "GET /roster HTTP/1.1" 200 -
06:17:52 "POST /collect HTTP/1.1" 200 -
06:17:52 "POST /collect HTTP/1.1" 200 -
06:17:52 "POST /collect HTTP/1.1" 200 -
06:17:52 "POST /collect HTTP/1.1" 200 -
06:17:53 "POST /collect HTTP/1.1" 200 -
06:17:53 "POST /collect HTTP/1.1" 200 -
06:17:53 "POST /collect HTTP/1.1" 200 -
06:17:53 "POST /collect HTTP/1.1" 200 -
06:17:53 "POST /collect HTTP/1.1" 200 -
06:17:53 "POST /collect HTTP/1.1" 200 -
06:17:53 "POST /collect HTTP/1.1" 200 -
06:17:53 "POST /collect HTTP/1.1" 200 -
06:17:53 "POST /collect HTTP/1.1" 200 -
06:17:53 "POST /collect HTTP/1.1" 200 -
06:17:53 "POST /collect HTTP/1.1" 200 -
06:17:53 "POST /collect HTTP/1.1" 200 -
06:17:53 "POST /collect HTTP/1.1" 200 -
06:17:53 "POST /collect HTTP/1.1" 200 -
06:17:53 "POST /collect HTTP/1.1" 200 -
06:17:53 "POST /collect HTTP/1.1" 200 -
06:17:53 "POST /collect HTTP/1.1" 200 -
06:17:53 "POST /collect HTTP/1.1" 200 -
06:17:53 "POST /collect HTTP/1.1" 200 -
06:17:53 "POST /collect HTTP/1.1" 200 -
06:17:53 "POST /collect HTTP/1.1" 200 -
06:17:54 "POST /collect HTTP/1.1" 200 -
06:17:54 "GET /roster HTTP/1.1" 200 -
06:17:54 "POST /collect HTTP/1.1" 200 -
06:17:54 "POST /collect HTTP/1.1" 200 -
06:17:54 "POST /collect HTTP/1.1" 200 -
06:17:54 "POST /collect HTTP/1.1" 200 -
06:17:54 "GET /roster HTTP/1.1" 200 -
06:17:54 "POST /collect HTTP/1.1" 200 -
06:17:54 "POST /collect HTTP/1.1" 200 -
06:17:54 "POST /collect HTTP/1.1" 200 -
06:17:54 "POST /collect HTTP/1.1" 200 -
06:17:54 "POST /collect HTTP/1.1" 200 -
06:17:54 "POST /collect HTTP/1.1" 200 -
06:17:54 "POST /collect HTTP/1.1" 200 -
06:17:54 "POST /collect HTTP/1.1" 200 -
06:17:55 "POST /collect HTTP/1.1" 200 -
06:17:55 "POST /collect HTTP/1.1" 200 -
06:17:55 "POST /collect HTTP/1.1" 200 -
06:17:56 "POST /collect HTTP/1.1" 200 -
06:17:56 "POST /collect HTTP/1.1" 200 -
06:17:56 "POST /collect HTTP/1.1" 200 -
06:17:56 "POST /collect HTTP/1.1" 200 -
06:17:56 "POST /collect HTTP/1.1" 200 -
06:17:56 "POST /collect HTTP/1.1" 200 -
06:17:56 "GET /roster HTTP/1.1" 200 -
06:17:56 "POST /collect HTTP/1.1" 200 -
06:17:56 "POST /collect HTTP/1.1" 200 -
06:17:56 "POST /collect HTTP/1.1" 200 -
06:17:56 "POST /collect HTTP/1.1" 200 -
06:17:56 "POST /collect HTTP/1.1" 200 -
06:17:56 "POST /collect HTTP/1.1" 200 -
06:17:56 "POST /collect HTTP/1.1" 200 -
06:17:56 "GET /roster HTTP/1.1" 200 -
06:17:56 "POST /collect HTTP/1.1" 200 -
06:17:56 "POST /collect HTTP/1.1" 200 -
06:17:56 "POST /collect HTTP/1.1" 200 -
06:17:56 "POST /collect HTTP/1.1" 200 -
06:17:56 "POST /collect HTTP/1.1" 200 -
06:17:56 "POST /collect HTTP/1.1" 200 -
06:17:56 "POST /collect HTTP/1.1" 200 -
06:17:56 "POST /collect HTTP/1.1" 200 -
06:17:56 "POST /collect HTTP/1.1" 200 -
06:17:56 "POST /collect HTTP/1.1" 200 -
06:17:57 "POST /collect HTTP/1.1" 200 -
06:17:57 "POST /collect HTTP/1.1" 200 -
06:17:57 "POST /collect HTTP/1.1" 200 -
06:17:57 "POST /collect HTTP/1.1" 200 -
06:17:57 "POST /collect HTTP/1.1" 200 -
06:17:57 "POST /collect HTTP/1.1" 200 -
06:17:57 "POST /collect HTTP/1.1" 200 -
06:17:57 "POST /collect HTTP/1.1" 200 -
06:17:57 "POST /collect HTTP/1.1" 200 -
06:17:57 "POST /collect HTTP/1.1" 200 -
06:17:58 "GET /roster HTTP/1.1" 200 -
06:17:58 "POST /collect HTTP/1.1" 200 -
06:17:58 "GET /roster HTTP/1.1" 200 -
06:17:58 "POST /collect HTTP/1.1" 200 -
06:17:58 "POST /collect HTTP/1.1" 200 -
06:17:58 "POST /collect HTTP/1.1" 200 -
06:17:58 "POST /collect HTTP/1.1" 200 -
06:17:59 "POST /collect HTTP/1.1" 200 -
06:17:59 "POST /collect HTTP/1.1" 200 -
06:17:59 "POST /collect HTTP/1.1" 200 -
06:17:59 "POST /collect HTTP/1.1" 200 -
06:17:59 "POST /collect HTTP/1.1" 200 -
06:17:59 "POST /collect HTTP/1.1" 200 -
06:17:59 "POST /collect HTTP/1.1" 200 -
06:17:59 "POST /collect HTTP/1.1" 200 -
06:17:59 "POST /collect HTTP/1.1" 200 -
06:17:59 "POST /collect HTTP/1.1" 200 -
06:17:59 "POST /collect HTTP/1.1" 200 -
06:17:59 "POST /collect HTTP/1.1" 200 -
06:17:59 "POST /collect HTTP/1.1" 200 -
06:17:59 "POST /collect HTTP/1.1" 200 -
06:17:59 "POST /collect HTTP/1.1" 200 -
06:17:59 "POST /collect HTTP/1.1" 200 -
06:17:59 "POST /collect HTTP/1.1" 200 -
06:17:59 "POST /collect HTTP/1.1" 200 -
06:17:59 "POST /collect HTTP/1.1" 200 -
06:17:59 "POST /collect HTTP/1.1" 200 -
06:17:59 "POST /collect HTTP/1.1" 200 -
06:18:00 "POST /collect HTTP/1.1" 200 -
06:18:00 "GET /roster HTTP/1.1" 200 -
06:18:00 "POST /collect HTTP/1.1" 200 -
06:18:00 "POST /collect HTTP/1.1" 200 -
06:18:00 "POST /collect HTTP/1.1" 200 -
06:18:00 "POST /collect HTTP/1.1" 200 -
06:18:00 "GET /roster HTTP/1.1" 200 -
06:18:00 "POST /collect HTTP/1.1" 200 -
06:18:00 "POST /collect HTTP/1.1" 200 -
06:18:00 "POST /collect HTTP/1.1" 200 -
06:18:00 "POST /collect HTTP/1.1" 200 -
06:18:00 "POST /collect HTTP/1.1" 200 -
06:18:00 "POST /collect HTTP/1.1" 200 -
06:18:00 "POST /collect HTTP/1.1" 200 -
06:18:01 "POST /collect HTTP/1.1" 200 -
06:18:01 "POST /collect HTTP/1.1" 200 -
06:18:01 "POST /collect HTTP/1.1" 200 -
06:18:02 "POST /collect HTTP/1.1" 200 -
06:18:02 "POST /collect HTTP/1.1" 200 -
06:18:02 "POST /collect HTTP/1.1" 200 -
06:18:02 "POST /collect HTTP/1.1" 200 -
06:18:02 "POST /collect HTTP/1.1" 200 -
06:18:02 "POST /collect HTTP/1.1" 200 -
06:18:02 "GET /roster HTTP/1.1" 200 -
06:18:02 "POST /collect HTTP/1.1" 200 -
06:18:02 "POST /collect HTTP/1.1" 200 -
06:18:02 "POST /collect HTTP/1.1" 200 -
06:18:02 "POST /collect HTTP/1.1" 200 -
06:18:02 "POST /collect HTTP/1.1" 200 -
06:18:02 "POST /collect HTTP/1.1" 200 -
06:18:02 "POST /collect HTTP/1.1" 200 -
06:18:02 "GET /roster HTTP/1.1" 200 -
06:18:02 "POST /collect HTTP/1.1" 200 -
06:18:02 "POST /collect HTTP/1.1" 200 -
06:18:02 "POST /collect HTTP/1.1" 200 -
06:18:02 "POST /collect HTTP/1.1" 200 -
06:18:02 "POST /collect HTTP/1.1" 200 -
06:18:02 "POST /collect HTTP/1.1" 200 -
06:18:02 "POST /collect HTTP/1.1" 200 -
06:18:02 "POST /collect HTTP/1.1" 200 -
06:18:02 "POST /collect HTTP/1.1" 200 -
06:18:02 "POST /collect HTTP/1.1" 200 -
06:18:03 "POST /collect HTTP/1.1" 200 -
06:18:03 "POST /collect HTTP/1.1" 200 -
06:18:03 "POST /collect HTTP/1.1" 200 -
06:18:03 "POST /collect HTTP/1.1" 200 -
06:18:03 "POST /collect HTTP/1.1" 200 -
06:18:03 "POST /collect HTTP/1.1" 200 -
06:18:03 "POST /collect HTTP/1.1" 200 -
06:18:03 "POST /collect HTTP/1.1" 200 -
06:18:03 "POST /collect HTTP/1.1" 200 -
06:18:03 "POST /collect HTTP/1.1" 200 -
06:18:04 "GET /roster HTTP/1.1" 200 -
06:18:04 "POST /collect HTTP/1.1" 200 -
06:18:04 "GET /roster HTTP/1.1" 200 -
06:18:04 "POST /collect HTTP/1.1" 200 -
06:18:04 "POST /collect HTTP/1.1" 200 -
06:18:04 "POST /collect HTTP/1.1" 200 -
06:18:04 "POST /collect HTTP/1.1" 200 -
06:18:05 "POST /collect HTTP/1.1" 200 -
06:18:05 "POST /collect HTTP/1.1" 200 -
06:18:05 "POST /collect HTTP/1.1" 200 -
06:18:05 "POST /collect HTTP/1.1" 200 -
06:18:05 "POST /collect HTTP/1.1" 200 -
06:18:05 "POST /collect HTTP/1.1" 200 -
06:18:05 "POST /collect HTTP/1.1" 200 -
06:18:05 "POST /collect HTTP/1.1" 200 -
06:18:05 "POST /collect HTTP/1.1" 200 -
06:18:05 "POST /collect HTTP/1.1" 200 -
06:18:05 "POST /collect HTTP/1.1" 200 -
06:18:05 "POST /collect HTTP/1.1" 200 -
06:18:05 "POST /collect HTTP/1.1" 200 -
06:18:05 "POST /collect HTTP/1.1" 200 -
06:18:05 "POST /collect HTTP/1.1" 200 -
06:18:05 "POST /collect HTTP/1.1" 200 -
06:18:05 "POST /collect HTTP/1.1" 200 -
06:18:05 "POST /collect HTTP/1.1" 200 -
06:18:05 "POST /collect HTTP/1.1" 200 -
06:18:05 "POST /collect HTTP/1.1" 200 -
06:18:05 "POST /collect HTTP/1.1" 200 -
06:18:06 "POST /collect HTTP/1.1" 200 -
06:18:06 "GET /roster HTTP/1.1" 200 -
06:18:06 "POST /collect HTTP/1.1" 200 -
06:18:06 "POST /collect HTTP/1.1" 200 -
06:18:06 "POST /collect HTTP/1.1" 200 -
06:18:06 "POST /collect HTTP/1.1" 200 -
06:18:06 "GET /roster HTTP/1.1" 200 -
06:18:06 "POST /collect HTTP/1.1" 200 -
06:18:06 "POST /collect HTTP/1.1" 200 -
06:18:06 "POST /collect HTTP/1.1" 200 -
06:18:06 "POST /collect HTTP/1.1" 200 -
06:18:06 "POST /collect HTTP/1.1" 200 -
06:18:06 "POST /collect HTTP/1.1" 200 -
06:18:06 "POST /collect HTTP/1.1" 200 -
06:18:07 "POST /collect HTTP/1.1" 200 -
06:18:07 "POST /collect HTTP/1.1" 200 -
06:18:07 "POST /collect HTTP/1.1" 200 -
06:18:08 "POST /collect HTTP/1.1" 200 -
06:18:08 "POST /collect HTTP/1.1" 200 -
06:18:08 "POST /collect HTTP/1.1" 200 -
06:18:08 "POST /collect HTTP/1.1" 200 -
06:18:08 "POST /collect HTTP/1.1" 200 -
06:18:08 "POST /collect HTTP/1.1" 200 -
06:18:08 "GET /roster HTTP/1.1" 200 -
06:18:08 "POST /collect HTTP/1.1" 200 -
06:18:08 "POST /collect HTTP/1.1" 200 -
06:18:08 "POST /collect HTTP/1.1" 200 -
06:18:08 "POST /collect HTTP/1.1" 200 -
06:18:08 "POST /collect HTTP/1.1" 200 -
06:18:08 "POST /collect HTTP/1.1" 200 -
06:18:08 "POST /collect HTTP/1.1" 200 -
06:18:08 "GET /roster HTTP/1.1" 200 -
06:18:08 "POST /collect HTTP/1.1" 200 -
06:18:08 "POST /collect HTTP/1.1" 200 -
06:18:08 "POST /collect HTTP/1.1" 200 -
06:18:08 "POST /collect HTTP/1.1" 200 -
06:18:08 "POST /collect HTTP/1.1" 200 -
06:18:08 "POST /collect HTTP/1.1" 200 -
06:18:08 "POST /collect HTTP/1.1" 200 -
06:18:08 "POST /collect HTTP/1.1" 200 -
06:18:08 "POST /collect HTTP/1.1" 200 -
06:18:08 "POST /collect HTTP/1.1" 200 -
06:18:09 "POST /collect HTTP/1.1" 200 -
06:18:09 "POST /collect HTTP/1.1" 200 -
06:18:09 "POST /collect HTTP/1.1" 200 -
06:18:09 "POST /collect HTTP/1.1" 200 -
06:18:09 "POST /collect HTTP/1.1" 200 -
06:18:09 "POST /collect HTTP/1.1" 200 -
06:18:09 "POST /collect HTTP/1.1" 200 -
06:18:09 "POST /collect HTTP/1.1" 200 -
06:18:09 "POST /collect HTTP/1.1" 200 -
06:18:09 "POST /collect HTTP/1.1" 200 -
06:18:09 "POST /collect HTTP/1.1" 200 -
06:18:10 "GET /roster HTTP/1.1" 200 -
06:18:10 "POST /collect HTTP/1.1" 200 -
06:18:10 "GET /roster HTTP/1.1" 200 -
06:18:10 "POST /collect HTTP/1.1" 200 -
06:18:10 "POST /collect HTTP/1.1" 200 -
06:18:10 "POST /collect HTTP/1.1" 200 -
06:18:10 "POST /collect HTTP/1.1" 200 -
06:18:11 "POST /collect HTTP/1.1" 200 -
06:18:11 "POST /collect HTTP/1.1" 200 -
06:18:11 "POST /collect HTTP/1.1" 200 -
06:18:11 "POST /collect HTTP/1.1" 200 -
06:18:11 "POST /collect HTTP/1.1" 200 -
06:18:11 "POST /collect HTTP/1.1" 200 -
06:18:11 "POST /collect HTTP/1.1" 200 -
06:18:11 "POST /collect HTTP/1.1" 200 -
06:18:11 "POST /collect HTTP/1.1" 200 -
06:18:11 "POST /collect HTTP/1.1" 200 -
06:18:11 "POST /collect HTTP/1.1" 200 -
06:18:11 "POST /collect HTTP/1.1" 200 -
06:18:11 "POST /collect HTTP/1.1" 200 -
06:18:11 "POST /collect HTTP/1.1" 200 -
06:18:11 "POST /collect HTTP/1.1" 200 -
06:18:11 "POST /collect HTTP/1.1" 200 -
06:18:11 "POST /collect HTTP/1.1" 200 -
06:18:11 "POST /collect HTTP/1.1" 200 -
06:18:11 "POST /collect HTTP/1.1" 200 -
06:18:11 "POST /collect HTTP/1.1" 200 -
06:18:11 "POST /collect HTTP/1.1" 200 -
06:18:12 "POST /collect HTTP/1.1" 200 -
06:18:12 "GET /roster HTTP/1.1" 200 -
06:18:12 "POST /collect HTTP/1.1" 200 -
06:18:12 "POST /collect HTTP/1.1" 200 -
06:18:12 "POST /collect HTTP/1.1" 200 -
06:18:12 "POST /collect HTTP/1.1" 200 -
06:18:12 "GET /roster HTTP/1.1" 200 -
06:18:12 "POST /collect HTTP/1.1" 200 -
06:18:12 "POST /collect HTTP/1.1" 200 -
06:18:12 "POST /collect HTTP/1.1" 200 -
06:18:12 "POST /collect HTTP/1.1" 200 -
06:18:12 "POST /collect HTTP/1.1" 200 -
06:18:12 "POST /collect HTTP/1.1" 200 -
06:18:12 "POST /collect HTTP/1.1" 200 -
06:18:13 "POST /collect HTTP/1.1" 200 -
06:18:13 "POST /collect HTTP/1.1" 200 -
06:18:13 "POST /collect HTTP/1.1" 200 -
06:18:14 "POST /collect HTTP/1.1" 200 -
06:18:14 "POST /collect HTTP/1.1" 200 -
06:18:14 "POST /collect HTTP/1.1" 200 -
06:18:14 "POST /collect HTTP/1.1" 200 -
06:18:14 "POST /collect HTTP/1.1" 200 -
06:18:14 "POST /collect HTTP/1.1" 200 -
06:18:14 "GET /roster HTTP/1.1" 200 -
06:18:14 "POST /collect HTTP/1.1" 200 -
06:18:14 "POST /collect HTTP/1.1" 200 -
06:18:14 "POST /collect HTTP/1.1" 200 -
06:18:14 "POST /collect HTTP/1.1" 200 -
06:18:14 "POST /collect HTTP/1.1" 200 -
06:18:14 "POST /collect HTTP/1.1" 200 -
06:18:14 "POST /collect HTTP/1.1" 200 -
06:18:14 "GET /roster HTTP/1.1" 200 -
06:18:14 "POST /collect HTTP/1.1" 200 -
06:18:14 "POST /collect HTTP/1.1" 200 -
06:18:14 "POST /collect HTTP/1.1" 200 -
06:18:14 "POST /collect HTTP/1.1" 200 -
06:18:14 "POST /collect HTTP/1.1" 200 -
06:18:14 "POST /collect HTTP/1.1" 200 -
06:18:14 "POST /collect HTTP/1.1" 200 -
06:18:14 "POST /collect HTTP/1.1" 200 -
06:18:14 "POST /collect HTTP/1.1" 200 -
06:18:14 "POST /collect HTTP/1.1" 200 -
06:18:15 "POST /collect HTTP/1.1" 200 -
06:18:15 "POST /collect HTTP/1.1" 200 -
06:18:15 "POST /collect HTTP/1.1" 200 -
06:18:15 "POST /collect HTTP/1.1" 200 -
06:18:15 "POST /collect HTTP/1.1" 200 -
06:18:15 "POST /collect HTTP/1.1" 200 -
06:18:15 "POST /collect HTTP/1.1" 200 -
06:18:15 "POST /collect HTTP/1.1" 200 -
06:18:15 "POST /collect HTTP/1.1" 200 -
06:18:15 "POST /collect HTTP/1.1" 200 -
06:18:16 "GET /roster HTTP/1.1" 200 -
06:18:16 "POST /collect HTTP/1.1" 200 -
06:18:16 "GET /roster HTTP/1.1" 200 -
06:18:16 "POST /collect HTTP/1.1" 200 -
06:18:16 "POST /collect HTTP/1.1" 200 -
06:18:16 "POST /collect HTTP/1.1" 200 -
06:18:16 "POST /collect HTTP/1.1" 200 -
06:18:17 "POST /collect HTTP/1.1" 200 -
06:18:17 "POST /collect HTTP/1.1" 200 -
06:18:17 "POST /collect HTTP/1.1" 200 -
06:18:17 "POST /collect HTTP/1.1" 200 -
06:18:17 "POST /collect HTTP/1.1" 200 -
06:18:17 "POST /collect HTTP/1.1" 200 -
06:18:17 "POST /collect HTTP/1.1" 200 -
06:18:17 "POST /collect HTTP/1.1" 200 -
06:18:17 "POST /collect HTTP/1.1" 200 -
06:18:17 "POST /collect HTTP/1.1" 200 -
06:18:17 "POST /collect HTTP/1.1" 200 -
06:18:17 "POST /collect HTTP/1.1" 200 -
06:18:17 "POST /collect HTTP/1.1" 200 -
06:18:17 "POST /collect HTTP/1.1" 200 -
06:18:17 "POST /collect HTTP/1.1" 200 -
06:18:17 "POST /collect HTTP/1.1" 200 -
06:18:17 "POST /collect HTTP/1.1" 200 -
06:18:17 "POST /collect HTTP/1.1" 200 -
06:18:17 "POST /collect HTTP/1.1" 200 -
06:18:17 "POST /collect HTTP/1.1" 200 -
06:18:17 "POST /collect HTTP/1.1" 200 -
06:18:18 "POST /collect HTTP/1.1" 200 -
06:18:18 "GET /roster HTTP/1.1" 200 -
06:18:18 "POST /collect HTTP/1.1" 200 -
06:18:18 "POST /collect HTTP/1.1" 200 -
06:18:18 "POST /collect HTTP/1.1" 200 -
06:18:18 "POST /collect HTTP/1.1" 200 -
06:18:18 "GET /roster HTTP/1.1" 200 -
06:18:18 "POST /collect HTTP/1.1" 200 -
06:18:18 "POST /collect HTTP/1.1" 200 -
06:18:18 "POST /collect HTTP/1.1" 200 -
06:18:18 "POST /collect HTTP/1.1" 200 -
06:18:18 "POST /collect HTTP/1.1" 200 -
06:18:18 "POST /collect HTTP/1.1" 200 -
06:18:18 "POST /collect HTTP/1.1" 200 -
06:18:19 "POST /collect HTTP/1.1" 200 -
06:18:19 "POST /collect HTTP/1.1" 200 -
06:18:19 "POST /collect HTTP/1.1" 200 -
06:18:19 "POST /collect HTTP/1.1" 200 -
06:18:20 "POST /collect HTTP/1.1" 200 -
06:18:20 "POST /collect HTTP/1.1" 200 -
06:18:20 "POST /collect HTTP/1.1" 200 -
06:18:20 "POST /collect HTTP/1.1" 200 -
06:18:20 "POST /collect HTTP/1.1" 200 -
06:18:20 "POST /collect HTTP/1.1" 200 -
06:18:20 "GET /roster HTTP/1.1" 200 -
06:18:20 "POST /collect HTTP/1.1" 200 -
06:18:20 "POST /collect HTTP/1.1" 200 -
06:18:20 "POST /collect HTTP/1.1" 200 -
06:18:20 "POST /collect HTTP/1.1" 200 -
06:18:20 "POST /collect HTTP/1.1" 200 -
06:18:20 "POST /collect HTTP/1.1" 200 -
06:18:20 "POST /collect HTTP/1.1" 200 -
06:18:20 "GET /roster HTTP/1.1" 200 -
06:18:20 "POST /collect HTTP/1.1" 200 -
06:18:20 "POST /collect HTTP/1.1" 200 -
06:18:20 "POST /collect HTTP/1.1" 200 -
06:18:20 "POST /collect HTTP/1.1" 200 -
06:18:20 "POST /collect HTTP/1.1" 200 -
06:18:20 "POST /collect HTTP/1.1" 200 -
06:18:20 "POST /collect HTTP/1.1" 200 -
06:18:20 "POST /collect HTTP/1.1" 200 -
06:18:20 "POST /collect HTTP/1.1" 200 -
06:18:20 "POST /collect HTTP/1.1" 200 -
06:18:21 "POST /collect HTTP/1.1" 200 -
06:18:21 "POST /collect HTTP/1.1" 200 -
06:18:21 "POST /collect HTTP/1.1" 200 -
06:18:21 "POST /collect HTTP/1.1" 200 -
06:18:21 "POST /collect HTTP/1.1" 200 -
06:18:21 "POST /collect HTTP/1.1" 200 -
06:18:21 "POST /collect HTTP/1.1" 200 -
06:18:21 "POST /collect HTTP/1.1" 200 -
06:18:21 "POST /collect HTTP/1.1" 200 -
06:18:21 "POST /collect HTTP/1.1" 200 -
