m2m server on :8897, results -> /Users/s32863/personal/elektron/results/m2m-heavy-N54.jsonl, app 8c2a974b…
06:35:12 "GET /roster HTTP/1.1" 200 -
06:35:12 "POST /reset HTTP/1.1" 200 -
06:35:13 "GET /room.html?id=1&n=54&hold=1&cb=1787715313322&audio=1&mode=full&cls=probe HTTP/1.1" 200 -
06:35:13 code 404, message File not found
06:35:13 "GET /favicon.ico HTTP/1.1" 404 -
06:35:13 "GET /room.html?id=2&n=54&hold=1&cb=1787715313415&audio=1&mode=full&cls=probe HTTP/1.1" 200 -
06:35:13 "GET /room.html?id=A&n=54&hold=1&cb=1787715313501&audio=1&mode=pub&vw=320&vh=180&vfps=15&cls=light HTTP/1.1" 200 -
06:35:13 "GET /room.html?id=B&n=54&hold=1&cb=1787715313583&audio=1&mode=pub&vw=320&vh=180&vfps=15&cls=light HTTP/1.1" 200 -
06:35:13 "GET /room.html?id=C&n=54&hold=1&cb=1787715313669&audio=1&mode=pub&vw=320&vh=180&vfps=15&cls=light HTTP/1.1" 200 -
06:35:14 "GET /room.html?id=D&n=54&hold=1&cb=1787715314308&audio=1&mode=pub&vw=320&vh=180&vfps=15&cls=light HTTP/1.1" 200 -
06:35:14 code 404, message File not found
06:35:14 "GET /favicon.ico HTTP/1.1" 404 -
06:35:14 "GET /room.html?id=E&n=54&hold=1&cb=1787715314412&audio=1&mode=pub&vw=320&vh=180&vfps=15&cls=light HTTP/1.1" 200 -
06:35:14 "GET /room.html?id=F&n=54&hold=1&cb=1787715314505&audio=1&mode=pub&vw=320&vh=180&vfps=15&cls=light HTTP/1.1" 200 -
06:35:14 "GET /room.html?id=G&n=54&hold=1&cb=1787715314596&audio=1&mode=pub&vw=320&vh=180&vfps=15&cls=light HTTP/1.1" 200 -
06:35:14 "GET /room.html?id=H&n=54&hold=1&cb=1787715314679&audio=1&mode=pub&vw=320&vh=180&vfps=15&cls=light HTTP/1.1" 200 -
06:35:15 "GET /room.html?id=I&n=54&hold=1&cb=1787715315297&audio=1&mode=pub&vw=320&vh=180&vfps=15&cls=light HTTP/1.1" 200 -
06:35:15 code 404, message File not found
06:35:15 "GET /favicon.ico HTTP/1.1" 404 -
06:35:15 "GET /room.html?id=J&n=54&hold=1&cb=1787715315404&audio=1&mode=pub&vw=320&vh=180&vfps=15&cls=light HTTP/1.1" 200 -
06:35:15 "GET /room.html?id=K&n=54&hold=1&cb=1787715315497&audio=1&mode=pub&vw=320&vh=180&vfps=15&cls=light HTTP/1.1" 200 -
06:35:15 "GET /room.html?id=L&n=54&hold=1&cb=1787715315583&audio=1&mode=pub&vw=320&vh=180&vfps=15&cls=light HTTP/1.1" 200 -
06:35:15 "GET /room.html?id=M&n=54&hold=1&cb=1787715315680&audio=1&mode=pub&vw=320&vh=180&vfps=15&cls=light HTTP/1.1" 200 -
06:35:16 "GET /room.html?id=N&n=54&hold=1&cb=1787715316306&audio=1&mode=pub&vw=320&vh=180&vfps=15&cls=light HTTP/1.1" 200 -
06:35:16 code 404, message File not found
06:35:16 "GET /favicon.ico HTTP/1.1" 404 -
06:35:16 "GET /room.html?id=O&n=54&hold=1&cb=1787715316404&audio=1&mode=pub&vw=320&vh=180&vfps=15&cls=light HTTP/1.1" 200 -
06:35:16 "GET /room.html?id=P&n=54&hold=1&cb=1787715316497&audio=1&mode=pub&vw=320&vh=180&vfps=15&cls=light HTTP/1.1" 200 -
06:35:16 "GET /room.html?id=Q&n=54&hold=1&cb=1787715316582&audio=1&mode=pub&vw=320&vh=180&vfps=15&cls=light HTTP/1.1" 200 -
06:35:16 "GET /room.html?id=R&n=54&hold=1&cb=1787715316679&audio=1&mode=pub&vw=320&vh=180&vfps=15&cls=light HTTP/1.1" 200 -
06:35:17 "GET /room.html?id=S&n=54&hold=1&cb=1787715317368&audio=1&mode=pub&vw=320&vh=180&vfps=15&cls=light HTTP/1.1" 200 -
06:35:17 code 404, message File not found
06:35:17 "GET /favicon.ico HTTP/1.1" 404 -
06:35:17 "GET /room.html?id=T&n=54&hold=1&cb=1787715317477&audio=1&mode=pub&vw=320&vh=180&vfps=15&cls=light HTTP/1.1" 200 -
06:35:17 "GET /room.html?id=U&n=54&hold=1&cb=1787715317570&audio=1&mode=pub&vw=320&vh=180&vfps=15&cls=light HTTP/1.1" 200 -
06:35:17 "GET /room.html?id=V&n=54&hold=1&cb=1787715317667&audio=1&mode=pub&vw=320&vh=180&vfps=15&cls=light HTTP/1.1" 200 -
06:35:17 "GET /room.html?id=W&n=54&hold=1&cb=1787715317763&audio=1&mode=pub&vw=320&vh=180&vfps=15&cls=light HTTP/1.1" 200 -
06:35:18 "GET /room.html?id=X&n=54&hold=1&cb=1787715318424&audio=1&mode=pub&vw=320&vh=180&vfps=15&cls=light HTTP/1.1" 200 -
06:35:18 code 404, message File not found
06:35:18 "GET /favicon.ico HTTP/1.1" 404 -
06:35:18 "GET /room.html?id=Y&n=54&hold=1&cb=1787715318530&audio=1&mode=pub&vw=320&vh=180&vfps=15&cls=light HTTP/1.1" 200 -
06:35:18 "GET /room.html?id=Z&n=54&hold=1&cb=1787715318623&audio=1&mode=pub&vw=320&vh=180&vfps=15&cls=light HTTP/1.1" 200 -
06:35:18 "GET /room.html?id=a&n=54&hold=1&cb=1787715318721&audio=1&mode=pub&vw=320&vh=180&vfps=15&cls=light HTTP/1.1" 200 -
06:35:18 "GET /room.html?id=b&n=54&hold=1&cb=1787715318817&audio=1&mode=pub&vw=320&vh=180&vfps=15&cls=light HTTP/1.1" 200 -
06:35:19 "GET /room.html?id=c&n=54&hold=1&cb=1787715319503&audio=1&mode=pub&vw=320&vh=180&vfps=15&cls=light HTTP/1.1" 200 -
06:35:19 code 404, message File not found
06:35:19 "GET /favicon.ico HTTP/1.1" 404 -
06:35:19 "GET /room.html?id=d&n=54&hold=1&cb=1787715319617&audio=1&mode=pub&vw=320&vh=180&vfps=15&cls=light HTTP/1.1" 200 -
06:35:19 "GET /room.html?id=e&n=54&hold=1&cb=1787715319713&audio=1&mode=pub&vw=320&vh=180&vfps=15&cls=light HTTP/1.1" 200 -
06:35:19 "GET /room.html?id=f&n=54&hold=1&cb=1787715319817&audio=1&mode=pub&vw=320&vh=180&vfps=15&cls=light HTTP/1.1" 200 -
06:35:19 "GET /room.html?id=g&n=54&hold=1&cb=1787715319913&audio=1&mode=pub&vw=320&vh=180&vfps=15&cls=light HTTP/1.1" 200 -
06:35:20 "GET /room.html?id=h&n=54&hold=1&cb=1787715320634&audio=1&mode=pub&vw=320&vh=180&vfps=15&cls=light HTTP/1.1" 200 -
06:35:20 code 404, message File not found
06:35:20 "GET /favicon.ico HTTP/1.1" 404 -
06:35:20 "GET /room.html?id=i&n=54&hold=1&cb=1787715320747&audio=1&mode=pub&vw=320&vh=180&vfps=15&cls=light HTTP/1.1" 200 -
06:35:20 "GET /room.html?id=j&n=54&hold=1&cb=1787715320851&audio=1&mode=pub&vw=320&vh=180&vfps=15&cls=light HTTP/1.1" 200 -
06:35:20 "GET /room.html?id=k&n=54&hold=1&cb=1787715320949&audio=1&mode=pub&vw=320&vh=180&vfps=15&cls=light HTTP/1.1" 200 -
06:35:21 "GET /room.html?id=l&n=54&hold=1&cb=1787715321044&audio=1&mode=pub&vw=320&vh=180&vfps=15&cls=light HTTP/1.1" 200 -
06:35:21 "GET /room.html?id=m&n=54&hold=1&cb=1787715321736&audio=1&mode=pub&vw=320&vh=180&vfps=15&cls=light HTTP/1.1" 200 -
06:35:21 code 404, message File not found
06:35:21 "GET /favicon.ico HTTP/1.1" 404 -
06:35:21 "GET /room.html?id=n&n=54&hold=1&cb=1787715321853&audio=1&mode=pub&vw=320&vh=180&vfps=15&cls=light HTTP/1.1" 200 -
06:35:21 "GET /room.html?id=o&n=54&hold=1&cb=1787715321957&audio=1&mode=pub&vw=320&vh=180&vfps=15&cls=light HTTP/1.1" 200 -
06:35:22 "GET /room.html?id=p&n=54&hold=1&cb=1787715322061&audio=1&mode=pub&vw=320&vh=180&vfps=15&cls=light HTTP/1.1" 200 -
06:35:22 "GET /room.html?id=q&n=54&hold=1&cb=1787715322161&audio=1&mode=pub&vw=320&vh=180&vfps=15&cls=light HTTP/1.1" 200 -
06:35:22 "GET /room.html?id=r&n=54&hold=1&cb=1787715322833&audio=1&mode=pub&vw=320&vh=180&vfps=15&cls=light HTTP/1.1" 200 -
06:35:22 code 404, message File not found
06:35:22 "GET /favicon.ico HTTP/1.1" 404 -
06:35:22 "GET /room.html?id=s&n=54&hold=1&cb=1787715322948&audio=1&mode=pub&vw=320&vh=180&vfps=15&cls=light HTTP/1.1" 200 -
06:35:23 "GET /room.html?id=t&n=54&hold=1&cb=1787715323050&audio=1&mode=pub&vw=320&vh=180&vfps=15&cls=light HTTP/1.1" 200 -
06:35:23 "GET /room.html?id=u&n=54&hold=1&cb=1787715323163&audio=1&mode=pub&vw=320&vh=180&vfps=15&cls=light HTTP/1.1" 200 -
06:35:23 "GET /room.html?id=v&n=54&hold=1&cb=1787715323258&audio=1&mode=pub&vw=320&vh=180&vfps=15&cls=light HTTP/1.1" 200 -
06:35:24 "GET /room.html?id=w&n=54&hold=1&cb=1787715324013&audio=1&mode=pub&vw=320&vh=180&vfps=15&cls=light HTTP/1.1" 200 -
06:35:24 code 404, message File not found
06:35:24 "GET /favicon.ico HTTP/1.1" 404 -
06:35:24 "GET /room.html?id=x&n=54&hold=1&cb=1787715324128&audio=1&mode=pub&vw=320&vh=180&vfps=15&cls=light HTTP/1.1" 200 -
06:35:24 "GET /room.html?id=y&n=54&hold=1&cb=1787715324225&audio=1&mode=pub&vw=320&vh=180&vfps=15&cls=light HTTP/1.1" 200 -
06:35:24 "GET /room.html?id=z&n=54&hold=1&cb=1787715324328&audio=1&mode=pub&vw=320&vh=180&vfps=15&cls=light HTTP/1.1" 200 -
06:35:24 "POST /collect HTTP/1.1" 200 -
06:35:25 CF POST /sessions/new -> 201 (498 ms)
06:35:25 "POST /cf/sessions/new HTTP/1.1" 201 -
06:35:25 CF POST /sessions/new -> 201 (427 ms)
06:35:25 CF POST /sessions/new -> 201 (443 ms)
06:35:25 CF POST /sessions/new -> 201 (518 ms)
06:35:25 CF POST /sessions/new -> 201 (576 ms)
06:35:25 "POST /cf/sessions/new HTTP/1.1" 201 -
06:35:25 "POST /cf/sessions/new HTTP/1.1" 201 -
06:35:25 CF POST /sessions/new -> 201 (577 ms)
06:35:25 CF POST /sessions/new -> 201 (570 ms)
06:35:25 "POST /cf/sessions/new HTTP/1.1" 201 -
06:35:25 "POST /cf/sessions/new HTTP/1.1" 201 -
06:35:25 "POST /cf/sessions/new HTTP/1.1" 201 -
06:35:25 "POST /cf/sessions/new HTTP/1.1" 201 -
06:35:25 CF POST /sessions/new -> 201 (585 ms)
06:35:25 "POST /cf/sessions/new HTTP/1.1" 201 -
06:35:25 CF POST /sessions/new -> 201 (590 ms)
06:35:25 "POST /cf/sessions/new HTTP/1.1" 201 -
06:35:25 CF POST /sessions/new -> 201 (448 ms)
06:35:25 "POST /cf/sessions/new HTTP/1.1" 201 -
06:35:25 CF POST /sessions/new -> 201 (469 ms)
06:35:25 "POST /cf/sessions/new HTTP/1.1" 201 -
06:35:25 CF POST /sessions/new -> 201 (606 ms)
06:35:25 "POST /cf/sessions/new HTTP/1.1" 201 -
06:35:25 CF POST /sessions/new -> 201 (477 ms)
06:35:25 "POST /cf/sessions/new HTTP/1.1" 201 -
06:35:25 CF POST /sessions/new -> 201 (614 ms)
06:35:25 "POST /cf/sessions/new HTTP/1.1" 201 -
06:35:25 CF POST /sessions/new -> 201 (565 ms)
06:35:25 "POST /cf/sessions/new HTTP/1.1" 201 -
06:35:25 CF POST /sessions/new -> 201 (568 ms)
06:35:25 "POST /cf/sessions/new HTTP/1.1" 201 -
06:35:25 CF POST /sessions/new -> 201 (552 ms)
06:35:25 "POST /cf/sessions/new HTTP/1.1" 201 -
06:35:25 CF POST /sessions/new -> 201 (406 ms)
06:35:25 CF POST /sessions/new -> 201 (549 ms)
06:35:25 "POST /cf/sessions/new HTTP/1.1" 201 -
06:35:25 "POST /cf/sessions/new HTTP/1.1" 201 -
06:35:25 CF POST /sessions/new -> 201 (498 ms)
06:35:25 "POST /cf/sessions/new HTTP/1.1" 201 -
06:35:25 CF POST /sessions/new -> 201 (565 ms)
06:35:25 "POST /cf/sessions/new HTTP/1.1" 201 -
06:35:25 CF POST /sessions/new -> 201 (556 ms)
06:35:25 "POST /cf/sessions/new HTTP/1.1" 201 -
06:35:25 CF POST /sessions/new -> 201 (574 ms)
06:35:25 CF POST /sessions/new -> 201 (628 ms)
06:35:25 "POST /cf/sessions/new HTTP/1.1" 201 -
06:35:25 CF POST /sessions/new -> 201 (599 ms)
06:35:25 "POST /cf/sessions/new HTTP/1.1" 201 -
06:35:25 CF POST /sessions/new -> 201 (563 ms)
06:35:25 "POST /cf/sessions/new HTTP/1.1" 201 -
06:35:25 "POST /cf/sessions/new HTTP/1.1" 201 -
06:35:25 CF POST /sessions/new -> 201 (349 ms)
06:35:25 CF POST /sessions/new -> 201 (621 ms)
06:35:25 CF POST /sessions/new -> 201 (497 ms)
06:35:25 "POST /cf/sessions/new HTTP/1.1" 201 -
06:35:25 "POST /cf/sessions/new HTTP/1.1" 201 -
06:35:25 CF POST /sessions/new -> 201 (602 ms)
06:35:25 "POST /cf/sessions/new HTTP/1.1" 201 -
06:35:25 "POST /cf/sessions/new HTTP/1.1" 201 -
06:35:25 CF POST /sessions/new -> 201 (508 ms)
06:35:25 "POST /cf/sessions/new HTTP/1.1" 201 -
06:35:25 CF POST /sessions/new -> 201 (599 ms)
06:35:25 "POST /cf/sessions/new HTTP/1.1" 201 -
06:35:25 CF POST /sessions/new -> 201 (435 ms)
06:35:25 "POST /cf/sessions/new HTTP/1.1" 201 -
06:35:25 CF POST /sessions/new -> 201 (419 ms)
06:35:25 "POST /cf/sessions/new HTTP/1.1" 201 -
06:35:25 CF POST /sessions/new -> 201 (495 ms)
06:35:25 "POST /cf/sessions/new HTTP/1.1" 201 -
06:35:25 CF POST /sessions/new -> 201 (588 ms)
06:35:25 "POST /cf/sessions/new HTTP/1.1" 201 -
06:35:25 CF POST /sessions/new -> 201 (609 ms)
06:35:25 "POST /cf/sessions/new HTTP/1.1" 201 -
06:35:25 CF POST /sessions/new -> 201 (634 ms)
06:35:25 "POST /cf/sessions/new HTTP/1.1" 201 -
06:35:25 CF POST /sessions/new -> 201 (635 ms)
06:35:25 "POST /cf/sessions/new HTTP/1.1" 201 -
06:35:25 CF POST /sessions/new -> 201 (470 ms)
06:35:25 "POST /cf/sessions/new HTTP/1.1" 201 -
06:35:25 CF POST /sessions/new -> 201 (515 ms)
06:35:25 CF POST /sessions/new -> 201 (582 ms)
06:35:25 "POST /cf/sessions/new HTTP/1.1" 201 -
06:35:25 "POST /cf/sessions/new HTTP/1.1" 201 -
06:35:25 CF POST /sessions/new -> 201 (442 ms)
06:35:25 "POST /cf/sessions/new HTTP/1.1" 201 -
06:35:25 CF POST /sessions/new -> 201 (380 ms)
06:35:25 "POST /cf/sessions/new HTTP/1.1" 201 -
06:35:25 CF POST /sessions/new -> 201 (641 ms)
06:35:25 "POST /cf/sessions/new HTTP/1.1" 201 -
06:35:25 CF POST /sessions/new -> 201 (650 ms)
06:35:25 "POST /cf/sessions/new HTTP/1.1" 201 -
06:35:25 CF POST /sessions/new -> 201 (646 ms)
06:35:25 "POST /cf/sessions/new HTTP/1.1" 201 -
06:35:25 CF POST /sessions/new -> 201 (605 ms)
06:35:25 "POST /cf/sessions/new HTTP/1.1" 201 -
06:35:25 CF POST /sessions/new -> 201 (652 ms)
06:35:25 "POST /cf/sessions/new HTTP/1.1" 201 -
06:35:25 CF POST /sessions/new -> 201 (622 ms)
06:35:25 "POST /cf/sessions/new HTTP/1.1" 201 -
06:35:25 CF POST /sessions/new -> 201 (674 ms)
06:35:25 "POST /cf/sessions/new HTTP/1.1" 201 -
06:35:25 CF POST /sessions/new -> 201 (697 ms)
06:35:25 "POST /cf/sessions/new HTTP/1.1" 201 -
06:35:25 CF POST /sessions/new -> 201 (757 ms)
06:35:25 "POST /cf/sessions/new HTTP/1.1" 201 -
06:35:25 CF POST /sessions/new -> 201 (756 ms)
06:35:25 "POST /cf/sessions/new HTTP/1.1" 201 -
06:35:26 "POST /save/pub-offer-z.sdp HTTP/1.1" 200 -
06:35:26 CF POST /sessions/ebe8aeb32c2deedbee0213223053a5b10b542ef5b5c030323e464b0303c308c9/tracks/new -> 200 (376 ms)
06:35:26 "POST /cf/sessions/ebe8aeb32c2deedbee0213223053a5b10b542ef5b5c030323e464b0303c308c9/tracks/new HTTP/1.1" 200 -
06:35:26 "POST /save/pub-answer-z.sdp HTTP/1.1" 200 -
06:35:26 "POST /collect HTTP/1.1" 200 -
06:35:26 "POST /collect HTTP/1.1" 200 -
06:35:26 "POST /collect HTTP/1.1" 200 -
06:35:28 "POST /save/pub-offer-m.sdp HTTP/1.1" 200 -
06:35:28 "POST /save/pub-offer-g.sdp HTTP/1.1" 200 -
06:35:28 "POST /save/pub-offer-i.sdp HTTP/1.1" 200 -
06:35:28 CF POST /sessions/16dc2794344000baccb7339feb585fe009c60bb93e08228d431dd68fa4be0d70/tracks/new -> 200 (347 ms)
06:35:28 "POST /cf/sessions/16dc2794344000baccb7339feb585fe009c60bb93e08228d431dd68fa4be0d70/tracks/new HTTP/1.1" 200 -
06:35:28 "POST /save/pub-answer-m.sdp HTTP/1.1" 200 -
06:35:28 "POST /collect HTTP/1.1" 200 -
06:35:28 "POST /collect HTTP/1.1" 200 -
06:35:28 "POST /collect HTTP/1.1" 200 -
06:35:28 CF POST /sessions/252db755b2736f25bbfc3ef9a2387eb15eeccafe429d8313997c5f7591a29a22/tracks/new -> 200 (339 ms)
06:35:28 "POST /cf/sessions/252db755b2736f25bbfc3ef9a2387eb15eeccafe429d8313997c5f7591a29a22/tracks/new HTTP/1.1" 200 -
06:35:28 "POST /save/pub-answer-g.sdp HTTP/1.1" 200 -
06:35:28 "POST /collect HTTP/1.1" 200 -
06:35:28 "POST /collect HTTP/1.1" 200 -
06:35:28 "POST /collect HTTP/1.1" 200 -
06:35:28 CF POST /sessions/40bf19940912f59ca53607746131788c3a2aeb4f810da32b21722188fe1ead8b/tracks/new -> 200 (321 ms)
06:35:28 "POST /cf/sessions/40bf19940912f59ca53607746131788c3a2aeb4f810da32b21722188fe1ead8b/tracks/new HTTP/1.1" 200 -
06:35:28 "POST /save/pub-answer-i.sdp HTTP/1.1" 200 -
06:35:28 "POST /collect HTTP/1.1" 200 -
06:35:28 "POST /collect HTTP/1.1" 200 -
06:35:28 "POST /collect HTTP/1.1" 200 -
06:35:28 "POST /collect HTTP/1.1" 200 -
06:35:28 "POST /collect HTTP/1.1" 200 -
06:35:28 "POST /join HTTP/1.1" 200 -
06:35:28 "POST /collect HTTP/1.1" 200 -
06:35:28 "POST /collect HTTP/1.1" 200 -
06:35:28 "POST /join HTTP/1.1" 200 -
06:35:28 "POST /collect HTTP/1.1" 200 -
06:35:29 "POST /save/pub-offer-l.sdp HTTP/1.1" 200 -
06:35:29 "POST /save/pub-offer-h.sdp HTTP/1.1" 200 -
06:35:29 "POST /save/pub-offer-w.sdp HTTP/1.1" 200 -
06:35:29 "POST /save/pub-offer-r.sdp HTTP/1.1" 200 -
06:35:29 "POST /save/pub-offer-p.sdp HTTP/1.1" 200 -
06:35:29 "POST /save/pub-offer-q.sdp HTTP/1.1" 200 -
06:35:29 "POST /save/pub-offer-b.sdp HTTP/1.1" 200 -
06:35:29 "POST /save/pub-offer-c.sdp HTTP/1.1" 200 -
06:35:29 "POST /save/pub-offer-v.sdp HTTP/1.1" 200 -
06:35:29 "POST /save/pub-offer-l.sdp HTTP/1.1" 200 -
06:35:29 "POST /save/pub-offer-e.sdp HTTP/1.1" 200 -
06:35:29 "POST /save/pub-offer-f.sdp HTTP/1.1" 200 -
06:35:29 "POST /save/pub-offer-c.sdp HTTP/1.1" 200 -
06:35:29 "POST /save/pub-offer-k.sdp HTTP/1.1" 200 -
06:35:29 "POST /save/pub-offer-j.sdp HTTP/1.1" 200 -
06:35:29 "POST /save/pub-offer-d.sdp HTTP/1.1" 200 -
06:35:29 "POST /save/pub-offer-p.sdp HTTP/1.1" 200 -
06:35:29 "POST /save/pub-offer-o.sdp HTTP/1.1" 200 -
06:35:29 "POST /save/pub-offer-n.sdp HTTP/1.1" 200 -
06:35:29 "POST /save/pub-offer-q.sdp HTTP/1.1" 200 -
06:35:29 "POST /save/pub-offer-v.sdp HTTP/1.1" 200 -
06:35:29 "POST /save/pub-offer-u.sdp HTTP/1.1" 200 -
06:35:29 "POST /save/pub-offer-t.sdp HTTP/1.1" 200 -
06:35:29 "POST /save/pub-offer-m.sdp HTTP/1.1" 200 -
06:35:29 "POST /save/pub-offer-o.sdp HTTP/1.1" 200 -
06:35:29 "POST /save/pub-offer-s.sdp HTTP/1.1" 200 -
06:35:29 "POST /save/pub-offer-n.sdp HTTP/1.1" 200 -
06:35:29 "POST /save/pub-offer-2.sdp HTTP/1.1" 200 -
06:35:29 "POST /save/pub-offer-1.sdp HTTP/1.1" 200 -
06:35:29 "POST /save/pub-offer-b.sdp HTTP/1.1" 200 -
06:35:29 "POST /save/pub-offer-a.sdp HTTP/1.1" 200 -
06:35:29 "POST /save/pub-offer-a.sdp HTTP/1.1" 200 -
06:35:29 "POST /save/pub-offer-i.sdp HTTP/1.1" 200 -
06:35:29 "POST /save/pub-offer-y.sdp HTTP/1.1" 200 -
06:35:29 "POST /save/pub-offer-z.sdp HTTP/1.1" 200 -
06:35:29 "POST /save/pub-offer-x.sdp HTTP/1.1" 200 -
06:35:29 "POST /save/pub-offer-y.sdp HTTP/1.1" 200 -
06:35:29 "POST /save/pub-offer-x.sdp HTTP/1.1" 200 -
06:35:29 "POST /save/pub-offer-w.sdp HTTP/1.1" 200 -
06:35:29 "POST /save/pub-offer-k.sdp HTTP/1.1" 200 -
06:35:29 "POST /save/pub-offer-h.sdp HTTP/1.1" 200 -
06:35:29 "POST /save/pub-offer-j.sdp HTTP/1.1" 200 -
06:35:29 CF POST /sessions/1335826ecd9a4772493b52ffcbdccc9919c958ee5ca28f69ccaa65a3f2ea34c0/tracks/new -> 200 (307 ms)
06:35:29 "POST /cf/sessions/1335826ecd9a4772493b52ffcbdccc9919c958ee5ca28f69ccaa65a3f2ea34c0/tracks/new HTTP/1.1" 200 -
06:35:29 "POST /save/pub-answer-w.sdp HTTP/1.1" 200 -
06:35:29 "POST /collect HTTP/1.1" 200 -
06:35:29 "POST /collect HTTP/1.1" 200 -
06:35:29 "POST /collect HTTP/1.1" 200 -
06:35:29 CF POST /sessions/29e7086cba6fdde80f180e19d3c5f3a25952d19c641c3d424527dbff72705be7/tracks/new -> 200 (337 ms)
06:35:29 "POST /cf/sessions/29e7086cba6fdde80f180e19d3c5f3a25952d19c641c3d424527dbff72705be7/tracks/new HTTP/1.1" 200 -
06:35:29 "POST /save/pub-answer-l.sdp HTTP/1.1" 200 -
06:35:29 "POST /collect HTTP/1.1" 200 -
06:35:29 "POST /collect HTTP/1.1" 200 -
06:35:29 "POST /collect HTTP/1.1" 200 -
06:35:29 "POST /save/pub-offer-u.sdp HTTP/1.1" 200 -
06:35:29 CF POST /sessions/866d94787613bc3299b5c3da5a642cb5a6a601cea7c7854891068d119ff4b907/tracks/new -> 200 (351 ms)
06:35:29 "POST /cf/sessions/866d94787613bc3299b5c3da5a642cb5a6a601cea7c7854891068d119ff4b907/tracks/new HTTP/1.1" 200 -
06:35:29 "POST /save/pub-offer-t.sdp HTTP/1.1" 200 -
06:35:29 "POST /save/pub-answer-h.sdp HTTP/1.1" 200 -
06:35:29 "POST /save/pub-offer-s.sdp HTTP/1.1" 200 -
06:35:29 "POST /collect HTTP/1.1" 200 -
06:35:29 "POST /collect HTTP/1.1" 200 -
06:35:29 "POST /save/pub-offer-r.sdp HTTP/1.1" 200 -
06:35:29 "POST /collect HTTP/1.1" 200 -
06:35:29 CF POST /sessions/11ae824c261c74488cd0e82c5f5f09e5e16338bf59e17357b9d2f6fa496c4517/tracks/new -> 200 (328 ms)
06:35:29 "POST /cf/sessions/11ae824c261c74488cd0e82c5f5f09e5e16338bf59e17357b9d2f6fa496c4517/tracks/new HTTP/1.1" 200 -
06:35:29 "POST /save/pub-offer-g.sdp HTTP/1.1" 200 -
06:35:29 "POST /save/pub-answer-q.sdp HTTP/1.1" 200 -
06:35:29 CF POST /sessions/232310c4e6f5d7e577b729a36a34baabec837dbe08ac4eecb2da39f2ed986ff2/tracks/new -> 200 (335 ms)
06:35:29 "POST /cf/sessions/232310c4e6f5d7e577b729a36a34baabec837dbe08ac4eecb2da39f2ed986ff2/tracks/new HTTP/1.1" 200 -
06:35:29 CF POST /sessions/269ae2dc3d9b372d29a32a08e216dab929f9283359b7f4f463284f14d3367add/tracks/new -> 200 (336 ms)
06:35:29 "POST /cf/sessions/269ae2dc3d9b372d29a32a08e216dab929f9283359b7f4f463284f14d3367add/tracks/new HTTP/1.1" 200 -
06:35:29 "POST /collect HTTP/1.1" 200 -
06:35:29 "POST /save/pub-offer-d.sdp HTTP/1.1" 200 -
06:35:29 "POST /save/pub-answer-r.sdp HTTP/1.1" 200 -
06:35:29 "POST /collect HTTP/1.1" 200 -
06:35:29 "POST /save/pub-offer-f.sdp HTTP/1.1" 200 -
06:35:29 "POST /save/pub-answer-p.sdp HTTP/1.1" 200 -
06:35:29 "POST /collect HTTP/1.1" 200 -
06:35:29 "POST /save/pub-offer-e.sdp HTTP/1.1" 200 -
06:35:29 "POST /collect HTTP/1.1" 200 -
06:35:29 "POST /collect HTTP/1.1" 200 -
06:35:29 "POST /collect HTTP/1.1" 200 -
06:35:29 "POST /collect HTTP/1.1" 200 -
06:35:29 "POST /collect HTTP/1.1" 200 -
06:35:29 "POST /collect HTTP/1.1" 200 -
06:35:29 CF POST /sessions/37ce337566fab15fadb9bc80da5244f0a45fd95754e2978ff60f6bddabaa345d/tracks/new -> 200 (334 ms)
06:35:29 "POST /cf/sessions/37ce337566fab15fadb9bc80da5244f0a45fd95754e2978ff60f6bddabaa345d/tracks/new HTTP/1.1" 200 -
06:35:29 "POST /save/pub-answer-c.sdp HTTP/1.1" 200 -
06:35:29 "POST /collect HTTP/1.1" 200 -
06:35:29 "POST /collect HTTP/1.1" 200 -
06:35:29 "POST /collect HTTP/1.1" 200 -
06:35:29 CF POST /sessions/a7f779faa42f7b21a6932a1cdedc65f55d3b9026d8755835e0558fba3e4ac0fb/tracks/new -> 200 (356 ms)
06:35:29 "POST /cf/sessions/a7f779faa42f7b21a6932a1cdedc65f55d3b9026d8755835e0558fba3e4ac0fb/tracks/new HTTP/1.1" 200 -
06:35:29 "POST /save/pub-answer-l.sdp HTTP/1.1" 200 -
06:35:29 "POST /collect HTTP/1.1" 200 -
06:35:29 "POST /collect HTTP/1.1" 200 -
06:35:29 "POST /collect HTTP/1.1" 200 -
06:35:29 CF POST /sessions/99403c0cb02fd4c996848365ae6fcb076f0c861c7ba3d35d78f64d8722906eb7/tracks/new -> 200 (397 ms)
06:35:29 CF POST /sessions/53f65fbb570333b5de1ec02af432dd3b3ff86175fd136431621e9c5b99ea585b/tracks/new -> 200 (395 ms)
06:35:29 "POST /cf/sessions/53f65fbb570333b5de1ec02af432dd3b3ff86175fd136431621e9c5b99ea585b/tracks/new HTTP/1.1" 200 -
06:35:29 "POST /cf/sessions/99403c0cb02fd4c996848365ae6fcb076f0c861c7ba3d35d78f64d8722906eb7/tracks/new HTTP/1.1" 200 -
06:35:29 "POST /save/pub-answer-c.sdp HTTP/1.1" 200 -
06:35:29 "POST /save/pub-answer-b.sdp HTTP/1.1" 200 -
06:35:29 CF POST /sessions/5b1d516a3e8769b0f23b43f43a43143b42a2d325679c8e13e2042c746d4858a9/tracks/new -> 200 (369 ms)
06:35:29 "POST /cf/sessions/5b1d516a3e8769b0f23b43f43a43143b42a2d325679c8e13e2042c746d4858a9/tracks/new HTTP/1.1" 200 -
06:35:29 CF POST /sessions/42ee7074a65a468ff345eae522cf878da5858956d650d1ac0da0e3611895acf3/tracks/new -> 200 (385 ms)
06:35:29 "POST /cf/sessions/42ee7074a65a468ff345eae522cf878da5858956d650d1ac0da0e3611895acf3/tracks/new HTTP/1.1" 200 -
06:35:29 "POST /collect HTTP/1.1" 200 -
06:35:29 "POST /save/pub-answer-k.sdp HTTP/1.1" 200 -
06:35:29 "POST /collect HTTP/1.1" 200 -
06:35:29 "POST /save/pub-answer-v.sdp HTTP/1.1" 200 -
06:35:29 "POST /collect HTTP/1.1" 200 -
06:35:29 "POST /collect HTTP/1.1" 200 -
06:35:29 "POST /collect HTTP/1.1" 200 -
06:35:29 CF POST /sessions/e62b9bb461faf076516ec10e5cd7ecfc98d69ca0f33bc4a254c154eee67ffacf/tracks/new -> 200 (365 ms)
06:35:29 "POST /cf/sessions/e62b9bb461faf076516ec10e5cd7ecfc98d69ca0f33bc4a254c154eee67ffacf/tracks/new HTTP/1.1" 200 -
06:35:29 "POST /collect HTTP/1.1" 200 -
06:35:29 "POST /collect HTTP/1.1" 200 -
06:35:29 CF POST /sessions/93541e058b16d64937245c73d1a11f2156d301096a0b512e1017add1d678f6a6/tracks/new -> 200 (393 ms)
06:35:29 "POST /cf/sessions/93541e058b16d64937245c73d1a11f2156d301096a0b512e1017add1d678f6a6/tracks/new HTTP/1.1" 200 -
06:35:29 CF POST /sessions/c11d6d7be15d1fcb9076f81838a5dc4329fd0843b53f52a0b04aabcb9bd4cd37/tracks/new -> 200 (367 ms)
06:35:29 "POST /cf/sessions/c11d6d7be15d1fcb9076f81838a5dc4329fd0843b53f52a0b04aabcb9bd4cd37/tracks/new HTTP/1.1" 200 -
06:35:29 "POST /collect HTTP/1.1" 200 -
06:35:29 "POST /save/pub-answer-p.sdp HTTP/1.1" 200 -
06:35:29 "POST /collect HTTP/1.1" 200 -
06:35:29 "POST /collect HTTP/1.1" 200 -
06:35:29 "POST /save/pub-answer-e.sdp HTTP/1.1" 200 -
06:35:29 "POST /save/pub-answer-o.sdp HTTP/1.1" 200 -
06:35:29 "POST /collect HTTP/1.1" 200 -
06:35:29 CF POST /sessions/22b622c5d43a6a44b5b2848e2619fc427990072c7674f89ad16ab8c39593c1f7/tracks/new -> 200 (398 ms)
06:35:29 "POST /cf/sessions/22b622c5d43a6a44b5b2848e2619fc427990072c7674f89ad16ab8c39593c1f7/tracks/new HTTP/1.1" 200 -
06:35:29 "POST /collect HTTP/1.1" 200 -
06:35:29 CF POST /sessions/b86af3bef4b6b631f1be0a36a13b71259d08597d7dbe18762270edf804fe3fda/tracks/new -> 200 (389 ms)
06:35:29 "POST /cf/sessions/b86af3bef4b6b631f1be0a36a13b71259d08597d7dbe18762270edf804fe3fda/tracks/new HTTP/1.1" 200 -
06:35:29 "POST /collect HTTP/1.1" 200 -
06:35:29 "POST /save/pub-answer-f.sdp HTTP/1.1" 200 -
06:35:29 "POST /collect HTTP/1.1" 200 -
06:35:29 "POST /collect HTTP/1.1" 200 -
06:35:29 CF POST /sessions/d8755831dc947d1b332d4e0d4645f6a6125eacc37011f128e76f6e99e7c7fa32/tracks/new -> 200 (321 ms)
06:35:29 "POST /cf/sessions/d8755831dc947d1b332d4e0d4645f6a6125eacc37011f128e76f6e99e7c7fa32/tracks/new HTTP/1.1" 200 -
06:35:29 "POST /collect HTTP/1.1" 200 -
06:35:29 "POST /save/pub-answer-d.sdp HTTP/1.1" 200 -
06:35:29 "POST /collect HTTP/1.1" 200 -
06:35:29 "POST /collect HTTP/1.1" 200 -
06:35:29 "POST /save/pub-answer-a.sdp HTTP/1.1" 200 -
06:35:29 "POST /collect HTTP/1.1" 200 -
06:35:29 "POST /collect HTTP/1.1" 200 -
06:35:29 "POST /collect HTTP/1.1" 200 -
06:35:29 "POST /collect HTTP/1.1" 200 -
06:35:29 "POST /collect HTTP/1.1" 200 -
06:35:29 CF POST /sessions/ceeaee62391871e3c5c27cc912199e04efd5106cdfa74ab08c4231458618eeee/tracks/new -> 200 (379 ms)
06:35:29 "POST /cf/sessions/ceeaee62391871e3c5c27cc912199e04efd5106cdfa74ab08c4231458618eeee/tracks/new HTTP/1.1" 200 -
06:35:29 "POST /collect HTTP/1.1" 200 -
06:35:29 "POST /collect HTTP/1.1" 200 -
06:35:29 "POST /collect HTTP/1.1" 200 -
06:35:29 CF POST /sessions/3373e395d75f06b82771243a94edde2c668e2f1a48edb699418527d9822a7aa0/tracks/new -> 200 (368 ms)
06:35:29 "POST /cf/sessions/3373e395d75f06b82771243a94edde2c668e2f1a48edb699418527d9822a7aa0/tracks/new HTTP/1.1" 200 -
06:35:29 "POST /save/pub-answer-n.sdp HTTP/1.1" 200 -
06:35:29 "POST /collect HTTP/1.1" 200 -
06:35:29 "POST /collect HTTP/1.1" 200 -
06:35:29 "POST /collect HTTP/1.1" 200 -
06:35:29 "POST /collect HTTP/1.1" 200 -
06:35:29 "POST /save/pub-answer-v.sdp HTTP/1.1" 200 -
06:35:29 "POST /collect HTTP/1.1" 200 -
06:35:29 CF POST /sessions/b29ba16614f0e64897f900dac94cdb67fc6a421a1f11c9f14733cbdcf2910987/tracks/new -> 200 (341 ms)
06:35:29 "POST /cf/sessions/b29ba16614f0e64897f900dac94cdb67fc6a421a1f11c9f14733cbdcf2910987/tracks/new HTTP/1.1" 200 -
06:35:29 "POST /collect HTTP/1.1" 200 -
06:35:29 "POST /collect HTTP/1.1" 200 -
06:35:29 "POST /collect HTTP/1.1" 200 -
06:35:29 "POST /save/pub-answer-2.sdp HTTP/1.1" 200 -
06:35:29 "POST /collect HTTP/1.1" 200 -
06:35:29 "POST /collect HTTP/1.1" 200 -
06:35:29 "POST /collect HTTP/1.1" 200 -
06:35:29 "POST /collect HTTP/1.1" 200 -
06:35:29 "POST /collect HTTP/1.1" 200 -
06:35:29 CF POST /sessions/33a0b57cad9d61dd9c68c60356fd52853d89922c29d8b624389656b95bdb7a05/tracks/new -> 200 (434 ms)
06:35:29 "POST /cf/sessions/33a0b57cad9d61dd9c68c60356fd52853d89922c29d8b624389656b95bdb7a05/tracks/new HTTP/1.1" 200 -
06:35:29 "POST /save/pub-answer-j.sdp HTTP/1.1" 200 -
06:35:29 "POST /collect HTTP/1.1" 200 -
06:35:29 "POST /collect HTTP/1.1" 200 -
06:35:29 CF POST /sessions/f1fc1bab946cb622ab8e433e893bd29f8a26c81a773abcf08dad70a563252b72/tracks/new -> 200 (338 ms)
06:35:29 "POST /cf/sessions/f1fc1bab946cb622ab8e433e893bd29f8a26c81a773abcf08dad70a563252b72/tracks/new HTTP/1.1" 200 -
06:35:29 "POST /collect HTTP/1.1" 200 -
06:35:29 "POST /collect HTTP/1.1" 200 -
06:35:29 "POST /save/pub-answer-a.sdp HTTP/1.1" 200 -
06:35:29 "POST /collect HTTP/1.1" 200 -
06:35:29 "POST /collect HTTP/1.1" 200 -
06:35:29 "POST /collect HTTP/1.1" 200 -
06:35:29 CF POST /sessions/610f213cff1f6318c6eef2ecc803b34b7c850987ae34076c918553b3abe0529b/tracks/new -> 200 (397 ms)
06:35:29 "POST /cf/sessions/610f213cff1f6318c6eef2ecc803b34b7c850987ae34076c918553b3abe0529b/tracks/new HTTP/1.1" 200 -
06:35:29 "POST /save/pub-answer-n.sdp HTTP/1.1" 200 -
06:35:29 CF POST /sessions/76eda3e53d125f01a3f56e6dbd206a7eb377f4bdd8b11e23ea91425fa6eb70d3/tracks/new -> 200 (396 ms)
06:35:29 "POST /cf/sessions/76eda3e53d125f01a3f56e6dbd206a7eb377f4bdd8b11e23ea91425fa6eb70d3/tracks/new HTTP/1.1" 200 -
06:35:29 CF POST /sessions/8bb6dd145cd8cd21c176af2e27edf2245a709a63e0b1fe9eae9cc79a8e264cf3/tracks/new -> 200 (446 ms)
06:35:29 "POST /cf/sessions/8bb6dd145cd8cd21c176af2e27edf2245a709a63e0b1fe9eae9cc79a8e264cf3/tracks/new HTTP/1.1" 200 -
06:35:29 "POST /collect HTTP/1.1" 200 -
06:35:29 "POST /join HTTP/1.1" 200 -
06:35:29 "POST /collect HTTP/1.1" 200 -
06:35:29 "POST /save/pub-answer-1.sdp HTTP/1.1" 200 -
06:35:29 "POST /collect HTTP/1.1" 200 -
06:35:29 "POST /collect HTTP/1.1" 200 -
06:35:29 "POST /save/pub-answer-q.sdp HTTP/1.1" 200 -
06:35:29 "POST /collect HTTP/1.1" 200 -
06:35:29 "POST /collect HTTP/1.1" 200 -
06:35:29 "POST /collect HTTP/1.1" 200 -
06:35:29 CF POST /sessions/a6fcff3c46dc56abf03665366497adc53969135d50517f5a3308eae83bdd0add/tracks/new -> 200 (418 ms)
06:35:29 "POST /cf/sessions/a6fcff3c46dc56abf03665366497adc53969135d50517f5a3308eae83bdd0add/tracks/new HTTP/1.1" 200 -
06:35:29 "POST /collect HTTP/1.1" 200 -
06:35:29 "POST /collect HTTP/1.1" 200 -
06:35:29 "POST /collect HTTP/1.1" 200 -
06:35:29 CF POST /sessions/632a2a38890c2c65a698f8c4f53e54733ebed605307469ef20f1970f52498e95/tracks/new -> 200 (418 ms)
06:35:29 "POST /cf/sessions/632a2a38890c2c65a698f8c4f53e54733ebed605307469ef20f1970f52498e95/tracks/new HTTP/1.1" 200 -
06:35:29 CF POST /sessions/bbc337431df975311655c731a7ea44fc87de574f0968a5accace8117e8e4b7c6/tracks/new -> 200 (418 ms)
06:35:29 "POST /cf/sessions/bbc337431df975311655c731a7ea44fc87de574f0968a5accace8117e8e4b7c6/tracks/new HTTP/1.1" 200 -
06:35:29 "POST /save/pub-answer-t.sdp HTTP/1.1" 200 -
06:35:29 CF POST /sessions/5c3e94e068d097724a60405baba50d5d8eaf8eeb074b47d6ac4d3fd6f1407208/tracks/new -> 200 (430 ms)
06:35:29 "POST /cf/sessions/5c3e94e068d097724a60405baba50d5d8eaf8eeb074b47d6ac4d3fd6f1407208/tracks/new HTTP/1.1" 200 -
06:35:29 "POST /save/pub-answer-s.sdp HTTP/1.1" 200 -
06:35:29 "POST /save/pub-answer-o.sdp HTTP/1.1" 200 -
06:35:29 "POST /collect HTTP/1.1" 200 -
06:35:29 "POST /collect HTTP/1.1" 200 -
06:35:29 "POST /save/pub-answer-u.sdp HTTP/1.1" 200 -
06:35:29 "POST /collect HTTP/1.1" 200 -
06:35:29 CF POST /sessions/2be0200a45fe82d6c3ff022927a75a76febdbaa0af5ac61f7b74d8194b1fa651/tracks/new -> 200 (348 ms)
06:35:29 "POST /collect HTTP/1.1" 200 -
06:35:29 "POST /cf/sessions/2be0200a45fe82d6c3ff022927a75a76febdbaa0af5ac61f7b74d8194b1fa651/tracks/new HTTP/1.1" 200 -
06:35:29 "POST /collect HTTP/1.1" 200 -
06:35:29 "POST /collect HTTP/1.1" 200 -
06:35:29 "POST /collect HTTP/1.1" 200 -
06:35:29 "POST /save/pub-answer-y.sdp HTTP/1.1" 200 -
06:35:29 "POST /collect HTTP/1.1" 200 -
06:35:29 "POST /collect HTTP/1.1" 200 -
06:35:29 "POST /collect HTTP/1.1" 200 -
06:35:29 CF POST /sessions/18bd41a3f9202a6b3fe5b7b76870f7c831f408fc64e8f2c134aec818e0637bb9/tracks/new -> 200 (438 ms)
06:35:29 "POST /cf/sessions/18bd41a3f9202a6b3fe5b7b76870f7c831f408fc64e8f2c134aec818e0637bb9/tracks/new HTTP/1.1" 200 -
06:35:29 CF POST /sessions/2ed1ddc559d41b06e7c17599524ae5c743a7cc6fe009350f548e86fd892fcc3c/tracks/new -> 200 (355 ms)
06:35:29 "POST /cf/sessions/2ed1ddc559d41b06e7c17599524ae5c743a7cc6fe009350f548e86fd892fcc3c/tracks/new HTTP/1.1" 200 -
06:35:29 "POST /collect HTTP/1.1" 200 -
06:35:29 CF POST /sessions/7ed7e8f79e4ca76e663d63184e339a25374a00d2084a1c9092bafd8d0151bbe0/tracks/new -> 200 (434 ms)
06:35:29 "POST /cf/sessions/7ed7e8f79e4ca76e663d63184e339a25374a00d2084a1c9092bafd8d0151bbe0/tracks/new HTTP/1.1" 200 -
06:35:29 "POST /join HTTP/1.1" 200 -
06:35:29 "POST /save/pub-answer-m.sdp HTTP/1.1" 200 -
06:35:29 "POST /collect HTTP/1.1" 200 -
06:35:29 "POST /save/pub-answer-z.sdp HTTP/1.1" 200 -
06:35:29 CF POST /sessions/dbd49ed237efc56256a907bcb5e3b5f848aa119270b3eece73594399cec08667/tracks/new -> 200 (356 ms)
06:35:29 "POST /cf/sessions/dbd49ed237efc56256a907bcb5e3b5f848aa119270b3eece73594399cec08667/tracks/new HTTP/1.1" 200 -
06:35:29 CF POST /sessions/7a4a34d7ee54f2e38f0efb8482e9bae1efa7ff8501c747d97e088df2208ca454/tracks/new -> 200 (389 ms)
06:35:29 "POST /cf/sessions/7a4a34d7ee54f2e38f0efb8482e9bae1efa7ff8501c747d97e088df2208ca454/tracks/new HTTP/1.1" 200 -
06:35:29 "POST /collect HTTP/1.1" 200 -
06:35:29 "POST /save/pub-answer-b.sdp HTTP/1.1" 200 -
06:35:29 CF POST /sessions/f91ec1da575934fa97432d18ef33cdd05acc788d35a83c644fc952b452249642/tracks/new -> 200 (337 ms)
06:35:29 "POST /cf/sessions/f91ec1da575934fa97432d18ef33cdd05acc788d35a83c644fc952b452249642/tracks/new HTTP/1.1" 200 -
06:35:29 "POST /collect HTTP/1.1" 200 -
06:35:29 "POST /collect HTTP/1.1" 200 -
06:35:29 "POST /save/pub-answer-x.sdp HTTP/1.1" 200 -
06:35:29 "POST /save/pub-answer-i.sdp HTTP/1.1" 200 -
06:35:29 "POST /collect HTTP/1.1" 200 -
06:35:29 "POST /collect HTTP/1.1" 200 -
06:35:29 "POST /save/pub-answer-x.sdp HTTP/1.1" 200 -
06:35:29 "POST /collect HTTP/1.1" 200 -
06:35:29 "POST /collect HTTP/1.1" 200 -
06:35:29 "POST /collect HTTP/1.1" 200 -
06:35:29 "POST /collect HTTP/1.1" 200 -
06:35:29 "POST /collect HTTP/1.1" 200 -
06:35:29 "POST /collect HTTP/1.1" 200 -
06:35:29 "POST /collect HTTP/1.1" 200 -
06:35:29 "POST /collect HTTP/1.1" 200 -
06:35:29 CF POST /sessions/0c145fe2f7980e9434f1a9f52125e27a9a906dac11670adbf8ff04dc5f8887c2/tracks/new -> 200 (353 ms)
06:35:29 "POST /cf/sessions/0c145fe2f7980e9434f1a9f52125e27a9a906dac11670adbf8ff04dc5f8887c2/tracks/new HTTP/1.1" 200 -
06:35:29 "POST /collect HTTP/1.1" 200 -
06:35:29 "POST /collect HTTP/1.1" 200 -
06:35:29 "POST /collect HTTP/1.1" 200 -
06:35:29 "POST /collect HTTP/1.1" 200 -
06:35:29 "POST /save/pub-answer-w.sdp HTTP/1.1" 200 -
06:35:29 "POST /collect HTTP/1.1" 200 -
06:35:29 "POST /collect HTTP/1.1" 200 -
06:35:29 CF POST /sessions/268b1e540130ad2f68293f94648a7a8e66e31aaf3ae22b0da65c8e7bfc170a77/tracks/new -> 200 (318 ms)
06:35:29 "POST /cf/sessions/268b1e540130ad2f68293f94648a7a8e66e31aaf3ae22b0da65c8e7bfc170a77/tracks/new HTTP/1.1" 200 -
06:35:29 "POST /collect HTTP/1.1" 200 -
06:35:29 "POST /collect HTTP/1.1" 200 -
06:35:29 "POST /collect HTTP/1.1" 200 -
06:35:29 "POST /save/pub-answer-j.sdp HTTP/1.1" 200 -
06:35:29 "POST /collect HTTP/1.1" 200 -
06:35:29 "POST /collect HTTP/1.1" 200 -
06:35:29 "POST /collect HTTP/1.1" 200 -
06:35:29 "POST /collect HTTP/1.1" 200 -
06:35:29 "POST /collect HTTP/1.1" 200 -
06:35:29 CF POST /sessions/afd6fc66ad6c5249fe950e58a1162d43626bd9c6426a6149ecb34ad4bac840c0/tracks/new -> 200 (387 ms)
06:35:29 "POST /cf/sessions/afd6fc66ad6c5249fe950e58a1162d43626bd9c6426a6149ecb34ad4bac840c0/tracks/new HTTP/1.1" 200 -
06:35:29 "POST /save/pub-answer-y.sdp HTTP/1.1" 200 -
06:35:29 "POST /collect HTTP/1.1" 200 -
06:35:29 "POST /collect HTTP/1.1" 200 -
06:35:29 "POST /collect HTTP/1.1" 200 -
06:35:29 CF POST /sessions/12b794a9850a1d77c93ec275d920920f857cd02f7685a4cc8d885eb1efd2c0e1/tracks/new -> 200 (368 ms)
06:35:29 "POST /cf/sessions/12b794a9850a1d77c93ec275d920920f857cd02f7685a4cc8d885eb1efd2c0e1/tracks/new HTTP/1.1" 200 -
06:35:29 CF POST /sessions/41dc9dc4bbe7fb9202b632db99384056ce39edf4e3836b067c54fbf11734ba2d/tracks/new -> 200 (314 ms)
06:35:29 "POST /cf/sessions/41dc9dc4bbe7fb9202b632db99384056ce39edf4e3836b067c54fbf11734ba2d/tracks/new HTTP/1.1" 200 -
06:35:29 "POST /save/pub-answer-h.sdp HTTP/1.1" 200 -
06:35:29 "POST /save/pub-answer-s.sdp HTTP/1.1" 200 -
06:35:29 "POST /collect HTTP/1.1" 200 -
06:35:29 "POST /collect HTTP/1.1" 200 -
06:35:29 "POST /collect HTTP/1.1" 200 -
06:35:29 "POST /collect HTTP/1.1" 200 -
06:35:29 "POST /collect HTTP/1.1" 200 -
06:35:29 "POST /collect HTTP/1.1" 200 -
06:35:29 CF POST /sessions/2595b48a2b033122a29a58b9d32076f9c23419b38513cd09825f805bfee88592/tracks/new -> 200 (329 ms)
06:35:29 "POST /cf/sessions/2595b48a2b033122a29a58b9d32076f9c23419b38513cd09825f805bfee88592/tracks/new HTTP/1.1" 200 -
06:35:29 "POST /save/pub-answer-t.sdp HTTP/1.1" 200 -
06:35:29 "POST /collect HTTP/1.1" 200 -
06:35:29 "POST /collect HTTP/1.1" 200 -
06:35:29 "POST /collect HTTP/1.1" 200 -
06:35:29 CF POST /sessions/8139003abcc53a5017d4ae9385fd4d527f35ab6532f2569f1ae4f79a09a5697f/tracks/new -> 200 (400 ms)
06:35:29 "POST /cf/sessions/8139003abcc53a5017d4ae9385fd4d527f35ab6532f2569f1ae4f79a09a5697f/tracks/new HTTP/1.1" 200 -
06:35:29 "POST /save/pub-answer-k.sdp HTTP/1.1" 200 -
06:35:29 "POST /collect HTTP/1.1" 200 -
06:35:29 CF POST /sessions/191f30afb6bb937a2e9cd8fc7cac3ba515b8a82ff1e43ea39550c1780ef3bf24/tracks/new -> 200 (324 ms)
06:35:29 "POST /cf/sessions/191f30afb6bb937a2e9cd8fc7cac3ba515b8a82ff1e43ea39550c1780ef3bf24/tracks/new HTTP/1.1" 200 -
06:35:29 "POST /collect HTTP/1.1" 200 -
06:35:29 "POST /collect HTTP/1.1" 200 -
06:35:29 "POST /save/pub-answer-d.sdp HTTP/1.1" 200 -
06:35:29 "POST /collect HTTP/1.1" 200 -
06:35:29 CF POST /sessions/0ccd924331c93af46c8578e4bae5baa2910d885fbe28c4b6d34eb7411a4ff00f/tracks/new -> 200 (342 ms)
06:35:29 "POST /cf/sessions/0ccd924331c93af46c8578e4bae5baa2910d885fbe28c4b6d34eb7411a4ff00f/tracks/new HTTP/1.1" 200 -
06:35:29 "POST /collect HTTP/1.1" 200 -
06:35:29 "POST /collect HTTP/1.1" 200 -
06:35:29 "POST /save/pub-answer-r.sdp HTTP/1.1" 200 -
06:35:29 "POST /collect HTTP/1.1" 200 -
06:35:29 "POST /collect HTTP/1.1" 200 -
06:35:29 "POST /collect HTTP/1.1" 200 -
06:35:30 CF POST /sessions/63008f24720bd57b8d4369ead5993ab954ce811187ff75ffd54aa7ef8093ec3f/tracks/new -> 200 (361 ms)
06:35:30 "POST /cf/sessions/63008f24720bd57b8d4369ead5993ab954ce811187ff75ffd54aa7ef8093ec3f/tracks/new HTTP/1.1" 200 -
06:35:30 CF POST /sessions/08d1a807c7c2db7e4e7de210468ee14be48a20d131b14421d5311351bddb2e9c/tracks/new -> 200 (347 ms)
06:35:30 "POST /cf/sessions/08d1a807c7c2db7e4e7de210468ee14be48a20d131b14421d5311351bddb2e9c/tracks/new HTTP/1.1" 200 -
06:35:30 "POST /collect HTTP/1.1" 200 -
06:35:30 "POST /save/pub-answer-u.sdp HTTP/1.1" 200 -
06:35:30 "POST /save/pub-answer-g.sdp HTTP/1.1" 200 -
06:35:30 CF POST /sessions/452346b324bf5d2aeff3737198c7ab02cabd0ac5ba202024e4943650e02f5d59/tracks/new -> 200 (337 ms)
06:35:30 "POST /cf/sessions/452346b324bf5d2aeff3737198c7ab02cabd0ac5ba202024e4943650e02f5d59/tracks/new HTTP/1.1" 200 -
06:35:30 CF POST /sessions/2264ae62ff594306772deef1a989cfaf177c014a710379a0b75d10c3246ed815/tracks/new -> 200 (335 ms)
06:35:30 "POST /cf/sessions/2264ae62ff594306772deef1a989cfaf177c014a710379a0b75d10c3246ed815/tracks/new HTTP/1.1" 200 -
06:35:30 "POST /collect HTTP/1.1" 200 -
06:35:30 "POST /save/pub-answer-f.sdp HTTP/1.1" 200 -
06:35:30 "POST /collect HTTP/1.1" 200 -
06:35:30 "POST /save/pub-answer-e.sdp HTTP/1.1" 200 -
06:35:30 "POST /collect HTTP/1.1" 200 -
06:35:30 "POST /collect HTTP/1.1" 200 -
06:35:30 "POST /collect HTTP/1.1" 200 -
06:35:30 "POST /collect HTTP/1.1" 200 -
06:35:30 "POST /collect HTTP/1.1" 200 -
06:35:30 "POST /collect HTTP/1.1" 200 -
06:35:30 "POST /collect HTTP/1.1" 200 -
06:35:30 "POST /collect HTTP/1.1" 200 -
06:35:30 "POST /collect HTTP/1.1" 200 -
06:35:30 "POST /collect HTTP/1.1" 200 -
06:35:31 "POST /collect HTTP/1.1" 200 -
06:35:31 "POST /collect HTTP/1.1" 200 -
06:35:32 "POST /collect HTTP/1.1" 200 -
06:35:32 "POST /collect HTTP/1.1" 200 -
06:35:33 "POST /collect HTTP/1.1" 200 -
06:35:33 "POST /collect HTTP/1.1" 200 -
06:35:33 "POST /collect HTTP/1.1" 200 -
06:35:33 "POST /collect HTTP/1.1" 200 -
06:35:33 "POST /collect HTTP/1.1" 200 -
06:35:33 "POST /collect HTTP/1.1" 200 -
06:35:33 "POST /collect HTTP/1.1" 200 -
06:35:33 "POST /collect HTTP/1.1" 200 -
06:35:33 "POST /collect HTTP/1.1" 200 -
06:35:33 "POST /collect HTTP/1.1" 200 -
06:35:33 "POST /collect HTTP/1.1" 200 -
06:35:33 "POST /collect HTTP/1.1" 200 -
06:35:33 "POST /collect HTTP/1.1" 200 -
06:35:33 "POST /collect HTTP/1.1" 200 -
06:35:33 "POST /collect HTTP/1.1" 200 -
06:35:33 "POST /collect HTTP/1.1" 200 -
06:35:33 "POST /join HTTP/1.1" 200 -
06:35:33 "POST /collect HTTP/1.1" 200 -
06:35:33 "POST /join HTTP/1.1" 200 -
06:35:33 "POST /collect HTTP/1.1" 200 -
06:35:33 "GET /roster HTTP/1.1" 200 -
06:35:33 "POST /join HTTP/1.1" 200 -
06:35:33 "POST /join HTTP/1.1" 200 -
06:35:33 "POST /join HTTP/1.1" 200 -
06:35:33 "POST /join HTTP/1.1" 200 -
06:35:33 "POST /collect HTTP/1.1" 200 -
06:35:33 "POST /join HTTP/1.1" 200 -
06:35:33 "POST /collect HTTP/1.1" 200 -
06:35:33 "POST /collect HTTP/1.1" 200 -
06:35:33 "POST /join HTTP/1.1" 200 -
06:35:33 "POST /join HTTP/1.1" 200 -
06:35:33 "POST /collect HTTP/1.1" 200 -
06:35:33 "POST /collect HTTP/1.1" 200 -
06:35:33 "POST /join HTTP/1.1" 200 -
06:35:33 "POST /collect HTTP/1.1" 200 -
06:35:33 "POST /join HTTP/1.1" 200 -
06:35:33 "POST /join HTTP/1.1" 200 -
06:35:33 "POST /collect HTTP/1.1" 200 -
06:35:33 "POST /collect HTTP/1.1" 200 -
06:35:33 "POST /collect HTTP/1.1" 200 -
06:35:33 "POST /collect HTTP/1.1" 200 -
06:35:33 CF POST /sessions/b29ba16614f0e64897f900dac94cdb67fc6a421a1f11c9f14733cbdcf2910987/tracks/new -> 200 (264 ms)
06:35:33 "POST /cf/sessions/b29ba16614f0e64897f900dac94cdb67fc6a421a1f11c9f14733cbdcf2910987/tracks/new HTTP/1.1" 200 -
06:35:33 CF PUT /sessions/b29ba16614f0e64897f900dac94cdb67fc6a421a1f11c9f14733cbdcf2910987/renegotiate -> 200 (143 ms)
06:35:33 "PUT /cf/sessions/b29ba16614f0e64897f900dac94cdb67fc6a421a1f11c9f14733cbdcf2910987/renegotiate HTTP/1.1" 200 -
06:35:33 "POST /collect HTTP/1.1" 200 -
06:35:33 CF POST /sessions/b29ba16614f0e64897f900dac94cdb67fc6a421a1f11c9f14733cbdcf2910987/tracks/new -> 200 (268 ms)
06:35:33 "POST /cf/sessions/b29ba16614f0e64897f900dac94cdb67fc6a421a1f11c9f14733cbdcf2910987/tracks/new HTTP/1.1" 200 -
06:35:33 "POST /collect HTTP/1.1" 200 -
06:35:33 CF PUT /sessions/b29ba16614f0e64897f900dac94cdb67fc6a421a1f11c9f14733cbdcf2910987/renegotiate -> 200 (132 ms)
06:35:33 "PUT /cf/sessions/b29ba16614f0e64897f900dac94cdb67fc6a421a1f11c9f14733cbdcf2910987/renegotiate HTTP/1.1" 200 -
06:35:33 "POST /collect HTTP/1.1" 200 -
06:35:34 "POST /join HTTP/1.1" 200 -
06:35:34 "POST /collect HTTP/1.1" 200 -
06:35:34 "POST /collect HTTP/1.1" 200 -
06:35:34 "POST /collect HTTP/1.1" 200 -
06:35:34 "POST /collect HTTP/1.1" 200 -
06:35:34 "POST /collect HTTP/1.1" 200 -
06:35:34 "POST /collect HTTP/1.1" 200 -
06:35:34 "POST /collect HTTP/1.1" 200 -
06:35:34 "POST /collect HTTP/1.1" 200 -
06:35:34 "POST /collect HTTP/1.1" 200 -
06:35:34 "POST /collect HTTP/1.1" 200 -
06:35:34 "POST /collect HTTP/1.1" 200 -
06:35:34 "POST /collect HTTP/1.1" 200 -
06:35:34 "POST /collect HTTP/1.1" 200 -
06:35:34 "POST /collect HTTP/1.1" 200 -
06:35:34 "POST /collect HTTP/1.1" 200 -
06:35:34 "POST /collect HTTP/1.1" 200 -
06:35:34 "POST /collect HTTP/1.1" 200 -
06:35:34 "POST /collect HTTP/1.1" 200 -
06:35:34 "POST /collect HTTP/1.1" 200 -
06:35:34 "POST /collect HTTP/1.1" 200 -
06:35:34 "POST /collect HTTP/1.1" 200 -
06:35:34 "POST /collect HTTP/1.1" 200 -
06:35:34 "POST /join HTTP/1.1" 200 -
06:35:34 "POST /collect HTTP/1.1" 200 -
06:35:34 "POST /join HTTP/1.1" 200 -
06:35:34 "POST /join HTTP/1.1" 200 -
06:35:34 "POST /join HTTP/1.1" 200 -
06:35:34 "POST /join HTTP/1.1" 200 -
06:35:34 "POST /collect HTTP/1.1" 200 -
06:35:34 "POST /join HTTP/1.1" 200 -
06:35:34 "POST /join HTTP/1.1" 200 -
06:35:34 "POST /collect HTTP/1.1" 200 -
06:35:34 "POST /collect HTTP/1.1" 200 -
06:35:34 "POST /collect HTTP/1.1" 200 -
06:35:34 "POST /join HTTP/1.1" 200 -
06:35:34 "POST /join HTTP/1.1" 200 -
06:35:34 "POST /join HTTP/1.1" 200 -
06:35:34 "POST /join HTTP/1.1" 200 -
06:35:34 "POST /join HTTP/1.1" 200 -
06:35:34 "POST /join HTTP/1.1" 200 -
06:35:34 "POST /join HTTP/1.1" 200 -
06:35:34 "POST /join HTTP/1.1" 200 -
06:35:34 "POST /join HTTP/1.1" 200 -
06:35:34 "POST /collect HTTP/1.1" 200 -
06:35:34 "POST /join HTTP/1.1" 200 -
06:35:34 "POST /join HTTP/1.1" 200 -
06:35:34 "POST /collect HTTP/1.1" 200 -
06:35:34 "POST /join HTTP/1.1" 200 -
06:35:34 "POST /collect HTTP/1.1" 200 -
06:35:34 "POST /collect HTTP/1.1" 200 -
06:35:34 "POST /collect HTTP/1.1" 200 -
06:35:34 "POST /collect HTTP/1.1" 200 -
06:35:34 "POST /collect HTTP/1.1" 200 -
06:35:34 "POST /collect HTTP/1.1" 200 -
06:35:34 "POST /collect HTTP/1.1" 200 -
06:35:34 "POST /collect HTTP/1.1" 200 -
06:35:34 "POST /collect HTTP/1.1" 200 -
06:35:34 "POST /collect HTTP/1.1" 200 -
06:35:34 "POST /collect HTTP/1.1" 200 -
06:35:34 "POST /collect HTTP/1.1" 200 -
06:35:34 CF POST /sessions/b29ba16614f0e64897f900dac94cdb67fc6a421a1f11c9f14733cbdcf2910987/tracks/new -> 200 (269 ms)
06:35:34 "POST /cf/sessions/b29ba16614f0e64897f900dac94cdb67fc6a421a1f11c9f14733cbdcf2910987/tracks/new HTTP/1.1" 200 -
06:35:34 CF PUT /sessions/b29ba16614f0e64897f900dac94cdb67fc6a421a1f11c9f14733cbdcf2910987/renegotiate -> 200 (156 ms)
06:35:34 "PUT /cf/sessions/b29ba16614f0e64897f900dac94cdb67fc6a421a1f11c9f14733cbdcf2910987/renegotiate HTTP/1.1" 200 -
06:35:34 "POST /collect HTTP/1.1" 200 -
06:35:34 "POST /collect HTTP/1.1" 200 -
06:35:34 CF POST /sessions/b29ba16614f0e64897f900dac94cdb67fc6a421a1f11c9f14733cbdcf2910987/tracks/new -> 200 (193 ms)
06:35:34 "POST /cf/sessions/b29ba16614f0e64897f900dac94cdb67fc6a421a1f11c9f14733cbdcf2910987/tracks/new HTTP/1.1" 200 -
06:35:34 "POST /collect HTTP/1.1" 200 -
06:35:34 CF PUT /sessions/b29ba16614f0e64897f900dac94cdb67fc6a421a1f11c9f14733cbdcf2910987/renegotiate -> 200 (138 ms)
06:35:34 "PUT /cf/sessions/b29ba16614f0e64897f900dac94cdb67fc6a421a1f11c9f14733cbdcf2910987/renegotiate HTTP/1.1" 200 -
06:35:34 "POST /collect HTTP/1.1" 200 -
06:35:34 "POST /collect HTTP/1.1" 200 -
06:35:34 "POST /collect HTTP/1.1" 200 -
06:35:35 "POST /collect HTTP/1.1" 200 -
06:35:35 "POST /collect HTTP/1.1" 200 -
06:35:35 "POST /collect HTTP/1.1" 200 -
06:35:35 CF POST /sessions/b29ba16614f0e64897f900dac94cdb67fc6a421a1f11c9f14733cbdcf2910987/tracks/new -> 200 (248 ms)
06:35:35 "POST /cf/sessions/b29ba16614f0e64897f900dac94cdb67fc6a421a1f11c9f14733cbdcf2910987/tracks/new HTTP/1.1" 200 -
06:35:35 "POST /collect HTTP/1.1" 200 -
06:35:35 "POST /collect HTTP/1.1" 200 -
06:35:35 "POST /collect HTTP/1.1" 200 -
06:35:35 "POST /join HTTP/1.1" 200 -
06:35:35 "POST /join HTTP/1.1" 200 -
06:35:35 "POST /collect HTTP/1.1" 200 -
06:35:35 "POST /collect HTTP/1.1" 200 -
06:35:35 "GET /roster HTTP/1.1" 200 -
06:35:35 "POST /collect HTTP/1.1" 200 -
06:35:35 "POST /join HTTP/1.1" 200 -
06:35:35 "POST /join HTTP/1.1" 200 -
06:35:35 "POST /collect HTTP/1.1" 200 -
06:35:35 "GET /roster HTTP/1.1" 200 -
06:35:35 "POST /collect HTTP/1.1" 200 -
06:35:35 "POST /join HTTP/1.1" 200 -
06:35:35 "POST /join HTTP/1.1" 200 -
06:35:35 "POST /collect HTTP/1.1" 200 -
06:35:35 "POST /collect HTTP/1.1" 200 -
06:35:35 CF PUT /sessions/b29ba16614f0e64897f900dac94cdb67fc6a421a1f11c9f14733cbdcf2910987/renegotiate -> 200 (183 ms)
06:35:35 "PUT /cf/sessions/b29ba16614f0e64897f900dac94cdb67fc6a421a1f11c9f14733cbdcf2910987/renegotiate HTTP/1.1" 200 -
06:35:35 "POST /collect HTTP/1.1" 200 -
06:35:35 CF POST /sessions/76eda3e53d125f01a3f56e6dbd206a7eb377f4bdd8b11e23ea91425fa6eb70d3/tracks/new -> 200 (210 ms)
06:35:35 "POST /cf/sessions/76eda3e53d125f01a3f56e6dbd206a7eb377f4bdd8b11e23ea91425fa6eb70d3/tracks/new HTTP/1.1" 200 -
06:35:35 "POST /collect HTTP/1.1" 200 -
06:35:35 CF POST /sessions/b29ba16614f0e64897f900dac94cdb67fc6a421a1f11c9f14733cbdcf2910987/tracks/new -> 200 (230 ms)
06:35:35 "POST /cf/sessions/b29ba16614f0e64897f900dac94cdb67fc6a421a1f11c9f14733cbdcf2910987/tracks/new HTTP/1.1" 200 -
06:35:35 CF PUT /sessions/76eda3e53d125f01a3f56e6dbd206a7eb377f4bdd8b11e23ea91425fa6eb70d3/renegotiate -> 200 (175 ms)
06:35:35 "PUT /cf/sessions/76eda3e53d125f01a3f56e6dbd206a7eb377f4bdd8b11e23ea91425fa6eb70d3/renegotiate HTTP/1.1" 200 -
06:35:35 "POST /collect HTTP/1.1" 200 -
06:35:35 CF PUT /sessions/b29ba16614f0e64897f900dac94cdb67fc6a421a1f11c9f14733cbdcf2910987/renegotiate -> 200 (158 ms)
06:35:35 "PUT /cf/sessions/b29ba16614f0e64897f900dac94cdb67fc6a421a1f11c9f14733cbdcf2910987/renegotiate HTTP/1.1" 200 -
06:35:35 "POST /collect HTTP/1.1" 200 -
06:35:35 CF POST /sessions/76eda3e53d125f01a3f56e6dbd206a7eb377f4bdd8b11e23ea91425fa6eb70d3/tracks/new -> 200 (214 ms)
06:35:35 "POST /cf/sessions/76eda3e53d125f01a3f56e6dbd206a7eb377f4bdd8b11e23ea91425fa6eb70d3/tracks/new HTTP/1.1" 200 -
06:35:35 "POST /join HTTP/1.1" 200 -
06:35:35 "POST /collect HTTP/1.1" 200 -
06:35:35 "POST /join HTTP/1.1" 200 -
06:35:35 "POST /join HTTP/1.1" 200 -
06:35:35 "POST /collect HTTP/1.1" 200 -
06:35:35 "POST /join HTTP/1.1" 200 -
06:35:35 "POST /collect HTTP/1.1" 200 -
06:35:35 "POST /collect HTTP/1.1" 200 -
06:35:35 "POST /collect HTTP/1.1" 200 -
06:35:35 "POST /collect HTTP/1.1" 200 -
06:35:35 CF POST /sessions/b29ba16614f0e64897f900dac94cdb67fc6a421a1f11c9f14733cbdcf2910987/tracks/new -> 200 (236 ms)
06:35:35 "POST /cf/sessions/b29ba16614f0e64897f900dac94cdb67fc6a421a1f11c9f14733cbdcf2910987/tracks/new HTTP/1.1" 200 -
06:35:35 CF PUT /sessions/76eda3e53d125f01a3f56e6dbd206a7eb377f4bdd8b11e23ea91425fa6eb70d3/renegotiate -> 200 (145 ms)
06:35:35 "PUT /cf/sessions/76eda3e53d125f01a3f56e6dbd206a7eb377f4bdd8b11e23ea91425fa6eb70d3/renegotiate HTTP/1.1" 200 -
06:35:35 "POST /collect HTTP/1.1" 200 -
06:35:36 "POST /collect HTTP/1.1" 200 -
06:35:36 "POST /collect HTTP/1.1" 200 -
06:35:36 CF POST /sessions/76eda3e53d125f01a3f56e6dbd206a7eb377f4bdd8b11e23ea91425fa6eb70d3/tracks/new -> 200 (150 ms)
06:35:36 "POST /cf/sessions/76eda3e53d125f01a3f56e6dbd206a7eb377f4bdd8b11e23ea91425fa6eb70d3/tracks/new HTTP/1.1" 200 -
06:35:36 CF PUT /sessions/b29ba16614f0e64897f900dac94cdb67fc6a421a1f11c9f14733cbdcf2910987/renegotiate -> 200 (172 ms)
06:35:36 "PUT /cf/sessions/b29ba16614f0e64897f900dac94cdb67fc6a421a1f11c9f14733cbdcf2910987/renegotiate HTTP/1.1" 200 -
06:35:36 "POST /collect HTTP/1.1" 200 -
06:35:36 "POST /join HTTP/1.1" 200 -
06:35:36 "POST /collect HTTP/1.1" 200 -
06:35:36 "POST /collect HTTP/1.1" 200 -
06:35:36 "POST /collect HTTP/1.1" 200 -
06:35:36 "POST /collect HTTP/1.1" 200 -
06:35:36 "POST /collect HTTP/1.1" 200 -
06:35:36 "POST /collect HTTP/1.1" 200 -
06:35:36 "POST /collect HTTP/1.1" 200 -
06:35:36 "POST /collect HTTP/1.1" 200 -
06:35:36 "POST /collect HTTP/1.1" 200 -
06:35:36 "POST /collect HTTP/1.1" 200 -
06:35:36 "POST /collect HTTP/1.1" 200 -
06:35:36 "POST /join HTTP/1.1" 200 -
06:35:36 "POST /collect HTTP/1.1" 200 -
06:35:36 "POST /join HTTP/1.1" 200 -
06:35:36 "POST /collect HTTP/1.1" 200 -
06:35:36 CF PUT /sessions/76eda3e53d125f01a3f56e6dbd206a7eb377f4bdd8b11e23ea91425fa6eb70d3/renegotiate -> 200 (173 ms)
06:35:36 "PUT /cf/sessions/76eda3e53d125f01a3f56e6dbd206a7eb377f4bdd8b11e23ea91425fa6eb70d3/renegotiate HTTP/1.1" 200 -
06:35:36 "POST /collect HTTP/1.1" 200 -
06:35:36 "POST /collect HTTP/1.1" 200 -
06:35:36 CF POST /sessions/b29ba16614f0e64897f900dac94cdb67fc6a421a1f11c9f14733cbdcf2910987/tracks/new -> 200 (274 ms)
06:35:36 "POST /cf/sessions/b29ba16614f0e64897f900dac94cdb67fc6a421a1f11c9f14733cbdcf2910987/tracks/new HTTP/1.1" 200 -
06:35:36 CF POST /sessions/76eda3e53d125f01a3f56e6dbd206a7eb377f4bdd8b11e23ea91425fa6eb70d3/tracks/new -> 200 (152 ms)
06:35:36 "POST /cf/sessions/76eda3e53d125f01a3f56e6dbd206a7eb377f4bdd8b11e23ea91425fa6eb70d3/tracks/new HTTP/1.1" 200 -
06:35:36 "POST /collect HTTP/1.1" 200 -
06:35:36 CF PUT /sessions/b29ba16614f0e64897f900dac94cdb67fc6a421a1f11c9f14733cbdcf2910987/renegotiate -> 200 (175 ms)
06:35:36 "PUT /cf/sessions/b29ba16614f0e64897f900dac94cdb67fc6a421a1f11c9f14733cbdcf2910987/renegotiate HTTP/1.1" 200 -
06:35:36 "POST /collect HTTP/1.1" 200 -
06:35:36 CF PUT /sessions/76eda3e53d125f01a3f56e6dbd206a7eb377f4bdd8b11e23ea91425fa6eb70d3/renegotiate -> 200 (165 ms)
06:35:36 "PUT /cf/sessions/76eda3e53d125f01a3f56e6dbd206a7eb377f4bdd8b11e23ea91425fa6eb70d3/renegotiate HTTP/1.1" 200 -
06:35:36 "POST /collect HTTP/1.1" 200 -
06:35:36 CF POST /sessions/76eda3e53d125f01a3f56e6dbd206a7eb377f4bdd8b11e23ea91425fa6eb70d3/tracks/new -> 200 (214 ms)
06:35:36 "POST /cf/sessions/76eda3e53d125f01a3f56e6dbd206a7eb377f4bdd8b11e23ea91425fa6eb70d3/tracks/new HTTP/1.1" 200 -
06:35:36 CF POST /sessions/b29ba16614f0e64897f900dac94cdb67fc6a421a1f11c9f14733cbdcf2910987/tracks/new -> 200 (290 ms)
06:35:36 "POST /cf/sessions/b29ba16614f0e64897f900dac94cdb67fc6a421a1f11c9f14733cbdcf2910987/tracks/new HTTP/1.1" 200 -
06:35:37 "POST /collect HTTP/1.1" 200 -
06:35:37 CF PUT /sessions/76eda3e53d125f01a3f56e6dbd206a7eb377f4bdd8b11e23ea91425fa6eb70d3/renegotiate -> 200 (177 ms)
06:35:37 "PUT /cf/sessions/76eda3e53d125f01a3f56e6dbd206a7eb377f4bdd8b11e23ea91425fa6eb70d3/renegotiate HTTP/1.1" 200 -
06:35:37 "POST /collect HTTP/1.1" 200 -
06:35:37 CF PUT /sessions/b29ba16614f0e64897f900dac94cdb67fc6a421a1f11c9f14733cbdcf2910987/renegotiate -> 200 (158 ms)
06:35:37 "PUT /cf/sessions/b29ba16614f0e64897f900dac94cdb67fc6a421a1f11c9f14733cbdcf2910987/renegotiate HTTP/1.1" 200 -
06:35:37 "POST /collect HTTP/1.1" 200 -
06:35:37 "POST /collect HTTP/1.1" 200 -
06:35:37 "POST /collect HTTP/1.1" 200 -
06:35:37 "GET /roster HTTP/1.1" 200 -
06:35:37 "POST /collect HTTP/1.1" 200 -
06:35:37 "POST /collect HTTP/1.1" 200 -
06:35:37 "POST /collect HTTP/1.1" 200 -
06:35:37 "POST /collect HTTP/1.1" 200 -
06:35:37 "POST /collect HTTP/1.1" 200 -
06:35:37 "POST /collect HTTP/1.1" 200 -
06:35:37 "POST /collect HTTP/1.1" 200 -
06:35:37 "GET /roster HTTP/1.1" 200 -
06:35:37 "POST /collect HTTP/1.1" 200 -
06:35:37 "POST /collect HTTP/1.1" 200 -
06:35:37 "POST /collect HTTP/1.1" 200 -
06:35:37 "POST /collect HTTP/1.1" 200 -
06:35:37 "POST /collect HTTP/1.1" 200 -
06:35:37 "POST /collect HTTP/1.1" 200 -
06:35:37 "POST /collect HTTP/1.1" 200 -
06:35:37 "POST /collect HTTP/1.1" 200 -
06:35:37 "POST /collect HTTP/1.1" 200 -
06:35:37 "POST /collect HTTP/1.1" 200 -
06:35:37 "POST /collect HTTP/1.1" 200 -
06:35:37 "POST /collect HTTP/1.1" 200 -
06:35:37 "POST /collect HTTP/1.1" 200 -
06:35:37 CF POST /sessions/76eda3e53d125f01a3f56e6dbd206a7eb377f4bdd8b11e23ea91425fa6eb70d3/tracks/new -> 200 (279 ms)
06:35:37 "POST /cf/sessions/76eda3e53d125f01a3f56e6dbd206a7eb377f4bdd8b11e23ea91425fa6eb70d3/tracks/new HTTP/1.1" 200 -
06:35:37 CF POST /sessions/b29ba16614f0e64897f900dac94cdb67fc6a421a1f11c9f14733cbdcf2910987/tracks/new -> 200 (247 ms)
06:35:37 "POST /cf/sessions/b29ba16614f0e64897f900dac94cdb67fc6a421a1f11c9f14733cbdcf2910987/tracks/new HTTP/1.1" 200 -
06:35:37 "POST /collect HTTP/1.1" 200 -
06:35:37 "POST /collect HTTP/1.1" 200 -
06:35:37 CF PUT /sessions/76eda3e53d125f01a3f56e6dbd206a7eb377f4bdd8b11e23ea91425fa6eb70d3/renegotiate -> 200 (159 ms)
06:35:37 "PUT /cf/sessions/76eda3e53d125f01a3f56e6dbd206a7eb377f4bdd8b11e23ea91425fa6eb70d3/renegotiate HTTP/1.1" 200 -
06:35:37 "POST /collect HTTP/1.1" 200 -
06:35:37 CF PUT /sessions/b29ba16614f0e64897f900dac94cdb67fc6a421a1f11c9f14733cbdcf2910987/renegotiate -> 200 (171 ms)
06:35:37 "PUT /cf/sessions/b29ba16614f0e64897f900dac94cdb67fc6a421a1f11c9f14733cbdcf2910987/renegotiate HTTP/1.1" 200 -
06:35:37 "POST /collect HTTP/1.1" 200 -
06:35:37 "POST /collect HTTP/1.1" 200 -
06:35:37 CF POST /sessions/76eda3e53d125f01a3f56e6dbd206a7eb377f4bdd8b11e23ea91425fa6eb70d3/tracks/new -> 200 (237 ms)
06:35:37 "POST /cf/sessions/76eda3e53d125f01a3f56e6dbd206a7eb377f4bdd8b11e23ea91425fa6eb70d3/tracks/new HTTP/1.1" 200 -
06:35:37 "POST /collect HTTP/1.1" 200 -
06:35:37 CF POST /sessions/b29ba16614f0e64897f900dac94cdb67fc6a421a1f11c9f14733cbdcf2910987/tracks/new -> 200 (250 ms)
06:35:37 "POST /cf/sessions/b29ba16614f0e64897f900dac94cdb67fc6a421a1f11c9f14733cbdcf2910987/tracks/new HTTP/1.1" 200 -
06:35:37 "POST /join HTTP/1.1" 200 -
06:35:37 "POST /collect HTTP/1.1" 200 -
06:35:37 CF PUT /sessions/76eda3e53d125f01a3f56e6dbd206a7eb377f4bdd8b11e23ea91425fa6eb70d3/renegotiate -> 200 (176 ms)
06:35:37 "PUT /cf/sessions/76eda3e53d125f01a3f56e6dbd206a7eb377f4bdd8b11e23ea91425fa6eb70d3/renegotiate HTTP/1.1" 200 -
06:35:37 "POST /collect HTTP/1.1" 200 -
06:35:38 CF PUT /sessions/b29ba16614f0e64897f900dac94cdb67fc6a421a1f11c9f14733cbdcf2910987/renegotiate -> 200 (189 ms)
06:35:38 "PUT /cf/sessions/b29ba16614f0e64897f900dac94cdb67fc6a421a1f11c9f14733cbdcf2910987/renegotiate HTTP/1.1" 200 -
06:35:38 "POST /collect HTTP/1.1" 200 -
06:35:38 "POST /collect HTTP/1.1" 200 -
06:35:38 "POST /collect HTTP/1.1" 200 -
06:35:38 "POST /collect HTTP/1.1" 200 -
06:35:38 "POST /collect HTTP/1.1" 200 -
06:35:38 "POST /collect HTTP/1.1" 200 -
06:35:38 "POST /join HTTP/1.1" 200 -
06:35:38 "POST /collect HTTP/1.1" 200 -
06:35:38 "POST /join HTTP/1.1" 200 -
06:35:38 "POST /collect HTTP/1.1" 200 -
06:35:38 CF POST /sessions/76eda3e53d125f01a3f56e6dbd206a7eb377f4bdd8b11e23ea91425fa6eb70d3/tracks/new -> 200 (219 ms)
06:35:38 "POST /cf/sessions/76eda3e53d125f01a3f56e6dbd206a7eb377f4bdd8b11e23ea91425fa6eb70d3/tracks/new HTTP/1.1" 200 -
06:35:38 "POST /join HTTP/1.1" 200 -
06:35:38 "POST /collect HTTP/1.1" 200 -
06:35:38 "POST /collect HTTP/1.1" 200 -
06:35:38 "POST /collect HTTP/1.1" 200 -
06:35:38 CF POST /sessions/b29ba16614f0e64897f900dac94cdb67fc6a421a1f11c9f14733cbdcf2910987/tracks/new -> 200 (263 ms)
06:35:38 "POST /cf/sessions/b29ba16614f0e64897f900dac94cdb67fc6a421a1f11c9f14733cbdcf2910987/tracks/new HTTP/1.1" 200 -
06:35:38 CF PUT /sessions/76eda3e53d125f01a3f56e6dbd206a7eb377f4bdd8b11e23ea91425fa6eb70d3/renegotiate -> 200 (161 ms)
06:35:38 "PUT /cf/sessions/76eda3e53d125f01a3f56e6dbd206a7eb377f4bdd8b11e23ea91425fa6eb70d3/renegotiate HTTP/1.1" 200 -
06:35:38 "POST /collect HTTP/1.1" 200 -
06:35:38 "POST /collect HTTP/1.1" 200 -
06:35:38 "POST /collect HTTP/1.1" 200 -
06:35:38 CF PUT /sessions/b29ba16614f0e64897f900dac94cdb67fc6a421a1f11c9f14733cbdcf2910987/renegotiate -> 200 (164 ms)
06:35:38 "PUT /cf/sessions/b29ba16614f0e64897f900dac94cdb67fc6a421a1f11c9f14733cbdcf2910987/renegotiate HTTP/1.1" 200 -
06:35:38 "POST /collect HTTP/1.1" 200 -
06:35:38 CF POST /sessions/76eda3e53d125f01a3f56e6dbd206a7eb377f4bdd8b11e23ea91425fa6eb70d3/tracks/new -> 200 (190 ms)
06:35:38 "POST /cf/sessions/76eda3e53d125f01a3f56e6dbd206a7eb377f4bdd8b11e23ea91425fa6eb70d3/tracks/new HTTP/1.1" 200 -
06:35:38 CF POST /sessions/b29ba16614f0e64897f900dac94cdb67fc6a421a1f11c9f14733cbdcf2910987/tracks/new -> 200 (211 ms)
06:35:38 "POST /cf/sessions/b29ba16614f0e64897f900dac94cdb67fc6a421a1f11c9f14733cbdcf2910987/tracks/new HTTP/1.1" 200 -
06:35:38 CF PUT /sessions/76eda3e53d125f01a3f56e6dbd206a7eb377f4bdd8b11e23ea91425fa6eb70d3/renegotiate -> 200 (157 ms)
06:35:38 "PUT /cf/sessions/76eda3e53d125f01a3f56e6dbd206a7eb377f4bdd8b11e23ea91425fa6eb70d3/renegotiate HTTP/1.1" 200 -
06:35:38 "POST /collect HTTP/1.1" 200 -
06:35:38 "POST /collect HTTP/1.1" 200 -
06:35:38 "POST /collect HTTP/1.1" 200 -
06:35:38 "POST /collect HTTP/1.1" 200 -
06:35:38 "POST /collect HTTP/1.1" 200 -
06:35:38 "POST /collect HTTP/1.1" 200 -
06:35:38 "POST /collect HTTP/1.1" 200 -
06:35:38 CF PUT /sessions/b29ba16614f0e64897f900dac94cdb67fc6a421a1f11c9f14733cbdcf2910987/renegotiate -> 200 (168 ms)
06:35:38 "PUT /cf/sessions/b29ba16614f0e64897f900dac94cdb67fc6a421a1f11c9f14733cbdcf2910987/renegotiate HTTP/1.1" 200 -
06:35:38 "POST /collect HTTP/1.1" 200 -
06:35:38 CF POST /sessions/76eda3e53d125f01a3f56e6dbd206a7eb377f4bdd8b11e23ea91425fa6eb70d3/tracks/new -> 200 (207 ms)
06:35:38 "POST /cf/sessions/76eda3e53d125f01a3f56e6dbd206a7eb377f4bdd8b11e23ea91425fa6eb70d3/tracks/new HTTP/1.1" 200 -
06:35:39 "POST /collect HTTP/1.1" 200 -
06:35:39 "GET /roster HTTP/1.1" 200 -
06:35:39 "POST /collect HTTP/1.1" 200 -
06:35:39 "POST /collect HTTP/1.1" 200 -
06:35:39 "POST /collect HTTP/1.1" 200 -
06:35:39 "POST /collect HTTP/1.1" 200 -
06:35:39 "POST /collect HTTP/1.1" 200 -
06:35:39 "POST /collect HTTP/1.1" 200 -
06:35:39 "POST /collect HTTP/1.1" 200 -
06:35:39 "GET /roster HTTP/1.1" 200 -
06:35:39 "POST /collect HTTP/1.1" 200 -
06:35:39 "POST /collect HTTP/1.1" 200 -
06:35:39 "POST /collect HTTP/1.1" 200 -
06:35:39 "POST /collect HTTP/1.1" 200 -
06:35:39 "POST /collect HTTP/1.1" 200 -
06:35:39 "POST /collect HTTP/1.1" 200 -
06:35:39 "POST /collect HTTP/1.1" 200 -
06:35:39 "POST /collect HTTP/1.1" 200 -
06:35:39 CF PUT /sessions/76eda3e53d125f01a3f56e6dbd206a7eb377f4bdd8b11e23ea91425fa6eb70d3/renegotiate -> 200 (275 ms)
06:35:39 "PUT /cf/sessions/76eda3e53d125f01a3f56e6dbd206a7eb377f4bdd8b11e23ea91425fa6eb70d3/renegotiate HTTP/1.1" 200 -
06:35:39 "POST /collect HTTP/1.1" 200 -
06:35:39 CF POST /sessions/b29ba16614f0e64897f900dac94cdb67fc6a421a1f11c9f14733cbdcf2910987/tracks/new -> 200 (347 ms)
06:35:39 "POST /cf/sessions/b29ba16614f0e64897f900dac94cdb67fc6a421a1f11c9f14733cbdcf2910987/tracks/new HTTP/1.1" 200 -
06:35:39 "POST /collect HTTP/1.1" 200 -
06:35:39 "POST /collect HTTP/1.1" 200 -
06:35:39 CF POST /sessions/76eda3e53d125f01a3f56e6dbd206a7eb377f4bdd8b11e23ea91425fa6eb70d3/tracks/new -> 200 (240 ms)
06:35:39 "POST /cf/sessions/76eda3e53d125f01a3f56e6dbd206a7eb377f4bdd8b11e23ea91425fa6eb70d3/tracks/new HTTP/1.1" 200 -
06:35:39 CF PUT /sessions/b29ba16614f0e64897f900dac94cdb67fc6a421a1f11c9f14733cbdcf2910987/renegotiate -> 200 (157 ms)
06:35:39 "PUT /cf/sessions/b29ba16614f0e64897f900dac94cdb67fc6a421a1f11c9f14733cbdcf2910987/renegotiate HTTP/1.1" 200 -
06:35:39 "POST /collect HTTP/1.1" 200 -
06:35:39 CF PUT /sessions/76eda3e53d125f01a3f56e6dbd206a7eb377f4bdd8b11e23ea91425fa6eb70d3/renegotiate -> 200 (180 ms)
06:35:39 "PUT /cf/sessions/76eda3e53d125f01a3f56e6dbd206a7eb377f4bdd8b11e23ea91425fa6eb70d3/renegotiate HTTP/1.1" 200 -
06:35:39 "POST /collect HTTP/1.1" 200 -
06:35:39 CF POST /sessions/b29ba16614f0e64897f900dac94cdb67fc6a421a1f11c9f14733cbdcf2910987/tracks/new -> 200 (308 ms)
06:35:39 "POST /cf/sessions/b29ba16614f0e64897f900dac94cdb67fc6a421a1f11c9f14733cbdcf2910987/tracks/new HTTP/1.1" 200 -
06:35:39 CF POST /sessions/76eda3e53d125f01a3f56e6dbd206a7eb377f4bdd8b11e23ea91425fa6eb70d3/tracks/new -> 200 (208 ms)
06:35:39 "POST /cf/sessions/76eda3e53d125f01a3f56e6dbd206a7eb377f4bdd8b11e23ea91425fa6eb70d3/tracks/new HTTP/1.1" 200 -
06:35:40 "POST /collect HTTP/1.1" 200 -
06:35:40 CF PUT /sessions/b29ba16614f0e64897f900dac94cdb67fc6a421a1f11c9f14733cbdcf2910987/renegotiate -> 200 (188 ms)
06:35:40 "PUT /cf/sessions/b29ba16614f0e64897f900dac94cdb67fc6a421a1f11c9f14733cbdcf2910987/renegotiate HTTP/1.1" 200 -
06:35:40 "POST /collect HTTP/1.1" 200 -
06:35:40 "POST /collect HTTP/1.1" 200 -
06:35:40 "POST /collect HTTP/1.1" 200 -
06:35:40 "POST /collect HTTP/1.1" 200 -
06:35:40 "POST /collect HTTP/1.1" 200 -
06:35:40 "POST /collect HTTP/1.1" 200 -
06:35:40 "POST /collect HTTP/1.1" 200 -
06:35:40 "POST /collect HTTP/1.1" 200 -
06:35:40 "POST /collect HTTP/1.1" 200 -
06:35:40 "POST /collect HTTP/1.1" 200 -
06:35:40 "POST /collect HTTP/1.1" 200 -
06:35:40 "POST /collect HTTP/1.1" 200 -
06:35:40 "POST /collect HTTP/1.1" 200 -
06:35:40 "POST /collect HTTP/1.1" 200 -
06:35:40 "POST /collect HTTP/1.1" 200 -
06:35:40 "POST /collect HTTP/1.1" 200 -
06:35:40 "POST /collect HTTP/1.1" 200 -
06:35:40 "POST /collect HTTP/1.1" 200 -
06:35:40 "POST /collect HTTP/1.1" 200 -
06:35:40 "POST /collect HTTP/1.1" 200 -
06:35:40 CF PUT /sessions/76eda3e53d125f01a3f56e6dbd206a7eb377f4bdd8b11e23ea91425fa6eb70d3/renegotiate -> 200 (189 ms)
06:35:40 "PUT /cf/sessions/76eda3e53d125f01a3f56e6dbd206a7eb377f4bdd8b11e23ea91425fa6eb70d3/renegotiate HTTP/1.1" 200 -
06:35:40 "POST /collect HTTP/1.1" 200 -
06:35:40 CF POST /sessions/b29ba16614f0e64897f900dac94cdb67fc6a421a1f11c9f14733cbdcf2910987/tracks/new -> 200 (261 ms)
06:35:40 "POST /cf/sessions/b29ba16614f0e64897f900dac94cdb67fc6a421a1f11c9f14733cbdcf2910987/tracks/new HTTP/1.1" 200 -
06:35:40 CF POST /sessions/76eda3e53d125f01a3f56e6dbd206a7eb377f4bdd8b11e23ea91425fa6eb70d3/tracks/new -> 200 (190 ms)
06:35:40 "POST /cf/sessions/76eda3e53d125f01a3f56e6dbd206a7eb377f4bdd8b11e23ea91425fa6eb70d3/tracks/new HTTP/1.1" 200 -
06:35:40 "POST /collect HTTP/1.1" 200 -
06:35:40 "POST /collect HTTP/1.1" 200 -
06:35:40 CF PUT /sessions/b29ba16614f0e64897f900dac94cdb67fc6a421a1f11c9f14733cbdcf2910987/renegotiate -> 200 (184 ms)
06:35:40 "PUT /cf/sessions/b29ba16614f0e64897f900dac94cdb67fc6a421a1f11c9f14733cbdcf2910987/renegotiate HTTP/1.1" 200 -
06:35:40 "POST /collect HTTP/1.1" 200 -
06:35:40 CF PUT /sessions/76eda3e53d125f01a3f56e6dbd206a7eb377f4bdd8b11e23ea91425fa6eb70d3/renegotiate -> 200 (238 ms)
06:35:40 "PUT /cf/sessions/76eda3e53d125f01a3f56e6dbd206a7eb377f4bdd8b11e23ea91425fa6eb70d3/renegotiate HTTP/1.1" 200 -
06:35:40 "POST /collect HTTP/1.1" 200 -
06:35:40 "POST /collect HTTP/1.1" 200 -
06:35:40 "POST /collect HTTP/1.1" 200 -
06:35:40 CF POST /sessions/76eda3e53d125f01a3f56e6dbd206a7eb377f4bdd8b11e23ea91425fa6eb70d3/tracks/new -> 200 (169 ms)
06:35:40 "POST /cf/sessions/76eda3e53d125f01a3f56e6dbd206a7eb377f4bdd8b11e23ea91425fa6eb70d3/tracks/new HTTP/1.1" 200 -
06:35:40 "POST /collect HTTP/1.1" 200 -
06:35:40 CF POST /sessions/b29ba16614f0e64897f900dac94cdb67fc6a421a1f11c9f14733cbdcf2910987/tracks/new -> 200 (254 ms)
06:35:40 "POST /cf/sessions/b29ba16614f0e64897f900dac94cdb67fc6a421a1f11c9f14733cbdcf2910987/tracks/new HTTP/1.1" 200 -
06:35:41 "POST /collect HTTP/1.1" 200 -
06:35:41 "POST /collect HTTP/1.1" 200 -
06:35:41 CF PUT /sessions/76eda3e53d125f01a3f56e6dbd206a7eb377f4bdd8b11e23ea91425fa6eb70d3/renegotiate -> 200 (174 ms)
06:35:41 "PUT /cf/sessions/76eda3e53d125f01a3f56e6dbd206a7eb377f4bdd8b11e23ea91425fa6eb70d3/renegotiate HTTP/1.1" 200 -
06:35:41 "POST /collect HTTP/1.1" 200 -
06:35:41 "GET /roster HTTP/1.1" 200 -
06:35:41 "POST /collect HTTP/1.1" 200 -
06:35:41 "POST /collect HTTP/1.1" 200 -
06:35:41 "GET /roster HTTP/1.1" 200 -
06:35:41 "POST /collect HTTP/1.1" 200 -
06:35:41 "POST /collect HTTP/1.1" 200 -
06:35:41 CF PUT /sessions/b29ba16614f0e64897f900dac94cdb67fc6a421a1f11c9f14733cbdcf2910987/renegotiate -> 200 (185 ms)
06:35:41 "PUT /cf/sessions/b29ba16614f0e64897f900dac94cdb67fc6a421a1f11c9f14733cbdcf2910987/renegotiate HTTP/1.1" 200 -
06:35:41 "POST /collect HTTP/1.1" 200 -
06:35:41 "POST /collect HTTP/1.1" 200 -
06:35:41 "POST /collect HTTP/1.1" 200 -
06:35:41 "POST /collect HTTP/1.1" 200 -
06:35:41 "POST /collect HTTP/1.1" 200 -
06:35:41 CF POST /sessions/76eda3e53d125f01a3f56e6dbd206a7eb377f4bdd8b11e23ea91425fa6eb70d3/tracks/new -> 200 (207 ms)
06:35:41 "POST /cf/sessions/76eda3e53d125f01a3f56e6dbd206a7eb377f4bdd8b11e23ea91425fa6eb70d3/tracks/new HTTP/1.1" 200 -
06:35:41 "POST /collect HTTP/1.1" 200 -
06:35:41 CF POST /sessions/b29ba16614f0e64897f900dac94cdb67fc6a421a1f11c9f14733cbdcf2910987/tracks/new -> 200 (249 ms)
06:35:41 "POST /cf/sessions/b29ba16614f0e64897f900dac94cdb67fc6a421a1f11c9f14733cbdcf2910987/tracks/new HTTP/1.1" 200 -
06:35:41 "POST /collect HTTP/1.1" 200 -
06:35:41 CF PUT /sessions/76eda3e53d125f01a3f56e6dbd206a7eb377f4bdd8b11e23ea91425fa6eb70d3/renegotiate -> 200 (208 ms)
06:35:41 "PUT /cf/sessions/76eda3e53d125f01a3f56e6dbd206a7eb377f4bdd8b11e23ea91425fa6eb70d3/renegotiate HTTP/1.1" 200 -
06:35:41 "POST /collect HTTP/1.1" 200 -
06:35:41 CF PUT /sessions/b29ba16614f0e64897f900dac94cdb67fc6a421a1f11c9f14733cbdcf2910987/renegotiate -> 200 (195 ms)
06:35:41 "PUT /cf/sessions/b29ba16614f0e64897f900dac94cdb67fc6a421a1f11c9f14733cbdcf2910987/renegotiate HTTP/1.1" 200 -
06:35:41 "POST /collect HTTP/1.1" 200 -
06:35:41 CF POST /sessions/76eda3e53d125f01a3f56e6dbd206a7eb377f4bdd8b11e23ea91425fa6eb70d3/tracks/new -> 200 (207 ms)
06:35:41 "POST /cf/sessions/76eda3e53d125f01a3f56e6dbd206a7eb377f4bdd8b11e23ea91425fa6eb70d3/tracks/new HTTP/1.1" 200 -
06:35:41 "POST /collect HTTP/1.1" 200 -
06:35:41 "POST /collect HTTP/1.1" 200 -
06:35:41 "POST /collect HTTP/1.1" 200 -
06:35:41 "POST /collect HTTP/1.1" 200 -
06:35:41 "POST /collect HTTP/1.1" 200 -
06:35:41 "POST /collect HTTP/1.1" 200 -
06:35:41 CF POST /sessions/b29ba16614f0e64897f900dac94cdb67fc6a421a1f11c9f14733cbdcf2910987/tracks/new -> 200 (210 ms)
06:35:41 "POST /cf/sessions/b29ba16614f0e64897f900dac94cdb67fc6a421a1f11c9f14733cbdcf2910987/tracks/new HTTP/1.1" 200 -
06:35:42 CF PUT /sessions/76eda3e53d125f01a3f56e6dbd206a7eb377f4bdd8b11e23ea91425fa6eb70d3/renegotiate -> 200 (189 ms)
06:35:42 "PUT /cf/sessions/76eda3e53d125f01a3f56e6dbd206a7eb377f4bdd8b11e23ea91425fa6eb70d3/renegotiate HTTP/1.1" 200 -
06:35:42 "POST /collect HTTP/1.1" 200 -
06:35:42 "POST /collect HTTP/1.1" 200 -
06:35:42 "POST /collect HTTP/1.1" 200 -
06:35:42 "POST /collect HTTP/1.1" 200 -
06:35:42 "POST /collect HTTP/1.1" 200 -
06:35:42 "POST /collect HTTP/1.1" 200 -
06:35:42 "POST /collect HTTP/1.1" 200 -
06:35:42 "POST /collect HTTP/1.1" 200 -
06:35:42 "POST /collect HTTP/1.1" 200 -
06:35:42 "POST /collect HTTP/1.1" 200 -
06:35:42 CF PUT /sessions/b29ba16614f0e64897f900dac94cdb67fc6a421a1f11c9f14733cbdcf2910987/renegotiate -> 200 (183 ms)
06:35:42 "PUT /cf/sessions/b29ba16614f0e64897f900dac94cdb67fc6a421a1f11c9f14733cbdcf2910987/renegotiate HTTP/1.1" 200 -
06:35:42 "POST /collect HTTP/1.1" 200 -
06:35:42 "POST /collect HTTP/1.1" 200 -
06:35:42 "POST /collect HTTP/1.1" 200 -
06:35:42 "POST /collect HTTP/1.1" 200 -
06:35:42 CF POST /sessions/76eda3e53d125f01a3f56e6dbd206a7eb377f4bdd8b11e23ea91425fa6eb70d3/tracks/new -> 200 (222 ms)
06:35:42 "POST /cf/sessions/76eda3e53d125f01a3f56e6dbd206a7eb377f4bdd8b11e23ea91425fa6eb70d3/tracks/new HTTP/1.1" 200 -
06:35:42 "POST /collect HTTP/1.1" 200 -
06:35:42 CF POST /sessions/b29ba16614f0e64897f900dac94cdb67fc6a421a1f11c9f14733cbdcf2910987/tracks/new -> 200 (250 ms)
06:35:42 "POST /cf/sessions/b29ba16614f0e64897f900dac94cdb67fc6a421a1f11c9f14733cbdcf2910987/tracks/new HTTP/1.1" 200 -
06:35:42 "POST /collect HTTP/1.1" 200 -
06:35:42 CF PUT /sessions/76eda3e53d125f01a3f56e6dbd206a7eb377f4bdd8b11e23ea91425fa6eb70d3/renegotiate -> 200 (207 ms)
06:35:42 "PUT /cf/sessions/76eda3e53d125f01a3f56e6dbd206a7eb377f4bdd8b11e23ea91425fa6eb70d3/renegotiate HTTP/1.1" 200 -
06:35:42 "POST /collect HTTP/1.1" 200 -
06:35:42 CF PUT /sessions/b29ba16614f0e64897f900dac94cdb67fc6a421a1f11c9f14733cbdcf2910987/renegotiate -> 200 (202 ms)
06:35:42 "PUT /cf/sessions/b29ba16614f0e64897f900dac94cdb67fc6a421a1f11c9f14733cbdcf2910987/renegotiate HTTP/1.1" 200 -
06:35:42 "POST /collect HTTP/1.1" 200 -
06:35:42 CF POST /sessions/76eda3e53d125f01a3f56e6dbd206a7eb377f4bdd8b11e23ea91425fa6eb70d3/tracks/new -> 200 (207 ms)
06:35:42 "POST /cf/sessions/76eda3e53d125f01a3f56e6dbd206a7eb377f4bdd8b11e23ea91425fa6eb70d3/tracks/new HTTP/1.1" 200 -
06:35:42 "POST /collect HTTP/1.1" 200 -
06:35:42 "GET /room.html?id=z&n=54&hold=1&cb=1787715324328&audio=1&mode=pub&vw=320&vh=180&vfps=15&cls=light HTTP/1.1" 200 -
06:35:42 "POST /collect HTTP/1.1" 200 -
06:35:42 "POST /collect HTTP/1.1" 200 -
06:35:43 "POST /collect HTTP/1.1" 200 -
06:35:43 CF POST /sessions/b29ba16614f0e64897f900dac94cdb67fc6a421a1f11c9f14733cbdcf2910987/tracks/new -> 200 (293 ms)
06:35:43 "POST /cf/sessions/b29ba16614f0e64897f900dac94cdb67fc6a421a1f11c9f14733cbdcf2910987/tracks/new HTTP/1.1" 200 -
06:35:43 CF PUT /sessions/76eda3e53d125f01a3f56e6dbd206a7eb377f4bdd8b11e23ea91425fa6eb70d3/renegotiate -> 200 (205 ms)
06:35:43 "PUT /cf/sessions/76eda3e53d125f01a3f56e6dbd206a7eb377f4bdd8b11e23ea91425fa6eb70d3/renegotiate HTTP/1.1" 200 -
06:35:43 "POST /collect HTTP/1.1" 200 -
06:35:43 "POST /collect HTTP/1.1" 200 -
06:35:43 "POST /collect HTTP/1.1" 200 -
06:35:43 "POST /collect HTTP/1.1" 200 -
06:35:43 "POST /collect HTTP/1.1" 200 -
06:35:43 "POST /collect HTTP/1.1" 200 -
06:35:43 "POST /collect HTTP/1.1" 200 -
06:35:43 "POST /collect HTTP/1.1" 200 -
06:35:43 "GET /roster HTTP/1.1" 200 -
06:35:43 "POST /collect HTTP/1.1" 200 -
06:35:43 "GET /roster HTTP/1.1" 200 -
06:35:43 "POST /collect HTTP/1.1" 200 -
06:35:43 "POST /collect HTTP/1.1" 200 -
06:35:43 "POST /collect HTTP/1.1" 200 -
06:35:43 "POST /collect HTTP/1.1" 200 -
06:35:43 "POST /collect HTTP/1.1" 200 -
06:35:43 "POST /collect HTTP/1.1" 200 -
06:35:43 "POST /collect HTTP/1.1" 200 -
06:35:43 "POST /collect HTTP/1.1" 200 -
06:35:43 "POST /collect HTTP/1.1" 200 -
06:35:43 "POST /collect HTTP/1.1" 200 -
06:35:43 "POST /collect HTTP/1.1" 200 -
06:35:43 "POST /collect HTTP/1.1" 200 -
06:35:43 "POST /collect HTTP/1.1" 200 -
06:35:43 CF POST /sessions/new -> 201 (243 ms)
06:35:43 "POST /cf/sessions/new HTTP/1.1" 201 -
06:35:43 CF PUT /sessions/b29ba16614f0e64897f900dac94cdb67fc6a421a1f11c9f14733cbdcf2910987/renegotiate -> 200 (200 ms)
06:35:43 "PUT /cf/sessions/b29ba16614f0e64897f900dac94cdb67fc6a421a1f11c9f14733cbdcf2910987/renegotiate HTTP/1.1" 200 -
06:35:43 "POST /collect HTTP/1.1" 200 -
06:35:43 "POST /save/pub-offer-z.sdp HTTP/1.1" 200 -
06:35:43 "POST /collect HTTP/1.1" 200 -
06:35:43 "POST /collect HTTP/1.1" 200 -
06:35:43 CF POST /sessions/76eda3e53d125f01a3f56e6dbd206a7eb377f4bdd8b11e23ea91425fa6eb70d3/tracks/new -> 200 (448 ms)
06:35:43 "POST /cf/sessions/76eda3e53d125f01a3f56e6dbd206a7eb377f4bdd8b11e23ea91425fa6eb70d3/tracks/new HTTP/1.1" 200 -
06:35:43 CF POST /sessions/b29ba16614f0e64897f900dac94cdb67fc6a421a1f11c9f14733cbdcf2910987/tracks/new -> 200 (259 ms)
06:35:43 "POST /cf/sessions/b29ba16614f0e64897f900dac94cdb67fc6a421a1f11c9f14733cbdcf2910987/tracks/new HTTP/1.1" 200 -
06:35:43 "POST /collect HTTP/1.1" 200 -
06:35:43 CF POST /sessions/ae87840c58e62317b417680043c5def6651708b1b0175a2ff8c852a9515668d0/tracks/new -> 200 (334 ms)
06:35:43 "POST /cf/sessions/ae87840c58e62317b417680043c5def6651708b1b0175a2ff8c852a9515668d0/tracks/new HTTP/1.1" 200 -
06:35:43 "POST /save/pub-answer-z.sdp HTTP/1.1" 200 -
06:35:43 "POST /collect HTTP/1.1" 200 -
06:35:43 "POST /collect HTTP/1.1" 200 -
06:35:43 "POST /collect HTTP/1.1" 200 -
06:35:43 "POST /collect HTTP/1.1" 200 -
06:35:43 CF PUT /sessions/76eda3e53d125f01a3f56e6dbd206a7eb377f4bdd8b11e23ea91425fa6eb70d3/renegotiate -> 200 (206 ms)
06:35:43 "PUT /cf/sessions/76eda3e53d125f01a3f56e6dbd206a7eb377f4bdd8b11e23ea91425fa6eb70d3/renegotiate HTTP/1.1" 200 -
06:35:43 "POST /collect HTTP/1.1" 200 -
06:35:43 "POST /collect HTTP/1.1" 200 -
06:35:43 "POST /collect HTTP/1.1" 200 -
06:35:43 CF PUT /sessions/b29ba16614f0e64897f900dac94cdb67fc6a421a1f11c9f14733cbdcf2910987/renegotiate -> 200 (216 ms)
06:35:43 "PUT /cf/sessions/b29ba16614f0e64897f900dac94cdb67fc6a421a1f11c9f14733cbdcf2910987/renegotiate HTTP/1.1" 200 -
06:35:44 "POST /join HTTP/1.1" 200 -
06:35:44 "POST /collect HTTP/1.1" 200 -
06:35:44 CF POST /sessions/76eda3e53d125f01a3f56e6dbd206a7eb377f4bdd8b11e23ea91425fa6eb70d3/tracks/new -> 200 (175 ms)
06:35:44 "POST /cf/sessions/76eda3e53d125f01a3f56e6dbd206a7eb377f4bdd8b11e23ea91425fa6eb70d3/tracks/new HTTP/1.1" 200 -
06:35:44 "POST /collect HTTP/1.1" 200 -
06:35:44 "POST /collect HTTP/1.1" 200 -
06:35:44 "POST /collect HTTP/1.1" 200 -
06:35:44 "POST /collect HTTP/1.1" 200 -
06:35:44 "POST /collect HTTP/1.1" 200 -
06:35:44 "POST /collect HTTP/1.1" 200 -
06:35:44 "POST /collect HTTP/1.1" 200 -
06:35:44 "POST /collect HTTP/1.1" 200 -
06:35:44 "POST /collect HTTP/1.1" 200 -
06:35:44 CF PUT /sessions/76eda3e53d125f01a3f56e6dbd206a7eb377f4bdd8b11e23ea91425fa6eb70d3/renegotiate -> 200 (199 ms)
06:35:44 "PUT /cf/sessions/76eda3e53d125f01a3f56e6dbd206a7eb377f4bdd8b11e23ea91425fa6eb70d3/renegotiate HTTP/1.1" 200 -
06:35:44 "POST /collect HTTP/1.1" 200 -
06:35:44 CF POST /sessions/b29ba16614f0e64897f900dac94cdb67fc6a421a1f11c9f14733cbdcf2910987/tracks/new -> 200 (292 ms)
06:35:44 "POST /cf/sessions/b29ba16614f0e64897f900dac94cdb67fc6a421a1f11c9f14733cbdcf2910987/tracks/new HTTP/1.1" 200 -
06:35:44 "POST /collect HTTP/1.1" 200 -
06:35:44 "POST /collect HTTP/1.1" 200 -
06:35:44 CF POST /sessions/76eda3e53d125f01a3f56e6dbd206a7eb377f4bdd8b11e23ea91425fa6eb70d3/tracks/new -> 200 (186 ms)
06:35:44 "POST /cf/sessions/76eda3e53d125f01a3f56e6dbd206a7eb377f4bdd8b11e23ea91425fa6eb70d3/tracks/new HTTP/1.1" 200 -
06:35:44 CF PUT /sessions/b29ba16614f0e64897f900dac94cdb67fc6a421a1f11c9f14733cbdcf2910987/renegotiate -> 200 (202 ms)
06:35:44 "PUT /cf/sessions/b29ba16614f0e64897f900dac94cdb67fc6a421a1f11c9f14733cbdcf2910987/renegotiate HTTP/1.1" 200 -
06:35:44 "POST /collect HTTP/1.1" 200 -
06:35:44 "POST /collect HTTP/1.1" 200 -
06:35:44 "POST /collect HTTP/1.1" 200 -
06:35:44 "POST /collect HTTP/1.1" 200 -
06:35:44 "POST /collect HTTP/1.1" 200 -
06:35:44 CF PUT /sessions/76eda3e53d125f01a3f56e6dbd206a7eb377f4bdd8b11e23ea91425fa6eb70d3/renegotiate -> 200 (198 ms)
06:35:44 "PUT /cf/sessions/76eda3e53d125f01a3f56e6dbd206a7eb377f4bdd8b11e23ea91425fa6eb70d3/renegotiate HTTP/1.1" 200 -
06:35:44 "POST /collect HTTP/1.1" 200 -
06:35:44 "POST /collect HTTP/1.1" 200 -
06:35:44 "POST /collect HTTP/1.1" 200 -
06:35:44 CF POST /sessions/b29ba16614f0e64897f900dac94cdb67fc6a421a1f11c9f14733cbdcf2910987/tracks/new -> 200 (270 ms)
06:35:44 "POST /cf/sessions/b29ba16614f0e64897f900dac94cdb67fc6a421a1f11c9f14733cbdcf2910987/tracks/new HTTP/1.1" 200 -
06:35:45 "POST /collect HTTP/1.1" 200 -
06:35:45 "POST /collect HTTP/1.1" 200 -
06:35:45 "POST /collect HTTP/1.1" 200 -
06:35:45 "POST /collect HTTP/1.1" 200 -
06:35:45 "GET /roster HTTP/1.1" 200 -
06:35:45 "POST /collect HTTP/1.1" 200 -
06:35:45 "GET /roster HTTP/1.1" 200 -
06:35:45 "POST /collect HTTP/1.1" 200 -
06:35:45 CF POST /sessions/76eda3e53d125f01a3f56e6dbd206a7eb377f4bdd8b11e23ea91425fa6eb70d3/tracks/new -> 200 (274 ms)
06:35:45 "POST /cf/sessions/76eda3e53d125f01a3f56e6dbd206a7eb377f4bdd8b11e23ea91425fa6eb70d3/tracks/new HTTP/1.1" 200 -
06:35:45 "POST /collect HTTP/1.1" 200 -
06:35:45 "POST /collect HTTP/1.1" 200 -
06:35:45 "POST /collect HTTP/1.1" 200 -
06:35:45 "POST /collect HTTP/1.1" 200 -
06:35:45 "POST /collect HTTP/1.1" 200 -
06:35:45 "POST /collect HTTP/1.1" 200 -
06:35:45 "POST /collect HTTP/1.1" 200 -
06:35:45 "POST /collect HTTP/1.1" 200 -
06:35:45 "POST /collect HTTP/1.1" 200 -
06:35:45 "POST /collect HTTP/1.1" 200 -
06:35:45 CF PUT /sessions/b29ba16614f0e64897f900dac94cdb67fc6a421a1f11c9f14733cbdcf2910987/renegotiate -> 200 (255 ms)
06:35:45 "PUT /cf/sessions/b29ba16614f0e64897f900dac94cdb67fc6a421a1f11c9f14733cbdcf2910987/renegotiate HTTP/1.1" 200 -
06:35:45 "POST /collect HTTP/1.1" 200 -
06:35:45 "POST /collect HTTP/1.1" 200 -
06:35:45 "POST /collect HTTP/1.1" 200 -
06:35:45 CF PUT /sessions/76eda3e53d125f01a3f56e6dbd206a7eb377f4bdd8b11e23ea91425fa6eb70d3/renegotiate -> 200 (226 ms)
06:35:45 "PUT /cf/sessions/76eda3e53d125f01a3f56e6dbd206a7eb377f4bdd8b11e23ea91425fa6eb70d3/renegotiate HTTP/1.1" 200 -
06:35:45 "POST /collect HTTP/1.1" 200 -
06:35:45 CF POST /sessions/b29ba16614f0e64897f900dac94cdb67fc6a421a1f11c9f14733cbdcf2910987/tracks/new -> 200 (286 ms)
06:35:45 CF POST /sessions/76eda3e53d125f01a3f56e6dbd206a7eb377f4bdd8b11e23ea91425fa6eb70d3/tracks/new -> 200 (191 ms)
06:35:45 "POST /cf/sessions/76eda3e53d125f01a3f56e6dbd206a7eb377f4bdd8b11e23ea91425fa6eb70d3/tracks/new HTTP/1.1" 200 -
06:35:45 "POST /cf/sessions/b29ba16614f0e64897f900dac94cdb67fc6a421a1f11c9f14733cbdcf2910987/tracks/new HTTP/1.1" 200 -
06:35:46 "POST /collect HTTP/1.1" 200 -
06:35:46 CF PUT /sessions/76eda3e53d125f01a3f56e6dbd206a7eb377f4bdd8b11e23ea91425fa6eb70d3/renegotiate -> 200 (212 ms)
06:35:46 "PUT /cf/sessions/76eda3e53d125f01a3f56e6dbd206a7eb377f4bdd8b11e23ea91425fa6eb70d3/renegotiate HTTP/1.1" 200 -
06:35:46 "POST /collect HTTP/1.1" 200 -
06:35:46 "POST /collect HTTP/1.1" 200 -
06:35:46 "POST /collect HTTP/1.1" 200 -
06:35:46 "POST /collect HTTP/1.1" 200 -
06:35:46 "POST /collect HTTP/1.1" 200 -
06:35:46 "POST /collect HTTP/1.1" 200 -
06:35:46 "POST /collect HTTP/1.1" 200 -
06:35:46 "POST /collect HTTP/1.1" 200 -
06:35:46 "POST /collect HTTP/1.1" 200 -
06:35:46 "POST /collect HTTP/1.1" 200 -
06:35:46 "POST /collect HTTP/1.1" 200 -
06:35:46 "POST /collect HTTP/1.1" 200 -
06:35:46 "POST /collect HTTP/1.1" 200 -
06:35:46 "POST /collect HTTP/1.1" 200 -
06:35:46 "POST /collect HTTP/1.1" 200 -
06:35:46 "POST /collect HTTP/1.1" 200 -
06:35:46 "POST /collect HTTP/1.1" 200 -
06:35:46 "POST /collect HTTP/1.1" 200 -
06:35:46 "POST /collect HTTP/1.1" 200 -
06:35:46 "POST /collect HTTP/1.1" 200 -
06:35:46 CF PUT /sessions/b29ba16614f0e64897f900dac94cdb67fc6a421a1f11c9f14733cbdcf2910987/renegotiate -> 200 (221 ms)
06:35:46 "PUT /cf/sessions/b29ba16614f0e64897f900dac94cdb67fc6a421a1f11c9f14733cbdcf2910987/renegotiate HTTP/1.1" 200 -
06:35:46 "POST /collect HTTP/1.1" 200 -
06:35:46 CF POST /sessions/76eda3e53d125f01a3f56e6dbd206a7eb377f4bdd8b11e23ea91425fa6eb70d3/tracks/new -> 200 (231 ms)
06:35:46 "POST /cf/sessions/76eda3e53d125f01a3f56e6dbd206a7eb377f4bdd8b11e23ea91425fa6eb70d3/tracks/new HTTP/1.1" 200 -
06:35:46 CF POST /sessions/b29ba16614f0e64897f900dac94cdb67fc6a421a1f11c9f14733cbdcf2910987/tracks/new -> 200 (231 ms)
06:35:46 "POST /cf/sessions/b29ba16614f0e64897f900dac94cdb67fc6a421a1f11c9f14733cbdcf2910987/tracks/new HTTP/1.1" 200 -
06:35:46 "POST /collect HTTP/1.1" 200 -
06:35:46 "POST /collect HTTP/1.1" 200 -
06:35:46 CF PUT /sessions/76eda3e53d125f01a3f56e6dbd206a7eb377f4bdd8b11e23ea91425fa6eb70d3/renegotiate -> 200 (246 ms)
06:35:46 "PUT /cf/sessions/76eda3e53d125f01a3f56e6dbd206a7eb377f4bdd8b11e23ea91425fa6eb70d3/renegotiate HTTP/1.1" 200 -
06:35:46 "POST /collect HTTP/1.1" 200 -
06:35:46 "POST /collect HTTP/1.1" 200 -
06:35:46 CF PUT /sessions/b29ba16614f0e64897f900dac94cdb67fc6a421a1f11c9f14733cbdcf2910987/renegotiate -> 200 (206 ms)
06:35:46 "PUT /cf/sessions/b29ba16614f0e64897f900dac94cdb67fc6a421a1f11c9f14733cbdcf2910987/renegotiate HTTP/1.1" 200 -
06:35:46 "POST /collect HTTP/1.1" 200 -
06:35:46 "POST /collect HTTP/1.1" 200 -
06:35:46 "POST /collect HTTP/1.1" 200 -
06:35:46 CF POST /sessions/76eda3e53d125f01a3f56e6dbd206a7eb377f4bdd8b11e23ea91425fa6eb70d3/tracks/new -> 200 (266 ms)
06:35:46 "POST /cf/sessions/76eda3e53d125f01a3f56e6dbd206a7eb377f4bdd8b11e23ea91425fa6eb70d3/tracks/new HTTP/1.1" 200 -
06:35:47 "POST /collect HTTP/1.1" 200 -
06:35:47 CF POST /sessions/b29ba16614f0e64897f900dac94cdb67fc6a421a1f11c9f14733cbdcf2910987/tracks/new -> 200 (265 ms)
06:35:47 "POST /cf/sessions/b29ba16614f0e64897f900dac94cdb67fc6a421a1f11c9f14733cbdcf2910987/tracks/new HTTP/1.1" 200 -
06:35:47 "POST /collect HTTP/1.1" 200 -
06:35:47 "POST /collect HTTP/1.1" 200 -
06:35:47 "GET /roster HTTP/1.1" 200 -
06:35:47 "POST /collect HTTP/1.1" 200 -
06:35:47 "POST /collect HTTP/1.1" 200 -
06:35:47 "POST /collect HTTP/1.1" 200 -
06:35:47 "POST /collect HTTP/1.1" 200 -
06:35:47 "GET /roster HTTP/1.1" 200 -
06:35:47 "POST /collect HTTP/1.1" 200 -
06:35:47 "POST /collect HTTP/1.1" 200 -
06:35:47 "POST /collect HTTP/1.1" 200 -
06:35:47 "POST /collect HTTP/1.1" 200 -
06:35:47 CF PUT /sessions/76eda3e53d125f01a3f56e6dbd206a7eb377f4bdd8b11e23ea91425fa6eb70d3/renegotiate -> 200 (213 ms)
06:35:47 "PUT /cf/sessions/76eda3e53d125f01a3f56e6dbd206a7eb377f4bdd8b11e23ea91425fa6eb70d3/renegotiate HTTP/1.1" 200 -
06:35:47 "POST /collect HTTP/1.1" 200 -
06:35:47 "POST /collect HTTP/1.1" 200 -
06:35:47 CF PUT /sessions/b29ba16614f0e64897f900dac94cdb67fc6a421a1f11c9f14733cbdcf2910987/renegotiate -> 200 (201 ms)
06:35:47 "PUT /cf/sessions/b29ba16614f0e64897f900dac94cdb67fc6a421a1f11c9f14733cbdcf2910987/renegotiate HTTP/1.1" 200 -
06:35:47 "POST /collect HTTP/1.1" 200 -
06:35:47 "POST /collect HTTP/1.1" 200 -
06:35:47 CF POST /sessions/76eda3e53d125f01a3f56e6dbd206a7eb377f4bdd8b11e23ea91425fa6eb70d3/tracks/new -> 200 (276 ms)
06:35:47 "POST /cf/sessions/76eda3e53d125f01a3f56e6dbd206a7eb377f4bdd8b11e23ea91425fa6eb70d3/tracks/new HTTP/1.1" 200 -
06:35:47 "POST /collect HTTP/1.1" 200 -
06:35:47 "POST /collect HTTP/1.1" 200 -
06:35:47 "POST /collect HTTP/1.1" 200 -
06:35:47 "POST /collect HTTP/1.1" 200 -
06:35:47 "POST /collect HTTP/1.1" 200 -
06:35:47 CF POST /sessions/b29ba16614f0e64897f900dac94cdb67fc6a421a1f11c9f14733cbdcf2910987/tracks/new -> 200 (299 ms)
06:35:47 "POST /cf/sessions/b29ba16614f0e64897f900dac94cdb67fc6a421a1f11c9f14733cbdcf2910987/tracks/new HTTP/1.1" 200 -
06:35:47 "POST /collect HTTP/1.1" 200 -
06:35:47 CF PUT /sessions/76eda3e53d125f01a3f56e6dbd206a7eb377f4bdd8b11e23ea91425fa6eb70d3/renegotiate -> 200 (232 ms)
06:35:47 "PUT /cf/sessions/76eda3e53d125f01a3f56e6dbd206a7eb377f4bdd8b11e23ea91425fa6eb70d3/renegotiate HTTP/1.1" 200 -
06:35:47 "POST /collect HTTP/1.1" 200 -
06:35:48 "POST /collect HTTP/1.1" 200 -
06:35:48 "POST /collect HTTP/1.1" 200 -
06:35:48 "POST /collect HTTP/1.1" 200 -
06:35:48 "POST /collect HTTP/1.1" 200 -
06:35:48 "POST /collect HTTP/1.1" 200 -
06:35:48 "POST /collect HTTP/1.1" 200 -
06:35:48 "POST /collect HTTP/1.1" 200 -
06:35:48 "POST /collect HTTP/1.1" 200 -
06:35:48 "POST /collect HTTP/1.1" 200 -
06:35:48 "POST /collect HTTP/1.1" 200 -
06:35:48 CF POST /sessions/76eda3e53d125f01a3f56e6dbd206a7eb377f4bdd8b11e23ea91425fa6eb70d3/tracks/new -> 200 (186 ms)
06:35:48 "POST /cf/sessions/76eda3e53d125f01a3f56e6dbd206a7eb377f4bdd8b11e23ea91425fa6eb70d3/tracks/new HTTP/1.1" 200 -
06:35:48 "POST /collect HTTP/1.1" 200 -
06:35:48 "POST /collect HTTP/1.1" 200 -
06:35:48 "POST /collect HTTP/1.1" 200 -
06:35:48 "POST /collect HTTP/1.1" 200 -
06:35:48 CF PUT /sessions/b29ba16614f0e64897f900dac94cdb67fc6a421a1f11c9f14733cbdcf2910987/renegotiate -> 200 (211 ms)
06:35:48 "PUT /cf/sessions/b29ba16614f0e64897f900dac94cdb67fc6a421a1f11c9f14733cbdcf2910987/renegotiate HTTP/1.1" 200 -
06:35:48 "POST /collect HTTP/1.1" 200 -
06:35:48 "POST /collect HTTP/1.1" 200 -
06:35:48 "POST /collect HTTP/1.1" 200 -
06:35:48 CF PUT /sessions/76eda3e53d125f01a3f56e6dbd206a7eb377f4bdd8b11e23ea91425fa6eb70d3/renegotiate -> 200 (211 ms)
06:35:48 "PUT /cf/sessions/76eda3e53d125f01a3f56e6dbd206a7eb377f4bdd8b11e23ea91425fa6eb70d3/renegotiate HTTP/1.1" 200 -
06:35:48 "POST /collect HTTP/1.1" 200 -
06:35:48 CF POST /sessions/b29ba16614f0e64897f900dac94cdb67fc6a421a1f11c9f14733cbdcf2910987/tracks/new -> 200 (268 ms)
06:35:48 "POST /cf/sessions/b29ba16614f0e64897f900dac94cdb67fc6a421a1f11c9f14733cbdcf2910987/tracks/new HTTP/1.1" 200 -
06:35:48 CF POST /sessions/76eda3e53d125f01a3f56e6dbd206a7eb377f4bdd8b11e23ea91425fa6eb70d3/tracks/new -> 200 (180 ms)
06:35:48 "POST /cf/sessions/76eda3e53d125f01a3f56e6dbd206a7eb377f4bdd8b11e23ea91425fa6eb70d3/tracks/new HTTP/1.1" 200 -
06:35:49 "POST /collect HTTP/1.1" 200 -
06:35:49 "POST /collect HTTP/1.1" 200 -
06:35:49 "POST /collect HTTP/1.1" 200 -
06:35:49 "GET /roster HTTP/1.1" 200 -
06:35:49 "POST /collect HTTP/1.1" 200 -
06:35:49 "POST /collect HTTP/1.1" 200 -
06:35:49 "POST /collect HTTP/1.1" 200 -
06:35:49 "POST /collect HTTP/1.1" 200 -
06:35:49 "POST /collect HTTP/1.1" 200 -
06:35:49 "POST /collect HTTP/1.1" 200 -
06:35:49 "POST /collect HTTP/1.1" 200 -
06:35:49 "POST /collect HTTP/1.1" 200 -
06:35:49 "POST /collect HTTP/1.1" 200 -
06:35:49 "POST /collect HTTP/1.1" 200 -
06:35:49 "POST /collect HTTP/1.1" 200 -
06:35:49 "POST /collect HTTP/1.1" 200 -
06:35:49 "POST /collect HTTP/1.1" 200 -
06:35:49 "POST /collect HTTP/1.1" 200 -
06:35:49 "POST /collect HTTP/1.1" 200 -
06:35:49 "POST /collect HTTP/1.1" 200 -
06:35:49 "POST /collect HTTP/1.1" 200 -
06:35:49 "GET /roster HTTP/1.1" 200 -
06:35:49 CF PUT /sessions/b29ba16614f0e64897f900dac94cdb67fc6a421a1f11c9f14733cbdcf2910987/renegotiate -> 200 (197 ms)
06:35:49 "PUT /cf/sessions/b29ba16614f0e64897f900dac94cdb67fc6a421a1f11c9f14733cbdcf2910987/renegotiate HTTP/1.1" 200 -
06:35:49 "POST /collect HTTP/1.1" 200 -
06:35:49 "POST /collect HTTP/1.1" 200 -
06:35:49 CF PUT /sessions/76eda3e53d125f01a3f56e6dbd206a7eb377f4bdd8b11e23ea91425fa6eb70d3/renegotiate -> 200 (234 ms)
06:35:49 "PUT /cf/sessions/76eda3e53d125f01a3f56e6dbd206a7eb377f4bdd8b11e23ea91425fa6eb70d3/renegotiate HTTP/1.1" 200 -
06:35:49 "POST /collect HTTP/1.1" 200 -
06:35:49 "POST /collect HTTP/1.1" 200 -
06:35:49 "POST /collect HTTP/1.1" 200 -
06:35:49 "POST /collect HTTP/1.1" 200 -
06:35:49 CF POST /sessions/76eda3e53d125f01a3f56e6dbd206a7eb377f4bdd8b11e23ea91425fa6eb70d3/tracks/new -> 200 (233 ms)
06:35:49 "POST /cf/sessions/76eda3e53d125f01a3f56e6dbd206a7eb377f4bdd8b11e23ea91425fa6eb70d3/tracks/new HTTP/1.1" 200 -
06:35:49 CF POST /sessions/b29ba16614f0e64897f900dac94cdb67fc6a421a1f11c9f14733cbdcf2910987/tracks/new -> 200 (246 ms)
06:35:49 "POST /cf/sessions/b29ba16614f0e64897f900dac94cdb67fc6a421a1f11c9f14733cbdcf2910987/tracks/new HTTP/1.1" 200 -
06:35:49 "POST /collect HTTP/1.1" 200 -
06:35:49 "POST /collect HTTP/1.1" 200 -
06:35:49 "POST /collect HTTP/1.1" 200 -
06:35:50 CF PUT /sessions/b29ba16614f0e64897f900dac94cdb67fc6a421a1f11c9f14733cbdcf2910987/renegotiate -> 200 (219 ms)
06:35:50 "PUT /cf/sessions/b29ba16614f0e64897f900dac94cdb67fc6a421a1f11c9f14733cbdcf2910987/renegotiate HTTP/1.1" 200 -
06:35:50 "POST /collect HTTP/1.1" 200 -
06:35:50 CF PUT /sessions/76eda3e53d125f01a3f56e6dbd206a7eb377f4bdd8b11e23ea91425fa6eb70d3/renegotiate -> 200 (244 ms)
06:35:50 "PUT /cf/sessions/76eda3e53d125f01a3f56e6dbd206a7eb377f4bdd8b11e23ea91425fa6eb70d3/renegotiate HTTP/1.1" 200 -
06:35:50 "POST /collect HTTP/1.1" 200 -
06:35:50 "POST /collect HTTP/1.1" 200 -
06:35:50 "POST /collect HTTP/1.1" 200 -
06:35:50 "POST /collect HTTP/1.1" 200 -
06:35:50 "POST /collect HTTP/1.1" 200 -
06:35:50 "POST /collect HTTP/1.1" 200 -
06:35:50 "POST /collect HTTP/1.1" 200 -
06:35:50 "POST /collect HTTP/1.1" 200 -
06:35:50 "POST /collect HTTP/1.1" 200 -
06:35:50 "POST /collect HTTP/1.1" 200 -
06:35:50 CF POST /sessions/76eda3e53d125f01a3f56e6dbd206a7eb377f4bdd8b11e23ea91425fa6eb70d3/tracks/new -> 200 (220 ms)
06:35:50 "POST /cf/sessions/76eda3e53d125f01a3f56e6dbd206a7eb377f4bdd8b11e23ea91425fa6eb70d3/tracks/new HTTP/1.1" 200 -
06:35:50 CF POST /sessions/b29ba16614f0e64897f900dac94cdb67fc6a421a1f11c9f14733cbdcf2910987/tracks/new -> 200 (242 ms)
06:35:50 "POST /cf/sessions/b29ba16614f0e64897f900dac94cdb67fc6a421a1f11c9f14733cbdcf2910987/tracks/new HTTP/1.1" 200 -
06:35:50 "POST /collect HTTP/1.1" 200 -
06:35:50 "POST /collect HTTP/1.1" 200 -
06:35:50 "POST /collect HTTP/1.1" 200 -
06:35:50 "POST /collect HTTP/1.1" 200 -
06:35:50 "POST /collect HTTP/1.1" 200 -
06:35:50 "POST /collect HTTP/1.1" 200 -
06:35:50 "POST /collect HTTP/1.1" 200 -
06:35:50 CF PUT /sessions/76eda3e53d125f01a3f56e6dbd206a7eb377f4bdd8b11e23ea91425fa6eb70d3/renegotiate -> 200 (230 ms)
06:35:50 "PUT /cf/sessions/76eda3e53d125f01a3f56e6dbd206a7eb377f4bdd8b11e23ea91425fa6eb70d3/renegotiate HTTP/1.1" 200 -
06:35:50 "POST /collect HTTP/1.1" 200 -
06:35:50 CF PUT /sessions/b29ba16614f0e64897f900dac94cdb67fc6a421a1f11c9f14733cbdcf2910987/renegotiate -> 200 (209 ms)
06:35:50 "PUT /cf/sessions/b29ba16614f0e64897f900dac94cdb67fc6a421a1f11c9f14733cbdcf2910987/renegotiate HTTP/1.1" 200 -
06:35:50 "POST /collect HTTP/1.1" 200 -
06:35:51 "POST /collect HTTP/1.1" 200 -
06:35:51 "POST /collect HTTP/1.1" 200 -
06:35:51 "POST /collect HTTP/1.1" 200 -
06:35:51 "POST /collect HTTP/1.1" 200 -
06:35:51 "POST /collect HTTP/1.1" 200 -
06:35:51 "POST /collect HTTP/1.1" 200 -
06:35:51 "POST /collect HTTP/1.1" 200 -
06:35:51 "POST /collect HTTP/1.1" 200 -
06:35:51 "POST /collect HTTP/1.1" 200 -
06:35:51 "POST /collect HTTP/1.1" 200 -
06:35:51 CF POST /sessions/76eda3e53d125f01a3f56e6dbd206a7eb377f4bdd8b11e23ea91425fa6eb70d3/tracks/new -> 200 (189 ms)
06:35:51 "POST /cf/sessions/76eda3e53d125f01a3f56e6dbd206a7eb377f4bdd8b11e23ea91425fa6eb70d3/tracks/new HTTP/1.1" 200 -
06:35:51 "GET /roster HTTP/1.1" 200 -
06:35:51 "POST /collect HTTP/1.1" 200 -
06:35:51 "GET /roster HTTP/1.1" 200 -
06:35:51 "POST /collect HTTP/1.1" 200 -
06:35:51 "POST /collect HTTP/1.1" 200 -
06:35:51 "POST /collect HTTP/1.1" 200 -
06:35:51 "POST /collect HTTP/1.1" 200 -
06:35:51 "POST /collect HTTP/1.1" 200 -
06:35:51 "POST /collect HTTP/1.1" 200 -
06:35:51 CF POST /sessions/b29ba16614f0e64897f900dac94cdb67fc6a421a1f11c9f14733cbdcf2910987/tracks/new -> 200 (263 ms)
06:35:51 "POST /cf/sessions/b29ba16614f0e64897f900dac94cdb67fc6a421a1f11c9f14733cbdcf2910987/tracks/new HTTP/1.1" 200 -
06:35:51 "POST /collect HTTP/1.1" 200 -
06:35:51 "POST /collect HTTP/1.1" 200 -
06:35:51 CF PUT /sessions/76eda3e53d125f01a3f56e6dbd206a7eb377f4bdd8b11e23ea91425fa6eb70d3/renegotiate -> 200 (239 ms)
06:35:51 "PUT /cf/sessions/76eda3e53d125f01a3f56e6dbd206a7eb377f4bdd8b11e23ea91425fa6eb70d3/renegotiate HTTP/1.1" 200 -
06:35:51 "POST /collect HTTP/1.1" 200 -
06:35:51 CF PUT /sessions/b29ba16614f0e64897f900dac94cdb67fc6a421a1f11c9f14733cbdcf2910987/renegotiate -> 200 (203 ms)
06:35:51 "PUT /cf/sessions/b29ba16614f0e64897f900dac94cdb67fc6a421a1f11c9f14733cbdcf2910987/renegotiate HTTP/1.1" 200 -
06:35:51 CF POST /sessions/76eda3e53d125f01a3f56e6dbd206a7eb377f4bdd8b11e23ea91425fa6eb70d3/tracks/new -> 200 (191 ms)
06:35:51 "POST /cf/sessions/76eda3e53d125f01a3f56e6dbd206a7eb377f4bdd8b11e23ea91425fa6eb70d3/tracks/new HTTP/1.1" 200 -
06:35:51 "POST /collect HTTP/1.1" 200 -
06:35:52 "POST /collect HTTP/1.1" 200 -
06:35:52 "POST /collect HTTP/1.1" 200 -
06:35:52 "POST /collect HTTP/1.1" 200 -
06:35:52 "POST /collect HTTP/1.1" 200 -
06:35:52 "POST /collect HTTP/1.1" 200 -
06:35:52 "POST /collect HTTP/1.1" 200 -
06:35:52 "POST /collect HTTP/1.1" 200 -
06:35:52 "POST /collect HTTP/1.1" 200 -
06:35:52 "POST /collect HTTP/1.1" 200 -
06:35:52 "POST /collect HTTP/1.1" 200 -
06:35:52 "POST /collect HTTP/1.1" 200 -
06:35:52 "POST /collect HTTP/1.1" 200 -
06:35:52 "POST /collect HTTP/1.1" 200 -
06:35:52 "POST /collect HTTP/1.1" 200 -
06:35:52 "POST /collect HTTP/1.1" 200 -
06:35:52 "POST /collect HTTP/1.1" 200 -
06:35:52 "POST /collect HTTP/1.1" 200 -
06:35:52 "POST /collect HTTP/1.1" 200 -
06:35:52 "POST /collect HTTP/1.1" 200 -
06:35:52 "POST /collect HTTP/1.1" 200 -
06:35:52 CF POST /sessions/b29ba16614f0e64897f900dac94cdb67fc6a421a1f11c9f14733cbdcf2910987/tracks/new -> 200 (244 ms)
06:35:52 "POST /cf/sessions/b29ba16614f0e64897f900dac94cdb67fc6a421a1f11c9f14733cbdcf2910987/tracks/new HTTP/1.1" 200 -
06:35:52 "POST /collect HTTP/1.1" 200 -
06:35:52 CF PUT /sessions/76eda3e53d125f01a3f56e6dbd206a7eb377f4bdd8b11e23ea91425fa6eb70d3/renegotiate -> 200 (238 ms)
06:35:52 "PUT /cf/sessions/76eda3e53d125f01a3f56e6dbd206a7eb377f4bdd8b11e23ea91425fa6eb70d3/renegotiate HTTP/1.1" 200 -
06:35:52 "POST /collect HTTP/1.1" 200 -
06:35:52 "POST /collect HTTP/1.1" 200 -
06:35:52 CF POST /sessions/76eda3e53d125f01a3f56e6dbd206a7eb377f4bdd8b11e23ea91425fa6eb70d3/tracks/new -> 200 (182 ms)
06:35:52 "POST /cf/sessions/76eda3e53d125f01a3f56e6dbd206a7eb377f4bdd8b11e23ea91425fa6eb70d3/tracks/new HTTP/1.1" 200 -
06:35:52 "POST /collect HTTP/1.1" 200 -
06:35:52 "POST /collect HTTP/1.1" 200 -
06:35:52 CF PUT /sessions/b29ba16614f0e64897f900dac94cdb67fc6a421a1f11c9f14733cbdcf2910987/renegotiate -> 200 (214 ms)
06:35:52 "PUT /cf/sessions/b29ba16614f0e64897f900dac94cdb67fc6a421a1f11c9f14733cbdcf2910987/renegotiate HTTP/1.1" 200 -
06:35:52 "POST /collect HTTP/1.1" 200 -
06:35:52 "POST /collect HTTP/1.1" 200 -
06:35:53 "POST /collect HTTP/1.1" 200 -
06:35:53 "POST /collect HTTP/1.1" 200 -
06:35:53 "POST /collect HTTP/1.1" 200 -
06:35:53 CF POST /sessions/b29ba16614f0e64897f900dac94cdb67fc6a421a1f11c9f14733cbdcf2910987/tracks/new -> 200 (266 ms)
06:35:53 "POST /cf/sessions/b29ba16614f0e64897f900dac94cdb67fc6a421a1f11c9f14733cbdcf2910987/tracks/new HTTP/1.1" 200 -
06:35:53 "POST /collect HTTP/1.1" 200 -
06:35:53 "POST /collect HTTP/1.1" 200 -
06:35:53 "GET /roster HTTP/1.1" 200 -
06:35:53 "GET /roster HTTP/1.1" 200 -
06:35:53 "POST /collect HTTP/1.1" 200 -
06:35:53 "POST /collect HTTP/1.1" 200 -
06:35:53 "POST /collect HTTP/1.1" 200 -
06:35:53 "POST /collect HTTP/1.1" 200 -
06:35:53 "POST /collect HTTP/1.1" 200 -
06:35:53 "POST /collect HTTP/1.1" 200 -
06:35:53 CF PUT /sessions/76eda3e53d125f01a3f56e6dbd206a7eb377f4bdd8b11e23ea91425fa6eb70d3/renegotiate -> 200 (230 ms)
06:35:53 "PUT /cf/sessions/76eda3e53d125f01a3f56e6dbd206a7eb377f4bdd8b11e23ea91425fa6eb70d3/renegotiate HTTP/1.1" 200 -
06:35:53 "POST /collect HTTP/1.1" 200 -
06:35:53 "POST /collect HTTP/1.1" 200 -
06:35:53 "POST /collect HTTP/1.1" 200 -
06:35:53 CF POST /sessions/76eda3e53d125f01a3f56e6dbd206a7eb377f4bdd8b11e23ea91425fa6eb70d3/tracks/new -> 200 (197 ms)
06:35:53 "POST /cf/sessions/76eda3e53d125f01a3f56e6dbd206a7eb377f4bdd8b11e23ea91425fa6eb70d3/tracks/new HTTP/1.1" 200 -
06:35:53 CF PUT /sessions/b29ba16614f0e64897f900dac94cdb67fc6a421a1f11c9f14733cbdcf2910987/renegotiate -> 200 (228 ms)
06:35:53 "PUT /cf/sessions/b29ba16614f0e64897f900dac94cdb67fc6a421a1f11c9f14733cbdcf2910987/renegotiate HTTP/1.1" 200 -
06:35:53 "POST /collect HTTP/1.1" 200 -
06:35:53 "POST /collect HTTP/1.1" 200 -
06:35:53 "POST /collect HTTP/1.1" 200 -
06:35:53 "POST /collect HTTP/1.1" 200 -
06:35:53 "POST /collect HTTP/1.1" 200 -
06:35:53 "POST /collect HTTP/1.1" 200 -
06:35:53 "POST /collect HTTP/1.1" 200 -
06:35:53 CF PUT /sessions/76eda3e53d125f01a3f56e6dbd206a7eb377f4bdd8b11e23ea91425fa6eb70d3/renegotiate -> 200 (217 ms)
06:35:53 "PUT /cf/sessions/76eda3e53d125f01a3f56e6dbd206a7eb377f4bdd8b11e23ea91425fa6eb70d3/renegotiate HTTP/1.1" 200 -
06:35:53 "POST /collect HTTP/1.1" 200 -
06:35:53 CF POST /sessions/b29ba16614f0e64897f900dac94cdb67fc6a421a1f11c9f14733cbdcf2910987/tracks/new -> 200 (277 ms)
06:35:53 "POST /cf/sessions/b29ba16614f0e64897f900dac94cdb67fc6a421a1f11c9f14733cbdcf2910987/tracks/new HTTP/1.1" 200 -
06:35:54 "POST /collect HTTP/1.1" 200 -
06:35:54 "POST /collect HTTP/1.1" 200 -
06:35:54 "POST /collect HTTP/1.1" 200 -
06:35:54 "POST /collect HTTP/1.1" 200 -
06:35:54 "POST /collect HTTP/1.1" 200 -
06:35:54 "POST /collect HTTP/1.1" 200 -
06:35:54 "POST /collect HTTP/1.1" 200 -
06:35:54 "POST /collect HTTP/1.1" 200 -
06:35:54 "POST /collect HTTP/1.1" 200 -
06:35:54 "POST /collect HTTP/1.1" 200 -
06:35:54 "POST /collect HTTP/1.1" 200 -
06:35:54 "POST /collect HTTP/1.1" 200 -
06:35:54 "POST /collect HTTP/1.1" 200 -
06:35:54 "POST /collect HTTP/1.1" 200 -
06:35:54 CF POST /sessions/76eda3e53d125f01a3f56e6dbd206a7eb377f4bdd8b11e23ea91425fa6eb70d3/tracks/new -> 200 (249 ms)
06:35:54 "POST /cf/sessions/76eda3e53d125f01a3f56e6dbd206a7eb377f4bdd8b11e23ea91425fa6eb70d3/tracks/new HTTP/1.1" 200 -
06:35:54 "POST /collect HTTP/1.1" 200 -
06:35:54 "POST /collect HTTP/1.1" 200 -
06:35:54 CF PUT /sessions/b29ba16614f0e64897f900dac94cdb67fc6a421a1f11c9f14733cbdcf2910987/renegotiate -> 200 (224 ms)
06:35:54 "PUT /cf/sessions/b29ba16614f0e64897f900dac94cdb67fc6a421a1f11c9f14733cbdcf2910987/renegotiate HTTP/1.1" 200 -
06:35:54 "POST /collect HTTP/1.1" 200 -
06:35:54 CF PUT /sessions/76eda3e53d125f01a3f56e6dbd206a7eb377f4bdd8b11e23ea91425fa6eb70d3/renegotiate -> 200 (213 ms)
06:35:54 "PUT /cf/sessions/76eda3e53d125f01a3f56e6dbd206a7eb377f4bdd8b11e23ea91425fa6eb70d3/renegotiate HTTP/1.1" 200 -
06:35:55 "POST /collect HTTP/1.1" 200 -
06:35:55 "POST /collect HTTP/1.1" 200 -
06:35:55 "POST /collect HTTP/1.1" 200 -
06:35:55 CF POST /sessions/b29ba16614f0e64897f900dac94cdb67fc6a421a1f11c9f14733cbdcf2910987/tracks/new -> 200 (329 ms)
06:35:55 "POST /cf/sessions/b29ba16614f0e64897f900dac94cdb67fc6a421a1f11c9f14733cbdcf2910987/tracks/new HTTP/1.1" 200 -
06:35:55 "POST /collect HTTP/1.1" 200 -
06:35:55 "POST /collect HTTP/1.1" 200 -
06:35:55 "POST /collect HTTP/1.1" 200 -
06:35:55 "POST /collect HTTP/1.1" 200 -
06:35:55 "POST /collect HTTP/1.1" 200 -
06:35:55 "POST /collect HTTP/1.1" 200 -
06:35:55 "POST /collect HTTP/1.1" 200 -
06:35:55 "POST /collect HTTP/1.1" 200 -
06:35:55 "POST /collect HTTP/1.1" 200 -
06:35:55 "POST /collect HTTP/1.1" 200 -
06:35:55 "POST /collect HTTP/1.1" 200 -
06:35:55 "POST /collect HTTP/1.1" 200 -
06:35:55 "POST /collect HTTP/1.1" 200 -
06:35:55 "POST /collect HTTP/1.1" 200 -
06:35:55 "POST /collect HTTP/1.1" 200 -
06:35:55 "POST /collect HTTP/1.1" 200 -
06:35:55 "POST /collect HTTP/1.1" 200 -
06:35:55 "POST /collect HTTP/1.1" 200 -
06:35:55 "GET /roster HTTP/1.1" 200 -
06:35:55 "GET /roster HTTP/1.1" 200 -
06:35:55 "POST /collect HTTP/1.1" 200 -
06:35:55 "POST /collect HTTP/1.1" 200 -
06:35:55 CF POST /sessions/76eda3e53d125f01a3f56e6dbd206a7eb377f4bdd8b11e23ea91425fa6eb70d3/tracks/new -> 200 (203 ms)
06:35:55 "POST /cf/sessions/76eda3e53d125f01a3f56e6dbd206a7eb377f4bdd8b11e23ea91425fa6eb70d3/tracks/new HTTP/1.1" 200 -
06:35:55 "POST /collect HTTP/1.1" 200 -
06:35:55 "POST /collect HTTP/1.1" 200 -
06:35:55 CF PUT /sessions/76eda3e53d125f01a3f56e6dbd206a7eb377f4bdd8b11e23ea91425fa6eb70d3/renegotiate -> 200 (227 ms)
06:35:55 "PUT /cf/sessions/76eda3e53d125f01a3f56e6dbd206a7eb377f4bdd8b11e23ea91425fa6eb70d3/renegotiate HTTP/1.1" 200 -
06:35:55 "POST /collect HTTP/1.1" 200 -
06:35:55 CF PUT /sessions/b29ba16614f0e64897f900dac94cdb67fc6a421a1f11c9f14733cbdcf2910987/renegotiate -> 200 (204 ms)
06:35:55 "PUT /cf/sessions/b29ba16614f0e64897f900dac94cdb67fc6a421a1f11c9f14733cbdcf2910987/renegotiate HTTP/1.1" 200 -
06:35:55 "POST /collect HTTP/1.1" 200 -
06:35:55 "POST /collect HTTP/1.1" 200 -
06:35:55 "POST /collect HTTP/1.1" 200 -
06:35:56 "POST /collect HTTP/1.1" 200 -
06:35:56 "POST /collect HTTP/1.1" 200 -
06:35:56 "POST /collect HTTP/1.1" 200 -
06:35:56 "POST /collect HTTP/1.1" 200 -
06:35:56 "POST /collect HTTP/1.1" 200 -
06:35:56 "POST /collect HTTP/1.1" 200 -
06:35:56 "POST /collect HTTP/1.1" 200 -
06:35:56 CF POST /sessions/76eda3e53d125f01a3f56e6dbd206a7eb377f4bdd8b11e23ea91425fa6eb70d3/tracks/new -> 200 (249 ms)
06:35:56 "POST /cf/sessions/76eda3e53d125f01a3f56e6dbd206a7eb377f4bdd8b11e23ea91425fa6eb70d3/tracks/new HTTP/1.1" 200 -
06:35:56 "POST /collect HTTP/1.1" 200 -
06:35:56 "POST /collect HTTP/1.1" 200 -
06:35:56 "POST /collect HTTP/1.1" 200 -
06:35:56 CF POST /sessions/b29ba16614f0e64897f900dac94cdb67fc6a421a1f11c9f14733cbdcf2910987/tracks/new -> 200 (255 ms)
06:35:56 "POST /cf/sessions/b29ba16614f0e64897f900dac94cdb67fc6a421a1f11c9f14733cbdcf2910987/tracks/new HTTP/1.1" 200 -
06:35:56 "POST /collect HTTP/1.1" 200 -
06:35:56 "POST /collect HTTP/1.1" 200 -
06:35:56 CF PUT /sessions/76eda3e53d125f01a3f56e6dbd206a7eb377f4bdd8b11e23ea91425fa6eb70d3/renegotiate -> 200 (257 ms)
06:35:56 "PUT /cf/sessions/76eda3e53d125f01a3f56e6dbd206a7eb377f4bdd8b11e23ea91425fa6eb70d3/renegotiate HTTP/1.1" 200 -
06:35:56 "POST /collect HTTP/1.1" 200 -
06:35:56 "POST /collect HTTP/1.1" 200 -
06:35:56 "POST /collect HTTP/1.1" 200 -
06:35:56 "POST /collect HTTP/1.1" 200 -
06:35:56 "POST /collect HTTP/1.1" 200 -
06:35:56 "POST /collect HTTP/1.1" 200 -
06:35:56 "POST /collect HTTP/1.1" 200 -
06:35:56 CF PUT /sessions/b29ba16614f0e64897f900dac94cdb67fc6a421a1f11c9f14733cbdcf2910987/renegotiate -> 200 (210 ms)
06:35:56 "PUT /cf/sessions/b29ba16614f0e64897f900dac94cdb67fc6a421a1f11c9f14733cbdcf2910987/renegotiate HTTP/1.1" 200 -
06:35:57 "POST /collect HTTP/1.1" 200 -
06:35:57 "POST /collect HTTP/1.1" 200 -
06:35:57 "POST /collect HTTP/1.1" 200 -
06:35:57 "POST /collect HTTP/1.1" 200 -
06:35:57 "POST /collect HTTP/1.1" 200 -
06:35:57 "POST /collect HTTP/1.1" 200 -
06:35:57 "POST /collect HTTP/1.1" 200 -
06:35:57 "POST /collect HTTP/1.1" 200 -
06:35:57 "POST /collect HTTP/1.1" 200 -
06:35:57 "POST /collect HTTP/1.1" 200 -
06:35:57 CF POST /sessions/76eda3e53d125f01a3f56e6dbd206a7eb377f4bdd8b11e23ea91425fa6eb70d3/tracks/new -> 200 (218 ms)
06:35:57 "POST /cf/sessions/76eda3e53d125f01a3f56e6dbd206a7eb377f4bdd8b11e23ea91425fa6eb70d3/tracks/new HTTP/1.1" 200 -
06:35:57 "POST /collect HTTP/1.1" 200 -
06:35:57 "POST /collect HTTP/1.1" 200 -
06:35:57 "POST /collect HTTP/1.1" 200 -
06:35:57 "GET /roster HTTP/1.1" 200 -
06:35:57 "POST /collect HTTP/1.1" 200 -
06:35:57 "POST /collect HTTP/1.1" 200 -
06:35:57 "GET /roster HTTP/1.1" 200 -
06:35:57 "POST /collect HTTP/1.1" 200 -
06:35:57 "POST /collect HTTP/1.1" 200 -
06:35:57 CF POST /sessions/b29ba16614f0e64897f900dac94cdb67fc6a421a1f11c9f14733cbdcf2910987/tracks/new -> 200 (257 ms)
06:35:57 "POST /cf/sessions/b29ba16614f0e64897f900dac94cdb67fc6a421a1f11c9f14733cbdcf2910987/tracks/new HTTP/1.1" 200 -
06:35:57 "POST /collect HTTP/1.1" 200 -
06:35:57 "POST /collect HTTP/1.1" 200 -
06:35:57 CF PUT /sessions/76eda3e53d125f01a3f56e6dbd206a7eb377f4bdd8b11e23ea91425fa6eb70d3/renegotiate -> 200 (234 ms)
06:35:57 "PUT /cf/sessions/76eda3e53d125f01a3f56e6dbd206a7eb377f4bdd8b11e23ea91425fa6eb70d3/renegotiate HTTP/1.1" 200 -
06:35:58 "POST /collect HTTP/1.1" 200 -
06:35:58 "POST /collect HTTP/1.1" 200 -
06:35:58 "POST /collect HTTP/1.1" 200 -
06:35:58 "POST /collect HTTP/1.1" 200 -
06:35:58 "POST /collect HTTP/1.1" 200 -
06:35:58 "POST /collect HTTP/1.1" 200 -
06:35:58 "POST /collect HTTP/1.1" 200 -
06:35:58 "POST /collect HTTP/1.1" 200 -
06:35:58 CF PUT /sessions/b29ba16614f0e64897f900dac94cdb67fc6a421a1f11c9f14733cbdcf2910987/renegotiate -> 200 (212 ms)
06:35:58 "PUT /cf/sessions/b29ba16614f0e64897f900dac94cdb67fc6a421a1f11c9f14733cbdcf2910987/renegotiate HTTP/1.1" 200 -
06:35:58 "POST /collect HTTP/1.1" 200 -
06:35:58 "POST /collect HTTP/1.1" 200 -
06:35:58 "POST /collect HTTP/1.1" 200 -
06:35:58 "POST /collect HTTP/1.1" 200 -
06:35:58 "POST /collect HTTP/1.1" 200 -
06:35:58 "POST /collect HTTP/1.1" 200 -
06:35:58 "POST /collect HTTP/1.1" 200 -
06:35:58 "POST /collect HTTP/1.1" 200 -
06:35:58 "POST /collect HTTP/1.1" 200 -
06:35:58 "POST /collect HTTP/1.1" 200 -
06:35:58 "POST /collect HTTP/1.1" 200 -
06:35:58 "POST /collect HTTP/1.1" 200 -
06:35:58 "POST /collect HTTP/1.1" 200 -
06:35:58 "POST /collect HTTP/1.1" 200 -
06:35:58 CF POST /sessions/76eda3e53d125f01a3f56e6dbd206a7eb377f4bdd8b11e23ea91425fa6eb70d3/tracks/new -> 200 (182 ms)
06:35:58 "POST /cf/sessions/76eda3e53d125f01a3f56e6dbd206a7eb377f4bdd8b11e23ea91425fa6eb70d3/tracks/new HTTP/1.1" 200 -
06:35:58 CF POST /sessions/b29ba16614f0e64897f900dac94cdb67fc6a421a1f11c9f14733cbdcf2910987/tracks/new -> 200 (302 ms)
06:35:58 "POST /cf/sessions/b29ba16614f0e64897f900dac94cdb67fc6a421a1f11c9f14733cbdcf2910987/tracks/new HTTP/1.1" 200 -
06:35:58 "POST /collect HTTP/1.1" 200 -
06:35:58 "POST /collect HTTP/1.1" 200 -
06:35:58 "POST /collect HTTP/1.1" 200 -
06:35:58 "POST /collect HTTP/1.1" 200 -
06:35:58 "POST /collect HTTP/1.1" 200 -
06:35:59 "POST /collect HTTP/1.1" 200 -
06:35:59 CF PUT /sessions/76eda3e53d125f01a3f56e6dbd206a7eb377f4bdd8b11e23ea91425fa6eb70d3/renegotiate -> 200 (264 ms)
06:35:59 "PUT /cf/sessions/76eda3e53d125f01a3f56e6dbd206a7eb377f4bdd8b11e23ea91425fa6eb70d3/renegotiate HTTP/1.1" 200 -
06:35:59 "POST /collect HTTP/1.1" 200 -
06:35:59 "POST /collect HTTP/1.1" 200 -
06:35:59 "POST /collect HTTP/1.1" 200 -
06:35:59 "POST /collect HTTP/1.1" 200 -
06:35:59 "POST /collect HTTP/1.1" 200 -
06:35:59 CF PUT /sessions/b29ba16614f0e64897f900dac94cdb67fc6a421a1f11c9f14733cbdcf2910987/renegotiate -> 200 (250 ms)
06:35:59 "PUT /cf/sessions/b29ba16614f0e64897f900dac94cdb67fc6a421a1f11c9f14733cbdcf2910987/renegotiate HTTP/1.1" 200 -
06:35:59 "GET /roster HTTP/1.1" 200 -
06:35:59 "POST /collect HTTP/1.1" 200 -
06:35:59 "POST /collect HTTP/1.1" 200 -
06:35:59 "POST /collect HTTP/1.1" 200 -
06:35:59 "POST /collect HTTP/1.1" 200 -
06:35:59 "GET /roster HTTP/1.1" 200 -
06:35:59 "POST /collect HTTP/1.1" 200 -
06:35:59 "POST /collect HTTP/1.1" 200 -
06:35:59 "POST /collect HTTP/1.1" 200 -
06:35:59 "POST /collect HTTP/1.1" 200 -
06:35:59 "POST /collect HTTP/1.1" 200 -
06:35:59 CF POST /sessions/76eda3e53d125f01a3f56e6dbd206a7eb377f4bdd8b11e23ea91425fa6eb70d3/tracks/new -> 200 (323 ms)
06:35:59 "POST /cf/sessions/76eda3e53d125f01a3f56e6dbd206a7eb377f4bdd8b11e23ea91425fa6eb70d3/tracks/new HTTP/1.1" 200 -
06:35:59 CF POST /sessions/b29ba16614f0e64897f900dac94cdb67fc6a421a1f11c9f14733cbdcf2910987/tracks/new -> 200 (251 ms)
06:35:59 "POST /cf/sessions/b29ba16614f0e64897f900dac94cdb67fc6a421a1f11c9f14733cbdcf2910987/tracks/new HTTP/1.1" 200 -
06:35:59 "POST /collect HTTP/1.1" 200 -
06:35:59 "POST /collect HTTP/1.1" 200 -
06:35:59 "POST /collect HTTP/1.1" 200 -
06:35:59 "POST /collect HTTP/1.1" 200 -
06:35:59 "POST /collect HTTP/1.1" 200 -
06:35:59 "POST /collect HTTP/1.1" 200 -
06:36:00 "POST /collect HTTP/1.1" 200 -
06:36:00 "POST /collect HTTP/1.1" 200 -
06:36:00 "POST /collect HTTP/1.1" 200 -
06:36:00 "POST /collect HTTP/1.1" 200 -
06:36:00 "POST /collect HTTP/1.1" 200 -
06:36:00 "POST /collect HTTP/1.1" 200 -
06:36:00 "POST /collect HTTP/1.1" 200 -
06:36:00 "POST /collect HTTP/1.1" 200 -
06:36:00 "POST /collect HTTP/1.1" 200 -
06:36:00 "POST /collect HTTP/1.1" 200 -
06:36:00 "POST /collect HTTP/1.1" 200 -
06:36:00 "POST /collect HTTP/1.1" 200 -
06:36:00 "POST /collect HTTP/1.1" 200 -
06:36:00 "POST /collect HTTP/1.1" 200 -
06:36:00 CF PUT /sessions/76eda3e53d125f01a3f56e6dbd206a7eb377f4bdd8b11e23ea91425fa6eb70d3/renegotiate -> 200 (253 ms)
06:36:00 "PUT /cf/sessions/76eda3e53d125f01a3f56e6dbd206a7eb377f4bdd8b11e23ea91425fa6eb70d3/renegotiate HTTP/1.1" 200 -
06:36:00 "POST /collect HTTP/1.1" 200 -
06:36:00 CF PUT /sessions/b29ba16614f0e64897f900dac94cdb67fc6a421a1f11c9f14733cbdcf2910987/renegotiate -> 200 (258 ms)
06:36:00 "PUT /cf/sessions/b29ba16614f0e64897f900dac94cdb67fc6a421a1f11c9f14733cbdcf2910987/renegotiate HTTP/1.1" 200 -
06:36:00 "POST /collect HTTP/1.1" 200 -
06:36:00 "POST /collect HTTP/1.1" 200 -
06:36:00 "POST /collect HTTP/1.1" 200 -
06:36:00 CF POST /sessions/76eda3e53d125f01a3f56e6dbd206a7eb377f4bdd8b11e23ea91425fa6eb70d3/tracks/new -> 200 (251 ms)
06:36:00 "POST /cf/sessions/76eda3e53d125f01a3f56e6dbd206a7eb377f4bdd8b11e23ea91425fa6eb70d3/tracks/new HTTP/1.1" 200 -
06:36:00 CF POST /sessions/b29ba16614f0e64897f900dac94cdb67fc6a421a1f11c9f14733cbdcf2910987/tracks/new -> 200 (176 ms)
06:36:00 "POST /cf/sessions/b29ba16614f0e64897f900dac94cdb67fc6a421a1f11c9f14733cbdcf2910987/tracks/new HTTP/1.1" 200 -
06:36:01 "POST /collect HTTP/1.1" 200 -
06:36:01 "POST /collect HTTP/1.1" 200 -
06:36:01 "POST /collect HTTP/1.1" 200 -
06:36:01 "POST /collect HTTP/1.1" 200 -
06:36:01 "POST /collect HTTP/1.1" 200 -
06:36:01 "POST /collect HTTP/1.1" 200 -
06:36:01 "POST /collect HTTP/1.1" 200 -
06:36:01 "POST /collect HTTP/1.1" 200 -
06:36:01 "POST /collect HTTP/1.1" 200 -
06:36:01 "POST /collect HTTP/1.1" 200 -
06:36:01 "POST /collect HTTP/1.1" 200 -
06:36:01 "POST /collect HTTP/1.1" 200 -
06:36:01 "POST /collect HTTP/1.1" 200 -
06:36:01 "POST /collect HTTP/1.1" 200 -
06:36:01 "POST /collect HTTP/1.1" 200 -
06:36:01 "POST /collect HTTP/1.1" 200 -
06:36:01 "POST /collect HTTP/1.1" 200 -
06:36:01 "POST /collect HTTP/1.1" 200 -
06:36:01 "POST /collect HTTP/1.1" 200 -
06:36:01 "POST /collect HTTP/1.1" 200 -
06:36:01 "GET /roster HTTP/1.1" 200 -
06:36:01 "GET /roster HTTP/1.1" 200 -
06:36:01 "POST /collect HTTP/1.1" 200 -
06:36:01 "POST /collect HTTP/1.1" 200 -
06:36:01 "POST /collect HTTP/1.1" 200 -
06:36:01 "POST /collect HTTP/1.1" 200 -
06:36:01 CF PUT /sessions/76eda3e53d125f01a3f56e6dbd206a7eb377f4bdd8b11e23ea91425fa6eb70d3/renegotiate -> 200 (248 ms)
06:36:01 "PUT /cf/sessions/76eda3e53d125f01a3f56e6dbd206a7eb377f4bdd8b11e23ea91425fa6eb70d3/renegotiate HTTP/1.1" 200 -
06:36:01 CF PUT /sessions/b29ba16614f0e64897f900dac94cdb67fc6a421a1f11c9f14733cbdcf2910987/renegotiate -> 200 (231 ms)
06:36:01 "PUT /cf/sessions/b29ba16614f0e64897f900dac94cdb67fc6a421a1f11c9f14733cbdcf2910987/renegotiate HTTP/1.1" 200 -
06:36:01 "POST /collect HTTP/1.1" 200 -
06:36:01 "POST /collect HTTP/1.1" 200 -
06:36:01 "POST /collect HTTP/1.1" 200 -
06:36:01 "POST /collect HTTP/1.1" 200 -
06:36:01 "POST /collect HTTP/1.1" 200 -
06:36:02 "POST /collect HTTP/1.1" 200 -
06:36:02 "POST /collect HTTP/1.1" 200 -
06:36:02 "POST /collect HTTP/1.1" 200 -
06:36:02 "POST /collect HTTP/1.1" 200 -
06:36:02 "POST /collect HTTP/1.1" 200 -
06:36:02 "POST /collect HTTP/1.1" 200 -
06:36:02 CF POST /sessions/b29ba16614f0e64897f900dac94cdb67fc6a421a1f11c9f14733cbdcf2910987/tracks/new -> 200 (246 ms)
06:36:02 CF POST /sessions/76eda3e53d125f01a3f56e6dbd206a7eb377f4bdd8b11e23ea91425fa6eb70d3/tracks/new -> 200 (271 ms)
06:36:02 "POST /cf/sessions/b29ba16614f0e64897f900dac94cdb67fc6a421a1f11c9f14733cbdcf2910987/tracks/new HTTP/1.1" 200 -
06:36:02 "POST /cf/sessions/76eda3e53d125f01a3f56e6dbd206a7eb377f4bdd8b11e23ea91425fa6eb70d3/tracks/new HTTP/1.1" 200 -
06:36:02 "POST /collect HTTP/1.1" 200 -
06:36:02 "POST /collect HTTP/1.1" 200 -
06:36:02 "POST /collect HTTP/1.1" 200 -
06:36:02 "POST /collect HTTP/1.1" 200 -
06:36:02 "POST /collect HTTP/1.1" 200 -
06:36:02 "POST /collect HTTP/1.1" 200 -
06:36:02 "POST /collect HTTP/1.1" 200 -
06:36:02 "POST /collect HTTP/1.1" 200 -
06:36:02 "POST /collect HTTP/1.1" 200 -
06:36:02 "POST /collect HTTP/1.1" 200 -
06:36:02 "POST /collect HTTP/1.1" 200 -
06:36:02 CF PUT /sessions/76eda3e53d125f01a3f56e6dbd206a7eb377f4bdd8b11e23ea91425fa6eb70d3/renegotiate -> 200 (245 ms)
06:36:02 "PUT /cf/sessions/76eda3e53d125f01a3f56e6dbd206a7eb377f4bdd8b11e23ea91425fa6eb70d3/renegotiate HTTP/1.1" 200 -
06:36:02 CF PUT /sessions/b29ba16614f0e64897f900dac94cdb67fc6a421a1f11c9f14733cbdcf2910987/renegotiate -> 200 (260 ms)
06:36:02 "PUT /cf/sessions/b29ba16614f0e64897f900dac94cdb67fc6a421a1f11c9f14733cbdcf2910987/renegotiate HTTP/1.1" 200 -
06:36:03 "POST /collect HTTP/1.1" 200 -
06:36:03 "POST /collect HTTP/1.1" 200 -
06:36:03 "POST /collect HTTP/1.1" 200 -
06:36:03 "POST /collect HTTP/1.1" 200 -
06:36:03 "POST /collect HTTP/1.1" 200 -
06:36:03 "POST /collect HTTP/1.1" 200 -
06:36:03 "POST /collect HTTP/1.1" 200 -
06:36:03 "POST /collect HTTP/1.1" 200 -
06:36:03 "POST /collect HTTP/1.1" 200 -
06:36:03 "POST /collect HTTP/1.1" 200 -
06:36:03 "POST /collect HTTP/1.1" 200 -
06:36:03 "POST /collect HTTP/1.1" 200 -
06:36:03 "POST /collect HTTP/1.1" 200 -
06:36:03 "POST /collect HTTP/1.1" 200 -
06:36:03 "POST /collect HTTP/1.1" 200 -
06:36:03 "GET /roster HTTP/1.1" 200 -
06:36:03 "POST /collect HTTP/1.1" 200 -
06:36:03 "GET /roster HTTP/1.1" 200 -
06:36:03 "POST /collect HTTP/1.1" 200 -
06:36:03 "POST /collect HTTP/1.1" 200 -
06:36:03 "POST /collect HTTP/1.1" 200 -
06:36:03 CF POST /sessions/76eda3e53d125f01a3f56e6dbd206a7eb377f4bdd8b11e23ea91425fa6eb70d3/tracks/new -> 200 (276 ms)
06:36:03 "POST /cf/sessions/76eda3e53d125f01a3f56e6dbd206a7eb377f4bdd8b11e23ea91425fa6eb70d3/tracks/new HTTP/1.1" 200 -
06:36:03 CF POST /sessions/b29ba16614f0e64897f900dac94cdb67fc6a421a1f11c9f14733cbdcf2910987/tracks/new -> 200 (218 ms)
06:36:03 "POST /cf/sessions/b29ba16614f0e64897f900dac94cdb67fc6a421a1f11c9f14733cbdcf2910987/tracks/new HTTP/1.1" 200 -
06:36:03 "POST /collect HTTP/1.1" 200 -
06:36:04 "POST /collect HTTP/1.1" 200 -
06:36:04 "POST /collect HTTP/1.1" 200 -
06:36:04 "POST /collect HTTP/1.1" 200 -
06:36:04 "POST /collect HTTP/1.1" 200 -
06:36:04 "POST /collect HTTP/1.1" 200 -
06:36:04 "POST /collect HTTP/1.1" 200 -
06:36:04 "POST /collect HTTP/1.1" 200 -
06:36:04 "POST /collect HTTP/1.1" 200 -
06:36:04 "POST /collect HTTP/1.1" 200 -
06:36:04 "POST /collect HTTP/1.1" 200 -
06:36:04 "POST /collect HTTP/1.1" 200 -
06:36:04 "POST /collect HTTP/1.1" 200 -
06:36:04 "POST /collect HTTP/1.1" 200 -
06:36:04 "POST /collect HTTP/1.1" 200 -
06:36:04 "POST /collect HTTP/1.1" 200 -
06:36:04 "POST /collect HTTP/1.1" 200 -
06:36:04 "POST /collect HTTP/1.1" 200 -
06:36:04 "POST /collect HTTP/1.1" 200 -
06:36:04 "POST /collect HTTP/1.1" 200 -
06:36:04 "POST /collect HTTP/1.1" 200 -
06:36:04 CF PUT /sessions/b29ba16614f0e64897f900dac94cdb67fc6a421a1f11c9f14733cbdcf2910987/renegotiate -> 200 (230 ms)
06:36:04 "PUT /cf/sessions/b29ba16614f0e64897f900dac94cdb67fc6a421a1f11c9f14733cbdcf2910987/renegotiate HTTP/1.1" 200 -
06:36:04 CF PUT /sessions/76eda3e53d125f01a3f56e6dbd206a7eb377f4bdd8b11e23ea91425fa6eb70d3/renegotiate -> 200 (263 ms)
06:36:04 "PUT /cf/sessions/76eda3e53d125f01a3f56e6dbd206a7eb377f4bdd8b11e23ea91425fa6eb70d3/renegotiate HTTP/1.1" 200 -
06:36:04 "POST /collect HTTP/1.1" 200 -
06:36:04 "POST /collect HTTP/1.1" 200 -
06:36:04 "POST /collect HTTP/1.1" 200 -
06:36:04 "POST /collect HTTP/1.1" 200 -
06:36:04 "POST /collect HTTP/1.1" 200 -
06:36:04 CF POST /sessions/b29ba16614f0e64897f900dac94cdb67fc6a421a1f11c9f14733cbdcf2910987/tracks/new -> 200 (245 ms)
06:36:04 "POST /cf/sessions/b29ba16614f0e64897f900dac94cdb67fc6a421a1f11c9f14733cbdcf2910987/tracks/new HTTP/1.1" 200 -
06:36:04 CF POST /sessions/76eda3e53d125f01a3f56e6dbd206a7eb377f4bdd8b11e23ea91425fa6eb70d3/tracks/new -> 200 (271 ms)
06:36:04 "POST /cf/sessions/76eda3e53d125f01a3f56e6dbd206a7eb377f4bdd8b11e23ea91425fa6eb70d3/tracks/new HTTP/1.1" 200 -
06:36:04 "POST /collect HTTP/1.1" 200 -
06:36:04 "POST /collect HTTP/1.1" 200 -
06:36:05 "POST /collect HTTP/1.1" 200 -
06:36:05 "POST /collect HTTP/1.1" 200 -
06:36:05 "POST /collect HTTP/1.1" 200 -
06:36:05 "POST /collect HTTP/1.1" 200 -
06:36:05 "POST /collect HTTP/1.1" 200 -
06:36:05 "POST /collect HTTP/1.1" 200 -
06:36:05 "POST /collect HTTP/1.1" 200 -
06:36:05 "POST /collect HTTP/1.1" 200 -
06:36:05 "POST /collect HTTP/1.1" 200 -
06:36:05 "GET /roster HTTP/1.1" 200 -
06:36:05 "GET /roster HTTP/1.1" 200 -
06:36:05 "POST /collect HTTP/1.1" 200 -
06:36:05 "POST /collect HTTP/1.1" 200 -
06:36:05 "POST /collect HTTP/1.1" 200 -
06:36:05 CF PUT /sessions/76eda3e53d125f01a3f56e6dbd206a7eb377f4bdd8b11e23ea91425fa6eb70d3/renegotiate -> 200 (237 ms)
06:36:05 "PUT /cf/sessions/76eda3e53d125f01a3f56e6dbd206a7eb377f4bdd8b11e23ea91425fa6eb70d3/renegotiate HTTP/1.1" 200 -
06:36:05 CF PUT /sessions/b29ba16614f0e64897f900dac94cdb67fc6a421a1f11c9f14733cbdcf2910987/renegotiate -> 200 (281 ms)
06:36:05 "PUT /cf/sessions/b29ba16614f0e64897f900dac94cdb67fc6a421a1f11c9f14733cbdcf2910987/renegotiate HTTP/1.1" 200 -
06:36:05 "POST /collect HTTP/1.1" 200 -
06:36:05 "POST /collect HTTP/1.1" 200 -
06:36:05 "POST /collect HTTP/1.1" 200 -
06:36:05 "POST /collect HTTP/1.1" 200 -
06:36:05 "POST /collect HTTP/1.1" 200 -
06:36:05 "POST /collect HTTP/1.1" 200 -
06:36:05 "POST /collect HTTP/1.1" 200 -
06:36:05 "POST /collect HTTP/1.1" 200 -
06:36:05 "POST /collect HTTP/1.1" 200 -
06:36:06 CF POST /sessions/76eda3e53d125f01a3f56e6dbd206a7eb377f4bdd8b11e23ea91425fa6eb70d3/tracks/new -> 200 (281 ms)
06:36:06 "POST /cf/sessions/76eda3e53d125f01a3f56e6dbd206a7eb377f4bdd8b11e23ea91425fa6eb70d3/tracks/new HTTP/1.1" 200 -
06:36:06 CF POST /sessions/b29ba16614f0e64897f900dac94cdb67fc6a421a1f11c9f14733cbdcf2910987/tracks/new -> 200 (214 ms)
06:36:06 "POST /cf/sessions/b29ba16614f0e64897f900dac94cdb67fc6a421a1f11c9f14733cbdcf2910987/tracks/new HTTP/1.1" 200 -
06:36:06 "POST /collect HTTP/1.1" 200 -
06:36:06 "POST /collect HTTP/1.1" 200 -
06:36:06 "POST /collect HTTP/1.1" 200 -
06:36:06 "POST /collect HTTP/1.1" 200 -
06:36:06 "POST /collect HTTP/1.1" 200 -
06:36:06 "POST /collect HTTP/1.1" 200 -
06:36:06 "POST /collect HTTP/1.1" 200 -
06:36:06 "POST /collect HTTP/1.1" 200 -
06:36:06 "POST /collect HTTP/1.1" 200 -
06:36:06 "POST /collect HTTP/1.1" 200 -
06:36:06 "POST /collect HTTP/1.1" 200 -
06:36:06 "POST /collect HTTP/1.1" 200 -
06:36:06 "POST /collect HTTP/1.1" 200 -
06:36:06 "POST /collect HTTP/1.1" 200 -
06:36:06 "POST /collect HTTP/1.1" 200 -
06:36:06 "POST /collect HTTP/1.1" 200 -
06:36:06 CF PUT /sessions/b29ba16614f0e64897f900dac94cdb67fc6a421a1f11c9f14733cbdcf2910987/renegotiate -> 200 (234 ms)
06:36:06 "PUT /cf/sessions/b29ba16614f0e64897f900dac94cdb67fc6a421a1f11c9f14733cbdcf2910987/renegotiate HTTP/1.1" 200 -
06:36:06 CF PUT /sessions/76eda3e53d125f01a3f56e6dbd206a7eb377f4bdd8b11e23ea91425fa6eb70d3/renegotiate -> 200 (278 ms)
06:36:06 "PUT /cf/sessions/76eda3e53d125f01a3f56e6dbd206a7eb377f4bdd8b11e23ea91425fa6eb70d3/renegotiate HTTP/1.1" 200 -
06:36:07 "POST /collect HTTP/1.1" 200 -
06:36:07 "POST /collect HTTP/1.1" 200 -
06:36:07 "POST /collect HTTP/1.1" 200 -
06:36:07 "POST /collect HTTP/1.1" 200 -
06:36:07 "POST /collect HTTP/1.1" 200 -
06:36:07 "POST /collect HTTP/1.1" 200 -
06:36:07 "POST /collect HTTP/1.1" 200 -
06:36:07 "POST /collect HTTP/1.1" 200 -
06:36:07 "POST /collect HTTP/1.1" 200 -
06:36:07 "POST /collect HTTP/1.1" 200 -
06:36:07 "POST /collect HTTP/1.1" 200 -
06:36:07 "POST /collect HTTP/1.1" 200 -
06:36:07 "POST /collect HTTP/1.1" 200 -
06:36:07 "POST /collect HTTP/1.1" 200 -
06:36:07 "POST /collect HTTP/1.1" 200 -
06:36:07 "POST /collect HTTP/1.1" 200 -
06:36:07 "POST /collect HTTP/1.1" 200 -
06:36:07 "POST /collect HTTP/1.1" 200 -
06:36:07 "POST /collect HTTP/1.1" 200 -
06:36:07 "POST /collect HTTP/1.1" 200 -
06:36:07 "POST /collect HTTP/1.1" 200 -
06:36:07 "POST /collect HTTP/1.1" 200 -
06:36:07 "GET /roster HTTP/1.1" 200 -
06:36:07 "GET /roster HTTP/1.1" 200 -
06:36:07 "POST /collect HTTP/1.1" 200 -
06:36:07 CF POST /sessions/b29ba16614f0e64897f900dac94cdb67fc6a421a1f11c9f14733cbdcf2910987/tracks/new -> 200 (287 ms)
06:36:07 CF POST /sessions/76eda3e53d125f01a3f56e6dbd206a7eb377f4bdd8b11e23ea91425fa6eb70d3/tracks/new -> 200 (254 ms)
06:36:07 "POST /cf/sessions/b29ba16614f0e64897f900dac94cdb67fc6a421a1f11c9f14733cbdcf2910987/tracks/new HTTP/1.1" 200 -
06:36:07 "POST /cf/sessions/76eda3e53d125f01a3f56e6dbd206a7eb377f4bdd8b11e23ea91425fa6eb70d3/tracks/new HTTP/1.1" 200 -
06:36:07 "POST /collect HTTP/1.1" 200 -
06:36:07 "POST /collect HTTP/1.1" 200 -
06:36:07 "POST /collect HTTP/1.1" 200 -
06:36:07 "POST /collect HTTP/1.1" 200 -
06:36:07 "POST /collect HTTP/1.1" 200 -
06:36:07 "POST /collect HTTP/1.1" 200 -
06:36:08 "POST /collect HTTP/1.1" 200 -
06:36:08 "POST /collect HTTP/1.1" 200 -
06:36:08 "POST /collect HTTP/1.1" 200 -
06:36:08 "POST /collect HTTP/1.1" 200 -
06:36:08 "POST /collect HTTP/1.1" 200 -
06:36:08 "POST /collect HTTP/1.1" 200 -
06:36:08 "POST /collect HTTP/1.1" 200 -
06:36:08 "POST /collect HTTP/1.1" 200 -
06:36:08 "POST /collect HTTP/1.1" 200 -
06:36:08 CF PUT /sessions/76eda3e53d125f01a3f56e6dbd206a7eb377f4bdd8b11e23ea91425fa6eb70d3/renegotiate -> 200 (297 ms)
06:36:08 "PUT /cf/sessions/76eda3e53d125f01a3f56e6dbd206a7eb377f4bdd8b11e23ea91425fa6eb70d3/renegotiate HTTP/1.1" 200 -
06:36:08 CF PUT /sessions/b29ba16614f0e64897f900dac94cdb67fc6a421a1f11c9f14733cbdcf2910987/renegotiate -> 200 (304 ms)
06:36:08 "PUT /cf/sessions/b29ba16614f0e64897f900dac94cdb67fc6a421a1f11c9f14733cbdcf2910987/renegotiate HTTP/1.1" 200 -
06:36:08 "POST /collect HTTP/1.1" 200 -
06:36:08 "POST /collect HTTP/1.1" 200 -
06:36:08 "POST /collect HTTP/1.1" 200 -
06:36:08 "POST /collect HTTP/1.1" 200 -
06:36:08 CF POST /sessions/76eda3e53d125f01a3f56e6dbd206a7eb377f4bdd8b11e23ea91425fa6eb70d3/tracks/new -> 200 (298 ms)
06:36:08 "POST /cf/sessions/76eda3e53d125f01a3f56e6dbd206a7eb377f4bdd8b11e23ea91425fa6eb70d3/tracks/new HTTP/1.1" 200 -
06:36:08 CF POST /sessions/b29ba16614f0e64897f900dac94cdb67fc6a421a1f11c9f14733cbdcf2910987/tracks/new -> 200 (309 ms)
06:36:08 "POST /cf/sessions/b29ba16614f0e64897f900dac94cdb67fc6a421a1f11c9f14733cbdcf2910987/tracks/new HTTP/1.1" 200 -
06:36:08 "POST /collect HTTP/1.1" 200 -
06:36:08 "POST /collect HTTP/1.1" 200 -
06:36:08 "POST /collect HTTP/1.1" 200 -
06:36:08 "POST /collect HTTP/1.1" 200 -
06:36:08 "POST /collect HTTP/1.1" 200 -
06:36:08 "POST /collect HTTP/1.1" 200 -
06:36:09 "POST /collect HTTP/1.1" 200 -
06:36:09 "POST /collect HTTP/1.1" 200 -
06:36:09 "POST /collect HTTP/1.1" 200 -
06:36:09 "POST /collect HTTP/1.1" 200 -
06:36:09 "POST /collect HTTP/1.1" 200 -
06:36:09 "POST /collect HTTP/1.1" 200 -
06:36:09 "POST /collect HTTP/1.1" 200 -
06:36:09 "POST /collect HTTP/1.1" 200 -
06:36:09 "POST /collect HTTP/1.1" 200 -
06:36:09 "POST /collect HTTP/1.1" 200 -
06:36:09 "POST /collect HTTP/1.1" 200 -
06:36:09 "POST /collect HTTP/1.1" 200 -
06:36:09 "POST /collect HTTP/1.1" 200 -
06:36:09 "POST /collect HTTP/1.1" 200 -
06:36:09 "GET /roster HTTP/1.1" 200 -
06:36:09 "GET /roster HTTP/1.1" 200 -
06:36:09 "POST /collect HTTP/1.1" 200 -
06:36:09 "POST /collect HTTP/1.1" 200 -
06:36:09 "POST /collect HTTP/1.1" 200 -
06:36:09 "POST /collect HTTP/1.1" 200 -
06:36:09 CF PUT /sessions/76eda3e53d125f01a3f56e6dbd206a7eb377f4bdd8b11e23ea91425fa6eb70d3/renegotiate -> 200 (266 ms)
06:36:09 "PUT /cf/sessions/76eda3e53d125f01a3f56e6dbd206a7eb377f4bdd8b11e23ea91425fa6eb70d3/renegotiate HTTP/1.1" 200 -
06:36:09 CF PUT /sessions/b29ba16614f0e64897f900dac94cdb67fc6a421a1f11c9f14733cbdcf2910987/renegotiate -> 200 (261 ms)
06:36:09 "PUT /cf/sessions/b29ba16614f0e64897f900dac94cdb67fc6a421a1f11c9f14733cbdcf2910987/renegotiate HTTP/1.1" 200 -
06:36:09 "POST /collect HTTP/1.1" 200 -
06:36:10 "POST /collect HTTP/1.1" 200 -
06:36:10 "POST /collect HTTP/1.1" 200 -
06:36:10 "POST /collect HTTP/1.1" 200 -
06:36:10 "POST /collect HTTP/1.1" 200 -
06:36:10 "POST /collect HTTP/1.1" 200 -
06:36:10 "POST /collect HTTP/1.1" 200 -
06:36:10 "POST /collect HTTP/1.1" 200 -
06:36:10 "POST /collect HTTP/1.1" 200 -
06:36:10 "POST /collect HTTP/1.1" 200 -
06:36:10 "POST /collect HTTP/1.1" 200 -
06:36:10 "POST /collect HTTP/1.1" 200 -
06:36:10 "POST /collect HTTP/1.1" 200 -
06:36:10 "POST /collect HTTP/1.1" 200 -
06:36:10 "POST /collect HTTP/1.1" 200 -
06:36:10 "POST /collect HTTP/1.1" 200 -
06:36:10 "POST /collect HTTP/1.1" 200 -
06:36:10 "POST /collect HTTP/1.1" 200 -
06:36:10 "POST /collect HTTP/1.1" 200 -
06:36:10 "POST /collect HTTP/1.1" 200 -
06:36:10 "POST /collect HTTP/1.1" 200 -
06:36:10 "POST /collect HTTP/1.1" 200 -
06:36:10 CF POST /sessions/b29ba16614f0e64897f900dac94cdb67fc6a421a1f11c9f14733cbdcf2910987/tracks/new -> 200 (193 ms)
06:36:10 "POST /cf/sessions/b29ba16614f0e64897f900dac94cdb67fc6a421a1f11c9f14733cbdcf2910987/tracks/new HTTP/1.1" 200 -
06:36:10 CF POST /sessions/76eda3e53d125f01a3f56e6dbd206a7eb377f4bdd8b11e23ea91425fa6eb70d3/tracks/new -> 200 (287 ms)
06:36:10 "POST /cf/sessions/76eda3e53d125f01a3f56e6dbd206a7eb377f4bdd8b11e23ea91425fa6eb70d3/tracks/new HTTP/1.1" 200 -
06:36:10 "POST /collect HTTP/1.1" 200 -
06:36:10 "POST /collect HTTP/1.1" 200 -
06:36:10 "POST /collect HTTP/1.1" 200 -
06:36:10 "POST /collect HTTP/1.1" 200 -
06:36:10 "POST /collect HTTP/1.1" 200 -
06:36:11 "POST /collect HTTP/1.1" 200 -
06:36:11 CF PUT /sessions/76eda3e53d125f01a3f56e6dbd206a7eb377f4bdd8b11e23ea91425fa6eb70d3/renegotiate -> 200 (266 ms)
06:36:11 "PUT /cf/sessions/76eda3e53d125f01a3f56e6dbd206a7eb377f4bdd8b11e23ea91425fa6eb70d3/renegotiate HTTP/1.1" 200 -
06:36:11 "POST /collect HTTP/1.1" 200 -
06:36:11 "POST /collect HTTP/1.1" 200 -
06:36:11 "POST /collect HTTP/1.1" 200 -
06:36:11 "POST /collect HTTP/1.1" 200 -
06:36:11 "POST /collect HTTP/1.1" 200 -
06:36:11 CF PUT /sessions/b29ba16614f0e64897f900dac94cdb67fc6a421a1f11c9f14733cbdcf2910987/renegotiate -> 200 (260 ms)
06:36:11 "PUT /cf/sessions/b29ba16614f0e64897f900dac94cdb67fc6a421a1f11c9f14733cbdcf2910987/renegotiate HTTP/1.1" 200 -
06:36:11 "GET /roster HTTP/1.1" 200 -
06:36:11 "POST /collect HTTP/1.1" 200 -
06:36:11 "POST /collect HTTP/1.1" 200 -
06:36:11 "POST /collect HTTP/1.1" 200 -
06:36:11 "POST /collect HTTP/1.1" 200 -
06:36:11 "GET /roster HTTP/1.1" 200 -
06:36:11 "POST /collect HTTP/1.1" 200 -
06:36:11 "POST /collect HTTP/1.1" 200 -
06:36:11 "POST /collect HTTP/1.1" 200 -
06:36:11 "POST /collect HTTP/1.1" 200 -
06:36:11 CF POST /sessions/76eda3e53d125f01a3f56e6dbd206a7eb377f4bdd8b11e23ea91425fa6eb70d3/tracks/new -> 200 (260 ms)
06:36:11 "POST /cf/sessions/76eda3e53d125f01a3f56e6dbd206a7eb377f4bdd8b11e23ea91425fa6eb70d3/tracks/new HTTP/1.1" 200 -
06:36:11 CF POST /sessions/b29ba16614f0e64897f900dac94cdb67fc6a421a1f11c9f14733cbdcf2910987/tracks/new -> 200 (205 ms)
06:36:11 "POST /cf/sessions/b29ba16614f0e64897f900dac94cdb67fc6a421a1f11c9f14733cbdcf2910987/tracks/new HTTP/1.1" 200 -
06:36:11 "POST /collect HTTP/1.1" 200 -
06:36:11 "POST /collect HTTP/1.1" 200 -
06:36:11 "POST /collect HTTP/1.1" 200 -
06:36:11 "POST /collect HTTP/1.1" 200 -
06:36:11 "POST /collect HTTP/1.1" 200 -
06:36:11 "POST /collect HTTP/1.1" 200 -
06:36:11 "POST /collect HTTP/1.1" 200 -
06:36:12 "POST /collect HTTP/1.1" 200 -
06:36:12 "POST /collect HTTP/1.1" 200 -
06:36:12 "POST /collect HTTP/1.1" 200 -
06:36:12 "POST /collect HTTP/1.1" 200 -
06:36:12 "POST /collect HTTP/1.1" 200 -
06:36:12 "POST /collect HTTP/1.1" 200 -
06:36:12 "POST /collect HTTP/1.1" 200 -
06:36:12 "POST /collect HTTP/1.1" 200 -
06:36:12 "POST /collect HTTP/1.1" 200 -
06:36:12 "POST /collect HTTP/1.1" 200 -
06:36:12 "POST /collect HTTP/1.1" 200 -
06:36:12 "POST /collect HTTP/1.1" 200 -
06:36:12 "POST /collect HTTP/1.1" 200 -
06:36:12 "POST /collect HTTP/1.1" 200 -
06:36:12 "POST /collect HTTP/1.1" 200 -
06:36:12 CF PUT /sessions/b29ba16614f0e64897f900dac94cdb67fc6a421a1f11c9f14733cbdcf2910987/renegotiate -> 200 (297 ms)
06:36:12 "PUT /cf/sessions/b29ba16614f0e64897f900dac94cdb67fc6a421a1f11c9f14733cbdcf2910987/renegotiate HTTP/1.1" 200 -
06:36:12 "POST /collect HTTP/1.1" 200 -
06:36:12 CF PUT /sessions/76eda3e53d125f01a3f56e6dbd206a7eb377f4bdd8b11e23ea91425fa6eb70d3/renegotiate -> 200 (294 ms)
06:36:12 "PUT /cf/sessions/76eda3e53d125f01a3f56e6dbd206a7eb377f4bdd8b11e23ea91425fa6eb70d3/renegotiate HTTP/1.1" 200 -
06:36:12 "POST /collect HTTP/1.1" 200 -
06:36:12 "POST /collect HTTP/1.1" 200 -
06:36:13 "POST /collect HTTP/1.1" 200 -
06:36:13 CF POST /sessions/b29ba16614f0e64897f900dac94cdb67fc6a421a1f11c9f14733cbdcf2910987/tracks/new -> 200 (277 ms)
06:36:13 "POST /cf/sessions/b29ba16614f0e64897f900dac94cdb67fc6a421a1f11c9f14733cbdcf2910987/tracks/new HTTP/1.1" 200 -
06:36:13 CF POST /sessions/76eda3e53d125f01a3f56e6dbd206a7eb377f4bdd8b11e23ea91425fa6eb70d3/tracks/new -> 200 (202 ms)
06:36:13 "POST /cf/sessions/76eda3e53d125f01a3f56e6dbd206a7eb377f4bdd8b11e23ea91425fa6eb70d3/tracks/new HTTP/1.1" 200 -
06:36:13 "POST /collect HTTP/1.1" 200 -
06:36:13 "POST /collect HTTP/1.1" 200 -
06:36:13 "POST /collect HTTP/1.1" 200 -
06:36:13 "POST /collect HTTP/1.1" 200 -
06:36:13 "POST /collect HTTP/1.1" 200 -
06:36:13 "POST /collect HTTP/1.1" 200 -
06:36:13 "POST /collect HTTP/1.1" 200 -
06:36:13 "POST /collect HTTP/1.1" 200 -
06:36:13 "POST /collect HTTP/1.1" 200 -
06:36:13 "POST /collect HTTP/1.1" 200 -
06:36:13 "POST /collect HTTP/1.1" 200 -
06:36:13 "POST /collect HTTP/1.1" 200 -
06:36:13 "POST /collect HTTP/1.1" 200 -
06:36:13 "POST /collect HTTP/1.1" 200 -
06:36:13 "POST /collect HTTP/1.1" 200 -
06:36:13 "POST /collect HTTP/1.1" 200 -
06:36:13 "POST /collect HTTP/1.1" 200 -
06:36:13 "POST /collect HTTP/1.1" 200 -
06:36:13 "POST /collect HTTP/1.1" 200 -
06:36:13 "GET /roster HTTP/1.1" 200 -
06:36:13 "GET /roster HTTP/1.1" 200 -
06:36:13 "POST /collect HTTP/1.1" 200 -
06:36:13 "POST /collect HTTP/1.1" 200 -
06:36:13 "POST /collect HTTP/1.1" 200 -
06:36:13 "POST /collect HTTP/1.1" 200 -
06:36:13 "POST /collect HTTP/1.1" 200 -
06:36:13 "POST /collect HTTP/1.1" 200 -
06:36:13 "POST /collect HTTP/1.1" 200 -
06:36:13 CF PUT /sessions/76eda3e53d125f01a3f56e6dbd206a7eb377f4bdd8b11e23ea91425fa6eb70d3/renegotiate -> 200 (255 ms)
06:36:13 "PUT /cf/sessions/76eda3e53d125f01a3f56e6dbd206a7eb377f4bdd8b11e23ea91425fa6eb70d3/renegotiate HTTP/1.1" 200 -
06:36:14 CF PUT /sessions/b29ba16614f0e64897f900dac94cdb67fc6a421a1f11c9f14733cbdcf2910987/renegotiate -> 200 (240 ms)
06:36:14 "PUT /cf/sessions/b29ba16614f0e64897f900dac94cdb67fc6a421a1f11c9f14733cbdcf2910987/renegotiate HTTP/1.1" 200 -
06:36:14 "POST /collect HTTP/1.1" 200 -
06:36:14 "POST /collect HTTP/1.1" 200 -
06:36:14 "POST /collect HTTP/1.1" 200 -
06:36:14 "POST /collect HTTP/1.1" 200 -
06:36:14 "POST /collect HTTP/1.1" 200 -
06:36:14 "POST /collect HTTP/1.1" 200 -
06:36:14 "POST /collect HTTP/1.1" 200 -
06:36:14 "POST /collect HTTP/1.1" 200 -
06:36:14 "POST /collect HTTP/1.1" 200 -
06:36:14 "POST /collect HTTP/1.1" 200 -
06:36:14 "POST /collect HTTP/1.1" 200 -
06:36:14 CF POST /sessions/b29ba16614f0e64897f900dac94cdb67fc6a421a1f11c9f14733cbdcf2910987/tracks/new -> 200 (250 ms)
06:36:14 "POST /cf/sessions/b29ba16614f0e64897f900dac94cdb67fc6a421a1f11c9f14733cbdcf2910987/tracks/new HTTP/1.1" 200 -
06:36:14 "POST /collect HTTP/1.1" 200 -
06:36:14 CF POST /sessions/76eda3e53d125f01a3f56e6dbd206a7eb377f4bdd8b11e23ea91425fa6eb70d3/tracks/new -> 200 (333 ms)
06:36:14 "POST /cf/sessions/76eda3e53d125f01a3f56e6dbd206a7eb377f4bdd8b11e23ea91425fa6eb70d3/tracks/new HTTP/1.1" 200 -
06:36:14 "POST /collect HTTP/1.1" 200 -
06:36:14 "POST /collect HTTP/1.1" 200 -
06:36:14 "POST /collect HTTP/1.1" 200 -
06:36:14 "POST /collect HTTP/1.1" 200 -
06:36:14 "POST /collect HTTP/1.1" 200 -
06:36:14 "POST /collect HTTP/1.1" 200 -
06:36:14 "POST /collect HTTP/1.1" 200 -
06:36:15 "POST /collect HTTP/1.1" 200 -
06:36:15 "POST /collect HTTP/1.1" 200 -
06:36:15 "POST /collect HTTP/1.1" 200 -
06:36:15 "POST /collect HTTP/1.1" 200 -
06:36:15 "POST /collect HTTP/1.1" 200 -
06:36:15 "POST /collect HTTP/1.1" 200 -
06:36:15 "POST /collect HTTP/1.1" 200 -
06:36:15 "POST /collect HTTP/1.1" 200 -
06:36:15 "POST /collect HTTP/1.1" 200 -
06:36:15 "POST /collect HTTP/1.1" 200 -
06:36:15 "POST /collect HTTP/1.1" 200 -
06:36:15 "POST /collect HTTP/1.1" 200 -
06:36:15 "POST /collect HTTP/1.1" 200 -
06:36:15 "POST /collect HTTP/1.1" 200 -
06:36:15 "GET /roster HTTP/1.1" 200 -
06:36:15 "GET /roster HTTP/1.1" 200 -
06:36:15 "POST /collect HTTP/1.1" 200 -
06:36:15 "POST /collect HTTP/1.1" 200 -
06:36:15 "POST /collect HTTP/1.1" 200 -
06:36:15 CF PUT /sessions/b29ba16614f0e64897f900dac94cdb67fc6a421a1f11c9f14733cbdcf2910987/renegotiate -> 200 (272 ms)
06:36:15 "PUT /cf/sessions/b29ba16614f0e64897f900dac94cdb67fc6a421a1f11c9f14733cbdcf2910987/renegotiate HTTP/1.1" 200 -
06:36:15 CF PUT /sessions/76eda3e53d125f01a3f56e6dbd206a7eb377f4bdd8b11e23ea91425fa6eb70d3/renegotiate -> 200 (255 ms)
06:36:15 "PUT /cf/sessions/76eda3e53d125f01a3f56e6dbd206a7eb377f4bdd8b11e23ea91425fa6eb70d3/renegotiate HTTP/1.1" 200 -
06:36:15 "POST /collect HTTP/1.1" 200 -
06:36:15 "POST /collect HTTP/1.1" 200 -
06:36:15 "POST /collect HTTP/1.1" 200 -
06:36:16 "POST /collect HTTP/1.1" 200 -
06:36:16 CF POST /sessions/76eda3e53d125f01a3f56e6dbd206a7eb377f4bdd8b11e23ea91425fa6eb70d3/tracks/new -> 200 (229 ms)
06:36:16 "POST /cf/sessions/76eda3e53d125f01a3f56e6dbd206a7eb377f4bdd8b11e23ea91425fa6eb70d3/tracks/new HTTP/1.1" 200 -
06:36:16 CF POST /sessions/b29ba16614f0e64897f900dac94cdb67fc6a421a1f11c9f14733cbdcf2910987/tracks/new -> 200 (265 ms)
06:36:16 "POST /cf/sessions/b29ba16614f0e64897f900dac94cdb67fc6a421a1f11c9f14733cbdcf2910987/tracks/new HTTP/1.1" 200 -
06:36:16 "POST /collect HTTP/1.1" 200 -
06:36:16 "POST /collect HTTP/1.1" 200 -
06:36:16 "POST /collect HTTP/1.1" 200 -
06:36:16 "POST /collect HTTP/1.1" 200 -
06:36:16 "POST /collect HTTP/1.1" 200 -
06:36:16 "POST /collect HTTP/1.1" 200 -
06:36:16 "POST /collect HTTP/1.1" 200 -
06:36:16 "POST /collect HTTP/1.1" 200 -
06:36:16 "POST /collect HTTP/1.1" 200 -
06:36:16 "POST /collect HTTP/1.1" 200 -
06:36:16 "POST /collect HTTP/1.1" 200 -
06:36:16 "POST /collect HTTP/1.1" 200 -
06:36:16 "POST /collect HTTP/1.1" 200 -
06:36:16 "POST /collect HTTP/1.1" 200 -
06:36:16 "POST /collect HTTP/1.1" 200 -
06:36:16 "POST /collect HTTP/1.1" 200 -
06:36:16 "POST /collect HTTP/1.1" 200 -
06:36:16 "POST /collect HTTP/1.1" 200 -
06:36:16 "POST /collect HTTP/1.1" 200 -
06:36:16 "POST /collect HTTP/1.1" 200 -
06:36:16 "POST /collect HTTP/1.1" 200 -
06:36:16 "POST /collect HTTP/1.1" 200 -
06:36:16 "POST /collect HTTP/1.1" 200 -
06:36:16 "POST /collect HTTP/1.1" 200 -
06:36:17 CF PUT /sessions/76eda3e53d125f01a3f56e6dbd206a7eb377f4bdd8b11e23ea91425fa6eb70d3/renegotiate -> 200 (236 ms)
06:36:17 "PUT /cf/sessions/76eda3e53d125f01a3f56e6dbd206a7eb377f4bdd8b11e23ea91425fa6eb70d3/renegotiate HTTP/1.1" 200 -
06:36:17 "POST /collect HTTP/1.1" 200 -
06:36:17 CF PUT /sessions/b29ba16614f0e64897f900dac94cdb67fc6a421a1f11c9f14733cbdcf2910987/renegotiate -> 200 (246 ms)
06:36:17 "PUT /cf/sessions/b29ba16614f0e64897f900dac94cdb67fc6a421a1f11c9f14733cbdcf2910987/renegotiate HTTP/1.1" 200 -
06:36:17 "POST /collect HTTP/1.1" 200 -
06:36:17 "POST /collect HTTP/1.1" 200 -
06:36:17 "POST /collect HTTP/1.1" 200 -
06:36:17 "POST /collect HTTP/1.1" 200 -
06:36:17 "POST /collect HTTP/1.1" 200 -
06:36:17 "POST /collect HTTP/1.1" 200 -
06:36:17 "POST /collect HTTP/1.1" 200 -
06:36:17 "POST /collect HTTP/1.1" 200 -
06:36:17 "GET /roster HTTP/1.1" 200 -
06:36:17 "GET /roster HTTP/1.1" 200 -
06:36:17 "POST /collect HTTP/1.1" 200 -
06:36:17 "POST /collect HTTP/1.1" 200 -
06:36:17 "POST /collect HTTP/1.1" 200 -
06:36:17 "POST /collect HTTP/1.1" 200 -
06:36:17 "POST /collect HTTP/1.1" 200 -
06:36:17 CF POST /sessions/76eda3e53d125f01a3f56e6dbd206a7eb377f4bdd8b11e23ea91425fa6eb70d3/tracks/new -> 200 (280 ms)
06:36:17 "POST /cf/sessions/76eda3e53d125f01a3f56e6dbd206a7eb377f4bdd8b11e23ea91425fa6eb70d3/tracks/new HTTP/1.1" 200 -
06:36:17 CF POST /sessions/b29ba16614f0e64897f900dac94cdb67fc6a421a1f11c9f14733cbdcf2910987/tracks/new -> 200 (196 ms)
06:36:17 "POST /cf/sessions/b29ba16614f0e64897f900dac94cdb67fc6a421a1f11c9f14733cbdcf2910987/tracks/new HTTP/1.1" 200 -
06:36:17 "POST /collect HTTP/1.1" 200 -
06:36:17 "POST /collect HTTP/1.1" 200 -
06:36:17 "POST /collect HTTP/1.1" 200 -
06:36:17 "POST /collect HTTP/1.1" 200 -
06:36:17 "POST /collect HTTP/1.1" 200 -
06:36:17 "POST /collect HTTP/1.1" 200 -
06:36:17 "POST /collect HTTP/1.1" 200 -
06:36:18 "POST /collect HTTP/1.1" 200 -
06:36:18 "POST /collect HTTP/1.1" 200 -
06:36:18 "POST /collect HTTP/1.1" 200 -
06:36:18 "POST /collect HTTP/1.1" 200 -
06:36:18 "POST /collect HTTP/1.1" 200 -
06:36:18 "POST /collect HTTP/1.1" 200 -
06:36:18 "POST /collect HTTP/1.1" 200 -
06:36:18 "POST /collect HTTP/1.1" 200 -
06:36:18 "POST /collect HTTP/1.1" 200 -
06:36:18 "POST /collect HTTP/1.1" 200 -
06:36:18 "POST /collect HTTP/1.1" 200 -
06:36:18 "POST /collect HTTP/1.1" 200 -
06:36:18 "POST /collect HTTP/1.1" 200 -
06:36:18 "POST /collect HTTP/1.1" 200 -
06:36:18 "POST /collect HTTP/1.1" 200 -
06:36:18 "POST /collect HTTP/1.1" 200 -
06:36:18 CF PUT /sessions/76eda3e53d125f01a3f56e6dbd206a7eb377f4bdd8b11e23ea91425fa6eb70d3/renegotiate -> 200 (266 ms)
06:36:18 "PUT /cf/sessions/76eda3e53d125f01a3f56e6dbd206a7eb377f4bdd8b11e23ea91425fa6eb70d3/renegotiate HTTP/1.1" 200 -
06:36:18 CF PUT /sessions/b29ba16614f0e64897f900dac94cdb67fc6a421a1f11c9f14733cbdcf2910987/renegotiate -> 200 (247 ms)
06:36:18 "PUT /cf/sessions/b29ba16614f0e64897f900dac94cdb67fc6a421a1f11c9f14733cbdcf2910987/renegotiate HTTP/1.1" 200 -
06:36:18 "POST /collect HTTP/1.1" 200 -
06:36:18 "POST /collect HTTP/1.1" 200 -
06:36:19 "POST /collect HTTP/1.1" 200 -
06:36:19 "POST /collect HTTP/1.1" 200 -
06:36:19 "POST /collect HTTP/1.1" 200 -
06:36:19 "POST /collect HTTP/1.1" 200 -
06:36:19 "POST /collect HTTP/1.1" 200 -
06:36:19 "POST /collect HTTP/1.1" 200 -
06:36:19 "POST /collect HTTP/1.1" 200 -
06:36:19 "POST /collect HTTP/1.1" 200 -
06:36:19 "POST /collect HTTP/1.1" 200 -
06:36:19 "POST /collect HTTP/1.1" 200 -
06:36:19 "POST /collect HTTP/1.1" 200 -
06:36:19 "POST /collect HTTP/1.1" 200 -
06:36:19 "POST /collect HTTP/1.1" 200 -
06:36:19 "POST /collect HTTP/1.1" 200 -
06:36:19 "POST /collect HTTP/1.1" 200 -
06:36:19 "POST /collect HTTP/1.1" 200 -
06:36:19 "POST /collect HTTP/1.1" 200 -
06:36:19 "POST /collect HTTP/1.1" 200 -
06:36:19 "POST /collect HTTP/1.1" 200 -
06:36:19 "POST /collect HTTP/1.1" 200 -
06:36:19 "GET /roster HTTP/1.1" 200 -
06:36:19 "GET /roster HTTP/1.1" 200 -
06:36:19 "POST /collect HTTP/1.1" 200 -
06:36:19 "POST /collect HTTP/1.1" 200 -
06:36:19 "POST /collect HTTP/1.1" 200 -
06:36:19 "POST /collect HTTP/1.1" 200 -
06:36:19 "POST /collect HTTP/1.1" 200 -
06:36:19 "POST /collect HTTP/1.1" 200 -
06:36:19 "POST /collect HTTP/1.1" 200 -
06:36:20 "POST /collect HTTP/1.1" 200 -
06:36:20 "POST /collect HTTP/1.1" 200 -
06:36:20 "POST /collect HTTP/1.1" 200 -
06:36:20 "POST /collect HTTP/1.1" 200 -
06:36:20 "POST /collect HTTP/1.1" 200 -
06:36:20 "POST /collect HTTP/1.1" 200 -
06:36:20 "POST /collect HTTP/1.1" 200 -
06:36:20 "POST /collect HTTP/1.1" 200 -
06:36:20 "POST /collect HTTP/1.1" 200 -
06:36:20 "POST /collect HTTP/1.1" 200 -
06:36:20 "POST /collect HTTP/1.1" 200 -
06:36:20 "POST /collect HTTP/1.1" 200 -
06:36:20 "POST /collect HTTP/1.1" 200 -
06:36:20 "POST /collect HTTP/1.1" 200 -
06:36:20 "POST /collect HTTP/1.1" 200 -
06:36:20 "POST /collect HTTP/1.1" 200 -
06:36:20 "POST /collect HTTP/1.1" 200 -
06:36:20 "POST /collect HTTP/1.1" 200 -
06:36:21 "POST /collect HTTP/1.1" 200 -
06:36:21 "POST /collect HTTP/1.1" 200 -
06:36:21 "POST /collect HTTP/1.1" 200 -
06:36:21 "POST /collect HTTP/1.1" 200 -
06:36:21 "POST /collect HTTP/1.1" 200 -
06:36:21 "POST /collect HTTP/1.1" 200 -
06:36:21 "POST /collect HTTP/1.1" 200 -
06:36:21 "POST /collect HTTP/1.1" 200 -
06:36:21 "POST /collect HTTP/1.1" 200 -
06:36:21 "POST /collect HTTP/1.1" 200 -
06:36:21 "POST /collect HTTP/1.1" 200 -
06:36:21 "POST /collect HTTP/1.1" 200 -
06:36:21 "POST /collect HTTP/1.1" 200 -
06:36:21 "POST /collect HTTP/1.1" 200 -
06:36:21 "GET /roster HTTP/1.1" 200 -
06:36:21 "GET /roster HTTP/1.1" 200 -
06:36:21 "POST /collect HTTP/1.1" 200 -
06:36:21 "POST /collect HTTP/1.1" 200 -
06:36:21 "POST /collect HTTP/1.1" 200 -
06:36:21 "POST /collect HTTP/1.1" 200 -
06:36:22 "POST /collect HTTP/1.1" 200 -
06:36:22 "POST /collect HTTP/1.1" 200 -
06:36:22 "POST /collect HTTP/1.1" 200 -
06:36:22 "POST /collect HTTP/1.1" 200 -
06:36:22 "POST /collect HTTP/1.1" 200 -
06:36:22 "POST /collect HTTP/1.1" 200 -
06:36:22 "POST /collect HTTP/1.1" 200 -
06:36:22 "POST /collect HTTP/1.1" 200 -
06:36:22 "POST /collect HTTP/1.1" 200 -
06:36:22 "POST /collect HTTP/1.1" 200 -
06:36:22 "POST /collect HTTP/1.1" 200 -
06:36:22 "POST /collect HTTP/1.1" 200 -
06:36:22 "POST /collect HTTP/1.1" 200 -
06:36:22 "POST /collect HTTP/1.1" 200 -
06:36:22 "POST /collect HTTP/1.1" 200 -
06:36:22 "POST /collect HTTP/1.1" 200 -
06:36:22 "POST /collect HTTP/1.1" 200 -
06:36:22 "POST /collect HTTP/1.1" 200 -
06:36:22 "POST /collect HTTP/1.1" 200 -
06:36:22 "POST /collect HTTP/1.1" 200 -
06:36:22 "POST /collect HTTP/1.1" 200 -
06:36:22 "POST /collect HTTP/1.1" 200 -
06:36:22 "POST /collect HTTP/1.1" 200 -
06:36:22 "POST /collect HTTP/1.1" 200 -
06:36:22 "POST /collect HTTP/1.1" 200 -
06:36:23 "POST /collect HTTP/1.1" 200 -
06:36:23 "POST /collect HTTP/1.1" 200 -
06:36:23 "POST /collect HTTP/1.1" 200 -
06:36:23 "POST /collect HTTP/1.1" 200 -
06:36:23 "POST /collect HTTP/1.1" 200 -
06:36:23 "POST /collect HTTP/1.1" 200 -
06:36:23 "POST /collect HTTP/1.1" 200 -
06:36:23 "POST /collect HTTP/1.1" 200 -
06:36:23 "POST /collect HTTP/1.1" 200 -
06:36:23 "GET /roster HTTP/1.1" 200 -
06:36:23 "GET /roster HTTP/1.1" 200 -
06:36:23 "POST /collect HTTP/1.1" 200 -
06:36:23 "POST /collect HTTP/1.1" 200 -
06:36:23 "POST /collect HTTP/1.1" 200 -
06:36:23 "POST /collect HTTP/1.1" 200 -
06:36:23 "POST /collect HTTP/1.1" 200 -
06:36:23 "POST /collect HTTP/1.1" 200 -
06:36:23 "POST /collect HTTP/1.1" 200 -
06:36:23 "POST /collect HTTP/1.1" 200 -
06:36:23 "POST /collect HTTP/1.1" 200 -
06:36:23 "POST /collect HTTP/1.1" 200 -
06:36:24 "POST /collect HTTP/1.1" 200 -
06:36:24 "POST /collect HTTP/1.1" 200 -
06:36:24 "POST /collect HTTP/1.1" 200 -
06:36:24 "POST /collect HTTP/1.1" 200 -
06:36:24 "POST /collect HTTP/1.1" 200 -
06:36:24 "POST /collect HTTP/1.1" 200 -
06:36:24 "POST /collect HTTP/1.1" 200 -
06:36:24 "POST /collect HTTP/1.1" 200 -
06:36:24 "POST /collect HTTP/1.1" 200 -
06:36:24 "POST /collect HTTP/1.1" 200 -
06:36:24 "POST /collect HTTP/1.1" 200 -
06:36:24 "POST /collect HTTP/1.1" 200 -
06:36:24 "POST /collect HTTP/1.1" 200 -
06:36:24 "POST /collect HTTP/1.1" 200 -
06:36:24 "POST /collect HTTP/1.1" 200 -
06:36:24 "POST /collect HTTP/1.1" 200 -
06:36:25 "POST /collect HTTP/1.1" 200 -
06:36:25 "POST /collect HTTP/1.1" 200 -
06:36:25 "POST /collect HTTP/1.1" 200 -
06:36:25 "POST /collect HTTP/1.1" 200 -
06:36:25 "POST /collect HTTP/1.1" 200 -
06:36:25 "POST /collect HTTP/1.1" 200 -
06:36:25 "POST /collect HTTP/1.1" 200 -
06:36:25 "POST /collect HTTP/1.1" 200 -
06:36:25 "POST /collect HTTP/1.1" 200 -
06:36:25 "POST /collect HTTP/1.1" 200 -
06:36:25 "POST /collect HTTP/1.1" 200 -
06:36:25 "POST /collect HTTP/1.1" 200 -
06:36:25 "POST /collect HTTP/1.1" 200 -
06:36:25 "POST /collect HTTP/1.1" 200 -
06:36:25 "POST /collect HTTP/1.1" 200 -
06:36:25 "POST /collect HTTP/1.1" 200 -
06:36:25 "POST /collect HTTP/1.1" 200 -
06:36:25 "POST /collect HTTP/1.1" 200 -
06:36:25 "POST /collect HTTP/1.1" 200 -
06:36:25 "POST /collect HTTP/1.1" 200 -
06:36:25 "GET /roster HTTP/1.1" 200 -
06:36:25 "GET /roster HTTP/1.1" 200 -
06:36:25 "POST /collect HTTP/1.1" 200 -
06:36:25 "POST /collect HTTP/1.1" 200 -
06:36:25 "POST /collect HTTP/1.1" 200 -
06:36:25 "POST /collect HTTP/1.1" 200 -
06:36:25 "POST /collect HTTP/1.1" 200 -
06:36:25 "POST /collect HTTP/1.1" 200 -
06:36:25 "POST /collect HTTP/1.1" 200 -
06:36:26 "POST /collect HTTP/1.1" 200 -
06:36:26 "POST /collect HTTP/1.1" 200 -
06:36:26 "POST /collect HTTP/1.1" 200 -
06:36:26 "POST /collect HTTP/1.1" 200 -
06:36:26 "POST /collect HTTP/1.1" 200 -
06:36:26 "POST /collect HTTP/1.1" 200 -
06:36:26 "POST /collect HTTP/1.1" 200 -
06:36:26 "POST /collect HTTP/1.1" 200 -
06:36:26 "POST /collect HTTP/1.1" 200 -
06:36:26 "POST /collect HTTP/1.1" 200 -
06:36:26 "POST /collect HTTP/1.1" 200 -
06:36:26 "POST /collect HTTP/1.1" 200 -
06:36:26 "POST /collect HTTP/1.1" 200 -
06:36:26 "POST /collect HTTP/1.1" 200 -
06:36:26 "POST /collect HTTP/1.1" 200 -
06:36:26 "POST /collect HTTP/1.1" 200 -
06:36:26 "POST /collect HTTP/1.1" 200 -
06:36:27 "POST /collect HTTP/1.1" 200 -
06:36:27 "POST /collect HTTP/1.1" 200 -
06:36:27 "POST /collect HTTP/1.1" 200 -
06:36:27 "POST /collect HTTP/1.1" 200 -
06:36:27 "POST /collect HTTP/1.1" 200 -
06:36:27 "POST /collect HTTP/1.1" 200 -
06:36:27 "POST /collect HTTP/1.1" 200 -
06:36:27 "POST /collect HTTP/1.1" 200 -
06:36:27 "POST /collect HTTP/1.1" 200 -
06:36:27 "POST /collect HTTP/1.1" 200 -
06:36:27 "POST /collect HTTP/1.1" 200 -
06:36:27 "POST /collect HTTP/1.1" 200 -
06:36:27 "POST /collect HTTP/1.1" 200 -
06:36:27 "POST /collect HTTP/1.1" 200 -
06:36:27 "GET /roster HTTP/1.1" 200 -
06:36:27 "GET /roster HTTP/1.1" 200 -
06:36:27 "POST /collect HTTP/1.1" 200 -
06:36:27 "POST /collect HTTP/1.1" 200 -
06:36:27 "POST /collect HTTP/1.1" 200 -
06:36:27 "POST /collect HTTP/1.1" 200 -
06:36:27 "POST /collect HTTP/1.1" 200 -
06:36:28 "POST /collect HTTP/1.1" 200 -
06:36:28 "POST /collect HTTP/1.1" 200 -
06:36:28 "POST /collect HTTP/1.1" 200 -
06:36:28 "POST /collect HTTP/1.1" 200 -
06:36:28 "POST /collect HTTP/1.1" 200 -
06:36:28 "POST /collect HTTP/1.1" 200 -
06:36:28 "POST /collect HTTP/1.1" 200 -
06:36:28 "POST /collect HTTP/1.1" 200 -
06:36:28 "POST /collect HTTP/1.1" 200 -
06:36:28 "POST /collect HTTP/1.1" 200 -
06:36:28 "POST /collect HTTP/1.1" 200 -
06:36:28 "POST /collect HTTP/1.1" 200 -
06:36:28 "POST /collect HTTP/1.1" 200 -
06:36:28 "POST /collect HTTP/1.1" 200 -
06:36:28 "POST /collect HTTP/1.1" 200 -
06:36:28 "POST /collect HTTP/1.1" 200 -
06:36:28 "POST /collect HTTP/1.1" 200 -
06:36:28 "POST /collect HTTP/1.1" 200 -
06:36:28 "POST /collect HTTP/1.1" 200 -
06:36:28 "POST /collect HTTP/1.1" 200 -
06:36:28 "POST /collect HTTP/1.1" 200 -
06:36:28 "POST /collect HTTP/1.1" 200 -
06:36:28 "POST /collect HTTP/1.1" 200 -
06:36:28 "POST /collect HTTP/1.1" 200 -
06:36:28 "POST /collect HTTP/1.1" 200 -
06:36:29 "POST /collect HTTP/1.1" 200 -
06:36:29 "POST /collect HTTP/1.1" 200 -
06:36:29 "POST /collect HTTP/1.1" 200 -
06:36:29 "POST /collect HTTP/1.1" 200 -
06:36:29 "POST /collect HTTP/1.1" 200 -
06:36:29 "POST /collect HTTP/1.1" 200 -
06:36:29 "GET /roster HTTP/1.1" 200 -
06:36:29 "POST /collect HTTP/1.1" 200 -
06:36:29 "POST /collect HTTP/1.1" 200 -
06:36:29 "POST /collect HTTP/1.1" 200 -
06:36:29 "GET /roster HTTP/1.1" 200 -
06:36:29 "POST /collect HTTP/1.1" 200 -
06:36:29 "POST /collect HTTP/1.1" 200 -
06:36:29 "POST /collect HTTP/1.1" 200 -
06:36:29 "POST /collect HTTP/1.1" 200 -
06:36:29 "POST /collect HTTP/1.1" 200 -
06:36:29 "POST /collect HTTP/1.1" 200 -
06:36:29 "POST /collect HTTP/1.1" 200 -
06:36:29 "POST /collect HTTP/1.1" 200 -
06:36:29 "POST /collect HTTP/1.1" 200 -
06:36:29 "POST /collect HTTP/1.1" 200 -
06:36:30 "POST /collect HTTP/1.1" 200 -
06:36:30 "POST /collect HTTP/1.1" 200 -
06:36:30 "POST /collect HTTP/1.1" 200 -
06:36:30 "POST /collect HTTP/1.1" 200 -
06:36:30 "POST /collect HTTP/1.1" 200 -
06:36:30 "POST /collect HTTP/1.1" 200 -
06:36:30 "POST /collect HTTP/1.1" 200 -
06:36:30 "POST /collect HTTP/1.1" 200 -
06:36:30 "POST /collect HTTP/1.1" 200 -
06:36:30 "POST /collect HTTP/1.1" 200 -
06:36:30 "POST /collect HTTP/1.1" 200 -
06:36:30 "POST /collect HTTP/1.1" 200 -
06:36:30 "POST /collect HTTP/1.1" 200 -
06:36:30 "POST /collect HTTP/1.1" 200 -
06:36:30 "POST /collect HTTP/1.1" 200 -
06:36:30 "POST /collect HTTP/1.1" 200 -
06:36:31 "POST /collect HTTP/1.1" 200 -
06:36:31 "POST /collect HTTP/1.1" 200 -
06:36:31 "POST /collect HTTP/1.1" 200 -
06:36:31 "POST /collect HTTP/1.1" 200 -
06:36:31 "POST /collect HTTP/1.1" 200 -
06:36:31 "POST /collect HTTP/1.1" 200 -
06:36:31 "POST /collect HTTP/1.1" 200 -
06:36:31 "POST /collect HTTP/1.1" 200 -
06:36:31 "POST /collect HTTP/1.1" 200 -
06:36:31 "POST /collect HTTP/1.1" 200 -
06:36:31 "POST /collect HTTP/1.1" 200 -
06:36:31 "POST /collect HTTP/1.1" 200 -
06:36:31 "POST /collect HTTP/1.1" 200 -
06:36:31 "POST /collect HTTP/1.1" 200 -
06:36:31 "POST /collect HTTP/1.1" 200 -
06:36:31 "POST /collect HTTP/1.1" 200 -
06:36:31 "POST /collect HTTP/1.1" 200 -
06:36:31 "POST /collect HTTP/1.1" 200 -
06:36:31 "POST /collect HTTP/1.1" 200 -
06:36:31 "POST /collect HTTP/1.1" 200 -
06:36:31 "GET /roster HTTP/1.1" 200 -
06:36:31 "GET /roster HTTP/1.1" 200 -
06:36:31 "POST /collect HTTP/1.1" 200 -
06:36:31 "POST /collect HTTP/1.1" 200 -
06:36:31 "POST /collect HTTP/1.1" 200 -
06:36:31 "POST /collect HTTP/1.1" 200 -
06:36:31 "POST /collect HTTP/1.1" 200 -
06:36:31 "POST /collect HTTP/1.1" 200 -
06:36:31 "POST /collect HTTP/1.1" 200 -
06:36:32 "POST /collect HTTP/1.1" 200 -
06:36:32 "POST /collect HTTP/1.1" 200 -
06:36:32 "POST /collect HTTP/1.1" 200 -
06:36:32 "POST /collect HTTP/1.1" 200 -
06:36:32 "POST /collect HTTP/1.1" 200 -
06:36:32 "POST /collect HTTP/1.1" 200 -
06:36:32 "POST /collect HTTP/1.1" 200 -
06:36:32 "POST /collect HTTP/1.1" 200 -
06:36:32 "POST /collect HTTP/1.1" 200 -
06:36:32 "POST /collect HTTP/1.1" 200 -
06:36:32 "POST /collect HTTP/1.1" 200 -
06:36:32 "POST /collect HTTP/1.1" 200 -
06:36:32 "POST /collect HTTP/1.1" 200 -
06:36:32 "POST /collect HTTP/1.1" 200 -
06:36:32 "POST /collect HTTP/1.1" 200 -
06:36:32 "POST /collect HTTP/1.1" 200 -
06:36:32 "POST /collect HTTP/1.1" 200 -
06:36:33 "POST /collect HTTP/1.1" 200 -
06:36:33 "POST /collect HTTP/1.1" 200 -
06:36:33 "POST /collect HTTP/1.1" 200 -
06:36:33 "POST /collect HTTP/1.1" 200 -
06:36:33 "POST /collect HTTP/1.1" 200 -
06:36:33 "POST /collect HTTP/1.1" 200 -
06:36:33 "POST /collect HTTP/1.1" 200 -
06:36:33 "POST /collect HTTP/1.1" 200 -
06:36:33 "POST /collect HTTP/1.1" 200 -
06:36:33 "POST /collect HTTP/1.1" 200 -
06:36:33 "POST /collect HTTP/1.1" 200 -
06:36:33 "POST /collect HTTP/1.1" 200 -
06:36:33 "POST /collect HTTP/1.1" 200 -
06:36:33 "POST /collect HTTP/1.1" 200 -
06:36:33 "GET /roster HTTP/1.1" 200 -
06:36:33 "GET /roster HTTP/1.1" 200 -
06:36:33 "POST /collect HTTP/1.1" 200 -
06:36:33 "POST /collect HTTP/1.1" 200 -
06:36:33 "POST /collect HTTP/1.1" 200 -
06:36:33 "POST /collect HTTP/1.1" 200 -
06:36:34 "POST /collect HTTP/1.1" 200 -
06:36:34 "POST /collect HTTP/1.1" 200 -
06:36:34 "POST /collect HTTP/1.1" 200 -
06:36:34 "POST /collect HTTP/1.1" 200 -
06:36:34 "POST /collect HTTP/1.1" 200 -
06:36:34 "POST /collect HTTP/1.1" 200 -
06:36:34 "POST /collect HTTP/1.1" 200 -
06:36:34 "POST /collect HTTP/1.1" 200 -
06:36:34 "POST /collect HTTP/1.1" 200 -
06:36:34 "POST /collect HTTP/1.1" 200 -
06:36:34 "POST /collect HTTP/1.1" 200 -
06:36:34 "POST /collect HTTP/1.1" 200 -
06:36:34 "POST /collect HTTP/1.1" 200 -
06:36:34 "POST /collect HTTP/1.1" 200 -
06:36:34 "POST /collect HTTP/1.1" 200 -
06:36:34 "POST /collect HTTP/1.1" 200 -
06:36:34 "POST /collect HTTP/1.1" 200 -
06:36:34 "POST /collect HTTP/1.1" 200 -
06:36:34 "POST /collect HTTP/1.1" 200 -
06:36:34 "POST /collect HTTP/1.1" 200 -
06:36:34 "POST /collect HTTP/1.1" 200 -
06:36:34 "POST /collect HTTP/1.1" 200 -
06:36:34 "POST /collect HTTP/1.1" 200 -
06:36:34 "POST /collect HTTP/1.1" 200 -
06:36:34 "POST /collect HTTP/1.1" 200 -
06:36:35 "POST /collect HTTP/1.1" 200 -
06:36:35 "POST /collect HTTP/1.1" 200 -
06:36:35 "POST /collect HTTP/1.1" 200 -
06:36:35 "POST /collect HTTP/1.1" 200 -
06:36:35 "POST /collect HTTP/1.1" 200 -
06:36:35 "POST /collect HTTP/1.1" 200 -
06:36:35 "POST /collect HTTP/1.1" 200 -
06:36:35 "POST /collect HTTP/1.1" 200 -
06:36:35 "POST /collect HTTP/1.1" 200 -
06:36:35 "GET /roster HTTP/1.1" 200 -
06:36:35 "GET /roster HTTP/1.1" 200 -
06:36:35 "POST /collect HTTP/1.1" 200 -
06:36:35 "POST /collect HTTP/1.1" 200 -
06:36:35 "POST /collect HTTP/1.1" 200 -
06:36:35 "POST /collect HTTP/1.1" 200 -
06:36:35 "POST /collect HTTP/1.1" 200 -
06:36:35 "POST /collect HTTP/1.1" 200 -
06:36:35 "POST /collect HTTP/1.1" 200 -
06:36:35 "POST /collect HTTP/1.1" 200 -
06:36:35 "POST /collect HTTP/1.1" 200 -
06:36:35 "POST /collect HTTP/1.1" 200 -
06:36:36 "POST /collect HTTP/1.1" 200 -
06:36:36 "POST /collect HTTP/1.1" 200 -
06:36:36 "POST /collect HTTP/1.1" 200 -
06:36:36 "POST /collect HTTP/1.1" 200 -
06:36:36 "POST /collect HTTP/1.1" 200 -
06:36:36 "POST /collect HTTP/1.1" 200 -
06:36:36 "POST /collect HTTP/1.1" 200 -
06:36:36 "POST /collect HTTP/1.1" 200 -
06:36:36 "POST /collect HTTP/1.1" 200 -
06:36:36 "POST /collect HTTP/1.1" 200 -
06:36:36 "POST /collect HTTP/1.1" 200 -
06:36:36 "POST /collect HTTP/1.1" 200 -
06:36:36 "POST /collect HTTP/1.1" 200 -
06:36:36 "POST /collect HTTP/1.1" 200 -
06:36:36 "POST /collect HTTP/1.1" 200 -
06:36:36 "POST /collect HTTP/1.1" 200 -
06:36:37 "POST /collect HTTP/1.1" 200 -
06:36:37 "POST /collect HTTP/1.1" 200 -
06:36:37 "POST /collect HTTP/1.1" 200 -
06:36:37 "POST /collect HTTP/1.1" 200 -
06:36:37 "POST /collect HTTP/1.1" 200 -
06:36:37 "POST /collect HTTP/1.1" 200 -
06:36:37 "POST /collect HTTP/1.1" 200 -
06:36:37 "POST /collect HTTP/1.1" 200 -
06:36:37 "POST /collect HTTP/1.1" 200 -
06:36:37 "POST /collect HTTP/1.1" 200 -
06:36:37 "POST /collect HTTP/1.1" 200 -
06:36:37 "POST /collect HTTP/1.1" 200 -
06:36:37 "POST /collect HTTP/1.1" 200 -
06:36:37 "POST /collect HTTP/1.1" 200 -
06:36:37 "POST /collect HTTP/1.1" 200 -
06:36:37 "POST /collect HTTP/1.1" 200 -
06:36:37 "POST /collect HTTP/1.1" 200 -
06:36:37 "POST /collect HTTP/1.1" 200 -
06:36:37 "POST /collect HTTP/1.1" 200 -
06:36:37 "POST /collect HTTP/1.1" 200 -
06:36:37 "GET /roster HTTP/1.1" 200 -
06:36:37 "GET /roster HTTP/1.1" 200 -
06:36:37 "POST /collect HTTP/1.1" 200 -
06:36:37 "POST /collect HTTP/1.1" 200 -
06:36:37 "POST /collect HTTP/1.1" 200 -
06:36:37 "POST /collect HTTP/1.1" 200 -
06:36:37 "POST /collect HTTP/1.1" 200 -
06:36:37 "POST /collect HTTP/1.1" 200 -
06:36:37 "POST /collect HTTP/1.1" 200 -
06:36:38 "POST /collect HTTP/1.1" 200 -
06:36:38 "POST /collect HTTP/1.1" 200 -
06:36:38 "POST /collect HTTP/1.1" 200 -
06:36:38 "POST /collect HTTP/1.1" 200 -
06:36:38 "POST /collect HTTP/1.1" 200 -
06:36:38 "POST /collect HTTP/1.1" 200 -
06:36:38 "POST /collect HTTP/1.1" 200 -
06:36:38 "POST /collect HTTP/1.1" 200 -
06:36:38 "POST /collect HTTP/1.1" 200 -
06:36:38 "POST /collect HTTP/1.1" 200 -
06:36:38 "POST /collect HTTP/1.1" 200 -
06:36:38 "POST /collect HTTP/1.1" 200 -
06:36:38 "POST /collect HTTP/1.1" 200 -
06:36:38 "POST /collect HTTP/1.1" 200 -
06:36:38 "POST /collect HTTP/1.1" 200 -
06:36:38 "POST /collect HTTP/1.1" 200 -
06:36:38 "POST /collect HTTP/1.1" 200 -
06:36:39 "POST /collect HTTP/1.1" 200 -
06:36:39 "POST /collect HTTP/1.1" 200 -
06:36:39 "POST /collect HTTP/1.1" 200 -
06:36:39 "POST /collect HTTP/1.1" 200 -
06:36:39 "POST /collect HTTP/1.1" 200 -
06:36:39 "POST /collect HTTP/1.1" 200 -
06:36:39 "POST /collect HTTP/1.1" 200 -
06:36:39 "POST /collect HTTP/1.1" 200 -
06:36:39 "POST /collect HTTP/1.1" 200 -
06:36:39 "POST /collect HTTP/1.1" 200 -
06:36:39 "POST /collect HTTP/1.1" 200 -
06:36:39 "POST /collect HTTP/1.1" 200 -
06:36:39 "GET /roster HTTP/1.1" 200 -
06:36:39 "POST /collect HTTP/1.1" 200 -
06:36:39 "POST /collect HTTP/1.1" 200 -
06:36:39 "GET /roster HTTP/1.1" 200 -
06:36:39 "POST /collect HTTP/1.1" 200 -
06:36:39 "POST /collect HTTP/1.1" 200 -
06:36:39 "POST /collect HTTP/1.1" 200 -
06:36:39 "POST /collect HTTP/1.1" 200 -
06:36:40 "POST /collect HTTP/1.1" 200 -
06:36:40 "POST /collect HTTP/1.1" 200 -
06:36:40 "POST /collect HTTP/1.1" 200 -
06:36:40 "POST /collect HTTP/1.1" 200 -
06:36:40 "POST /collect HTTP/1.1" 200 -
06:36:40 "POST /collect HTTP/1.1" 200 -
06:36:40 "POST /collect HTTP/1.1" 200 -
06:36:40 "POST /collect HTTP/1.1" 200 -
06:36:40 "POST /collect HTTP/1.1" 200 -
06:36:40 "POST /collect HTTP/1.1" 200 -
06:36:40 "POST /collect HTTP/1.1" 200 -
06:36:40 "POST /collect HTTP/1.1" 200 -
06:36:40 "POST /collect HTTP/1.1" 200 -
06:36:40 "POST /collect HTTP/1.1" 200 -
06:36:40 "POST /collect HTTP/1.1" 200 -
06:36:40 "POST /collect HTTP/1.1" 200 -
06:36:40 "POST /collect HTTP/1.1" 200 -
06:36:40 "POST /collect HTTP/1.1" 200 -
06:36:40 "POST /collect HTTP/1.1" 200 -
06:36:40 "POST /collect HTTP/1.1" 200 -
06:36:40 "POST /collect HTTP/1.1" 200 -
06:36:40 "POST /collect HTTP/1.1" 200 -
06:36:40 "POST /collect HTTP/1.1" 200 -
06:36:40 "POST /collect HTTP/1.1" 200 -
06:36:40 "POST /collect HTTP/1.1" 200 -
06:36:41 "POST /collect HTTP/1.1" 200 -
06:36:41 "POST /collect HTTP/1.1" 200 -
06:36:41 "POST /collect HTTP/1.1" 200 -
06:36:41 "POST /collect HTTP/1.1" 200 -
06:36:41 "POST /collect HTTP/1.1" 200 -
06:36:41 "POST /collect HTTP/1.1" 200 -
06:36:41 "POST /collect HTTP/1.1" 200 -
06:36:41 "POST /collect HTTP/1.1" 200 -
06:36:41 "POST /collect HTTP/1.1" 200 -
06:36:41 "GET /roster HTTP/1.1" 200 -
06:36:41 "GET /roster HTTP/1.1" 200 -
06:36:41 "POST /collect HTTP/1.1" 200 -
06:36:41 "POST /collect HTTP/1.1" 200 -
06:36:41 "POST /collect HTTP/1.1" 200 -
06:36:41 "POST /collect HTTP/1.1" 200 -
06:36:41 "POST /collect HTTP/1.1" 200 -
06:36:41 "POST /collect HTTP/1.1" 200 -
06:36:41 "POST /collect HTTP/1.1" 200 -
06:36:41 "POST /collect HTTP/1.1" 200 -
06:36:41 "POST /collect HTTP/1.1" 200 -
06:36:41 "POST /collect HTTP/1.1" 200 -
06:36:42 "POST /collect HTTP/1.1" 200 -
06:36:42 "POST /collect HTTP/1.1" 200 -
06:36:42 "POST /collect HTTP/1.1" 200 -
06:36:42 "POST /collect HTTP/1.1" 200 -
06:36:42 "POST /collect HTTP/1.1" 200 -
06:36:42 "POST /collect HTTP/1.1" 200 -
06:36:42 "POST /collect HTTP/1.1" 200 -
06:36:42 "POST /collect HTTP/1.1" 200 -
06:36:42 "POST /collect HTTP/1.1" 200 -
06:36:42 "POST /collect HTTP/1.1" 200 -
06:36:42 "POST /collect HTTP/1.1" 200 -
06:36:42 "POST /collect HTTP/1.1" 200 -
06:36:42 "POST /collect HTTP/1.1" 200 -
06:36:42 "POST /collect HTTP/1.1" 200 -
06:36:42 "POST /collect HTTP/1.1" 200 -
06:36:42 "POST /collect HTTP/1.1" 200 -
06:36:43 "POST /collect HTTP/1.1" 200 -
06:36:43 "POST /collect HTTP/1.1" 200 -
06:36:43 "POST /collect HTTP/1.1" 200 -
06:36:43 "POST /collect HTTP/1.1" 200 -
06:36:43 "POST /collect HTTP/1.1" 200 -
06:36:43 "POST /collect HTTP/1.1" 200 -
06:36:43 "POST /collect HTTP/1.1" 200 -
06:36:43 "POST /collect HTTP/1.1" 200 -
06:36:43 "POST /collect HTTP/1.1" 200 -
06:36:43 "POST /collect HTTP/1.1" 200 -
06:36:43 "POST /collect HTTP/1.1" 200 -
06:36:43 "POST /collect HTTP/1.1" 200 -
06:36:43 "POST /collect HTTP/1.1" 200 -
06:36:43 "POST /collect HTTP/1.1" 200 -
06:36:43 "POST /collect HTTP/1.1" 200 -
06:36:43 "POST /collect HTTP/1.1" 200 -
06:36:43 "POST /collect HTTP/1.1" 200 -
06:36:43 "POST /collect HTTP/1.1" 200 -
06:36:43 "POST /collect HTTP/1.1" 200 -
06:36:43 "POST /collect HTTP/1.1" 200 -
06:36:43 "GET /roster HTTP/1.1" 200 -
06:36:43 "GET /roster HTTP/1.1" 200 -
06:36:43 "POST /collect HTTP/1.1" 200 -
06:36:43 "POST /collect HTTP/1.1" 200 -
06:36:43 "POST /collect HTTP/1.1" 200 -
06:36:43 "POST /collect HTTP/1.1" 200 -
06:36:43 "POST /collect HTTP/1.1" 200 -
06:36:43 "POST /collect HTTP/1.1" 200 -
06:36:43 "POST /collect HTTP/1.1" 200 -
06:36:43 "POST /collect HTTP/1.1" 200 -
06:36:44 "POST /collect HTTP/1.1" 200 -
06:36:44 "POST /collect HTTP/1.1" 200 -
06:36:44 "POST /collect HTTP/1.1" 200 -
06:36:44 "POST /collect HTTP/1.1" 200 -
06:36:44 "POST /collect HTTP/1.1" 200 -
06:36:44 "POST /collect HTTP/1.1" 200 -
06:36:44 "POST /collect HTTP/1.1" 200 -
06:36:44 "POST /collect HTTP/1.1" 200 -
06:36:44 "POST /collect HTTP/1.1" 200 -
06:36:44 "POST /collect HTTP/1.1" 200 -
06:36:44 "POST /collect HTTP/1.1" 200 -
06:36:44 "POST /collect HTTP/1.1" 200 -
06:36:44 "POST /collect HTTP/1.1" 200 -
06:36:44 "POST /collect HTTP/1.1" 200 -
06:36:44 "POST /collect HTTP/1.1" 200 -
06:36:44 "POST /collect HTTP/1.1" 200 -
06:36:44 "POST /collect HTTP/1.1" 200 -
06:36:45 "POST /collect HTTP/1.1" 200 -
06:36:45 "POST /collect HTTP/1.1" 200 -
06:36:45 "POST /collect HTTP/1.1" 200 -
06:36:45 "POST /collect HTTP/1.1" 200 -
06:36:45 "POST /collect HTTP/1.1" 200 -
06:36:45 "POST /collect HTTP/1.1" 200 -
06:36:45 "POST /collect HTTP/1.1" 200 -
06:36:45 "POST /collect HTTP/1.1" 200 -
06:36:45 "POST /collect HTTP/1.1" 200 -
06:36:45 "POST /collect HTTP/1.1" 200 -
06:36:45 "POST /collect HTTP/1.1" 200 -
06:36:45 "POST /collect HTTP/1.1" 200 -
06:36:45 "POST /collect HTTP/1.1" 200 -
06:36:45 "POST /collect HTTP/1.1" 200 -
06:36:45 "GET /roster HTTP/1.1" 200 -
06:36:45 "GET /roster HTTP/1.1" 200 -
06:36:45 "POST /collect HTTP/1.1" 200 -
06:36:45 "POST /collect HTTP/1.1" 200 -
06:36:45 "POST /collect HTTP/1.1" 200 -
06:36:45 "POST /collect HTTP/1.1" 200 -
06:36:46 "POST /collect HTTP/1.1" 200 -
06:36:46 "POST /collect HTTP/1.1" 200 -
06:36:46 "POST /collect HTTP/1.1" 200 -
06:36:46 "POST /collect HTTP/1.1" 200 -
06:36:46 "POST /collect HTTP/1.1" 200 -
06:36:46 "POST /collect HTTP/1.1" 200 -
06:36:46 "POST /collect HTTP/1.1" 200 -
06:36:46 "POST /collect HTTP/1.1" 200 -
06:36:46 "POST /collect HTTP/1.1" 200 -
06:36:46 "POST /collect HTTP/1.1" 200 -
06:36:46 "POST /collect HTTP/1.1" 200 -
06:36:46 "POST /collect HTTP/1.1" 200 -
06:36:46 "POST /collect HTTP/1.1" 200 -
06:36:46 "POST /collect HTTP/1.1" 200 -
06:36:46 "POST /collect HTTP/1.1" 200 -
06:36:46 "POST /collect HTTP/1.1" 200 -
06:36:46 "POST /collect HTTP/1.1" 200 -
06:36:46 "POST /collect HTTP/1.1" 200 -
06:36:46 "POST /collect HTTP/1.1" 200 -
06:36:46 "POST /collect HTTP/1.1" 200 -
06:36:46 "POST /collect HTTP/1.1" 200 -
06:36:46 "POST /collect HTTP/1.1" 200 -
06:36:46 "POST /collect HTTP/1.1" 200 -
06:36:46 "POST /collect HTTP/1.1" 200 -
06:36:46 "POST /collect HTTP/1.1" 200 -
06:36:47 "POST /collect HTTP/1.1" 200 -
06:36:47 "POST /collect HTTP/1.1" 200 -
06:36:47 "POST /collect HTTP/1.1" 200 -
06:36:47 "POST /collect HTTP/1.1" 200 -
06:36:47 "POST /collect HTTP/1.1" 200 -
06:36:47 "POST /collect HTTP/1.1" 200 -
06:36:47 "POST /collect HTTP/1.1" 200 -
06:36:47 "POST /collect HTTP/1.1" 200 -
06:36:47 "POST /collect HTTP/1.1" 200 -
06:36:47 "GET /roster HTTP/1.1" 200 -
06:36:47 "GET /roster HTTP/1.1" 200 -
06:36:47 "POST /collect HTTP/1.1" 200 -
06:36:47 "POST /collect HTTP/1.1" 200 -
06:36:47 "POST /collect HTTP/1.1" 200 -
06:36:47 "POST /collect HTTP/1.1" 200 -
06:36:47 "POST /collect HTTP/1.1" 200 -
06:36:47 "POST /collect HTTP/1.1" 200 -
06:36:47 "POST /collect HTTP/1.1" 200 -
06:36:47 "POST /collect HTTP/1.1" 200 -
06:36:47 "POST /collect HTTP/1.1" 200 -
06:36:47 "POST /collect HTTP/1.1" 200 -
06:36:48 "POST /collect HTTP/1.1" 200 -
06:36:48 "POST /collect HTTP/1.1" 200 -
06:36:48 "POST /collect HTTP/1.1" 200 -
06:36:48 "POST /collect HTTP/1.1" 200 -
06:36:48 "POST /collect HTTP/1.1" 200 -
06:36:48 "POST /collect HTTP/1.1" 200 -
06:36:48 "POST /collect HTTP/1.1" 200 -
06:36:48 "POST /collect HTTP/1.1" 200 -
06:36:48 "POST /collect HTTP/1.1" 200 -
06:36:48 "POST /collect HTTP/1.1" 200 -
06:36:48 "POST /collect HTTP/1.1" 200 -
06:36:48 "POST /collect HTTP/1.1" 200 -
06:36:48 "POST /collect HTTP/1.1" 200 -
06:36:48 "POST /collect HTTP/1.1" 200 -
06:36:48 "POST /collect HTTP/1.1" 200 -
06:36:48 "POST /collect HTTP/1.1" 200 -
06:36:49 "POST /collect HTTP/1.1" 200 -
06:36:49 "POST /collect HTTP/1.1" 200 -
06:36:49 "POST /collect HTTP/1.1" 200 -
06:36:49 "POST /collect HTTP/1.1" 200 -
06:36:49 "POST /collect HTTP/1.1" 200 -
06:36:49 "POST /collect HTTP/1.1" 200 -
06:36:49 "POST /collect HTTP/1.1" 200 -
06:36:49 "POST /collect HTTP/1.1" 200 -
06:36:49 "POST /collect HTTP/1.1" 200 -
06:36:49 "POST /collect HTTP/1.1" 200 -
06:36:49 "POST /collect HTTP/1.1" 200 -
06:36:49 "POST /collect HTTP/1.1" 200 -
06:36:49 "POST /collect HTTP/1.1" 200 -
06:36:49 "POST /collect HTTP/1.1" 200 -
06:36:49 "POST /collect HTTP/1.1" 200 -
06:36:49 "POST /collect HTTP/1.1" 200 -
06:36:49 "POST /collect HTTP/1.1" 200 -
06:36:49 "POST /collect HTTP/1.1" 200 -
06:36:49 "POST /collect HTTP/1.1" 200 -
06:36:49 "POST /collect HTTP/1.1" 200 -
06:36:49 "GET /roster HTTP/1.1" 200 -
06:36:49 "GET /roster HTTP/1.1" 200 -
06:36:49 "POST /collect HTTP/1.1" 200 -
06:36:49 "POST /collect HTTP/1.1" 200 -
06:36:49 "POST /collect HTTP/1.1" 200 -
06:36:49 "POST /collect HTTP/1.1" 200 -
06:36:49 "POST /collect HTTP/1.1" 200 -
06:36:49 "POST /collect HTTP/1.1" 200 -
06:36:49 "POST /collect HTTP/1.1" 200 -
06:36:50 "POST /collect HTTP/1.1" 200 -
06:36:50 "POST /collect HTTP/1.1" 200 -
06:36:50 "POST /collect HTTP/1.1" 200 -
06:36:50 "POST /collect HTTP/1.1" 200 -
06:36:50 "POST /collect HTTP/1.1" 200 -
06:36:50 "POST /collect HTTP/1.1" 200 -
06:36:50 "POST /collect HTTP/1.1" 200 -
06:36:50 "POST /collect HTTP/1.1" 200 -
06:36:50 "POST /collect HTTP/1.1" 200 -
06:36:50 "POST /collect HTTP/1.1" 200 -
06:36:50 "POST /collect HTTP/1.1" 200 -
06:36:50 "POST /collect HTTP/1.1" 200 -
06:36:50 "POST /collect HTTP/1.1" 200 -
06:36:50 "POST /collect HTTP/1.1" 200 -
06:36:50 "POST /collect HTTP/1.1" 200 -
06:36:50 "POST /collect HTTP/1.1" 200 -
06:36:50 "POST /collect HTTP/1.1" 200 -
06:36:51 "POST /collect HTTP/1.1" 200 -
06:36:51 "POST /collect HTTP/1.1" 200 -
06:36:51 "POST /collect HTTP/1.1" 200 -
06:36:51 "POST /collect HTTP/1.1" 200 -
06:36:51 "POST /collect HTTP/1.1" 200 -
06:36:51 "POST /collect HTTP/1.1" 200 -
06:36:51 "POST /collect HTTP/1.1" 200 -
06:36:51 "POST /collect HTTP/1.1" 200 -
06:36:51 "POST /collect HTTP/1.1" 200 -
06:36:51 "POST /collect HTTP/1.1" 200 -
06:36:51 "POST /collect HTTP/1.1" 200 -
06:36:51 "POST /collect HTTP/1.1" 200 -
06:36:51 "POST /collect HTTP/1.1" 200 -
06:36:51 "GET /roster HTTP/1.1" 200 -
06:36:51 "POST /collect HTTP/1.1" 200 -
06:36:51 "POST /collect HTTP/1.1" 200 -
06:36:51 "GET /roster HTTP/1.1" 200 -
06:36:51 "POST /collect HTTP/1.1" 200 -
06:36:51 "POST /collect HTTP/1.1" 200 -
06:36:51 "POST /collect HTTP/1.1" 200 -
06:36:52 "POST /collect HTTP/1.1" 200 -
06:36:52 "POST /collect HTTP/1.1" 200 -
06:36:52 "POST /collect HTTP/1.1" 200 -
06:36:52 "POST /collect HTTP/1.1" 200 -
06:36:52 "POST /collect HTTP/1.1" 200 -
06:36:52 "POST /collect HTTP/1.1" 200 -
06:36:52 "POST /collect HTTP/1.1" 200 -
06:36:52 "POST /collect HTTP/1.1" 200 -
06:36:52 "POST /collect HTTP/1.1" 200 -
06:36:52 "POST /collect HTTP/1.1" 200 -
06:36:52 "POST /collect HTTP/1.1" 200 -
06:36:52 "POST /collect HTTP/1.1" 200 -
06:36:52 "POST /collect HTTP/1.1" 200 -
06:36:52 "POST /collect HTTP/1.1" 200 -
06:36:52 "POST /collect HTTP/1.1" 200 -
06:36:52 "POST /collect HTTP/1.1" 200 -
06:36:52 "POST /collect HTTP/1.1" 200 -
06:36:52 "POST /collect HTTP/1.1" 200 -
06:36:52 "POST /collect HTTP/1.1" 200 -
06:36:52 "POST /collect HTTP/1.1" 200 -
06:36:52 "POST /collect HTTP/1.1" 200 -
06:36:52 "POST /collect HTTP/1.1" 200 -
06:36:52 "POST /collect HTTP/1.1" 200 -
06:36:52 "POST /collect HTTP/1.1" 200 -
06:36:52 "POST /collect HTTP/1.1" 200 -
06:36:53 "POST /collect HTTP/1.1" 200 -
06:36:53 "POST /collect HTTP/1.1" 200 -
06:36:53 "POST /collect HTTP/1.1" 200 -
06:36:53 "POST /collect HTTP/1.1" 200 -
06:36:53 "POST /collect HTTP/1.1" 200 -
06:36:53 "POST /collect HTTP/1.1" 200 -
06:36:53 "POST /collect HTTP/1.1" 200 -
06:36:53 "POST /collect HTTP/1.1" 200 -
06:36:53 "POST /collect HTTP/1.1" 200 -
06:36:53 "GET /roster HTTP/1.1" 200 -
06:36:53 "GET /roster HTTP/1.1" 200 -
06:36:53 "POST /collect HTTP/1.1" 200 -
06:36:53 "POST /collect HTTP/1.1" 200 -
06:36:53 "POST /collect HTTP/1.1" 200 -
06:36:53 "POST /collect HTTP/1.1" 200 -
06:36:53 "POST /collect HTTP/1.1" 200 -
06:36:53 "POST /collect HTTP/1.1" 200 -
06:36:53 "POST /collect HTTP/1.1" 200 -
06:36:53 "POST /collect HTTP/1.1" 200 -
06:36:53 "POST /collect HTTP/1.1" 200 -
06:36:53 "POST /collect HTTP/1.1" 200 -
06:36:54 "POST /collect HTTP/1.1" 200 -
06:36:54 "POST /collect HTTP/1.1" 200 -
06:36:54 "POST /collect HTTP/1.1" 200 -
06:36:54 "POST /collect HTTP/1.1" 200 -
06:36:54 "POST /collect HTTP/1.1" 200 -
06:36:54 "POST /collect HTTP/1.1" 200 -
06:36:54 "POST /collect HTTP/1.1" 200 -
06:36:54 "POST /collect HTTP/1.1" 200 -
06:36:54 "POST /collect HTTP/1.1" 200 -
06:36:54 "POST /collect HTTP/1.1" 200 -
06:36:54 "POST /collect HTTP/1.1" 200 -
06:36:54 "POST /collect HTTP/1.1" 200 -
06:36:54 "POST /collect HTTP/1.1" 200 -
06:36:54 "POST /collect HTTP/1.1" 200 -
06:36:54 "POST /collect HTTP/1.1" 200 -
06:36:54 "POST /collect HTTP/1.1" 200 -
06:36:55 "POST /collect HTTP/1.1" 200 -
06:36:55 "POST /collect HTTP/1.1" 200 -
06:36:55 "POST /collect HTTP/1.1" 200 -
06:36:55 "POST /collect HTTP/1.1" 200 -
06:36:55 "POST /collect HTTP/1.1" 200 -
06:36:55 "POST /collect HTTP/1.1" 200 -
06:36:55 "POST /collect HTTP/1.1" 200 -
06:36:55 "POST /collect HTTP/1.1" 200 -
06:36:55 "POST /collect HTTP/1.1" 200 -
06:36:55 "POST /collect HTTP/1.1" 200 -
06:36:55 "POST /collect HTTP/1.1" 200 -
06:36:55 "POST /collect HTTP/1.1" 200 -
06:36:55 "POST /collect HTTP/1.1" 200 -
06:36:55 "POST /collect HTTP/1.1" 200 -
06:36:55 "POST /collect HTTP/1.1" 200 -
06:36:55 "POST /collect HTTP/1.1" 200 -
06:36:55 "POST /collect HTTP/1.1" 200 -
06:36:55 "POST /collect HTTP/1.1" 200 -
06:36:55 "POST /collect HTTP/1.1" 200 -
06:36:55 "POST /collect HTTP/1.1" 200 -
06:36:55 "GET /roster HTTP/1.1" 200 -
06:36:55 "GET /roster HTTP/1.1" 200 -
06:36:55 "POST /collect HTTP/1.1" 200 -
06:36:55 "POST /collect HTTP/1.1" 200 -
06:36:55 "POST /collect HTTP/1.1" 200 -
06:36:55 "POST /collect HTTP/1.1" 200 -
06:36:55 "POST /collect HTTP/1.1" 200 -
06:36:55 "POST /collect HTTP/1.1" 200 -
06:36:55 "POST /collect HTTP/1.1" 200 -
06:36:56 "POST /collect HTTP/1.1" 200 -
06:36:56 "POST /collect HTTP/1.1" 200 -
06:36:56 "POST /collect HTTP/1.1" 200 -
06:36:56 "POST /collect HTTP/1.1" 200 -
06:36:56 "POST /collect HTTP/1.1" 200 -
06:36:56 "POST /collect HTTP/1.1" 200 -
06:36:56 "POST /collect HTTP/1.1" 200 -
06:36:56 "POST /collect HTTP/1.1" 200 -
06:36:56 "POST /collect HTTP/1.1" 200 -
06:36:56 "POST /collect HTTP/1.1" 200 -
06:36:56 "POST /collect HTTP/1.1" 200 -
06:36:56 "POST /collect HTTP/1.1" 200 -
06:36:56 "POST /collect HTTP/1.1" 200 -
06:36:56 "POST /collect HTTP/1.1" 200 -
06:36:56 "POST /collect HTTP/1.1" 200 -
06:36:56 "POST /collect HTTP/1.1" 200 -
06:36:56 "POST /collect HTTP/1.1" 200 -
06:36:57 "POST /collect HTTP/1.1" 200 -
06:36:57 "POST /collect HTTP/1.1" 200 -
06:36:57 "POST /collect HTTP/1.1" 200 -
06:36:57 "POST /collect HTTP/1.1" 200 -
06:36:57 "POST /collect HTTP/1.1" 200 -
06:36:57 "POST /collect HTTP/1.1" 200 -
06:36:57 "POST /collect HTTP/1.1" 200 -
06:36:57 "POST /collect HTTP/1.1" 200 -
06:36:57 "POST /collect HTTP/1.1" 200 -
06:36:57 "POST /collect HTTP/1.1" 200 -
06:36:57 "POST /collect HTTP/1.1" 200 -
06:36:57 "POST /collect HTTP/1.1" 200 -
06:36:57 "POST /collect HTTP/1.1" 200 -
06:36:57 "POST /collect HTTP/1.1" 200 -
06:36:57 "GET /roster HTTP/1.1" 200 -
06:36:57 "GET /roster HTTP/1.1" 200 -
06:36:57 "POST /collect HTTP/1.1" 200 -
06:36:57 "POST /collect HTTP/1.1" 200 -
06:36:57 "POST /collect HTTP/1.1" 200 -
06:36:57 "POST /collect HTTP/1.1" 200 -
06:36:58 "POST /collect HTTP/1.1" 200 -
06:36:58 "POST /collect HTTP/1.1" 200 -
06:36:58 "POST /collect HTTP/1.1" 200 -
06:36:58 "POST /collect HTTP/1.1" 200 -
06:36:58 "POST /collect HTTP/1.1" 200 -
06:36:58 "POST /collect HTTP/1.1" 200 -
06:36:58 "POST /collect HTTP/1.1" 200 -
06:36:58 "POST /collect HTTP/1.1" 200 -
06:36:58 "POST /collect HTTP/1.1" 200 -
06:36:58 "POST /collect HTTP/1.1" 200 -
06:36:58 "POST /collect HTTP/1.1" 200 -
06:36:58 "POST /collect HTTP/1.1" 200 -
06:36:58 "POST /collect HTTP/1.1" 200 -
06:36:58 "POST /collect HTTP/1.1" 200 -
06:36:58 "POST /collect HTTP/1.1" 200 -
06:36:58 "POST /collect HTTP/1.1" 200 -
06:36:58 "POST /collect HTTP/1.1" 200 -
06:36:58 "POST /collect HTTP/1.1" 200 -
06:36:58 "POST /collect HTTP/1.1" 200 -
06:36:58 "POST /collect HTTP/1.1" 200 -
06:36:58 "POST /collect HTTP/1.1" 200 -
06:36:58 "POST /collect HTTP/1.1" 200 -
06:36:58 "POST /collect HTTP/1.1" 200 -
06:36:58 "POST /collect HTTP/1.1" 200 -
06:36:58 "POST /collect HTTP/1.1" 200 -
06:36:58 "POST /collect HTTP/1.1" 200 -
06:36:59 "POST /collect HTTP/1.1" 200 -
06:36:59 "POST /collect HTTP/1.1" 200 -
06:36:59 "POST /collect HTTP/1.1" 200 -
06:36:59 "POST /collect HTTP/1.1" 200 -
06:36:59 "POST /collect HTTP/1.1" 200 -
06:36:59 "POST /collect HTTP/1.1" 200 -
06:36:59 "GET /roster HTTP/1.1" 200 -
06:36:59 "POST /collect HTTP/1.1" 200 -
06:36:59 "POST /collect HTTP/1.1" 200 -
06:36:59 "POST /collect HTTP/1.1" 200 -
06:36:59 "GET /roster HTTP/1.1" 200 -
06:36:59 "POST /collect HTTP/1.1" 200 -
06:36:59 "POST /collect HTTP/1.1" 200 -
06:36:59 "POST /collect HTTP/1.1" 200 -
06:36:59 "POST /collect HTTP/1.1" 200 -
06:36:59 "POST /collect HTTP/1.1" 200 -
06:36:59 "POST /collect HTTP/1.1" 200 -
06:36:59 "POST /collect HTTP/1.1" 200 -
06:36:59 "POST /collect HTTP/1.1" 200 -
06:36:59 "POST /collect HTTP/1.1" 200 -
06:36:59 "POST /collect HTTP/1.1" 200 -
06:37:00 "POST /collect HTTP/1.1" 200 -
06:37:00 "POST /collect HTTP/1.1" 200 -
06:37:00 "POST /collect HTTP/1.1" 200 -
06:37:00 "POST /collect HTTP/1.1" 200 -
06:37:00 "POST /collect HTTP/1.1" 200 -
06:37:00 "POST /collect HTTP/1.1" 200 -
06:37:00 "POST /collect HTTP/1.1" 200 -
06:37:00 "POST /collect HTTP/1.1" 200 -
06:37:00 "POST /collect HTTP/1.1" 200 -
06:37:00 "POST /collect HTTP/1.1" 200 -
06:37:00 "POST /collect HTTP/1.1" 200 -
06:37:00 "POST /collect HTTP/1.1" 200 -
06:37:00 "POST /collect HTTP/1.1" 200 -
06:37:00 "POST /collect HTTP/1.1" 200 -
06:37:00 "POST /collect HTTP/1.1" 200 -
06:37:00 "POST /collect HTTP/1.1" 200 -
06:37:01 "POST /collect HTTP/1.1" 200 -
06:37:01 "POST /collect HTTP/1.1" 200 -
06:37:01 "POST /collect HTTP/1.1" 200 -
06:37:01 "POST /collect HTTP/1.1" 200 -
06:37:01 "POST /collect HTTP/1.1" 200 -
06:37:01 "POST /collect HTTP/1.1" 200 -
06:37:01 "POST /collect HTTP/1.1" 200 -
06:37:01 "POST /collect HTTP/1.1" 200 -
06:37:01 "POST /collect HTTP/1.1" 200 -
06:37:01 "POST /collect HTTP/1.1" 200 -
06:37:01 "POST /collect HTTP/1.1" 200 -
06:37:01 "POST /collect HTTP/1.1" 200 -
06:37:01 "POST /collect HTTP/1.1" 200 -
06:37:01 "POST /collect HTTP/1.1" 200 -
06:37:01 "POST /collect HTTP/1.1" 200 -
06:37:01 "POST /collect HTTP/1.1" 200 -
06:37:01 "POST /collect HTTP/1.1" 200 -
06:37:01 "POST /collect HTTP/1.1" 200 -
06:37:01 "POST /collect HTTP/1.1" 200 -
06:37:01 "POST /collect HTTP/1.1" 200 -
06:37:01 "GET /roster HTTP/1.1" 200 -
06:37:01 "GET /roster HTTP/1.1" 200 -
06:37:01 "POST /collect HTTP/1.1" 200 -
06:37:01 "POST /collect HTTP/1.1" 200 -
06:37:01 "POST /collect HTTP/1.1" 200 -
06:37:01 "POST /collect HTTP/1.1" 200 -
06:37:01 "POST /collect HTTP/1.1" 200 -
06:37:01 "POST /collect HTTP/1.1" 200 -
06:37:01 "POST /collect HTTP/1.1" 200 -
06:37:02 "POST /collect HTTP/1.1" 200 -
06:37:02 "POST /collect HTTP/1.1" 200 -
06:37:02 "POST /collect HTTP/1.1" 200 -
06:37:02 "POST /collect HTTP/1.1" 200 -
06:37:02 "POST /collect HTTP/1.1" 200 -
06:37:02 "POST /collect HTTP/1.1" 200 -
06:37:02 "POST /collect HTTP/1.1" 200 -
06:37:02 "POST /collect HTTP/1.1" 200 -
06:37:02 "POST /collect HTTP/1.1" 200 -
06:37:02 "POST /collect HTTP/1.1" 200 -
06:37:02 "POST /collect HTTP/1.1" 200 -
06:37:02 "POST /collect HTTP/1.1" 200 -
06:37:02 "POST /collect HTTP/1.1" 200 -
06:37:02 "POST /collect HTTP/1.1" 200 -
06:37:02 "POST /collect HTTP/1.1" 200 -
06:37:02 "POST /collect HTTP/1.1" 200 -
06:37:02 "POST /collect HTTP/1.1" 200 -
06:37:03 "POST /collect HTTP/1.1" 200 -
06:37:03 "POST /collect HTTP/1.1" 200 -
06:37:03 "POST /collect HTTP/1.1" 200 -
06:37:03 "POST /collect HTTP/1.1" 200 -
06:37:03 "POST /collect HTTP/1.1" 200 -
06:37:03 "POST /collect HTTP/1.1" 200 -
06:37:03 "POST /collect HTTP/1.1" 200 -
06:37:03 "POST /collect HTTP/1.1" 200 -
06:37:03 "POST /collect HTTP/1.1" 200 -
06:37:03 "POST /collect HTTP/1.1" 200 -
06:37:03 "POST /collect HTTP/1.1" 200 -
06:37:03 "POST /collect HTTP/1.1" 200 -
06:37:03 "POST /collect HTTP/1.1" 200 -
06:37:03 "POST /collect HTTP/1.1" 200 -
06:37:03 "GET /roster HTTP/1.1" 200 -
06:37:03 "GET /roster HTTP/1.1" 200 -
06:37:03 "POST /collect HTTP/1.1" 200 -
06:37:03 "POST /collect HTTP/1.1" 200 -
06:37:03 "POST /collect HTTP/1.1" 200 -
06:37:03 "POST /collect HTTP/1.1" 200 -
06:37:04 "POST /collect HTTP/1.1" 200 -
06:37:04 "POST /collect HTTP/1.1" 200 -
06:37:04 "POST /collect HTTP/1.1" 200 -
06:37:04 "POST /collect HTTP/1.1" 200 -
06:37:04 "POST /collect HTTP/1.1" 200 -
06:37:04 "POST /collect HTTP/1.1" 200 -
06:37:04 "POST /collect HTTP/1.1" 200 -
06:37:04 "POST /collect HTTP/1.1" 200 -
06:37:04 "POST /collect HTTP/1.1" 200 -
06:37:04 "POST /collect HTTP/1.1" 200 -
06:37:04 "POST /collect HTTP/1.1" 200 -
06:37:04 "POST /collect HTTP/1.1" 200 -
06:37:04 "POST /collect HTTP/1.1" 200 -
06:37:04 "POST /collect HTTP/1.1" 200 -
06:37:04 "POST /collect HTTP/1.1" 200 -
06:37:04 "POST /collect HTTP/1.1" 200 -
06:37:04 "POST /collect HTTP/1.1" 200 -
06:37:04 "POST /collect HTTP/1.1" 200 -
06:37:04 "POST /collect HTTP/1.1" 200 -
06:37:04 "POST /collect HTTP/1.1" 200 -
06:37:04 "POST /collect HTTP/1.1" 200 -
06:37:04 "POST /collect HTTP/1.1" 200 -
06:37:04 "POST /collect HTTP/1.1" 200 -
06:37:04 "POST /collect HTTP/1.1" 200 -
06:37:04 "POST /collect HTTP/1.1" 200 -
06:37:05 "POST /collect HTTP/1.1" 200 -
06:37:05 "POST /collect HTTP/1.1" 200 -
06:37:05 "POST /collect HTTP/1.1" 200 -
06:37:05 "POST /collect HTTP/1.1" 200 -
06:37:05 "POST /collect HTTP/1.1" 200 -
06:37:05 "POST /collect HTTP/1.1" 200 -
06:37:05 "POST /collect HTTP/1.1" 200 -
06:37:05 "POST /collect HTTP/1.1" 200 -
06:37:05 "POST /collect HTTP/1.1" 200 -
06:37:05 "GET /roster HTTP/1.1" 200 -
06:37:05 "GET /roster HTTP/1.1" 200 -
06:37:05 "POST /collect HTTP/1.1" 200 -
06:37:05 "POST /collect HTTP/1.1" 200 -
06:37:05 "POST /collect HTTP/1.1" 200 -
06:37:05 "POST /collect HTTP/1.1" 200 -
06:37:05 "POST /collect HTTP/1.1" 200 -
06:37:05 "POST /collect HTTP/1.1" 200 -
06:37:05 "POST /collect HTTP/1.1" 200 -
06:37:05 "POST /collect HTTP/1.1" 200 -
06:37:05 "POST /collect HTTP/1.1" 200 -
06:37:05 "POST /collect HTTP/1.1" 200 -
06:37:06 "POST /collect HTTP/1.1" 200 -
06:37:06 "POST /collect HTTP/1.1" 200 -
06:37:06 "POST /collect HTTP/1.1" 200 -
06:37:06 "POST /collect HTTP/1.1" 200 -
06:37:06 "POST /collect HTTP/1.1" 200 -
06:37:06 "POST /collect HTTP/1.1" 200 -
06:37:06 "POST /collect HTTP/1.1" 200 -
06:37:06 "POST /collect HTTP/1.1" 200 -
06:37:06 "POST /collect HTTP/1.1" 200 -
06:37:06 "POST /collect HTTP/1.1" 200 -
06:37:06 "POST /collect HTTP/1.1" 200 -
06:37:06 "POST /collect HTTP/1.1" 200 -
06:37:06 "POST /collect HTTP/1.1" 200 -
06:37:06 "POST /collect HTTP/1.1" 200 -
06:37:06 "POST /collect HTTP/1.1" 200 -
06:37:06 "POST /collect HTTP/1.1" 200 -
06:37:07 "POST /collect HTTP/1.1" 200 -
06:37:07 "POST /collect HTTP/1.1" 200 -
06:37:07 "POST /collect HTTP/1.1" 200 -
06:37:07 "POST /collect HTTP/1.1" 200 -
06:37:07 "POST /collect HTTP/1.1" 200 -
06:37:07 "POST /collect HTTP/1.1" 200 -
06:37:07 "POST /collect HTTP/1.1" 200 -
06:37:07 "POST /collect HTTP/1.1" 200 -
06:37:07 "POST /collect HTTP/1.1" 200 -
06:37:07 "POST /collect HTTP/1.1" 200 -
06:37:07 "POST /collect HTTP/1.1" 200 -
06:37:07 "POST /collect HTTP/1.1" 200 -
06:37:07 "POST /collect HTTP/1.1" 200 -
06:37:07 "POST /collect HTTP/1.1" 200 -
06:37:07 "POST /collect HTTP/1.1" 200 -
06:37:07 "POST /collect HTTP/1.1" 200 -
06:37:07 "POST /collect HTTP/1.1" 200 -
06:37:07 "POST /collect HTTP/1.1" 200 -
06:37:07 "POST /collect HTTP/1.1" 200 -
06:37:07 "POST /collect HTTP/1.1" 200 -
06:37:07 "GET /roster HTTP/1.1" 200 -
06:37:07 "GET /roster HTTP/1.1" 200 -
06:37:07 "POST /collect HTTP/1.1" 200 -
06:37:07 "POST /collect HTTP/1.1" 200 -
06:37:07 "POST /collect HTTP/1.1" 200 -
06:37:07 "POST /collect HTTP/1.1" 200 -
06:37:07 "POST /collect HTTP/1.1" 200 -
06:37:07 "POST /collect HTTP/1.1" 200 -
06:37:07 "POST /collect HTTP/1.1" 200 -
06:37:08 "POST /collect HTTP/1.1" 200 -
06:37:08 "POST /collect HTTP/1.1" 200 -
06:37:08 "POST /collect HTTP/1.1" 200 -
06:37:08 "POST /collect HTTP/1.1" 200 -
06:37:08 "POST /collect HTTP/1.1" 200 -
06:37:08 "POST /collect HTTP/1.1" 200 -
06:37:08 "POST /collect HTTP/1.1" 200 -
06:37:08 "POST /collect HTTP/1.1" 200 -
06:37:08 "POST /collect HTTP/1.1" 200 -
06:37:08 "POST /collect HTTP/1.1" 200 -
06:37:08 "POST /collect HTTP/1.1" 200 -
06:37:08 "POST /collect HTTP/1.1" 200 -
06:37:08 "POST /collect HTTP/1.1" 200 -
06:37:08 "POST /collect HTTP/1.1" 200 -
06:37:08 "POST /collect HTTP/1.1" 200 -
06:37:08 "POST /collect HTTP/1.1" 200 -
06:37:08 "POST /collect HTTP/1.1" 200 -
06:37:09 "POST /collect HTTP/1.1" 200 -
06:37:09 "POST /collect HTTP/1.1" 200 -
06:37:09 "POST /collect HTTP/1.1" 200 -
06:37:09 "POST /collect HTTP/1.1" 200 -
06:37:09 "POST /collect HTTP/1.1" 200 -
06:37:09 "POST /collect HTTP/1.1" 200 -
06:37:09 "POST /collect HTTP/1.1" 200 -
06:37:09 "POST /collect HTTP/1.1" 200 -
06:37:09 "POST /collect HTTP/1.1" 200 -
06:37:09 "POST /collect HTTP/1.1" 200 -
06:37:09 "POST /collect HTTP/1.1" 200 -
06:37:09 "POST /collect HTTP/1.1" 200 -
06:37:09 "POST /collect HTTP/1.1" 200 -
06:37:09 "POST /collect HTTP/1.1" 200 -
06:37:09 "GET /roster HTTP/1.1" 200 -
06:37:09 "GET /roster HTTP/1.1" 200 -
06:37:09 "POST /collect HTTP/1.1" 200 -
06:37:09 "POST /collect HTTP/1.1" 200 -
06:37:09 "POST /collect HTTP/1.1" 200 -
06:37:09 "POST /collect HTTP/1.1" 200 -
06:37:10 "POST /collect HTTP/1.1" 200 -
06:37:10 "POST /collect HTTP/1.1" 200 -
06:37:10 "POST /collect HTTP/1.1" 200 -
06:37:10 "POST /collect HTTP/1.1" 200 -
06:37:10 "POST /collect HTTP/1.1" 200 -
06:37:10 "POST /collect HTTP/1.1" 200 -
06:37:10 "POST /collect HTTP/1.1" 200 -
06:37:10 "POST /collect HTTP/1.1" 200 -
06:37:10 "POST /collect HTTP/1.1" 200 -
06:37:10 "POST /collect HTTP/1.1" 200 -
06:37:10 "POST /collect HTTP/1.1" 200 -
06:37:10 "POST /collect HTTP/1.1" 200 -
06:37:10 "POST /collect HTTP/1.1" 200 -
06:37:10 "POST /collect HTTP/1.1" 200 -
06:37:10 "POST /collect HTTP/1.1" 200 -
06:37:10 "POST /collect HTTP/1.1" 200 -
06:37:10 "POST /collect HTTP/1.1" 200 -
06:37:10 "POST /collect HTTP/1.1" 200 -
06:37:10 "POST /collect HTTP/1.1" 200 -
06:37:10 "POST /collect HTTP/1.1" 200 -
06:37:10 "POST /collect HTTP/1.1" 200 -
06:37:10 "POST /collect HTTP/1.1" 200 -
06:37:10 "POST /collect HTTP/1.1" 200 -
06:37:10 "POST /collect HTTP/1.1" 200 -
06:37:10 "POST /collect HTTP/1.1" 200 -
06:37:11 "POST /collect HTTP/1.1" 200 -
06:37:11 "POST /collect HTTP/1.1" 200 -
06:37:11 "POST /collect HTTP/1.1" 200 -
06:37:11 "POST /collect HTTP/1.1" 200 -
06:37:11 "POST /collect HTTP/1.1" 200 -
06:37:11 "POST /collect HTTP/1.1" 200 -
06:37:11 "GET /roster HTTP/1.1" 200 -
06:37:11 "POST /collect HTTP/1.1" 200 -
06:37:11 "POST /collect HTTP/1.1" 200 -
06:37:11 "POST /collect HTTP/1.1" 200 -
06:37:11 "GET /roster HTTP/1.1" 200 -
06:37:11 "POST /collect HTTP/1.1" 200 -
06:37:11 "POST /collect HTTP/1.1" 200 -
06:37:11 "POST /collect HTTP/1.1" 200 -
06:37:11 "POST /collect HTTP/1.1" 200 -
06:37:11 "POST /collect HTTP/1.1" 200 -
06:37:11 "POST /collect HTTP/1.1" 200 -
06:37:11 "POST /collect HTTP/1.1" 200 -
06:37:11 "POST /collect HTTP/1.1" 200 -
06:37:11 "POST /collect HTTP/1.1" 200 -
06:37:11 "POST /collect HTTP/1.1" 200 -
06:37:12 "POST /collect HTTP/1.1" 200 -
06:37:12 "POST /collect HTTP/1.1" 200 -
06:37:12 "POST /collect HTTP/1.1" 200 -
06:37:12 "POST /collect HTTP/1.1" 200 -
06:37:12 "POST /collect HTTP/1.1" 200 -
06:37:12 "POST /collect HTTP/1.1" 200 -
06:37:12 "POST /collect HTTP/1.1" 200 -
06:37:12 "POST /collect HTTP/1.1" 200 -
06:37:12 "POST /collect HTTP/1.1" 200 -
06:37:12 "POST /collect HTTP/1.1" 200 -
06:37:12 "POST /collect HTTP/1.1" 200 -
06:37:12 "POST /collect HTTP/1.1" 200 -
06:37:12 "POST /collect HTTP/1.1" 200 -
06:37:12 "POST /collect HTTP/1.1" 200 -
06:37:12 "POST /collect HTTP/1.1" 200 -
06:37:12 "POST /collect HTTP/1.1" 200 -
06:37:13 "POST /collect HTTP/1.1" 200 -
06:37:13 "POST /collect HTTP/1.1" 200 -
06:37:13 "POST /collect HTTP/1.1" 200 -
06:37:13 "POST /collect HTTP/1.1" 200 -
06:37:13 "POST /collect HTTP/1.1" 200 -
06:37:13 "POST /collect HTTP/1.1" 200 -
06:37:13 "POST /collect HTTP/1.1" 200 -
06:37:13 "POST /collect HTTP/1.1" 200 -
06:37:13 "POST /collect HTTP/1.1" 200 -
06:37:13 "POST /collect HTTP/1.1" 200 -
06:37:13 "POST /collect HTTP/1.1" 200 -
06:37:13 "POST /collect HTTP/1.1" 200 -
06:37:13 "POST /collect HTTP/1.1" 200 -
06:37:13 "POST /collect HTTP/1.1" 200 -
06:37:13 "POST /collect HTTP/1.1" 200 -
06:37:13 "POST /collect HTTP/1.1" 200 -
06:37:13 "POST /collect HTTP/1.1" 200 -
06:37:13 "POST /collect HTTP/1.1" 200 -
06:37:13 "POST /collect HTTP/1.1" 200 -
06:37:13 "POST /collect HTTP/1.1" 200 -
06:37:13 "GET /roster HTTP/1.1" 200 -
06:37:13 "GET /roster HTTP/1.1" 200 -
06:37:13 "POST /collect HTTP/1.1" 200 -
06:37:13 "POST /collect HTTP/1.1" 200 -
06:37:13 "POST /collect HTTP/1.1" 200 -
06:37:13 "POST /collect HTTP/1.1" 200 -
06:37:13 "POST /collect HTTP/1.1" 200 -
06:37:13 "POST /collect HTTP/1.1" 200 -
06:37:13 "POST /collect HTTP/1.1" 200 -
06:37:14 "POST /collect HTTP/1.1" 200 -
06:37:14 "POST /collect HTTP/1.1" 200 -
06:37:14 "POST /collect HTTP/1.1" 200 -
06:37:14 "POST /collect HTTP/1.1" 200 -
06:37:14 "POST /collect HTTP/1.1" 200 -
06:37:14 "POST /collect HTTP/1.1" 200 -
06:37:14 "POST /collect HTTP/1.1" 200 -
06:37:14 "POST /collect HTTP/1.1" 200 -
06:37:14 "POST /collect HTTP/1.1" 200 -
06:37:14 "POST /collect HTTP/1.1" 200 -
06:37:14 "POST /collect HTTP/1.1" 200 -
06:37:14 "POST /collect HTTP/1.1" 200 -
06:37:14 "POST /collect HTTP/1.1" 200 -
06:37:14 "POST /collect HTTP/1.1" 200 -
06:37:14 "POST /collect HTTP/1.1" 200 -
06:37:14 "POST /collect HTTP/1.1" 200 -
06:37:14 "POST /collect HTTP/1.1" 200 -
06:37:14 "POST /collect HTTP/1.1" 200 -
06:37:15 "POST /collect HTTP/1.1" 200 -
06:37:15 "POST /collect HTTP/1.1" 200 -
06:37:15 "POST /collect HTTP/1.1" 200 -
06:37:15 "POST /collect HTTP/1.1" 200 -
06:37:15 "POST /collect HTTP/1.1" 200 -
06:37:15 "POST /collect HTTP/1.1" 200 -
06:37:15 "POST /collect HTTP/1.1" 200 -
06:37:15 "POST /collect HTTP/1.1" 200 -
06:37:15 "POST /collect HTTP/1.1" 200 -
06:37:15 "POST /collect HTTP/1.1" 200 -
06:37:15 "POST /collect HTTP/1.1" 200 -
06:37:15 "POST /collect HTTP/1.1" 200 -
06:37:15 "POST /collect HTTP/1.1" 200 -
06:37:15 "POST /collect HTTP/1.1" 200 -
06:37:15 "GET /roster HTTP/1.1" 200 -
06:37:15 "GET /roster HTTP/1.1" 200 -
06:37:15 "POST /collect HTTP/1.1" 200 -
06:37:15 "POST /collect HTTP/1.1" 200 -
06:37:15 "POST /collect HTTP/1.1" 200 -
06:37:15 "POST /collect HTTP/1.1" 200 -
06:37:16 "POST /collect HTTP/1.1" 200 -
06:37:16 "POST /collect HTTP/1.1" 200 -
06:37:16 "POST /collect HTTP/1.1" 200 -
06:37:16 "POST /collect HTTP/1.1" 200 -
06:37:16 "POST /collect HTTP/1.1" 200 -
06:37:16 "POST /collect HTTP/1.1" 200 -
06:37:16 "POST /collect HTTP/1.1" 200 -
06:37:16 "POST /collect HTTP/1.1" 200 -
06:37:16 "POST /collect HTTP/1.1" 200 -
06:37:16 "POST /collect HTTP/1.1" 200 -
06:37:16 "POST /collect HTTP/1.1" 200 -
06:37:16 "POST /collect HTTP/1.1" 200 -
06:37:16 "POST /collect HTTP/1.1" 200 -
06:37:16 "POST /collect HTTP/1.1" 200 -
06:37:16 "POST /collect HTTP/1.1" 200 -
06:37:16 "POST /collect HTTP/1.1" 200 -
06:37:16 "POST /collect HTTP/1.1" 200 -
06:37:16 "POST /collect HTTP/1.1" 200 -
06:37:16 "POST /collect HTTP/1.1" 200 -
06:37:16 "POST /collect HTTP/1.1" 200 -
06:37:16 "POST /collect HTTP/1.1" 200 -
06:37:16 "POST /collect HTTP/1.1" 200 -
06:37:16 "POST /collect HTTP/1.1" 200 -
06:37:16 "POST /collect HTTP/1.1" 200 -
06:37:16 "POST /collect HTTP/1.1" 200 -
06:37:17 "POST /collect HTTP/1.1" 200 -
06:37:17 "POST /collect HTTP/1.1" 200 -
06:37:17 "POST /collect HTTP/1.1" 200 -
06:37:17 "POST /collect HTTP/1.1" 200 -
06:37:17 "POST /collect HTTP/1.1" 200 -
06:37:17 "POST /collect HTTP/1.1" 200 -
06:37:17 "GET /roster HTTP/1.1" 200 -
06:37:17 "POST /collect HTTP/1.1" 200 -
06:37:17 "POST /collect HTTP/1.1" 200 -
06:37:17 "POST /collect HTTP/1.1" 200 -
06:37:17 "GET /roster HTTP/1.1" 200 -
06:37:17 "POST /collect HTTP/1.1" 200 -
06:37:17 "POST /collect HTTP/1.1" 200 -
06:37:17 "POST /collect HTTP/1.1" 200 -
06:37:17 "POST /collect HTTP/1.1" 200 -
06:37:17 "POST /collect HTTP/1.1" 200 -
06:37:17 "POST /collect HTTP/1.1" 200 -
06:37:17 "POST /collect HTTP/1.1" 200 -
06:37:17 "POST /collect HTTP/1.1" 200 -
06:37:17 "POST /collect HTTP/1.1" 200 -
06:37:17 "POST /collect HTTP/1.1" 200 -
06:37:18 "POST /collect HTTP/1.1" 200 -
06:37:18 "POST /collect HTTP/1.1" 200 -
06:37:18 "POST /collect HTTP/1.1" 200 -
06:37:18 "POST /collect HTTP/1.1" 200 -
06:37:18 "POST /collect HTTP/1.1" 200 -
06:37:18 "POST /collect HTTP/1.1" 200 -
06:37:18 "POST /collect HTTP/1.1" 200 -
06:37:18 "POST /collect HTTP/1.1" 200 -
06:37:18 "POST /collect HTTP/1.1" 200 -
06:37:18 "POST /collect HTTP/1.1" 200 -
06:37:18 "POST /collect HTTP/1.1" 200 -
06:37:18 "POST /collect HTTP/1.1" 200 -
06:37:18 "POST /collect HTTP/1.1" 200 -
06:37:18 "POST /collect HTTP/1.1" 200 -
06:37:18 "POST /collect HTTP/1.1" 200 -
06:37:18 "POST /collect HTTP/1.1" 200 -
06:37:19 "POST /collect HTTP/1.1" 200 -
06:37:19 "POST /collect HTTP/1.1" 200 -
06:37:19 "POST /collect HTTP/1.1" 200 -
06:37:19 "POST /collect HTTP/1.1" 200 -
06:37:19 "POST /collect HTTP/1.1" 200 -
06:37:19 "POST /collect HTTP/1.1" 200 -
06:37:19 "POST /collect HTTP/1.1" 200 -
06:37:19 "POST /collect HTTP/1.1" 200 -
06:37:19 "POST /collect HTTP/1.1" 200 -
06:37:19 "POST /collect HTTP/1.1" 200 -
06:37:19 "POST /collect HTTP/1.1" 200 -
06:37:19 "POST /collect HTTP/1.1" 200 -
06:37:19 "POST /collect HTTP/1.1" 200 -
06:37:19 "POST /collect HTTP/1.1" 200 -
06:37:19 "POST /collect HTTP/1.1" 200 -
06:37:19 "POST /collect HTTP/1.1" 200 -
06:37:19 "POST /collect HTTP/1.1" 200 -
06:37:19 "POST /collect HTTP/1.1" 200 -
06:37:19 "POST /collect HTTP/1.1" 200 -
06:37:19 "POST /collect HTTP/1.1" 200 -
06:37:19 "GET /roster HTTP/1.1" 200 -
06:37:19 "GET /roster HTTP/1.1" 200 -
06:37:19 "POST /collect HTTP/1.1" 200 -
06:37:19 "POST /collect HTTP/1.1" 200 -
06:37:19 "POST /collect HTTP/1.1" 200 -
06:37:19 "POST /collect HTTP/1.1" 200 -
06:37:19 "POST /collect HTTP/1.1" 200 -
06:37:19 "POST /collect HTTP/1.1" 200 -
06:37:19 "POST /collect HTTP/1.1" 200 -
06:37:20 "POST /collect HTTP/1.1" 200 -
06:37:20 "POST /collect HTTP/1.1" 200 -
06:37:20 "POST /collect HTTP/1.1" 200 -
06:37:20 "POST /collect HTTP/1.1" 200 -
06:37:20 "POST /collect HTTP/1.1" 200 -
06:37:20 "POST /collect HTTP/1.1" 200 -
06:37:20 "POST /collect HTTP/1.1" 200 -
06:37:20 "POST /collect HTTP/1.1" 200 -
06:37:20 "POST /collect HTTP/1.1" 200 -
06:37:20 "POST /collect HTTP/1.1" 200 -
06:37:20 "POST /collect HTTP/1.1" 200 -
06:37:20 "POST /collect HTTP/1.1" 200 -
06:37:20 "POST /collect HTTP/1.1" 200 -
06:37:20 "POST /collect HTTP/1.1" 200 -
06:37:20 "POST /collect HTTP/1.1" 200 -
06:37:20 "POST /collect HTTP/1.1" 200 -
06:37:20 "POST /collect HTTP/1.1" 200 -
06:37:21 "POST /collect HTTP/1.1" 200 -
06:37:21 "POST /collect HTTP/1.1" 200 -
06:37:21 "POST /collect HTTP/1.1" 200 -
06:37:21 "POST /collect HTTP/1.1" 200 -
06:37:21 "POST /collect HTTP/1.1" 200 -
06:37:21 "POST /collect HTTP/1.1" 200 -
06:37:21 "POST /collect HTTP/1.1" 200 -
06:37:21 "POST /collect HTTP/1.1" 200 -
06:37:21 "POST /collect HTTP/1.1" 200 -
06:37:21 "POST /collect HTTP/1.1" 200 -
06:37:21 "POST /collect HTTP/1.1" 200 -
06:37:21 "POST /collect HTTP/1.1" 200 -
06:37:21 "POST /collect HTTP/1.1" 200 -
06:37:21 "POST /collect HTTP/1.1" 200 -
06:37:21 "GET /roster HTTP/1.1" 200 -
06:37:21 "POST /collect HTTP/1.1" 200 -
06:37:21 "GET /roster HTTP/1.1" 200 -
06:37:21 "POST /collect HTTP/1.1" 200 -
06:37:21 "POST /collect HTTP/1.1" 200 -
06:37:21 "POST /collect HTTP/1.1" 200 -
06:37:22 "POST /collect HTTP/1.1" 200 -
06:37:22 "POST /collect HTTP/1.1" 200 -
06:37:22 "POST /collect HTTP/1.1" 200 -
06:37:22 "POST /collect HTTP/1.1" 200 -
06:37:22 "POST /collect HTTP/1.1" 200 -
06:37:22 "POST /collect HTTP/1.1" 200 -
06:37:22 "POST /collect HTTP/1.1" 200 -
06:37:22 "POST /collect HTTP/1.1" 200 -
06:37:22 "POST /collect HTTP/1.1" 200 -
06:37:22 "POST /collect HTTP/1.1" 200 -
06:37:22 "POST /collect HTTP/1.1" 200 -
06:37:22 "POST /collect HTTP/1.1" 200 -
06:37:22 "POST /collect HTTP/1.1" 200 -
06:37:22 "POST /collect HTTP/1.1" 200 -
06:37:22 "POST /collect HTTP/1.1" 200 -
06:37:22 "POST /collect HTTP/1.1" 200 -
06:37:22 "POST /collect HTTP/1.1" 200 -
06:37:22 "POST /collect HTTP/1.1" 200 -
06:37:22 "POST /collect HTTP/1.1" 200 -
06:37:22 "POST /collect HTTP/1.1" 200 -
06:37:22 "POST /collect HTTP/1.1" 200 -
06:37:22 "POST /collect HTTP/1.1" 200 -
06:37:22 "POST /collect HTTP/1.1" 200 -
06:37:22 "POST /collect HTTP/1.1" 200 -
06:37:22 "POST /collect HTTP/1.1" 200 -
06:37:23 "POST /collect HTTP/1.1" 200 -
06:37:23 "POST /collect HTTP/1.1" 200 -
06:37:23 "POST /collect HTTP/1.1" 200 -
06:37:23 "POST /collect HTTP/1.1" 200 -
06:37:23 "POST /collect HTTP/1.1" 200 -
06:37:23 "POST /collect HTTP/1.1" 200 -
06:37:23 "POST /collect HTTP/1.1" 200 -
06:37:23 "POST /collect HTTP/1.1" 200 -
06:37:23 "POST /collect HTTP/1.1" 200 -
06:37:23 "GET /roster HTTP/1.1" 200 -
06:37:23 "GET /roster HTTP/1.1" 200 -
06:37:23 "POST /collect HTTP/1.1" 200 -
06:37:23 "POST /collect HTTP/1.1" 200 -
06:37:23 "POST /collect HTTP/1.1" 200 -
06:37:23 "POST /collect HTTP/1.1" 200 -
06:37:23 "POST /collect HTTP/1.1" 200 -
06:37:23 "POST /collect HTTP/1.1" 200 -
06:37:23 "POST /collect HTTP/1.1" 200 -
06:37:23 "POST /collect HTTP/1.1" 200 -
06:37:23 "POST /collect HTTP/1.1" 200 -
06:37:23 "POST /collect HTTP/1.1" 200 -
06:37:24 "POST /collect HTTP/1.1" 200 -
06:37:24 "POST /collect HTTP/1.1" 200 -
06:37:24 "POST /collect HTTP/1.1" 200 -
06:37:24 "POST /collect HTTP/1.1" 200 -
06:37:24 "POST /collect HTTP/1.1" 200 -
06:37:24 "POST /collect HTTP/1.1" 200 -
06:37:24 "POST /collect HTTP/1.1" 200 -
06:37:24 "POST /collect HTTP/1.1" 200 -
06:37:24 "POST /collect HTTP/1.1" 200 -
06:37:24 "POST /collect HTTP/1.1" 200 -
06:37:24 "POST /collect HTTP/1.1" 200 -
06:37:24 "POST /collect HTTP/1.1" 200 -
06:37:24 "POST /collect HTTP/1.1" 200 -
06:37:24 "POST /collect HTTP/1.1" 200 -
06:37:24 "POST /collect HTTP/1.1" 200 -
06:37:24 "POST /collect HTTP/1.1" 200 -
06:37:25 "POST /collect HTTP/1.1" 200 -
06:37:25 "POST /collect HTTP/1.1" 200 -
06:37:25 "POST /collect HTTP/1.1" 200 -
06:37:25 "POST /collect HTTP/1.1" 200 -
06:37:25 "POST /collect HTTP/1.1" 200 -
06:37:25 "POST /collect HTTP/1.1" 200 -
06:37:25 "POST /collect HTTP/1.1" 200 -
06:37:25 "POST /collect HTTP/1.1" 200 -
06:37:25 "POST /collect HTTP/1.1" 200 -
06:37:25 "POST /collect HTTP/1.1" 200 -
06:37:25 "POST /collect HTTP/1.1" 200 -
06:37:25 "POST /collect HTTP/1.1" 200 -
06:37:25 "POST /collect HTTP/1.1" 200 -
06:37:25 "POST /collect HTTP/1.1" 200 -
06:37:25 "POST /collect HTTP/1.1" 200 -
06:37:25 "POST /collect HTTP/1.1" 200 -
06:37:25 "POST /collect HTTP/1.1" 200 -
06:37:25 "POST /collect HTTP/1.1" 200 -
06:37:25 "POST /collect HTTP/1.1" 200 -
06:37:25 "POST /collect HTTP/1.1" 200 -
06:37:25 "GET /roster HTTP/1.1" 200 -
06:37:25 "GET /roster HTTP/1.1" 200 -
06:37:25 "POST /collect HTTP/1.1" 200 -
06:37:25 "POST /collect HTTP/1.1" 200 -
06:37:25 "POST /collect HTTP/1.1" 200 -
06:37:25 "POST /collect HTTP/1.1" 200 -
06:37:25 "POST /collect HTTP/1.1" 200 -
06:37:25 "POST /collect HTTP/1.1" 200 -
06:37:25 "POST /collect HTTP/1.1" 200 -
06:37:26 "POST /collect HTTP/1.1" 200 -
06:37:26 "POST /collect HTTP/1.1" 200 -
06:37:26 "POST /collect HTTP/1.1" 200 -
06:37:26 "POST /collect HTTP/1.1" 200 -
06:37:26 "POST /collect HTTP/1.1" 200 -
06:37:26 "POST /collect HTTP/1.1" 200 -
06:37:26 "POST /collect HTTP/1.1" 200 -
06:37:26 "POST /collect HTTP/1.1" 200 -
06:37:26 "POST /collect HTTP/1.1" 200 -
06:37:26 "POST /collect HTTP/1.1" 200 -
06:37:26 "POST /collect HTTP/1.1" 200 -
06:37:26 "POST /collect HTTP/1.1" 200 -
06:37:26 "POST /collect HTTP/1.1" 200 -
06:37:26 "POST /collect HTTP/1.1" 200 -
06:37:26 "POST /collect HTTP/1.1" 200 -
06:37:26 "POST /collect HTTP/1.1" 200 -
06:37:26 "POST /collect HTTP/1.1" 200 -
06:37:27 "POST /collect HTTP/1.1" 200 -
06:37:27 "POST /collect HTTP/1.1" 200 -
06:37:27 "POST /collect HTTP/1.1" 200 -
06:37:27 "POST /collect HTTP/1.1" 200 -
06:37:27 "POST /collect HTTP/1.1" 200 -
06:37:27 "POST /collect HTTP/1.1" 200 -
06:37:27 "POST /collect HTTP/1.1" 200 -
06:37:27 "POST /collect HTTP/1.1" 200 -
06:37:27 "POST /collect HTTP/1.1" 200 -
06:37:27 "POST /collect HTTP/1.1" 200 -
06:37:27 "POST /collect HTTP/1.1" 200 -
06:37:27 "POST /collect HTTP/1.1" 200 -
06:37:27 "POST /collect HTTP/1.1" 200 -
06:37:27 "POST /collect HTTP/1.1" 200 -
06:37:27 "GET /roster HTTP/1.1" 200 -
06:37:27 "GET /roster HTTP/1.1" 200 -
06:37:27 "POST /collect HTTP/1.1" 200 -
06:37:27 "POST /collect HTTP/1.1" 200 -
06:37:27 "POST /collect HTTP/1.1" 200 -
06:37:27 "POST /collect HTTP/1.1" 200 -
06:37:28 "POST /collect HTTP/1.1" 200 -
06:37:28 "POST /collect HTTP/1.1" 200 -
06:37:28 "POST /collect HTTP/1.1" 200 -
06:37:28 "POST /collect HTTP/1.1" 200 -
06:37:28 "POST /collect HTTP/1.1" 200 -
06:37:28 "POST /collect HTTP/1.1" 200 -
06:37:28 "POST /collect HTTP/1.1" 200 -
06:37:28 "POST /collect HTTP/1.1" 200 -
06:37:28 "POST /collect HTTP/1.1" 200 -
06:37:28 "POST /collect HTTP/1.1" 200 -
06:37:28 "POST /collect HTTP/1.1" 200 -
06:37:28 "POST /collect HTTP/1.1" 200 -
06:37:28 "POST /collect HTTP/1.1" 200 -
06:37:28 "POST /collect HTTP/1.1" 200 -
06:37:28 "POST /collect HTTP/1.1" 200 -
06:37:28 "POST /collect HTTP/1.1" 200 -
06:37:28 "POST /collect HTTP/1.1" 200 -
06:37:28 "POST /collect HTTP/1.1" 200 -
06:37:28 "POST /collect HTTP/1.1" 200 -
06:37:28 "POST /collect HTTP/1.1" 200 -
06:37:28 "POST /collect HTTP/1.1" 200 -
06:37:28 "POST /collect HTTP/1.1" 200 -
06:37:28 "POST /collect HTTP/1.1" 200 -
06:37:28 "POST /collect HTTP/1.1" 200 -
06:37:28 "POST /collect HTTP/1.1" 200 -
06:37:29 "POST /collect HTTP/1.1" 200 -
06:37:29 "POST /collect HTTP/1.1" 200 -
06:37:29 "POST /collect HTTP/1.1" 200 -
06:37:29 "POST /collect HTTP/1.1" 200 -
06:37:29 "POST /collect HTTP/1.1" 200 -
06:37:29 "POST /collect HTTP/1.1" 200 -
06:37:29 "POST /collect HTTP/1.1" 200 -
06:37:29 "POST /collect HTTP/1.1" 200 -
06:37:29 "POST /collect HTTP/1.1" 200 -
06:37:29 "GET /roster HTTP/1.1" 200 -
06:37:29 "GET /roster HTTP/1.1" 200 -
06:37:29 "POST /collect HTTP/1.1" 200 -
06:37:29 "POST /collect HTTP/1.1" 200 -
06:37:29 "POST /collect HTTP/1.1" 200 -
06:37:29 "POST /collect HTTP/1.1" 200 -
06:37:29 "POST /collect HTTP/1.1" 200 -
06:37:29 "POST /collect HTTP/1.1" 200 -
06:37:29 "POST /collect HTTP/1.1" 200 -
06:37:29 "POST /collect HTTP/1.1" 200 -
06:37:29 "POST /collect HTTP/1.1" 200 -
06:37:29 "POST /collect HTTP/1.1" 200 -
06:37:30 "POST /collect HTTP/1.1" 200 -
06:37:30 "POST /collect HTTP/1.1" 200 -
06:37:30 "POST /collect HTTP/1.1" 200 -
06:37:30 "POST /collect HTTP/1.1" 200 -
06:37:30 "POST /collect HTTP/1.1" 200 -
06:37:30 "POST /collect HTTP/1.1" 200 -
06:37:30 "POST /collect HTTP/1.1" 200 -
06:37:30 "POST /collect HTTP/1.1" 200 -
06:37:30 "POST /collect HTTP/1.1" 200 -
06:37:30 "POST /collect HTTP/1.1" 200 -
06:37:30 "POST /collect HTTP/1.1" 200 -
06:37:30 "POST /collect HTTP/1.1" 200 -
06:37:30 "POST /collect HTTP/1.1" 200 -
06:37:30 "POST /collect HTTP/1.1" 200 -
06:37:30 "POST /collect HTTP/1.1" 200 -
06:37:30 "POST /collect HTTP/1.1" 200 -
06:37:30 "POST /collect HTTP/1.1" 200 -
06:37:31 "POST /collect HTTP/1.1" 200 -
06:37:31 "POST /collect HTTP/1.1" 200 -
06:37:31 "POST /collect HTTP/1.1" 200 -
06:37:31 "POST /collect HTTP/1.1" 200 -
06:37:31 "POST /collect HTTP/1.1" 200 -
06:37:31 "POST /collect HTTP/1.1" 200 -
06:37:31 "POST /collect HTTP/1.1" 200 -
06:37:31 "POST /collect HTTP/1.1" 200 -
06:37:31 "POST /collect HTTP/1.1" 200 -
06:37:31 "POST /collect HTTP/1.1" 200 -
06:37:31 "POST /collect HTTP/1.1" 200 -
06:37:31 "POST /collect HTTP/1.1" 200 -
06:37:31 "POST /collect HTTP/1.1" 200 -
06:37:31 "POST /collect HTTP/1.1" 200 -
06:37:31 "POST /collect HTTP/1.1" 200 -
06:37:31 "POST /collect HTTP/1.1" 200 -
06:37:31 "POST /collect HTTP/1.1" 200 -
06:37:31 "POST /collect HTTP/1.1" 200 -
06:37:31 "POST /collect HTTP/1.1" 200 -
06:37:31 "POST /collect HTTP/1.1" 200 -
06:37:31 "GET /roster HTTP/1.1" 200 -
06:37:31 "GET /roster HTTP/1.1" 200 -
06:37:31 "POST /collect HTTP/1.1" 200 -
06:37:31 "POST /collect HTTP/1.1" 200 -
06:37:31 "POST /collect HTTP/1.1" 200 -
06:37:31 "POST /collect HTTP/1.1" 200 -
06:37:31 "POST /collect HTTP/1.1" 200 -
06:37:31 "POST /collect HTTP/1.1" 200 -
06:37:31 "POST /collect HTTP/1.1" 200 -
06:37:32 "POST /collect HTTP/1.1" 200 -
06:37:32 "POST /collect HTTP/1.1" 200 -
06:37:32 "POST /collect HTTP/1.1" 200 -
06:37:32 "POST /collect HTTP/1.1" 200 -
06:37:32 "POST /collect HTTP/1.1" 200 -
06:37:32 "POST /collect HTTP/1.1" 200 -
06:37:32 "POST /collect HTTP/1.1" 200 -
06:37:32 "POST /collect HTTP/1.1" 200 -
06:37:32 "POST /collect HTTP/1.1" 200 -
06:37:32 "POST /collect HTTP/1.1" 200 -
06:37:32 "POST /collect HTTP/1.1" 200 -
06:37:32 "POST /collect HTTP/1.1" 200 -
06:37:32 "POST /collect HTTP/1.1" 200 -
06:37:32 "POST /collect HTTP/1.1" 200 -
06:37:32 "POST /collect HTTP/1.1" 200 -
06:37:32 "POST /collect HTTP/1.1" 200 -
06:37:32 "POST /collect HTTP/1.1" 200 -
06:37:33 "POST /collect HTTP/1.1" 200 -
06:37:33 "POST /collect HTTP/1.1" 200 -
06:37:33 "POST /collect HTTP/1.1" 200 -
06:37:33 "POST /collect HTTP/1.1" 200 -
06:37:33 "POST /collect HTTP/1.1" 200 -
06:37:33 "POST /collect HTTP/1.1" 200 -
06:37:33 "POST /collect HTTP/1.1" 200 -
06:37:33 "POST /collect HTTP/1.1" 200 -
06:37:33 "POST /collect HTTP/1.1" 200 -
06:37:33 "POST /collect HTTP/1.1" 200 -
06:37:33 "POST /collect HTTP/1.1" 200 -
06:37:33 "POST /collect HTTP/1.1" 200 -
06:37:33 "POST /collect HTTP/1.1" 200 -
06:37:33 "POST /collect HTTP/1.1" 200 -
06:37:33 "GET /roster HTTP/1.1" 200 -
06:37:33 "GET /roster HTTP/1.1" 200 -
06:37:33 "POST /collect HTTP/1.1" 200 -
06:37:33 "POST /collect HTTP/1.1" 200 -
06:37:33 "POST /collect HTTP/1.1" 200 -
06:37:33 "POST /collect HTTP/1.1" 200 -
06:37:34 "POST /collect HTTP/1.1" 200 -
06:37:34 "POST /collect HTTP/1.1" 200 -
06:37:34 "POST /collect HTTP/1.1" 200 -
06:37:34 "POST /collect HTTP/1.1" 200 -
06:37:34 "POST /collect HTTP/1.1" 200 -
06:37:34 "POST /collect HTTP/1.1" 200 -
06:37:34 "POST /collect HTTP/1.1" 200 -
06:37:34 "POST /collect HTTP/1.1" 200 -
06:37:34 "POST /collect HTTP/1.1" 200 -
06:37:34 "POST /collect HTTP/1.1" 200 -
06:37:34 "POST /collect HTTP/1.1" 200 -
06:37:34 "POST /collect HTTP/1.1" 200 -
06:37:34 "POST /collect HTTP/1.1" 200 -
06:37:34 "POST /collect HTTP/1.1" 200 -
06:37:34 "POST /collect HTTP/1.1" 200 -
06:37:34 "POST /collect HTTP/1.1" 200 -
06:37:34 "POST /collect HTTP/1.1" 200 -
06:37:34 "POST /collect HTTP/1.1" 200 -
06:37:34 "POST /collect HTTP/1.1" 200 -
06:37:34 "POST /collect HTTP/1.1" 200 -
06:37:34 "POST /collect HTTP/1.1" 200 -
06:37:34 "POST /collect HTTP/1.1" 200 -
06:37:34 "POST /collect HTTP/1.1" 200 -
06:37:34 "POST /collect HTTP/1.1" 200 -
06:37:34 "POST /collect HTTP/1.1" 200 -
06:37:35 "POST /collect HTTP/1.1" 200 -
06:37:35 "POST /collect HTTP/1.1" 200 -
06:37:35 "POST /collect HTTP/1.1" 200 -
06:37:35 "POST /collect HTTP/1.1" 200 -
06:37:35 "POST /collect HTTP/1.1" 200 -
06:37:35 "POST /collect HTTP/1.1" 200 -
06:37:35 "POST /collect HTTP/1.1" 200 -
06:37:35 "POST /collect HTTP/1.1" 200 -
06:37:35 "POST /collect HTTP/1.1" 200 -
06:37:35 "GET /roster HTTP/1.1" 200 -
06:37:35 "GET /roster HTTP/1.1" 200 -
06:37:35 "POST /collect HTTP/1.1" 200 -
06:37:35 "POST /collect HTTP/1.1" 200 -
06:37:35 "POST /collect HTTP/1.1" 200 -
06:37:35 "POST /collect HTTP/1.1" 200 -
06:37:35 "POST /collect HTTP/1.1" 200 -
06:37:35 "POST /collect HTTP/1.1" 200 -
06:37:35 "POST /collect HTTP/1.1" 200 -
06:37:35 "POST /collect HTTP/1.1" 200 -
06:37:35 "POST /collect HTTP/1.1" 200 -
06:37:35 "POST /collect HTTP/1.1" 200 -
06:37:36 "POST /collect HTTP/1.1" 200 -
06:37:36 "POST /collect HTTP/1.1" 200 -
06:37:36 "POST /collect HTTP/1.1" 200 -
06:37:36 "POST /collect HTTP/1.1" 200 -
06:37:36 "POST /collect HTTP/1.1" 200 -
06:37:36 "POST /collect HTTP/1.1" 200 -
06:37:36 "POST /collect HTTP/1.1" 200 -
06:37:36 "POST /collect HTTP/1.1" 200 -
06:37:36 "POST /collect HTTP/1.1" 200 -
06:37:36 "POST /collect HTTP/1.1" 200 -
06:37:36 "POST /collect HTTP/1.1" 200 -
06:37:36 "POST /collect HTTP/1.1" 200 -
06:37:36 "POST /collect HTTP/1.1" 200 -
06:37:36 "POST /collect HTTP/1.1" 200 -
06:37:36 "POST /collect HTTP/1.1" 200 -
06:37:36 "POST /collect HTTP/1.1" 200 -
06:37:37 "POST /collect HTTP/1.1" 200 -
06:37:37 "POST /collect HTTP/1.1" 200 -
06:37:37 "POST /collect HTTP/1.1" 200 -
06:37:37 "POST /collect HTTP/1.1" 200 -
06:37:37 "POST /collect HTTP/1.1" 200 -
06:37:37 "POST /collect HTTP/1.1" 200 -
06:37:37 "POST /collect HTTP/1.1" 200 -
06:37:37 "POST /collect HTTP/1.1" 200 -
06:37:37 "POST /collect HTTP/1.1" 200 -
06:37:37 "POST /collect HTTP/1.1" 200 -
06:37:37 "POST /collect HTTP/1.1" 200 -
06:37:37 "POST /collect HTTP/1.1" 200 -
06:37:37 "POST /collect HTTP/1.1" 200 -
06:37:37 "POST /collect HTTP/1.1" 200 -
06:37:37 "POST /collect HTTP/1.1" 200 -
06:37:37 "POST /collect HTTP/1.1" 200 -
06:37:37 "POST /collect HTTP/1.1" 200 -
06:37:37 "POST /collect HTTP/1.1" 200 -
06:37:37 "POST /collect HTTP/1.1" 200 -
06:37:37 "POST /collect HTTP/1.1" 200 -
06:37:37 "GET /roster HTTP/1.1" 200 -
06:37:37 "GET /roster HTTP/1.1" 200 -
06:37:37 "POST /collect HTTP/1.1" 200 -
06:37:37 "POST /collect HTTP/1.1" 200 -
06:37:37 "POST /collect HTTP/1.1" 200 -
06:37:37 "POST /collect HTTP/1.1" 200 -
06:37:37 "POST /collect HTTP/1.1" 200 -
06:37:37 "POST /collect HTTP/1.1" 200 -
06:37:37 "POST /collect HTTP/1.1" 200 -
06:37:38 "POST /collect HTTP/1.1" 200 -
06:37:38 "POST /collect HTTP/1.1" 200 -
06:37:38 "POST /collect HTTP/1.1" 200 -
06:37:38 "POST /collect HTTP/1.1" 200 -
06:37:38 "POST /collect HTTP/1.1" 200 -
06:37:38 "POST /collect HTTP/1.1" 200 -
06:37:38 "POST /collect HTTP/1.1" 200 -
06:37:38 "POST /collect HTTP/1.1" 200 -
06:37:38 "POST /collect HTTP/1.1" 200 -
06:37:38 "POST /collect HTTP/1.1" 200 -
06:37:38 "POST /collect HTTP/1.1" 200 -
06:37:38 "POST /collect HTTP/1.1" 200 -
06:37:38 "POST /collect HTTP/1.1" 200 -
06:37:38 "POST /collect HTTP/1.1" 200 -
06:37:38 "POST /collect HTTP/1.1" 200 -
06:37:38 "POST /collect HTTP/1.1" 200 -
06:37:38 "POST /collect HTTP/1.1" 200 -
06:37:39 "POST /collect HTTP/1.1" 200 -
06:37:39 "POST /collect HTTP/1.1" 200 -
06:37:39 "POST /collect HTTP/1.1" 200 -
06:37:39 "POST /collect HTTP/1.1" 200 -
06:37:39 "POST /collect HTTP/1.1" 200 -
06:37:39 "POST /collect HTTP/1.1" 200 -
06:37:39 "POST /collect HTTP/1.1" 200 -
06:37:39 "POST /collect HTTP/1.1" 200 -
06:37:39 "POST /collect HTTP/1.1" 200 -
06:37:39 "POST /collect HTTP/1.1" 200 -
06:37:39 "POST /collect HTTP/1.1" 200 -
06:37:39 "POST /collect HTTP/1.1" 200 -
06:37:39 "POST /collect HTTP/1.1" 200 -
06:37:39 "POST /collect HTTP/1.1" 200 -
06:37:39 "GET /roster HTTP/1.1" 200 -
06:37:39 "GET /roster HTTP/1.1" 200 -
06:37:39 "POST /collect HTTP/1.1" 200 -
06:37:39 "POST /collect HTTP/1.1" 200 -
06:37:39 "POST /collect HTTP/1.1" 200 -
06:37:39 "POST /collect HTTP/1.1" 200 -
06:37:40 "POST /collect HTTP/1.1" 200 -
06:37:40 "POST /collect HTTP/1.1" 200 -
06:37:40 "POST /collect HTTP/1.1" 200 -
06:37:40 "POST /collect HTTP/1.1" 200 -
06:37:40 "POST /collect HTTP/1.1" 200 -
06:37:40 "POST /collect HTTP/1.1" 200 -
06:37:40 "POST /collect HTTP/1.1" 200 -
06:37:40 "POST /collect HTTP/1.1" 200 -
06:37:40 "POST /collect HTTP/1.1" 200 -
06:37:40 "POST /collect HTTP/1.1" 200 -
06:37:40 "POST /collect HTTP/1.1" 200 -
06:37:40 "POST /collect HTTP/1.1" 200 -
06:37:40 "POST /collect HTTP/1.1" 200 -
06:37:40 "POST /collect HTTP/1.1" 200 -
06:37:40 "POST /collect HTTP/1.1" 200 -
06:37:40 "POST /collect HTTP/1.1" 200 -
06:37:40 "POST /collect HTTP/1.1" 200 -
06:37:40 "POST /collect HTTP/1.1" 200 -
06:37:40 "POST /collect HTTP/1.1" 200 -
06:37:40 "POST /collect HTTP/1.1" 200 -
06:37:40 "POST /collect HTTP/1.1" 200 -
06:37:40 "POST /collect HTTP/1.1" 200 -
06:37:40 "POST /collect HTTP/1.1" 200 -
06:37:40 "POST /collect HTTP/1.1" 200 -
06:37:40 "POST /collect HTTP/1.1" 200 -
06:37:41 "POST /collect HTTP/1.1" 200 -
06:37:41 "POST /collect HTTP/1.1" 200 -
06:37:41 "POST /collect HTTP/1.1" 200 -
06:37:41 "POST /collect HTTP/1.1" 200 -
06:37:41 "POST /collect HTTP/1.1" 200 -
06:37:41 "POST /collect HTTP/1.1" 200 -
06:37:41 "POST /collect HTTP/1.1" 200 -
06:37:41 "POST /collect HTTP/1.1" 200 -
06:37:41 "GET /roster HTTP/1.1" 200 -
06:37:41 "POST /collect HTTP/1.1" 200 -
06:37:41 "GET /roster HTTP/1.1" 200 -
06:37:41 "POST /collect HTTP/1.1" 200 -
06:37:41 "POST /collect HTTP/1.1" 200 -
06:37:41 "POST /collect HTTP/1.1" 200 -
06:37:41 "POST /collect HTTP/1.1" 200 -
06:37:41 "POST /collect HTTP/1.1" 200 -
06:37:41 "POST /collect HTTP/1.1" 200 -
06:37:41 "POST /collect HTTP/1.1" 200 -
06:37:41 "POST /collect HTTP/1.1" 200 -
06:37:41 "POST /collect HTTP/1.1" 200 -
06:37:41 "POST /collect HTTP/1.1" 200 -
06:37:42 "POST /collect HTTP/1.1" 200 -
06:37:42 "POST /collect HTTP/1.1" 200 -
06:37:42 "POST /collect HTTP/1.1" 200 -
06:37:42 "POST /collect HTTP/1.1" 200 -
06:37:42 "POST /collect HTTP/1.1" 200 -
06:37:42 "POST /collect HTTP/1.1" 200 -
06:37:42 "POST /collect HTTP/1.1" 200 -
06:37:42 "POST /collect HTTP/1.1" 200 -
06:37:42 "POST /collect HTTP/1.1" 200 -
06:37:42 "POST /collect HTTP/1.1" 200 -
06:37:42 "POST /collect HTTP/1.1" 200 -
06:37:42 "POST /collect HTTP/1.1" 200 -
06:37:42 "POST /collect HTTP/1.1" 200 -
06:37:42 "POST /collect HTTP/1.1" 200 -
06:37:42 "POST /collect HTTP/1.1" 200 -
06:37:42 "POST /collect HTTP/1.1" 200 -
06:37:43 "POST /collect HTTP/1.1" 200 -
06:37:43 "POST /collect HTTP/1.1" 200 -
06:37:43 "POST /collect HTTP/1.1" 200 -
06:37:43 "POST /collect HTTP/1.1" 200 -
06:37:43 "POST /collect HTTP/1.1" 200 -
06:37:43 "POST /collect HTTP/1.1" 200 -
06:37:43 "POST /collect HTTP/1.1" 200 -
06:37:43 "POST /collect HTTP/1.1" 200 -
06:37:43 "POST /collect HTTP/1.1" 200 -
06:37:43 "POST /collect HTTP/1.1" 200 -
06:37:43 "POST /collect HTTP/1.1" 200 -
06:37:43 "POST /collect HTTP/1.1" 200 -
06:37:43 "POST /collect HTTP/1.1" 200 -
06:37:43 "POST /collect HTTP/1.1" 200 -
06:37:43 "POST /collect HTTP/1.1" 200 -
06:37:43 "POST /collect HTTP/1.1" 200 -
06:37:43 "POST /collect HTTP/1.1" 200 -
06:37:43 "POST /collect HTTP/1.1" 200 -
06:37:43 "POST /collect HTTP/1.1" 200 -
06:37:43 "POST /collect HTTP/1.1" 200 -
06:37:43 "GET /roster HTTP/1.1" 200 -
06:37:43 "GET /roster HTTP/1.1" 200 -
06:37:43 "POST /collect HTTP/1.1" 200 -
06:37:43 "POST /collect HTTP/1.1" 200 -
06:37:43 "POST /collect HTTP/1.1" 200 -
06:37:43 "POST /collect HTTP/1.1" 200 -
06:37:43 "POST /collect HTTP/1.1" 200 -
06:37:43 "POST /collect HTTP/1.1" 200 -
06:37:43 "POST /collect HTTP/1.1" 200 -
06:37:44 "POST /collect HTTP/1.1" 200 -
06:37:44 "POST /collect HTTP/1.1" 200 -
06:37:44 "POST /collect HTTP/1.1" 200 -
06:37:44 "POST /collect HTTP/1.1" 200 -
06:37:44 "POST /collect HTTP/1.1" 200 -
06:37:44 "POST /collect HTTP/1.1" 200 -
06:37:44 "POST /collect HTTP/1.1" 200 -
06:37:44 "POST /collect HTTP/1.1" 200 -
06:37:44 "POST /collect HTTP/1.1" 200 -
06:37:44 "POST /collect HTTP/1.1" 200 -
06:37:44 "POST /collect HTTP/1.1" 200 -
06:37:44 "POST /collect HTTP/1.1" 200 -
06:37:44 "POST /collect HTTP/1.1" 200 -
06:37:44 "POST /collect HTTP/1.1" 200 -
06:37:44 "POST /collect HTTP/1.1" 200 -
06:37:44 "POST /collect HTTP/1.1" 200 -
06:37:44 "POST /collect HTTP/1.1" 200 -
06:37:45 "POST /collect HTTP/1.1" 200 -
06:37:45 "POST /collect HTTP/1.1" 200 -
06:37:45 "POST /collect HTTP/1.1" 200 -
06:37:45 "POST /collect HTTP/1.1" 200 -
06:37:45 "POST /collect HTTP/1.1" 200 -
06:37:45 "POST /collect HTTP/1.1" 200 -
06:37:45 "POST /collect HTTP/1.1" 200 -
06:37:45 "POST /collect HTTP/1.1" 200 -
06:37:45 "POST /collect HTTP/1.1" 200 -
06:37:45 "POST /collect HTTP/1.1" 200 -
06:37:45 "POST /collect HTTP/1.1" 200 -
06:37:45 "POST /collect HTTP/1.1" 200 -
06:37:45 "POST /collect HTTP/1.1" 200 -
06:37:45 "POST /collect HTTP/1.1" 200 -
06:37:45 "GET /roster HTTP/1.1" 200 -
06:37:45 "GET /roster HTTP/1.1" 200 -
06:37:45 "POST /collect HTTP/1.1" 200 -
06:37:45 "POST /collect HTTP/1.1" 200 -
06:37:45 "POST /collect HTTP/1.1" 200 -
06:37:45 "POST /collect HTTP/1.1" 200 -
06:37:45 "POST /collect HTTP/1.1" 200 -
06:37:46 "POST /collect HTTP/1.1" 200 -
06:37:46 "POST /collect HTTP/1.1" 200 -
06:37:46 "POST /collect HTTP/1.1" 200 -
06:37:46 "POST /collect HTTP/1.1" 200 -
06:37:46 "POST /collect HTTP/1.1" 200 -
06:37:46 "POST /collect HTTP/1.1" 200 -
06:37:46 "POST /collect HTTP/1.1" 200 -
06:37:46 "POST /collect HTTP/1.1" 200 -
06:37:46 "POST /collect HTTP/1.1" 200 -
06:37:46 "POST /collect HTTP/1.1" 200 -
06:37:46 "POST /collect HTTP/1.1" 200 -
06:37:46 "POST /collect HTTP/1.1" 200 -
06:37:46 "POST /collect HTTP/1.1" 200 -
06:37:46 "POST /collect HTTP/1.1" 200 -
06:37:46 "POST /collect HTTP/1.1" 200 -
06:37:46 "POST /collect HTTP/1.1" 200 -
06:37:46 "POST /collect HTTP/1.1" 200 -
06:37:46 "POST /collect HTTP/1.1" 200 -
06:37:46 "POST /collect HTTP/1.1" 200 -
06:37:46 "POST /collect HTTP/1.1" 200 -
06:37:46 "POST /collect HTTP/1.1" 200 -
06:37:46 "POST /collect HTTP/1.1" 200 -
06:37:46 "POST /collect HTTP/1.1" 200 -
06:37:46 "POST /collect HTTP/1.1" 200 -
06:37:46 "POST /collect HTTP/1.1" 200 -
06:37:47 "POST /collect HTTP/1.1" 200 -
06:37:47 "POST /collect HTTP/1.1" 200 -
06:37:47 "POST /collect HTTP/1.1" 200 -
06:37:47 "POST /collect HTTP/1.1" 200 -
06:37:47 "POST /collect HTTP/1.1" 200 -
06:37:47 "POST /collect HTTP/1.1" 200 -
06:37:47 "POST /collect HTTP/1.1" 200 -
06:37:47 "POST /collect HTTP/1.1" 200 -
06:37:47 "POST /collect HTTP/1.1" 200 -
06:37:47 "GET /roster HTTP/1.1" 200 -
06:37:47 "GET /roster HTTP/1.1" 200 -
06:37:47 "POST /collect HTTP/1.1" 200 -
06:37:47 "POST /collect HTTP/1.1" 200 -
06:37:47 "POST /collect HTTP/1.1" 200 -
06:37:47 "POST /collect HTTP/1.1" 200 -
06:37:47 "POST /collect HTTP/1.1" 200 -
06:37:47 "POST /collect HTTP/1.1" 200 -
06:37:47 "POST /collect HTTP/1.1" 200 -
06:37:47 "POST /collect HTTP/1.1" 200 -
06:37:47 "POST /collect HTTP/1.1" 200 -
06:37:47 "POST /collect HTTP/1.1" 200 -
06:37:48 "POST /collect HTTP/1.1" 200 -
06:37:48 "POST /collect HTTP/1.1" 200 -
06:37:48 "POST /collect HTTP/1.1" 200 -
06:37:48 "POST /collect HTTP/1.1" 200 -
06:37:48 "POST /collect HTTP/1.1" 200 -
06:37:48 "POST /collect HTTP/1.1" 200 -
06:37:48 "POST /collect HTTP/1.1" 200 -
06:37:48 "POST /collect HTTP/1.1" 200 -
06:37:48 "POST /collect HTTP/1.1" 200 -
06:37:48 "POST /collect HTTP/1.1" 200 -
06:37:48 "POST /collect HTTP/1.1" 200 -
06:37:48 "POST /collect HTTP/1.1" 200 -
06:37:48 "POST /collect HTTP/1.1" 200 -
06:37:48 "POST /collect HTTP/1.1" 200 -
06:37:48 "POST /collect HTTP/1.1" 200 -
06:37:48 "POST /collect HTTP/1.1" 200 -
06:37:49 "POST /collect HTTP/1.1" 200 -
06:37:49 "POST /collect HTTP/1.1" 200 -
06:37:49 "POST /collect HTTP/1.1" 200 -
06:37:49 "POST /collect HTTP/1.1" 200 -
06:37:49 "POST /collect HTTP/1.1" 200 -
06:37:49 "POST /collect HTTP/1.1" 200 -
06:37:49 "POST /collect HTTP/1.1" 200 -
06:37:49 "POST /collect HTTP/1.1" 200 -
06:37:49 "POST /collect HTTP/1.1" 200 -
06:37:49 "POST /collect HTTP/1.1" 200 -
06:37:49 "POST /collect HTTP/1.1" 200 -
06:37:49 "POST /collect HTTP/1.1" 200 -
06:37:49 "POST /collect HTTP/1.1" 200 -
06:37:49 "POST /collect HTTP/1.1" 200 -
06:37:49 "POST /collect HTTP/1.1" 200 -
06:37:49 "POST /collect HTTP/1.1" 200 -
06:37:49 "POST /collect HTTP/1.1" 200 -
06:37:49 "POST /collect HTTP/1.1" 200 -
06:37:49 "POST /collect HTTP/1.1" 200 -
06:37:49 "POST /collect HTTP/1.1" 200 -
06:37:49 "GET /roster HTTP/1.1" 200 -
06:37:49 "GET /roster HTTP/1.1" 200 -
06:37:49 "POST /collect HTTP/1.1" 200 -
06:37:49 "POST /collect HTTP/1.1" 200 -
06:37:49 "POST /collect HTTP/1.1" 200 -
06:37:49 "POST /collect HTTP/1.1" 200 -
06:37:49 "POST /collect HTTP/1.1" 200 -
06:37:49 "POST /collect HTTP/1.1" 200 -
06:37:49 "POST /collect HTTP/1.1" 200 -
06:37:50 "POST /collect HTTP/1.1" 200 -
06:37:50 "POST /collect HTTP/1.1" 200 -
06:37:50 "POST /collect HTTP/1.1" 200 -
06:37:50 "POST /collect HTTP/1.1" 200 -
06:37:50 "POST /collect HTTP/1.1" 200 -
06:37:50 "POST /collect HTTP/1.1" 200 -
06:37:50 "POST /collect HTTP/1.1" 200 -
06:37:50 "POST /collect HTTP/1.1" 200 -
06:37:50 "POST /collect HTTP/1.1" 200 -
06:37:50 "POST /collect HTTP/1.1" 200 -
06:37:50 "POST /collect HTTP/1.1" 200 -
06:37:50 "POST /collect HTTP/1.1" 200 -
06:37:50 "POST /collect HTTP/1.1" 200 -
06:37:50 "POST /collect HTTP/1.1" 200 -
06:37:50 "POST /collect HTTP/1.1" 200 -
06:37:50 "POST /collect HTTP/1.1" 200 -
06:37:50 "POST /collect HTTP/1.1" 200 -
06:37:51 "POST /collect HTTP/1.1" 200 -
06:37:51 "POST /collect HTTP/1.1" 200 -
06:37:51 "POST /collect HTTP/1.1" 200 -
06:37:51 "POST /collect HTTP/1.1" 200 -
06:37:51 "POST /collect HTTP/1.1" 200 -
06:37:51 "POST /collect HTTP/1.1" 200 -
06:37:51 "POST /collect HTTP/1.1" 200 -
06:37:51 "POST /collect HTTP/1.1" 200 -
06:37:51 "POST /collect HTTP/1.1" 200 -
06:37:51 "POST /collect HTTP/1.1" 200 -
06:37:51 "POST /collect HTTP/1.1" 200 -
06:37:51 "POST /collect HTTP/1.1" 200 -
06:37:51 "POST /collect HTTP/1.1" 200 -
06:37:51 "POST /collect HTTP/1.1" 200 -
06:37:51 "GET /roster HTTP/1.1" 200 -
06:37:51 "GET /roster HTTP/1.1" 200 -
06:37:51 "POST /collect HTTP/1.1" 200 -
06:37:51 "POST /collect HTTP/1.1" 200 -
06:37:51 "POST /collect HTTP/1.1" 200 -
06:37:51 "POST /collect HTTP/1.1" 200 -
06:37:52 "POST /collect HTTP/1.1" 200 -
06:37:52 "POST /collect HTTP/1.1" 200 -
06:37:52 "POST /collect HTTP/1.1" 200 -
06:37:52 "POST /collect HTTP/1.1" 200 -
06:37:52 "POST /collect HTTP/1.1" 200 -
06:37:52 "POST /collect HTTP/1.1" 200 -
06:37:52 "POST /collect HTTP/1.1" 200 -
06:37:52 "POST /collect HTTP/1.1" 200 -
06:37:52 "POST /collect HTTP/1.1" 200 -
06:37:52 "POST /collect HTTP/1.1" 200 -
06:37:52 "POST /collect HTTP/1.1" 200 -
06:37:52 "POST /collect HTTP/1.1" 200 -
06:37:52 "POST /collect HTTP/1.1" 200 -
06:37:52 "POST /collect HTTP/1.1" 200 -
06:37:52 "POST /collect HTTP/1.1" 200 -
06:37:52 "POST /collect HTTP/1.1" 200 -
06:37:52 "POST /collect HTTP/1.1" 200 -
06:37:52 "POST /collect HTTP/1.1" 200 -
06:37:52 "POST /collect HTTP/1.1" 200 -
06:37:52 "POST /collect HTTP/1.1" 200 -
06:37:52 "POST /collect HTTP/1.1" 200 -
06:37:52 "POST /collect HTTP/1.1" 200 -
06:37:52 "POST /collect HTTP/1.1" 200 -
06:37:52 "POST /collect HTTP/1.1" 200 -
06:37:52 "POST /collect HTTP/1.1" 200 -
06:37:53 "POST /collect HTTP/1.1" 200 -
06:37:53 "POST /collect HTTP/1.1" 200 -
06:37:53 "POST /collect HTTP/1.1" 200 -
06:37:53 "POST /collect HTTP/1.1" 200 -
06:37:53 "POST /collect HTTP/1.1" 200 -
06:37:53 "POST /collect HTTP/1.1" 200 -
06:37:53 "POST /collect HTTP/1.1" 200 -
06:37:53 "POST /collect HTTP/1.1" 200 -
06:37:53 "POST /collect HTTP/1.1" 200 -
06:37:53 "GET /roster HTTP/1.1" 200 -
06:37:53 "GET /roster HTTP/1.1" 200 -
06:37:53 "POST /collect HTTP/1.1" 200 -
06:37:53 "POST /collect HTTP/1.1" 200 -
06:37:53 "POST /collect HTTP/1.1" 200 -
06:37:53 "POST /collect HTTP/1.1" 200 -
06:37:53 "POST /collect HTTP/1.1" 200 -
06:37:53 "POST /collect HTTP/1.1" 200 -
06:37:53 "POST /collect HTTP/1.1" 200 -
06:37:53 "POST /collect HTTP/1.1" 200 -
06:37:53 "POST /collect HTTP/1.1" 200 -
06:37:53 "POST /collect HTTP/1.1" 200 -
06:37:54 "POST /collect HTTP/1.1" 200 -
06:37:54 "POST /collect HTTP/1.1" 200 -
06:37:54 "POST /collect HTTP/1.1" 200 -
06:37:54 "POST /collect HTTP/1.1" 200 -
06:37:54 "POST /collect HTTP/1.1" 200 -
06:37:54 "POST /collect HTTP/1.1" 200 -
06:37:54 "POST /collect HTTP/1.1" 200 -
06:37:54 "POST /collect HTTP/1.1" 200 -
06:37:54 "POST /collect HTTP/1.1" 200 -
06:37:54 "POST /collect HTTP/1.1" 200 -
06:37:54 "POST /collect HTTP/1.1" 200 -
06:37:54 "POST /collect HTTP/1.1" 200 -
06:37:54 "POST /collect HTTP/1.1" 200 -
06:37:54 "POST /collect HTTP/1.1" 200 -
06:37:54 "POST /collect HTTP/1.1" 200 -
06:37:54 "POST /collect HTTP/1.1" 200 -
06:37:55 "POST /collect HTTP/1.1" 200 -
06:37:55 "POST /collect HTTP/1.1" 200 -
06:37:55 "POST /collect HTTP/1.1" 200 -
06:37:55 "POST /collect HTTP/1.1" 200 -
06:37:55 "POST /collect HTTP/1.1" 200 -
06:37:55 "POST /collect HTTP/1.1" 200 -
06:37:55 "POST /collect HTTP/1.1" 200 -
06:37:55 "POST /collect HTTP/1.1" 200 -
06:37:55 "POST /collect HTTP/1.1" 200 -
06:37:55 "POST /collect HTTP/1.1" 200 -
06:37:55 "POST /collect HTTP/1.1" 200 -
06:37:55 "POST /collect HTTP/1.1" 200 -
06:37:55 "POST /collect HTTP/1.1" 200 -
06:37:55 "POST /collect HTTP/1.1" 200 -
06:37:55 "POST /collect HTTP/1.1" 200 -
06:37:55 "POST /collect HTTP/1.1" 200 -
06:37:55 "POST /collect HTTP/1.1" 200 -
06:37:55 "POST /collect HTTP/1.1" 200 -
06:37:55 "POST /collect HTTP/1.1" 200 -
06:37:55 "POST /collect HTTP/1.1" 200 -
06:37:55 "GET /roster HTTP/1.1" 200 -
06:37:55 "GET /roster HTTP/1.1" 200 -
06:37:55 "POST /collect HTTP/1.1" 200 -
06:37:55 "POST /collect HTTP/1.1" 200 -
06:37:55 "POST /collect HTTP/1.1" 200 -
06:37:55 "POST /collect HTTP/1.1" 200 -
06:37:55 "POST /collect HTTP/1.1" 200 -
06:37:55 "POST /collect HTTP/1.1" 200 -
06:37:55 "POST /collect HTTP/1.1" 200 -
06:37:55 "POST /collect HTTP/1.1" 200 -
06:37:56 "POST /collect HTTP/1.1" 200 -
06:37:56 "POST /collect HTTP/1.1" 200 -
06:37:56 "POST /collect HTTP/1.1" 200 -
06:37:56 "POST /collect HTTP/1.1" 200 -
06:37:56 "POST /collect HTTP/1.1" 200 -
06:37:56 "POST /collect HTTP/1.1" 200 -
06:37:56 "POST /collect HTTP/1.1" 200 -
06:37:56 "POST /collect HTTP/1.1" 200 -
06:37:56 "POST /collect HTTP/1.1" 200 -
06:37:56 "POST /collect HTTP/1.1" 200 -
06:37:56 "POST /collect HTTP/1.1" 200 -
06:37:56 "POST /collect HTTP/1.1" 200 -
06:37:56 "POST /collect HTTP/1.1" 200 -
06:37:56 "POST /collect HTTP/1.1" 200 -
06:37:56 "POST /collect HTTP/1.1" 200 -
06:37:56 "POST /collect HTTP/1.1" 200 -
06:37:56 "POST /collect HTTP/1.1" 200 -
06:37:57 "POST /collect HTTP/1.1" 200 -
06:37:57 "POST /collect HTTP/1.1" 200 -
06:37:57 "POST /collect HTTP/1.1" 200 -
06:37:57 "POST /collect HTTP/1.1" 200 -
06:37:57 "POST /collect HTTP/1.1" 200 -
06:37:57 "POST /collect HTTP/1.1" 200 -
06:37:57 "POST /collect HTTP/1.1" 200 -
06:37:57 "POST /collect HTTP/1.1" 200 -
06:37:57 "POST /collect HTTP/1.1" 200 -
06:37:57 "POST /collect HTTP/1.1" 200 -
06:37:57 "POST /collect HTTP/1.1" 200 -
06:37:57 "POST /collect HTTP/1.1" 200 -
06:37:57 "POST /collect HTTP/1.1" 200 -
06:37:57 "POST /collect HTTP/1.1" 200 -
06:37:57 "GET /roster HTTP/1.1" 200 -
06:37:57 "GET /roster HTTP/1.1" 200 -
06:37:57 "POST /collect HTTP/1.1" 200 -
06:37:57 "POST /collect HTTP/1.1" 200 -
06:37:57 "POST /collect HTTP/1.1" 200 -
06:37:57 "POST /collect HTTP/1.1" 200 -
06:37:58 "POST /collect HTTP/1.1" 200 -
06:37:58 "POST /collect HTTP/1.1" 200 -
06:37:58 "POST /collect HTTP/1.1" 200 -
06:37:58 "POST /collect HTTP/1.1" 200 -
06:37:58 "POST /collect HTTP/1.1" 200 -
06:37:58 "POST /collect HTTP/1.1" 200 -
06:37:58 "POST /collect HTTP/1.1" 200 -
06:37:58 "POST /collect HTTP/1.1" 200 -
06:37:58 "POST /collect HTTP/1.1" 200 -
06:37:58 "POST /collect HTTP/1.1" 200 -
06:37:58 "POST /collect HTTP/1.1" 200 -
06:37:58 "POST /collect HTTP/1.1" 200 -
06:37:58 "POST /collect HTTP/1.1" 200 -
06:37:58 "POST /collect HTTP/1.1" 200 -
06:37:58 "POST /collect HTTP/1.1" 200 -
06:37:58 "POST /collect HTTP/1.1" 200 -
06:37:58 "POST /collect HTTP/1.1" 200 -
06:37:58 "POST /collect HTTP/1.1" 200 -
06:37:58 "POST /collect HTTP/1.1" 200 -
06:37:58 "POST /collect HTTP/1.1" 200 -
06:37:58 "POST /collect HTTP/1.1" 200 -
06:37:58 "POST /collect HTTP/1.1" 200 -
06:37:58 "POST /collect HTTP/1.1" 200 -
06:37:58 "POST /collect HTTP/1.1" 200 -
06:37:59 "POST /collect HTTP/1.1" 200 -
06:37:59 "POST /collect HTTP/1.1" 200 -
06:37:59 "POST /collect HTTP/1.1" 200 -
06:37:59 "POST /collect HTTP/1.1" 200 -
06:37:59 "POST /collect HTTP/1.1" 200 -
06:37:59 "POST /collect HTTP/1.1" 200 -
06:37:59 "POST /collect HTTP/1.1" 200 -
06:37:59 "POST /collect HTTP/1.1" 200 -
