m2m server on :8897, results -> /Users/s32863/personal/elektron/results/m2m-heavy-N36.jsonl, app 8c2a974b…
06:20:39 "GET /roster HTTP/1.1" 200 -
06:20:39 "POST /reset HTTP/1.1" 200 -
06:20:40 "GET /room.html?id=1&n=36&hold=1&cb=1787714440137&audio=1&mode=full&cls=probe HTTP/1.1" 200 -
06:20:40 code 404, message File not found
06:20:40 "GET /favicon.ico HTTP/1.1" 404 -
06:20:40 "GET /room.html?id=2&n=36&hold=1&cb=1787714440232&audio=1&mode=full&cls=probe HTTP/1.1" 200 -
06:20:40 "GET /room.html?id=A&n=36&hold=1&cb=1787714440320&audio=1&mode=pub&vw=320&vh=180&vfps=15&cls=light HTTP/1.1" 200 -
06:20:40 "GET /room.html?id=B&n=36&hold=1&cb=1787714440413&audio=1&mode=pub&vw=320&vh=180&vfps=15&cls=light HTTP/1.1" 200 -
06:20:40 "GET /room.html?id=C&n=36&hold=1&cb=1787714440498&audio=1&mode=pub&vw=320&vh=180&vfps=15&cls=light HTTP/1.1" 200 -
06:20:41 "GET /room.html?id=D&n=36&hold=1&cb=1787714441114&audio=1&mode=pub&vw=320&vh=180&vfps=15&cls=light HTTP/1.1" 200 -
06:20:41 code 404, message File not found
06:20:41 "GET /favicon.ico HTTP/1.1" 404 -
06:20:41 "GET /room.html?id=E&n=36&hold=1&cb=1787714441207&audio=1&mode=pub&vw=320&vh=180&vfps=15&cls=light HTTP/1.1" 200 -
06:20:41 "GET /room.html?id=F&n=36&hold=1&cb=1787714441303&audio=1&mode=pub&vw=320&vh=180&vfps=15&cls=light HTTP/1.1" 200 -
06:20:41 "GET /room.html?id=G&n=36&hold=1&cb=1787714441387&audio=1&mode=pub&vw=320&vh=180&vfps=15&cls=light HTTP/1.1" 200 -
06:20:41 "GET /room.html?id=H&n=36&hold=1&cb=1787714441480&audio=1&mode=pub&vw=320&vh=180&vfps=15&cls=light HTTP/1.1" 200 -
06:20:42 "GET /room.html?id=I&n=36&hold=1&cb=1787714442111&audio=1&mode=pub&vw=320&vh=180&vfps=15&cls=light HTTP/1.1" 200 -
06:20:42 code 404, message File not found
06:20:42 "GET /favicon.ico HTTP/1.1" 404 -
06:20:42 "GET /room.html?id=J&n=36&hold=1&cb=1787714442211&audio=1&mode=pub&vw=320&vh=180&vfps=15&cls=light HTTP/1.1" 200 -
06:20:42 "GET /room.html?id=K&n=36&hold=1&cb=1787714442304&audio=1&mode=pub&vw=320&vh=180&vfps=15&cls=light HTTP/1.1" 200 -
06:20:42 "GET /room.html?id=L&n=36&hold=1&cb=1787714442396&audio=1&mode=pub&vw=320&vh=180&vfps=15&cls=light HTTP/1.1" 200 -
06:20:42 "GET /room.html?id=M&n=36&hold=1&cb=1787714442489&audio=1&mode=pub&vw=320&vh=180&vfps=15&cls=light HTTP/1.1" 200 -
06:20:43 "GET /room.html?id=N&n=36&hold=1&cb=1787714443168&audio=1&mode=pub&vw=320&vh=180&vfps=15&cls=light HTTP/1.1" 200 -
06:20:43 code 404, message File not found
06:20:43 "GET /favicon.ico HTTP/1.1" 404 -
06:20:43 "GET /room.html?id=O&n=36&hold=1&cb=1787714443270&audio=1&mode=pub&vw=320&vh=180&vfps=15&cls=light HTTP/1.1" 200 -
06:20:43 "GET /room.html?id=P&n=36&hold=1&cb=1787714443365&audio=1&mode=pub&vw=320&vh=180&vfps=15&cls=light HTTP/1.1" 200 -
06:20:43 "GET /room.html?id=Q&n=36&hold=1&cb=1787714443456&audio=1&mode=pub&vw=320&vh=180&vfps=15&cls=light HTTP/1.1" 200 -
06:20:43 "GET /room.html?id=R&n=36&hold=1&cb=1787714443547&audio=1&mode=pub&vw=320&vh=180&vfps=15&cls=light HTTP/1.1" 200 -
06:20:44 "GET /room.html?id=S&n=36&hold=1&cb=1787714444196&audio=1&mode=pub&vw=320&vh=180&vfps=15&cls=light HTTP/1.1" 200 -
06:20:44 code 404, message File not found
06:20:44 "GET /favicon.ico HTTP/1.1" 404 -
06:20:44 "GET /room.html?id=T&n=36&hold=1&cb=1787714444297&audio=1&mode=pub&vw=320&vh=180&vfps=15&cls=light HTTP/1.1" 200 -
06:20:44 "GET /room.html?id=U&n=36&hold=1&cb=1787714444388&audio=1&mode=pub&vw=320&vh=180&vfps=15&cls=light HTTP/1.1" 200 -
06:20:44 "GET /room.html?id=V&n=36&hold=1&cb=1787714444480&audio=1&mode=pub&vw=320&vh=180&vfps=15&cls=light HTTP/1.1" 200 -
06:20:44 "GET /room.html?id=W&n=36&hold=1&cb=1787714444572&audio=1&mode=pub&vw=320&vh=180&vfps=15&cls=light HTTP/1.1" 200 -
06:20:45 "GET /room.html?id=X&n=36&hold=1&cb=1787714445247&audio=1&mode=pub&vw=320&vh=180&vfps=15&cls=light HTTP/1.1" 200 -
06:20:45 code 404, message File not found
06:20:45 "GET /favicon.ico HTTP/1.1" 404 -
06:20:45 "GET /room.html?id=Y&n=36&hold=1&cb=1787714445355&audio=1&mode=pub&vw=320&vh=180&vfps=15&cls=light HTTP/1.1" 200 -
06:20:45 "GET /room.html?id=Z&n=36&hold=1&cb=1787714445450&audio=1&mode=pub&vw=320&vh=180&vfps=15&cls=light HTTP/1.1" 200 -
06:20:45 "GET /room.html?id=a&n=36&hold=1&cb=1787714445540&audio=1&mode=pub&vw=320&vh=180&vfps=15&cls=light HTTP/1.1" 200 -
06:20:45 "GET /room.html?id=b&n=36&hold=1&cb=1787714445637&audio=1&mode=pub&vw=320&vh=180&vfps=15&cls=light HTTP/1.1" 200 -
06:20:46 "GET /room.html?id=c&n=36&hold=1&cb=1787714446364&audio=1&mode=pub&vw=320&vh=180&vfps=15&cls=light HTTP/1.1" 200 -
06:20:46 code 404, message File not found
06:20:46 "GET /favicon.ico HTTP/1.1" 404 -
06:20:46 "GET /room.html?id=d&n=36&hold=1&cb=1787714446474&audio=1&mode=pub&vw=320&vh=180&vfps=15&cls=light HTTP/1.1" 200 -
06:20:46 "GET /room.html?id=e&n=36&hold=1&cb=1787714446569&audio=1&mode=pub&vw=320&vh=180&vfps=15&cls=light HTTP/1.1" 200 -
06:20:46 "GET /room.html?id=f&n=36&hold=1&cb=1787714446668&audio=1&mode=pub&vw=320&vh=180&vfps=15&cls=light HTTP/1.1" 200 -
06:20:46 "GET /room.html?id=g&n=36&hold=1&cb=1787714446770&audio=1&mode=pub&vw=320&vh=180&vfps=15&cls=light HTTP/1.1" 200 -
06:20:47 "GET /room.html?id=h&n=36&hold=1&cb=1787714447447&audio=1&mode=pub&vw=320&vh=180&vfps=15&cls=light HTTP/1.1" 200 -
06:20:47 code 404, message File not found
06:20:47 "GET /favicon.ico HTTP/1.1" 404 -
06:20:47 "POST /collect HTTP/1.1" 200 -
06:20:48 CF POST /sessions/new -> 201 (321 ms)
06:20:48 "POST /cf/sessions/new HTTP/1.1" 201 -
06:20:48 CF POST /sessions/new -> 201 (338 ms)
06:20:48 "POST /cf/sessions/new HTTP/1.1" 201 -
06:20:48 CF POST /sessions/new -> 201 (283 ms)
06:20:48 "POST /cf/sessions/new HTTP/1.1" 201 -
06:20:48 CF POST /sessions/new -> 201 (361 ms)
06:20:48 "POST /cf/sessions/new HTTP/1.1" 201 -
06:20:48 CF POST /sessions/new -> 201 (332 ms)
06:20:48 "POST /cf/sessions/new HTTP/1.1" 201 -
06:20:48 CF POST /sessions/new -> 201 (292 ms)
06:20:48 "POST /cf/sessions/new HTTP/1.1" 201 -
06:20:48 CF POST /sessions/new -> 201 (359 ms)
06:20:48 "POST /cf/sessions/new HTTP/1.1" 201 -
06:20:48 CF POST /sessions/new -> 201 (346 ms)
06:20:48 "POST /cf/sessions/new HTTP/1.1" 201 -
06:20:48 CF POST /sessions/new -> 201 (336 ms)
06:20:48 "POST /cf/sessions/new HTTP/1.1" 201 -
06:20:48 CF POST /sessions/new -> 201 (363 ms)
06:20:48 "POST /cf/sessions/new HTTP/1.1" 201 -
06:20:48 CF POST /sessions/new -> 201 (399 ms)
06:20:48 "POST /cf/sessions/new HTTP/1.1" 201 -
06:20:48 CF POST /sessions/new -> 201 (344 ms)
06:20:48 "POST /cf/sessions/new HTTP/1.1" 201 -
06:20:48 CF POST /sessions/new -> 201 (402 ms)
06:20:48 "POST /cf/sessions/new HTTP/1.1" 201 -
06:20:48 CF POST /sessions/new -> 201 (364 ms)
06:20:48 "POST /cf/sessions/new HTTP/1.1" 201 -
06:20:48 CF POST /sessions/new -> 201 (286 ms)
06:20:48 "POST /cf/sessions/new HTTP/1.1" 201 -
06:20:48 CF POST /sessions/new -> 201 (351 ms)
06:20:48 "POST /cf/sessions/new HTTP/1.1" 201 -
06:20:48 CF POST /sessions/new -> 201 (368 ms)
06:20:48 "POST /cf/sessions/new HTTP/1.1" 201 -
06:20:48 CF POST /sessions/new -> 201 (285 ms)
06:20:48 "POST /cf/sessions/new HTTP/1.1" 201 -
06:20:48 CF POST /sessions/new -> 201 (351 ms)
06:20:48 "POST /cf/sessions/new HTTP/1.1" 201 -
06:20:48 CF POST /sessions/new -> 201 (453 ms)
06:20:48 "POST /cf/sessions/new HTTP/1.1" 201 -
06:20:48 CF POST /sessions/new -> 201 (363 ms)
06:20:48 "POST /cf/sessions/new HTTP/1.1" 201 -
06:20:48 CF POST /sessions/new -> 201 (328 ms)
06:20:48 "POST /cf/sessions/new HTTP/1.1" 201 -
06:20:48 CF POST /sessions/new -> 201 (445 ms)
06:20:48 "POST /cf/sessions/new HTTP/1.1" 201 -
06:20:48 CF POST /sessions/new -> 201 (454 ms)
06:20:48 "POST /cf/sessions/new HTTP/1.1" 201 -
06:20:48 CF POST /sessions/new -> 201 (395 ms)
06:20:48 "POST /cf/sessions/new HTTP/1.1" 201 -
06:20:48 CF POST /sessions/new -> 201 (462 ms)
06:20:48 "POST /cf/sessions/new HTTP/1.1" 201 -
06:20:48 CF POST /sessions/new -> 201 (503 ms)
06:20:48 "POST /cf/sessions/new HTTP/1.1" 201 -
06:20:48 CF POST /sessions/new -> 201 (401 ms)
06:20:48 "POST /cf/sessions/new HTTP/1.1" 201 -
06:20:48 CF POST /sessions/new -> 201 (429 ms)
06:20:48 "POST /cf/sessions/new HTTP/1.1" 201 -
06:20:48 CF POST /sessions/new -> 201 (387 ms)
06:20:48 "POST /cf/sessions/new HTTP/1.1" 201 -
06:20:48 CF POST /sessions/new -> 201 (472 ms)
06:20:48 "POST /cf/sessions/new HTTP/1.1" 201 -
06:20:48 CF POST /sessions/new -> 201 (487 ms)
06:20:48 "POST /cf/sessions/new HTTP/1.1" 201 -
06:20:48 CF POST /sessions/new -> 201 (442 ms)
06:20:48 "POST /cf/sessions/new HTTP/1.1" 201 -
06:20:48 CF POST /sessions/new -> 201 (461 ms)
06:20:48 "POST /cf/sessions/new HTTP/1.1" 201 -
06:20:48 CF POST /sessions/new -> 201 (471 ms)
06:20:48 "POST /cf/sessions/new HTTP/1.1" 201 -
06:20:48 CF POST /sessions/new -> 201 (633 ms)
06:20:48 "POST /cf/sessions/new HTTP/1.1" 201 -
06:20:49 "POST /save/pub-offer-g.sdp HTTP/1.1" 200 -
06:20:49 "POST /save/pub-offer-b.sdp HTTP/1.1" 200 -
06:20:49 "POST /save/pub-offer-m.sdp HTTP/1.1" 200 -
06:20:49 "POST /save/pub-offer-w.sdp HTTP/1.1" 200 -
06:20:49 "POST /save/pub-offer-c.sdp HTTP/1.1" 200 -
06:20:49 "POST /save/pub-offer-h.sdp HTTP/1.1" 200 -
06:20:49 "POST /save/pub-offer-d.sdp HTTP/1.1" 200 -
06:20:49 "POST /save/pub-offer-a.sdp HTTP/1.1" 200 -
06:20:49 "POST /save/pub-offer-x.sdp HTTP/1.1" 200 -
06:20:49 "POST /save/pub-offer-y.sdp HTTP/1.1" 200 -
06:20:49 "POST /save/pub-offer-z.sdp HTTP/1.1" 200 -
06:20:49 "POST /save/pub-offer-h.sdp HTTP/1.1" 200 -
06:20:49 "POST /save/pub-offer-r.sdp HTTP/1.1" 200 -
06:20:49 "POST /save/pub-offer-d.sdp HTTP/1.1" 200 -
06:20:49 "POST /save/pub-offer-f.sdp HTTP/1.1" 200 -
06:20:49 "POST /save/pub-offer-f.sdp HTTP/1.1" 200 -
06:20:49 "POST /save/pub-offer-i.sdp HTTP/1.1" 200 -
06:20:49 "POST /save/pub-offer-k.sdp HTTP/1.1" 200 -
06:20:49 "POST /save/pub-offer-e.sdp HTTP/1.1" 200 -
06:20:49 "POST /save/pub-offer-e.sdp HTTP/1.1" 200 -
06:20:49 "POST /save/pub-offer-g.sdp HTTP/1.1" 200 -
06:20:49 "POST /save/pub-offer-l.sdp HTTP/1.1" 200 -
06:20:49 "POST /save/pub-offer-j.sdp HTTP/1.1" 200 -
06:20:49 "POST /save/pub-offer-t.sdp HTTP/1.1" 200 -
06:20:49 "POST /save/pub-offer-c.sdp HTTP/1.1" 200 -
06:20:49 "POST /save/pub-offer-p.sdp HTTP/1.1" 200 -
06:20:49 "POST /save/pub-offer-v.sdp HTTP/1.1" 200 -
06:20:49 "POST /save/pub-offer-s.sdp HTTP/1.1" 200 -
06:20:49 "POST /save/pub-offer-2.sdp HTTP/1.1" 200 -
06:20:49 "POST /save/pub-offer-q.sdp HTTP/1.1" 200 -
06:20:49 "POST /save/pub-offer-a.sdp HTTP/1.1" 200 -
06:20:49 "POST /save/pub-offer-u.sdp HTTP/1.1" 200 -
06:20:49 "POST /save/pub-offer-b.sdp HTTP/1.1" 200 -
06:20:49 "POST /save/pub-offer-1.sdp HTTP/1.1" 200 -
06:20:49 "POST /save/pub-offer-o.sdp HTTP/1.1" 200 -
06:20:49 "POST /save/pub-offer-n.sdp HTTP/1.1" 200 -
06:20:49 CF POST /sessions/f1cc7f879ca5e7c3ef31f1b5a04d67ab1b62f5ef9241302cb099d9f9ca38a28f/tracks/new -> 200 (372 ms)
06:20:49 "POST /cf/sessions/f1cc7f879ca5e7c3ef31f1b5a04d67ab1b62f5ef9241302cb099d9f9ca38a28f/tracks/new HTTP/1.1" 200 -
06:20:49 "POST /save/pub-answer-g.sdp HTTP/1.1" 200 -
06:20:49 "POST /collect HTTP/1.1" 200 -
06:20:49 CF POST /sessions/95bb11542d1b22f2db3a323ae889d8e5c8274c38522de155e5dc49fb3389104e/tracks/new -> 200 (389 ms)
06:20:49 "POST /cf/sessions/95bb11542d1b22f2db3a323ae889d8e5c8274c38522de155e5dc49fb3389104e/tracks/new HTTP/1.1" 200 -
06:20:49 "POST /collect HTTP/1.1" 200 -
06:20:49 "POST /collect HTTP/1.1" 200 -
06:20:49 "POST /save/pub-answer-b.sdp HTTP/1.1" 200 -
06:20:49 "POST /collect HTTP/1.1" 200 -
06:20:49 "POST /collect HTTP/1.1" 200 -
06:20:49 "POST /collect HTTP/1.1" 200 -
06:20:49 CF POST /sessions/1b4e9d7d7f39c2289aa94371a7e9b0dcbf6f48d39fbe4d70e65b5edba6541c06/tracks/new -> 200 (397 ms)
06:20:49 "POST /cf/sessions/1b4e9d7d7f39c2289aa94371a7e9b0dcbf6f48d39fbe4d70e65b5edba6541c06/tracks/new HTTP/1.1" 200 -
06:20:49 "POST /save/pub-answer-m.sdp HTTP/1.1" 200 -
06:20:49 CF POST /sessions/7b2645f28dd2b6acad82af0715492cad8282b36d2e27e39a9de1d7027e24c28e/tracks/new -> 200 (399 ms)
06:20:49 "POST /cf/sessions/7b2645f28dd2b6acad82af0715492cad8282b36d2e27e39a9de1d7027e24c28e/tracks/new HTTP/1.1" 200 -
06:20:49 "POST /save/pub-answer-h.sdp HTTP/1.1" 200 -
06:20:49 "POST /collect HTTP/1.1" 200 -
06:20:49 "POST /collect HTTP/1.1" 200 -
06:20:49 "POST /collect HTTP/1.1" 200 -
06:20:49 CF POST /sessions/83dd0101c27558320c449ee015b7f3d278880c67946b84b7aabd1f07ac9e00fc/tracks/new -> 200 (381 ms)
06:20:49 "POST /cf/sessions/83dd0101c27558320c449ee015b7f3d278880c67946b84b7aabd1f07ac9e00fc/tracks/new HTTP/1.1" 200 -
06:20:49 "POST /collect HTTP/1.1" 200 -
06:20:49 "POST /collect HTTP/1.1" 200 -
06:20:49 "POST /collect HTTP/1.1" 200 -
06:20:49 "POST /save/pub-answer-x.sdp HTTP/1.1" 200 -
06:20:49 CF POST /sessions/f1bcd2624348872fa39491e3cb77acf93cdcb2e541d8a23f6581531f34a0dc8c/tracks/new -> 200 (388 ms)
06:20:49 "POST /cf/sessions/f1bcd2624348872fa39491e3cb77acf93cdcb2e541d8a23f6581531f34a0dc8c/tracks/new HTTP/1.1" 200 -
06:20:49 "POST /save/pub-answer-a.sdp HTTP/1.1" 200 -
06:20:49 "POST /collect HTTP/1.1" 200 -
06:20:49 "POST /collect HTTP/1.1" 200 -
06:20:49 "POST /collect HTTP/1.1" 200 -
06:20:49 "POST /collect HTTP/1.1" 200 -
06:20:49 "POST /collect HTTP/1.1" 200 -
06:20:49 "POST /collect HTTP/1.1" 200 -
06:20:49 CF POST /sessions/2ceb94f740a360d479cf0607e50533c49bf6548a2f34ac3a2be16d0cdd6a71ba/tracks/new -> 200 (406 ms)
06:20:49 "POST /cf/sessions/2ceb94f740a360d479cf0607e50533c49bf6548a2f34ac3a2be16d0cdd6a71ba/tracks/new HTTP/1.1" 200 -
06:20:49 "POST /save/pub-answer-d.sdp HTTP/1.1" 200 -
06:20:49 "POST /collect HTTP/1.1" 200 -
06:20:49 "POST /collect HTTP/1.1" 200 -
06:20:49 "POST /collect HTTP/1.1" 200 -
06:20:49 CF POST /sessions/44fdfbad2b720bf95e1837f452c4e39cabc96da135bf757fe89d726d8488f419/tracks/new -> 200 (375 ms)
06:20:49 "POST /cf/sessions/44fdfbad2b720bf95e1837f452c4e39cabc96da135bf757fe89d726d8488f419/tracks/new HTTP/1.1" 200 -
06:20:49 "POST /save/pub-answer-f.sdp HTTP/1.1" 200 -
06:20:49 CF POST /sessions/6fea835865c7791a230d738eed8c1593fa186ad504d9bfb204d23bf2a30be59b/tracks/new -> 200 (405 ms)
06:20:49 "POST /cf/sessions/6fea835865c7791a230d738eed8c1593fa186ad504d9bfb204d23bf2a30be59b/tracks/new HTTP/1.1" 200 -
06:20:49 "POST /collect HTTP/1.1" 200 -
06:20:49 "POST /collect HTTP/1.1" 200 -
06:20:49 "POST /collect HTTP/1.1" 200 -
06:20:49 "POST /save/pub-answer-z.sdp HTTP/1.1" 200 -
06:20:49 "POST /collect HTTP/1.1" 200 -
06:20:49 CF POST /sessions/8feca151f1b7ac91a4baa2f959081880bfd453c2e111f5762919c8bb9f7f94a0/tracks/new -> 200 (406 ms)
06:20:49 "POST /cf/sessions/8feca151f1b7ac91a4baa2f959081880bfd453c2e111f5762919c8bb9f7f94a0/tracks/new HTTP/1.1" 200 -
06:20:49 CF POST /sessions/81e9105f950f38daaa097e20a7c18216dc2c936429f45cc59cdc69608f197890/tracks/new -> 200 (436 ms)
06:20:49 "POST /cf/sessions/81e9105f950f38daaa097e20a7c18216dc2c936429f45cc59cdc69608f197890/tracks/new HTTP/1.1" 200 -
06:20:49 "POST /collect HTTP/1.1" 200 -
06:20:49 "POST /collect HTTP/1.1" 200 -
06:20:49 CF POST /sessions/fd874a6f7733d17de6d4be4603ac6fc39f8d8704d9d618296b728caca4f86162/tracks/new -> 200 (386 ms)
06:20:49 "POST /cf/sessions/fd874a6f7733d17de6d4be4603ac6fc39f8d8704d9d618296b728caca4f86162/tracks/new HTTP/1.1" 200 -
06:20:49 "POST /save/pub-answer-h.sdp HTTP/1.1" 200 -
06:20:49 "POST /save/pub-answer-c.sdp HTTP/1.1" 200 -
06:20:49 "POST /save/pub-answer-e.sdp HTTP/1.1" 200 -
06:20:49 "POST /collect HTTP/1.1" 200 -
06:20:49 "POST /collect HTTP/1.1" 200 -
06:20:49 "POST /collect HTTP/1.1" 200 -
06:20:49 "POST /collect HTTP/1.1" 200 -
06:20:49 "POST /collect HTTP/1.1" 200 -
06:20:49 "POST /collect HTTP/1.1" 200 -
06:20:49 CF POST /sessions/937c773d277bfdb873ae4f2db9f2dd95a6b437dd456778b8179923609f1c7bde/tracks/new -> 200 (418 ms)
06:20:49 "POST /cf/sessions/937c773d277bfdb873ae4f2db9f2dd95a6b437dd456778b8179923609f1c7bde/tracks/new HTTP/1.1" 200 -
06:20:49 "POST /collect HTTP/1.1" 200 -
06:20:49 "POST /collect HTTP/1.1" 200 -
06:20:49 "POST /collect HTTP/1.1" 200 -
06:20:49 "POST /save/pub-answer-r.sdp HTTP/1.1" 200 -
06:20:49 "POST /collect HTTP/1.1" 200 -
06:20:49 "POST /collect HTTP/1.1" 200 -
06:20:49 CF POST /sessions/7af28d284aa00d7bbb4c488d80b3e300c813d66b5c5c1b61b84c5fe37b7d871b/tracks/new -> 200 (421 ms)
06:20:49 "POST /cf/sessions/7af28d284aa00d7bbb4c488d80b3e300c813d66b5c5c1b61b84c5fe37b7d871b/tracks/new HTTP/1.1" 200 -
06:20:49 "POST /collect HTTP/1.1" 200 -
06:20:49 "POST /save/pub-answer-d.sdp HTTP/1.1" 200 -
06:20:49 "POST /collect HTTP/1.1" 200 -
06:20:49 "POST /collect HTTP/1.1" 200 -
06:20:49 "POST /collect HTTP/1.1" 200 -
06:20:49 CF POST /sessions/ff367513f7dd9fa7606df5be8a76734d4bbed9e814b702b6c74c349cff28f96e/tracks/new -> 200 (410 ms)
06:20:49 "POST /cf/sessions/ff367513f7dd9fa7606df5be8a76734d4bbed9e814b702b6c74c349cff28f96e/tracks/new HTTP/1.1" 200 -
06:20:49 "POST /save/pub-answer-k.sdp HTTP/1.1" 200 -
06:20:49 CF POST /sessions/76e20ec89a9411dbc3c310851b83895def9121a8d70cc1b4f54a9180b9dbb968/tracks/new -> 200 (416 ms)
06:20:49 "POST /cf/sessions/76e20ec89a9411dbc3c310851b83895def9121a8d70cc1b4f54a9180b9dbb968/tracks/new HTTP/1.1" 200 -
06:20:49 "POST /collect HTTP/1.1" 200 -
06:20:49 "POST /collect HTTP/1.1" 200 -
06:20:49 "POST /save/pub-answer-f.sdp HTTP/1.1" 200 -
06:20:49 "POST /collect HTTP/1.1" 200 -
06:20:49 "POST /collect HTTP/1.1" 200 -
06:20:49 CF POST /sessions/e529c1cde98eb7e330e49cf4b5f112b814ff7032df5c006e156575d2545af45b/tracks/new -> 200 (472 ms)
06:20:49 "POST /cf/sessions/e529c1cde98eb7e330e49cf4b5f112b814ff7032df5c006e156575d2545af45b/tracks/new HTTP/1.1" 200 -
06:20:49 "POST /collect HTTP/1.1" 200 -
06:20:49 "POST /collect HTTP/1.1" 200 -
06:20:49 "POST /save/pub-answer-w.sdp HTTP/1.1" 200 -
06:20:49 "POST /collect HTTP/1.1" 200 -
06:20:49 CF POST /sessions/26b3ab74c4b04b76f4deeb3caf19721d90a10e697ecadb6f10ea1a05f92a33f5/tracks/new -> 200 (455 ms)
06:20:49 "POST /cf/sessions/26b3ab74c4b04b76f4deeb3caf19721d90a10e697ecadb6f10ea1a05f92a33f5/tracks/new HTTP/1.1" 200 -
06:20:49 "POST /collect HTTP/1.1" 200 -
06:20:49 "POST /collect HTTP/1.1" 200 -
06:20:49 "POST /save/pub-answer-y.sdp HTTP/1.1" 200 -
06:20:49 "POST /collect HTTP/1.1" 200 -
06:20:49 "POST /collect HTTP/1.1" 200 -
06:20:49 "POST /collect HTTP/1.1" 200 -
06:20:49 CF POST /sessions/8caf2708161e64d44b1399f496262a3376b1322ed6f6197d66755dbf1dcf265d/tracks/new -> 200 (435 ms)
06:20:49 "POST /cf/sessions/8caf2708161e64d44b1399f496262a3376b1322ed6f6197d66755dbf1dcf265d/tracks/new HTTP/1.1" 200 -
06:20:49 "POST /save/pub-answer-g.sdp HTTP/1.1" 200 -
06:20:49 "POST /collect HTTP/1.1" 200 -
06:20:49 "POST /collect HTTP/1.1" 200 -
06:20:49 "POST /collect HTTP/1.1" 200 -
06:20:49 CF POST /sessions/434eaa2f540e00fa4a0fb80fe2f957cb9cc8567a1e3dca9ac834299d8932ec56/tracks/new -> 200 (351 ms)
06:20:49 "POST /cf/sessions/434eaa2f540e00fa4a0fb80fe2f957cb9cc8567a1e3dca9ac834299d8932ec56/tracks/new HTTP/1.1" 200 -
06:20:49 "POST /save/pub-answer-s.sdp HTTP/1.1" 200 -
06:20:49 CF POST /sessions/0521e0873798611a33244608f43a1fac0c6816296824e64f860dcf6322c456a2/tracks/new -> 200 (355 ms)
06:20:49 "POST /cf/sessions/0521e0873798611a33244608f43a1fac0c6816296824e64f860dcf6322c456a2/tracks/new HTTP/1.1" 200 -
06:20:49 "POST /collect HTTP/1.1" 200 -
06:20:49 "POST /collect HTTP/1.1" 200 -
06:20:49 "POST /save/pub-answer-2.sdp HTTP/1.1" 200 -
06:20:49 "POST /collect HTTP/1.1" 200 -
06:20:49 "POST /collect HTTP/1.1" 200 -
06:20:49 "POST /collect HTTP/1.1" 200 -
06:20:49 "POST /collect HTTP/1.1" 200 -
06:20:49 "POST /collect HTTP/1.1" 200 -
06:20:49 CF POST /sessions/55707789330005524a36ad10a1876ebbc39129a664b05c28550bf73e952ed0a7/tracks/new -> 200 (468 ms)
06:20:49 "POST /cf/sessions/55707789330005524a36ad10a1876ebbc39129a664b05c28550bf73e952ed0a7/tracks/new HTTP/1.1" 200 -
06:20:49 "POST /save/pub-answer-e.sdp HTTP/1.1" 200 -
06:20:49 CF POST /sessions/5be9fdda23806b70ecb32dc9f143d4dd5d8559fc581fe0daad591c058435f1ee/tracks/new -> 200 (381 ms)
06:20:49 "POST /cf/sessions/5be9fdda23806b70ecb32dc9f143d4dd5d8559fc581fe0daad591c058435f1ee/tracks/new HTTP/1.1" 200 -
06:20:49 "POST /save/pub-answer-p.sdp HTTP/1.1" 200 -
06:20:49 "POST /collect HTTP/1.1" 200 -
06:20:49 "POST /collect HTTP/1.1" 200 -
06:20:49 "POST /collect HTTP/1.1" 200 -
06:20:49 "POST /collect HTTP/1.1" 200 -
06:20:49 "POST /collect HTTP/1.1" 200 -
06:20:49 "POST /collect HTTP/1.1" 200 -
06:20:49 CF POST /sessions/c6714497722b0219b010f5ae8d20adc17ea0005af909aa4bbe6e8016ca3e3b7d/tracks/new -> 200 (435 ms)
06:20:49 "POST /cf/sessions/c6714497722b0219b010f5ae8d20adc17ea0005af909aa4bbe6e8016ca3e3b7d/tracks/new HTTP/1.1" 200 -
06:20:49 CF POST /sessions/97f4db0a4911d69fbcd906666fbca20c0a9e0df13cf740e11045d106626ae7ae/tracks/new -> 200 (479 ms)
06:20:49 "POST /cf/sessions/97f4db0a4911d69fbcd906666fbca20c0a9e0df13cf740e11045d106626ae7ae/tracks/new HTTP/1.1" 200 -
06:20:49 "POST /save/pub-answer-t.sdp HTTP/1.1" 200 -
06:20:49 "POST /save/pub-answer-j.sdp HTTP/1.1" 200 -
06:20:49 CF POST /sessions/75862b46927ad2a18e1c4d1ee5547b3d91a4f73086d8ba6f150346c5ef076adf/tracks/new -> 200 (497 ms)
06:20:49 "POST /cf/sessions/75862b46927ad2a18e1c4d1ee5547b3d91a4f73086d8ba6f150346c5ef076adf/tracks/new HTTP/1.1" 200 -
06:20:49 CF POST /sessions/a8d3ec94e4c5945b0cc1a4925be44869618f961d14fd574eee687ecc4ba5d9ce/tracks/new -> 200 (406 ms)
06:20:49 "POST /cf/sessions/a8d3ec94e4c5945b0cc1a4925be44869618f961d14fd574eee687ecc4ba5d9ce/tracks/new HTTP/1.1" 200 -
06:20:49 CF POST /sessions/142760c3fd5da5e36f82b820bc922f23af6ea2a9d9666f8ee3dd28eb996fd8c1/tracks/new -> 200 (431 ms)
06:20:49 "POST /cf/sessions/142760c3fd5da5e36f82b820bc922f23af6ea2a9d9666f8ee3dd28eb996fd8c1/tracks/new HTTP/1.1" 200 -
06:20:49 "POST /collect HTTP/1.1" 200 -
06:20:49 "POST /save/pub-answer-i.sdp HTTP/1.1" 200 -
06:20:49 "POST /save/pub-answer-c.sdp HTTP/1.1" 200 -
06:20:49 "POST /save/pub-answer-v.sdp HTTP/1.1" 200 -
06:20:49 CF POST /sessions/606bde88c110f974f916477f06dca5494ac4349e00d8de61d3e587c680b114b8/tracks/new -> 200 (379 ms)
06:20:49 "POST /cf/sessions/606bde88c110f974f916477f06dca5494ac4349e00d8de61d3e587c680b114b8/tracks/new HTTP/1.1" 200 -
06:20:49 "POST /collect HTTP/1.1" 200 -
06:20:49 "POST /collect HTTP/1.1" 200 -
06:20:49 "POST /collect HTTP/1.1" 200 -
06:20:49 "POST /collect HTTP/1.1" 200 -
06:20:49 "POST /collect HTTP/1.1" 200 -
06:20:49 "POST /collect HTTP/1.1" 200 -
06:20:49 "POST /collect HTTP/1.1" 200 -
06:20:49 "POST /collect HTTP/1.1" 200 -
06:20:49 "POST /collect HTTP/1.1" 200 -
06:20:49 "POST /collect HTTP/1.1" 200 -
06:20:49 "POST /collect HTTP/1.1" 200 -
06:20:49 "POST /collect HTTP/1.1" 200 -
06:20:49 "POST /collect HTTP/1.1" 200 -
06:20:49 CF POST /sessions/91c7d299e10fdc6cd567d75053db0e5e517398462a769bbbb823f27c7e4f8c6e/tracks/new -> 200 (507 ms)
06:20:49 "POST /cf/sessions/91c7d299e10fdc6cd567d75053db0e5e517398462a769bbbb823f27c7e4f8c6e/tracks/new HTTP/1.1" 200 -
06:20:49 CF POST /sessions/086064b215ef984c3662b2db487aca0cf0f40fe70c95d4cd4e0ffdc4f55305b5/tracks/new -> 200 (360 ms)
06:20:49 "POST /cf/sessions/086064b215ef984c3662b2db487aca0cf0f40fe70c95d4cd4e0ffdc4f55305b5/tracks/new HTTP/1.1" 200 -
06:20:49 "POST /save/pub-answer-l.sdp HTTP/1.1" 200 -
06:20:49 "POST /save/pub-answer-a.sdp HTTP/1.1" 200 -
06:20:49 "POST /collect HTTP/1.1" 200 -
06:20:49 "POST /join HTTP/1.1" 200 -
06:20:49 "POST /collect HTTP/1.1" 200 -
06:20:49 "POST /collect HTTP/1.1" 200 -
06:20:49 "POST /collect HTTP/1.1" 200 -
06:20:49 "POST /collect HTTP/1.1" 200 -
06:20:49 "POST /collect HTTP/1.1" 200 -
06:20:49 "POST /collect HTTP/1.1" 200 -
06:20:49 "POST /collect HTTP/1.1" 200 -
06:20:49 CF POST /sessions/6cb362b5b892e48ce5ff35269659c2591b29244dbf7669853616dff98d919b50/tracks/new -> 200 (351 ms)
06:20:49 "POST /cf/sessions/6cb362b5b892e48ce5ff35269659c2591b29244dbf7669853616dff98d919b50/tracks/new HTTP/1.1" 200 -
06:20:49 CF POST /sessions/5c8e1b4933f780dd7f1b80881497226dd99d9ca0f1971f448ad18fff66bd7af0/tracks/new -> 200 (351 ms)
06:20:49 "POST /cf/sessions/5c8e1b4933f780dd7f1b80881497226dd99d9ca0f1971f448ad18fff66bd7af0/tracks/new HTTP/1.1" 200 -
06:20:49 "POST /save/pub-answer-1.sdp HTTP/1.1" 200 -
06:20:49 "POST /save/pub-answer-b.sdp HTTP/1.1" 200 -
06:20:49 CF POST /sessions/f3418d11299405072ce26642c1fd0cf5a5f77828ab0edc6fd950c0c9ade6b0bc/tracks/new -> 200 (323 ms)
06:20:49 "POST /cf/sessions/f3418d11299405072ce26642c1fd0cf5a5f77828ab0edc6fd950c0c9ade6b0bc/tracks/new HTTP/1.1" 200 -
06:20:49 "POST /collect HTTP/1.1" 200 -
06:20:49 "POST /collect HTTP/1.1" 200 -
06:20:49 "POST /collect HTTP/1.1" 200 -
06:20:49 "POST /save/pub-answer-q.sdp HTTP/1.1" 200 -
06:20:49 "POST /collect HTTP/1.1" 200 -
06:20:49 "POST /collect HTTP/1.1" 200 -
06:20:49 "POST /collect HTTP/1.1" 200 -
06:20:49 "POST /collect HTTP/1.1" 200 -
06:20:49 "POST /save/pub-answer-n.sdp HTTP/1.1" 200 -
06:20:49 "POST /collect HTTP/1.1" 200 -
06:20:49 "POST /collect HTTP/1.1" 200 -
06:20:49 "POST /collect HTTP/1.1" 200 -
06:20:49 "POST /collect HTTP/1.1" 200 -
06:20:49 "POST /collect HTTP/1.1" 200 -
06:20:49 "POST /collect HTTP/1.1" 200 -
06:20:49 "POST /collect HTTP/1.1" 200 -
06:20:49 "POST /collect HTTP/1.1" 200 -
06:20:49 "POST /collect HTTP/1.1" 200 -
06:20:49 "POST /collect HTTP/1.1" 200 -
06:20:49 "POST /collect HTTP/1.1" 200 -
06:20:49 CF POST /sessions/fc7725d1c92c6b1e806fd045b1d52d763179861735dde15c714a96504c29dc08/tracks/new -> 200 (386 ms)
06:20:49 "POST /cf/sessions/fc7725d1c92c6b1e806fd045b1d52d763179861735dde15c714a96504c29dc08/tracks/new HTTP/1.1" 200 -
06:20:49 "POST /save/pub-answer-o.sdp HTTP/1.1" 200 -
06:20:49 "POST /collect HTTP/1.1" 200 -
06:20:49 "POST /collect HTTP/1.1" 200 -
06:20:49 "POST /collect HTTP/1.1" 200 -
06:20:49 "POST /collect HTTP/1.1" 200 -
06:20:49 "POST /collect HTTP/1.1" 200 -
06:20:49 "POST /collect HTTP/1.1" 200 -
06:20:49 "POST /join HTTP/1.1" 200 -
06:20:49 "POST /collect HTTP/1.1" 200 -
06:20:49 "POST /collect HTTP/1.1" 200 -
06:20:49 "POST /collect HTTP/1.1" 200 -
06:20:49 "POST /collect HTTP/1.1" 200 -
06:20:49 "POST /collect HTTP/1.1" 200 -
06:20:49 "POST /collect HTTP/1.1" 200 -
06:20:49 CF POST /sessions/3547827ed2c7b33cb8c9f8f68335236fbb8dc3b809f5f452b5768b43c0344967/tracks/new -> 200 (452 ms)
06:20:49 "POST /cf/sessions/3547827ed2c7b33cb8c9f8f68335236fbb8dc3b809f5f452b5768b43c0344967/tracks/new HTTP/1.1" 200 -
06:20:49 "POST /save/pub-answer-u.sdp HTTP/1.1" 200 -
06:20:49 "POST /join HTTP/1.1" 200 -
06:20:49 "POST /join HTTP/1.1" 200 -
06:20:49 "POST /join HTTP/1.1" 200 -
06:20:49 "POST /collect HTTP/1.1" 200 -
06:20:49 "POST /collect HTTP/1.1" 200 -
06:20:49 "POST /collect HTTP/1.1" 200 -
06:20:49 "POST /collect HTTP/1.1" 200 -
06:20:49 "POST /collect HTTP/1.1" 200 -
06:20:49 "POST /collect HTTP/1.1" 200 -
06:20:49 "POST /collect HTTP/1.1" 200 -
06:20:49 "POST /collect HTTP/1.1" 200 -
06:20:49 "POST /join HTTP/1.1" 200 -
06:20:49 "POST /join HTTP/1.1" 200 -
06:20:49 "POST /collect HTTP/1.1" 200 -
06:20:49 "POST /collect HTTP/1.1" 200 -
06:20:49 "POST /collect HTTP/1.1" 200 -
06:20:49 "POST /collect HTTP/1.1" 200 -
06:20:49 "POST /join HTTP/1.1" 200 -
06:20:49 "POST /join HTTP/1.1" 200 -
06:20:49 "POST /join HTTP/1.1" 200 -
06:20:49 "POST /collect HTTP/1.1" 200 -
06:20:49 "POST /collect HTTP/1.1" 200 -
06:20:49 "POST /collect HTTP/1.1" 200 -
06:20:49 "POST /join HTTP/1.1" 200 -
06:20:49 "POST /join HTTP/1.1" 200 -
06:20:49 "POST /collect HTTP/1.1" 200 -
06:20:49 "POST /collect HTTP/1.1" 200 -
06:20:49 "POST /collect HTTP/1.1" 200 -
06:20:49 "POST /collect HTTP/1.1" 200 -
06:20:49 "POST /collect HTTP/1.1" 200 -
06:20:49 "POST /collect HTTP/1.1" 200 -
06:20:49 "POST /collect HTTP/1.1" 200 -
06:20:49 "POST /collect HTTP/1.1" 200 -
06:20:49 "POST /collect HTTP/1.1" 200 -
06:20:49 "POST /join HTTP/1.1" 200 -
06:20:49 "POST /collect HTTP/1.1" 200 -
06:20:49 "POST /join HTTP/1.1" 200 -
06:20:49 "POST /join HTTP/1.1" 200 -
06:20:49 "POST /collect HTTP/1.1" 200 -
06:20:49 "POST /join HTTP/1.1" 200 -
06:20:49 "POST /collect HTTP/1.1" 200 -
06:20:49 "POST /collect HTTP/1.1" 200 -
06:20:49 "POST /collect HTTP/1.1" 200 -
06:20:49 "POST /collect HTTP/1.1" 200 -
06:20:49 "POST /collect HTTP/1.1" 200 -
06:20:49 "POST /join HTTP/1.1" 200 -
06:20:49 "POST /join HTTP/1.1" 200 -
06:20:49 "POST /collect HTTP/1.1" 200 -
06:20:49 "POST /collect HTTP/1.1" 200 -
06:20:49 "POST /join HTTP/1.1" 200 -
06:20:49 "POST /join HTTP/1.1" 200 -
06:20:49 "POST /collect HTTP/1.1" 200 -
06:20:49 "POST /collect HTTP/1.1" 200 -
06:20:49 "POST /collect HTTP/1.1" 200 -
06:20:49 "POST /join HTTP/1.1" 200 -
06:20:49 "POST /join HTTP/1.1" 200 -
06:20:49 "POST /collect HTTP/1.1" 200 -
06:20:49 "POST /collect HTTP/1.1" 200 -
06:20:49 "POST /collect HTTP/1.1" 200 -
06:20:49 "POST /join HTTP/1.1" 200 -
06:20:49 "POST /collect HTTP/1.1" 200 -
06:20:50 "POST /join HTTP/1.1" 200 -
06:20:50 "POST /collect HTTP/1.1" 200 -
06:20:50 "POST /collect HTTP/1.1" 200 -
06:20:50 "POST /collect HTTP/1.1" 200 -
06:20:50 "POST /collect HTTP/1.1" 200 -
06:20:50 "POST /join HTTP/1.1" 200 -
06:20:50 "POST /join HTTP/1.1" 200 -
06:20:50 "POST /collect HTTP/1.1" 200 -
06:20:50 "POST /collect HTTP/1.1" 200 -
06:20:50 "POST /join HTTP/1.1" 200 -
06:20:50 "POST /collect HTTP/1.1" 200 -
06:20:50 "POST /join HTTP/1.1" 200 -
06:20:50 "POST /collect HTTP/1.1" 200 -
06:20:50 "POST /join HTTP/1.1" 200 -
06:20:50 "POST /collect HTTP/1.1" 200 -
06:20:50 "POST /join HTTP/1.1" 200 -
06:20:50 "POST /collect HTTP/1.1" 200 -
06:20:50 "POST /join HTTP/1.1" 200 -
06:20:50 "POST /collect HTTP/1.1" 200 -
06:20:50 "POST /join HTTP/1.1" 200 -
06:20:50 "POST /collect HTTP/1.1" 200 -
06:20:50 "GET /roster HTTP/1.1" 200 -
06:20:50 "POST /join HTTP/1.1" 200 -
06:20:50 "POST /collect HTTP/1.1" 200 -
06:20:51 "POST /join HTTP/1.1" 200 -
06:20:51 "POST /collect HTTP/1.1" 200 -
06:20:51 CF POST /sessions/0521e0873798611a33244608f43a1fac0c6816296824e64f860dcf6322c456a2/tracks/new -> 200 (266 ms)
06:20:51 "POST /cf/sessions/0521e0873798611a33244608f43a1fac0c6816296824e64f860dcf6322c456a2/tracks/new HTTP/1.1" 200 -
06:20:51 "POST /collect HTTP/1.1" 200 -
06:20:51 "POST /join HTTP/1.1" 200 -
06:20:51 "POST /collect HTTP/1.1" 200 -
06:20:51 CF PUT /sessions/0521e0873798611a33244608f43a1fac0c6816296824e64f860dcf6322c456a2/renegotiate -> 200 (159 ms)
06:20:51 "PUT /cf/sessions/0521e0873798611a33244608f43a1fac0c6816296824e64f860dcf6322c456a2/renegotiate HTTP/1.1" 200 -
06:20:51 "POST /collect HTTP/1.1" 200 -
06:20:51 CF POST /sessions/0521e0873798611a33244608f43a1fac0c6816296824e64f860dcf6322c456a2/tracks/new -> 200 (345 ms)
06:20:51 "POST /cf/sessions/0521e0873798611a33244608f43a1fac0c6816296824e64f860dcf6322c456a2/tracks/new HTTP/1.1" 200 -
06:20:51 "POST /collect HTTP/1.1" 200 -
06:20:51 CF PUT /sessions/0521e0873798611a33244608f43a1fac0c6816296824e64f860dcf6322c456a2/renegotiate -> 200 (148 ms)
06:20:51 "PUT /cf/sessions/0521e0873798611a33244608f43a1fac0c6816296824e64f860dcf6322c456a2/renegotiate HTTP/1.1" 200 -
06:20:51 "POST /collect HTTP/1.1" 200 -
06:20:52 CF POST /sessions/0521e0873798611a33244608f43a1fac0c6816296824e64f860dcf6322c456a2/tracks/new -> 200 (275 ms)
06:20:52 "POST /cf/sessions/0521e0873798611a33244608f43a1fac0c6816296824e64f860dcf6322c456a2/tracks/new HTTP/1.1" 200 -
06:20:52 "POST /collect HTTP/1.1" 200 -
06:20:52 CF PUT /sessions/0521e0873798611a33244608f43a1fac0c6816296824e64f860dcf6322c456a2/renegotiate -> 200 (140 ms)
06:20:52 "PUT /cf/sessions/0521e0873798611a33244608f43a1fac0c6816296824e64f860dcf6322c456a2/renegotiate HTTP/1.1" 200 -
06:20:52 "POST /collect HTTP/1.1" 200 -
06:20:52 CF POST /sessions/0521e0873798611a33244608f43a1fac0c6816296824e64f860dcf6322c456a2/tracks/new -> 200 (255 ms)
06:20:52 "POST /cf/sessions/0521e0873798611a33244608f43a1fac0c6816296824e64f860dcf6322c456a2/tracks/new HTTP/1.1" 200 -
06:20:52 "POST /collect HTTP/1.1" 200 -
06:20:52 "POST /collect HTTP/1.1" 200 -
06:20:52 "POST /collect HTTP/1.1" 200 -
06:20:52 "POST /collect HTTP/1.1" 200 -
06:20:52 "POST /collect HTTP/1.1" 200 -
06:20:52 "POST /collect HTTP/1.1" 200 -
06:20:52 "POST /collect HTTP/1.1" 200 -
06:20:52 "POST /collect HTTP/1.1" 200 -
06:20:52 "POST /collect HTTP/1.1" 200 -
06:20:52 "POST /collect HTTP/1.1" 200 -
06:20:52 CF PUT /sessions/0521e0873798611a33244608f43a1fac0c6816296824e64f860dcf6322c456a2/renegotiate -> 200 (179 ms)
06:20:52 "PUT /cf/sessions/0521e0873798611a33244608f43a1fac0c6816296824e64f860dcf6322c456a2/renegotiate HTTP/1.1" 200 -
06:20:52 "POST /collect HTTP/1.1" 200 -
06:20:52 "POST /collect HTTP/1.1" 200 -
06:20:52 "POST /collect HTTP/1.1" 200 -
06:20:52 "POST /collect HTTP/1.1" 200 -
06:20:52 "POST /collect HTTP/1.1" 200 -
06:20:52 "POST /collect HTTP/1.1" 200 -
06:20:52 "POST /collect HTTP/1.1" 200 -
06:20:52 "POST /collect HTTP/1.1" 200 -
06:20:52 "POST /collect HTTP/1.1" 200 -
06:20:52 "POST /collect HTTP/1.1" 200 -
06:20:52 "POST /collect HTTP/1.1" 200 -
06:20:52 "POST /collect HTTP/1.1" 200 -
06:20:52 "POST /collect HTTP/1.1" 200 -
06:20:52 "GET /roster HTTP/1.1" 200 -
06:20:52 "POST /collect HTTP/1.1" 200 -
06:20:52 "POST /join HTTP/1.1" 200 -
06:20:52 "POST /collect HTTP/1.1" 200 -
06:20:52 "GET /roster HTTP/1.1" 200 -
06:20:52 "POST /collect HTTP/1.1" 200 -
06:20:53 "POST /collect HTTP/1.1" 200 -
06:20:53 CF POST /sessions/0521e0873798611a33244608f43a1fac0c6816296824e64f860dcf6322c456a2/tracks/new -> 200 (275 ms)
06:20:53 "POST /cf/sessions/0521e0873798611a33244608f43a1fac0c6816296824e64f860dcf6322c456a2/tracks/new HTTP/1.1" 200 -
06:20:53 CF POST /sessions/5c8e1b4933f780dd7f1b80881497226dd99d9ca0f1971f448ad18fff66bd7af0/tracks/new -> 200 (185 ms)
06:20:53 "POST /cf/sessions/5c8e1b4933f780dd7f1b80881497226dd99d9ca0f1971f448ad18fff66bd7af0/tracks/new HTTP/1.1" 200 -
06:20:53 "POST /collect HTTP/1.1" 200 -
06:20:53 CF PUT /sessions/0521e0873798611a33244608f43a1fac0c6816296824e64f860dcf6322c456a2/renegotiate -> 200 (180 ms)
06:20:53 "PUT /cf/sessions/0521e0873798611a33244608f43a1fac0c6816296824e64f860dcf6322c456a2/renegotiate HTTP/1.1" 200 -
06:20:53 "POST /collect HTTP/1.1" 200 -
06:20:53 CF PUT /sessions/5c8e1b4933f780dd7f1b80881497226dd99d9ca0f1971f448ad18fff66bd7af0/renegotiate -> 200 (134 ms)
06:20:53 "PUT /cf/sessions/5c8e1b4933f780dd7f1b80881497226dd99d9ca0f1971f448ad18fff66bd7af0/renegotiate HTTP/1.1" 200 -
06:20:53 "POST /collect HTTP/1.1" 200 -
06:20:53 CF POST /sessions/5c8e1b4933f780dd7f1b80881497226dd99d9ca0f1971f448ad18fff66bd7af0/tracks/new -> 200 (174 ms)
06:20:53 "POST /cf/sessions/5c8e1b4933f780dd7f1b80881497226dd99d9ca0f1971f448ad18fff66bd7af0/tracks/new HTTP/1.1" 200 -
06:20:53 CF POST /sessions/0521e0873798611a33244608f43a1fac0c6816296824e64f860dcf6322c456a2/tracks/new -> 200 (266 ms)
06:20:53 "POST /cf/sessions/0521e0873798611a33244608f43a1fac0c6816296824e64f860dcf6322c456a2/tracks/new HTTP/1.1" 200 -
06:20:53 CF PUT /sessions/5c8e1b4933f780dd7f1b80881497226dd99d9ca0f1971f448ad18fff66bd7af0/renegotiate -> 200 (190 ms)
06:20:53 "PUT /cf/sessions/5c8e1b4933f780dd7f1b80881497226dd99d9ca0f1971f448ad18fff66bd7af0/renegotiate HTTP/1.1" 200 -
06:20:53 "POST /collect HTTP/1.1" 200 -
06:20:53 CF PUT /sessions/0521e0873798611a33244608f43a1fac0c6816296824e64f860dcf6322c456a2/renegotiate -> 200 (169 ms)
06:20:53 "PUT /cf/sessions/0521e0873798611a33244608f43a1fac0c6816296824e64f860dcf6322c456a2/renegotiate HTTP/1.1" 200 -
06:20:53 "POST /collect HTTP/1.1" 200 -
06:20:53 "POST /collect HTTP/1.1" 200 -
06:20:53 "POST /collect HTTP/1.1" 200 -
06:20:53 "POST /collect HTTP/1.1" 200 -
06:20:53 "POST /collect HTTP/1.1" 200 -
06:20:53 "POST /collect HTTP/1.1" 200 -
06:20:53 "POST /collect HTTP/1.1" 200 -
06:20:53 CF POST /sessions/5c8e1b4933f780dd7f1b80881497226dd99d9ca0f1971f448ad18fff66bd7af0/tracks/new -> 200 (193 ms)
06:20:53 "POST /cf/sessions/5c8e1b4933f780dd7f1b80881497226dd99d9ca0f1971f448ad18fff66bd7af0/tracks/new HTTP/1.1" 200 -
06:20:53 "POST /collect HTTP/1.1" 200 -
06:20:53 "POST /collect HTTP/1.1" 200 -
06:20:53 CF POST /sessions/0521e0873798611a33244608f43a1fac0c6816296824e64f860dcf6322c456a2/tracks/new -> 200 (225 ms)
06:20:53 "POST /cf/sessions/0521e0873798611a33244608f43a1fac0c6816296824e64f860dcf6322c456a2/tracks/new HTTP/1.1" 200 -
06:20:54 "POST /collect HTTP/1.1" 200 -
06:20:54 CF PUT /sessions/5c8e1b4933f780dd7f1b80881497226dd99d9ca0f1971f448ad18fff66bd7af0/renegotiate -> 200 (152 ms)
06:20:54 "PUT /cf/sessions/5c8e1b4933f780dd7f1b80881497226dd99d9ca0f1971f448ad18fff66bd7af0/renegotiate HTTP/1.1" 200 -
06:20:54 "POST /collect HTTP/1.1" 200 -
06:20:54 "POST /collect HTTP/1.1" 200 -
06:20:54 CF PUT /sessions/0521e0873798611a33244608f43a1fac0c6816296824e64f860dcf6322c456a2/renegotiate -> 200 (191 ms)
06:20:54 "PUT /cf/sessions/0521e0873798611a33244608f43a1fac0c6816296824e64f860dcf6322c456a2/renegotiate HTTP/1.1" 200 -
06:20:54 "POST /collect HTTP/1.1" 200 -
06:20:54 "POST /collect HTTP/1.1" 200 -
06:20:54 CF POST /sessions/5c8e1b4933f780dd7f1b80881497226dd99d9ca0f1971f448ad18fff66bd7af0/tracks/new -> 200 (199 ms)
06:20:54 "POST /cf/sessions/5c8e1b4933f780dd7f1b80881497226dd99d9ca0f1971f448ad18fff66bd7af0/tracks/new HTTP/1.1" 200 -
06:20:54 "POST /collect HTTP/1.1" 200 -
06:20:54 CF PUT /sessions/5c8e1b4933f780dd7f1b80881497226dd99d9ca0f1971f448ad18fff66bd7af0/renegotiate -> 200 (148 ms)
06:20:54 "PUT /cf/sessions/5c8e1b4933f780dd7f1b80881497226dd99d9ca0f1971f448ad18fff66bd7af0/renegotiate HTTP/1.1" 200 -
06:20:54 "POST /collect HTTP/1.1" 200 -
06:20:54 CF POST /sessions/0521e0873798611a33244608f43a1fac0c6816296824e64f860dcf6322c456a2/tracks/new -> 200 (287 ms)
06:20:54 "POST /cf/sessions/0521e0873798611a33244608f43a1fac0c6816296824e64f860dcf6322c456a2/tracks/new HTTP/1.1" 200 -
06:20:54 CF POST /sessions/5c8e1b4933f780dd7f1b80881497226dd99d9ca0f1971f448ad18fff66bd7af0/tracks/new -> 200 (189 ms)
06:20:54 "POST /cf/sessions/5c8e1b4933f780dd7f1b80881497226dd99d9ca0f1971f448ad18fff66bd7af0/tracks/new HTTP/1.1" 200 -
06:20:54 CF PUT /sessions/0521e0873798611a33244608f43a1fac0c6816296824e64f860dcf6322c456a2/renegotiate -> 200 (178 ms)
06:20:54 "PUT /cf/sessions/0521e0873798611a33244608f43a1fac0c6816296824e64f860dcf6322c456a2/renegotiate HTTP/1.1" 200 -
06:20:54 "POST /collect HTTP/1.1" 200 -
06:20:54 CF PUT /sessions/5c8e1b4933f780dd7f1b80881497226dd99d9ca0f1971f448ad18fff66bd7af0/renegotiate -> 200 (163 ms)
06:20:54 "PUT /cf/sessions/5c8e1b4933f780dd7f1b80881497226dd99d9ca0f1971f448ad18fff66bd7af0/renegotiate HTTP/1.1" 200 -
06:20:54 "POST /collect HTTP/1.1" 200 -
06:20:54 CF POST /sessions/0521e0873798611a33244608f43a1fac0c6816296824e64f860dcf6322c456a2/tracks/new -> 200 (225 ms)
06:20:54 "POST /cf/sessions/0521e0873798611a33244608f43a1fac0c6816296824e64f860dcf6322c456a2/tracks/new HTTP/1.1" 200 -
06:20:54 "GET /roster HTTP/1.1" 200 -
06:20:54 "POST /collect HTTP/1.1" 200 -
06:20:54 "GET /roster HTTP/1.1" 200 -
06:20:54 "POST /collect HTTP/1.1" 200 -
06:20:55 CF POST /sessions/5c8e1b4933f780dd7f1b80881497226dd99d9ca0f1971f448ad18fff66bd7af0/tracks/new -> 200 (209 ms)
06:20:55 "POST /cf/sessions/5c8e1b4933f780dd7f1b80881497226dd99d9ca0f1971f448ad18fff66bd7af0/tracks/new HTTP/1.1" 200 -
06:20:55 CF PUT /sessions/0521e0873798611a33244608f43a1fac0c6816296824e64f860dcf6322c456a2/renegotiate -> 200 (180 ms)
06:20:55 "PUT /cf/sessions/0521e0873798611a33244608f43a1fac0c6816296824e64f860dcf6322c456a2/renegotiate HTTP/1.1" 200 -
06:20:55 "POST /collect HTTP/1.1" 200 -
06:20:55 "POST /collect HTTP/1.1" 200 -
06:20:55 CF PUT /sessions/5c8e1b4933f780dd7f1b80881497226dd99d9ca0f1971f448ad18fff66bd7af0/renegotiate -> 200 (171 ms)
06:20:55 "PUT /cf/sessions/5c8e1b4933f780dd7f1b80881497226dd99d9ca0f1971f448ad18fff66bd7af0/renegotiate HTTP/1.1" 200 -
06:20:55 "POST /collect HTTP/1.1" 200 -
06:20:55 "POST /collect HTTP/1.1" 200 -
06:20:55 CF POST /sessions/5c8e1b4933f780dd7f1b80881497226dd99d9ca0f1971f448ad18fff66bd7af0/tracks/new -> 200 (155 ms)
06:20:55 "POST /cf/sessions/5c8e1b4933f780dd7f1b80881497226dd99d9ca0f1971f448ad18fff66bd7af0/tracks/new HTTP/1.1" 200 -
06:20:55 CF POST /sessions/0521e0873798611a33244608f43a1fac0c6816296824e64f860dcf6322c456a2/tracks/new -> 200 (269 ms)
06:20:55 "POST /cf/sessions/0521e0873798611a33244608f43a1fac0c6816296824e64f860dcf6322c456a2/tracks/new HTTP/1.1" 200 -
06:20:55 CF PUT /sessions/5c8e1b4933f780dd7f1b80881497226dd99d9ca0f1971f448ad18fff66bd7af0/renegotiate -> 200 (170 ms)
06:20:55 "PUT /cf/sessions/5c8e1b4933f780dd7f1b80881497226dd99d9ca0f1971f448ad18fff66bd7af0/renegotiate HTTP/1.1" 200 -
06:20:55 "POST /collect HTTP/1.1" 200 -
06:20:55 CF PUT /sessions/0521e0873798611a33244608f43a1fac0c6816296824e64f860dcf6322c456a2/renegotiate -> 200 (190 ms)
06:20:55 "PUT /cf/sessions/0521e0873798611a33244608f43a1fac0c6816296824e64f860dcf6322c456a2/renegotiate HTTP/1.1" 200 -
06:20:55 "POST /collect HTTP/1.1" 200 -
06:20:55 "POST /collect HTTP/1.1" 200 -
06:20:55 "POST /collect HTTP/1.1" 200 -
06:20:55 "POST /collect HTTP/1.1" 200 -
06:20:55 "POST /collect HTTP/1.1" 200 -
06:20:55 "POST /collect HTTP/1.1" 200 -
06:20:55 "POST /collect HTTP/1.1" 200 -
06:20:55 CF POST /sessions/5c8e1b4933f780dd7f1b80881497226dd99d9ca0f1971f448ad18fff66bd7af0/tracks/new -> 200 (197 ms)
06:20:55 "POST /cf/sessions/5c8e1b4933f780dd7f1b80881497226dd99d9ca0f1971f448ad18fff66bd7af0/tracks/new HTTP/1.1" 200 -
06:20:55 "POST /collect HTTP/1.1" 200 -
06:20:55 "POST /collect HTTP/1.1" 200 -
06:20:55 "POST /collect HTTP/1.1" 200 -
06:20:55 "POST /collect HTTP/1.1" 200 -
06:20:55 "POST /collect HTTP/1.1" 200 -
06:20:55 "POST /collect HTTP/1.1" 200 -
06:20:55 "POST /collect HTTP/1.1" 200 -
06:20:55 "POST /collect HTTP/1.1" 200 -
06:20:55 "POST /collect HTTP/1.1" 200 -
06:20:55 "POST /collect HTTP/1.1" 200 -
06:20:55 "POST /collect HTTP/1.1" 200 -
06:20:55 "POST /collect HTTP/1.1" 200 -
06:20:55 CF POST /sessions/0521e0873798611a33244608f43a1fac0c6816296824e64f860dcf6322c456a2/tracks/new -> 200 (261 ms)
06:20:55 "POST /cf/sessions/0521e0873798611a33244608f43a1fac0c6816296824e64f860dcf6322c456a2/tracks/new HTTP/1.1" 200 -
06:20:55 "POST /collect HTTP/1.1" 200 -
06:20:55 "POST /collect HTTP/1.1" 200 -
06:20:55 "POST /collect HTTP/1.1" 200 -
06:20:55 "POST /collect HTTP/1.1" 200 -
06:20:55 "POST /collect HTTP/1.1" 200 -
06:20:55 CF PUT /sessions/5c8e1b4933f780dd7f1b80881497226dd99d9ca0f1971f448ad18fff66bd7af0/renegotiate -> 200 (173 ms)
06:20:55 "PUT /cf/sessions/5c8e1b4933f780dd7f1b80881497226dd99d9ca0f1971f448ad18fff66bd7af0/renegotiate HTTP/1.1" 200 -
06:20:55 "POST /collect HTTP/1.1" 200 -
06:20:56 "POST /collect HTTP/1.1" 200 -
06:20:56 CF PUT /sessions/0521e0873798611a33244608f43a1fac0c6816296824e64f860dcf6322c456a2/renegotiate -> 200 (185 ms)
06:20:56 "PUT /cf/sessions/0521e0873798611a33244608f43a1fac0c6816296824e64f860dcf6322c456a2/renegotiate HTTP/1.1" 200 -
06:20:56 "POST /collect HTTP/1.1" 200 -
06:20:56 "POST /collect HTTP/1.1" 200 -
06:20:56 CF POST /sessions/5c8e1b4933f780dd7f1b80881497226dd99d9ca0f1971f448ad18fff66bd7af0/tracks/new -> 200 (251 ms)
06:20:56 "POST /cf/sessions/5c8e1b4933f780dd7f1b80881497226dd99d9ca0f1971f448ad18fff66bd7af0/tracks/new HTTP/1.1" 200 -
06:20:56 "POST /collect HTTP/1.1" 200 -
06:20:56 CF POST /sessions/0521e0873798611a33244608f43a1fac0c6816296824e64f860dcf6322c456a2/tracks/new -> 200 (259 ms)
06:20:56 "POST /cf/sessions/0521e0873798611a33244608f43a1fac0c6816296824e64f860dcf6322c456a2/tracks/new HTTP/1.1" 200 -
06:20:56 CF PUT /sessions/5c8e1b4933f780dd7f1b80881497226dd99d9ca0f1971f448ad18fff66bd7af0/renegotiate -> 200 (203 ms)
06:20:56 "PUT /cf/sessions/5c8e1b4933f780dd7f1b80881497226dd99d9ca0f1971f448ad18fff66bd7af0/renegotiate HTTP/1.1" 200 -
06:20:56 "POST /collect HTTP/1.1" 200 -
06:20:56 CF PUT /sessions/0521e0873798611a33244608f43a1fac0c6816296824e64f860dcf6322c456a2/renegotiate -> 200 (179 ms)
06:20:56 "PUT /cf/sessions/0521e0873798611a33244608f43a1fac0c6816296824e64f860dcf6322c456a2/renegotiate HTTP/1.1" 200 -
06:20:56 "POST /collect HTTP/1.1" 200 -
06:20:56 CF POST /sessions/5c8e1b4933f780dd7f1b80881497226dd99d9ca0f1971f448ad18fff66bd7af0/tracks/new -> 200 (203 ms)
06:20:56 "POST /cf/sessions/5c8e1b4933f780dd7f1b80881497226dd99d9ca0f1971f448ad18fff66bd7af0/tracks/new HTTP/1.1" 200 -
06:20:56 "POST /collect HTTP/1.1" 200 -
06:20:56 "POST /collect HTTP/1.1" 200 -
06:20:56 CF POST /sessions/0521e0873798611a33244608f43a1fac0c6816296824e64f860dcf6322c456a2/tracks/new -> 200 (221 ms)
06:20:56 "POST /cf/sessions/0521e0873798611a33244608f43a1fac0c6816296824e64f860dcf6322c456a2/tracks/new HTTP/1.1" 200 -
06:20:56 "POST /collect HTTP/1.1" 200 -
06:20:56 "POST /collect HTTP/1.1" 200 -
06:20:56 "POST /collect HTTP/1.1" 200 -
06:20:56 CF PUT /sessions/5c8e1b4933f780dd7f1b80881497226dd99d9ca0f1971f448ad18fff66bd7af0/renegotiate -> 200 (176 ms)
06:20:56 "PUT /cf/sessions/5c8e1b4933f780dd7f1b80881497226dd99d9ca0f1971f448ad18fff66bd7af0/renegotiate HTTP/1.1" 200 -
06:20:56 "POST /collect HTTP/1.1" 200 -
06:20:56 "POST /collect HTTP/1.1" 200 -
06:20:56 "GET /roster HTTP/1.1" 200 -
06:20:56 "POST /collect HTTP/1.1" 200 -
06:20:56 "GET /roster HTTP/1.1" 200 -
06:20:56 "POST /collect HTTP/1.1" 200 -
06:20:56 "POST /collect HTTP/1.1" 200 -
06:20:56 "POST /collect HTTP/1.1" 200 -
06:20:57 "POST /collect HTTP/1.1" 200 -
06:20:57 CF POST /sessions/5c8e1b4933f780dd7f1b80881497226dd99d9ca0f1971f448ad18fff66bd7af0/tracks/new -> 200 (243 ms)
06:20:57 "POST /cf/sessions/5c8e1b4933f780dd7f1b80881497226dd99d9ca0f1971f448ad18fff66bd7af0/tracks/new HTTP/1.1" 200 -
06:20:57 CF PUT /sessions/0521e0873798611a33244608f43a1fac0c6816296824e64f860dcf6322c456a2/renegotiate -> 200 (244 ms)
06:20:57 "PUT /cf/sessions/0521e0873798611a33244608f43a1fac0c6816296824e64f860dcf6322c456a2/renegotiate HTTP/1.1" 200 -
06:20:57 "POST /collect HTTP/1.1" 200 -
06:20:57 "POST /collect HTTP/1.1" 200 -
06:20:57 "POST /collect HTTP/1.1" 200 -
06:20:57 CF PUT /sessions/5c8e1b4933f780dd7f1b80881497226dd99d9ca0f1971f448ad18fff66bd7af0/renegotiate -> 200 (191 ms)
06:20:57 "PUT /cf/sessions/5c8e1b4933f780dd7f1b80881497226dd99d9ca0f1971f448ad18fff66bd7af0/renegotiate HTTP/1.1" 200 -
06:20:57 "POST /collect HTTP/1.1" 200 -
06:20:57 CF POST /sessions/0521e0873798611a33244608f43a1fac0c6816296824e64f860dcf6322c456a2/tracks/new -> 200 (258 ms)
06:20:57 "POST /cf/sessions/0521e0873798611a33244608f43a1fac0c6816296824e64f860dcf6322c456a2/tracks/new HTTP/1.1" 200 -
06:20:57 "POST /collect HTTP/1.1" 200 -
06:20:57 CF POST /sessions/5c8e1b4933f780dd7f1b80881497226dd99d9ca0f1971f448ad18fff66bd7af0/tracks/new -> 200 (211 ms)
06:20:57 "POST /cf/sessions/5c8e1b4933f780dd7f1b80881497226dd99d9ca0f1971f448ad18fff66bd7af0/tracks/new HTTP/1.1" 200 -
06:20:57 CF PUT /sessions/0521e0873798611a33244608f43a1fac0c6816296824e64f860dcf6322c456a2/renegotiate -> 200 (162 ms)
06:20:57 "PUT /cf/sessions/0521e0873798611a33244608f43a1fac0c6816296824e64f860dcf6322c456a2/renegotiate HTTP/1.1" 200 -
06:20:57 "POST /collect HTTP/1.1" 200 -
06:20:57 CF PUT /sessions/5c8e1b4933f780dd7f1b80881497226dd99d9ca0f1971f448ad18fff66bd7af0/renegotiate -> 200 (176 ms)
06:20:57 "PUT /cf/sessions/5c8e1b4933f780dd7f1b80881497226dd99d9ca0f1971f448ad18fff66bd7af0/renegotiate HTTP/1.1" 200 -
06:20:57 "POST /collect HTTP/1.1" 200 -
06:20:57 CF POST /sessions/0521e0873798611a33244608f43a1fac0c6816296824e64f860dcf6322c456a2/tracks/new -> 200 (282 ms)
06:20:57 "POST /cf/sessions/0521e0873798611a33244608f43a1fac0c6816296824e64f860dcf6322c456a2/tracks/new HTTP/1.1" 200 -
06:20:57 CF POST /sessions/5c8e1b4933f780dd7f1b80881497226dd99d9ca0f1971f448ad18fff66bd7af0/tracks/new -> 200 (171 ms)
06:20:57 "POST /cf/sessions/5c8e1b4933f780dd7f1b80881497226dd99d9ca0f1971f448ad18fff66bd7af0/tracks/new HTTP/1.1" 200 -
06:20:58 CF PUT /sessions/0521e0873798611a33244608f43a1fac0c6816296824e64f860dcf6322c456a2/renegotiate -> 200 (174 ms)
06:20:58 "PUT /cf/sessions/0521e0873798611a33244608f43a1fac0c6816296824e64f860dcf6322c456a2/renegotiate HTTP/1.1" 200 -
06:20:58 "POST /collect HTTP/1.1" 200 -
06:20:58 "POST /collect HTTP/1.1" 200 -
06:20:58 CF PUT /sessions/5c8e1b4933f780dd7f1b80881497226dd99d9ca0f1971f448ad18fff66bd7af0/renegotiate -> 200 (194 ms)
06:20:58 "PUT /cf/sessions/5c8e1b4933f780dd7f1b80881497226dd99d9ca0f1971f448ad18fff66bd7af0/renegotiate HTTP/1.1" 200 -
06:20:58 "POST /collect HTTP/1.1" 200 -
06:20:58 "POST /collect HTTP/1.1" 200 -
06:20:58 CF POST /sessions/0521e0873798611a33244608f43a1fac0c6816296824e64f860dcf6322c456a2/tracks/new -> 200 (226 ms)
06:20:58 "POST /cf/sessions/0521e0873798611a33244608f43a1fac0c6816296824e64f860dcf6322c456a2/tracks/new HTTP/1.1" 200 -
06:20:58 CF POST /sessions/5c8e1b4933f780dd7f1b80881497226dd99d9ca0f1971f448ad18fff66bd7af0/tracks/new -> 200 (165 ms)
06:20:58 "POST /cf/sessions/5c8e1b4933f780dd7f1b80881497226dd99d9ca0f1971f448ad18fff66bd7af0/tracks/new HTTP/1.1" 200 -
06:20:58 CF PUT /sessions/0521e0873798611a33244608f43a1fac0c6816296824e64f860dcf6322c456a2/renegotiate -> 200 (199 ms)
06:20:58 "PUT /cf/sessions/0521e0873798611a33244608f43a1fac0c6816296824e64f860dcf6322c456a2/renegotiate HTTP/1.1" 200 -
06:20:58 "POST /collect HTTP/1.1" 200 -
06:20:58 CF PUT /sessions/5c8e1b4933f780dd7f1b80881497226dd99d9ca0f1971f448ad18fff66bd7af0/renegotiate -> 200 (192 ms)
06:20:58 "PUT /cf/sessions/5c8e1b4933f780dd7f1b80881497226dd99d9ca0f1971f448ad18fff66bd7af0/renegotiate HTTP/1.1" 200 -
06:20:58 "POST /collect HTTP/1.1" 200 -
06:20:58 "POST /collect HTTP/1.1" 200 -
06:20:58 "POST /collect HTTP/1.1" 200 -
06:20:58 "POST /collect HTTP/1.1" 200 -
06:20:58 "POST /collect HTTP/1.1" 200 -
06:20:58 "POST /collect HTTP/1.1" 200 -
06:20:58 "POST /collect HTTP/1.1" 200 -
06:20:58 "POST /collect HTTP/1.1" 200 -
06:20:58 "POST /collect HTTP/1.1" 200 -
06:20:58 "POST /collect HTTP/1.1" 200 -
06:20:58 "POST /collect HTTP/1.1" 200 -
06:20:58 "POST /collect HTTP/1.1" 200 -
06:20:58 "POST /collect HTTP/1.1" 200 -
06:20:58 "POST /collect HTTP/1.1" 200 -
06:20:58 "POST /collect HTTP/1.1" 200 -
06:20:58 "POST /collect HTTP/1.1" 200 -
06:20:58 "POST /collect HTTP/1.1" 200 -
06:20:58 CF POST /sessions/5c8e1b4933f780dd7f1b80881497226dd99d9ca0f1971f448ad18fff66bd7af0/tracks/new -> 200 (206 ms)
06:20:58 "POST /cf/sessions/5c8e1b4933f780dd7f1b80881497226dd99d9ca0f1971f448ad18fff66bd7af0/tracks/new HTTP/1.1" 200 -
06:20:58 CF POST /sessions/0521e0873798611a33244608f43a1fac0c6816296824e64f860dcf6322c456a2/tracks/new -> 200 (263 ms)
06:20:58 "POST /cf/sessions/0521e0873798611a33244608f43a1fac0c6816296824e64f860dcf6322c456a2/tracks/new HTTP/1.1" 200 -
06:20:58 "POST /collect HTTP/1.1" 200 -
06:20:58 "POST /collect HTTP/1.1" 200 -
06:20:58 "POST /collect HTTP/1.1" 200 -
06:20:58 "POST /collect HTTP/1.1" 200 -
06:20:58 "POST /collect HTTP/1.1" 200 -
06:20:58 "POST /collect HTTP/1.1" 200 -
06:20:58 "GET /roster HTTP/1.1" 200 -
06:20:58 "POST /collect HTTP/1.1" 200 -
06:20:58 "POST /collect HTTP/1.1" 200 -
06:20:58 "GET /roster HTTP/1.1" 200 -
06:20:58 "POST /collect HTTP/1.1" 200 -
06:20:59 "POST /collect HTTP/1.1" 200 -
06:20:59 CF PUT /sessions/5c8e1b4933f780dd7f1b80881497226dd99d9ca0f1971f448ad18fff66bd7af0/renegotiate -> 200 (212 ms)
06:20:59 "PUT /cf/sessions/5c8e1b4933f780dd7f1b80881497226dd99d9ca0f1971f448ad18fff66bd7af0/renegotiate HTTP/1.1" 200 -
06:20:59 "POST /collect HTTP/1.1" 200 -
06:20:59 "POST /collect HTTP/1.1" 200 -
06:20:59 CF PUT /sessions/0521e0873798611a33244608f43a1fac0c6816296824e64f860dcf6322c456a2/renegotiate -> 200 (224 ms)
06:20:59 "PUT /cf/sessions/0521e0873798611a33244608f43a1fac0c6816296824e64f860dcf6322c456a2/renegotiate HTTP/1.1" 200 -
06:20:59 "POST /collect HTTP/1.1" 200 -
06:20:59 "POST /collect HTTP/1.1" 200 -
06:20:59 CF POST /sessions/5c8e1b4933f780dd7f1b80881497226dd99d9ca0f1971f448ad18fff66bd7af0/tracks/new -> 200 (168 ms)
06:20:59 "POST /cf/sessions/5c8e1b4933f780dd7f1b80881497226dd99d9ca0f1971f448ad18fff66bd7af0/tracks/new HTTP/1.1" 200 -
06:20:59 CF POST /sessions/0521e0873798611a33244608f43a1fac0c6816296824e64f860dcf6322c456a2/tracks/new -> 200 (289 ms)
06:20:59 "POST /cf/sessions/0521e0873798611a33244608f43a1fac0c6816296824e64f860dcf6322c456a2/tracks/new HTTP/1.1" 200 -
06:20:59 CF PUT /sessions/5c8e1b4933f780dd7f1b80881497226dd99d9ca0f1971f448ad18fff66bd7af0/renegotiate -> 200 (203 ms)
06:20:59 "PUT /cf/sessions/5c8e1b4933f780dd7f1b80881497226dd99d9ca0f1971f448ad18fff66bd7af0/renegotiate HTTP/1.1" 200 -
06:20:59 "POST /collect HTTP/1.1" 200 -
06:20:59 CF POST /sessions/5c8e1b4933f780dd7f1b80881497226dd99d9ca0f1971f448ad18fff66bd7af0/tracks/new -> 200 (198 ms)
06:20:59 "POST /cf/sessions/5c8e1b4933f780dd7f1b80881497226dd99d9ca0f1971f448ad18fff66bd7af0/tracks/new HTTP/1.1" 200 -
06:20:59 CF PUT /sessions/0521e0873798611a33244608f43a1fac0c6816296824e64f860dcf6322c456a2/renegotiate -> 200 (204 ms)
06:20:59 "PUT /cf/sessions/0521e0873798611a33244608f43a1fac0c6816296824e64f860dcf6322c456a2/renegotiate HTTP/1.1" 200 -
06:20:59 "POST /collect HTTP/1.1" 200 -
06:20:59 "POST /collect HTTP/1.1" 200 -
06:20:59 "POST /collect HTTP/1.1" 200 -
06:20:59 "POST /collect HTTP/1.1" 200 -
06:20:59 "POST /collect HTTP/1.1" 200 -
06:20:59 "POST /collect HTTP/1.1" 200 -
06:20:59 "POST /collect HTTP/1.1" 200 -
06:20:59 "POST /collect HTTP/1.1" 200 -
06:20:59 "POST /collect HTTP/1.1" 200 -
06:20:59 CF POST /sessions/0521e0873798611a33244608f43a1fac0c6816296824e64f860dcf6322c456a2/tracks/new -> 200 (197 ms)
06:20:59 "POST /cf/sessions/0521e0873798611a33244608f43a1fac0c6816296824e64f860dcf6322c456a2/tracks/new HTTP/1.1" 200 -
06:20:59 CF PUT /sessions/5c8e1b4933f780dd7f1b80881497226dd99d9ca0f1971f448ad18fff66bd7af0/renegotiate -> 200 (196 ms)
06:20:59 "PUT /cf/sessions/5c8e1b4933f780dd7f1b80881497226dd99d9ca0f1971f448ad18fff66bd7af0/renegotiate HTTP/1.1" 200 -
06:21:00 "POST /collect HTTP/1.1" 200 -
06:21:00 "POST /collect HTTP/1.1" 200 -
06:21:00 "POST /collect HTTP/1.1" 200 -
06:21:00 CF POST /sessions/5c8e1b4933f780dd7f1b80881497226dd99d9ca0f1971f448ad18fff66bd7af0/tracks/new -> 200 (230 ms)
06:21:00 "POST /cf/sessions/5c8e1b4933f780dd7f1b80881497226dd99d9ca0f1971f448ad18fff66bd7af0/tracks/new HTTP/1.1" 200 -
06:21:00 CF PUT /sessions/0521e0873798611a33244608f43a1fac0c6816296824e64f860dcf6322c456a2/renegotiate -> 200 (173 ms)
06:21:00 "PUT /cf/sessions/0521e0873798611a33244608f43a1fac0c6816296824e64f860dcf6322c456a2/renegotiate HTTP/1.1" 200 -
06:21:00 "POST /collect HTTP/1.1" 200 -
06:21:00 "POST /collect HTTP/1.1" 200 -
06:21:00 "POST /collect HTTP/1.1" 200 -
06:21:00 CF PUT /sessions/5c8e1b4933f780dd7f1b80881497226dd99d9ca0f1971f448ad18fff66bd7af0/renegotiate -> 200 (200 ms)
06:21:00 "PUT /cf/sessions/5c8e1b4933f780dd7f1b80881497226dd99d9ca0f1971f448ad18fff66bd7af0/renegotiate HTTP/1.1" 200 -
06:21:00 "POST /collect HTTP/1.1" 200 -
06:21:00 CF POST /sessions/0521e0873798611a33244608f43a1fac0c6816296824e64f860dcf6322c456a2/tracks/new -> 200 (288 ms)
06:21:00 "POST /cf/sessions/0521e0873798611a33244608f43a1fac0c6816296824e64f860dcf6322c456a2/tracks/new HTTP/1.1" 200 -
06:21:00 CF POST /sessions/5c8e1b4933f780dd7f1b80881497226dd99d9ca0f1971f448ad18fff66bd7af0/tracks/new -> 200 (165 ms)
06:21:00 "POST /cf/sessions/5c8e1b4933f780dd7f1b80881497226dd99d9ca0f1971f448ad18fff66bd7af0/tracks/new HTTP/1.1" 200 -
06:21:00 CF PUT /sessions/0521e0873798611a33244608f43a1fac0c6816296824e64f860dcf6322c456a2/renegotiate -> 200 (209 ms)
06:21:00 "PUT /cf/sessions/0521e0873798611a33244608f43a1fac0c6816296824e64f860dcf6322c456a2/renegotiate HTTP/1.1" 200 -
06:21:00 "POST /collect HTTP/1.1" 200 -
06:21:00 "GET /roster HTTP/1.1" 200 -
06:21:00 "POST /collect HTTP/1.1" 200 -
06:21:00 CF PUT /sessions/5c8e1b4933f780dd7f1b80881497226dd99d9ca0f1971f448ad18fff66bd7af0/renegotiate -> 200 (205 ms)
06:21:00 "PUT /cf/sessions/5c8e1b4933f780dd7f1b80881497226dd99d9ca0f1971f448ad18fff66bd7af0/renegotiate HTTP/1.1" 200 -
06:21:00 "GET /roster HTTP/1.1" 200 -
06:21:00 "POST /collect HTTP/1.1" 200 -
06:21:00 "POST /collect HTTP/1.1" 200 -
06:21:01 "POST /collect HTTP/1.1" 200 -
06:21:01 CF POST /sessions/0521e0873798611a33244608f43a1fac0c6816296824e64f860dcf6322c456a2/tracks/new -> 200 (354 ms)
06:21:01 "POST /cf/sessions/0521e0873798611a33244608f43a1fac0c6816296824e64f860dcf6322c456a2/tracks/new HTTP/1.1" 200 -
06:21:01 CF POST /sessions/5c8e1b4933f780dd7f1b80881497226dd99d9ca0f1971f448ad18fff66bd7af0/tracks/new -> 200 (219 ms)
06:21:01 "POST /cf/sessions/5c8e1b4933f780dd7f1b80881497226dd99d9ca0f1971f448ad18fff66bd7af0/tracks/new HTTP/1.1" 200 -
06:21:01 "POST /collect HTTP/1.1" 200 -
06:21:01 CF PUT /sessions/5c8e1b4933f780dd7f1b80881497226dd99d9ca0f1971f448ad18fff66bd7af0/renegotiate -> 200 (229 ms)
06:21:01 "PUT /cf/sessions/5c8e1b4933f780dd7f1b80881497226dd99d9ca0f1971f448ad18fff66bd7af0/renegotiate HTTP/1.1" 200 -
06:21:01 CF PUT /sessions/0521e0873798611a33244608f43a1fac0c6816296824e64f860dcf6322c456a2/renegotiate -> 200 (218 ms)
06:21:01 "PUT /cf/sessions/0521e0873798611a33244608f43a1fac0c6816296824e64f860dcf6322c456a2/renegotiate HTTP/1.1" 200 -
06:21:01 "POST /collect HTTP/1.1" 200 -
06:21:01 "POST /collect HTTP/1.1" 200 -
06:21:01 "POST /collect HTTP/1.1" 200 -
06:21:01 "POST /collect HTTP/1.1" 200 -
06:21:01 CF POST /sessions/5c8e1b4933f780dd7f1b80881497226dd99d9ca0f1971f448ad18fff66bd7af0/tracks/new -> 200 (246 ms)
06:21:01 "POST /cf/sessions/5c8e1b4933f780dd7f1b80881497226dd99d9ca0f1971f448ad18fff66bd7af0/tracks/new HTTP/1.1" 200 -
06:21:01 "POST /collect HTTP/1.1" 200 -
06:21:01 "POST /collect HTTP/1.1" 200 -
06:21:01 "POST /collect HTTP/1.1" 200 -
06:21:01 "POST /collect HTTP/1.1" 200 -
06:21:01 "POST /collect HTTP/1.1" 200 -
06:21:01 "POST /collect HTTP/1.1" 200 -
06:21:01 CF POST /sessions/0521e0873798611a33244608f43a1fac0c6816296824e64f860dcf6322c456a2/tracks/new -> 200 (304 ms)
06:21:01 "POST /cf/sessions/0521e0873798611a33244608f43a1fac0c6816296824e64f860dcf6322c456a2/tracks/new HTTP/1.1" 200 -
06:21:01 "POST /collect HTTP/1.1" 200 -
06:21:01 "POST /collect HTTP/1.1" 200 -
06:21:01 "POST /collect HTTP/1.1" 200 -
06:21:01 "POST /collect HTTP/1.1" 200 -
06:21:01 "POST /collect HTTP/1.1" 200 -
06:21:01 "POST /collect HTTP/1.1" 200 -
06:21:01 "POST /collect HTTP/1.1" 200 -
06:21:01 "POST /collect HTTP/1.1" 200 -
06:21:01 "POST /collect HTTP/1.1" 200 -
06:21:01 "POST /collect HTTP/1.1" 200 -
06:21:01 "POST /collect HTTP/1.1" 200 -
06:21:01 "POST /collect HTTP/1.1" 200 -
06:21:01 "POST /collect HTTP/1.1" 200 -
06:21:01 "POST /collect HTTP/1.1" 200 -
06:21:01 "POST /collect HTTP/1.1" 200 -
06:21:02 "POST /collect HTTP/1.1" 200 -
06:21:02 CF PUT /sessions/5c8e1b4933f780dd7f1b80881497226dd99d9ca0f1971f448ad18fff66bd7af0/renegotiate -> 200 (196 ms)
06:21:02 "PUT /cf/sessions/5c8e1b4933f780dd7f1b80881497226dd99d9ca0f1971f448ad18fff66bd7af0/renegotiate HTTP/1.1" 200 -
06:21:02 "POST /collect HTTP/1.1" 200 -
06:21:02 CF PUT /sessions/0521e0873798611a33244608f43a1fac0c6816296824e64f860dcf6322c456a2/renegotiate -> 200 (200 ms)
06:21:02 "PUT /cf/sessions/0521e0873798611a33244608f43a1fac0c6816296824e64f860dcf6322c456a2/renegotiate HTTP/1.1" 200 -
06:21:02 "POST /collect HTTP/1.1" 200 -
06:21:02 "POST /collect HTTP/1.1" 200 -
06:21:02 "POST /collect HTTP/1.1" 200 -
06:21:02 CF POST /sessions/5c8e1b4933f780dd7f1b80881497226dd99d9ca0f1971f448ad18fff66bd7af0/tracks/new -> 200 (252 ms)
06:21:02 "POST /cf/sessions/5c8e1b4933f780dd7f1b80881497226dd99d9ca0f1971f448ad18fff66bd7af0/tracks/new HTTP/1.1" 200 -
06:21:02 CF POST /sessions/0521e0873798611a33244608f43a1fac0c6816296824e64f860dcf6322c456a2/tracks/new -> 200 (296 ms)
06:21:02 "POST /cf/sessions/0521e0873798611a33244608f43a1fac0c6816296824e64f860dcf6322c456a2/tracks/new HTTP/1.1" 200 -
06:21:02 CF PUT /sessions/5c8e1b4933f780dd7f1b80881497226dd99d9ca0f1971f448ad18fff66bd7af0/renegotiate -> 200 (201 ms)
06:21:02 "PUT /cf/sessions/5c8e1b4933f780dd7f1b80881497226dd99d9ca0f1971f448ad18fff66bd7af0/renegotiate HTTP/1.1" 200 -
06:21:02 "POST /collect HTTP/1.1" 200 -
06:21:02 CF PUT /sessions/0521e0873798611a33244608f43a1fac0c6816296824e64f860dcf6322c456a2/renegotiate -> 200 (201 ms)
06:21:02 "PUT /cf/sessions/0521e0873798611a33244608f43a1fac0c6816296824e64f860dcf6322c456a2/renegotiate HTTP/1.1" 200 -
06:21:02 "POST /collect HTTP/1.1" 200 -
06:21:02 "POST /collect HTTP/1.1" 200 -
06:21:02 "POST /collect HTTP/1.1" 200 -
06:21:02 CF POST /sessions/5c8e1b4933f780dd7f1b80881497226dd99d9ca0f1971f448ad18fff66bd7af0/tracks/new -> 200 (254 ms)
06:21:02 "POST /cf/sessions/5c8e1b4933f780dd7f1b80881497226dd99d9ca0f1971f448ad18fff66bd7af0/tracks/new HTTP/1.1" 200 -
06:21:02 "POST /collect HTTP/1.1" 200 -
06:21:02 "POST /collect HTTP/1.1" 200 -
06:21:02 "POST /collect HTTP/1.1" 200 -
06:21:02 "POST /collect HTTP/1.1" 200 -
06:21:02 "POST /collect HTTP/1.1" 200 -
06:21:02 "GET /roster HTTP/1.1" 200 -
06:21:03 "POST /collect HTTP/1.1" 200 -
06:21:03 "GET /roster HTTP/1.1" 200 -
06:21:03 "POST /collect HTTP/1.1" 200 -
06:21:03 "POST /collect HTTP/1.1" 200 -
06:21:03 "POST /collect HTTP/1.1" 200 -
06:21:03 CF POST /sessions/0521e0873798611a33244608f43a1fac0c6816296824e64f860dcf6322c456a2/tracks/new -> 200 (340 ms)
06:21:03 "POST /cf/sessions/0521e0873798611a33244608f43a1fac0c6816296824e64f860dcf6322c456a2/tracks/new HTTP/1.1" 200 -
06:21:03 CF PUT /sessions/5c8e1b4933f780dd7f1b80881497226dd99d9ca0f1971f448ad18fff66bd7af0/renegotiate -> 200 (229 ms)
06:21:03 "PUT /cf/sessions/5c8e1b4933f780dd7f1b80881497226dd99d9ca0f1971f448ad18fff66bd7af0/renegotiate HTTP/1.1" 200 -
06:21:03 "POST /collect HTTP/1.1" 200 -
06:21:03 "POST /collect HTTP/1.1" 200 -
06:21:03 "POST /collect HTTP/1.1" 200 -
06:21:03 CF POST /sessions/5c8e1b4933f780dd7f1b80881497226dd99d9ca0f1971f448ad18fff66bd7af0/tracks/new -> 200 (243 ms)
06:21:03 "POST /cf/sessions/5c8e1b4933f780dd7f1b80881497226dd99d9ca0f1971f448ad18fff66bd7af0/tracks/new HTTP/1.1" 200 -
06:21:03 "POST /collect HTTP/1.1" 200 -
06:21:03 CF PUT /sessions/0521e0873798611a33244608f43a1fac0c6816296824e64f860dcf6322c456a2/renegotiate -> 200 (216 ms)
06:21:03 "PUT /cf/sessions/0521e0873798611a33244608f43a1fac0c6816296824e64f860dcf6322c456a2/renegotiate HTTP/1.1" 200 -
06:21:03 "POST /collect HTTP/1.1" 200 -
06:21:03 CF PUT /sessions/5c8e1b4933f780dd7f1b80881497226dd99d9ca0f1971f448ad18fff66bd7af0/renegotiate -> 200 (220 ms)
06:21:03 "PUT /cf/sessions/5c8e1b4933f780dd7f1b80881497226dd99d9ca0f1971f448ad18fff66bd7af0/renegotiate HTTP/1.1" 200 -
06:21:03 "POST /collect HTTP/1.1" 200 -
06:21:03 CF POST /sessions/0521e0873798611a33244608f43a1fac0c6816296824e64f860dcf6322c456a2/tracks/new -> 200 (298 ms)
06:21:03 "POST /cf/sessions/0521e0873798611a33244608f43a1fac0c6816296824e64f860dcf6322c456a2/tracks/new HTTP/1.1" 200 -
06:21:03 CF POST /sessions/5c8e1b4933f780dd7f1b80881497226dd99d9ca0f1971f448ad18fff66bd7af0/tracks/new -> 200 (177 ms)
06:21:03 "POST /cf/sessions/5c8e1b4933f780dd7f1b80881497226dd99d9ca0f1971f448ad18fff66bd7af0/tracks/new HTTP/1.1" 200 -
06:21:04 CF PUT /sessions/0521e0873798611a33244608f43a1fac0c6816296824e64f860dcf6322c456a2/renegotiate -> 200 (209 ms)
06:21:04 "PUT /cf/sessions/0521e0873798611a33244608f43a1fac0c6816296824e64f860dcf6322c456a2/renegotiate HTTP/1.1" 200 -
06:21:04 "POST /collect HTTP/1.1" 200 -
06:21:04 "POST /collect HTTP/1.1" 200 -
06:21:04 CF PUT /sessions/5c8e1b4933f780dd7f1b80881497226dd99d9ca0f1971f448ad18fff66bd7af0/renegotiate -> 200 (228 ms)
06:21:04 "PUT /cf/sessions/5c8e1b4933f780dd7f1b80881497226dd99d9ca0f1971f448ad18fff66bd7af0/renegotiate HTTP/1.1" 200 -
06:21:04 "POST /collect HTTP/1.1" 200 -
06:21:04 "POST /collect HTTP/1.1" 200 -
06:21:04 CF POST /sessions/0521e0873798611a33244608f43a1fac0c6816296824e64f860dcf6322c456a2/tracks/new -> 200 (238 ms)
06:21:04 "POST /cf/sessions/0521e0873798611a33244608f43a1fac0c6816296824e64f860dcf6322c456a2/tracks/new HTTP/1.1" 200 -
06:21:04 CF POST /sessions/5c8e1b4933f780dd7f1b80881497226dd99d9ca0f1971f448ad18fff66bd7af0/tracks/new -> 200 (186 ms)
06:21:04 "POST /cf/sessions/5c8e1b4933f780dd7f1b80881497226dd99d9ca0f1971f448ad18fff66bd7af0/tracks/new HTTP/1.1" 200 -
06:21:04 "POST /collect HTTP/1.1" 200 -
06:21:04 "POST /collect HTTP/1.1" 200 -
06:21:04 "POST /collect HTTP/1.1" 200 -
06:21:04 "POST /collect HTTP/1.1" 200 -
06:21:04 "POST /collect HTTP/1.1" 200 -
06:21:04 "POST /collect HTTP/1.1" 200 -
06:21:04 "POST /collect HTTP/1.1" 200 -
06:21:04 "POST /collect HTTP/1.1" 200 -
06:21:04 CF PUT /sessions/0521e0873798611a33244608f43a1fac0c6816296824e64f860dcf6322c456a2/renegotiate -> 200 (244 ms)
06:21:04 "PUT /cf/sessions/0521e0873798611a33244608f43a1fac0c6816296824e64f860dcf6322c456a2/renegotiate HTTP/1.1" 200 -
06:21:04 "POST /collect HTTP/1.1" 200 -
06:21:04 "POST /collect HTTP/1.1" 200 -
06:21:04 "POST /collect HTTP/1.1" 200 -
06:21:04 "POST /collect HTTP/1.1" 200 -
06:21:04 "POST /collect HTTP/1.1" 200 -
06:21:04 CF PUT /sessions/5c8e1b4933f780dd7f1b80881497226dd99d9ca0f1971f448ad18fff66bd7af0/renegotiate -> 200 (204 ms)
06:21:04 "PUT /cf/sessions/5c8e1b4933f780dd7f1b80881497226dd99d9ca0f1971f448ad18fff66bd7af0/renegotiate HTTP/1.1" 200 -
06:21:04 "POST /collect HTTP/1.1" 200 -
06:21:04 "POST /collect HTTP/1.1" 200 -
06:21:04 "POST /collect HTTP/1.1" 200 -
06:21:04 "POST /collect HTTP/1.1" 200 -
06:21:04 "POST /collect HTTP/1.1" 200 -
06:21:04 "POST /collect HTTP/1.1" 200 -
06:21:04 "POST /collect HTTP/1.1" 200 -
06:21:04 "POST /collect HTTP/1.1" 200 -
06:21:04 "POST /collect HTTP/1.1" 200 -
06:21:04 "POST /collect HTTP/1.1" 200 -
06:21:04 "POST /collect HTTP/1.1" 200 -
06:21:04 "GET /roster HTTP/1.1" 200 -
06:21:04 "POST /collect HTTP/1.1" 200 -
06:21:04 "GET /roster HTTP/1.1" 200 -
06:21:04 "POST /collect HTTP/1.1" 200 -
06:21:04 "POST /collect HTTP/1.1" 200 -
06:21:05 "POST /collect HTTP/1.1" 200 -
06:21:05 CF POST /sessions/5c8e1b4933f780dd7f1b80881497226dd99d9ca0f1971f448ad18fff66bd7af0/tracks/new -> 200 (192 ms)
06:21:05 "POST /cf/sessions/5c8e1b4933f780dd7f1b80881497226dd99d9ca0f1971f448ad18fff66bd7af0/tracks/new HTTP/1.1" 200 -
06:21:05 CF POST /sessions/0521e0873798611a33244608f43a1fac0c6816296824e64f860dcf6322c456a2/tracks/new -> 200 (241 ms)
06:21:05 "POST /cf/sessions/0521e0873798611a33244608f43a1fac0c6816296824e64f860dcf6322c456a2/tracks/new HTTP/1.1" 200 -
06:21:05 "POST /collect HTTP/1.1" 200 -
06:21:05 "POST /collect HTTP/1.1" 200 -
06:21:05 CF PUT /sessions/5c8e1b4933f780dd7f1b80881497226dd99d9ca0f1971f448ad18fff66bd7af0/renegotiate -> 200 (229 ms)
06:21:05 "PUT /cf/sessions/5c8e1b4933f780dd7f1b80881497226dd99d9ca0f1971f448ad18fff66bd7af0/renegotiate HTTP/1.1" 200 -
06:21:05 "POST /collect HTTP/1.1" 200 -
06:21:05 CF PUT /sessions/0521e0873798611a33244608f43a1fac0c6816296824e64f860dcf6322c456a2/renegotiate -> 200 (278 ms)
06:21:05 "PUT /cf/sessions/0521e0873798611a33244608f43a1fac0c6816296824e64f860dcf6322c456a2/renegotiate HTTP/1.1" 200 -
06:21:05 "POST /collect HTTP/1.1" 200 -
06:21:05 CF POST /sessions/0521e0873798611a33244608f43a1fac0c6816296824e64f860dcf6322c456a2/tracks/new -> 200 (209 ms)
06:21:05 "POST /cf/sessions/0521e0873798611a33244608f43a1fac0c6816296824e64f860dcf6322c456a2/tracks/new HTTP/1.1" 200 -
06:21:05 CF POST /sessions/5c8e1b4933f780dd7f1b80881497226dd99d9ca0f1971f448ad18fff66bd7af0/tracks/new -> 200 (290 ms)
06:21:05 "POST /cf/sessions/5c8e1b4933f780dd7f1b80881497226dd99d9ca0f1971f448ad18fff66bd7af0/tracks/new HTTP/1.1" 200 -
06:21:05 "POST /collect HTTP/1.1" 200 -
06:21:05 "POST /collect HTTP/1.1" 200 -
06:21:05 "POST /collect HTTP/1.1" 200 -
06:21:05 "POST /collect HTTP/1.1" 200 -
06:21:05 "POST /collect HTTP/1.1" 200 -
06:21:05 "POST /collect HTTP/1.1" 200 -
06:21:05 "POST /collect HTTP/1.1" 200 -
06:21:05 "POST /collect HTTP/1.1" 200 -
06:21:06 "POST /collect HTTP/1.1" 200 -
06:21:06 CF PUT /sessions/5c8e1b4933f780dd7f1b80881497226dd99d9ca0f1971f448ad18fff66bd7af0/renegotiate -> 200 (235 ms)
06:21:06 "PUT /cf/sessions/5c8e1b4933f780dd7f1b80881497226dd99d9ca0f1971f448ad18fff66bd7af0/renegotiate HTTP/1.1" 200 -
06:21:06 "POST /collect HTTP/1.1" 200 -
06:21:06 CF PUT /sessions/0521e0873798611a33244608f43a1fac0c6816296824e64f860dcf6322c456a2/renegotiate -> 200 (252 ms)
06:21:06 "PUT /cf/sessions/0521e0873798611a33244608f43a1fac0c6816296824e64f860dcf6322c456a2/renegotiate HTTP/1.1" 200 -
06:21:06 "POST /collect HTTP/1.1" 200 -
06:21:06 "POST /collect HTTP/1.1" 200 -
06:21:06 "POST /collect HTTP/1.1" 200 -
06:21:06 CF POST /sessions/0521e0873798611a33244608f43a1fac0c6816296824e64f860dcf6322c456a2/tracks/new -> 200 (211 ms)
06:21:06 "POST /cf/sessions/0521e0873798611a33244608f43a1fac0c6816296824e64f860dcf6322c456a2/tracks/new HTTP/1.1" 200 -
06:21:06 CF POST /sessions/5c8e1b4933f780dd7f1b80881497226dd99d9ca0f1971f448ad18fff66bd7af0/tracks/new -> 200 (275 ms)
06:21:06 "POST /cf/sessions/5c8e1b4933f780dd7f1b80881497226dd99d9ca0f1971f448ad18fff66bd7af0/tracks/new HTTP/1.1" 200 -
06:21:06 "POST /collect HTTP/1.1" 200 -
06:21:06 CF PUT /sessions/5c8e1b4933f780dd7f1b80881497226dd99d9ca0f1971f448ad18fff66bd7af0/renegotiate -> 200 (245 ms)
06:21:06 "PUT /cf/sessions/5c8e1b4933f780dd7f1b80881497226dd99d9ca0f1971f448ad18fff66bd7af0/renegotiate HTTP/1.1" 200 -
06:21:06 CF PUT /sessions/0521e0873798611a33244608f43a1fac0c6816296824e64f860dcf6322c456a2/renegotiate -> 200 (261 ms)
06:21:06 "PUT /cf/sessions/0521e0873798611a33244608f43a1fac0c6816296824e64f860dcf6322c456a2/renegotiate HTTP/1.1" 200 -
06:21:06 "POST /collect HTTP/1.1" 200 -
06:21:06 "POST /collect HTTP/1.1" 200 -
06:21:06 "GET /roster HTTP/1.1" 200 -
06:21:06 "POST /collect HTTP/1.1" 200 -
06:21:06 "GET /roster HTTP/1.1" 200 -
06:21:06 "POST /collect HTTP/1.1" 200 -
06:21:07 CF POST /sessions/5c8e1b4933f780dd7f1b80881497226dd99d9ca0f1971f448ad18fff66bd7af0/tracks/new -> 200 (260 ms)
06:21:07 "POST /cf/sessions/5c8e1b4933f780dd7f1b80881497226dd99d9ca0f1971f448ad18fff66bd7af0/tracks/new HTTP/1.1" 200 -
06:21:07 CF POST /sessions/0521e0873798611a33244608f43a1fac0c6816296824e64f860dcf6322c456a2/tracks/new -> 200 (267 ms)
06:21:07 "POST /cf/sessions/0521e0873798611a33244608f43a1fac0c6816296824e64f860dcf6322c456a2/tracks/new HTTP/1.1" 200 -
06:21:07 "POST /collect HTTP/1.1" 200 -
06:21:07 "POST /collect HTTP/1.1" 200 -
06:21:07 CF PUT /sessions/0521e0873798611a33244608f43a1fac0c6816296824e64f860dcf6322c456a2/renegotiate -> 200 (230 ms)
06:21:07 "PUT /cf/sessions/0521e0873798611a33244608f43a1fac0c6816296824e64f860dcf6322c456a2/renegotiate HTTP/1.1" 200 -
06:21:07 "POST /collect HTTP/1.1" 200 -
06:21:07 CF PUT /sessions/5c8e1b4933f780dd7f1b80881497226dd99d9ca0f1971f448ad18fff66bd7af0/renegotiate -> 200 (245 ms)
06:21:07 "PUT /cf/sessions/5c8e1b4933f780dd7f1b80881497226dd99d9ca0f1971f448ad18fff66bd7af0/renegotiate HTTP/1.1" 200 -
06:21:07 "POST /collect HTTP/1.1" 200 -
06:21:07 "POST /collect HTTP/1.1" 200 -
06:21:07 "POST /collect HTTP/1.1" 200 -
06:21:07 "POST /collect HTTP/1.1" 200 -
06:21:07 "POST /collect HTTP/1.1" 200 -
06:21:07 "POST /collect HTTP/1.1" 200 -
06:21:07 "POST /collect HTTP/1.1" 200 -
06:21:07 "POST /collect HTTP/1.1" 200 -
06:21:07 "POST /collect HTTP/1.1" 200 -
06:21:07 "POST /collect HTTP/1.1" 200 -
06:21:07 "POST /collect HTTP/1.1" 200 -
06:21:07 "POST /collect HTTP/1.1" 200 -
06:21:07 "POST /collect HTTP/1.1" 200 -
06:21:07 "POST /collect HTTP/1.1" 200 -
06:21:07 "POST /collect HTTP/1.1" 200 -
06:21:07 CF POST /sessions/0521e0873798611a33244608f43a1fac0c6816296824e64f860dcf6322c456a2/tracks/new -> 200 (312 ms)
06:21:07 "POST /cf/sessions/0521e0873798611a33244608f43a1fac0c6816296824e64f860dcf6322c456a2/tracks/new HTTP/1.1" 200 -
06:21:07 "POST /collect HTTP/1.1" 200 -
06:21:07 "POST /collect HTTP/1.1" 200 -
06:21:07 CF POST /sessions/5c8e1b4933f780dd7f1b80881497226dd99d9ca0f1971f448ad18fff66bd7af0/tracks/new -> 200 (278 ms)
06:21:07 "POST /cf/sessions/5c8e1b4933f780dd7f1b80881497226dd99d9ca0f1971f448ad18fff66bd7af0/tracks/new HTTP/1.1" 200 -
06:21:07 "POST /collect HTTP/1.1" 200 -
06:21:07 "POST /collect HTTP/1.1" 200 -
06:21:07 "POST /collect HTTP/1.1" 200 -
06:21:07 "POST /collect HTTP/1.1" 200 -
06:21:07 "POST /collect HTTP/1.1" 200 -
06:21:07 "POST /collect HTTP/1.1" 200 -
06:21:07 "POST /collect HTTP/1.1" 200 -
06:21:08 "POST /collect HTTP/1.1" 200 -
06:21:08 "POST /collect HTTP/1.1" 200 -
06:21:08 CF PUT /sessions/0521e0873798611a33244608f43a1fac0c6816296824e64f860dcf6322c456a2/renegotiate -> 200 (214 ms)
06:21:08 "PUT /cf/sessions/0521e0873798611a33244608f43a1fac0c6816296824e64f860dcf6322c456a2/renegotiate HTTP/1.1" 200 -
06:21:08 "POST /collect HTTP/1.1" 200 -
06:21:08 "POST /collect HTTP/1.1" 200 -
06:21:08 CF PUT /sessions/5c8e1b4933f780dd7f1b80881497226dd99d9ca0f1971f448ad18fff66bd7af0/renegotiate -> 200 (226 ms)
06:21:08 "PUT /cf/sessions/5c8e1b4933f780dd7f1b80881497226dd99d9ca0f1971f448ad18fff66bd7af0/renegotiate HTTP/1.1" 200 -
06:21:08 "POST /collect HTTP/1.1" 200 -
06:21:08 CF POST /sessions/0521e0873798611a33244608f43a1fac0c6816296824e64f860dcf6322c456a2/tracks/new -> 200 (231 ms)
06:21:08 "POST /cf/sessions/0521e0873798611a33244608f43a1fac0c6816296824e64f860dcf6322c456a2/tracks/new HTTP/1.1" 200 -
06:21:08 CF POST /sessions/5c8e1b4933f780dd7f1b80881497226dd99d9ca0f1971f448ad18fff66bd7af0/tracks/new -> 200 (230 ms)
06:21:08 "POST /cf/sessions/5c8e1b4933f780dd7f1b80881497226dd99d9ca0f1971f448ad18fff66bd7af0/tracks/new HTTP/1.1" 200 -
06:21:08 "POST /collect HTTP/1.1" 200 -
06:21:08 "POST /collect HTTP/1.1" 200 -
06:21:08 "POST /collect HTTP/1.1" 200 -
06:21:08 "POST /collect HTTP/1.1" 200 -
06:21:08 "POST /collect HTTP/1.1" 200 -
06:21:08 "POST /collect HTTP/1.1" 200 -
06:21:08 CF PUT /sessions/0521e0873798611a33244608f43a1fac0c6816296824e64f860dcf6322c456a2/renegotiate -> 200 (270 ms)
06:21:08 "PUT /cf/sessions/0521e0873798611a33244608f43a1fac0c6816296824e64f860dcf6322c456a2/renegotiate HTTP/1.1" 200 -
06:21:08 "POST /collect HTTP/1.1" 200 -
06:21:08 CF PUT /sessions/5c8e1b4933f780dd7f1b80881497226dd99d9ca0f1971f448ad18fff66bd7af0/renegotiate -> 200 (221 ms)
06:21:08 "PUT /cf/sessions/5c8e1b4933f780dd7f1b80881497226dd99d9ca0f1971f448ad18fff66bd7af0/renegotiate HTTP/1.1" 200 -
06:21:08 "POST /collect HTTP/1.1" 200 -
06:21:08 "GET /roster HTTP/1.1" 200 -
06:21:08 "POST /collect HTTP/1.1" 200 -
06:21:08 "POST /collect HTTP/1.1" 200 -
06:21:08 "GET /roster HTTP/1.1" 200 -
06:21:08 "POST /collect HTTP/1.1" 200 -
06:21:08 "POST /collect HTTP/1.1" 200 -
06:21:09 "POST /collect HTTP/1.1" 200 -
06:21:09 CF POST /sessions/5c8e1b4933f780dd7f1b80881497226dd99d9ca0f1971f448ad18fff66bd7af0/tracks/new -> 200 (169 ms)
06:21:09 "POST /cf/sessions/5c8e1b4933f780dd7f1b80881497226dd99d9ca0f1971f448ad18fff66bd7af0/tracks/new HTTP/1.1" 200 -
06:21:09 "POST /collect HTTP/1.1" 200 -
06:21:09 CF POST /sessions/0521e0873798611a33244608f43a1fac0c6816296824e64f860dcf6322c456a2/tracks/new -> 200 (267 ms)
06:21:09 "POST /cf/sessions/0521e0873798611a33244608f43a1fac0c6816296824e64f860dcf6322c456a2/tracks/new HTTP/1.1" 200 -
06:21:09 "POST /collect HTTP/1.1" 200 -
06:21:09 "POST /collect HTTP/1.1" 200 -
06:21:09 CF PUT /sessions/5c8e1b4933f780dd7f1b80881497226dd99d9ca0f1971f448ad18fff66bd7af0/renegotiate -> 200 (225 ms)
06:21:09 "PUT /cf/sessions/5c8e1b4933f780dd7f1b80881497226dd99d9ca0f1971f448ad18fff66bd7af0/renegotiate HTTP/1.1" 200 -
06:21:09 "POST /collect HTTP/1.1" 200 -
06:21:09 CF PUT /sessions/0521e0873798611a33244608f43a1fac0c6816296824e64f860dcf6322c456a2/renegotiate -> 200 (235 ms)
06:21:09 "PUT /cf/sessions/0521e0873798611a33244608f43a1fac0c6816296824e64f860dcf6322c456a2/renegotiate HTTP/1.1" 200 -
06:21:09 "POST /collect HTTP/1.1" 200 -
06:21:09 CF POST /sessions/5c8e1b4933f780dd7f1b80881497226dd99d9ca0f1971f448ad18fff66bd7af0/tracks/new -> 200 (166 ms)
06:21:09 "POST /cf/sessions/5c8e1b4933f780dd7f1b80881497226dd99d9ca0f1971f448ad18fff66bd7af0/tracks/new HTTP/1.1" 200 -
06:21:09 CF POST /sessions/0521e0873798611a33244608f43a1fac0c6816296824e64f860dcf6322c456a2/tracks/new -> 200 (208 ms)
06:21:09 "POST /cf/sessions/0521e0873798611a33244608f43a1fac0c6816296824e64f860dcf6322c456a2/tracks/new HTTP/1.1" 200 -
06:21:10 "POST /collect HTTP/1.1" 200 -
06:21:10 "POST /collect HTTP/1.1" 200 -
06:21:10 CF PUT /sessions/5c8e1b4933f780dd7f1b80881497226dd99d9ca0f1971f448ad18fff66bd7af0/renegotiate -> 200 (237 ms)
06:21:10 "PUT /cf/sessions/5c8e1b4933f780dd7f1b80881497226dd99d9ca0f1971f448ad18fff66bd7af0/renegotiate HTTP/1.1" 200 -
06:21:10 "POST /collect HTTP/1.1" 200 -
06:21:10 CF PUT /sessions/0521e0873798611a33244608f43a1fac0c6816296824e64f860dcf6322c456a2/renegotiate -> 200 (250 ms)
06:21:10 "PUT /cf/sessions/0521e0873798611a33244608f43a1fac0c6816296824e64f860dcf6322c456a2/renegotiate HTTP/1.1" 200 -
06:21:10 "POST /collect HTTP/1.1" 200 -
06:21:10 CF POST /sessions/5c8e1b4933f780dd7f1b80881497226dd99d9ca0f1971f448ad18fff66bd7af0/tracks/new -> 200 (209 ms)
06:21:10 "POST /cf/sessions/5c8e1b4933f780dd7f1b80881497226dd99d9ca0f1971f448ad18fff66bd7af0/tracks/new HTTP/1.1" 200 -
06:21:10 CF POST /sessions/0521e0873798611a33244608f43a1fac0c6816296824e64f860dcf6322c456a2/tracks/new -> 200 (274 ms)
06:21:10 "POST /cf/sessions/0521e0873798611a33244608f43a1fac0c6816296824e64f860dcf6322c456a2/tracks/new HTTP/1.1" 200 -
06:21:10 "POST /collect HTTP/1.1" 200 -
06:21:10 "POST /collect HTTP/1.1" 200 -
06:21:10 "POST /collect HTTP/1.1" 200 -
06:21:10 "POST /collect HTTP/1.1" 200 -
06:21:10 "POST /collect HTTP/1.1" 200 -
06:21:10 "POST /collect HTTP/1.1" 200 -
06:21:10 "POST /collect HTTP/1.1" 200 -
06:21:10 "POST /collect HTTP/1.1" 200 -
06:21:10 "POST /collect HTTP/1.1" 200 -
06:21:10 "POST /collect HTTP/1.1" 200 -
06:21:10 "POST /collect HTTP/1.1" 200 -
06:21:10 "POST /collect HTTP/1.1" 200 -
06:21:10 "POST /collect HTTP/1.1" 200 -
06:21:10 "POST /collect HTTP/1.1" 200 -
06:21:10 "POST /collect HTTP/1.1" 200 -
06:21:10 "POST /collect HTTP/1.1" 200 -
06:21:10 "POST /collect HTTP/1.1" 200 -
06:21:10 "POST /collect HTTP/1.1" 200 -
06:21:10 "POST /collect HTTP/1.1" 200 -
06:21:10 "POST /collect HTTP/1.1" 200 -
06:21:10 "POST /collect HTTP/1.1" 200 -
06:21:10 "GET /roster HTTP/1.1" 200 -
06:21:10 "POST /collect HTTP/1.1" 200 -
06:21:10 "POST /collect HTTP/1.1" 200 -
06:21:10 CF PUT /sessions/5c8e1b4933f780dd7f1b80881497226dd99d9ca0f1971f448ad18fff66bd7af0/renegotiate -> 200 (265 ms)
06:21:10 "PUT /cf/sessions/5c8e1b4933f780dd7f1b80881497226dd99d9ca0f1971f448ad18fff66bd7af0/renegotiate HTTP/1.1" 200 -
06:21:10 "POST /collect HTTP/1.1" 200 -
06:21:10 "POST /collect HTTP/1.1" 200 -
06:21:11 "POST /collect HTTP/1.1" 200 -
06:21:11 "GET /roster HTTP/1.1" 200 -
06:21:11 "POST /collect HTTP/1.1" 200 -
06:21:11 CF PUT /sessions/0521e0873798611a33244608f43a1fac0c6816296824e64f860dcf6322c456a2/renegotiate -> 200 (235 ms)
06:21:11 "PUT /cf/sessions/0521e0873798611a33244608f43a1fac0c6816296824e64f860dcf6322c456a2/renegotiate HTTP/1.1" 200 -
06:21:11 "POST /collect HTTP/1.1" 200 -
06:21:11 "POST /collect HTTP/1.1" 200 -
06:21:11 "POST /collect HTTP/1.1" 200 -
06:21:11 "POST /collect HTTP/1.1" 200 -
06:21:11 "POST /collect HTTP/1.1" 200 -
06:21:11 "POST /collect HTTP/1.1" 200 -
06:21:11 "POST /collect HTTP/1.1" 200 -
06:21:11 "POST /collect HTTP/1.1" 200 -
06:21:11 "POST /collect HTTP/1.1" 200 -
06:21:11 "POST /collect HTTP/1.1" 200 -
06:21:11 "POST /collect HTTP/1.1" 200 -
06:21:12 "POST /collect HTTP/1.1" 200 -
06:21:12 "POST /collect HTTP/1.1" 200 -
06:21:12 "POST /collect HTTP/1.1" 200 -
06:21:12 "POST /collect HTTP/1.1" 200 -
06:21:12 "GET /roster HTTP/1.1" 200 -
06:21:12 "POST /collect HTTP/1.1" 200 -
06:21:12 "GET /roster HTTP/1.1" 200 -
06:21:12 "POST /collect HTTP/1.1" 200 -
06:21:13 "POST /collect HTTP/1.1" 200 -
06:21:13 "POST /collect HTTP/1.1" 200 -
06:21:13 "POST /collect HTTP/1.1" 200 -
06:21:13 "POST /collect HTTP/1.1" 200 -
06:21:13 "POST /collect HTTP/1.1" 200 -
06:21:13 "POST /collect HTTP/1.1" 200 -
06:21:13 "POST /collect HTTP/1.1" 200 -
06:21:13 "POST /collect HTTP/1.1" 200 -
06:21:13 "POST /collect HTTP/1.1" 200 -
06:21:13 "POST /collect HTTP/1.1" 200 -
06:21:13 "POST /collect HTTP/1.1" 200 -
06:21:13 "POST /collect HTTP/1.1" 200 -
06:21:13 "POST /collect HTTP/1.1" 200 -
06:21:13 "POST /collect HTTP/1.1" 200 -
06:21:13 "POST /collect HTTP/1.1" 200 -
06:21:13 "POST /collect HTTP/1.1" 200 -
06:21:13 "POST /collect HTTP/1.1" 200 -
06:21:13 "POST /collect HTTP/1.1" 200 -
06:21:13 "POST /collect HTTP/1.1" 200 -
06:21:13 "POST /collect HTTP/1.1" 200 -
06:21:13 "POST /collect HTTP/1.1" 200 -
06:21:13 "POST /collect HTTP/1.1" 200 -
06:21:13 "POST /collect HTTP/1.1" 200 -
06:21:13 "POST /collect HTTP/1.1" 200 -
06:21:13 "POST /collect HTTP/1.1" 200 -
06:21:13 "POST /collect HTTP/1.1" 200 -
06:21:14 "POST /collect HTTP/1.1" 200 -
06:21:14 "POST /collect HTTP/1.1" 200 -
06:21:14 "POST /collect HTTP/1.1" 200 -
06:21:14 "POST /collect HTTP/1.1" 200 -
06:21:14 "POST /collect HTTP/1.1" 200 -
06:21:14 "POST /collect HTTP/1.1" 200 -
06:21:14 "POST /collect HTTP/1.1" 200 -
06:21:14 "POST /collect HTTP/1.1" 200 -
06:21:14 "POST /collect HTTP/1.1" 200 -
06:21:14 "POST /collect HTTP/1.1" 200 -
06:21:14 "GET /roster HTTP/1.1" 200 -
06:21:14 "POST /collect HTTP/1.1" 200 -
06:21:14 "GET /roster HTTP/1.1" 200 -
06:21:14 "POST /collect HTTP/1.1" 200 -
06:21:14 "POST /collect HTTP/1.1" 200 -
06:21:15 "POST /collect HTTP/1.1" 200 -
06:21:15 "POST /collect HTTP/1.1" 200 -
06:21:15 "POST /collect HTTP/1.1" 200 -
06:21:15 "POST /collect HTTP/1.1" 200 -
06:21:16 "POST /collect HTTP/1.1" 200 -
06:21:16 "POST /collect HTTP/1.1" 200 -
06:21:16 "POST /collect HTTP/1.1" 200 -
06:21:16 "POST /collect HTTP/1.1" 200 -
06:21:16 "POST /collect HTTP/1.1" 200 -
06:21:16 "POST /collect HTTP/1.1" 200 -
06:21:16 "POST /collect HTTP/1.1" 200 -
06:21:16 "POST /collect HTTP/1.1" 200 -
06:21:16 "POST /collect HTTP/1.1" 200 -
06:21:16 "POST /collect HTTP/1.1" 200 -
06:21:16 "POST /collect HTTP/1.1" 200 -
06:21:16 "POST /collect HTTP/1.1" 200 -
06:21:16 "POST /collect HTTP/1.1" 200 -
06:21:16 "POST /collect HTTP/1.1" 200 -
06:21:16 "POST /collect HTTP/1.1" 200 -
06:21:16 "POST /collect HTTP/1.1" 200 -
06:21:16 "POST /collect HTTP/1.1" 200 -
06:21:16 "POST /collect HTTP/1.1" 200 -
06:21:16 "POST /collect HTTP/1.1" 200 -
06:21:16 "POST /collect HTTP/1.1" 200 -
06:21:16 "POST /collect HTTP/1.1" 200 -
06:21:16 "POST /collect HTTP/1.1" 200 -
06:21:16 "POST /collect HTTP/1.1" 200 -
06:21:16 "POST /collect HTTP/1.1" 200 -
06:21:16 "GET /roster HTTP/1.1" 200 -
06:21:16 "POST /collect HTTP/1.1" 200 -
06:21:16 "POST /collect HTTP/1.1" 200 -
06:21:17 "GET /roster HTTP/1.1" 200 -
06:21:17 "POST /collect HTTP/1.1" 200 -
06:21:17 "POST /collect HTTP/1.1" 200 -
06:21:17 "POST /collect HTTP/1.1" 200 -
06:21:17 "POST /collect HTTP/1.1" 200 -
06:21:17 "POST /collect HTTP/1.1" 200 -
06:21:17 "POST /collect HTTP/1.1" 200 -
06:21:17 "POST /collect HTTP/1.1" 200 -
06:21:17 "POST /collect HTTP/1.1" 200 -
06:21:17 "POST /collect HTTP/1.1" 200 -
06:21:17 "POST /collect HTTP/1.1" 200 -
06:21:17 "POST /collect HTTP/1.1" 200 -
06:21:17 "POST /collect HTTP/1.1" 200 -
06:21:18 "POST /collect HTTP/1.1" 200 -
06:21:18 "POST /collect HTTP/1.1" 200 -
06:21:18 "POST /collect HTTP/1.1" 200 -
06:21:18 "POST /collect HTTP/1.1" 200 -
06:21:18 "GET /roster HTTP/1.1" 200 -
06:21:18 "POST /collect HTTP/1.1" 200 -
06:21:19 "GET /roster HTTP/1.1" 200 -
06:21:19 "POST /collect HTTP/1.1" 200 -
06:21:19 "POST /collect HTTP/1.1" 200 -
06:21:19 "POST /collect HTTP/1.1" 200 -
06:21:19 "POST /collect HTTP/1.1" 200 -
06:21:19 "POST /collect HTTP/1.1" 200 -
06:21:19 "POST /collect HTTP/1.1" 200 -
06:21:19 "POST /collect HTTP/1.1" 200 -
06:21:19 "POST /collect HTTP/1.1" 200 -
06:21:19 "POST /collect HTTP/1.1" 200 -
06:21:19 "POST /collect HTTP/1.1" 200 -
06:21:19 "POST /collect HTTP/1.1" 200 -
06:21:19 "POST /collect HTTP/1.1" 200 -
06:21:19 "POST /collect HTTP/1.1" 200 -
06:21:19 "POST /collect HTTP/1.1" 200 -
06:21:19 "POST /collect HTTP/1.1" 200 -
06:21:19 "POST /collect HTTP/1.1" 200 -
06:21:19 "POST /collect HTTP/1.1" 200 -
06:21:19 "POST /collect HTTP/1.1" 200 -
06:21:19 "POST /collect HTTP/1.1" 200 -
06:21:19 "POST /collect HTTP/1.1" 200 -
06:21:19 "POST /collect HTTP/1.1" 200 -
06:21:19 "POST /collect HTTP/1.1" 200 -
06:21:19 "POST /collect HTTP/1.1" 200 -
06:21:19 "POST /collect HTTP/1.1" 200 -
06:21:19 "POST /collect HTTP/1.1" 200 -
06:21:19 "POST /collect HTTP/1.1" 200 -
06:21:19 "POST /collect HTTP/1.1" 200 -
06:21:20 "POST /collect HTTP/1.1" 200 -
06:21:20 "POST /collect HTTP/1.1" 200 -
06:21:20 "POST /collect HTTP/1.1" 200 -
06:21:20 "POST /collect HTTP/1.1" 200 -
06:21:20 "POST /collect HTTP/1.1" 200 -
06:21:20 "POST /collect HTTP/1.1" 200 -
06:21:20 "POST /collect HTTP/1.1" 200 -
06:21:20 "POST /collect HTTP/1.1" 200 -
06:21:20 "POST /collect HTTP/1.1" 200 -
06:21:20 "POST /collect HTTP/1.1" 200 -
06:21:20 "POST /collect HTTP/1.1" 200 -
06:21:21 "POST /collect HTTP/1.1" 200 -
06:21:21 "GET /roster HTTP/1.1" 200 -
06:21:21 "POST /collect HTTP/1.1" 200 -
06:21:21 "GET /roster HTTP/1.1" 200 -
06:21:21 "POST /collect HTTP/1.1" 200 -
06:21:21 "POST /collect HTTP/1.1" 200 -
06:21:21 "POST /collect HTTP/1.1" 200 -
06:21:21 "POST /collect HTTP/1.1" 200 -
06:21:22 "POST /collect HTTP/1.1" 200 -
06:21:22 "POST /collect HTTP/1.1" 200 -
06:21:22 "POST /collect HTTP/1.1" 200 -
06:21:22 "POST /collect HTTP/1.1" 200 -
06:21:22 "POST /collect HTTP/1.1" 200 -
06:21:22 "POST /collect HTTP/1.1" 200 -
06:21:22 "POST /collect HTTP/1.1" 200 -
06:21:22 "POST /collect HTTP/1.1" 200 -
06:21:22 "POST /collect HTTP/1.1" 200 -
06:21:22 "POST /collect HTTP/1.1" 200 -
06:21:22 "POST /collect HTTP/1.1" 200 -
06:21:22 "POST /collect HTTP/1.1" 200 -
06:21:22 "POST /collect HTTP/1.1" 200 -
06:21:22 "POST /collect HTTP/1.1" 200 -
06:21:22 "POST /collect HTTP/1.1" 200 -
06:21:22 "POST /collect HTTP/1.1" 200 -
06:21:22 "POST /collect HTTP/1.1" 200 -
06:21:22 "POST /collect HTTP/1.1" 200 -
06:21:22 "POST /collect HTTP/1.1" 200 -
06:21:22 "POST /collect HTTP/1.1" 200 -
06:21:22 "POST /collect HTTP/1.1" 200 -
06:21:22 "POST /collect HTTP/1.1" 200 -
06:21:22 "POST /collect HTTP/1.1" 200 -
06:21:22 "POST /collect HTTP/1.1" 200 -
06:21:22 "POST /collect HTTP/1.1" 200 -
06:21:22 "GET /roster HTTP/1.1" 200 -
06:21:22 "POST /collect HTTP/1.1" 200 -
06:21:23 "GET /roster HTTP/1.1" 200 -
06:21:23 "POST /collect HTTP/1.1" 200 -
06:21:23 "POST /collect HTTP/1.1" 200 -
06:21:23 "POST /collect HTTP/1.1" 200 -
06:21:23 "POST /collect HTTP/1.1" 200 -
06:21:23 "POST /collect HTTP/1.1" 200 -
06:21:23 "POST /collect HTTP/1.1" 200 -
06:21:23 "POST /collect HTTP/1.1" 200 -
06:21:23 "POST /collect HTTP/1.1" 200 -
06:21:23 "POST /collect HTTP/1.1" 200 -
06:21:23 "POST /collect HTTP/1.1" 200 -
06:21:23 "POST /collect HTTP/1.1" 200 -
06:21:24 "POST /collect HTTP/1.1" 200 -
06:21:24 "POST /collect HTTP/1.1" 200 -
06:21:24 "POST /collect HTTP/1.1" 200 -
06:21:24 "POST /collect HTTP/1.1" 200 -
06:21:24 "POST /collect HTTP/1.1" 200 -
06:21:24 "GET /roster HTTP/1.1" 200 -
06:21:24 "POST /collect HTTP/1.1" 200 -
06:21:24 "GET /roster HTTP/1.1" 200 -
06:21:25 "POST /collect HTTP/1.1" 200 -
06:21:25 "POST /collect HTTP/1.1" 200 -
06:21:25 "POST /collect HTTP/1.1" 200 -
06:21:25 "POST /collect HTTP/1.1" 200 -
06:21:25 "POST /collect HTTP/1.1" 200 -
06:21:25 "POST /collect HTTP/1.1" 200 -
06:21:25 "POST /collect HTTP/1.1" 200 -
06:21:25 "POST /collect HTTP/1.1" 200 -
06:21:25 "POST /collect HTTP/1.1" 200 -
06:21:25 "POST /collect HTTP/1.1" 200 -
06:21:25 "POST /collect HTTP/1.1" 200 -
06:21:25 "POST /collect HTTP/1.1" 200 -
06:21:25 "POST /collect HTTP/1.1" 200 -
06:21:25 "POST /collect HTTP/1.1" 200 -
06:21:25 "POST /collect HTTP/1.1" 200 -
06:21:25 "POST /collect HTTP/1.1" 200 -
06:21:25 "POST /collect HTTP/1.1" 200 -
06:21:25 "POST /collect HTTP/1.1" 200 -
06:21:25 "POST /collect HTTP/1.1" 200 -
06:21:25 "POST /collect HTTP/1.1" 200 -
06:21:25 "POST /collect HTTP/1.1" 200 -
06:21:25 "POST /collect HTTP/1.1" 200 -
06:21:25 "POST /collect HTTP/1.1" 200 -
06:21:25 "POST /collect HTTP/1.1" 200 -
06:21:25 "POST /collect HTTP/1.1" 200 -
06:21:25 "POST /collect HTTP/1.1" 200 -
06:21:26 "POST /collect HTTP/1.1" 200 -
06:21:26 "POST /collect HTTP/1.1" 200 -
06:21:26 "POST /collect HTTP/1.1" 200 -
06:21:26 "POST /collect HTTP/1.1" 200 -
06:21:26 "POST /collect HTTP/1.1" 200 -
06:21:26 "POST /collect HTTP/1.1" 200 -
06:21:26 "POST /collect HTTP/1.1" 200 -
06:21:26 "POST /collect HTTP/1.1" 200 -
06:21:26 "POST /collect HTTP/1.1" 200 -
06:21:26 "POST /collect HTTP/1.1" 200 -
06:21:26 "GET /roster HTTP/1.1" 200 -
06:21:26 "POST /collect HTTP/1.1" 200 -
06:21:26 "POST /collect HTTP/1.1" 200 -
06:21:26 "GET /roster HTTP/1.1" 200 -
06:21:27 "POST /collect HTTP/1.1" 200 -
06:21:27 "POST /collect HTTP/1.1" 200 -
06:21:27 "POST /collect HTTP/1.1" 200 -
06:21:27 "POST /collect HTTP/1.1" 200 -
06:21:27 "POST /collect HTTP/1.1" 200 -
06:21:28 "POST /collect HTTP/1.1" 200 -
06:21:28 "POST /collect HTTP/1.1" 200 -
06:21:28 "POST /collect HTTP/1.1" 200 -
06:21:28 "POST /collect HTTP/1.1" 200 -
06:21:28 "POST /collect HTTP/1.1" 200 -
06:21:28 "POST /collect HTTP/1.1" 200 -
06:21:28 "POST /collect HTTP/1.1" 200 -
06:21:28 "POST /collect HTTP/1.1" 200 -
06:21:28 "POST /collect HTTP/1.1" 200 -
06:21:28 "POST /collect HTTP/1.1" 200 -
06:21:28 "POST /collect HTTP/1.1" 200 -
06:21:28 "POST /collect HTTP/1.1" 200 -
06:21:28 "POST /collect HTTP/1.1" 200 -
06:21:28 "POST /collect HTTP/1.1" 200 -
06:21:28 "POST /collect HTTP/1.1" 200 -
06:21:28 "POST /collect HTTP/1.1" 200 -
06:21:28 "POST /collect HTTP/1.1" 200 -
06:21:28 "POST /collect HTTP/1.1" 200 -
06:21:28 "POST /collect HTTP/1.1" 200 -
06:21:28 "POST /collect HTTP/1.1" 200 -
06:21:28 "POST /collect HTTP/1.1" 200 -
06:21:28 "POST /collect HTTP/1.1" 200 -
06:21:28 "POST /collect HTTP/1.1" 200 -
06:21:28 "POST /collect HTTP/1.1" 200 -
06:21:28 "GET /roster HTTP/1.1" 200 -
06:21:28 "POST /collect HTTP/1.1" 200 -
06:21:28 "GET /roster HTTP/1.1" 200 -
06:21:28 "POST /collect HTTP/1.1" 200 -
06:21:28 "POST /collect HTTP/1.1" 200 -
06:21:29 "POST /collect HTTP/1.1" 200 -
06:21:29 "POST /collect HTTP/1.1" 200 -
06:21:29 "POST /collect HTTP/1.1" 200 -
06:21:29 "POST /collect HTTP/1.1" 200 -
06:21:29 "POST /collect HTTP/1.1" 200 -
06:21:29 "POST /collect HTTP/1.1" 200 -
06:21:29 "POST /collect HTTP/1.1" 200 -
06:21:29 "POST /collect HTTP/1.1" 200 -
06:21:29 "POST /collect HTTP/1.1" 200 -
06:21:29 "POST /collect HTTP/1.1" 200 -
06:21:29 "POST /collect HTTP/1.1" 200 -
06:21:30 "POST /collect HTTP/1.1" 200 -
06:21:30 "POST /collect HTTP/1.1" 200 -
06:21:30 "POST /collect HTTP/1.1" 200 -
06:21:30 "POST /collect HTTP/1.1" 200 -
06:21:30 "GET /roster HTTP/1.1" 200 -
06:21:30 "GET /roster HTTP/1.1" 200 -
06:21:30 "POST /collect HTTP/1.1" 200 -
06:21:30 "POST /collect HTTP/1.1" 200 -
06:21:31 "POST /collect HTTP/1.1" 200 -
06:21:31 "POST /collect HTTP/1.1" 200 -
06:21:31 "POST /collect HTTP/1.1" 200 -
06:21:31 "POST /collect HTTP/1.1" 200 -
06:21:31 "POST /collect HTTP/1.1" 200 -
06:21:31 "POST /collect HTTP/1.1" 200 -
06:21:31 "POST /collect HTTP/1.1" 200 -
06:21:31 "POST /collect HTTP/1.1" 200 -
06:21:31 "POST /collect HTTP/1.1" 200 -
06:21:31 "POST /collect HTTP/1.1" 200 -
06:21:31 "POST /collect HTTP/1.1" 200 -
06:21:31 "POST /collect HTTP/1.1" 200 -
06:21:31 "POST /collect HTTP/1.1" 200 -
06:21:31 "POST /collect HTTP/1.1" 200 -
06:21:31 "POST /collect HTTP/1.1" 200 -
06:21:31 "POST /collect HTTP/1.1" 200 -
06:21:31 "POST /collect HTTP/1.1" 200 -
06:21:31 "POST /collect HTTP/1.1" 200 -
06:21:31 "POST /collect HTTP/1.1" 200 -
06:21:31 "POST /collect HTTP/1.1" 200 -
06:21:31 "POST /collect HTTP/1.1" 200 -
06:21:31 "POST /collect HTTP/1.1" 200 -
06:21:31 "POST /collect HTTP/1.1" 200 -
06:21:31 "POST /collect HTTP/1.1" 200 -
06:21:31 "POST /collect HTTP/1.1" 200 -
06:21:32 "POST /collect HTTP/1.1" 200 -
06:21:32 "POST /collect HTTP/1.1" 200 -
06:21:32 "POST /collect HTTP/1.1" 200 -
06:21:32 "POST /collect HTTP/1.1" 200 -
06:21:32 "POST /collect HTTP/1.1" 200 -
06:21:32 "POST /collect HTTP/1.1" 200 -
06:21:32 "POST /collect HTTP/1.1" 200 -
06:21:32 "POST /collect HTTP/1.1" 200 -
06:21:32 "POST /collect HTTP/1.1" 200 -
06:21:32 "POST /collect HTTP/1.1" 200 -
06:21:32 "GET /roster HTTP/1.1" 200 -
06:21:32 "POST /collect HTTP/1.1" 200 -
06:21:32 "POST /collect HTTP/1.1" 200 -
06:21:33 "GET /roster HTTP/1.1" 200 -
06:21:33 "POST /collect HTTP/1.1" 200 -
06:21:33 "POST /collect HTTP/1.1" 200 -
06:21:33 "POST /collect HTTP/1.1" 200 -
06:21:33 "POST /collect HTTP/1.1" 200 -
06:21:33 "POST /collect HTTP/1.1" 200 -
06:21:34 "POST /collect HTTP/1.1" 200 -
06:21:34 "POST /collect HTTP/1.1" 200 -
06:21:34 "POST /collect HTTP/1.1" 200 -
06:21:34 "POST /collect HTTP/1.1" 200 -
06:21:34 "POST /collect HTTP/1.1" 200 -
06:21:34 "POST /collect HTTP/1.1" 200 -
06:21:34 "POST /collect HTTP/1.1" 200 -
06:21:34 "POST /collect HTTP/1.1" 200 -
06:21:34 "POST /collect HTTP/1.1" 200 -
06:21:34 "POST /collect HTTP/1.1" 200 -
06:21:34 "POST /collect HTTP/1.1" 200 -
06:21:34 "POST /collect HTTP/1.1" 200 -
06:21:34 "POST /collect HTTP/1.1" 200 -
06:21:34 "POST /collect HTTP/1.1" 200 -
06:21:34 "POST /collect HTTP/1.1" 200 -
06:21:34 "POST /collect HTTP/1.1" 200 -
06:21:34 "POST /collect HTTP/1.1" 200 -
06:21:34 "POST /collect HTTP/1.1" 200 -
06:21:34 "POST /collect HTTP/1.1" 200 -
06:21:34 "POST /collect HTTP/1.1" 200 -
06:21:34 "POST /collect HTTP/1.1" 200 -
06:21:34 "POST /collect HTTP/1.1" 200 -
06:21:34 "POST /collect HTTP/1.1" 200 -
06:21:34 "POST /collect HTTP/1.1" 200 -
06:21:34 "POST /collect HTTP/1.1" 200 -
06:21:34 "GET /roster HTTP/1.1" 200 -
06:21:34 "POST /collect HTTP/1.1" 200 -
06:21:34 "POST /collect HTTP/1.1" 200 -
06:21:34 "GET /roster HTTP/1.1" 200 -
06:21:35 "POST /collect HTTP/1.1" 200 -
06:21:35 "POST /collect HTTP/1.1" 200 -
06:21:35 "POST /collect HTTP/1.1" 200 -
06:21:35 "POST /collect HTTP/1.1" 200 -
06:21:35 "POST /collect HTTP/1.1" 200 -
06:21:35 "POST /collect HTTP/1.1" 200 -
06:21:35 "POST /collect HTTP/1.1" 200 -
06:21:35 "POST /collect HTTP/1.1" 200 -
06:21:35 "POST /collect HTTP/1.1" 200 -
06:21:35 "POST /collect HTTP/1.1" 200 -
06:21:35 "POST /collect HTTP/1.1" 200 -
06:21:35 "POST /collect HTTP/1.1" 200 -
06:21:36 "POST /collect HTTP/1.1" 200 -
06:21:36 "POST /collect HTTP/1.1" 200 -
06:21:36 "POST /collect HTTP/1.1" 200 -
06:21:36 "POST /collect HTTP/1.1" 200 -
06:21:36 "GET /roster HTTP/1.1" 200 -
06:21:36 "POST /collect HTTP/1.1" 200 -
06:21:36 "GET /roster HTTP/1.1" 200 -
06:21:36 "POST /collect HTTP/1.1" 200 -
06:21:37 "POST /collect HTTP/1.1" 200 -
06:21:37 "POST /collect HTTP/1.1" 200 -
06:21:37 "POST /collect HTTP/1.1" 200 -
06:21:37 "POST /collect HTTP/1.1" 200 -
06:21:37 "POST /collect HTTP/1.1" 200 -
06:21:37 "POST /collect HTTP/1.1" 200 -
06:21:37 "POST /collect HTTP/1.1" 200 -
06:21:37 "POST /collect HTTP/1.1" 200 -
06:21:37 "POST /collect HTTP/1.1" 200 -
06:21:37 "POST /collect HTTP/1.1" 200 -
06:21:37 "POST /collect HTTP/1.1" 200 -
06:21:37 "POST /collect HTTP/1.1" 200 -
06:21:37 "POST /collect HTTP/1.1" 200 -
06:21:37 "POST /collect HTTP/1.1" 200 -
06:21:37 "POST /collect HTTP/1.1" 200 -
06:21:37 "POST /collect HTTP/1.1" 200 -
06:21:37 "POST /collect HTTP/1.1" 200 -
06:21:37 "POST /collect HTTP/1.1" 200 -
06:21:37 "POST /collect HTTP/1.1" 200 -
06:21:37 "POST /collect HTTP/1.1" 200 -
06:21:37 "POST /collect HTTP/1.1" 200 -
06:21:37 "POST /collect HTTP/1.1" 200 -
06:21:37 "POST /collect HTTP/1.1" 200 -
06:21:37 "POST /collect HTTP/1.1" 200 -
06:21:37 "POST /collect HTTP/1.1" 200 -
06:21:38 "POST /collect HTTP/1.1" 200 -
06:21:38 "POST /collect HTTP/1.1" 200 -
06:21:38 "POST /collect HTTP/1.1" 200 -
06:21:38 "POST /collect HTTP/1.1" 200 -
06:21:38 "POST /collect HTTP/1.1" 200 -
06:21:38 "POST /collect HTTP/1.1" 200 -
06:21:38 "POST /collect HTTP/1.1" 200 -
06:21:38 "POST /collect HTTP/1.1" 200 -
06:21:38 "POST /collect HTTP/1.1" 200 -
06:21:38 "POST /collect HTTP/1.1" 200 -
06:21:38 "GET /roster HTTP/1.1" 200 -
06:21:38 "POST /collect HTTP/1.1" 200 -
06:21:38 "POST /collect HTTP/1.1" 200 -
06:21:39 "POST /collect HTTP/1.1" 200 -
06:21:39 "GET /roster HTTP/1.1" 200 -
06:21:39 "POST /collect HTTP/1.1" 200 -
06:21:39 "POST /collect HTTP/1.1" 200 -
06:21:39 "POST /collect HTTP/1.1" 200 -
06:21:39 "POST /collect HTTP/1.1" 200 -
06:21:40 "POST /collect HTTP/1.1" 200 -
06:21:40 "POST /collect HTTP/1.1" 200 -
06:21:40 "POST /collect HTTP/1.1" 200 -
06:21:40 "POST /collect HTTP/1.1" 200 -
06:21:40 "POST /collect HTTP/1.1" 200 -
06:21:40 "POST /collect HTTP/1.1" 200 -
06:21:40 "POST /collect HTTP/1.1" 200 -
06:21:40 "POST /collect HTTP/1.1" 200 -
06:21:40 "POST /collect HTTP/1.1" 200 -
06:21:40 "POST /collect HTTP/1.1" 200 -
06:21:40 "POST /collect HTTP/1.1" 200 -
06:21:40 "POST /collect HTTP/1.1" 200 -
06:21:40 "POST /collect HTTP/1.1" 200 -
06:21:40 "POST /collect HTTP/1.1" 200 -
06:21:40 "POST /collect HTTP/1.1" 200 -
06:21:40 "POST /collect HTTP/1.1" 200 -
06:21:40 "POST /collect HTTP/1.1" 200 -
06:21:40 "POST /collect HTTP/1.1" 200 -
06:21:40 "POST /collect HTTP/1.1" 200 -
06:21:40 "POST /collect HTTP/1.1" 200 -
06:21:40 "POST /collect HTTP/1.1" 200 -
06:21:40 "POST /collect HTTP/1.1" 200 -
06:21:40 "POST /collect HTTP/1.1" 200 -
06:21:40 "POST /collect HTTP/1.1" 200 -
06:21:40 "GET /roster HTTP/1.1" 200 -
06:21:40 "POST /collect HTTP/1.1" 200 -
06:21:40 "POST /collect HTTP/1.1" 200 -
06:21:41 "GET /roster HTTP/1.1" 200 -
06:21:41 "POST /collect HTTP/1.1" 200 -
06:21:41 "POST /collect HTTP/1.1" 200 -
06:21:41 "POST /collect HTTP/1.1" 200 -
06:21:41 "POST /collect HTTP/1.1" 200 -
06:21:41 "POST /collect HTTP/1.1" 200 -
06:21:41 "POST /collect HTTP/1.1" 200 -
06:21:41 "POST /collect HTTP/1.1" 200 -
06:21:41 "POST /collect HTTP/1.1" 200 -
06:21:41 "POST /collect HTTP/1.1" 200 -
06:21:41 "POST /collect HTTP/1.1" 200 -
06:21:41 "POST /collect HTTP/1.1" 200 -
06:21:41 "POST /collect HTTP/1.1" 200 -
06:21:42 "POST /collect HTTP/1.1" 200 -
06:21:42 "POST /collect HTTP/1.1" 200 -
06:21:42 "POST /collect HTTP/1.1" 200 -
06:21:42 "POST /collect HTTP/1.1" 200 -
06:21:42 "GET /roster HTTP/1.1" 200 -
06:21:42 "POST /collect HTTP/1.1" 200 -
06:21:43 "GET /roster HTTP/1.1" 200 -
06:21:43 "POST /collect HTTP/1.1" 200 -
06:21:43 "POST /collect HTTP/1.1" 200 -
06:21:43 "POST /collect HTTP/1.1" 200 -
06:21:43 "POST /collect HTTP/1.1" 200 -
06:21:43 "POST /collect HTTP/1.1" 200 -
06:21:43 "POST /collect HTTP/1.1" 200 -
06:21:43 "POST /collect HTTP/1.1" 200 -
06:21:43 "POST /collect HTTP/1.1" 200 -
06:21:43 "POST /collect HTTP/1.1" 200 -
06:21:43 "POST /collect HTTP/1.1" 200 -
06:21:43 "POST /collect HTTP/1.1" 200 -
06:21:43 "POST /collect HTTP/1.1" 200 -
06:21:43 "POST /collect HTTP/1.1" 200 -
06:21:43 "POST /collect HTTP/1.1" 200 -
06:21:43 "POST /collect HTTP/1.1" 200 -
06:21:43 "POST /collect HTTP/1.1" 200 -
06:21:43 "POST /collect HTTP/1.1" 200 -
06:21:43 "POST /collect HTTP/1.1" 200 -
06:21:43 "POST /collect HTTP/1.1" 200 -
06:21:43 "POST /collect HTTP/1.1" 200 -
06:21:43 "POST /collect HTTP/1.1" 200 -
06:21:43 "POST /collect HTTP/1.1" 200 -
06:21:43 "POST /collect HTTP/1.1" 200 -
06:21:43 "POST /collect HTTP/1.1" 200 -
06:21:43 "POST /collect HTTP/1.1" 200 -
06:21:43 "POST /collect HTTP/1.1" 200 -
06:21:44 "POST /collect HTTP/1.1" 200 -
06:21:44 "POST /collect HTTP/1.1" 200 -
06:21:44 "POST /collect HTTP/1.1" 200 -
06:21:44 "POST /collect HTTP/1.1" 200 -
06:21:44 "POST /collect HTTP/1.1" 200 -
06:21:44 "POST /collect HTTP/1.1" 200 -
06:21:44 "POST /collect HTTP/1.1" 200 -
06:21:44 "POST /collect HTTP/1.1" 200 -
06:21:44 "POST /collect HTTP/1.1" 200 -
06:21:44 "POST /collect HTTP/1.1" 200 -
06:21:44 "POST /collect HTTP/1.1" 200 -
06:21:45 "GET /roster HTTP/1.1" 200 -
06:21:45 "POST /collect HTTP/1.1" 200 -
06:21:45 "GET /roster HTTP/1.1" 200 -
06:21:45 "POST /collect HTTP/1.1" 200 -
06:21:45 "POST /collect HTTP/1.1" 200 -
06:21:45 "POST /collect HTTP/1.1" 200 -
06:21:45 "POST /collect HTTP/1.1" 200 -
06:21:45 "POST /collect HTTP/1.1" 200 -
06:21:46 "POST /collect HTTP/1.1" 200 -
06:21:46 "POST /collect HTTP/1.1" 200 -
06:21:46 "POST /collect HTTP/1.1" 200 -
06:21:46 "POST /collect HTTP/1.1" 200 -
06:21:46 "POST /collect HTTP/1.1" 200 -
06:21:46 "POST /collect HTTP/1.1" 200 -
06:21:46 "POST /collect HTTP/1.1" 200 -
06:21:46 "POST /collect HTTP/1.1" 200 -
06:21:46 "POST /collect HTTP/1.1" 200 -
06:21:46 "POST /collect HTTP/1.1" 200 -
06:21:46 "POST /collect HTTP/1.1" 200 -
06:21:46 "POST /collect HTTP/1.1" 200 -
06:21:46 "POST /collect HTTP/1.1" 200 -
06:21:46 "POST /collect HTTP/1.1" 200 -
06:21:46 "POST /collect HTTP/1.1" 200 -
06:21:46 "POST /collect HTTP/1.1" 200 -
06:21:46 "POST /collect HTTP/1.1" 200 -
06:21:46 "POST /collect HTTP/1.1" 200 -
06:21:46 "POST /collect HTTP/1.1" 200 -
06:21:46 "POST /collect HTTP/1.1" 200 -
06:21:46 "POST /collect HTTP/1.1" 200 -
06:21:46 "POST /collect HTTP/1.1" 200 -
06:21:46 "POST /collect HTTP/1.1" 200 -
06:21:46 "POST /collect HTTP/1.1" 200 -
06:21:46 "POST /collect HTTP/1.1" 200 -
06:21:47 "GET /roster HTTP/1.1" 200 -
06:21:47 "POST /collect HTTP/1.1" 200 -
06:21:47 "GET /roster HTTP/1.1" 200 -
06:21:47 "POST /collect HTTP/1.1" 200 -
06:21:47 "POST /collect HTTP/1.1" 200 -
06:21:47 "POST /collect HTTP/1.1" 200 -
06:21:47 "POST /collect HTTP/1.1" 200 -
06:21:47 "POST /collect HTTP/1.1" 200 -
06:21:47 "POST /collect HTTP/1.1" 200 -
06:21:47 "POST /collect HTTP/1.1" 200 -
06:21:47 "POST /collect HTTP/1.1" 200 -
06:21:47 "POST /collect HTTP/1.1" 200 -
06:21:47 "POST /collect HTTP/1.1" 200 -
06:21:47 "POST /collect HTTP/1.1" 200 -
06:21:47 "POST /collect HTTP/1.1" 200 -
06:21:48 "POST /collect HTTP/1.1" 200 -
06:21:48 "POST /collect HTTP/1.1" 200 -
06:21:48 "POST /collect HTTP/1.1" 200 -
06:21:48 "POST /collect HTTP/1.1" 200 -
06:21:49 "GET /roster HTTP/1.1" 200 -
06:21:49 "POST /collect HTTP/1.1" 200 -
06:21:49 "GET /roster HTTP/1.1" 200 -
06:21:49 "POST /collect HTTP/1.1" 200 -
06:21:49 "POST /collect HTTP/1.1" 200 -
06:21:49 "POST /collect HTTP/1.1" 200 -
06:21:49 "POST /collect HTTP/1.1" 200 -
06:21:49 "POST /collect HTTP/1.1" 200 -
06:21:49 "POST /collect HTTP/1.1" 200 -
06:21:49 "POST /collect HTTP/1.1" 200 -
06:21:49 "POST /collect HTTP/1.1" 200 -
06:21:49 "POST /collect HTTP/1.1" 200 -
06:21:49 "POST /collect HTTP/1.1" 200 -
06:21:49 "POST /collect HTTP/1.1" 200 -
06:21:49 "POST /collect HTTP/1.1" 200 -
06:21:49 "POST /collect HTTP/1.1" 200 -
06:21:49 "POST /collect HTTP/1.1" 200 -
06:21:49 "POST /collect HTTP/1.1" 200 -
06:21:49 "POST /collect HTTP/1.1" 200 -
06:21:49 "POST /collect HTTP/1.1" 200 -
06:21:49 "POST /collect HTTP/1.1" 200 -
06:21:49 "POST /collect HTTP/1.1" 200 -
06:21:49 "POST /collect HTTP/1.1" 200 -
06:21:49 "POST /collect HTTP/1.1" 200 -
06:21:49 "POST /collect HTTP/1.1" 200 -
06:21:49 "POST /collect HTTP/1.1" 200 -
06:21:49 "POST /collect HTTP/1.1" 200 -
06:21:49 "POST /collect HTTP/1.1" 200 -
06:21:49 "POST /collect HTTP/1.1" 200 -
06:21:50 "POST /collect HTTP/1.1" 200 -
06:21:50 "POST /collect HTTP/1.1" 200 -
06:21:50 "POST /collect HTTP/1.1" 200 -
06:21:50 "POST /collect HTTP/1.1" 200 -
06:21:50 "POST /collect HTTP/1.1" 200 -
06:21:50 "POST /collect HTTP/1.1" 200 -
06:21:50 "POST /collect HTTP/1.1" 200 -
06:21:50 "POST /collect HTTP/1.1" 200 -
06:21:50 "POST /collect HTTP/1.1" 200 -
06:21:50 "POST /collect HTTP/1.1" 200 -
06:21:50 "POST /collect HTTP/1.1" 200 -
06:21:50 "GET /roster HTTP/1.1" 200 -
06:21:50 "POST /collect HTTP/1.1" 200 -
06:21:50 "POST /collect HTTP/1.1" 200 -
06:21:51 "GET /roster HTTP/1.1" 200 -
06:21:51 "POST /collect HTTP/1.1" 200 -
06:21:51 "POST /collect HTTP/1.1" 200 -
06:21:51 "POST /collect HTTP/1.1" 200 -
06:21:51 "POST /collect HTTP/1.1" 200 -
06:21:51 "POST /collect HTTP/1.1" 200 -
06:21:52 "POST /collect HTTP/1.1" 200 -
06:21:52 "POST /collect HTTP/1.1" 200 -
06:21:52 "POST /collect HTTP/1.1" 200 -
06:21:52 "POST /collect HTTP/1.1" 200 -
06:21:52 "POST /collect HTTP/1.1" 200 -
06:21:52 "POST /collect HTTP/1.1" 200 -
06:21:52 "POST /collect HTTP/1.1" 200 -
06:21:52 "POST /collect HTTP/1.1" 200 -
06:21:52 "POST /collect HTTP/1.1" 200 -
06:21:52 "POST /collect HTTP/1.1" 200 -
06:21:52 "POST /collect HTTP/1.1" 200 -
06:21:52 "POST /collect HTTP/1.1" 200 -
06:21:52 "POST /collect HTTP/1.1" 200 -
06:21:52 "POST /collect HTTP/1.1" 200 -
06:21:52 "POST /collect HTTP/1.1" 200 -
06:21:52 "POST /collect HTTP/1.1" 200 -
06:21:52 "POST /collect HTTP/1.1" 200 -
06:21:52 "POST /collect HTTP/1.1" 200 -
06:21:52 "POST /collect HTTP/1.1" 200 -
06:21:52 "POST /collect HTTP/1.1" 200 -
06:21:52 "POST /collect HTTP/1.1" 200 -
06:21:52 "POST /collect HTTP/1.1" 200 -
06:21:52 "POST /collect HTTP/1.1" 200 -
06:21:52 "GET /roster HTTP/1.1" 200 -
06:21:52 "POST /collect HTTP/1.1" 200 -
06:21:52 "POST /collect HTTP/1.1" 200 -
06:21:52 "GET /roster HTTP/1.1" 200 -
06:21:52 "POST /collect HTTP/1.1" 200 -
06:21:52 "POST /collect HTTP/1.1" 200 -
06:21:53 "POST /collect HTTP/1.1" 200 -
06:21:53 "POST /collect HTTP/1.1" 200 -
06:21:53 "POST /collect HTTP/1.1" 200 -
06:21:53 "POST /collect HTTP/1.1" 200 -
06:21:53 "POST /collect HTTP/1.1" 200 -
06:21:53 "POST /collect HTTP/1.1" 200 -
06:21:53 "POST /collect HTTP/1.1" 200 -
06:21:53 "POST /collect HTTP/1.1" 200 -
06:21:53 "POST /collect HTTP/1.1" 200 -
06:21:53 "POST /collect HTTP/1.1" 200 -
06:21:53 "POST /collect HTTP/1.1" 200 -
06:21:54 "POST /collect HTTP/1.1" 200 -
06:21:54 "POST /collect HTTP/1.1" 200 -
06:21:54 "POST /collect HTTP/1.1" 200 -
06:21:54 "POST /collect HTTP/1.1" 200 -
06:21:54 "GET /roster HTTP/1.1" 200 -
06:21:54 "POST /collect HTTP/1.1" 200 -
06:21:55 "GET /roster HTTP/1.1" 200 -
06:21:55 "POST /collect HTTP/1.1" 200 -
06:21:55 "POST /collect HTTP/1.1" 200 -
06:21:55 "POST /collect HTTP/1.1" 200 -
06:21:55 "POST /collect HTTP/1.1" 200 -
06:21:55 "POST /collect HTTP/1.1" 200 -
06:21:55 "POST /collect HTTP/1.1" 200 -
06:21:55 "POST /collect HTTP/1.1" 200 -
06:21:55 "POST /collect HTTP/1.1" 200 -
06:21:55 "POST /collect HTTP/1.1" 200 -
06:21:55 "POST /collect HTTP/1.1" 200 -
06:21:55 "POST /collect HTTP/1.1" 200 -
06:21:55 "POST /collect HTTP/1.1" 200 -
06:21:55 "POST /collect HTTP/1.1" 200 -
06:21:55 "POST /collect HTTP/1.1" 200 -
06:21:55 "POST /collect HTTP/1.1" 200 -
06:21:55 "POST /collect HTTP/1.1" 200 -
06:21:55 "POST /collect HTTP/1.1" 200 -
06:21:55 "POST /collect HTTP/1.1" 200 -
06:21:55 "POST /collect HTTP/1.1" 200 -
06:21:55 "POST /collect HTTP/1.1" 200 -
06:21:55 "POST /collect HTTP/1.1" 200 -
06:21:55 "POST /collect HTTP/1.1" 200 -
06:21:55 "POST /collect HTTP/1.1" 200 -
06:21:55 "POST /collect HTTP/1.1" 200 -
06:21:55 "POST /collect HTTP/1.1" 200 -
06:21:55 "POST /collect HTTP/1.1" 200 -
06:21:56 "POST /collect HTTP/1.1" 200 -
06:21:56 "POST /collect HTTP/1.1" 200 -
06:21:56 "POST /collect HTTP/1.1" 200 -
06:21:56 "POST /collect HTTP/1.1" 200 -
06:21:56 "POST /collect HTTP/1.1" 200 -
06:21:56 "POST /collect HTTP/1.1" 200 -
06:21:56 "POST /collect HTTP/1.1" 200 -
06:21:56 "POST /collect HTTP/1.1" 200 -
06:21:56 "POST /collect HTTP/1.1" 200 -
06:21:56 "POST /collect HTTP/1.1" 200 -
06:21:56 "POST /collect HTTP/1.1" 200 -
06:21:56 "GET /roster HTTP/1.1" 200 -
06:21:56 "POST /collect HTTP/1.1" 200 -
06:21:57 "GET /roster HTTP/1.1" 200 -
06:21:57 "POST /collect HTTP/1.1" 200 -
06:21:57 "POST /collect HTTP/1.1" 200 -
06:21:57 "POST /collect HTTP/1.1" 200 -
06:21:57 "POST /collect HTTP/1.1" 200 -
06:21:57 "POST /collect HTTP/1.1" 200 -
06:21:58 "POST /collect HTTP/1.1" 200 -
06:21:58 "POST /collect HTTP/1.1" 200 -
06:21:58 "POST /collect HTTP/1.1" 200 -
06:21:58 "POST /collect HTTP/1.1" 200 -
06:21:58 "POST /collect HTTP/1.1" 200 -
06:21:58 "POST /collect HTTP/1.1" 200 -
06:21:58 "POST /collect HTTP/1.1" 200 -
06:21:58 "POST /collect HTTP/1.1" 200 -
06:21:58 "POST /collect HTTP/1.1" 200 -
06:21:58 "POST /collect HTTP/1.1" 200 -
06:21:58 "POST /collect HTTP/1.1" 200 -
06:21:58 "POST /collect HTTP/1.1" 200 -
06:21:58 "POST /collect HTTP/1.1" 200 -
06:21:58 "POST /collect HTTP/1.1" 200 -
06:21:58 "POST /collect HTTP/1.1" 200 -
06:21:58 "POST /collect HTTP/1.1" 200 -
06:21:58 "POST /collect HTTP/1.1" 200 -
06:21:58 "POST /collect HTTP/1.1" 200 -
06:21:58 "POST /collect HTTP/1.1" 200 -
06:21:58 "POST /collect HTTP/1.1" 200 -
06:21:58 "POST /collect HTTP/1.1" 200 -
06:21:58 "POST /collect HTTP/1.1" 200 -
06:21:58 "POST /collect HTTP/1.1" 200 -
06:21:58 "POST /collect HTTP/1.1" 200 -
06:21:58 "POST /collect HTTP/1.1" 200 -
06:21:58 "GET /roster HTTP/1.1" 200 -
06:21:58 "POST /collect HTTP/1.1" 200 -
06:21:59 "GET /roster HTTP/1.1" 200 -
06:21:59 "POST /collect HTTP/1.1" 200 -
06:21:59 "POST /collect HTTP/1.1" 200 -
06:21:59 "POST /collect HTTP/1.1" 200 -
06:21:59 "POST /collect HTTP/1.1" 200 -
06:21:59 "POST /collect HTTP/1.1" 200 -
06:21:59 "POST /collect HTTP/1.1" 200 -
06:21:59 "POST /collect HTTP/1.1" 200 -
06:21:59 "POST /collect HTTP/1.1" 200 -
06:21:59 "POST /collect HTTP/1.1" 200 -
06:21:59 "POST /collect HTTP/1.1" 200 -
06:21:59 "POST /collect HTTP/1.1" 200 -
06:21:59 "POST /collect HTTP/1.1" 200 -
06:22:00 "POST /collect HTTP/1.1" 200 -
06:22:00 "POST /collect HTTP/1.1" 200 -
06:22:00 "POST /collect HTTP/1.1" 200 -
06:22:00 "POST /collect HTTP/1.1" 200 -
06:22:00 "GET /roster HTTP/1.1" 200 -
06:22:00 "POST /collect HTTP/1.1" 200 -
06:22:01 "GET /roster HTTP/1.1" 200 -
06:22:01 "POST /collect HTTP/1.1" 200 -
06:22:01 "POST /collect HTTP/1.1" 200 -
06:22:01 "POST /collect HTTP/1.1" 200 -
06:22:01 "POST /collect HTTP/1.1" 200 -
06:22:01 "POST /collect HTTP/1.1" 200 -
06:22:01 "POST /collect HTTP/1.1" 200 -
06:22:01 "POST /collect HTTP/1.1" 200 -
06:22:01 "POST /collect HTTP/1.1" 200 -
06:22:01 "POST /collect HTTP/1.1" 200 -
06:22:01 "POST /collect HTTP/1.1" 200 -
06:22:01 "POST /collect HTTP/1.1" 200 -
06:22:01 "POST /collect HTTP/1.1" 200 -
06:22:01 "POST /collect HTTP/1.1" 200 -
06:22:01 "POST /collect HTTP/1.1" 200 -
06:22:01 "POST /collect HTTP/1.1" 200 -
06:22:01 "POST /collect HTTP/1.1" 200 -
06:22:01 "POST /collect HTTP/1.1" 200 -
06:22:01 "POST /collect HTTP/1.1" 200 -
06:22:01 "POST /collect HTTP/1.1" 200 -
06:22:01 "POST /collect HTTP/1.1" 200 -
06:22:01 "POST /collect HTTP/1.1" 200 -
06:22:01 "POST /collect HTTP/1.1" 200 -
06:22:01 "POST /collect HTTP/1.1" 200 -
06:22:01 "POST /collect HTTP/1.1" 200 -
06:22:01 "POST /collect HTTP/1.1" 200 -
06:22:01 "POST /collect HTTP/1.1" 200 -
06:22:02 "POST /collect HTTP/1.1" 200 -
06:22:02 "POST /collect HTTP/1.1" 200 -
06:22:02 "POST /collect HTTP/1.1" 200 -
06:22:02 "POST /collect HTTP/1.1" 200 -
06:22:02 "POST /collect HTTP/1.1" 200 -
06:22:02 "POST /collect HTTP/1.1" 200 -
06:22:02 "POST /collect HTTP/1.1" 200 -
06:22:02 "POST /collect HTTP/1.1" 200 -
06:22:02 "POST /collect HTTP/1.1" 200 -
06:22:02 "POST /collect HTTP/1.1" 200 -
06:22:02 "GET /roster HTTP/1.1" 200 -
06:22:02 "POST /collect HTTP/1.1" 200 -
06:22:02 "POST /collect HTTP/1.1" 200 -
06:22:03 "GET /roster HTTP/1.1" 200 -
06:22:03 "POST /collect HTTP/1.1" 200 -
06:22:03 "POST /collect HTTP/1.1" 200 -
06:22:03 "POST /collect HTTP/1.1" 200 -
06:22:03 "POST /collect HTTP/1.1" 200 -
06:22:03 "POST /collect HTTP/1.1" 200 -
06:22:04 "POST /collect HTTP/1.1" 200 -
06:22:04 "POST /collect HTTP/1.1" 200 -
06:22:04 "POST /collect HTTP/1.1" 200 -
06:22:04 "POST /collect HTTP/1.1" 200 -
06:22:04 "POST /collect HTTP/1.1" 200 -
06:22:04 "POST /collect HTTP/1.1" 200 -
06:22:04 "POST /collect HTTP/1.1" 200 -
06:22:04 "POST /collect HTTP/1.1" 200 -
06:22:04 "POST /collect HTTP/1.1" 200 -
06:22:04 "POST /collect HTTP/1.1" 200 -
06:22:04 "POST /collect HTTP/1.1" 200 -
06:22:04 "POST /collect HTTP/1.1" 200 -
06:22:04 "POST /collect HTTP/1.1" 200 -
06:22:04 "POST /collect HTTP/1.1" 200 -
06:22:04 "POST /collect HTTP/1.1" 200 -
06:22:04 "POST /collect HTTP/1.1" 200 -
06:22:04 "POST /collect HTTP/1.1" 200 -
06:22:04 "POST /collect HTTP/1.1" 200 -
06:22:04 "POST /collect HTTP/1.1" 200 -
06:22:04 "POST /collect HTTP/1.1" 200 -
06:22:04 "POST /collect HTTP/1.1" 200 -
06:22:04 "POST /collect HTTP/1.1" 200 -
06:22:04 "POST /collect HTTP/1.1" 200 -
06:22:04 "POST /collect HTTP/1.1" 200 -
06:22:04 "GET /roster HTTP/1.1" 200 -
06:22:04 "POST /collect HTTP/1.1" 200 -
06:22:04 "POST /collect HTTP/1.1" 200 -
06:22:05 "GET /roster HTTP/1.1" 200 -
06:22:05 "POST /collect HTTP/1.1" 200 -
06:22:05 "POST /collect HTTP/1.1" 200 -
06:22:05 "POST /collect HTTP/1.1" 200 -
06:22:05 "POST /collect HTTP/1.1" 200 -
06:22:05 "POST /collect HTTP/1.1" 200 -
06:22:05 "POST /collect HTTP/1.1" 200 -
06:22:05 "POST /collect HTTP/1.1" 200 -
06:22:05 "POST /collect HTTP/1.1" 200 -
06:22:05 "POST /collect HTTP/1.1" 200 -
06:22:05 "POST /collect HTTP/1.1" 200 -
06:22:05 "POST /collect HTTP/1.1" 200 -
06:22:05 "POST /collect HTTP/1.1" 200 -
06:22:05 "POST /collect HTTP/1.1" 200 -
06:22:06 "POST /collect HTTP/1.1" 200 -
06:22:06 "POST /collect HTTP/1.1" 200 -
06:22:06 "POST /collect HTTP/1.1" 200 -
06:22:06 "POST /collect HTTP/1.1" 200 -
06:22:06 "GET /roster HTTP/1.1" 200 -
06:22:06 "POST /collect HTTP/1.1" 200 -
06:22:07 "GET /roster HTTP/1.1" 200 -
06:22:07 "POST /collect HTTP/1.1" 200 -
06:22:07 "POST /collect HTTP/1.1" 200 -
06:22:07 "POST /collect HTTP/1.1" 200 -
06:22:07 "POST /collect HTTP/1.1" 200 -
06:22:07 "POST /collect HTTP/1.1" 200 -
06:22:07 "POST /collect HTTP/1.1" 200 -
06:22:07 "POST /collect HTTP/1.1" 200 -
06:22:07 "POST /collect HTTP/1.1" 200 -
06:22:07 "POST /collect HTTP/1.1" 200 -
06:22:07 "POST /collect HTTP/1.1" 200 -
06:22:07 "POST /collect HTTP/1.1" 200 -
06:22:07 "POST /collect HTTP/1.1" 200 -
06:22:07 "POST /collect HTTP/1.1" 200 -
06:22:07 "POST /collect HTTP/1.1" 200 -
06:22:07 "POST /collect HTTP/1.1" 200 -
06:22:07 "POST /collect HTTP/1.1" 200 -
06:22:07 "POST /collect HTTP/1.1" 200 -
06:22:07 "POST /collect HTTP/1.1" 200 -
06:22:07 "POST /collect HTTP/1.1" 200 -
06:22:07 "POST /collect HTTP/1.1" 200 -
06:22:07 "POST /collect HTTP/1.1" 200 -
06:22:07 "POST /collect HTTP/1.1" 200 -
06:22:07 "POST /collect HTTP/1.1" 200 -
06:22:07 "POST /collect HTTP/1.1" 200 -
06:22:07 "POST /collect HTTP/1.1" 200 -
06:22:07 "POST /collect HTTP/1.1" 200 -
06:22:08 "POST /collect HTTP/1.1" 200 -
06:22:08 "POST /collect HTTP/1.1" 200 -
06:22:08 "POST /collect HTTP/1.1" 200 -
06:22:08 "POST /collect HTTP/1.1" 200 -
06:22:08 "POST /collect HTTP/1.1" 200 -
06:22:08 "POST /collect HTTP/1.1" 200 -
06:22:08 "POST /collect HTTP/1.1" 200 -
06:22:08 "POST /collect HTTP/1.1" 200 -
06:22:08 "POST /collect HTTP/1.1" 200 -
06:22:08 "POST /collect HTTP/1.1" 200 -
06:22:08 "POST /collect HTTP/1.1" 200 -
06:22:08 "GET /roster HTTP/1.1" 200 -
06:22:09 "GET /roster HTTP/1.1" 200 -
06:22:09 "POST /collect HTTP/1.1" 200 -
06:22:09 "POST /collect HTTP/1.1" 200 -
06:22:09 "POST /collect HTTP/1.1" 200 -
06:22:09 "POST /collect HTTP/1.1" 200 -
06:22:09 "POST /collect HTTP/1.1" 200 -
06:22:09 "POST /collect HTTP/1.1" 200 -
06:22:10 "POST /collect HTTP/1.1" 200 -
06:22:10 "POST /collect HTTP/1.1" 200 -
06:22:10 "POST /collect HTTP/1.1" 200 -
06:22:10 "POST /collect HTTP/1.1" 200 -
06:22:10 "POST /collect HTTP/1.1" 200 -
06:22:10 "POST /collect HTTP/1.1" 200 -
06:22:10 "POST /collect HTTP/1.1" 200 -
06:22:10 "POST /collect HTTP/1.1" 200 -
06:22:10 "POST /collect HTTP/1.1" 200 -
06:22:10 "POST /collect HTTP/1.1" 200 -
06:22:10 "POST /collect HTTP/1.1" 200 -
06:22:10 "POST /collect HTTP/1.1" 200 -
06:22:10 "POST /collect HTTP/1.1" 200 -
06:22:10 "POST /collect HTTP/1.1" 200 -
06:22:10 "POST /collect HTTP/1.1" 200 -
06:22:10 "POST /collect HTTP/1.1" 200 -
06:22:10 "POST /collect HTTP/1.1" 200 -
06:22:10 "POST /collect HTTP/1.1" 200 -
06:22:10 "POST /collect HTTP/1.1" 200 -
06:22:10 "POST /collect HTTP/1.1" 200 -
06:22:10 "POST /collect HTTP/1.1" 200 -
06:22:10 "POST /collect HTTP/1.1" 200 -
06:22:10 "POST /collect HTTP/1.1" 200 -
06:22:10 "POST /collect HTTP/1.1" 200 -
06:22:10 "POST /collect HTTP/1.1" 200 -
06:22:10 "GET /roster HTTP/1.1" 200 -
06:22:10 "POST /collect HTTP/1.1" 200 -
06:22:11 "GET /roster HTTP/1.1" 200 -
06:22:11 "POST /collect HTTP/1.1" 200 -
06:22:11 "POST /collect HTTP/1.1" 200 -
06:22:11 "POST /collect HTTP/1.1" 200 -
06:22:11 "POST /collect HTTP/1.1" 200 -
06:22:11 "POST /collect HTTP/1.1" 200 -
06:22:11 "POST /collect HTTP/1.1" 200 -
06:22:11 "POST /collect HTTP/1.1" 200 -
06:22:11 "POST /collect HTTP/1.1" 200 -
06:22:11 "POST /collect HTTP/1.1" 200 -
06:22:11 "POST /collect HTTP/1.1" 200 -
06:22:11 "POST /collect HTTP/1.1" 200 -
06:22:11 "POST /collect HTTP/1.1" 200 -
06:22:12 "POST /collect HTTP/1.1" 200 -
06:22:12 "POST /collect HTTP/1.1" 200 -
06:22:12 "POST /collect HTTP/1.1" 200 -
06:22:12 "POST /collect HTTP/1.1" 200 -
06:22:12 "GET /roster HTTP/1.1" 200 -
06:22:12 "POST /collect HTTP/1.1" 200 -
06:22:13 "GET /roster HTTP/1.1" 200 -
06:22:13 "POST /collect HTTP/1.1" 200 -
06:22:13 "POST /collect HTTP/1.1" 200 -
06:22:13 "POST /collect HTTP/1.1" 200 -
06:22:13 "POST /collect HTTP/1.1" 200 -
06:22:13 "POST /collect HTTP/1.1" 200 -
06:22:13 "POST /collect HTTP/1.1" 200 -
06:22:13 "POST /collect HTTP/1.1" 200 -
06:22:13 "POST /collect HTTP/1.1" 200 -
06:22:13 "POST /collect HTTP/1.1" 200 -
06:22:13 "POST /collect HTTP/1.1" 200 -
06:22:13 "POST /collect HTTP/1.1" 200 -
06:22:13 "POST /collect HTTP/1.1" 200 -
06:22:13 "POST /collect HTTP/1.1" 200 -
06:22:13 "POST /collect HTTP/1.1" 200 -
06:22:13 "POST /collect HTTP/1.1" 200 -
06:22:13 "POST /collect HTTP/1.1" 200 -
06:22:13 "POST /collect HTTP/1.1" 200 -
06:22:13 "POST /collect HTTP/1.1" 200 -
06:22:13 "POST /collect HTTP/1.1" 200 -
06:22:13 "POST /collect HTTP/1.1" 200 -
06:22:13 "POST /collect HTTP/1.1" 200 -
06:22:13 "POST /collect HTTP/1.1" 200 -
06:22:13 "POST /collect HTTP/1.1" 200 -
06:22:13 "POST /collect HTTP/1.1" 200 -
06:22:13 "POST /collect HTTP/1.1" 200 -
06:22:13 "POST /collect HTTP/1.1" 200 -
06:22:14 "POST /collect HTTP/1.1" 200 -
06:22:14 "POST /collect HTTP/1.1" 200 -
06:22:14 "POST /collect HTTP/1.1" 200 -
06:22:14 "POST /collect HTTP/1.1" 200 -
06:22:14 "POST /collect HTTP/1.1" 200 -
06:22:14 "POST /collect HTTP/1.1" 200 -
06:22:14 "POST /collect HTTP/1.1" 200 -
06:22:14 "POST /collect HTTP/1.1" 200 -
06:22:14 "POST /collect HTTP/1.1" 200 -
06:22:14 "POST /collect HTTP/1.1" 200 -
06:22:14 "POST /collect HTTP/1.1" 200 -
06:22:15 "GET /roster HTTP/1.1" 200 -
06:22:15 "POST /collect HTTP/1.1" 200 -
06:22:15 "POST /collect HTTP/1.1" 200 -
06:22:15 "GET /roster HTTP/1.1" 200 -
06:22:15 "POST /collect HTTP/1.1" 200 -
06:22:15 "POST /collect HTTP/1.1" 200 -
06:22:15 "POST /collect HTTP/1.1" 200 -
06:22:15 "POST /collect HTTP/1.1" 200 -
06:22:16 "POST /collect HTTP/1.1" 200 -
06:22:16 "POST /collect HTTP/1.1" 200 -
06:22:16 "POST /collect HTTP/1.1" 200 -
06:22:16 "POST /collect HTTP/1.1" 200 -
06:22:16 "POST /collect HTTP/1.1" 200 -
06:22:16 "POST /collect HTTP/1.1" 200 -
06:22:16 "POST /collect HTTP/1.1" 200 -
06:22:16 "POST /collect HTTP/1.1" 200 -
06:22:16 "POST /collect HTTP/1.1" 200 -
06:22:16 "POST /collect HTTP/1.1" 200 -
06:22:16 "POST /collect HTTP/1.1" 200 -
06:22:16 "POST /collect HTTP/1.1" 200 -
06:22:16 "POST /collect HTTP/1.1" 200 -
06:22:16 "POST /collect HTTP/1.1" 200 -
06:22:16 "POST /collect HTTP/1.1" 200 -
06:22:16 "POST /collect HTTP/1.1" 200 -
06:22:16 "POST /collect HTTP/1.1" 200 -
06:22:16 "POST /collect HTTP/1.1" 200 -
06:22:16 "POST /collect HTTP/1.1" 200 -
06:22:16 "POST /collect HTTP/1.1" 200 -
06:22:16 "POST /collect HTTP/1.1" 200 -
06:22:16 "POST /collect HTTP/1.1" 200 -
06:22:16 "POST /collect HTTP/1.1" 200 -
06:22:16 "POST /collect HTTP/1.1" 200 -
06:22:16 "POST /collect HTTP/1.1" 200 -
06:22:16 "GET /roster HTTP/1.1" 200 -
06:22:16 "POST /collect HTTP/1.1" 200 -
06:22:17 "GET /roster HTTP/1.1" 200 -
06:22:17 "POST /collect HTTP/1.1" 200 -
06:22:17 "POST /collect HTTP/1.1" 200 -
06:22:17 "POST /collect HTTP/1.1" 200 -
06:22:17 "POST /collect HTTP/1.1" 200 -
06:22:17 "POST /collect HTTP/1.1" 200 -
06:22:17 "POST /collect HTTP/1.1" 200 -
06:22:17 "POST /collect HTTP/1.1" 200 -
06:22:17 "POST /collect HTTP/1.1" 200 -
06:22:17 "POST /collect HTTP/1.1" 200 -
06:22:17 "POST /collect HTTP/1.1" 200 -
06:22:17 "POST /collect HTTP/1.1" 200 -
06:22:17 "POST /collect HTTP/1.1" 200 -
06:22:18 "POST /collect HTTP/1.1" 200 -
06:22:18 "POST /collect HTTP/1.1" 200 -
06:22:18 "POST /collect HTTP/1.1" 200 -
06:22:18 "POST /collect HTTP/1.1" 200 -
06:22:18 "GET /roster HTTP/1.1" 200 -
06:22:18 "POST /collect HTTP/1.1" 200 -
06:22:19 "GET /roster HTTP/1.1" 200 -
06:22:19 "POST /collect HTTP/1.1" 200 -
06:22:19 "POST /collect HTTP/1.1" 200 -
06:22:19 "POST /collect HTTP/1.1" 200 -
06:22:19 "POST /collect HTTP/1.1" 200 -
06:22:19 "POST /collect HTTP/1.1" 200 -
06:22:19 "POST /collect HTTP/1.1" 200 -
06:22:19 "POST /collect HTTP/1.1" 200 -
06:22:19 "POST /collect HTTP/1.1" 200 -
06:22:19 "POST /collect HTTP/1.1" 200 -
06:22:19 "POST /collect HTTP/1.1" 200 -
06:22:19 "POST /collect HTTP/1.1" 200 -
06:22:19 "POST /collect HTTP/1.1" 200 -
06:22:19 "POST /collect HTTP/1.1" 200 -
06:22:19 "POST /collect HTTP/1.1" 200 -
06:22:19 "POST /collect HTTP/1.1" 200 -
06:22:19 "POST /collect HTTP/1.1" 200 -
06:22:19 "POST /collect HTTP/1.1" 200 -
06:22:19 "POST /collect HTTP/1.1" 200 -
06:22:19 "POST /collect HTTP/1.1" 200 -
06:22:19 "POST /collect HTTP/1.1" 200 -
06:22:19 "POST /collect HTTP/1.1" 200 -
06:22:19 "POST /collect HTTP/1.1" 200 -
06:22:19 "POST /collect HTTP/1.1" 200 -
06:22:19 "POST /collect HTTP/1.1" 200 -
06:22:19 "POST /collect HTTP/1.1" 200 -
06:22:19 "POST /collect HTTP/1.1" 200 -
06:22:20 "POST /collect HTTP/1.1" 200 -
06:22:20 "POST /collect HTTP/1.1" 200 -
06:22:20 "POST /collect HTTP/1.1" 200 -
06:22:20 "POST /collect HTTP/1.1" 200 -
06:22:20 "POST /collect HTTP/1.1" 200 -
06:22:20 "POST /collect HTTP/1.1" 200 -
06:22:20 "POST /collect HTTP/1.1" 200 -
06:22:20 "POST /collect HTTP/1.1" 200 -
06:22:20 "POST /collect HTTP/1.1" 200 -
06:22:20 "POST /collect HTTP/1.1" 200 -
06:22:20 "POST /collect HTTP/1.1" 200 -
06:22:20 "GET /roster HTTP/1.1" 200 -
06:22:20 "POST /collect HTTP/1.1" 200 -
06:22:20 "POST /collect HTTP/1.1" 200 -
06:22:21 "GET /roster HTTP/1.1" 200 -
06:22:21 "POST /collect HTTP/1.1" 200 -
06:22:21 "POST /collect HTTP/1.1" 200 -
06:22:21 "POST /collect HTTP/1.1" 200 -
06:22:21 "POST /collect HTTP/1.1" 200 -
06:22:21 "POST /collect HTTP/1.1" 200 -
06:22:22 "POST /collect HTTP/1.1" 200 -
06:22:22 "POST /collect HTTP/1.1" 200 -
06:22:22 "POST /collect HTTP/1.1" 200 -
06:22:22 "POST /collect HTTP/1.1" 200 -
06:22:22 "POST /collect HTTP/1.1" 200 -
06:22:22 "POST /collect HTTP/1.1" 200 -
06:22:22 "POST /collect HTTP/1.1" 200 -
06:22:22 "POST /collect HTTP/1.1" 200 -
06:22:22 "POST /collect HTTP/1.1" 200 -
06:22:22 "POST /collect HTTP/1.1" 200 -
06:22:22 "POST /collect HTTP/1.1" 200 -
06:22:22 "POST /collect HTTP/1.1" 200 -
06:22:22 "POST /collect HTTP/1.1" 200 -
06:22:22 "POST /collect HTTP/1.1" 200 -
06:22:22 "POST /collect HTTP/1.1" 200 -
06:22:22 "POST /collect HTTP/1.1" 200 -
06:22:22 "POST /collect HTTP/1.1" 200 -
06:22:22 "POST /collect HTTP/1.1" 200 -
06:22:22 "POST /collect HTTP/1.1" 200 -
06:22:22 "POST /collect HTTP/1.1" 200 -
06:22:22 "POST /collect HTTP/1.1" 200 -
06:22:22 "POST /collect HTTP/1.1" 200 -
06:22:22 "POST /collect HTTP/1.1" 200 -
06:22:22 "POST /collect HTTP/1.1" 200 -
06:22:22 "GET /roster HTTP/1.1" 200 -
06:22:22 "POST /collect HTTP/1.1" 200 -
06:22:22 "POST /collect HTTP/1.1" 200 -
06:22:23 "GET /roster HTTP/1.1" 200 -
06:22:23 "POST /collect HTTP/1.1" 200 -
06:22:23 "POST /collect HTTP/1.1" 200 -
06:22:23 "POST /collect HTTP/1.1" 200 -
06:22:23 "POST /collect HTTP/1.1" 200 -
06:22:23 "POST /collect HTTP/1.1" 200 -
06:22:23 "POST /collect HTTP/1.1" 200 -
06:22:23 "POST /collect HTTP/1.1" 200 -
06:22:23 "POST /collect HTTP/1.1" 200 -
06:22:23 "POST /collect HTTP/1.1" 200 -
06:22:23 "POST /collect HTTP/1.1" 200 -
06:22:23 "POST /collect HTTP/1.1" 200 -
06:22:23 "POST /collect HTTP/1.1" 200 -
06:22:24 "POST /collect HTTP/1.1" 200 -
06:22:24 "POST /collect HTTP/1.1" 200 -
06:22:24 "POST /collect HTTP/1.1" 200 -
06:22:24 "POST /collect HTTP/1.1" 200 -
06:22:24 "GET /roster HTTP/1.1" 200 -
06:22:24 "POST /collect HTTP/1.1" 200 -
06:22:25 "GET /roster HTTP/1.1" 200 -
06:22:25 "POST /collect HTTP/1.1" 200 -
06:22:25 "POST /collect HTTP/1.1" 200 -
06:22:25 "POST /collect HTTP/1.1" 200 -
06:22:25 "POST /collect HTTP/1.1" 200 -
06:22:25 "POST /collect HTTP/1.1" 200 -
06:22:25 "POST /collect HTTP/1.1" 200 -
06:22:25 "POST /collect HTTP/1.1" 200 -
06:22:25 "POST /collect HTTP/1.1" 200 -
06:22:25 "POST /collect HTTP/1.1" 200 -
06:22:25 "POST /collect HTTP/1.1" 200 -
06:22:25 "POST /collect HTTP/1.1" 200 -
06:22:25 "POST /collect HTTP/1.1" 200 -
06:22:25 "POST /collect HTTP/1.1" 200 -
06:22:25 "POST /collect HTTP/1.1" 200 -
06:22:25 "POST /collect HTTP/1.1" 200 -
06:22:25 "POST /collect HTTP/1.1" 200 -
06:22:25 "POST /collect HTTP/1.1" 200 -
06:22:25 "POST /collect HTTP/1.1" 200 -
06:22:25 "POST /collect HTTP/1.1" 200 -
06:22:25 "POST /collect HTTP/1.1" 200 -
06:22:25 "POST /collect HTTP/1.1" 200 -
06:22:25 "POST /collect HTTP/1.1" 200 -
06:22:25 "POST /collect HTTP/1.1" 200 -
06:22:25 "POST /collect HTTP/1.1" 200 -
06:22:25 "POST /collect HTTP/1.1" 200 -
06:22:25 "POST /collect HTTP/1.1" 200 -
06:22:26 "POST /collect HTTP/1.1" 200 -
06:22:26 "POST /collect HTTP/1.1" 200 -
06:22:26 "POST /collect HTTP/1.1" 200 -
06:22:26 "POST /collect HTTP/1.1" 200 -
06:22:26 "POST /collect HTTP/1.1" 200 -
06:22:26 "POST /collect HTTP/1.1" 200 -
06:22:26 "POST /collect HTTP/1.1" 200 -
06:22:26 "POST /collect HTTP/1.1" 200 -
06:22:26 "POST /collect HTTP/1.1" 200 -
06:22:26 "POST /collect HTTP/1.1" 200 -
06:22:26 "POST /collect HTTP/1.1" 200 -
06:22:26 "GET /roster HTTP/1.1" 200 -
06:22:27 "GET /roster HTTP/1.1" 200 -
06:22:27 "POST /collect HTTP/1.1" 200 -
06:22:27 "POST /collect HTTP/1.1" 200 -
06:22:27 "POST /collect HTTP/1.1" 200 -
06:22:27 "POST /collect HTTP/1.1" 200 -
06:22:27 "POST /collect HTTP/1.1" 200 -
06:22:27 "POST /collect HTTP/1.1" 200 -
06:22:28 "POST /collect HTTP/1.1" 200 -
06:22:28 "POST /collect HTTP/1.1" 200 -
06:22:28 "POST /collect HTTP/1.1" 200 -
06:22:28 "POST /collect HTTP/1.1" 200 -
06:22:28 "POST /collect HTTP/1.1" 200 -
06:22:28 "POST /collect HTTP/1.1" 200 -
06:22:28 "POST /collect HTTP/1.1" 200 -
06:22:28 "POST /collect HTTP/1.1" 200 -
06:22:28 "POST /collect HTTP/1.1" 200 -
06:22:28 "POST /collect HTTP/1.1" 200 -
06:22:28 "POST /collect HTTP/1.1" 200 -
06:22:28 "POST /collect HTTP/1.1" 200 -
06:22:28 "POST /collect HTTP/1.1" 200 -
06:22:28 "POST /collect HTTP/1.1" 200 -
06:22:28 "POST /collect HTTP/1.1" 200 -
06:22:28 "POST /collect HTTP/1.1" 200 -
06:22:28 "POST /collect HTTP/1.1" 200 -
06:22:28 "POST /collect HTTP/1.1" 200 -
06:22:28 "POST /collect HTTP/1.1" 200 -
06:22:28 "POST /collect HTTP/1.1" 200 -
06:22:28 "POST /collect HTTP/1.1" 200 -
06:22:28 "POST /collect HTTP/1.1" 200 -
06:22:28 "POST /collect HTTP/1.1" 200 -
06:22:28 "POST /collect HTTP/1.1" 200 -
06:22:28 "POST /collect HTTP/1.1" 200 -
06:22:28 "GET /roster HTTP/1.1" 200 -
06:22:28 "POST /collect HTTP/1.1" 200 -
06:22:29 "GET /roster HTTP/1.1" 200 -
06:22:29 "POST /collect HTTP/1.1" 200 -
06:22:29 "POST /collect HTTP/1.1" 200 -
06:22:29 "POST /collect HTTP/1.1" 200 -
06:22:29 "POST /collect HTTP/1.1" 200 -
06:22:29 "POST /collect HTTP/1.1" 200 -
06:22:29 "POST /collect HTTP/1.1" 200 -
06:22:29 "POST /collect HTTP/1.1" 200 -
06:22:29 "POST /collect HTTP/1.1" 200 -
06:22:29 "POST /collect HTTP/1.1" 200 -
06:22:29 "POST /collect HTTP/1.1" 200 -
06:22:29 "POST /collect HTTP/1.1" 200 -
06:22:29 "POST /collect HTTP/1.1" 200 -
06:22:30 "POST /collect HTTP/1.1" 200 -
06:22:30 "POST /collect HTTP/1.1" 200 -
06:22:30 "POST /collect HTTP/1.1" 200 -
06:22:30 "POST /collect HTTP/1.1" 200 -
06:22:30 "GET /roster HTTP/1.1" 200 -
06:22:31 "GET /roster HTTP/1.1" 200 -
06:22:31 "POST /collect HTTP/1.1" 200 -
06:22:31 "POST /collect HTTP/1.1" 200 -
06:22:31 "POST /collect HTTP/1.1" 200 -
06:22:31 "POST /collect HTTP/1.1" 200 -
06:22:31 "POST /collect HTTP/1.1" 200 -
06:22:31 "POST /collect HTTP/1.1" 200 -
06:22:31 "POST /collect HTTP/1.1" 200 -
06:22:31 "POST /collect HTTP/1.1" 200 -
06:22:31 "POST /collect HTTP/1.1" 200 -
06:22:31 "POST /collect HTTP/1.1" 200 -
06:22:31 "POST /collect HTTP/1.1" 200 -
06:22:31 "POST /collect HTTP/1.1" 200 -
06:22:31 "POST /collect HTTP/1.1" 200 -
06:22:31 "POST /collect HTTP/1.1" 200 -
06:22:31 "POST /collect HTTP/1.1" 200 -
06:22:31 "POST /collect HTTP/1.1" 200 -
06:22:31 "POST /collect HTTP/1.1" 200 -
06:22:31 "POST /collect HTTP/1.1" 200 -
06:22:31 "POST /collect HTTP/1.1" 200 -
06:22:31 "POST /collect HTTP/1.1" 200 -
06:22:31 "POST /collect HTTP/1.1" 200 -
06:22:31 "POST /collect HTTP/1.1" 200 -
06:22:31 "POST /collect HTTP/1.1" 200 -
06:22:31 "POST /collect HTTP/1.1" 200 -
06:22:31 "POST /collect HTTP/1.1" 200 -
06:22:31 "POST /collect HTTP/1.1" 200 -
06:22:31 "POST /collect HTTP/1.1" 200 -
06:22:32 "POST /collect HTTP/1.1" 200 -
06:22:32 "POST /collect HTTP/1.1" 200 -
06:22:32 "POST /collect HTTP/1.1" 200 -
06:22:32 "POST /collect HTTP/1.1" 200 -
06:22:32 "POST /collect HTTP/1.1" 200 -
06:22:32 "POST /collect HTTP/1.1" 200 -
06:22:32 "POST /collect HTTP/1.1" 200 -
06:22:32 "POST /collect HTTP/1.1" 200 -
06:22:32 "POST /collect HTTP/1.1" 200 -
06:22:32 "POST /collect HTTP/1.1" 200 -
06:22:32 "POST /collect HTTP/1.1" 200 -
06:22:32 "GET /roster HTTP/1.1" 200 -
06:22:32 "POST /collect HTTP/1.1" 200 -
06:22:33 "GET /roster HTTP/1.1" 200 -
06:22:33 "POST /collect HTTP/1.1" 200 -
06:22:33 "POST /collect HTTP/1.1" 200 -
06:22:33 "POST /collect HTTP/1.1" 200 -
06:22:33 "POST /collect HTTP/1.1" 200 -
06:22:33 "POST /collect HTTP/1.1" 200 -
06:22:34 "POST /collect HTTP/1.1" 200 -
06:22:34 "POST /collect HTTP/1.1" 200 -
06:22:34 "POST /collect HTTP/1.1" 200 -
06:22:34 "POST /collect HTTP/1.1" 200 -
06:22:34 "POST /collect HTTP/1.1" 200 -
06:22:34 "POST /collect HTTP/1.1" 200 -
06:22:34 "POST /collect HTTP/1.1" 200 -
06:22:34 "POST /collect HTTP/1.1" 200 -
06:22:34 "POST /collect HTTP/1.1" 200 -
06:22:34 "POST /collect HTTP/1.1" 200 -
06:22:34 "POST /collect HTTP/1.1" 200 -
06:22:34 "POST /collect HTTP/1.1" 200 -
06:22:34 "POST /collect HTTP/1.1" 200 -
06:22:34 "POST /collect HTTP/1.1" 200 -
06:22:34 "POST /collect HTTP/1.1" 200 -
06:22:34 "POST /collect HTTP/1.1" 200 -
06:22:34 "POST /collect HTTP/1.1" 200 -
06:22:34 "POST /collect HTTP/1.1" 200 -
06:22:34 "POST /collect HTTP/1.1" 200 -
06:22:34 "POST /collect HTTP/1.1" 200 -
06:22:34 "POST /collect HTTP/1.1" 200 -
06:22:34 "POST /collect HTTP/1.1" 200 -
06:22:34 "POST /collect HTTP/1.1" 200 -
06:22:34 "POST /collect HTTP/1.1" 200 -
06:22:34 "POST /collect HTTP/1.1" 200 -
06:22:34 "GET /roster HTTP/1.1" 200 -
06:22:35 "GET /roster HTTP/1.1" 200 -
06:22:35 "POST /collect HTTP/1.1" 200 -
06:22:35 "POST /collect HTTP/1.1" 200 -
06:22:35 "POST /collect HTTP/1.1" 200 -
06:22:35 "POST /collect HTTP/1.1" 200 -
06:22:35 "POST /collect HTTP/1.1" 200 -
06:22:35 "POST /collect HTTP/1.1" 200 -
06:22:35 "POST /collect HTTP/1.1" 200 -
06:22:35 "POST /collect HTTP/1.1" 200 -
06:22:35 "POST /collect HTTP/1.1" 200 -
06:22:35 "POST /collect HTTP/1.1" 200 -
06:22:35 "POST /collect HTTP/1.1" 200 -
06:22:35 "POST /collect HTTP/1.1" 200 -
06:22:35 "POST /collect HTTP/1.1" 200 -
06:22:36 "POST /collect HTTP/1.1" 200 -
06:22:36 "POST /collect HTTP/1.1" 200 -
06:22:36 "POST /collect HTTP/1.1" 200 -
06:22:36 "POST /collect HTTP/1.1" 200 -
06:22:36 "POST /collect HTTP/1.1" 200 -
06:22:36 "GET /roster HTTP/1.1" 200 -
06:22:36 "POST /collect HTTP/1.1" 200 -
06:22:37 "GET /roster HTTP/1.1" 200 -
06:22:37 "POST /collect HTTP/1.1" 200 -
06:22:37 "POST /collect HTTP/1.1" 200 -
06:22:37 "POST /collect HTTP/1.1" 200 -
06:22:37 "POST /collect HTTP/1.1" 200 -
06:22:37 "POST /collect HTTP/1.1" 200 -
06:22:37 "POST /collect HTTP/1.1" 200 -
06:22:37 "POST /collect HTTP/1.1" 200 -
06:22:37 "POST /collect HTTP/1.1" 200 -
06:22:37 "POST /collect HTTP/1.1" 200 -
06:22:37 "POST /collect HTTP/1.1" 200 -
06:22:37 "POST /collect HTTP/1.1" 200 -
06:22:37 "POST /collect HTTP/1.1" 200 -
06:22:37 "POST /collect HTTP/1.1" 200 -
06:22:37 "POST /collect HTTP/1.1" 200 -
06:22:37 "POST /collect HTTP/1.1" 200 -
06:22:37 "POST /collect HTTP/1.1" 200 -
06:22:37 "POST /collect HTTP/1.1" 200 -
06:22:37 "POST /collect HTTP/1.1" 200 -
06:22:37 "POST /collect HTTP/1.1" 200 -
06:22:37 "POST /collect HTTP/1.1" 200 -
06:22:37 "POST /collect HTTP/1.1" 200 -
06:22:37 "POST /collect HTTP/1.1" 200 -
06:22:37 "POST /collect HTTP/1.1" 200 -
06:22:37 "POST /collect HTTP/1.1" 200 -
06:22:37 "POST /collect HTTP/1.1" 200 -
06:22:37 "POST /collect HTTP/1.1" 200 -
06:22:38 "POST /collect HTTP/1.1" 200 -
06:22:38 "POST /collect HTTP/1.1" 200 -
06:22:38 "POST /collect HTTP/1.1" 200 -
06:22:38 "POST /collect HTTP/1.1" 200 -
06:22:38 "POST /collect HTTP/1.1" 200 -
06:22:38 "POST /collect HTTP/1.1" 200 -
06:22:38 "POST /collect HTTP/1.1" 200 -
06:22:38 "POST /collect HTTP/1.1" 200 -
06:22:38 "POST /collect HTTP/1.1" 200 -
06:22:38 "POST /collect HTTP/1.1" 200 -
06:22:38 "POST /collect HTTP/1.1" 200 -
06:22:39 "GET /roster HTTP/1.1" 200 -
06:22:39 "POST /collect HTTP/1.1" 200 -
06:22:39 "POST /collect HTTP/1.1" 200 -
06:22:39 "GET /roster HTTP/1.1" 200 -
06:22:39 "POST /collect HTTP/1.1" 200 -
06:22:39 "POST /collect HTTP/1.1" 200 -
06:22:39 "POST /collect HTTP/1.1" 200 -
06:22:39 "POST /collect HTTP/1.1" 200 -
06:22:40 "POST /collect HTTP/1.1" 200 -
06:22:40 "POST /collect HTTP/1.1" 200 -
06:22:40 "POST /collect HTTP/1.1" 200 -
06:22:40 "POST /collect HTTP/1.1" 200 -
06:22:40 "POST /collect HTTP/1.1" 200 -
06:22:40 "POST /collect HTTP/1.1" 200 -
06:22:40 "POST /collect HTTP/1.1" 200 -
06:22:40 "POST /collect HTTP/1.1" 200 -
06:22:40 "POST /collect HTTP/1.1" 200 -
06:22:40 "POST /collect HTTP/1.1" 200 -
06:22:40 "POST /collect HTTP/1.1" 200 -
06:22:40 "POST /collect HTTP/1.1" 200 -
06:22:40 "POST /collect HTTP/1.1" 200 -
06:22:40 "POST /collect HTTP/1.1" 200 -
06:22:40 "POST /collect HTTP/1.1" 200 -
06:22:40 "POST /collect HTTP/1.1" 200 -
06:22:40 "POST /collect HTTP/1.1" 200 -
06:22:40 "POST /collect HTTP/1.1" 200 -
06:22:40 "POST /collect HTTP/1.1" 200 -
06:22:40 "POST /collect HTTP/1.1" 200 -
06:22:40 "POST /collect HTTP/1.1" 200 -
06:22:40 "POST /collect HTTP/1.1" 200 -
06:22:40 "POST /collect HTTP/1.1" 200 -
06:22:40 "POST /collect HTTP/1.1" 200 -
06:22:40 "POST /collect HTTP/1.1" 200 -
06:22:41 "GET /roster HTTP/1.1" 200 -
06:22:41 "POST /collect HTTP/1.1" 200 -
06:22:41 "GET /roster HTTP/1.1" 200 -
06:22:41 "POST /collect HTTP/1.1" 200 -
06:22:41 "POST /collect HTTP/1.1" 200 -
06:22:41 "POST /collect HTTP/1.1" 200 -
06:22:41 "POST /collect HTTP/1.1" 200 -
06:22:41 "POST /collect HTTP/1.1" 200 -
06:22:41 "POST /collect HTTP/1.1" 200 -
06:22:41 "POST /collect HTTP/1.1" 200 -
06:22:41 "POST /collect HTTP/1.1" 200 -
06:22:41 "POST /collect HTTP/1.1" 200 -
06:22:41 "POST /collect HTTP/1.1" 200 -
06:22:41 "POST /collect HTTP/1.1" 200 -
06:22:41 "POST /collect HTTP/1.1" 200 -
06:22:42 "POST /collect HTTP/1.1" 200 -
06:22:42 "POST /collect HTTP/1.1" 200 -
06:22:42 "POST /collect HTTP/1.1" 200 -
06:22:42 "POST /collect HTTP/1.1" 200 -
06:22:43 "GET /roster HTTP/1.1" 200 -
06:22:43 "POST /collect HTTP/1.1" 200 -
06:22:43 "GET /roster HTTP/1.1" 200 -
06:22:43 "POST /collect HTTP/1.1" 200 -
06:22:43 "POST /collect HTTP/1.1" 200 -
06:22:43 "POST /collect HTTP/1.1" 200 -
06:22:43 "POST /collect HTTP/1.1" 200 -
06:22:43 "POST /collect HTTP/1.1" 200 -
06:22:43 "POST /collect HTTP/1.1" 200 -
06:22:43 "POST /collect HTTP/1.1" 200 -
06:22:43 "POST /collect HTTP/1.1" 200 -
06:22:43 "POST /collect HTTP/1.1" 200 -
06:22:43 "POST /collect HTTP/1.1" 200 -
06:22:43 "POST /collect HTTP/1.1" 200 -
06:22:43 "POST /collect HTTP/1.1" 200 -
06:22:43 "POST /collect HTTP/1.1" 200 -
06:22:43 "POST /collect HTTP/1.1" 200 -
06:22:43 "POST /collect HTTP/1.1" 200 -
06:22:43 "POST /collect HTTP/1.1" 200 -
06:22:43 "POST /collect HTTP/1.1" 200 -
06:22:43 "POST /collect HTTP/1.1" 200 -
06:22:43 "POST /collect HTTP/1.1" 200 -
06:22:43 "POST /collect HTTP/1.1" 200 -
06:22:43 "POST /collect HTTP/1.1" 200 -
06:22:43 "POST /collect HTTP/1.1" 200 -
06:22:43 "POST /collect HTTP/1.1" 200 -
06:22:43 "POST /collect HTTP/1.1" 200 -
06:22:43 "POST /collect HTTP/1.1" 200 -
06:22:43 "POST /collect HTTP/1.1" 200 -
06:22:44 "POST /collect HTTP/1.1" 200 -
06:22:44 "POST /collect HTTP/1.1" 200 -
06:22:44 "POST /collect HTTP/1.1" 200 -
06:22:44 "POST /collect HTTP/1.1" 200 -
06:22:44 "POST /collect HTTP/1.1" 200 -
06:22:44 "POST /collect HTTP/1.1" 200 -
06:22:44 "POST /collect HTTP/1.1" 200 -
06:22:44 "POST /collect HTTP/1.1" 200 -
06:22:44 "POST /collect HTTP/1.1" 200 -
06:22:44 "POST /collect HTTP/1.1" 200 -
06:22:44 "POST /collect HTTP/1.1" 200 -
06:22:44 "GET /roster HTTP/1.1" 200 -
06:22:45 "GET /roster HTTP/1.1" 200 -
06:22:45 "POST /collect HTTP/1.1" 200 -
06:22:45 "POST /collect HTTP/1.1" 200 -
06:22:45 "POST /collect HTTP/1.1" 200 -
06:22:45 "POST /collect HTTP/1.1" 200 -
06:22:45 "POST /collect HTTP/1.1" 200 -
06:22:45 "POST /collect HTTP/1.1" 200 -
06:22:46 "POST /collect HTTP/1.1" 200 -
06:22:46 "POST /collect HTTP/1.1" 200 -
06:22:46 "POST /collect HTTP/1.1" 200 -
06:22:46 "POST /collect HTTP/1.1" 200 -
06:22:46 "POST /collect HTTP/1.1" 200 -
06:22:46 "POST /collect HTTP/1.1" 200 -
06:22:46 "POST /collect HTTP/1.1" 200 -
06:22:46 "POST /collect HTTP/1.1" 200 -
06:22:46 "POST /collect HTTP/1.1" 200 -
06:22:46 "POST /collect HTTP/1.1" 200 -
06:22:46 "POST /collect HTTP/1.1" 200 -
06:22:46 "POST /collect HTTP/1.1" 200 -
06:22:46 "POST /collect HTTP/1.1" 200 -
06:22:46 "POST /collect HTTP/1.1" 200 -
06:22:46 "POST /collect HTTP/1.1" 200 -
06:22:46 "POST /collect HTTP/1.1" 200 -
06:22:46 "POST /collect HTTP/1.1" 200 -
06:22:46 "POST /collect HTTP/1.1" 200 -
06:22:46 "POST /collect HTTP/1.1" 200 -
06:22:46 "POST /collect HTTP/1.1" 200 -
06:22:46 "POST /collect HTTP/1.1" 200 -
06:22:46 "POST /collect HTTP/1.1" 200 -
06:22:46 "POST /collect HTTP/1.1" 200 -
06:22:46 "POST /collect HTTP/1.1" 200 -
06:22:46 "POST /collect HTTP/1.1" 200 -
06:22:46 "POST /collect HTTP/1.1" 200 -
06:22:47 "POST /collect HTTP/1.1" 200 -
06:22:47 "GET /roster HTTP/1.1" 200 -
06:22:47 "GET /roster HTTP/1.1" 200 -
06:22:47 "POST /collect HTTP/1.1" 200 -
06:22:47 "POST /collect HTTP/1.1" 200 -
06:22:47 "POST /collect HTTP/1.1" 200 -
06:22:47 "POST /collect HTTP/1.1" 200 -
06:22:47 "POST /collect HTTP/1.1" 200 -
06:22:47 "POST /collect HTTP/1.1" 200 -
06:22:47 "POST /collect HTTP/1.1" 200 -
06:22:47 "POST /collect HTTP/1.1" 200 -
06:22:47 "POST /collect HTTP/1.1" 200 -
06:22:47 "POST /collect HTTP/1.1" 200 -
06:22:47 "POST /collect HTTP/1.1" 200 -
06:22:47 "POST /collect HTTP/1.1" 200 -
06:22:48 "POST /collect HTTP/1.1" 200 -
06:22:48 "POST /collect HTTP/1.1" 200 -
06:22:48 "POST /collect HTTP/1.1" 200 -
06:22:48 "POST /collect HTTP/1.1" 200 -
