m2m server on :8896, results -> /Users/s32863/personal/elektron/results/m2m-churn-rotate.jsonl, app 8c2a974b…
06:33:18 "GET /roster HTTP/1.1" 200 -
06:33:30 "GET /roster HTTP/1.1" 200 -
06:33:30 "POST /reset HTTP/1.1" 200 -
06:33:31 "GET /room-churn.html?id=1&n=10&mode=full&hold=1&auto=0&cb=1787715211442 HTTP/1.1" 200 -
06:33:31 code 404, message File not found
06:33:31 "GET /favicon.ico HTTP/1.1" 404 -
06:33:32 "GET /room-churn.html?id=2&n=10&mode=full&hold=1&auto=0&cb=1787715212480 HTTP/1.1" 200 -
06:33:32 code 404, message File not found
06:33:32 "GET /favicon.ico HTTP/1.1" 404 -
06:33:33 "GET /room-churn.html?id=A&n=10&mode=pub&hold=1&cb=1787715213547 HTTP/1.1" 200 -
06:33:33 code 404, message File not found
06:33:33 "GET /favicon.ico HTTP/1.1" 404 -
06:33:34 "GET /room-churn.html?id=B&n=10&mode=pub&hold=1&cb=1787715214775 HTTP/1.1" 200 -
06:33:34 code 404, message File not found
06:33:34 "GET /favicon.ico HTTP/1.1" 404 -
06:33:36 "GET /room-churn.html?id=C&n=10&mode=pub&hold=1&cb=1787715216000 HTTP/1.1" 200 -
06:33:36 code 404, message File not found
06:33:36 "GET /favicon.ico HTTP/1.1" 404 -
06:33:37 "GET /room-churn.html?id=D&n=10&mode=pub&hold=1&cb=1787715217318 HTTP/1.1" 200 -
06:33:37 code 404, message File not found
06:33:37 "GET /favicon.ico HTTP/1.1" 404 -
06:33:38 "GET /room-churn.html?id=E&n=10&mode=pub&hold=1&cb=1787715218767 HTTP/1.1" 200 -
06:33:38 code 404, message File not found
06:33:38 "GET /favicon.ico HTTP/1.1" 404 -
06:33:40 "GET /room-churn.html?id=F&n=10&mode=pub&hold=1&cb=1787715220143 HTTP/1.1" 200 -
06:33:40 code 404, message File not found
06:33:40 "GET /favicon.ico HTTP/1.1" 404 -
06:33:41 "GET /room-churn.html?id=G&n=10&mode=pub&hold=1&cb=1787715221448 HTTP/1.1" 200 -
06:33:41 code 404, message File not found
06:33:41 "GET /favicon.ico HTTP/1.1" 404 -
06:33:44 "GET /room-churn.html?id=H&n=10&mode=pub&hold=1&cb=1787715223861 HTTP/1.1" 200 -
06:33:44 code 404, message File not found
06:33:44 "GET /favicon.ico HTTP/1.1" 404 -
06:33:44 "POST /collect HTTP/1.1" 200 -
06:33:44 "POST /collect HTTP/1.1" 200 -
06:33:44 "POST /collect HTTP/1.1" 200 -
06:33:44 "POST /collect HTTP/1.1" 200 -
06:33:44 "POST /collect HTTP/1.1" 200 -
06:33:44 "POST /collect HTTP/1.1" 200 -
06:33:44 "POST /collect HTTP/1.1" 200 -
06:33:44 "POST /collect HTTP/1.1" 200 -
06:33:44 "POST /collect HTTP/1.1" 200 -
06:33:44 "POST /collect HTTP/1.1" 200 -
06:33:44 "POST /collect HTTP/1.1" 200 -
06:33:45 CF POST /sessions/new -> 201 (443 ms)
06:33:45 "POST /cf/sessions/new HTTP/1.1" 201 -
06:33:45 CF POST /sessions/new -> 201 (428 ms)
06:33:45 "POST /cf/sessions/new HTTP/1.1" 201 -
06:33:45 CF POST /sessions/new -> 201 (385 ms)
06:33:45 "POST /cf/sessions/new HTTP/1.1" 201 -
06:33:45 CF POST /sessions/new -> 201 (445 ms)
06:33:45 "POST /cf/sessions/new HTTP/1.1" 201 -
06:33:45 CF POST /sessions/new -> 201 (514 ms)
06:33:45 "POST /cf/sessions/new HTTP/1.1" 201 -
06:33:45 CF POST /sessions/new -> 201 (386 ms)
06:33:45 "POST /cf/sessions/new HTTP/1.1" 201 -
06:33:45 CF POST /sessions/new -> 201 (383 ms)
06:33:45 "POST /cf/sessions/new HTTP/1.1" 201 -
06:33:45 CF POST /sessions/new -> 201 (299 ms)
06:33:45 "POST /cf/sessions/new HTTP/1.1" 201 -
06:33:45 CF POST /sessions/new -> 201 (421 ms)
06:33:45 "POST /cf/sessions/new HTTP/1.1" 201 -
06:33:45 CF POST /sessions/new -> 201 (409 ms)
06:33:45 "POST /cf/sessions/new HTTP/1.1" 201 -
06:33:46 CF POST /sessions/1e735db9bd3e901949ca37c9a1af317df219bbeddb33aa8015bef6ade80e16df/tracks/new -> 200 (342 ms)
06:33:46 "POST /cf/sessions/1e735db9bd3e901949ca37c9a1af317df219bbeddb33aa8015bef6ade80e16df/tracks/new HTTP/1.1" 200 -
06:33:46 "POST /collect HTTP/1.1" 200 -
06:33:46 "POST /collect HTTP/1.1" 200 -
06:33:46 "POST /collect HTTP/1.1" 200 -
06:33:46 "POST /join HTTP/1.1" 200 -
06:33:46 "POST /collect HTTP/1.1" 200 -
06:33:46 "POST /collect HTTP/1.1" 200 -
06:33:48 CF POST /sessions/458b2d48a86f63acbad38cc23f7e7e9116fb8ec046cfbe8c6e3b5cbabc3421bf/tracks/new -> 200 (364 ms)
06:33:48 "POST /cf/sessions/458b2d48a86f63acbad38cc23f7e7e9116fb8ec046cfbe8c6e3b5cbabc3421bf/tracks/new HTTP/1.1" 200 -
06:33:48 CF POST /sessions/e5961fcdbc9a789af1d4583748ff3a4acf82a1db1e354ce788ecca7733b6b86d/tracks/new -> 200 (357 ms)
06:33:48 "POST /cf/sessions/e5961fcdbc9a789af1d4583748ff3a4acf82a1db1e354ce788ecca7733b6b86d/tracks/new HTTP/1.1" 200 -
06:33:48 "POST /collect HTTP/1.1" 200 -
06:33:48 "POST /collect HTTP/1.1" 200 -
06:33:48 CF POST /sessions/8541f1910e4dc8807ca0ee1931633740a0bd518edffbaca1f4f65dd926dc9ac9/tracks/new -> 200 (383 ms)
06:33:48 "POST /cf/sessions/8541f1910e4dc8807ca0ee1931633740a0bd518edffbaca1f4f65dd926dc9ac9/tracks/new HTTP/1.1" 200 -
06:33:48 CF POST /sessions/3bdc2741828d63b814141141821a5f7eab9efdc3a6fdf905f15bb4b719535ca8/tracks/new -> 200 (366 ms)
06:33:48 "POST /cf/sessions/3bdc2741828d63b814141141821a5f7eab9efdc3a6fdf905f15bb4b719535ca8/tracks/new HTTP/1.1" 200 -
06:33:48 "POST /collect HTTP/1.1" 200 -
06:33:48 CF POST /sessions/f70d96ede498d51fcf8cd53d6c687bca957432d43a31f69eb9215243a0e23417/tracks/new -> 200 (373 ms)
06:33:48 "POST /cf/sessions/f70d96ede498d51fcf8cd53d6c687bca957432d43a31f69eb9215243a0e23417/tracks/new HTTP/1.1" 200 -
06:33:48 "POST /collect HTTP/1.1" 200 -
06:33:48 "POST /collect HTTP/1.1" 200 -
06:33:48 CF POST /sessions/47ec66e19952d0b26fb620de369d77a33581069a8e0f29e382bc8fc5220ada2b/tracks/new -> 200 (357 ms)
06:33:48 "POST /cf/sessions/47ec66e19952d0b26fb620de369d77a33581069a8e0f29e382bc8fc5220ada2b/tracks/new HTTP/1.1" 200 -
06:33:48 "POST /collect HTTP/1.1" 200 -
06:33:48 "POST /collect HTTP/1.1" 200 -
06:33:48 CF POST /sessions/172904629e72c6b921182307db4bfc9f5350748d6095ff2af788a105dee3f46d/tracks/new -> 200 (370 ms)
06:33:48 "POST /cf/sessions/172904629e72c6b921182307db4bfc9f5350748d6095ff2af788a105dee3f46d/tracks/new HTTP/1.1" 200 -
06:33:48 "POST /collect HTTP/1.1" 200 -
06:33:48 "POST /collect HTTP/1.1" 200 -
06:33:48 "POST /collect HTTP/1.1" 200 -
06:33:48 "POST /collect HTTP/1.1" 200 -
06:33:48 "POST /collect HTTP/1.1" 200 -
06:33:48 "POST /collect HTTP/1.1" 200 -
06:33:48 "POST /collect HTTP/1.1" 200 -
06:33:48 CF POST /sessions/975ac5dedc09f2fd80b6ad8b29a6c6acec1a934181442a0545aea70b22d0098e/tracks/new -> 200 (374 ms)
06:33:48 "POST /cf/sessions/975ac5dedc09f2fd80b6ad8b29a6c6acec1a934181442a0545aea70b22d0098e/tracks/new HTTP/1.1" 200 -
06:33:48 CF POST /sessions/c2cdf68be3dda156ab1e7d73b93012d0ca5e1d9c4e3f4f1f28f3637d030b5a92/tracks/new -> 200 (379 ms)
06:33:48 "POST /cf/sessions/c2cdf68be3dda156ab1e7d73b93012d0ca5e1d9c4e3f4f1f28f3637d030b5a92/tracks/new HTTP/1.1" 200 -
06:33:48 "POST /collect HTTP/1.1" 200 -
06:33:48 "POST /collect HTTP/1.1" 200 -
06:33:48 "POST /collect HTTP/1.1" 200 -
06:33:48 "POST /collect HTTP/1.1" 200 -
06:33:50 "POST /collect HTTP/1.1" 200 -
06:33:51 "POST /collect HTTP/1.1" 200 -
06:33:51 "POST /join HTTP/1.1" 200 -
06:33:51 "POST /collect HTTP/1.1" 200 -
06:33:51 "POST /collect HTTP/1.1" 200 -
06:33:53 "POST /collect HTTP/1.1" 200 -
06:33:55 "POST /collect HTTP/1.1" 200 -
06:33:55 "POST /collect HTTP/1.1" 200 -
06:33:55 "POST /join HTTP/1.1" 200 -
06:33:55 "POST /collect HTTP/1.1" 200 -
06:33:55 "POST /collect HTTP/1.1" 200 -
06:33:55 "GET /roster HTTP/1.1" 200 -
06:33:56 "POST /collect HTTP/1.1" 200 -
06:33:56 "POST /collect HTTP/1.1" 200 -
06:33:56 "POST /collect HTTP/1.1" 200 -
06:33:56 "POST /join HTTP/1.1" 200 -
06:33:56 "POST /join HTTP/1.1" 200 -
06:33:56 "POST /collect HTTP/1.1" 200 -
06:33:56 "POST /collect HTTP/1.1" 200 -
06:33:56 "POST /collect HTTP/1.1" 200 -
06:33:56 "POST /collect HTTP/1.1" 200 -
06:33:56 "POST /collect HTTP/1.1" 200 -
06:33:56 "POST /collect HTTP/1.1" 200 -
06:33:56 "POST /collect HTTP/1.1" 200 -
06:33:56 "POST /collect HTTP/1.1" 200 -
06:33:56 "POST /collect HTTP/1.1" 200 -
06:33:57 "GET /roster HTTP/1.1" 200 -
06:33:57 "POST /collect HTTP/1.1" 200 -
06:33:57 "POST /collect HTTP/1.1" 200 -
06:33:57 "POST /collect HTTP/1.1" 200 -
06:33:57 "POST /collect HTTP/1.1" 200 -
06:33:57 "POST /collect HTTP/1.1" 200 -
06:33:57 CF POST /sessions/new -> 201 (220 ms)
06:33:57 "POST /cf/sessions/new HTTP/1.1" 201 -
06:33:57 CF POST /sessions/new -> 201 (220 ms)
06:33:57 "POST /cf/sessions/new HTTP/1.1" 201 -
06:33:57 CF POST /sessions/new -> 201 (231 ms)
06:33:57 "POST /cf/sessions/new HTTP/1.1" 201 -
06:33:57 CF POST /sessions/new -> 201 (283 ms)
06:33:57 "POST /cf/sessions/new HTTP/1.1" 201 -
06:33:58 CF POST /sessions/new -> 201 (317 ms)
06:33:58 "POST /cf/sessions/new HTTP/1.1" 201 -
06:33:58 "POST /collect HTTP/1.1" 200 -
06:33:58 "POST /collect HTTP/1.1" 200 -
06:33:58 CF POST /sessions/3fbb13a9d775d08b02d399deb3b675f882ac22fc74138dffe5719f7722dd706d/tracks/new -> 200 (361 ms)
06:33:58 "POST /cf/sessions/3fbb13a9d775d08b02d399deb3b675f882ac22fc74138dffe5719f7722dd706d/tracks/new HTTP/1.1" 200 -
06:33:58 "POST /collect HTTP/1.1" 200 -
06:33:58 "POST /collect HTTP/1.1" 200 -
06:33:58 "POST /collect HTTP/1.1" 200 -
06:33:58 "POST /join HTTP/1.1" 200 -
06:33:58 "POST /collect HTTP/1.1" 200 -
06:33:58 "GET /roster HTTP/1.1" 200 -
06:33:58 "POST /collect HTTP/1.1" 200 -
06:33:59 "POST /collect HTTP/1.1" 200 -
06:33:59 "GET /roster HTTP/1.1" 200 -
06:33:59 "POST /collect HTTP/1.1" 200 -
06:34:00 "POST /collect HTTP/1.1" 200 -
06:34:00 "POST /collect HTTP/1.1" 200 -
06:34:00 "GET /roster HTTP/1.1" 200 -
06:34:01 CF POST /sessions/5c7ebf33731264716f04a929accd4d4151f175d97baa952dac26a1c8fc720573/tracks/new -> 200 (378 ms)
06:34:01 "POST /cf/sessions/5c7ebf33731264716f04a929accd4d4151f175d97baa952dac26a1c8fc720573/tracks/new HTTP/1.1" 200 -
06:34:01 "POST /collect HTTP/1.1" 200 -
06:34:01 "POST /collect HTTP/1.1" 200 -
06:34:01 CF POST /sessions/44719540a33f03c58bf55eb5b41e40351a4e9d7784894ddc9a8a922fae6931fb/tracks/new -> 200 (408 ms)
06:34:01 "POST /cf/sessions/44719540a33f03c58bf55eb5b41e40351a4e9d7784894ddc9a8a922fae6931fb/tracks/new HTTP/1.1" 200 -
06:34:01 "POST /collect HTTP/1.1" 200 -
06:34:01 "POST /collect HTTP/1.1" 200 -
06:34:01 CF POST /sessions/e9d2d5ed43bfb1991c73d42808cdc1fdf341251ceaf8b3dc17704b0b8d67c2b4/tracks/new -> 200 (408 ms)
06:34:01 "POST /cf/sessions/e9d2d5ed43bfb1991c73d42808cdc1fdf341251ceaf8b3dc17704b0b8d67c2b4/tracks/new HTTP/1.1" 200 -
06:34:01 "POST /collect HTTP/1.1" 200 -
06:34:01 "POST /collect HTTP/1.1" 200 -
06:34:01 CF POST /sessions/a3610bfb28bc9495a2c46f7328c203fbf26620ccb4af2f82cead12806b087183/tracks/new -> 200 (407 ms)
06:34:01 "POST /cf/sessions/a3610bfb28bc9495a2c46f7328c203fbf26620ccb4af2f82cead12806b087183/tracks/new HTTP/1.1" 200 -
06:34:01 "POST /collect HTTP/1.1" 200 -
06:34:01 "POST /collect HTTP/1.1" 200 -
06:34:01 "POST /collect HTTP/1.1" 200 -
06:34:01 "POST /collect HTTP/1.1" 200 -
06:34:01 "POST /collect HTTP/1.1" 200 -
06:34:01 "POST /collect HTTP/1.1" 200 -
06:34:01 "POST /collect HTTP/1.1" 200 -
06:34:01 "GET /roster HTTP/1.1" 200 -
06:34:01 "POST /join HTTP/1.1" 200 -
06:34:01 "POST /collect HTTP/1.1" 200 -
06:34:01 "POST /collect HTTP/1.1" 200 -
06:34:01 "POST /join HTTP/1.1" 200 -
06:34:01 "POST /collect HTTP/1.1" 200 -
06:34:01 "POST /collect HTTP/1.1" 200 -
06:34:02 "POST /collect HTTP/1.1" 200 -
06:34:02 "POST /collect HTTP/1.1" 200 -
06:34:02 "POST /join HTTP/1.1" 200 -
06:34:02 "POST /collect HTTP/1.1" 200 -
06:34:02 "POST /collect HTTP/1.1" 200 -
06:34:02 "POST /collect HTTP/1.1" 200 -
06:34:02 "GET /roster HTTP/1.1" 200 -
06:34:03 "POST /collect HTTP/1.1" 200 -
06:34:03 "POST /collect HTTP/1.1" 200 -
06:34:03 "POST /collect HTTP/1.1" 200 -
06:34:03 "GET /roster HTTP/1.1" 200 -
06:34:03 "POST /join HTTP/1.1" 200 -
06:34:03 "POST /collect HTTP/1.1" 200 -
06:34:03 "POST /collect HTTP/1.1" 200 -
06:34:04 "POST /collect HTTP/1.1" 200 -
06:34:04 "POST /collect HTTP/1.1" 200 -
06:34:04 "POST /collect HTTP/1.1" 200 -
06:34:04 CF POST /sessions/172904629e72c6b921182307db4bfc9f5350748d6095ff2af788a105dee3f46d/tracks/new -> 200 (240 ms)
06:34:04 "POST /cf/sessions/172904629e72c6b921182307db4bfc9f5350748d6095ff2af788a105dee3f46d/tracks/new HTTP/1.1" 200 -
06:34:04 CF PUT /sessions/172904629e72c6b921182307db4bfc9f5350748d6095ff2af788a105dee3f46d/renegotiate -> 200 (170 ms)
06:34:04 "PUT /cf/sessions/172904629e72c6b921182307db4bfc9f5350748d6095ff2af788a105dee3f46d/renegotiate HTTP/1.1" 200 -
06:34:04 "POST /collect HTTP/1.1" 200 -
06:34:04 "POST /collect HTTP/1.1" 200 -
06:34:04 "GET /roster HTTP/1.1" 200 -
06:34:05 CF POST /sessions/172904629e72c6b921182307db4bfc9f5350748d6095ff2af788a105dee3f46d/tracks/new -> 200 (154 ms)
06:34:05 "POST /cf/sessions/172904629e72c6b921182307db4bfc9f5350748d6095ff2af788a105dee3f46d/tracks/new HTTP/1.1" 200 -
06:34:05 "POST /collect HTTP/1.1" 200 -
06:34:05 "POST /collect HTTP/1.1" 200 -
06:34:05 "POST /collect HTTP/1.1" 200 -
06:34:05 "POST /collect HTTP/1.1" 200 -
06:34:05 "POST /collect HTTP/1.1" 200 -
06:34:05 "GET /roster HTTP/1.1" 200 -
06:34:05 CF PUT /sessions/172904629e72c6b921182307db4bfc9f5350748d6095ff2af788a105dee3f46d/renegotiate -> 200 (165 ms)
06:34:05 "PUT /cf/sessions/172904629e72c6b921182307db4bfc9f5350748d6095ff2af788a105dee3f46d/renegotiate HTTP/1.1" 200 -
06:34:05 "POST /collect HTTP/1.1" 200 -
06:34:05 "POST /collect HTTP/1.1" 200 -
06:34:05 "POST /collect HTTP/1.1" 200 -
06:34:05 "POST /collect HTTP/1.1" 200 -
06:34:05 "POST /collect HTTP/1.1" 200 -
06:34:05 CF POST /sessions/172904629e72c6b921182307db4bfc9f5350748d6095ff2af788a105dee3f46d/tracks/new -> 200 (259 ms)
06:34:05 "POST /cf/sessions/172904629e72c6b921182307db4bfc9f5350748d6095ff2af788a105dee3f46d/tracks/new HTTP/1.1" 200 -
06:34:06 CF PUT /sessions/172904629e72c6b921182307db4bfc9f5350748d6095ff2af788a105dee3f46d/renegotiate -> 200 (156 ms)
06:34:06 "PUT /cf/sessions/172904629e72c6b921182307db4bfc9f5350748d6095ff2af788a105dee3f46d/renegotiate HTTP/1.1" 200 -
06:34:06 "POST /collect HTTP/1.1" 200 -
06:34:06 "POST /collect HTTP/1.1" 200 -
06:34:06 "POST /collect HTTP/1.1" 200 -
06:34:06 "POST /collect HTTP/1.1" 200 -
06:34:06 CF POST /sessions/172904629e72c6b921182307db4bfc9f5350748d6095ff2af788a105dee3f46d/tracks/new -> 200 (275 ms)
06:34:06 "POST /cf/sessions/172904629e72c6b921182307db4bfc9f5350748d6095ff2af788a105dee3f46d/tracks/new HTTP/1.1" 200 -
06:34:06 "POST /collect HTTP/1.1" 200 -
06:34:06 CF PUT /sessions/172904629e72c6b921182307db4bfc9f5350748d6095ff2af788a105dee3f46d/renegotiate -> 200 (175 ms)
06:34:06 "PUT /cf/sessions/172904629e72c6b921182307db4bfc9f5350748d6095ff2af788a105dee3f46d/renegotiate HTTP/1.1" 200 -
06:34:06 "POST /collect HTTP/1.1" 200 -
06:34:06 "POST /collect HTTP/1.1" 200 -
06:34:06 "POST /collect HTTP/1.1" 200 -
06:34:06 CF POST /sessions/172904629e72c6b921182307db4bfc9f5350748d6095ff2af788a105dee3f46d/tracks/new -> 200 (246 ms)
06:34:06 "POST /cf/sessions/172904629e72c6b921182307db4bfc9f5350748d6095ff2af788a105dee3f46d/tracks/new HTTP/1.1" 200 -
06:34:06 CF PUT /sessions/172904629e72c6b921182307db4bfc9f5350748d6095ff2af788a105dee3f46d/renegotiate -> 200 (184 ms)
06:34:06 "PUT /cf/sessions/172904629e72c6b921182307db4bfc9f5350748d6095ff2af788a105dee3f46d/renegotiate HTTP/1.1" 200 -
06:34:06 "POST /collect HTTP/1.1" 200 -
06:34:06 "GET /roster HTTP/1.1" 200 -
06:34:07 "POST /collect HTTP/1.1" 200 -
06:34:07 "POST /collect HTTP/1.1" 200 -
06:34:07 CF POST /sessions/172904629e72c6b921182307db4bfc9f5350748d6095ff2af788a105dee3f46d/tracks/new -> 200 (234 ms)
06:34:07 "POST /cf/sessions/172904629e72c6b921182307db4bfc9f5350748d6095ff2af788a105dee3f46d/tracks/new HTTP/1.1" 200 -
06:34:07 "POST /collect HTTP/1.1" 200 -
06:34:07 CF PUT /sessions/172904629e72c6b921182307db4bfc9f5350748d6095ff2af788a105dee3f46d/renegotiate -> 200 (202 ms)
06:34:07 "PUT /cf/sessions/172904629e72c6b921182307db4bfc9f5350748d6095ff2af788a105dee3f46d/renegotiate HTTP/1.1" 200 -
06:34:07 "POST /collect HTTP/1.1" 200 -
06:34:07 "POST /collect HTTP/1.1" 200 -
06:34:07 "POST /collect HTTP/1.1" 200 -
06:34:07 "POST /collect HTTP/1.1" 200 -
06:34:07 "POST /collect HTTP/1.1" 200 -
06:34:07 "GET /roster HTTP/1.1" 200 -
06:34:07 "POST /collect HTTP/1.1" 200 -
06:34:07 CF POST /sessions/3fbb13a9d775d08b02d399deb3b675f882ac22fc74138dffe5719f7722dd706d/tracks/new -> 200 (150 ms)
06:34:07 "POST /cf/sessions/3fbb13a9d775d08b02d399deb3b675f882ac22fc74138dffe5719f7722dd706d/tracks/new HTTP/1.1" 200 -
06:34:07 "POST /collect HTTP/1.1" 200 -
06:34:07 CF PUT /sessions/3fbb13a9d775d08b02d399deb3b675f882ac22fc74138dffe5719f7722dd706d/renegotiate -> 200 (203 ms)
06:34:07 "PUT /cf/sessions/3fbb13a9d775d08b02d399deb3b675f882ac22fc74138dffe5719f7722dd706d/renegotiate HTTP/1.1" 200 -
06:34:07 "POST /collect HTTP/1.1" 200 -
06:34:07 "POST /collect HTTP/1.1" 200 -
06:34:08 CF POST /sessions/3fbb13a9d775d08b02d399deb3b675f882ac22fc74138dffe5719f7722dd706d/tracks/new -> 200 (259 ms)
06:34:08 "POST /cf/sessions/3fbb13a9d775d08b02d399deb3b675f882ac22fc74138dffe5719f7722dd706d/tracks/new HTTP/1.1" 200 -
06:34:08 "POST /collect HTTP/1.1" 200 -
06:34:08 "POST /collect HTTP/1.1" 200 -
06:34:08 "POST /collect HTTP/1.1" 200 -
06:34:08 "POST /collect HTTP/1.1" 200 -
06:34:08 "POST /collect HTTP/1.1" 200 -
06:34:08 CF PUT /sessions/3fbb13a9d775d08b02d399deb3b675f882ac22fc74138dffe5719f7722dd706d/renegotiate -> 200 (156 ms)
06:34:08 "PUT /cf/sessions/3fbb13a9d775d08b02d399deb3b675f882ac22fc74138dffe5719f7722dd706d/renegotiate HTTP/1.1" 200 -
06:34:08 "POST /collect HTTP/1.1" 200 -
06:34:08 "POST /collect HTTP/1.1" 200 -
06:34:08 "POST /collect HTTP/1.1" 200 -
06:34:08 CF POST /sessions/3fbb13a9d775d08b02d399deb3b675f882ac22fc74138dffe5719f7722dd706d/tracks/new -> 200 (230 ms)
06:34:08 "POST /cf/sessions/3fbb13a9d775d08b02d399deb3b675f882ac22fc74138dffe5719f7722dd706d/tracks/new HTTP/1.1" 200 -
06:34:08 "POST /collect HTTP/1.1" 200 -
06:34:08 "POST /collect HTTP/1.1" 200 -
06:34:08 "GET /roster HTTP/1.1" 200 -
06:34:08 CF PUT /sessions/3fbb13a9d775d08b02d399deb3b675f882ac22fc74138dffe5719f7722dd706d/renegotiate -> 200 (182 ms)
06:34:08 "PUT /cf/sessions/3fbb13a9d775d08b02d399deb3b675f882ac22fc74138dffe5719f7722dd706d/renegotiate HTTP/1.1" 200 -
06:34:09 "POST /collect HTTP/1.1" 200 -
06:34:09 "POST /collect HTTP/1.1" 200 -
06:34:09 "POST /collect HTTP/1.1" 200 -
06:34:09 CF POST /sessions/3fbb13a9d775d08b02d399deb3b675f882ac22fc74138dffe5719f7722dd706d/tracks/new -> 200 (164 ms)
06:34:09 "POST /cf/sessions/3fbb13a9d775d08b02d399deb3b675f882ac22fc74138dffe5719f7722dd706d/tracks/new HTTP/1.1" 200 -
06:34:09 "POST /collect HTTP/1.1" 200 -
06:34:09 "POST /collect HTTP/1.1" 200 -
06:34:09 CF PUT /sessions/3fbb13a9d775d08b02d399deb3b675f882ac22fc74138dffe5719f7722dd706d/renegotiate -> 200 (196 ms)
06:34:09 "PUT /cf/sessions/3fbb13a9d775d08b02d399deb3b675f882ac22fc74138dffe5719f7722dd706d/renegotiate HTTP/1.1" 200 -
06:34:09 "POST /collect HTTP/1.1" 200 -
06:34:09 "POST /collect HTTP/1.1" 200 -
06:34:09 "POST /collect HTTP/1.1" 200 -
06:34:09 "POST /collect HTTP/1.1" 200 -
06:34:09 "GET /roster HTTP/1.1" 200 -
06:34:09 CF POST /sessions/3fbb13a9d775d08b02d399deb3b675f882ac22fc74138dffe5719f7722dd706d/tracks/new -> 200 (181 ms)
06:34:09 "POST /cf/sessions/3fbb13a9d775d08b02d399deb3b675f882ac22fc74138dffe5719f7722dd706d/tracks/new HTTP/1.1" 200 -
06:34:09 CF PUT /sessions/3fbb13a9d775d08b02d399deb3b675f882ac22fc74138dffe5719f7722dd706d/renegotiate -> 200 (199 ms)
06:34:09 "PUT /cf/sessions/3fbb13a9d775d08b02d399deb3b675f882ac22fc74138dffe5719f7722dd706d/renegotiate HTTP/1.1" 200 -
06:34:09 "POST /collect HTTP/1.1" 200 -
06:34:09 "POST /collect HTTP/1.1" 200 -
06:34:09 "POST /collect HTTP/1.1" 200 -
06:34:09 CF POST /sessions/3fbb13a9d775d08b02d399deb3b675f882ac22fc74138dffe5719f7722dd706d/tracks/new -> 200 (167 ms)
06:34:09 "POST /cf/sessions/3fbb13a9d775d08b02d399deb3b675f882ac22fc74138dffe5719f7722dd706d/tracks/new HTTP/1.1" 200 -
06:34:10 CF PUT /sessions/3fbb13a9d775d08b02d399deb3b675f882ac22fc74138dffe5719f7722dd706d/renegotiate -> 200 (188 ms)
06:34:10 "PUT /cf/sessions/3fbb13a9d775d08b02d399deb3b675f882ac22fc74138dffe5719f7722dd706d/renegotiate HTTP/1.1" 200 -
06:34:10 "POST /collect HTTP/1.1" 200 -
06:34:10 "POST /collect HTTP/1.1" 200 -
06:34:10 "POST /collect HTTP/1.1" 200 -
06:34:10 "POST /collect HTTP/1.1" 200 -
06:34:10 "POST /collect HTTP/1.1" 200 -
06:34:10 "POST /collect HTTP/1.1" 200 -
06:34:10 "POST /collect HTTP/1.1" 200 -
06:34:10 "POST /collect HTTP/1.1" 200 -
06:34:10 "GET /roster HTTP/1.1" 200 -
06:34:11 "POST /collect HTTP/1.1" 200 -
06:34:11 "POST /collect HTTP/1.1" 200 -
06:34:11 "POST /collect HTTP/1.1" 200 -
06:34:11 "POST /collect HTTP/1.1" 200 -
06:34:11 "GET /roster HTTP/1.1" 200 -
06:34:11 "POST /collect HTTP/1.1" 200 -
06:34:11 "POST /collect HTTP/1.1" 200 -
06:34:12 "POST /collect HTTP/1.1" 200 -
06:34:12 "POST /collect HTTP/1.1" 200 -
06:34:12 "POST /collect HTTP/1.1" 200 -
06:34:12 "POST /collect HTTP/1.1" 200 -
06:34:13 "GET /roster HTTP/1.1" 200 -
06:34:13 "POST /collect HTTP/1.1" 200 -
06:34:13 "POST /collect HTTP/1.1" 200 -
06:34:13 "POST /collect HTTP/1.1" 200 -
06:34:13 "POST /collect HTTP/1.1" 200 -
06:34:13 "GET /roster HTTP/1.1" 200 -
06:34:13 "POST /collect HTTP/1.1" 200 -
06:34:14 "POST /collect HTTP/1.1" 200 -
06:34:14 "POST /collect HTTP/1.1" 200 -
06:34:14 "POST /collect HTTP/1.1" 200 -
06:34:14 "POST /collect HTTP/1.1" 200 -
06:34:14 "POST /collect HTTP/1.1" 200 -
06:34:14 "POST /collect HTTP/1.1" 200 -
06:34:14 "GET /roster HTTP/1.1" 200 -
06:34:15 "POST /collect HTTP/1.1" 200 -
06:34:15 "POST /collect HTTP/1.1" 200 -
06:34:15 "POST /collect HTTP/1.1" 200 -
06:34:15 "GET /roster HTTP/1.1" 200 -
06:34:16 "POST /collect HTTP/1.1" 200 -
06:34:16 "POST /collect HTTP/1.1" 200 -
06:34:16 "POST /collect HTTP/1.1" 200 -
06:34:16 "POST /collect HTTP/1.1" 200 -
06:34:16 "POST /collect HTTP/1.1" 200 -
06:34:16 "GET /roster HTTP/1.1" 200 -
06:34:17 "POST /collect HTTP/1.1" 200 -
06:34:17 "POST /collect HTTP/1.1" 200 -
06:34:17 "POST /collect HTTP/1.1" 200 -
06:34:17 "POST /collect HTTP/1.1" 200 -
06:34:17 "GET /roster HTTP/1.1" 200 -
06:34:17 "POST /collect HTTP/1.1" 200 -
06:34:17 "POST /collect HTTP/1.1" 200 -
06:34:18 "POST /collect HTTP/1.1" 200 -
06:34:18 "POST /collect HTTP/1.1" 200 -
06:34:18 "POST /collect HTTP/1.1" 200 -
06:34:18 "GET /roster HTTP/1.1" 200 -
06:34:19 "POST /collect HTTP/1.1" 200 -
06:34:19 "POST /collect HTTP/1.1" 200 -
06:34:19 "POST /collect HTTP/1.1" 200 -
06:34:19 "POST /collect HTTP/1.1" 200 -
06:34:19 "GET /roster HTTP/1.1" 200 -
06:34:19 "POST /collect HTTP/1.1" 200 -
06:34:20 "POST /collect HTTP/1.1" 200 -
06:34:20 "POST /collect HTTP/1.1" 200 -
06:34:20 "POST /collect HTTP/1.1" 200 -
06:34:20 "POST /collect HTTP/1.1" 200 -
06:34:20 "POST /collect HTTP/1.1" 200 -
06:34:20 "POST /collect HTTP/1.1" 200 -
06:34:20 "GET /roster HTTP/1.1" 200 -
06:34:21 "POST /collect HTTP/1.1" 200 -
06:34:21 "POST /collect HTTP/1.1" 200 -
06:34:21 "POST /collect HTTP/1.1" 200 -
06:34:21 "GET /roster HTTP/1.1" 200 -
06:34:22 "POST /collect HTTP/1.1" 200 -
06:34:22 "POST /collect HTTP/1.1" 200 -
06:34:22 "POST /collect HTTP/1.1" 200 -
06:34:22 "POST /collect HTTP/1.1" 200 -
06:34:22 "POST /collect HTTP/1.1" 200 -
06:34:22 CF PUT /sessions/172904629e72c6b921182307db4bfc9f5350748d6095ff2af788a105dee3f46d/tracks/close -> 200 (244 ms)
06:34:22 "PUT /cf/sessions/172904629e72c6b921182307db4bfc9f5350748d6095ff2af788a105dee3f46d/tracks/close HTTP/1.1" 200 -
06:34:22 "POST /collect HTTP/1.1" 200 -
06:34:22 "POST /collect HTTP/1.1" 200 -
06:34:22 "POST /collect HTTP/1.1" 200 -
06:34:22 CF PUT /sessions/3fbb13a9d775d08b02d399deb3b675f882ac22fc74138dffe5719f7722dd706d/tracks/close -> 200 (263 ms)
06:34:22 "PUT /cf/sessions/3fbb13a9d775d08b02d399deb3b675f882ac22fc74138dffe5719f7722dd706d/tracks/close HTTP/1.1" 200 -
06:34:22 "POST /collect HTTP/1.1" 200 -
06:34:22 "POST /collect HTTP/1.1" 200 -
06:34:22 "POST /collect HTTP/1.1" 200 -
06:34:22 "POST /collect HTTP/1.1" 200 -
06:34:22 CF PUT /sessions/172904629e72c6b921182307db4bfc9f5350748d6095ff2af788a105dee3f46d/tracks/close -> 200 (221 ms)
06:34:22 "PUT /cf/sessions/172904629e72c6b921182307db4bfc9f5350748d6095ff2af788a105dee3f46d/tracks/close HTTP/1.1" 200 -
06:34:22 "POST /collect HTTP/1.1" 200 -
06:34:22 CF PUT /sessions/3fbb13a9d775d08b02d399deb3b675f882ac22fc74138dffe5719f7722dd706d/tracks/close -> 200 (240 ms)
06:34:22 "PUT /cf/sessions/3fbb13a9d775d08b02d399deb3b675f882ac22fc74138dffe5719f7722dd706d/tracks/close HTTP/1.1" 200 -
06:34:22 "POST /collect HTTP/1.1" 200 -
06:34:22 "GET /roster HTTP/1.1" 200 -
06:34:23 CF POST /sessions/3fbb13a9d775d08b02d399deb3b675f882ac22fc74138dffe5719f7722dd706d/tracks/new -> 200 (188 ms)
06:34:23 "POST /cf/sessions/3fbb13a9d775d08b02d399deb3b675f882ac22fc74138dffe5719f7722dd706d/tracks/new HTTP/1.1" 200 -
06:34:23 CF POST /sessions/172904629e72c6b921182307db4bfc9f5350748d6095ff2af788a105dee3f46d/tracks/new -> 200 (260 ms)
06:34:23 "POST /cf/sessions/172904629e72c6b921182307db4bfc9f5350748d6095ff2af788a105dee3f46d/tracks/new HTTP/1.1" 200 -
06:34:23 "POST /collect HTTP/1.1" 200 -
06:34:23 "POST /collect HTTP/1.1" 200 -
06:34:23 "POST /collect HTTP/1.1" 200 -
06:34:23 CF PUT /sessions/172904629e72c6b921182307db4bfc9f5350748d6095ff2af788a105dee3f46d/renegotiate -> 200 (200 ms)
06:34:23 "PUT /cf/sessions/172904629e72c6b921182307db4bfc9f5350748d6095ff2af788a105dee3f46d/renegotiate HTTP/1.1" 200 -
06:34:23 "POST /collect HTTP/1.1" 200 -
06:34:23 CF PUT /sessions/3fbb13a9d775d08b02d399deb3b675f882ac22fc74138dffe5719f7722dd706d/renegotiate -> 200 (227 ms)
06:34:23 "PUT /cf/sessions/3fbb13a9d775d08b02d399deb3b675f882ac22fc74138dffe5719f7722dd706d/renegotiate HTTP/1.1" 200 -
06:34:23 "POST /collect HTTP/1.1" 200 -
06:34:23 "POST /collect HTTP/1.1" 200 -
06:34:23 "POST /collect HTTP/1.1" 200 -
06:34:23 "POST /collect HTTP/1.1" 200 -
06:34:23 "POST /collect HTTP/1.1" 200 -
06:34:23 CF POST /sessions/172904629e72c6b921182307db4bfc9f5350748d6095ff2af788a105dee3f46d/tracks/new -> 200 (225 ms)
06:34:23 CF POST /sessions/3fbb13a9d775d08b02d399deb3b675f882ac22fc74138dffe5719f7722dd706d/tracks/new -> 200 (214 ms)
06:34:23 "POST /cf/sessions/172904629e72c6b921182307db4bfc9f5350748d6095ff2af788a105dee3f46d/tracks/new HTTP/1.1" 200 -
06:34:23 "POST /cf/sessions/3fbb13a9d775d08b02d399deb3b675f882ac22fc74138dffe5719f7722dd706d/tracks/new HTTP/1.1" 200 -
06:34:23 "POST /collect HTTP/1.1" 200 -
06:34:23 "GET /roster HTTP/1.1" 200 -
06:34:23 CF PUT /sessions/172904629e72c6b921182307db4bfc9f5350748d6095ff2af788a105dee3f46d/renegotiate -> 200 (182 ms)
06:34:23 "PUT /cf/sessions/172904629e72c6b921182307db4bfc9f5350748d6095ff2af788a105dee3f46d/renegotiate HTTP/1.1" 200 -
06:34:23 "POST /collect HTTP/1.1" 200 -
06:34:23 CF PUT /sessions/3fbb13a9d775d08b02d399deb3b675f882ac22fc74138dffe5719f7722dd706d/renegotiate -> 200 (188 ms)
06:34:23 "PUT /cf/sessions/3fbb13a9d775d08b02d399deb3b675f882ac22fc74138dffe5719f7722dd706d/renegotiate HTTP/1.1" 200 -
06:34:23 "POST /collect HTTP/1.1" 200 -
06:34:23 "POST /collect HTTP/1.1" 200 -
06:34:23 "POST /collect HTTP/1.1" 200 -
06:34:23 "POST /collect HTTP/1.1" 200 -
06:34:23 "POST /collect HTTP/1.1" 200 -
06:34:23 "POST /collect HTTP/1.1" 200 -
06:34:23 "POST /collect HTTP/1.1" 200 -
06:34:23 "POST /collect HTTP/1.1" 200 -
06:34:24 "POST /collect HTTP/1.1" 200 -
06:34:24 "POST /collect HTTP/1.1" 200 -
06:34:24 "POST /collect HTTP/1.1" 200 -
06:34:25 "GET /roster HTTP/1.1" 200 -
06:34:25 "POST /collect HTTP/1.1" 200 -
06:34:25 "POST /collect HTTP/1.1" 200 -
06:34:25 "POST /collect HTTP/1.1" 200 -
06:34:25 "POST /collect HTTP/1.1" 200 -
06:34:25 "GET /roster HTTP/1.1" 200 -
06:34:25 "POST /collect HTTP/1.1" 200 -
06:34:26 "POST /collect HTTP/1.1" 200 -
06:34:26 "POST /collect HTTP/1.1" 200 -
06:34:26 "POST /collect HTTP/1.1" 200 -
06:34:26 "POST /collect HTTP/1.1" 200 -
06:34:26 "POST /collect HTTP/1.1" 200 -
06:34:26 "POST /collect HTTP/1.1" 200 -
06:34:27 "GET /roster HTTP/1.1" 200 -
06:34:27 "POST /collect HTTP/1.1" 200 -
06:34:27 "POST /collect HTTP/1.1" 200 -
06:34:27 "POST /collect HTTP/1.1" 200 -
06:34:27 "GET /roster HTTP/1.1" 200 -
06:34:28 "POST /collect HTTP/1.1" 200 -
06:34:28 "POST /collect HTTP/1.1" 200 -
06:34:28 "POST /collect HTTP/1.1" 200 -
06:34:28 "POST /collect HTTP/1.1" 200 -
06:34:28 "POST /collect HTTP/1.1" 200 -
06:34:29 "GET /roster HTTP/1.1" 200 -
06:34:29 "POST /collect HTTP/1.1" 200 -
06:34:29 "POST /collect HTTP/1.1" 200 -
06:34:29 "POST /collect HTTP/1.1" 200 -
06:34:29 "POST /collect HTTP/1.1" 200 -
06:34:29 "GET /roster HTTP/1.1" 200 -
06:34:29 "POST /collect HTTP/1.1" 200 -
06:34:29 "POST /collect HTTP/1.1" 200 -
06:34:30 "POST /collect HTTP/1.1" 200 -
06:34:30 "POST /collect HTTP/1.1" 200 -
06:34:30 "POST /collect HTTP/1.1" 200 -
06:34:31 "GET /roster HTTP/1.1" 200 -
06:34:31 "POST /collect HTTP/1.1" 200 -
06:34:31 "POST /collect HTTP/1.1" 200 -
06:34:31 "POST /collect HTTP/1.1" 200 -
06:34:31 "POST /collect HTTP/1.1" 200 -
06:34:31 "GET /roster HTTP/1.1" 200 -
06:34:31 "POST /collect HTTP/1.1" 200 -
06:34:32 "POST /collect HTTP/1.1" 200 -
06:34:32 "POST /collect HTTP/1.1" 200 -
06:34:32 "POST /collect HTTP/1.1" 200 -
06:34:32 "POST /collect HTTP/1.1" 200 -
06:34:32 "POST /collect HTTP/1.1" 200 -
06:34:32 "POST /collect HTTP/1.1" 200 -
06:34:33 "GET /roster HTTP/1.1" 200 -
06:34:33 "POST /collect HTTP/1.1" 200 -
06:34:33 "POST /collect HTTP/1.1" 200 -
06:34:33 "POST /collect HTTP/1.1" 200 -
06:34:33 "GET /roster HTTP/1.1" 200 -
06:34:33 "POST /collect HTTP/1.1" 200 -
06:34:33 "POST /collect HTTP/1.1" 200 -
06:34:33 "POST /collect HTTP/1.1" 200 -
06:34:34 CF PUT /sessions/3fbb13a9d775d08b02d399deb3b675f882ac22fc74138dffe5719f7722dd706d/tracks/close -> 200 (293 ms)
06:34:34 "PUT /cf/sessions/3fbb13a9d775d08b02d399deb3b675f882ac22fc74138dffe5719f7722dd706d/tracks/close HTTP/1.1" 200 -
06:34:34 CF PUT /sessions/172904629e72c6b921182307db4bfc9f5350748d6095ff2af788a105dee3f46d/tracks/close -> 200 (288 ms)
06:34:34 "PUT /cf/sessions/172904629e72c6b921182307db4bfc9f5350748d6095ff2af788a105dee3f46d/tracks/close HTTP/1.1" 200 -
06:34:34 "POST /collect HTTP/1.1" 200 -
06:34:34 "POST /collect HTTP/1.1" 200 -
06:34:34 "POST /collect HTTP/1.1" 200 -
06:34:34 "POST /collect HTTP/1.1" 200 -
06:34:34 "POST /collect HTTP/1.1" 200 -
06:34:34 CF PUT /sessions/172904629e72c6b921182307db4bfc9f5350748d6095ff2af788a105dee3f46d/tracks/close -> 200 (207 ms)
06:34:34 "PUT /cf/sessions/172904629e72c6b921182307db4bfc9f5350748d6095ff2af788a105dee3f46d/tracks/close HTTP/1.1" 200 -
06:34:34 "POST /collect HTTP/1.1" 200 -
06:34:34 "POST /collect HTTP/1.1" 200 -
06:34:34 CF PUT /sessions/3fbb13a9d775d08b02d399deb3b675f882ac22fc74138dffe5719f7722dd706d/tracks/close -> 200 (261 ms)
06:34:34 "PUT /cf/sessions/3fbb13a9d775d08b02d399deb3b675f882ac22fc74138dffe5719f7722dd706d/tracks/close HTTP/1.1" 200 -
06:34:34 "POST /collect HTTP/1.1" 200 -
06:34:34 "POST /collect HTTP/1.1" 200 -
06:34:34 "POST /collect HTTP/1.1" 200 -
06:34:34 "POST /collect HTTP/1.1" 200 -
06:34:34 CF POST /sessions/172904629e72c6b921182307db4bfc9f5350748d6095ff2af788a105dee3f46d/tracks/new -> 200 (161 ms)
06:34:34 "POST /cf/sessions/172904629e72c6b921182307db4bfc9f5350748d6095ff2af788a105dee3f46d/tracks/new HTTP/1.1" 200 -
06:34:34 CF POST /sessions/3fbb13a9d775d08b02d399deb3b675f882ac22fc74138dffe5719f7722dd706d/tracks/new -> 200 (151 ms)
06:34:34 "POST /cf/sessions/3fbb13a9d775d08b02d399deb3b675f882ac22fc74138dffe5719f7722dd706d/tracks/new HTTP/1.1" 200 -
06:34:34 CF PUT /sessions/172904629e72c6b921182307db4bfc9f5350748d6095ff2af788a105dee3f46d/renegotiate -> 200 (170 ms)
06:34:34 "PUT /cf/sessions/172904629e72c6b921182307db4bfc9f5350748d6095ff2af788a105dee3f46d/renegotiate HTTP/1.1" 200 -
06:34:34 "POST /collect HTTP/1.1" 200 -
06:34:34 "POST /collect HTTP/1.1" 200 -
06:34:34 CF PUT /sessions/3fbb13a9d775d08b02d399deb3b675f882ac22fc74138dffe5719f7722dd706d/renegotiate -> 200 (181 ms)
06:34:34 "PUT /cf/sessions/3fbb13a9d775d08b02d399deb3b675f882ac22fc74138dffe5719f7722dd706d/renegotiate HTTP/1.1" 200 -
06:34:34 "POST /collect HTTP/1.1" 200 -
06:34:34 "GET /roster HTTP/1.1" 200 -
06:34:35 "POST /collect HTTP/1.1" 200 -
06:34:35 CF POST /sessions/172904629e72c6b921182307db4bfc9f5350748d6095ff2af788a105dee3f46d/tracks/new -> 200 (163 ms)
06:34:35 "POST /cf/sessions/172904629e72c6b921182307db4bfc9f5350748d6095ff2af788a105dee3f46d/tracks/new HTTP/1.1" 200 -
06:34:35 "POST /collect HTTP/1.1" 200 -
06:34:35 "POST /collect HTTP/1.1" 200 -
06:34:35 "POST /collect HTTP/1.1" 200 -
06:34:35 CF POST /sessions/3fbb13a9d775d08b02d399deb3b675f882ac22fc74138dffe5719f7722dd706d/tracks/new -> 200 (249 ms)
06:34:35 "POST /cf/sessions/3fbb13a9d775d08b02d399deb3b675f882ac22fc74138dffe5719f7722dd706d/tracks/new HTTP/1.1" 200 -
06:34:35 CF PUT /sessions/172904629e72c6b921182307db4bfc9f5350748d6095ff2af788a105dee3f46d/renegotiate -> 200 (188 ms)
06:34:35 "PUT /cf/sessions/172904629e72c6b921182307db4bfc9f5350748d6095ff2af788a105dee3f46d/renegotiate HTTP/1.1" 200 -
06:34:35 "POST /collect HTTP/1.1" 200 -
06:34:35 "POST /collect HTTP/1.1" 200 -
06:34:35 "POST /collect HTTP/1.1" 200 -
06:34:35 "POST /collect HTTP/1.1" 200 -
06:34:35 CF PUT /sessions/3fbb13a9d775d08b02d399deb3b675f882ac22fc74138dffe5719f7722dd706d/renegotiate -> 200 (181 ms)
06:34:35 "PUT /cf/sessions/3fbb13a9d775d08b02d399deb3b675f882ac22fc74138dffe5719f7722dd706d/renegotiate HTTP/1.1" 200 -
06:34:35 "POST /collect HTTP/1.1" 200 -
06:34:35 "POST /collect HTTP/1.1" 200 -
06:34:35 "POST /collect HTTP/1.1" 200 -
06:34:35 "POST /collect HTTP/1.1" 200 -
06:34:35 "GET /roster HTTP/1.1" 200 -
06:34:35 "POST /collect HTTP/1.1" 200 -
06:34:35 "POST /collect HTTP/1.1" 200 -
06:34:36 "POST /collect HTTP/1.1" 200 -
06:34:36 "POST /collect HTTP/1.1" 200 -
06:34:36 "POST /collect HTTP/1.1" 200 -
06:34:36 "POST /collect HTTP/1.1" 200 -
06:34:36 "GET /roster HTTP/1.1" 200 -
06:34:37 "POST /collect HTTP/1.1" 200 -
06:34:37 "POST /collect HTTP/1.1" 200 -
06:34:37 "POST /collect HTTP/1.1" 200 -
06:34:37 "POST /collect HTTP/1.1" 200 -
06:34:37 "GET /roster HTTP/1.1" 200 -
06:34:37 "POST /collect HTTP/1.1" 200 -
06:34:38 "POST /collect HTTP/1.1" 200 -
06:34:38 "POST /collect HTTP/1.1" 200 -
06:34:38 "POST /collect HTTP/1.1" 200 -
06:34:38 "POST /collect HTTP/1.1" 200 -
06:34:38 "POST /collect HTTP/1.1" 200 -
06:34:38 "POST /collect HTTP/1.1" 200 -
06:34:38 "GET /roster HTTP/1.1" 200 -
06:34:39 "POST /collect HTTP/1.1" 200 -
06:34:39 "POST /collect HTTP/1.1" 200 -
06:34:39 "GET /roster HTTP/1.1" 200 -
06:34:39 "POST /collect HTTP/1.1" 200 -
06:34:40 "POST /collect HTTP/1.1" 200 -
06:34:40 "POST /collect HTTP/1.1" 200 -
06:34:40 "POST /collect HTTP/1.1" 200 -
06:34:40 "POST /collect HTTP/1.1" 200 -
06:34:40 "POST /collect HTTP/1.1" 200 -
06:34:40 "GET /roster HTTP/1.1" 200 -
06:34:41 "POST /collect HTTP/1.1" 200 -
06:34:41 "POST /collect HTTP/1.1" 200 -
06:34:41 "POST /collect HTTP/1.1" 200 -
06:34:41 "GET /roster HTTP/1.1" 200 -
06:34:41 "POST /collect HTTP/1.1" 200 -
06:34:41 "POST /collect HTTP/1.1" 200 -
06:34:41 "POST /collect HTTP/1.1" 200 -
06:34:42 "POST /collect HTTP/1.1" 200 -
06:34:42 "POST /collect HTTP/1.1" 200 -
06:34:42 "POST /collect HTTP/1.1" 200 -
06:34:43 "GET /roster HTTP/1.1" 200 -
06:34:43 "POST /collect HTTP/1.1" 200 -
06:34:43 "POST /collect HTTP/1.1" 200 -
06:34:43 "POST /collect HTTP/1.1" 200 -
06:34:43 "POST /collect HTTP/1.1" 200 -
06:34:43 "GET /roster HTTP/1.1" 200 -
06:34:43 "POST /collect HTTP/1.1" 200 -
06:34:44 "POST /collect HTTP/1.1" 200 -
06:34:44 "POST /collect HTTP/1.1" 200 -
06:34:44 "POST /collect HTTP/1.1" 200 -
06:34:44 "POST /collect HTTP/1.1" 200 -
06:34:44 "POST /collect HTTP/1.1" 200 -
06:34:44 "POST /collect HTTP/1.1" 200 -
06:34:44 "GET /roster HTTP/1.1" 200 -
06:34:45 "POST /collect HTTP/1.1" 200 -
06:34:45 "POST /collect HTTP/1.1" 200 -
06:34:45 "POST /collect HTTP/1.1" 200 -
06:34:45 "POST /collect HTTP/1.1" 200 -
06:34:45 "POST /collect HTTP/1.1" 200 -
06:34:45 "POST /collect HTTP/1.1" 200 -
06:34:45 "GET /roster HTTP/1.1" 200 -
06:34:45 CF PUT /sessions/3fbb13a9d775d08b02d399deb3b675f882ac22fc74138dffe5719f7722dd706d/tracks/close -> 200 (239 ms)
06:34:45 "PUT /cf/sessions/3fbb13a9d775d08b02d399deb3b675f882ac22fc74138dffe5719f7722dd706d/tracks/close HTTP/1.1" 200 -
06:34:45 CF PUT /sessions/172904629e72c6b921182307db4bfc9f5350748d6095ff2af788a105dee3f46d/tracks/close -> 200 (256 ms)
06:34:45 "PUT /cf/sessions/172904629e72c6b921182307db4bfc9f5350748d6095ff2af788a105dee3f46d/tracks/close HTTP/1.1" 200 -
06:34:45 "POST /collect HTTP/1.1" 200 -
06:34:45 "POST /collect HTTP/1.1" 200 -
06:34:45 "POST /collect HTTP/1.1" 200 -
06:34:45 "POST /collect HTTP/1.1" 200 -
06:34:45 CF PUT /sessions/172904629e72c6b921182307db4bfc9f5350748d6095ff2af788a105dee3f46d/tracks/close -> 200 (229 ms)
06:34:45 "PUT /cf/sessions/172904629e72c6b921182307db4bfc9f5350748d6095ff2af788a105dee3f46d/tracks/close HTTP/1.1" 200 -
06:34:45 CF PUT /sessions/3fbb13a9d775d08b02d399deb3b675f882ac22fc74138dffe5719f7722dd706d/tracks/close -> 200 (250 ms)
06:34:45 "PUT /cf/sessions/3fbb13a9d775d08b02d399deb3b675f882ac22fc74138dffe5719f7722dd706d/tracks/close HTTP/1.1" 200 -
06:34:45 "POST /collect HTTP/1.1" 200 -
06:34:46 "POST /collect HTTP/1.1" 200 -
06:34:46 CF POST /sessions/172904629e72c6b921182307db4bfc9f5350748d6095ff2af788a105dee3f46d/tracks/new -> 200 (172 ms)
06:34:46 "POST /cf/sessions/172904629e72c6b921182307db4bfc9f5350748d6095ff2af788a105dee3f46d/tracks/new HTTP/1.1" 200 -
06:34:46 CF POST /sessions/3fbb13a9d775d08b02d399deb3b675f882ac22fc74138dffe5719f7722dd706d/tracks/new -> 200 (181 ms)
06:34:46 "POST /cf/sessions/3fbb13a9d775d08b02d399deb3b675f882ac22fc74138dffe5719f7722dd706d/tracks/new HTTP/1.1" 200 -
06:34:46 CF PUT /sessions/172904629e72c6b921182307db4bfc9f5350748d6095ff2af788a105dee3f46d/renegotiate -> 200 (172 ms)
06:34:46 "PUT /cf/sessions/172904629e72c6b921182307db4bfc9f5350748d6095ff2af788a105dee3f46d/renegotiate HTTP/1.1" 200 -
06:34:46 "POST /collect HTTP/1.1" 200 -
06:34:46 CF PUT /sessions/3fbb13a9d775d08b02d399deb3b675f882ac22fc74138dffe5719f7722dd706d/renegotiate -> 200 (161 ms)
06:34:46 "PUT /cf/sessions/3fbb13a9d775d08b02d399deb3b675f882ac22fc74138dffe5719f7722dd706d/renegotiate HTTP/1.1" 200 -
06:34:46 "POST /collect HTTP/1.1" 200 -
06:34:46 "POST /collect HTTP/1.1" 200 -
06:34:46 "POST /collect HTTP/1.1" 200 -
06:34:46 "POST /collect HTTP/1.1" 200 -
06:34:46 "POST /collect HTTP/1.1" 200 -
06:34:46 "POST /collect HTTP/1.1" 200 -
06:34:46 "POST /collect HTTP/1.1" 200 -
06:34:46 "POST /collect HTTP/1.1" 200 -
06:34:46 CF POST /sessions/3fbb13a9d775d08b02d399deb3b675f882ac22fc74138dffe5719f7722dd706d/tracks/new -> 200 (156 ms)
06:34:46 "POST /cf/sessions/3fbb13a9d775d08b02d399deb3b675f882ac22fc74138dffe5719f7722dd706d/tracks/new HTTP/1.1" 200 -
06:34:46 "POST /collect HTTP/1.1" 200 -
06:34:46 CF POST /sessions/172904629e72c6b921182307db4bfc9f5350748d6095ff2af788a105dee3f46d/tracks/new -> 200 (171 ms)
06:34:46 "POST /cf/sessions/172904629e72c6b921182307db4bfc9f5350748d6095ff2af788a105dee3f46d/tracks/new HTTP/1.1" 200 -
06:34:46 "POST /collect HTTP/1.1" 200 -
06:34:46 CF PUT /sessions/3fbb13a9d775d08b02d399deb3b675f882ac22fc74138dffe5719f7722dd706d/renegotiate -> 200 (172 ms)
06:34:46 "PUT /cf/sessions/3fbb13a9d775d08b02d399deb3b675f882ac22fc74138dffe5719f7722dd706d/renegotiate HTTP/1.1" 200 -
06:34:46 "POST /collect HTTP/1.1" 200 -
06:34:46 CF PUT /sessions/172904629e72c6b921182307db4bfc9f5350748d6095ff2af788a105dee3f46d/renegotiate -> 200 (171 ms)
06:34:46 "PUT /cf/sessions/172904629e72c6b921182307db4bfc9f5350748d6095ff2af788a105dee3f46d/renegotiate HTTP/1.1" 200 -
06:34:46 "POST /collect HTTP/1.1" 200 -
06:34:46 "POST /collect HTTP/1.1" 200 -
06:34:46 "POST /collect HTTP/1.1" 200 -
06:34:46 "POST /collect HTTP/1.1" 200 -
06:34:46 "POST /collect HTTP/1.1" 200 -
06:34:46 "GET /roster HTTP/1.1" 200 -
06:34:47 "POST /collect HTTP/1.1" 200 -
06:34:47 "POST /collect HTTP/1.1" 200 -
06:34:47 "POST /collect HTTP/1.1" 200 -
06:34:47 "GET /roster HTTP/1.1" 200 -
06:34:47 "POST /collect HTTP/1.1" 200 -
06:34:47 "POST /collect HTTP/1.1" 200 -
06:34:47 "POST /collect HTTP/1.1" 200 -
06:34:48 "POST /collect HTTP/1.1" 200 -
06:34:48 "POST /collect HTTP/1.1" 200 -
06:34:48 "POST /collect HTTP/1.1" 200 -
06:34:48 "GET /roster HTTP/1.1" 200 -
06:34:49 "POST /collect HTTP/1.1" 200 -
06:34:49 "POST /collect HTTP/1.1" 200 -
06:34:49 "POST /collect HTTP/1.1" 200 -
06:34:49 "GET /roster HTTP/1.1" 200 -
06:34:49 "POST /collect HTTP/1.1" 200 -
06:34:49 "POST /collect HTTP/1.1" 200 -
06:34:50 "POST /collect HTTP/1.1" 200 -
06:34:50 "POST /collect HTTP/1.1" 200 -
06:34:50 "POST /collect HTTP/1.1" 200 -
06:34:50 "POST /collect HTTP/1.1" 200 -
06:34:50 "POST /collect HTTP/1.1" 200 -
06:34:50 "POST /collect HTTP/1.1" 200 -
06:34:50 "GET /roster HTTP/1.1" 200 -
06:34:51 "POST /collect HTTP/1.1" 200 -
06:34:51 "POST /collect HTTP/1.1" 200 -
06:34:51 "GET /roster HTTP/1.1" 200 -
06:34:51 "POST /collect HTTP/1.1" 200 -
06:34:52 "POST /collect HTTP/1.1" 200 -
06:34:52 "POST /collect HTTP/1.1" 200 -
06:34:52 "POST /collect HTTP/1.1" 200 -
06:34:52 "POST /collect HTTP/1.1" 200 -
06:34:52 "POST /collect HTTP/1.1" 200 -
06:34:52 "GET /roster HTTP/1.1" 200 -
06:34:53 "POST /collect HTTP/1.1" 200 -
06:34:53 "POST /collect HTTP/1.1" 200 -
06:34:53 "POST /collect HTTP/1.1" 200 -
06:34:53 "GET /roster HTTP/1.1" 200 -
06:34:53 "POST /collect HTTP/1.1" 200 -
06:34:53 "POST /collect HTTP/1.1" 200 -
06:34:53 "POST /collect HTTP/1.1" 200 -
06:34:54 "POST /collect HTTP/1.1" 200 -
06:34:54 "POST /collect HTTP/1.1" 200 -
06:34:54 "POST /collect HTTP/1.1" 200 -
06:34:54 "GET /roster HTTP/1.1" 200 -
06:34:55 "POST /collect HTTP/1.1" 200 -
06:34:55 "POST /collect HTTP/1.1" 200 -
06:34:55 "POST /collect HTTP/1.1" 200 -
06:34:55 "GET /roster HTTP/1.1" 200 -
06:34:55 "POST /collect HTTP/1.1" 200 -
06:34:55 "POST /collect HTTP/1.1" 200 -
06:34:56 "POST /collect HTTP/1.1" 200 -
06:34:56 "POST /collect HTTP/1.1" 200 -
06:34:56 "POST /collect HTTP/1.1" 200 -
06:34:56 "POST /collect HTTP/1.1" 200 -
06:34:56 "POST /collect HTTP/1.1" 200 -
06:34:56 "POST /collect HTTP/1.1" 200 -
06:34:56 "POST /collect HTTP/1.1" 200 -
06:34:56 "POST /collect HTTP/1.1" 200 -
06:34:56 "POST /collect HTTP/1.1" 200 -
06:34:56 CF PUT /sessions/172904629e72c6b921182307db4bfc9f5350748d6095ff2af788a105dee3f46d/tracks/close -> 200 (196 ms)
06:34:56 "PUT /cf/sessions/172904629e72c6b921182307db4bfc9f5350748d6095ff2af788a105dee3f46d/tracks/close HTTP/1.1" 200 -
06:34:57 "GET /roster HTTP/1.1" 200 -
06:34:57 CF PUT /sessions/3fbb13a9d775d08b02d399deb3b675f882ac22fc74138dffe5719f7722dd706d/tracks/close -> 200 (262 ms)
06:34:57 "PUT /cf/sessions/3fbb13a9d775d08b02d399deb3b675f882ac22fc74138dffe5719f7722dd706d/tracks/close HTTP/1.1" 200 -
06:34:57 "POST /collect HTTP/1.1" 200 -
06:34:57 "POST /collect HTTP/1.1" 200 -
06:34:57 "POST /collect HTTP/1.1" 200 -
06:34:57 "POST /collect HTTP/1.1" 200 -
06:34:57 "POST /collect HTTP/1.1" 200 -
06:34:57 CF PUT /sessions/3fbb13a9d775d08b02d399deb3b675f882ac22fc74138dffe5719f7722dd706d/tracks/close -> 200 (222 ms)
06:34:57 "PUT /cf/sessions/3fbb13a9d775d08b02d399deb3b675f882ac22fc74138dffe5719f7722dd706d/tracks/close HTTP/1.1" 200 -
06:34:57 CF PUT /sessions/172904629e72c6b921182307db4bfc9f5350748d6095ff2af788a105dee3f46d/tracks/close -> 200 (236 ms)
06:34:57 "PUT /cf/sessions/172904629e72c6b921182307db4bfc9f5350748d6095ff2af788a105dee3f46d/tracks/close HTTP/1.1" 200 -
06:34:57 "POST /collect HTTP/1.1" 200 -
06:34:57 "POST /collect HTTP/1.1" 200 -
06:34:57 CF POST /sessions/172904629e72c6b921182307db4bfc9f5350748d6095ff2af788a105dee3f46d/tracks/new -> 200 (161 ms)
06:34:57 "POST /cf/sessions/172904629e72c6b921182307db4bfc9f5350748d6095ff2af788a105dee3f46d/tracks/new HTTP/1.1" 200 -
06:34:57 CF POST /sessions/3fbb13a9d775d08b02d399deb3b675f882ac22fc74138dffe5719f7722dd706d/tracks/new -> 200 (165 ms)
06:34:57 "POST /cf/sessions/3fbb13a9d775d08b02d399deb3b675f882ac22fc74138dffe5719f7722dd706d/tracks/new HTTP/1.1" 200 -
06:34:57 "POST /collect HTTP/1.1" 200 -
06:34:57 "POST /collect HTTP/1.1" 200 -
06:34:57 "GET /roster HTTP/1.1" 200 -
06:34:57 CF PUT /sessions/172904629e72c6b921182307db4bfc9f5350748d6095ff2af788a105dee3f46d/renegotiate -> 200 (151 ms)
06:34:57 "PUT /cf/sessions/172904629e72c6b921182307db4bfc9f5350748d6095ff2af788a105dee3f46d/renegotiate HTTP/1.1" 200 -
06:34:57 "POST /collect HTTP/1.1" 200 -
06:34:57 CF PUT /sessions/3fbb13a9d775d08b02d399deb3b675f882ac22fc74138dffe5719f7722dd706d/renegotiate -> 200 (164 ms)
06:34:57 "PUT /cf/sessions/3fbb13a9d775d08b02d399deb3b675f882ac22fc74138dffe5719f7722dd706d/renegotiate HTTP/1.1" 200 -
06:34:57 "POST /collect HTTP/1.1" 200 -
06:34:57 "POST /collect HTTP/1.1" 200 -
06:34:57 "POST /collect HTTP/1.1" 200 -
06:34:57 "POST /collect HTTP/1.1" 200 -
06:34:57 "POST /collect HTTP/1.1" 200 -
06:34:57 CF POST /sessions/172904629e72c6b921182307db4bfc9f5350748d6095ff2af788a105dee3f46d/tracks/new -> 200 (173 ms)
06:34:57 "POST /cf/sessions/172904629e72c6b921182307db4bfc9f5350748d6095ff2af788a105dee3f46d/tracks/new HTTP/1.1" 200 -
06:34:57 CF POST /sessions/3fbb13a9d775d08b02d399deb3b675f882ac22fc74138dffe5719f7722dd706d/tracks/new -> 200 (194 ms)
06:34:57 "POST /cf/sessions/3fbb13a9d775d08b02d399deb3b675f882ac22fc74138dffe5719f7722dd706d/tracks/new HTTP/1.1" 200 -
06:34:58 CF PUT /sessions/172904629e72c6b921182307db4bfc9f5350748d6095ff2af788a105dee3f46d/renegotiate -> 200 (175 ms)
06:34:58 "PUT /cf/sessions/172904629e72c6b921182307db4bfc9f5350748d6095ff2af788a105dee3f46d/renegotiate HTTP/1.1" 200 -
06:34:58 "POST /collect HTTP/1.1" 200 -
06:34:58 CF PUT /sessions/3fbb13a9d775d08b02d399deb3b675f882ac22fc74138dffe5719f7722dd706d/renegotiate -> 200 (167 ms)
06:34:58 "PUT /cf/sessions/3fbb13a9d775d08b02d399deb3b675f882ac22fc74138dffe5719f7722dd706d/renegotiate HTTP/1.1" 200 -
06:34:58 "POST /collect HTTP/1.1" 200 -
06:34:58 "POST /collect HTTP/1.1" 200 -
06:34:58 "POST /collect HTTP/1.1" 200 -
06:34:58 "POST /collect HTTP/1.1" 200 -
06:34:58 "POST /collect HTTP/1.1" 200 -
06:34:58 "POST /collect HTTP/1.1" 200 -
06:34:58 "POST /collect HTTP/1.1" 200 -
06:34:58 "POST /collect HTTP/1.1" 200 -
06:34:58 "POST /collect HTTP/1.1" 200 -
06:34:58 "POST /collect HTTP/1.1" 200 -
06:34:58 "GET /roster HTTP/1.1" 200 -
06:34:59 "POST /collect HTTP/1.1" 200 -
06:34:59 "POST /collect HTTP/1.1" 200 -
06:34:59 "POST /collect HTTP/1.1" 200 -
06:34:59 "POST /collect HTTP/1.1" 200 -
06:34:59 "GET /roster HTTP/1.1" 200 -
06:34:59 "POST /collect HTTP/1.1" 200 -
06:34:59 "POST /collect HTTP/1.1" 200 -
06:35:00 "POST /collect HTTP/1.1" 200 -
06:35:00 "POST /collect HTTP/1.1" 200 -
06:35:00 "POST /collect HTTP/1.1" 200 -
06:35:01 "GET /roster HTTP/1.1" 200 -
06:35:01 "POST /collect HTTP/1.1" 200 -
06:35:01 "POST /collect HTTP/1.1" 200 -
06:35:01 "POST /collect HTTP/1.1" 200 -
06:35:01 "POST /collect HTTP/1.1" 200 -
06:35:01 "GET /roster HTTP/1.1" 200 -
06:35:01 "POST /collect HTTP/1.1" 200 -
06:35:02 "POST /collect HTTP/1.1" 200 -
06:35:02 "POST /collect HTTP/1.1" 200 -
06:35:02 "POST /collect HTTP/1.1" 200 -
06:35:02 "POST /collect HTTP/1.1" 200 -
06:35:02 "POST /collect HTTP/1.1" 200 -
06:35:02 "POST /collect HTTP/1.1" 200 -
06:35:02 "GET /roster HTTP/1.1" 200 -
06:35:03 "POST /collect HTTP/1.1" 200 -
06:35:03 "POST /collect HTTP/1.1" 200 -
06:35:03 "POST /collect HTTP/1.1" 200 -
06:35:03 "GET /roster HTTP/1.1" 200 -
06:35:04 "POST /collect HTTP/1.1" 200 -
06:35:04 "POST /collect HTTP/1.1" 200 -
06:35:04 "POST /collect HTTP/1.1" 200 -
06:35:04 "POST /collect HTTP/1.1" 200 -
06:35:04 "POST /collect HTTP/1.1" 200 -
06:35:05 "GET /roster HTTP/1.1" 200 -
06:35:05 "POST /collect HTTP/1.1" 200 -
06:35:05 "POST /collect HTTP/1.1" 200 -
06:35:05 "POST /collect HTTP/1.1" 200 -
06:35:05 "POST /collect HTTP/1.1" 200 -
06:35:05 "GET /roster HTTP/1.1" 200 -
06:35:05 "POST /collect HTTP/1.1" 200 -
06:35:05 "POST /collect HTTP/1.1" 200 -
06:35:06 "POST /collect HTTP/1.1" 200 -
06:35:06 "POST /collect HTTP/1.1" 200 -
06:35:06 "POST /collect HTTP/1.1" 200 -
06:35:06 "GET /roster HTTP/1.1" 200 -
06:35:07 "POST /collect HTTP/1.1" 200 -
06:35:07 "POST /collect HTTP/1.1" 200 -
06:35:07 "POST /collect HTTP/1.1" 200 -
06:35:07 "POST /collect HTTP/1.1" 200 -
06:35:07 "GET /roster HTTP/1.1" 200 -
06:35:07 "POST /collect HTTP/1.1" 200 -
06:35:08 "POST /collect HTTP/1.1" 200 -
06:35:08 "POST /collect HTTP/1.1" 200 -
06:35:08 "POST /collect HTTP/1.1" 200 -
06:35:08 "POST /collect HTTP/1.1" 200 -
06:35:08 "POST /collect HTTP/1.1" 200 -
06:35:08 CF PUT /sessions/3fbb13a9d775d08b02d399deb3b675f882ac22fc74138dffe5719f7722dd706d/tracks/close -> 200 (285 ms)
06:35:08 "PUT /cf/sessions/3fbb13a9d775d08b02d399deb3b675f882ac22fc74138dffe5719f7722dd706d/tracks/close HTTP/1.1" 200 -
06:35:08 CF PUT /sessions/172904629e72c6b921182307db4bfc9f5350748d6095ff2af788a105dee3f46d/tracks/close -> 200 (294 ms)
06:35:08 "PUT /cf/sessions/172904629e72c6b921182307db4bfc9f5350748d6095ff2af788a105dee3f46d/tracks/close HTTP/1.1" 200 -
06:35:08 "POST /collect HTTP/1.1" 200 -
06:35:08 "POST /collect HTTP/1.1" 200 -
06:35:08 "POST /collect HTTP/1.1" 200 -
06:35:08 "POST /collect HTTP/1.1" 200 -
06:35:08 "POST /collect HTTP/1.1" 200 -
06:35:08 "POST /collect HTTP/1.1" 200 -
06:35:08 CF PUT /sessions/172904629e72c6b921182307db4bfc9f5350748d6095ff2af788a105dee3f46d/tracks/close -> 200 (199 ms)
06:35:08 "PUT /cf/sessions/172904629e72c6b921182307db4bfc9f5350748d6095ff2af788a105dee3f46d/tracks/close HTTP/1.1" 200 -
06:35:08 "POST /collect HTTP/1.1" 200 -
06:35:08 CF PUT /sessions/3fbb13a9d775d08b02d399deb3b675f882ac22fc74138dffe5719f7722dd706d/tracks/close -> 200 (226 ms)
06:35:08 "PUT /cf/sessions/3fbb13a9d775d08b02d399deb3b675f882ac22fc74138dffe5719f7722dd706d/tracks/close HTTP/1.1" 200 -
06:35:08 "POST /collect HTTP/1.1" 200 -
06:35:08 CF POST /sessions/172904629e72c6b921182307db4bfc9f5350748d6095ff2af788a105dee3f46d/tracks/new -> 200 (137 ms)
06:35:08 "POST /cf/sessions/172904629e72c6b921182307db4bfc9f5350748d6095ff2af788a105dee3f46d/tracks/new HTTP/1.1" 200 -
06:35:08 CF POST /sessions/3fbb13a9d775d08b02d399deb3b675f882ac22fc74138dffe5719f7722dd706d/tracks/new -> 200 (148 ms)
06:35:08 "POST /cf/sessions/3fbb13a9d775d08b02d399deb3b675f882ac22fc74138dffe5719f7722dd706d/tracks/new HTTP/1.1" 200 -
06:35:08 "POST /collect HTTP/1.1" 200 -
06:35:08 "POST /collect HTTP/1.1" 200 -
06:35:08 CF PUT /sessions/172904629e72c6b921182307db4bfc9f5350748d6095ff2af788a105dee3f46d/renegotiate -> 200 (160 ms)
06:35:08 "PUT /cf/sessions/172904629e72c6b921182307db4bfc9f5350748d6095ff2af788a105dee3f46d/renegotiate HTTP/1.1" 200 -
06:35:08 "POST /collect HTTP/1.1" 200 -
06:35:08 CF PUT /sessions/3fbb13a9d775d08b02d399deb3b675f882ac22fc74138dffe5719f7722dd706d/renegotiate -> 200 (153 ms)
06:35:08 "PUT /cf/sessions/3fbb13a9d775d08b02d399deb3b675f882ac22fc74138dffe5719f7722dd706d/renegotiate HTTP/1.1" 200 -
06:35:08 "POST /collect HTTP/1.1" 200 -
06:35:08 "POST /collect HTTP/1.1" 200 -
06:35:08 "POST /collect HTTP/1.1" 200 -
06:35:08 "GET /roster HTTP/1.1" 200 -
06:35:09 "POST /collect HTTP/1.1" 200 -
06:35:09 "POST /collect HTTP/1.1" 200 -
06:35:09 CF POST /sessions/172904629e72c6b921182307db4bfc9f5350748d6095ff2af788a105dee3f46d/tracks/new -> 200 (145 ms)
06:35:09 "POST /cf/sessions/172904629e72c6b921182307db4bfc9f5350748d6095ff2af788a105dee3f46d/tracks/new HTTP/1.1" 200 -
06:35:09 "POST /collect HTTP/1.1" 200 -
06:35:09 CF POST /sessions/3fbb13a9d775d08b02d399deb3b675f882ac22fc74138dffe5719f7722dd706d/tracks/new -> 200 (168 ms)
06:35:09 "POST /cf/sessions/3fbb13a9d775d08b02d399deb3b675f882ac22fc74138dffe5719f7722dd706d/tracks/new HTTP/1.1" 200 -
06:35:09 CF PUT /sessions/172904629e72c6b921182307db4bfc9f5350748d6095ff2af788a105dee3f46d/renegotiate -> 200 (166 ms)
06:35:09 "PUT /cf/sessions/172904629e72c6b921182307db4bfc9f5350748d6095ff2af788a105dee3f46d/renegotiate HTTP/1.1" 200 -
06:35:09 "POST /collect HTTP/1.1" 200 -
06:35:09 "POST /collect HTTP/1.1" 200 -
06:35:09 CF PUT /sessions/3fbb13a9d775d08b02d399deb3b675f882ac22fc74138dffe5719f7722dd706d/renegotiate -> 200 (160 ms)
06:35:09 "PUT /cf/sessions/3fbb13a9d775d08b02d399deb3b675f882ac22fc74138dffe5719f7722dd706d/renegotiate HTTP/1.1" 200 -
06:35:09 "POST /collect HTTP/1.1" 200 -
06:35:09 "POST /collect HTTP/1.1" 200 -
06:35:09 "POST /collect HTTP/1.1" 200 -
06:35:09 "POST /collect HTTP/1.1" 200 -
06:35:09 "POST /collect HTTP/1.1" 200 -
06:35:09 "POST /collect HTTP/1.1" 200 -
06:35:09 "GET /roster HTTP/1.1" 200 -
06:35:10 "POST /collect HTTP/1.1" 200 -
06:35:10 "POST /collect HTTP/1.1" 200 -
06:35:10 "POST /collect HTTP/1.1" 200 -
06:35:10 "POST /collect HTTP/1.1" 200 -
06:35:10 "POST /collect HTTP/1.1" 200 -
06:35:11 "GET /roster HTTP/1.1" 200 -
06:35:11 "POST /collect HTTP/1.1" 200 -
06:35:11 "POST /collect HTTP/1.1" 200 -
06:35:11 "POST /collect HTTP/1.1" 200 -
06:35:11 "POST /collect HTTP/1.1" 200 -
06:35:11 "GET /roster HTTP/1.1" 200 -
06:35:11 "POST /collect HTTP/1.1" 200 -
06:35:11 "POST /collect HTTP/1.1" 200 -
06:35:12 "POST /collect HTTP/1.1" 200 -
06:35:12 "POST /collect HTTP/1.1" 200 -
06:35:12 "POST /collect HTTP/1.1" 200 -
06:35:13 "GET /roster HTTP/1.1" 200 -
06:35:13 "POST /collect HTTP/1.1" 200 -
06:35:13 "POST /collect HTTP/1.1" 200 -
06:35:13 "POST /collect HTTP/1.1" 200 -
06:35:13 "POST /collect HTTP/1.1" 200 -
06:35:13 "GET /roster HTTP/1.1" 200 -
06:35:13 "POST /collect HTTP/1.1" 200 -
06:35:14 "POST /collect HTTP/1.1" 200 -
06:35:14 "POST /collect HTTP/1.1" 200 -
06:35:14 "POST /collect HTTP/1.1" 200 -
06:35:14 "POST /collect HTTP/1.1" 200 -
06:35:14 "POST /collect HTTP/1.1" 200 -
06:35:14 "POST /collect HTTP/1.1" 200 -
06:35:14 "GET /roster HTTP/1.1" 200 -
06:35:15 "POST /collect HTTP/1.1" 200 -
06:35:15 "POST /collect HTTP/1.1" 200 -
06:35:15 "POST /collect HTTP/1.1" 200 -
06:35:15 "GET /roster HTTP/1.1" 200 -
06:35:16 "POST /collect HTTP/1.1" 200 -
06:35:16 "POST /collect HTTP/1.1" 200 -
06:35:16 "POST /collect HTTP/1.1" 200 -
06:35:16 "POST /collect HTTP/1.1" 200 -
06:35:16 "POST /collect HTTP/1.1" 200 -
06:35:16 "GET /roster HTTP/1.1" 200 -
06:35:17 "POST /collect HTTP/1.1" 200 -
06:35:17 "POST /collect HTTP/1.1" 200 -
06:35:17 "POST /collect HTTP/1.1" 200 -
06:35:17 "POST /collect HTTP/1.1" 200 -
06:35:17 "GET /roster HTTP/1.1" 200 -
06:35:17 "POST /collect HTTP/1.1" 200 -
06:35:17 "POST /collect HTTP/1.1" 200 -
06:35:18 "POST /collect HTTP/1.1" 200 -
06:35:18 "POST /collect HTTP/1.1" 200 -
06:35:18 "POST /collect HTTP/1.1" 200 -
06:35:18 "GET /roster HTTP/1.1" 200 -
06:35:19 "POST /collect HTTP/1.1" 200 -
06:35:19 "POST /collect HTTP/1.1" 200 -
06:35:19 "POST /collect HTTP/1.1" 200 -
06:35:19 "POST /collect HTTP/1.1" 200 -
06:35:19 "POST /collect HTTP/1.1" 200 -
06:35:19 "POST /collect HTTP/1.1" 200 -
06:35:19 "POST /collect HTTP/1.1" 200 -
06:35:19 "GET /roster HTTP/1.1" 200 -
06:35:19 CF PUT /sessions/172904629e72c6b921182307db4bfc9f5350748d6095ff2af788a105dee3f46d/tracks/close -> 200 (236 ms)
06:35:19 "PUT /cf/sessions/172904629e72c6b921182307db4bfc9f5350748d6095ff2af788a105dee3f46d/tracks/close HTTP/1.1" 200 -
06:35:19 "POST /collect HTTP/1.1" 200 -
06:35:19 "POST /collect HTTP/1.1" 200 -
06:35:19 "POST /collect HTTP/1.1" 200 -
06:35:19 CF PUT /sessions/3fbb13a9d775d08b02d399deb3b675f882ac22fc74138dffe5719f7722dd706d/tracks/close -> 200 (272 ms)
06:35:19 "PUT /cf/sessions/3fbb13a9d775d08b02d399deb3b675f882ac22fc74138dffe5719f7722dd706d/tracks/close HTTP/1.1" 200 -
06:35:19 "POST /collect HTTP/1.1" 200 -
06:35:19 "POST /collect HTTP/1.1" 200 -
06:35:19 CF PUT /sessions/172904629e72c6b921182307db4bfc9f5350748d6095ff2af788a105dee3f46d/tracks/close -> 200 (222 ms)
06:35:19 "PUT /cf/sessions/172904629e72c6b921182307db4bfc9f5350748d6095ff2af788a105dee3f46d/tracks/close HTTP/1.1" 200 -
06:35:19 "POST /collect HTTP/1.1" 200 -
06:35:19 CF PUT /sessions/3fbb13a9d775d08b02d399deb3b675f882ac22fc74138dffe5719f7722dd706d/tracks/close -> 200 (203 ms)
06:35:19 "PUT /cf/sessions/3fbb13a9d775d08b02d399deb3b675f882ac22fc74138dffe5719f7722dd706d/tracks/close HTTP/1.1" 200 -
06:35:19 "POST /collect HTTP/1.1" 200 -
06:35:20 CF POST /sessions/3fbb13a9d775d08b02d399deb3b675f882ac22fc74138dffe5719f7722dd706d/tracks/new -> 200 (197 ms)
06:35:20 "POST /cf/sessions/3fbb13a9d775d08b02d399deb3b675f882ac22fc74138dffe5719f7722dd706d/tracks/new HTTP/1.1" 200 -
06:35:20 CF POST /sessions/172904629e72c6b921182307db4bfc9f5350748d6095ff2af788a105dee3f46d/tracks/new -> 200 (212 ms)
06:35:20 "POST /cf/sessions/172904629e72c6b921182307db4bfc9f5350748d6095ff2af788a105dee3f46d/tracks/new HTTP/1.1" 200 -
06:35:20 "POST /collect HTTP/1.1" 200 -
06:35:20 "POST /collect HTTP/1.1" 200 -
06:35:20 CF PUT /sessions/172904629e72c6b921182307db4bfc9f5350748d6095ff2af788a105dee3f46d/renegotiate -> 200 (156 ms)
06:35:20 "PUT /cf/sessions/172904629e72c6b921182307db4bfc9f5350748d6095ff2af788a105dee3f46d/renegotiate HTTP/1.1" 200 -
06:35:20 "POST /collect HTTP/1.1" 200 -
06:35:20 "POST /collect HTTP/1.1" 200 -
06:35:20 "POST /collect HTTP/1.1" 200 -
06:35:20 CF PUT /sessions/3fbb13a9d775d08b02d399deb3b675f882ac22fc74138dffe5719f7722dd706d/renegotiate -> 200 (172 ms)
06:35:20 "PUT /cf/sessions/3fbb13a9d775d08b02d399deb3b675f882ac22fc74138dffe5719f7722dd706d/renegotiate HTTP/1.1" 200 -
06:35:20 "POST /collect HTTP/1.1" 200 -
06:35:20 "POST /collect HTTP/1.1" 200 -
06:35:20 CF POST /sessions/172904629e72c6b921182307db4bfc9f5350748d6095ff2af788a105dee3f46d/tracks/new -> 200 (143 ms)
06:35:20 "POST /cf/sessions/172904629e72c6b921182307db4bfc9f5350748d6095ff2af788a105dee3f46d/tracks/new HTTP/1.1" 200 -
06:35:20 "POST /collect HTTP/1.1" 200 -
06:35:20 CF POST /sessions/3fbb13a9d775d08b02d399deb3b675f882ac22fc74138dffe5719f7722dd706d/tracks/new -> 200 (230 ms)
06:35:20 "POST /cf/sessions/3fbb13a9d775d08b02d399deb3b675f882ac22fc74138dffe5719f7722dd706d/tracks/new HTTP/1.1" 200 -
06:35:20 "POST /collect HTTP/1.1" 200 -
06:35:20 "POST /collect HTTP/1.1" 200 -
06:35:20 CF PUT /sessions/172904629e72c6b921182307db4bfc9f5350748d6095ff2af788a105dee3f46d/renegotiate -> 200 (162 ms)
06:35:20 "PUT /cf/sessions/172904629e72c6b921182307db4bfc9f5350748d6095ff2af788a105dee3f46d/renegotiate HTTP/1.1" 200 -
06:35:20 "POST /collect HTTP/1.1" 200 -
06:35:20 "POST /collect HTTP/1.1" 200 -
06:35:20 CF PUT /sessions/3fbb13a9d775d08b02d399deb3b675f882ac22fc74138dffe5719f7722dd706d/renegotiate -> 200 (139 ms)
06:35:20 "PUT /cf/sessions/3fbb13a9d775d08b02d399deb3b675f882ac22fc74138dffe5719f7722dd706d/renegotiate HTTP/1.1" 200 -
06:35:20 "POST /collect HTTP/1.1" 200 -
06:35:20 "POST /collect HTTP/1.1" 200 -
06:35:20 "POST /collect HTTP/1.1" 200 -
06:35:20 "POST /collect HTTP/1.1" 200 -
06:35:20 "POST /collect HTTP/1.1" 200 -
06:35:20 "POST /collect HTTP/1.1" 200 -
06:35:20 "GET /roster HTTP/1.1" 200 -
06:35:21 "POST /collect HTTP/1.1" 200 -
06:35:21 "POST /collect HTTP/1.1" 200 -
06:35:21 "POST /collect HTTP/1.1" 200 -
06:35:21 "GET /roster HTTP/1.1" 200 -
06:35:22 "POST /collect HTTP/1.1" 200 -
06:35:22 "POST /collect HTTP/1.1" 200 -
06:35:22 "POST /collect HTTP/1.1" 200 -
06:35:22 "POST /collect HTTP/1.1" 200 -
06:35:22 "POST /collect HTTP/1.1" 200 -
06:35:23 "GET /roster HTTP/1.1" 200 -
06:35:23 "POST /collect HTTP/1.1" 200 -
06:35:23 "POST /collect HTTP/1.1" 200 -
06:35:23 "POST /collect HTTP/1.1" 200 -
06:35:23 "POST /collect HTTP/1.1" 200 -
06:35:23 "GET /roster HTTP/1.1" 200 -
06:35:23 "POST /collect HTTP/1.1" 200 -
06:35:23 "POST /collect HTTP/1.1" 200 -
06:35:24 "POST /collect HTTP/1.1" 200 -
06:35:24 "POST /collect HTTP/1.1" 200 -
06:35:24 "POST /collect HTTP/1.1" 200 -
06:35:25 "GET /roster HTTP/1.1" 200 -
06:35:25 "POST /collect HTTP/1.1" 200 -
06:35:25 "POST /collect HTTP/1.1" 200 -
06:35:25 "POST /collect HTTP/1.1" 200 -
06:35:25 "POST /collect HTTP/1.1" 200 -
06:35:25 "GET /roster HTTP/1.1" 200 -
06:35:25 "POST /collect HTTP/1.1" 200 -
06:35:26 "POST /collect HTTP/1.1" 200 -
06:35:26 "POST /collect HTTP/1.1" 200 -
06:35:26 "POST /collect HTTP/1.1" 200 -
06:35:26 "POST /collect HTTP/1.1" 200 -
06:35:26 "POST /collect HTTP/1.1" 200 -
06:35:26 "POST /collect HTTP/1.1" 200 -
06:35:26 "GET /roster HTTP/1.1" 200 -
06:35:27 "POST /collect HTTP/1.1" 200 -
06:35:27 "POST /collect HTTP/1.1" 200 -
06:35:27 "POST /collect HTTP/1.1" 200 -
06:35:27 "GET /roster HTTP/1.1" 200 -
06:35:28 "POST /collect HTTP/1.1" 200 -
06:35:28 "POST /collect HTTP/1.1" 200 -
06:35:28 "POST /collect HTTP/1.1" 200 -
06:35:28 "POST /collect HTTP/1.1" 200 -
06:35:28 "POST /collect HTTP/1.1" 200 -
06:35:29 "GET /roster HTTP/1.1" 200 -
06:35:29 "POST /collect HTTP/1.1" 200 -
06:35:29 "POST /collect HTTP/1.1" 200 -
06:35:29 "POST /collect HTTP/1.1" 200 -
06:35:29 "GET /roster HTTP/1.1" 200 -
06:35:29 "POST /collect HTTP/1.1" 200 -
06:35:29 "POST /collect HTTP/1.1" 200 -
06:35:29 "POST /collect HTTP/1.1" 200 -
06:35:30 "POST /collect HTTP/1.1" 200 -
06:35:30 "POST /collect HTTP/1.1" 200 -
06:35:30 "POST /collect HTTP/1.1" 200 -
06:35:30 "POST /collect HTTP/1.1" 200 -
06:35:30 "POST /collect HTTP/1.1" 200 -
06:35:30 "POST /collect HTTP/1.1" 200 -
06:35:30 CF PUT /sessions/172904629e72c6b921182307db4bfc9f5350748d6095ff2af788a105dee3f46d/tracks/close -> 200 (193 ms)
06:35:30 "PUT /cf/sessions/172904629e72c6b921182307db4bfc9f5350748d6095ff2af788a105dee3f46d/tracks/close HTTP/1.1" 200 -
06:35:30 CF PUT /sessions/3fbb13a9d775d08b02d399deb3b675f882ac22fc74138dffe5719f7722dd706d/tracks/close -> 200 (211 ms)
06:35:30 "PUT /cf/sessions/3fbb13a9d775d08b02d399deb3b675f882ac22fc74138dffe5719f7722dd706d/tracks/close HTTP/1.1" 200 -
06:35:30 "POST /collect HTTP/1.1" 200 -
06:35:30 "POST /collect HTTP/1.1" 200 -
06:35:30 "POST /collect HTTP/1.1" 200 -
06:35:30 "POST /collect HTTP/1.1" 200 -
06:35:31 "GET /roster HTTP/1.1" 200 -
06:35:31 CF PUT /sessions/172904629e72c6b921182307db4bfc9f5350748d6095ff2af788a105dee3f46d/tracks/close -> 200 (192 ms)
06:35:31 "PUT /cf/sessions/172904629e72c6b921182307db4bfc9f5350748d6095ff2af788a105dee3f46d/tracks/close HTTP/1.1" 200 -
06:35:31 "POST /collect HTTP/1.1" 200 -
06:35:31 CF PUT /sessions/3fbb13a9d775d08b02d399deb3b675f882ac22fc74138dffe5719f7722dd706d/tracks/close -> 200 (211 ms)
06:35:31 "PUT /cf/sessions/3fbb13a9d775d08b02d399deb3b675f882ac22fc74138dffe5719f7722dd706d/tracks/close HTTP/1.1" 200 -
06:35:31 "POST /collect HTTP/1.1" 200 -
06:35:31 CF POST /sessions/172904629e72c6b921182307db4bfc9f5350748d6095ff2af788a105dee3f46d/tracks/new -> 200 (234 ms)
06:35:31 "POST /cf/sessions/172904629e72c6b921182307db4bfc9f5350748d6095ff2af788a105dee3f46d/tracks/new HTTP/1.1" 200 -
06:35:31 "POST /collect HTTP/1.1" 200 -
06:35:31 "POST /collect HTTP/1.1" 200 -
06:35:31 CF PUT /sessions/172904629e72c6b921182307db4bfc9f5350748d6095ff2af788a105dee3f46d/renegotiate -> 200 (158 ms)
06:35:31 "PUT /cf/sessions/172904629e72c6b921182307db4bfc9f5350748d6095ff2af788a105dee3f46d/renegotiate HTTP/1.1" 200 -
06:35:31 CF POST /sessions/3fbb13a9d775d08b02d399deb3b675f882ac22fc74138dffe5719f7722dd706d/tracks/new -> 200 (389 ms)
06:35:31 "POST /cf/sessions/3fbb13a9d775d08b02d399deb3b675f882ac22fc74138dffe5719f7722dd706d/tracks/new HTTP/1.1" 200 -
06:35:31 "POST /collect HTTP/1.1" 200 -
06:35:31 "POST /collect HTTP/1.1" 200 -
06:35:31 "POST /collect HTTP/1.1" 200 -
06:35:31 "POST /collect HTTP/1.1" 200 -
06:35:31 "GET /roster HTTP/1.1" 200 -
06:35:31 "POST /collect HTTP/1.1" 200 -
06:35:31 "POST /collect HTTP/1.1" 200 -
06:35:31 "POST /collect HTTP/1.1" 200 -
06:35:31 CF PUT /sessions/3fbb13a9d775d08b02d399deb3b675f882ac22fc74138dffe5719f7722dd706d/renegotiate -> 200 (203 ms)
06:35:31 "PUT /cf/sessions/3fbb13a9d775d08b02d399deb3b675f882ac22fc74138dffe5719f7722dd706d/renegotiate HTTP/1.1" 200 -
06:35:31 "POST /collect HTTP/1.1" 200 -
06:35:31 CF POST /sessions/172904629e72c6b921182307db4bfc9f5350748d6095ff2af788a105dee3f46d/tracks/new -> 200 (225 ms)
06:35:31 "POST /cf/sessions/172904629e72c6b921182307db4bfc9f5350748d6095ff2af788a105dee3f46d/tracks/new HTTP/1.1" 200 -
06:35:31 CF POST /sessions/3fbb13a9d775d08b02d399deb3b675f882ac22fc74138dffe5719f7722dd706d/tracks/new -> 200 (155 ms)
06:35:31 "POST /cf/sessions/3fbb13a9d775d08b02d399deb3b675f882ac22fc74138dffe5719f7722dd706d/tracks/new HTTP/1.1" 200 -
06:35:31 CF PUT /sessions/172904629e72c6b921182307db4bfc9f5350748d6095ff2af788a105dee3f46d/renegotiate -> 200 (140 ms)
06:35:31 "PUT /cf/sessions/172904629e72c6b921182307db4bfc9f5350748d6095ff2af788a105dee3f46d/renegotiate HTTP/1.1" 200 -
06:35:31 "POST /collect HTTP/1.1" 200 -
06:35:31 "POST /collect HTTP/1.1" 200 -
06:35:32 "POST /collect HTTP/1.1" 200 -
06:35:32 CF PUT /sessions/3fbb13a9d775d08b02d399deb3b675f882ac22fc74138dffe5719f7722dd706d/renegotiate -> 200 (184 ms)
06:35:32 "PUT /cf/sessions/3fbb13a9d775d08b02d399deb3b675f882ac22fc74138dffe5719f7722dd706d/renegotiate HTTP/1.1" 200 -
06:35:32 "POST /collect HTTP/1.1" 200 -
06:35:32 "POST /collect HTTP/1.1" 200 -
06:35:32 "POST /collect HTTP/1.1" 200 -
06:35:32 "POST /collect HTTP/1.1" 200 -
06:35:32 "POST /collect HTTP/1.1" 200 -
06:35:32 "POST /collect HTTP/1.1" 200 -
06:35:32 "POST /collect HTTP/1.1" 200 -
06:35:32 "POST /collect HTTP/1.1" 200 -
06:35:32 "POST /collect HTTP/1.1" 200 -
06:35:32 "POST /collect HTTP/1.1" 200 -
06:35:32 "GET /roster HTTP/1.1" 200 -
06:35:33 "POST /collect HTTP/1.1" 200 -
06:35:33 "POST /collect HTTP/1.1" 200 -
06:35:33 "POST /collect HTTP/1.1" 200 -
06:35:33 "POST /collect HTTP/1.1" 200 -
06:35:33 "GET /roster HTTP/1.1" 200 -
06:35:34 "POST /collect HTTP/1.1" 200 -
06:35:34 "POST /collect HTTP/1.1" 200 -
06:35:34 "POST /collect HTTP/1.1" 200 -
06:35:34 "POST /collect HTTP/1.1" 200 -
06:35:34 "POST /collect HTTP/1.1" 200 -
06:35:35 "GET /roster HTTP/1.1" 200 -
06:35:35 "POST /collect HTTP/1.1" 200 -
06:35:35 "POST /collect HTTP/1.1" 200 -
06:35:35 "POST /collect HTTP/1.1" 200 -
06:35:35 "POST /collect HTTP/1.1" 200 -
06:35:35 "GET /roster HTTP/1.1" 200 -
06:35:35 "POST /collect HTTP/1.1" 200 -
06:35:35 "POST /collect HTTP/1.1" 200 -
06:35:36 "POST /collect HTTP/1.1" 200 -
06:35:36 "POST /collect HTTP/1.1" 200 -
06:35:36 "POST /collect HTTP/1.1" 200 -
06:35:37 "GET /roster HTTP/1.1" 200 -
06:35:37 "POST /collect HTTP/1.1" 200 -
06:35:37 "POST /collect HTTP/1.1" 200 -
06:35:37 "POST /collect HTTP/1.1" 200 -
06:35:37 "POST /collect HTTP/1.1" 200 -
06:35:37 "GET /roster HTTP/1.1" 200 -
06:35:37 "POST /collect HTTP/1.1" 200 -
06:35:38 "POST /collect HTTP/1.1" 200 -
06:35:38 "POST /collect HTTP/1.1" 200 -
06:35:38 "POST /collect HTTP/1.1" 200 -
06:35:38 "POST /collect HTTP/1.1" 200 -
06:35:38 "POST /collect HTTP/1.1" 200 -
06:35:38 "POST /collect HTTP/1.1" 200 -
06:35:39 "GET /roster HTTP/1.1" 200 -
06:35:39 "POST /collect HTTP/1.1" 200 -
06:35:39 "POST /collect HTTP/1.1" 200 -
06:35:39 "POST /collect HTTP/1.1" 200 -
06:35:39 "GET /roster HTTP/1.1" 200 -
06:35:40 "POST /collect HTTP/1.1" 200 -
06:35:40 "POST /collect HTTP/1.1" 200 -
06:35:40 "POST /collect HTTP/1.1" 200 -
06:35:40 "POST /collect HTTP/1.1" 200 -
06:35:40 "POST /collect HTTP/1.1" 200 -
06:35:41 "GET /roster HTTP/1.1" 200 -
06:35:41 "POST /collect HTTP/1.1" 200 -
06:35:41 "POST /collect HTTP/1.1" 200 -
06:35:41 "POST /collect HTTP/1.1" 200 -
06:35:41 "POST /collect HTTP/1.1" 200 -
06:35:41 "GET /roster HTTP/1.1" 200 -
06:35:41 "POST /collect HTTP/1.1" 200 -
06:35:41 "POST /collect HTTP/1.1" 200 -
06:35:42 "POST /collect HTTP/1.1" 200 -
06:35:42 "POST /collect HTTP/1.1" 200 -
06:35:42 "POST /collect HTTP/1.1" 200 -
06:35:42 "POST /collect HTTP/1.1" 200 -
06:35:42 CF PUT /sessions/3fbb13a9d775d08b02d399deb3b675f882ac22fc74138dffe5719f7722dd706d/tracks/close -> 200 (217 ms)
06:35:42 "PUT /cf/sessions/3fbb13a9d775d08b02d399deb3b675f882ac22fc74138dffe5719f7722dd706d/tracks/close HTTP/1.1" 200 -
06:35:42 CF PUT /sessions/172904629e72c6b921182307db4bfc9f5350748d6095ff2af788a105dee3f46d/tracks/close -> 200 (228 ms)
06:35:42 "PUT /cf/sessions/172904629e72c6b921182307db4bfc9f5350748d6095ff2af788a105dee3f46d/tracks/close HTTP/1.1" 200 -
06:35:42 "POST /collect HTTP/1.1" 200 -
06:35:42 "POST /collect HTTP/1.1" 200 -
06:35:42 "POST /collect HTTP/1.1" 200 -
06:35:42 "POST /collect HTTP/1.1" 200 -
06:35:42 "POST /collect HTTP/1.1" 200 -
06:35:42 "POST /collect HTTP/1.1" 200 -
06:35:42 CF PUT /sessions/3fbb13a9d775d08b02d399deb3b675f882ac22fc74138dffe5719f7722dd706d/tracks/close -> 200 (206 ms)
06:35:42 "PUT /cf/sessions/3fbb13a9d775d08b02d399deb3b675f882ac22fc74138dffe5719f7722dd706d/tracks/close HTTP/1.1" 200 -
06:35:42 "POST /collect HTTP/1.1" 200 -
06:35:42 CF PUT /sessions/172904629e72c6b921182307db4bfc9f5350748d6095ff2af788a105dee3f46d/tracks/close -> 200 (215 ms)
06:35:42 "PUT /cf/sessions/172904629e72c6b921182307db4bfc9f5350748d6095ff2af788a105dee3f46d/tracks/close HTTP/1.1" 200 -
06:35:42 "POST /collect HTTP/1.1" 200 -
06:35:42 CF POST /sessions/172904629e72c6b921182307db4bfc9f5350748d6095ff2af788a105dee3f46d/tracks/new -> 200 (192 ms)
06:35:42 CF POST /sessions/3fbb13a9d775d08b02d399deb3b675f882ac22fc74138dffe5719f7722dd706d/tracks/new -> 200 (222 ms)
06:35:42 "POST /cf/sessions/172904629e72c6b921182307db4bfc9f5350748d6095ff2af788a105dee3f46d/tracks/new HTTP/1.1" 200 -
06:35:42 "POST /cf/sessions/3fbb13a9d775d08b02d399deb3b675f882ac22fc74138dffe5719f7722dd706d/tracks/new HTTP/1.1" 200 -
06:35:43 "GET /roster HTTP/1.1" 200 -
06:35:43 CF PUT /sessions/172904629e72c6b921182307db4bfc9f5350748d6095ff2af788a105dee3f46d/renegotiate -> 200 (168 ms)
06:35:43 "PUT /cf/sessions/172904629e72c6b921182307db4bfc9f5350748d6095ff2af788a105dee3f46d/renegotiate HTTP/1.1" 200 -
06:35:43 "POST /collect HTTP/1.1" 200 -
06:35:43 CF PUT /sessions/3fbb13a9d775d08b02d399deb3b675f882ac22fc74138dffe5719f7722dd706d/renegotiate -> 200 (198 ms)
06:35:43 "PUT /cf/sessions/3fbb13a9d775d08b02d399deb3b675f882ac22fc74138dffe5719f7722dd706d/renegotiate HTTP/1.1" 200 -
06:35:43 "POST /collect HTTP/1.1" 200 -
06:35:43 "POST /collect HTTP/1.1" 200 -
06:35:43 "POST /collect HTTP/1.1" 200 -
06:35:43 "POST /collect HTTP/1.1" 200 -
06:35:43 "POST /collect HTTP/1.1" 200 -
06:35:43 CF POST /sessions/172904629e72c6b921182307db4bfc9f5350748d6095ff2af788a105dee3f46d/tracks/new -> 200 (255 ms)
06:35:43 "POST /cf/sessions/172904629e72c6b921182307db4bfc9f5350748d6095ff2af788a105dee3f46d/tracks/new HTTP/1.1" 200 -
06:35:43 CF POST /sessions/3fbb13a9d775d08b02d399deb3b675f882ac22fc74138dffe5719f7722dd706d/tracks/new -> 200 (231 ms)
06:35:43 "POST /cf/sessions/3fbb13a9d775d08b02d399deb3b675f882ac22fc74138dffe5719f7722dd706d/tracks/new HTTP/1.1" 200 -
06:35:43 "POST /collect HTTP/1.1" 200 -
06:35:43 "POST /collect HTTP/1.1" 200 -
06:35:43 "POST /collect HTTP/1.1" 200 -
06:35:43 "POST /collect HTTP/1.1" 200 -
06:35:43 "GET /roster HTTP/1.1" 200 -
06:35:43 CF PUT /sessions/172904629e72c6b921182307db4bfc9f5350748d6095ff2af788a105dee3f46d/renegotiate -> 200 (150 ms)
06:35:43 "PUT /cf/sessions/172904629e72c6b921182307db4bfc9f5350748d6095ff2af788a105dee3f46d/renegotiate HTTP/1.1" 200 -
06:35:43 "POST /collect HTTP/1.1" 200 -
06:35:43 CF PUT /sessions/3fbb13a9d775d08b02d399deb3b675f882ac22fc74138dffe5719f7722dd706d/renegotiate -> 200 (165 ms)
06:35:43 "PUT /cf/sessions/3fbb13a9d775d08b02d399deb3b675f882ac22fc74138dffe5719f7722dd706d/renegotiate HTTP/1.1" 200 -
06:35:43 "POST /collect HTTP/1.1" 200 -
06:35:43 "POST /collect HTTP/1.1" 200 -
06:35:43 "POST /collect HTTP/1.1" 200 -
06:35:43 "POST /collect HTTP/1.1" 200 -
06:35:43 "POST /collect HTTP/1.1" 200 -
06:35:43 "POST /collect HTTP/1.1" 200 -
06:35:44 "POST /collect HTTP/1.1" 200 -
06:35:44 "POST /collect HTTP/1.1" 200 -
06:35:44 "POST /collect HTTP/1.1" 200 -
06:35:44 "POST /collect HTTP/1.1" 200 -
06:35:44 "POST /collect HTTP/1.1" 200 -
06:35:44 "POST /collect HTTP/1.1" 200 -
06:35:45 "GET /roster HTTP/1.1" 200 -
06:35:45 "POST /collect HTTP/1.1" 200 -
06:35:45 "POST /collect HTTP/1.1" 200 -
06:35:45 "POST /collect HTTP/1.1" 200 -
06:35:45 "GET /roster HTTP/1.1" 200 -
06:35:46 "POST /collect HTTP/1.1" 200 -
06:35:46 "POST /collect HTTP/1.1" 200 -
06:35:46 "POST /collect HTTP/1.1" 200 -
06:35:46 "POST /collect HTTP/1.1" 200 -
06:35:46 "POST /collect HTTP/1.1" 200 -
06:35:47 "GET /roster HTTP/1.1" 200 -
06:35:47 "POST /collect HTTP/1.1" 200 -
06:35:47 "POST /collect HTTP/1.1" 200 -
06:35:47 "POST /collect HTTP/1.1" 200 -
06:35:47 "POST /collect HTTP/1.1" 200 -
06:35:47 "GET /roster HTTP/1.1" 200 -
06:35:47 "POST /collect HTTP/1.1" 200 -
06:35:47 "POST /collect HTTP/1.1" 200 -
06:35:48 "POST /collect HTTP/1.1" 200 -
06:35:48 "POST /collect HTTP/1.1" 200 -
06:35:48 "POST /collect HTTP/1.1" 200 -
06:35:49 "GET /roster HTTP/1.1" 200 -
06:35:49 "POST /collect HTTP/1.1" 200 -
06:35:49 "POST /collect HTTP/1.1" 200 -
06:35:49 "POST /collect HTTP/1.1" 200 -
06:35:49 "POST /collect HTTP/1.1" 200 -
06:35:49 "GET /roster HTTP/1.1" 200 -
06:35:49 "POST /collect HTTP/1.1" 200 -
06:35:50 "POST /collect HTTP/1.1" 200 -
06:35:50 "POST /collect HTTP/1.1" 200 -
06:35:50 "POST /collect HTTP/1.1" 200 -
06:35:50 "POST /collect HTTP/1.1" 200 -
06:35:50 "POST /collect HTTP/1.1" 200 -
06:35:50 "POST /collect HTTP/1.1" 200 -
06:35:51 "GET /roster HTTP/1.1" 200 -
06:35:51 "POST /collect HTTP/1.1" 200 -
06:35:51 "POST /collect HTTP/1.1" 200 -
06:35:51 "POST /collect HTTP/1.1" 200 -
06:35:51 "GET /roster HTTP/1.1" 200 -
06:35:52 "POST /collect HTTP/1.1" 200 -
06:35:52 "POST /collect HTTP/1.1" 200 -
06:35:52 "POST /collect HTTP/1.1" 200 -
06:35:52 "POST /collect HTTP/1.1" 200 -
06:35:52 "POST /collect HTTP/1.1" 200 -
06:35:53 "GET /roster HTTP/1.1" 200 -
06:35:53 "POST /collect HTTP/1.1" 200 -
06:35:53 "POST /collect HTTP/1.1" 200 -
06:35:53 "POST /collect HTTP/1.1" 200 -
06:35:53 "POST /collect HTTP/1.1" 200 -
06:35:53 "GET /roster HTTP/1.1" 200 -
06:35:53 "POST /collect HTTP/1.1" 200 -
06:35:53 "POST /collect HTTP/1.1" 200 -
06:35:53 "POST /collect HTTP/1.1" 200 -
06:35:53 "POST /collect HTTP/1.1" 200 -
06:35:53 "POST /collect HTTP/1.1" 200 -
06:35:53 CF PUT /sessions/172904629e72c6b921182307db4bfc9f5350748d6095ff2af788a105dee3f46d/tracks/close -> 200 (228 ms)
06:35:53 "PUT /cf/sessions/172904629e72c6b921182307db4bfc9f5350748d6095ff2af788a105dee3f46d/tracks/close HTTP/1.1" 200 -
06:35:53 "POST /collect HTTP/1.1" 200 -
06:35:53 CF PUT /sessions/3fbb13a9d775d08b02d399deb3b675f882ac22fc74138dffe5719f7722dd706d/tracks/close -> 200 (247 ms)
06:35:53 "PUT /cf/sessions/3fbb13a9d775d08b02d399deb3b675f882ac22fc74138dffe5719f7722dd706d/tracks/close HTTP/1.1" 200 -
06:35:53 "POST /collect HTTP/1.1" 200 -
06:35:53 "POST /collect HTTP/1.1" 200 -
06:35:53 "POST /collect HTTP/1.1" 200 -
06:35:54 "POST /collect HTTP/1.1" 200 -
06:35:54 CF PUT /sessions/172904629e72c6b921182307db4bfc9f5350748d6095ff2af788a105dee3f46d/tracks/close -> 200 (202 ms)
06:35:54 "PUT /cf/sessions/172904629e72c6b921182307db4bfc9f5350748d6095ff2af788a105dee3f46d/tracks/close HTTP/1.1" 200 -
06:35:54 "POST /collect HTTP/1.1" 200 -
06:35:54 CF PUT /sessions/3fbb13a9d775d08b02d399deb3b675f882ac22fc74138dffe5719f7722dd706d/tracks/close -> 200 (223 ms)
06:35:54 "PUT /cf/sessions/3fbb13a9d775d08b02d399deb3b675f882ac22fc74138dffe5719f7722dd706d/tracks/close HTTP/1.1" 200 -
06:35:54 "POST /collect HTTP/1.1" 200 -
06:35:54 CF POST /sessions/172904629e72c6b921182307db4bfc9f5350748d6095ff2af788a105dee3f46d/tracks/new -> 200 (235 ms)
06:35:54 "POST /cf/sessions/172904629e72c6b921182307db4bfc9f5350748d6095ff2af788a105dee3f46d/tracks/new HTTP/1.1" 200 -
06:35:54 CF POST /sessions/3fbb13a9d775d08b02d399deb3b675f882ac22fc74138dffe5719f7722dd706d/tracks/new -> 200 (201 ms)
06:35:54 "POST /cf/sessions/3fbb13a9d775d08b02d399deb3b675f882ac22fc74138dffe5719f7722dd706d/tracks/new HTTP/1.1" 200 -
06:35:54 "POST /collect HTTP/1.1" 200 -
06:35:54 CF PUT /sessions/172904629e72c6b921182307db4bfc9f5350748d6095ff2af788a105dee3f46d/renegotiate -> 200 (170 ms)
06:35:54 "PUT /cf/sessions/172904629e72c6b921182307db4bfc9f5350748d6095ff2af788a105dee3f46d/renegotiate HTTP/1.1" 200 -
06:35:54 "POST /collect HTTP/1.1" 200 -
06:35:54 "POST /collect HTTP/1.1" 200 -
06:35:54 CF PUT /sessions/3fbb13a9d775d08b02d399deb3b675f882ac22fc74138dffe5719f7722dd706d/renegotiate -> 200 (172 ms)
06:35:54 "PUT /cf/sessions/3fbb13a9d775d08b02d399deb3b675f882ac22fc74138dffe5719f7722dd706d/renegotiate HTTP/1.1" 200 -
06:35:54 "POST /collect HTTP/1.1" 200 -
06:35:54 "POST /collect HTTP/1.1" 200 -
06:35:54 "POST /collect HTTP/1.1" 200 -
06:35:54 "POST /collect HTTP/1.1" 200 -
06:35:54 "POST /collect HTTP/1.1" 200 -
06:35:54 CF POST /sessions/172904629e72c6b921182307db4bfc9f5350748d6095ff2af788a105dee3f46d/tracks/new -> 200 (239 ms)
06:35:54 "POST /cf/sessions/172904629e72c6b921182307db4bfc9f5350748d6095ff2af788a105dee3f46d/tracks/new HTTP/1.1" 200 -
06:35:54 CF POST /sessions/3fbb13a9d775d08b02d399deb3b675f882ac22fc74138dffe5719f7722dd706d/tracks/new -> 200 (235 ms)
06:35:54 "POST /cf/sessions/3fbb13a9d775d08b02d399deb3b675f882ac22fc74138dffe5719f7722dd706d/tracks/new HTTP/1.1" 200 -
06:35:54 CF PUT /sessions/172904629e72c6b921182307db4bfc9f5350748d6095ff2af788a105dee3f46d/renegotiate -> 200 (160 ms)
06:35:54 "PUT /cf/sessions/172904629e72c6b921182307db4bfc9f5350748d6095ff2af788a105dee3f46d/renegotiate HTTP/1.1" 200 -
06:35:54 "POST /collect HTTP/1.1" 200 -
06:35:54 CF PUT /sessions/3fbb13a9d775d08b02d399deb3b675f882ac22fc74138dffe5719f7722dd706d/renegotiate -> 200 (160 ms)
06:35:54 "PUT /cf/sessions/3fbb13a9d775d08b02d399deb3b675f882ac22fc74138dffe5719f7722dd706d/renegotiate HTTP/1.1" 200 -
06:35:54 "POST /collect HTTP/1.1" 200 -
06:35:54 "GET /roster HTTP/1.1" 200 -
06:35:55 "POST /collect HTTP/1.1" 200 -
06:35:55 "POST /collect HTTP/1.1" 200 -
06:35:55 "POST /collect HTTP/1.1" 200 -
06:35:55 "POST /collect HTTP/1.1" 200 -
06:35:55 "POST /collect HTTP/1.1" 200 -
06:35:55 "POST /collect HTTP/1.1" 200 -
06:35:55 "POST /collect HTTP/1.1" 200 -
06:35:55 "POST /collect HTTP/1.1" 200 -
06:35:55 "GET /roster HTTP/1.1" 200 -
06:35:55 "POST /collect HTTP/1.1" 200 -
06:35:56 "POST /collect HTTP/1.1" 200 -
06:35:56 "POST /collect HTTP/1.1" 200 -
06:35:56 "POST /collect HTTP/1.1" 200 -
06:35:56 "POST /collect HTTP/1.1" 200 -
06:35:56 "POST /collect HTTP/1.1" 200 -
06:35:56 "POST /collect HTTP/1.1" 200 -
06:35:56 "GET /roster HTTP/1.1" 200 -
06:35:57 "POST /collect HTTP/1.1" 200 -
06:35:57 "POST /collect HTTP/1.1" 200 -
06:35:57 "POST /collect HTTP/1.1" 200 -
06:35:57 "GET /roster HTTP/1.1" 200 -
06:35:58 "POST /collect HTTP/1.1" 200 -
06:35:58 "POST /collect HTTP/1.1" 200 -
06:35:58 "POST /collect HTTP/1.1" 200 -
06:35:58 "POST /collect HTTP/1.1" 200 -
06:35:58 "POST /collect HTTP/1.1" 200 -
06:35:59 "GET /roster HTTP/1.1" 200 -
06:35:59 "POST /collect HTTP/1.1" 200 -
06:35:59 "POST /collect HTTP/1.1" 200 -
06:35:59 "POST /collect HTTP/1.1" 200 -
06:35:59 "POST /collect HTTP/1.1" 200 -
06:35:59 "GET /roster HTTP/1.1" 200 -
06:35:59 "POST /collect HTTP/1.1" 200 -
06:35:59 "POST /collect HTTP/1.1" 200 -
06:36:00 "POST /collect HTTP/1.1" 200 -
06:36:00 "POST /collect HTTP/1.1" 200 -
06:36:00 "POST /collect HTTP/1.1" 200 -
06:36:00 "GET /roster HTTP/1.1" 200 -
06:36:01 "POST /collect HTTP/1.1" 200 -
06:36:01 "POST /collect HTTP/1.1" 200 -
06:36:01 "POST /collect HTTP/1.1" 200 -
06:36:01 "POST /collect HTTP/1.1" 200 -
06:36:01 "GET /roster HTTP/1.1" 200 -
06:36:01 "POST /collect HTTP/1.1" 200 -
06:36:02 "POST /collect HTTP/1.1" 200 -
06:36:02 "POST /collect HTTP/1.1" 200 -
06:36:02 "POST /collect HTTP/1.1" 200 -
06:36:02 "POST /collect HTTP/1.1" 200 -
06:36:02 "POST /collect HTTP/1.1" 200 -
06:36:02 "POST /collect HTTP/1.1" 200 -
06:36:02 "GET /roster HTTP/1.1" 200 -
06:36:03 "POST /collect HTTP/1.1" 200 -
06:36:03 "POST /collect HTTP/1.1" 200 -
06:36:03 "POST /collect HTTP/1.1" 200 -
06:36:03 "GET /roster HTTP/1.1" 200 -
06:36:04 "POST /collect HTTP/1.1" 200 -
06:36:04 "POST /collect HTTP/1.1" 200 -
06:36:04 "POST /collect HTTP/1.1" 200 -
06:36:04 "POST /collect HTTP/1.1" 200 -
06:36:04 "POST /collect HTTP/1.1" 200 -
06:36:04 "POST /collect HTTP/1.1" 200 -
06:36:05 "POST /collect HTTP/1.1" 200 -
06:36:05 "POST /collect HTTP/1.1" 200 -
06:36:05 "GET /roster HTTP/1.1" 200 -
06:36:05 "POST /collect HTTP/1.1" 200 -
06:36:05 "POST /collect HTTP/1.1" 200 -
06:36:05 CF PUT /sessions/3fbb13a9d775d08b02d399deb3b675f882ac22fc74138dffe5719f7722dd706d/tracks/close -> 200 (232 ms)
06:36:05 "PUT /cf/sessions/3fbb13a9d775d08b02d399deb3b675f882ac22fc74138dffe5719f7722dd706d/tracks/close HTTP/1.1" 200 -
06:36:05 CF PUT /sessions/172904629e72c6b921182307db4bfc9f5350748d6095ff2af788a105dee3f46d/tracks/close -> 200 (245 ms)
06:36:05 "PUT /cf/sessions/172904629e72c6b921182307db4bfc9f5350748d6095ff2af788a105dee3f46d/tracks/close HTTP/1.1" 200 -
06:36:05 "POST /collect HTTP/1.1" 200 -
06:36:05 "POST /collect HTTP/1.1" 200 -
06:36:05 "POST /collect HTTP/1.1" 200 -
06:36:05 "POST /collect HTTP/1.1" 200 -
06:36:05 "POST /collect HTTP/1.1" 200 -
06:36:05 CF PUT /sessions/3fbb13a9d775d08b02d399deb3b675f882ac22fc74138dffe5719f7722dd706d/tracks/close -> 200 (242 ms)
06:36:05 "PUT /cf/sessions/3fbb13a9d775d08b02d399deb3b675f882ac22fc74138dffe5719f7722dd706d/tracks/close HTTP/1.1" 200 -
06:36:05 CF PUT /sessions/172904629e72c6b921182307db4bfc9f5350748d6095ff2af788a105dee3f46d/tracks/close -> 200 (234 ms)
06:36:05 "PUT /cf/sessions/172904629e72c6b921182307db4bfc9f5350748d6095ff2af788a105dee3f46d/tracks/close HTTP/1.1" 200 -
06:36:05 "POST /collect HTTP/1.1" 200 -
06:36:05 "POST /collect HTTP/1.1" 200 -
06:36:05 "POST /collect HTTP/1.1" 200 -
06:36:05 "GET /roster HTTP/1.1" 200 -
06:36:05 CF POST /sessions/3fbb13a9d775d08b02d399deb3b675f882ac22fc74138dffe5719f7722dd706d/tracks/new -> 200 (175 ms)
06:36:05 "POST /cf/sessions/3fbb13a9d775d08b02d399deb3b675f882ac22fc74138dffe5719f7722dd706d/tracks/new HTTP/1.1" 200 -
06:36:05 CF POST /sessions/172904629e72c6b921182307db4bfc9f5350748d6095ff2af788a105dee3f46d/tracks/new -> 200 (175 ms)
06:36:05 "POST /cf/sessions/172904629e72c6b921182307db4bfc9f5350748d6095ff2af788a105dee3f46d/tracks/new HTTP/1.1" 200 -
06:36:05 "POST /collect HTTP/1.1" 200 -
06:36:05 "POST /collect HTTP/1.1" 200 -
06:36:05 CF PUT /sessions/3fbb13a9d775d08b02d399deb3b675f882ac22fc74138dffe5719f7722dd706d/renegotiate -> 200 (161 ms)
06:36:05 "PUT /cf/sessions/3fbb13a9d775d08b02d399deb3b675f882ac22fc74138dffe5719f7722dd706d/renegotiate HTTP/1.1" 200 -
06:36:05 "POST /collect HTTP/1.1" 200 -
06:36:05 CF PUT /sessions/172904629e72c6b921182307db4bfc9f5350748d6095ff2af788a105dee3f46d/renegotiate -> 200 (190 ms)
06:36:05 "PUT /cf/sessions/172904629e72c6b921182307db4bfc9f5350748d6095ff2af788a105dee3f46d/renegotiate HTTP/1.1" 200 -
06:36:05 "POST /collect HTTP/1.1" 200 -
06:36:05 "POST /collect HTTP/1.1" 200 -
06:36:05 "POST /collect HTTP/1.1" 200 -
06:36:06 "POST /collect HTTP/1.1" 200 -
06:36:06 "POST /collect HTTP/1.1" 200 -
06:36:06 "POST /collect HTTP/1.1" 200 -
06:36:06 CF POST /sessions/3fbb13a9d775d08b02d399deb3b675f882ac22fc74138dffe5719f7722dd706d/tracks/new -> 200 (167 ms)
06:36:06 "POST /cf/sessions/3fbb13a9d775d08b02d399deb3b675f882ac22fc74138dffe5719f7722dd706d/tracks/new HTTP/1.1" 200 -
06:36:06 CF POST /sessions/172904629e72c6b921182307db4bfc9f5350748d6095ff2af788a105dee3f46d/tracks/new -> 200 (165 ms)
06:36:06 "POST /cf/sessions/172904629e72c6b921182307db4bfc9f5350748d6095ff2af788a105dee3f46d/tracks/new HTTP/1.1" 200 -
06:36:06 CF PUT /sessions/172904629e72c6b921182307db4bfc9f5350748d6095ff2af788a105dee3f46d/renegotiate -> 200 (180 ms)
06:36:06 "PUT /cf/sessions/172904629e72c6b921182307db4bfc9f5350748d6095ff2af788a105dee3f46d/renegotiate HTTP/1.1" 200 -
06:36:06 CF PUT /sessions/3fbb13a9d775d08b02d399deb3b675f882ac22fc74138dffe5719f7722dd706d/renegotiate -> 200 (208 ms)
06:36:06 "PUT /cf/sessions/3fbb13a9d775d08b02d399deb3b675f882ac22fc74138dffe5719f7722dd706d/renegotiate HTTP/1.1" 200 -
06:36:06 "POST /collect HTTP/1.1" 200 -
06:36:06 "POST /collect HTTP/1.1" 200 -
06:36:06 "POST /collect HTTP/1.1" 200 -
06:36:06 "POST /collect HTTP/1.1" 200 -
06:36:06 "POST /collect HTTP/1.1" 200 -
06:36:06 "POST /collect HTTP/1.1" 200 -
06:36:06 "POST /collect HTTP/1.1" 200 -
06:36:06 "POST /collect HTTP/1.1" 200 -
06:36:07 "GET /roster HTTP/1.1" 200 -
06:36:07 "POST /collect HTTP/1.1" 200 -
06:36:07 "POST /collect HTTP/1.1" 200 -
06:36:07 "POST /collect HTTP/1.1" 200 -
06:36:07 "POST /collect HTTP/1.1" 200 -
06:36:07 "GET /roster HTTP/1.1" 200 -
06:36:07 "POST /collect HTTP/1.1" 200 -
06:36:08 "POST /collect HTTP/1.1" 200 -
06:36:08 "POST /collect HTTP/1.1" 200 -
06:36:08 "POST /collect HTTP/1.1" 200 -
06:36:08 "POST /collect HTTP/1.1" 200 -
06:36:08 "POST /collect HTTP/1.1" 200 -
06:36:08 "POST /collect HTTP/1.1" 200 -
06:36:09 "GET /roster HTTP/1.1" 200 -
06:36:09 "POST /collect HTTP/1.1" 200 -
06:36:09 "POST /collect HTTP/1.1" 200 -
06:36:09 "GET /roster HTTP/1.1" 200 -
06:36:09 "POST /collect HTTP/1.1" 200 -
06:36:10 "POST /collect HTTP/1.1" 200 -
06:36:10 "POST /collect HTTP/1.1" 200 -
06:36:10 "POST /collect HTTP/1.1" 200 -
06:36:10 "POST /collect HTTP/1.1" 200 -
06:36:10 "POST /collect HTTP/1.1" 200 -
06:36:10 "GET /roster HTTP/1.1" 200 -
06:36:11 "POST /collect HTTP/1.1" 200 -
06:36:11 "POST /collect HTTP/1.1" 200 -
06:36:11 "POST /collect HTTP/1.1" 200 -
06:36:11 "POST /collect HTTP/1.1" 200 -
06:36:11 "GET /roster HTTP/1.1" 200 -
06:36:11 "POST /collect HTTP/1.1" 200 -
06:36:11 "POST /collect HTTP/1.1" 200 -
06:36:12 "POST /collect HTTP/1.1" 200 -
06:36:12 "POST /collect HTTP/1.1" 200 -
06:36:12 "POST /collect HTTP/1.1" 200 -
06:36:12 "GET /roster HTTP/1.1" 200 -
06:36:13 "POST /collect HTTP/1.1" 200 -
06:36:13 "POST /collect HTTP/1.1" 200 -
06:36:13 "POST /collect HTTP/1.1" 200 -
06:36:13 "GET /roster HTTP/1.1" 200 -
06:36:13 "POST /collect HTTP/1.1" 200 -
06:36:13 "POST /collect HTTP/1.1" 200 -
06:36:14 "POST /collect HTTP/1.1" 200 -
06:36:14 "POST /collect HTTP/1.1" 200 -
06:36:14 "POST /collect HTTP/1.1" 200 -
06:36:14 "POST /collect HTTP/1.1" 200 -
06:36:14 "POST /collect HTTP/1.1" 200 -
06:36:14 "POST /collect HTTP/1.1" 200 -
06:36:14 "GET /roster HTTP/1.1" 200 -
06:36:15 "POST /collect HTTP/1.1" 200 -
06:36:15 "POST /collect HTTP/1.1" 200 -
06:36:15 "POST /collect HTTP/1.1" 200 -
06:36:15 "GET /roster HTTP/1.1" 200 -
06:36:16 "POST /collect HTTP/1.1" 200 -
06:36:16 "POST /collect HTTP/1.1" 200 -
06:36:16 "POST /collect HTTP/1.1" 200 -
06:36:16 "POST /collect HTTP/1.1" 200 -
06:36:16 "POST /collect HTTP/1.1" 200 -
06:36:16 "POST /collect HTTP/1.1" 200 -
06:36:16 "POST /collect HTTP/1.1" 200 -
06:36:16 CF PUT /sessions/172904629e72c6b921182307db4bfc9f5350748d6095ff2af788a105dee3f46d/tracks/close -> 200 (212 ms)
06:36:16 "PUT /cf/sessions/172904629e72c6b921182307db4bfc9f5350748d6095ff2af788a105dee3f46d/tracks/close HTTP/1.1" 200 -
06:36:16 CF PUT /sessions/3fbb13a9d775d08b02d399deb3b675f882ac22fc74138dffe5719f7722dd706d/tracks/close -> 200 (216 ms)
06:36:16 "PUT /cf/sessions/3fbb13a9d775d08b02d399deb3b675f882ac22fc74138dffe5719f7722dd706d/tracks/close HTTP/1.1" 200 -
06:36:16 "POST /collect HTTP/1.1" 200 -
06:36:16 "POST /collect HTTP/1.1" 200 -
06:36:16 "POST /collect HTTP/1.1" 200 -
06:36:16 "POST /collect HTTP/1.1" 200 -
06:36:16 "POST /collect HTTP/1.1" 200 -
06:36:16 CF PUT /sessions/172904629e72c6b921182307db4bfc9f5350748d6095ff2af788a105dee3f46d/tracks/close -> 200 (213 ms)
06:36:16 "PUT /cf/sessions/172904629e72c6b921182307db4bfc9f5350748d6095ff2af788a105dee3f46d/tracks/close HTTP/1.1" 200 -
06:36:16 "POST /collect HTTP/1.1" 200 -
06:36:16 CF PUT /sessions/3fbb13a9d775d08b02d399deb3b675f882ac22fc74138dffe5719f7722dd706d/tracks/close -> 200 (250 ms)
06:36:16 "PUT /cf/sessions/3fbb13a9d775d08b02d399deb3b675f882ac22fc74138dffe5719f7722dd706d/tracks/close HTTP/1.1" 200 -
06:36:16 "POST /collect HTTP/1.1" 200 -
06:36:16 "GET /roster HTTP/1.1" 200 -
06:36:17 CF POST /sessions/172904629e72c6b921182307db4bfc9f5350748d6095ff2af788a105dee3f46d/tracks/new -> 200 (163 ms)
06:36:17 "POST /cf/sessions/172904629e72c6b921182307db4bfc9f5350748d6095ff2af788a105dee3f46d/tracks/new HTTP/1.1" 200 -
06:36:17 CF POST /sessions/3fbb13a9d775d08b02d399deb3b675f882ac22fc74138dffe5719f7722dd706d/tracks/new -> 200 (160 ms)
06:36:17 "POST /cf/sessions/3fbb13a9d775d08b02d399deb3b675f882ac22fc74138dffe5719f7722dd706d/tracks/new HTTP/1.1" 200 -
06:36:17 "POST /collect HTTP/1.1" 200 -
06:36:17 CF PUT /sessions/172904629e72c6b921182307db4bfc9f5350748d6095ff2af788a105dee3f46d/renegotiate -> 200 (166 ms)
06:36:17 "PUT /cf/sessions/172904629e72c6b921182307db4bfc9f5350748d6095ff2af788a105dee3f46d/renegotiate HTTP/1.1" 200 -
06:36:17 "POST /collect HTTP/1.1" 200 -
06:36:17 "POST /collect HTTP/1.1" 200 -
06:36:17 "POST /collect HTTP/1.1" 200 -
06:36:17 CF PUT /sessions/3fbb13a9d775d08b02d399deb3b675f882ac22fc74138dffe5719f7722dd706d/renegotiate -> 200 (177 ms)
06:36:17 "PUT /cf/sessions/3fbb13a9d775d08b02d399deb3b675f882ac22fc74138dffe5719f7722dd706d/renegotiate HTTP/1.1" 200 -
06:36:17 "POST /collect HTTP/1.1" 200 -
06:36:17 "POST /collect HTTP/1.1" 200 -
06:36:17 "POST /collect HTTP/1.1" 200 -
06:36:17 "POST /collect HTTP/1.1" 200 -
06:36:17 CF POST /sessions/172904629e72c6b921182307db4bfc9f5350748d6095ff2af788a105dee3f46d/tracks/new -> 200 (157 ms)
06:36:17 "POST /cf/sessions/172904629e72c6b921182307db4bfc9f5350748d6095ff2af788a105dee3f46d/tracks/new HTTP/1.1" 200 -
06:36:17 CF POST /sessions/3fbb13a9d775d08b02d399deb3b675f882ac22fc74138dffe5719f7722dd706d/tracks/new -> 200 (162 ms)
06:36:17 "POST /cf/sessions/3fbb13a9d775d08b02d399deb3b675f882ac22fc74138dffe5719f7722dd706d/tracks/new HTTP/1.1" 200 -
06:36:17 "POST /collect HTTP/1.1" 200 -
06:36:17 "POST /collect HTTP/1.1" 200 -
06:36:17 CF PUT /sessions/172904629e72c6b921182307db4bfc9f5350748d6095ff2af788a105dee3f46d/renegotiate -> 200 (159 ms)
06:36:17 "PUT /cf/sessions/172904629e72c6b921182307db4bfc9f5350748d6095ff2af788a105dee3f46d/renegotiate HTTP/1.1" 200 -
06:36:17 "GET /roster HTTP/1.1" 200 -
06:36:17 "POST /collect HTTP/1.1" 200 -
06:36:17 "POST /collect HTTP/1.1" 200 -
06:36:17 CF PUT /sessions/3fbb13a9d775d08b02d399deb3b675f882ac22fc74138dffe5719f7722dd706d/renegotiate -> 200 (170 ms)
06:36:17 "PUT /cf/sessions/3fbb13a9d775d08b02d399deb3b675f882ac22fc74138dffe5719f7722dd706d/renegotiate HTTP/1.1" 200 -
06:36:17 "POST /collect HTTP/1.1" 200 -
06:36:17 "POST /collect HTTP/1.1" 200 -
06:36:17 "POST /collect HTTP/1.1" 200 -
06:36:17 "POST /collect HTTP/1.1" 200 -
06:36:17 "POST /collect HTTP/1.1" 200 -
06:36:17 "POST /collect HTTP/1.1" 200 -
06:36:18 "POST /collect HTTP/1.1" 200 -
06:36:18 "POST /collect HTTP/1.1" 200 -
06:36:18 "POST /collect HTTP/1.1" 200 -
06:36:18 "GET /roster HTTP/1.1" 200 -
06:36:19 "POST /collect HTTP/1.1" 200 -
06:36:19 "POST /collect HTTP/1.1" 200 -
06:36:19 "POST /collect HTTP/1.1" 200 -
06:36:19 "POST /collect HTTP/1.1" 200 -
06:36:19 "GET /roster HTTP/1.1" 200 -
06:36:19 "POST /collect HTTP/1.1" 200 -
06:36:20 "POST /collect HTTP/1.1" 200 -
06:36:20 "POST /collect HTTP/1.1" 200 -
06:36:20 "POST /collect HTTP/1.1" 200 -
06:36:20 "POST /collect HTTP/1.1" 200 -
06:36:20 "POST /collect HTTP/1.1" 200 -
06:36:20 "POST /collect HTTP/1.1" 200 -
06:36:20 "GET /roster HTTP/1.1" 200 -
06:36:21 "POST /collect HTTP/1.1" 200 -
06:36:21 "POST /collect HTTP/1.1" 200 -
06:36:21 "GET /roster HTTP/1.1" 200 -
06:36:21 "POST /collect HTTP/1.1" 200 -
06:36:22 "POST /collect HTTP/1.1" 200 -
06:36:22 "POST /collect HTTP/1.1" 200 -
06:36:22 "POST /collect HTTP/1.1" 200 -
06:36:22 "POST /collect HTTP/1.1" 200 -
06:36:22 "POST /collect HTTP/1.1" 200 -
06:36:22 "GET /roster HTTP/1.1" 200 -
06:36:23 "POST /collect HTTP/1.1" 200 -
06:36:23 "POST /collect HTTP/1.1" 200 -
06:36:23 "POST /collect HTTP/1.1" 200 -
06:36:23 "POST /collect HTTP/1.1" 200 -
06:36:23 "GET /roster HTTP/1.1" 200 -
06:36:23 "POST /collect HTTP/1.1" 200 -
06:36:23 "POST /collect HTTP/1.1" 200 -
06:36:24 "POST /collect HTTP/1.1" 200 -
06:36:24 "POST /collect HTTP/1.1" 200 -
06:36:24 "POST /collect HTTP/1.1" 200 -
06:36:24 "GET /roster HTTP/1.1" 200 -
06:36:25 "POST /collect HTTP/1.1" 200 -
06:36:25 "POST /collect HTTP/1.1" 200 -
06:36:25 "POST /collect HTTP/1.1" 200 -
06:36:25 "GET /roster HTTP/1.1" 200 -
06:36:25 "POST /collect HTTP/1.1" 200 -
06:36:25 "POST /collect HTTP/1.1" 200 -
06:36:26 "POST /collect HTTP/1.1" 200 -
06:36:26 "POST /collect HTTP/1.1" 200 -
06:36:26 "POST /collect HTTP/1.1" 200 -
06:36:26 "POST /collect HTTP/1.1" 200 -
06:36:26 "POST /collect HTTP/1.1" 200 -
06:36:26 "POST /collect HTTP/1.1" 200 -
06:36:26 "GET /roster HTTP/1.1" 200 -
06:36:27 "POST /collect HTTP/1.1" 200 -
06:36:27 "POST /collect HTTP/1.1" 200 -
06:36:27 "POST /collect HTTP/1.1" 200 -
06:36:27 "GET /roster HTTP/1.1" 200 -
06:36:27 "POST /collect HTTP/1.1" 200 -
06:36:27 "POST /collect HTTP/1.1" 200 -
06:36:27 "POST /collect HTTP/1.1" 200 -
06:36:27 CF PUT /sessions/3fbb13a9d775d08b02d399deb3b675f882ac22fc74138dffe5719f7722dd706d/tracks/close -> 200 (213 ms)
06:36:27 "PUT /cf/sessions/3fbb13a9d775d08b02d399deb3b675f882ac22fc74138dffe5719f7722dd706d/tracks/close HTTP/1.1" 200 -
06:36:27 "POST /collect HTTP/1.1" 200 -
06:36:27 CF PUT /sessions/172904629e72c6b921182307db4bfc9f5350748d6095ff2af788a105dee3f46d/tracks/close -> 200 (254 ms)
06:36:27 "PUT /cf/sessions/172904629e72c6b921182307db4bfc9f5350748d6095ff2af788a105dee3f46d/tracks/close HTTP/1.1" 200 -
06:36:27 "POST /collect HTTP/1.1" 200 -
06:36:27 "POST /collect HTTP/1.1" 200 -
06:36:27 "POST /collect HTTP/1.1" 200 -
06:36:28 CF PUT /sessions/3fbb13a9d775d08b02d399deb3b675f882ac22fc74138dffe5719f7722dd706d/tracks/close -> 200 (232 ms)
06:36:28 "PUT /cf/sessions/3fbb13a9d775d08b02d399deb3b675f882ac22fc74138dffe5719f7722dd706d/tracks/close HTTP/1.1" 200 -
06:36:28 "POST /collect HTTP/1.1" 200 -
06:36:28 CF PUT /sessions/172904629e72c6b921182307db4bfc9f5350748d6095ff2af788a105dee3f46d/tracks/close -> 200 (242 ms)
06:36:28 "PUT /cf/sessions/172904629e72c6b921182307db4bfc9f5350748d6095ff2af788a105dee3f46d/tracks/close HTTP/1.1" 200 -
06:36:28 "POST /collect HTTP/1.1" 200 -
06:36:28 CF POST /sessions/3fbb13a9d775d08b02d399deb3b675f882ac22fc74138dffe5719f7722dd706d/tracks/new -> 200 (168 ms)
06:36:28 "POST /cf/sessions/3fbb13a9d775d08b02d399deb3b675f882ac22fc74138dffe5719f7722dd706d/tracks/new HTTP/1.1" 200 -
06:36:28 CF POST /sessions/172904629e72c6b921182307db4bfc9f5350748d6095ff2af788a105dee3f46d/tracks/new -> 200 (155 ms)
06:36:28 "POST /cf/sessions/172904629e72c6b921182307db4bfc9f5350748d6095ff2af788a105dee3f46d/tracks/new HTTP/1.1" 200 -
06:36:28 "POST /collect HTTP/1.1" 200 -
06:36:28 "POST /collect HTTP/1.1" 200 -
06:36:28 "POST /collect HTTP/1.1" 200 -
06:36:28 "POST /collect HTTP/1.1" 200 -
06:36:28 CF PUT /sessions/172904629e72c6b921182307db4bfc9f5350748d6095ff2af788a105dee3f46d/renegotiate -> 200 (163 ms)
06:36:28 "PUT /cf/sessions/172904629e72c6b921182307db4bfc9f5350748d6095ff2af788a105dee3f46d/renegotiate HTTP/1.1" 200 -
06:36:28 CF PUT /sessions/3fbb13a9d775d08b02d399deb3b675f882ac22fc74138dffe5719f7722dd706d/renegotiate -> 200 (192 ms)
06:36:28 "PUT /cf/sessions/3fbb13a9d775d08b02d399deb3b675f882ac22fc74138dffe5719f7722dd706d/renegotiate HTTP/1.1" 200 -
06:36:28 "POST /collect HTTP/1.1" 200 -
06:36:28 "POST /collect HTTP/1.1" 200 -
06:36:28 "POST /collect HTTP/1.1" 200 -
06:36:28 "POST /collect HTTP/1.1" 200 -
06:36:28 "POST /collect HTTP/1.1" 200 -
06:36:28 "POST /collect HTTP/1.1" 200 -
06:36:28 "POST /collect HTTP/1.1" 200 -
06:36:28 CF POST /sessions/3fbb13a9d775d08b02d399deb3b675f882ac22fc74138dffe5719f7722dd706d/tracks/new -> 200 (181 ms)
06:36:28 "POST /cf/sessions/3fbb13a9d775d08b02d399deb3b675f882ac22fc74138dffe5719f7722dd706d/tracks/new HTTP/1.1" 200 -
06:36:28 CF POST /sessions/172904629e72c6b921182307db4bfc9f5350748d6095ff2af788a105dee3f46d/tracks/new -> 200 (205 ms)
06:36:28 "POST /cf/sessions/172904629e72c6b921182307db4bfc9f5350748d6095ff2af788a105dee3f46d/tracks/new HTTP/1.1" 200 -
06:36:28 CF PUT /sessions/3fbb13a9d775d08b02d399deb3b675f882ac22fc74138dffe5719f7722dd706d/renegotiate -> 200 (192 ms)
06:36:28 "PUT /cf/sessions/3fbb13a9d775d08b02d399deb3b675f882ac22fc74138dffe5719f7722dd706d/renegotiate HTTP/1.1" 200 -
06:36:28 CF PUT /sessions/172904629e72c6b921182307db4bfc9f5350748d6095ff2af788a105dee3f46d/renegotiate -> 200 (173 ms)
06:36:28 "PUT /cf/sessions/172904629e72c6b921182307db4bfc9f5350748d6095ff2af788a105dee3f46d/renegotiate HTTP/1.1" 200 -
06:36:28 "GET /roster HTTP/1.1" 200 -
06:36:28 "POST /collect HTTP/1.1" 200 -
06:36:29 "POST /collect HTTP/1.1" 200 -
06:36:29 "POST /collect HTTP/1.1" 200 -
06:36:29 "POST /collect HTTP/1.1" 200 -
06:36:29 "POST /collect HTTP/1.1" 200 -
06:36:29 "POST /collect HTTP/1.1" 200 -
06:36:29 "POST /collect HTTP/1.1" 200 -
06:36:29 "POST /collect HTTP/1.1" 200 -
06:36:29 "POST /collect HTTP/1.1" 200 -
06:36:29 "POST /collect HTTP/1.1" 200 -
06:36:29 "GET /roster HTTP/1.1" 200 -
06:36:29 "POST /collect HTTP/1.1" 200 -
06:36:29 "POST /collect HTTP/1.1" 200 -
06:36:30 "POST /collect HTTP/1.1" 200 -
06:36:30 "POST /collect HTTP/1.1" 200 -
06:36:30 "POST /collect HTTP/1.1" 200 -
06:36:30 "GET /roster HTTP/1.1" 200 -
06:36:31 "POST /collect HTTP/1.1" 200 -
06:36:31 "POST /collect HTTP/1.1" 200 -
06:36:31 "POST /collect HTTP/1.1" 200 -
06:36:31 "POST /collect HTTP/1.1" 200 -
06:36:31 "GET /roster HTTP/1.1" 200 -
06:36:31 "POST /collect HTTP/1.1" 200 -
06:36:32 "POST /collect HTTP/1.1" 200 -
06:36:32 "POST /collect HTTP/1.1" 200 -
06:36:32 "POST /collect HTTP/1.1" 200 -
06:36:32 "POST /collect HTTP/1.1" 200 -
06:36:32 "POST /collect HTTP/1.1" 200 -
06:36:32 "POST /collect HTTP/1.1" 200 -
06:36:33 "GET /roster HTTP/1.1" 200 -
06:36:33 "POST /collect HTTP/1.1" 200 -
06:36:33 "POST /collect HTTP/1.1" 200 -
06:36:33 "POST /collect HTTP/1.1" 200 -
06:36:33 "GET /roster HTTP/1.1" 200 -
06:36:34 "POST /collect HTTP/1.1" 200 -
06:36:34 "POST /collect HTTP/1.1" 200 -
06:36:34 "POST /collect HTTP/1.1" 200 -
06:36:34 "POST /collect HTTP/1.1" 200 -
06:36:34 "POST /collect HTTP/1.1" 200 -
06:36:35 "GET /roster HTTP/1.1" 200 -
06:36:35 "POST /collect HTTP/1.1" 200 -
06:36:35 "POST /collect HTTP/1.1" 200 -
06:36:35 "POST /collect HTTP/1.1" 200 -
06:36:35 "POST /collect HTTP/1.1" 200 -
06:36:35 "GET /roster HTTP/1.1" 200 -
06:36:35 "POST /collect HTTP/1.1" 200 -
06:36:35 "POST /collect HTTP/1.1" 200 -
06:36:36 "POST /collect HTTP/1.1" 200 -
06:36:36 "POST /collect HTTP/1.1" 200 -
06:36:36 "POST /collect HTTP/1.1" 200 -
06:36:37 "GET /roster HTTP/1.1" 200 -
06:36:37 "POST /collect HTTP/1.1" 200 -
06:36:37 "POST /collect HTTP/1.1" 200 -
06:36:37 "POST /collect HTTP/1.1" 200 -
06:36:37 "GET /roster HTTP/1.1" 200 -
06:36:37 "POST /collect HTTP/1.1" 200 -
06:36:37 "POST /collect HTTP/1.1" 200 -
06:36:38 "POST /collect HTTP/1.1" 200 -
06:36:38 "POST /collect HTTP/1.1" 200 -
06:36:38 "POST /collect HTTP/1.1" 200 -
06:36:38 "POST /collect HTTP/1.1" 200 -
06:36:38 "POST /collect HTTP/1.1" 200 -
06:36:38 "POST /collect HTTP/1.1" 200 -
06:36:39 "GET /roster HTTP/1.1" 200 -
06:36:39 "POST /collect HTTP/1.1" 200 -
06:36:39 "POST /collect HTTP/1.1" 200 -
06:36:39 "POST /collect HTTP/1.1" 200 -
06:36:39 "POST /collect HTTP/1.1" 200 -
06:36:39 CF PUT /sessions/172904629e72c6b921182307db4bfc9f5350748d6095ff2af788a105dee3f46d/tracks/close -> 200 (254 ms)
06:36:39 "PUT /cf/sessions/172904629e72c6b921182307db4bfc9f5350748d6095ff2af788a105dee3f46d/tracks/close HTTP/1.1" 200 -
06:36:39 CF PUT /sessions/3fbb13a9d775d08b02d399deb3b675f882ac22fc74138dffe5719f7722dd706d/tracks/close -> 200 (251 ms)
06:36:39 "PUT /cf/sessions/3fbb13a9d775d08b02d399deb3b675f882ac22fc74138dffe5719f7722dd706d/tracks/close HTTP/1.1" 200 -
06:36:39 "POST /collect HTTP/1.1" 200 -
06:36:39 "POST /collect HTTP/1.1" 200 -
06:36:39 "POST /collect HTTP/1.1" 200 -
06:36:39 "POST /collect HTTP/1.1" 200 -
06:36:39 "POST /collect HTTP/1.1" 200 -
06:36:39 "GET /roster HTTP/1.1" 200 -
06:36:39 "POST /collect HTTP/1.1" 200 -
06:36:39 CF PUT /sessions/3fbb13a9d775d08b02d399deb3b675f882ac22fc74138dffe5719f7722dd706d/tracks/close -> 200 (235 ms)
06:36:39 "PUT /cf/sessions/3fbb13a9d775d08b02d399deb3b675f882ac22fc74138dffe5719f7722dd706d/tracks/close HTTP/1.1" 200 -
06:36:39 "POST /collect HTTP/1.1" 200 -
06:36:39 CF PUT /sessions/172904629e72c6b921182307db4bfc9f5350748d6095ff2af788a105dee3f46d/tracks/close -> 200 (304 ms)
06:36:39 "PUT /cf/sessions/172904629e72c6b921182307db4bfc9f5350748d6095ff2af788a105dee3f46d/tracks/close HTTP/1.1" 200 -
06:36:39 "POST /collect HTTP/1.1" 200 -
06:36:39 CF POST /sessions/3fbb13a9d775d08b02d399deb3b675f882ac22fc74138dffe5719f7722dd706d/tracks/new -> 200 (154 ms)
06:36:39 "POST /cf/sessions/3fbb13a9d775d08b02d399deb3b675f882ac22fc74138dffe5719f7722dd706d/tracks/new HTTP/1.1" 200 -
06:36:39 CF POST /sessions/172904629e72c6b921182307db4bfc9f5350748d6095ff2af788a105dee3f46d/tracks/new -> 200 (174 ms)
06:36:39 "POST /cf/sessions/172904629e72c6b921182307db4bfc9f5350748d6095ff2af788a105dee3f46d/tracks/new HTTP/1.1" 200 -
06:36:39 CF PUT /sessions/3fbb13a9d775d08b02d399deb3b675f882ac22fc74138dffe5719f7722dd706d/renegotiate -> 200 (164 ms)
06:36:39 "PUT /cf/sessions/3fbb13a9d775d08b02d399deb3b675f882ac22fc74138dffe5719f7722dd706d/renegotiate HTTP/1.1" 200 -
06:36:39 "POST /collect HTTP/1.1" 200 -
06:36:40 "POST /collect HTTP/1.1" 200 -
06:36:40 CF PUT /sessions/172904629e72c6b921182307db4bfc9f5350748d6095ff2af788a105dee3f46d/renegotiate -> 200 (148 ms)
06:36:40 "PUT /cf/sessions/172904629e72c6b921182307db4bfc9f5350748d6095ff2af788a105dee3f46d/renegotiate HTTP/1.1" 200 -
06:36:40 "POST /collect HTTP/1.1" 200 -
06:36:40 "POST /collect HTTP/1.1" 200 -
06:36:40 "POST /collect HTTP/1.1" 200 -
06:36:40 "POST /collect HTTP/1.1" 200 -
06:36:40 CF POST /sessions/3fbb13a9d775d08b02d399deb3b675f882ac22fc74138dffe5719f7722dd706d/tracks/new -> 200 (213 ms)
06:36:40 "POST /cf/sessions/3fbb13a9d775d08b02d399deb3b675f882ac22fc74138dffe5719f7722dd706d/tracks/new HTTP/1.1" 200 -
06:36:40 CF POST /sessions/172904629e72c6b921182307db4bfc9f5350748d6095ff2af788a105dee3f46d/tracks/new -> 200 (193 ms)
06:36:40 "POST /cf/sessions/172904629e72c6b921182307db4bfc9f5350748d6095ff2af788a105dee3f46d/tracks/new HTTP/1.1" 200 -
06:36:40 CF PUT /sessions/3fbb13a9d775d08b02d399deb3b675f882ac22fc74138dffe5719f7722dd706d/renegotiate -> 200 (155 ms)
06:36:40 "PUT /cf/sessions/3fbb13a9d775d08b02d399deb3b675f882ac22fc74138dffe5719f7722dd706d/renegotiate HTTP/1.1" 200 -
06:36:40 "POST /collect HTTP/1.1" 200 -
06:36:40 "POST /collect HTTP/1.1" 200 -
06:36:40 CF PUT /sessions/172904629e72c6b921182307db4bfc9f5350748d6095ff2af788a105dee3f46d/renegotiate -> 200 (162 ms)
06:36:40 "PUT /cf/sessions/172904629e72c6b921182307db4bfc9f5350748d6095ff2af788a105dee3f46d/renegotiate HTTP/1.1" 200 -
06:36:40 "POST /collect HTTP/1.1" 200 -
06:36:40 "POST /collect HTTP/1.1" 200 -
06:36:40 "POST /collect HTTP/1.1" 200 -
06:36:40 "POST /collect HTTP/1.1" 200 -
06:36:40 "POST /collect HTTP/1.1" 200 -
06:36:40 "POST /collect HTTP/1.1" 200 -
06:36:40 "POST /collect HTTP/1.1" 200 -
06:36:40 "POST /collect HTTP/1.1" 200 -
06:36:40 "POST /collect HTTP/1.1" 200 -
06:36:40 "POST /collect HTTP/1.1" 200 -
06:36:41 "GET /roster HTTP/1.1" 200 -
06:36:41 "POST /collect HTTP/1.1" 200 -
06:36:41 "POST /collect HTTP/1.1" 200 -
06:36:41 "POST /collect HTTP/1.1" 200 -
06:36:41 "GET /roster HTTP/1.1" 200 -
06:36:41 "POST /collect HTTP/1.1" 200 -
06:36:41 "POST /collect HTTP/1.1" 200 -
06:36:41 "POST /collect HTTP/1.1" 200 -
06:36:42 "POST /collect HTTP/1.1" 200 -
06:36:42 "POST /collect HTTP/1.1" 200 -
06:36:42 "POST /collect HTTP/1.1" 200 -
06:36:43 "GET /roster HTTP/1.1" 200 -
06:36:43 "POST /collect HTTP/1.1" 200 -
06:36:43 "POST /collect HTTP/1.1" 200 -
06:36:43 "POST /collect HTTP/1.1" 200 -
06:36:43 "POST /collect HTTP/1.1" 200 -
06:36:43 "GET /roster HTTP/1.1" 200 -
06:36:43 "POST /collect HTTP/1.1" 200 -
06:36:44 "POST /collect HTTP/1.1" 200 -
06:36:44 "POST /collect HTTP/1.1" 200 -
06:36:44 "POST /collect HTTP/1.1" 200 -
06:36:44 "POST /collect HTTP/1.1" 200 -
06:36:44 "POST /collect HTTP/1.1" 200 -
06:36:44 "POST /collect HTTP/1.1" 200 -
06:36:45 "GET /roster HTTP/1.1" 200 -
06:36:45 "POST /collect HTTP/1.1" 200 -
06:36:45 "POST /collect HTTP/1.1" 200 -
06:36:45 "POST /collect HTTP/1.1" 200 -
06:36:45 "GET /roster HTTP/1.1" 200 -
06:36:46 "POST /collect HTTP/1.1" 200 -
06:36:46 "POST /collect HTTP/1.1" 200 -
06:36:46 "POST /collect HTTP/1.1" 200 -
06:36:46 "POST /collect HTTP/1.1" 200 -
06:36:46 "POST /collect HTTP/1.1" 200 -
06:36:47 "GET /roster HTTP/1.1" 200 -
06:36:47 "POST /collect HTTP/1.1" 200 -
06:36:47 "POST /collect HTTP/1.1" 200 -
06:36:47 "POST /collect HTTP/1.1" 200 -
06:36:47 "POST /collect HTTP/1.1" 200 -
06:36:47 "GET /roster HTTP/1.1" 200 -
06:36:47 "POST /collect HTTP/1.1" 200 -
06:36:47 "POST /collect HTTP/1.1" 200 -
06:36:48 "POST /collect HTTP/1.1" 200 -
06:36:48 "POST /collect HTTP/1.1" 200 -
06:36:48 "POST /collect HTTP/1.1" 200 -
06:36:49 "GET /roster HTTP/1.1" 200 -
06:36:49 "POST /collect HTTP/1.1" 200 -
06:36:49 "POST /collect HTTP/1.1" 200 -
06:36:49 "POST /collect HTTP/1.1" 200 -
06:36:49 "GET /roster HTTP/1.1" 200 -
06:36:49 "POST /collect HTTP/1.1" 200 -
06:36:49 "POST /collect HTTP/1.1" 200 -
06:36:50 "POST /collect HTTP/1.1" 200 -
06:36:50 "POST /collect HTTP/1.1" 200 -
06:36:50 "POST /collect HTTP/1.1" 200 -
06:36:50 "POST /collect HTTP/1.1" 200 -
06:36:50 "POST /collect HTTP/1.1" 200 -
06:36:50 "POST /collect HTTP/1.1" 200 -
06:36:50 "POST /collect HTTP/1.1" 200 -
06:36:50 "POST /collect HTTP/1.1" 200 -
06:36:50 "POST /collect HTTP/1.1" 200 -
06:36:50 CF PUT /sessions/3fbb13a9d775d08b02d399deb3b675f882ac22fc74138dffe5719f7722dd706d/tracks/close -> 200 (302 ms)
06:36:50 "PUT /cf/sessions/3fbb13a9d775d08b02d399deb3b675f882ac22fc74138dffe5719f7722dd706d/tracks/close HTTP/1.1" 200 -
06:36:50 CF PUT /sessions/172904629e72c6b921182307db4bfc9f5350748d6095ff2af788a105dee3f46d/tracks/close -> 200 (309 ms)
06:36:50 "PUT /cf/sessions/172904629e72c6b921182307db4bfc9f5350748d6095ff2af788a105dee3f46d/tracks/close HTTP/1.1" 200 -
06:36:50 "POST /collect HTTP/1.1" 200 -
06:36:50 "POST /collect HTTP/1.1" 200 -
06:36:50 "POST /collect HTTP/1.1" 200 -
06:36:50 "POST /collect HTTP/1.1" 200 -
06:36:51 "GET /roster HTTP/1.1" 200 -
06:36:51 "POST /collect HTTP/1.1" 200 -
06:36:51 CF PUT /sessions/172904629e72c6b921182307db4bfc9f5350748d6095ff2af788a105dee3f46d/tracks/close -> 200 (228 ms)
06:36:51 "PUT /cf/sessions/172904629e72c6b921182307db4bfc9f5350748d6095ff2af788a105dee3f46d/tracks/close HTTP/1.1" 200 -
06:36:51 CF PUT /sessions/3fbb13a9d775d08b02d399deb3b675f882ac22fc74138dffe5719f7722dd706d/tracks/close -> 200 (243 ms)
06:36:51 "PUT /cf/sessions/3fbb13a9d775d08b02d399deb3b675f882ac22fc74138dffe5719f7722dd706d/tracks/close HTTP/1.1" 200 -
06:36:51 "POST /collect HTTP/1.1" 200 -
06:36:51 "POST /collect HTTP/1.1" 200 -
06:36:51 CF POST /sessions/172904629e72c6b921182307db4bfc9f5350748d6095ff2af788a105dee3f46d/tracks/new -> 200 (224 ms)
06:36:51 "POST /cf/sessions/172904629e72c6b921182307db4bfc9f5350748d6095ff2af788a105dee3f46d/tracks/new HTTP/1.1" 200 -
06:36:51 CF POST /sessions/3fbb13a9d775d08b02d399deb3b675f882ac22fc74138dffe5719f7722dd706d/tracks/new -> 200 (226 ms)
06:36:51 "POST /cf/sessions/3fbb13a9d775d08b02d399deb3b675f882ac22fc74138dffe5719f7722dd706d/tracks/new HTTP/1.1" 200 -
06:36:51 "POST /collect HTTP/1.1" 200 -
06:36:51 "POST /collect HTTP/1.1" 200 -
06:36:51 "GET /roster HTTP/1.1" 200 -
06:36:51 CF PUT /sessions/172904629e72c6b921182307db4bfc9f5350748d6095ff2af788a105dee3f46d/renegotiate -> 200 (185 ms)
06:36:51 "PUT /cf/sessions/172904629e72c6b921182307db4bfc9f5350748d6095ff2af788a105dee3f46d/renegotiate HTTP/1.1" 200 -
06:36:51 CF PUT /sessions/3fbb13a9d775d08b02d399deb3b675f882ac22fc74138dffe5719f7722dd706d/renegotiate -> 200 (180 ms)
06:36:51 "PUT /cf/sessions/3fbb13a9d775d08b02d399deb3b675f882ac22fc74138dffe5719f7722dd706d/renegotiate HTTP/1.1" 200 -
06:36:51 "POST /collect HTTP/1.1" 200 -
06:36:51 "POST /collect HTTP/1.1" 200 -
06:36:51 "POST /collect HTTP/1.1" 200 -
06:36:51 "POST /collect HTTP/1.1" 200 -
06:36:51 "POST /collect HTTP/1.1" 200 -
06:36:51 "POST /collect HTTP/1.1" 200 -
06:36:51 CF POST /sessions/172904629e72c6b921182307db4bfc9f5350748d6095ff2af788a105dee3f46d/tracks/new -> 200 (182 ms)
06:36:51 "POST /cf/sessions/172904629e72c6b921182307db4bfc9f5350748d6095ff2af788a105dee3f46d/tracks/new HTTP/1.1" 200 -
06:36:51 CF POST /sessions/3fbb13a9d775d08b02d399deb3b675f882ac22fc74138dffe5719f7722dd706d/tracks/new -> 200 (257 ms)
06:36:51 "POST /cf/sessions/3fbb13a9d775d08b02d399deb3b675f882ac22fc74138dffe5719f7722dd706d/tracks/new HTTP/1.1" 200 -
06:36:52 CF PUT /sessions/172904629e72c6b921182307db4bfc9f5350748d6095ff2af788a105dee3f46d/renegotiate -> 200 (202 ms)
06:36:52 "PUT /cf/sessions/172904629e72c6b921182307db4bfc9f5350748d6095ff2af788a105dee3f46d/renegotiate HTTP/1.1" 200 -
06:36:52 "POST /collect HTTP/1.1" 200 -
06:36:52 "POST /collect HTTP/1.1" 200 -
06:36:52 CF PUT /sessions/3fbb13a9d775d08b02d399deb3b675f882ac22fc74138dffe5719f7722dd706d/renegotiate -> 200 (154 ms)
06:36:52 "PUT /cf/sessions/3fbb13a9d775d08b02d399deb3b675f882ac22fc74138dffe5719f7722dd706d/renegotiate HTTP/1.1" 200 -
06:36:52 "POST /collect HTTP/1.1" 200 -
06:36:52 "POST /collect HTTP/1.1" 200 -
06:36:52 "POST /collect HTTP/1.1" 200 -
06:36:52 "POST /collect HTTP/1.1" 200 -
06:36:52 "POST /collect HTTP/1.1" 200 -
06:36:52 "POST /collect HTTP/1.1" 200 -
06:36:52 "POST /collect HTTP/1.1" 200 -
06:36:52 "POST /collect HTTP/1.1" 200 -
06:36:52 "POST /collect HTTP/1.1" 200 -
06:36:53 "GET /roster HTTP/1.1" 200 -
06:36:53 "POST /collect HTTP/1.1" 200 -
06:36:53 "POST /collect HTTP/1.1" 200 -
06:36:53 "POST /collect HTTP/1.1" 200 -
06:36:53 "POST /collect HTTP/1.1" 200 -
06:36:53 "GET /roster HTTP/1.1" 200 -
06:36:53 "POST /collect HTTP/1.1" 200 -
06:36:53 "POST /collect HTTP/1.1" 200 -
06:36:54 "POST /collect HTTP/1.1" 200 -
06:36:54 "POST /collect HTTP/1.1" 200 -
06:36:54 "POST /collect HTTP/1.1" 200 -
06:36:55 "GET /roster HTTP/1.1" 200 -
06:36:55 "POST /collect HTTP/1.1" 200 -
06:36:55 "POST /collect HTTP/1.1" 200 -
06:36:55 "POST /collect HTTP/1.1" 200 -
06:36:55 "POST /collect HTTP/1.1" 200 -
06:36:55 "GET /roster HTTP/1.1" 200 -
06:36:55 "POST /collect HTTP/1.1" 200 -
06:36:56 "POST /collect HTTP/1.1" 200 -
06:36:56 "POST /collect HTTP/1.1" 200 -
06:36:56 "POST /collect HTTP/1.1" 200 -
06:36:56 "POST /collect HTTP/1.1" 200 -
06:36:56 "POST /collect HTTP/1.1" 200 -
06:36:56 "POST /collect HTTP/1.1" 200 -
06:36:57 "GET /roster HTTP/1.1" 200 -
06:36:57 "POST /collect HTTP/1.1" 200 -
06:36:57 "POST /collect HTTP/1.1" 200 -
06:36:57 "GET /roster HTTP/1.1" 200 -
06:36:57 "POST /collect HTTP/1.1" 200 -
06:36:58 "POST /collect HTTP/1.1" 200 -
06:36:58 "POST /collect HTTP/1.1" 200 -
06:36:58 "POST /collect HTTP/1.1" 200 -
06:36:58 "POST /collect HTTP/1.1" 200 -
06:36:58 "POST /collect HTTP/1.1" 200 -
06:36:59 "GET /roster HTTP/1.1" 200 -
06:36:59 "POST /collect HTTP/1.1" 200 -
06:36:59 "POST /collect HTTP/1.1" 200 -
06:36:59 "POST /collect HTTP/1.1" 200 -
06:36:59 "POST /collect HTTP/1.1" 200 -
06:36:59 "GET /roster HTTP/1.1" 200 -
06:36:59 "POST /collect HTTP/1.1" 200 -
06:36:59 "POST /collect HTTP/1.1" 200 -
06:37:00 "POST /collect HTTP/1.1" 200 -
06:37:00 "POST /collect HTTP/1.1" 200 -
06:37:00 "POST /collect HTTP/1.1" 200 -
06:37:01 "GET /roster HTTP/1.1" 200 -
06:37:01 "POST /collect HTTP/1.1" 200 -
06:37:01 "POST /collect HTTP/1.1" 200 -
06:37:01 "POST /collect HTTP/1.1" 200 -
06:37:01 "POST /collect HTTP/1.1" 200 -
06:37:01 "GET /roster HTTP/1.1" 200 -
06:37:01 "POST /collect HTTP/1.1" 200 -
06:37:02 "POST /collect HTTP/1.1" 200 -
06:37:02 "POST /collect HTTP/1.1" 200 -
06:37:02 "POST /collect HTTP/1.1" 200 -
06:37:02 "POST /collect HTTP/1.1" 200 -
06:37:02 "POST /collect HTTP/1.1" 200 -
06:37:02 CF PUT /sessions/172904629e72c6b921182307db4bfc9f5350748d6095ff2af788a105dee3f46d/tracks/close -> 200 (201 ms)
06:37:02 "PUT /cf/sessions/172904629e72c6b921182307db4bfc9f5350748d6095ff2af788a105dee3f46d/tracks/close HTTP/1.1" 200 -
06:37:02 CF PUT /sessions/3fbb13a9d775d08b02d399deb3b675f882ac22fc74138dffe5719f7722dd706d/tracks/close -> 200 (224 ms)
06:37:02 "PUT /cf/sessions/3fbb13a9d775d08b02d399deb3b675f882ac22fc74138dffe5719f7722dd706d/tracks/close HTTP/1.1" 200 -
06:37:02 "POST /collect HTTP/1.1" 200 -
06:37:02 "POST /collect HTTP/1.1" 200 -
06:37:02 "POST /collect HTTP/1.1" 200 -
06:37:02 "POST /collect HTTP/1.1" 200 -
06:37:02 "POST /collect HTTP/1.1" 200 -
06:37:02 "POST /collect HTTP/1.1" 200 -
06:37:02 CF PUT /sessions/3fbb13a9d775d08b02d399deb3b675f882ac22fc74138dffe5719f7722dd706d/tracks/close -> 200 (208 ms)
06:37:02 "PUT /cf/sessions/3fbb13a9d775d08b02d399deb3b675f882ac22fc74138dffe5719f7722dd706d/tracks/close HTTP/1.1" 200 -
06:37:02 CF PUT /sessions/172904629e72c6b921182307db4bfc9f5350748d6095ff2af788a105dee3f46d/tracks/close -> 200 (226 ms)
06:37:02 "PUT /cf/sessions/172904629e72c6b921182307db4bfc9f5350748d6095ff2af788a105dee3f46d/tracks/close HTTP/1.1" 200 -
06:37:02 "POST /collect HTTP/1.1" 200 -
06:37:02 "POST /collect HTTP/1.1" 200 -
06:37:02 "POST /collect HTTP/1.1" 200 -
06:37:02 "POST /collect HTTP/1.1" 200 -
06:37:02 CF POST /sessions/172904629e72c6b921182307db4bfc9f5350748d6095ff2af788a105dee3f46d/tracks/new -> 200 (262 ms)
06:37:02 "POST /cf/sessions/172904629e72c6b921182307db4bfc9f5350748d6095ff2af788a105dee3f46d/tracks/new HTTP/1.1" 200 -
06:37:02 CF POST /sessions/3fbb13a9d775d08b02d399deb3b675f882ac22fc74138dffe5719f7722dd706d/tracks/new -> 200 (263 ms)
06:37:02 "POST /cf/sessions/3fbb13a9d775d08b02d399deb3b675f882ac22fc74138dffe5719f7722dd706d/tracks/new HTTP/1.1" 200 -
06:37:03 "GET /roster HTTP/1.1" 200 -
06:37:03 "POST /collect HTTP/1.1" 200 -
06:37:03 CF PUT /sessions/3fbb13a9d775d08b02d399deb3b675f882ac22fc74138dffe5719f7722dd706d/renegotiate -> 200 (193 ms)
06:37:03 "PUT /cf/sessions/3fbb13a9d775d08b02d399deb3b675f882ac22fc74138dffe5719f7722dd706d/renegotiate HTTP/1.1" 200 -
06:37:03 CF PUT /sessions/172904629e72c6b921182307db4bfc9f5350748d6095ff2af788a105dee3f46d/renegotiate -> 200 (196 ms)
06:37:03 "PUT /cf/sessions/172904629e72c6b921182307db4bfc9f5350748d6095ff2af788a105dee3f46d/renegotiate HTTP/1.1" 200 -
06:37:03 "POST /collect HTTP/1.1" 200 -
06:37:03 "POST /collect HTTP/1.1" 200 -
06:37:03 "POST /collect HTTP/1.1" 200 -
06:37:03 "POST /collect HTTP/1.1" 200 -
06:37:03 "POST /collect HTTP/1.1" 200 -
06:37:03 "POST /collect HTTP/1.1" 200 -
06:37:03 CF POST /sessions/172904629e72c6b921182307db4bfc9f5350748d6095ff2af788a105dee3f46d/tracks/new -> 200 (235 ms)
06:37:03 "POST /cf/sessions/172904629e72c6b921182307db4bfc9f5350748d6095ff2af788a105dee3f46d/tracks/new HTTP/1.1" 200 -
06:37:03 CF POST /sessions/3fbb13a9d775d08b02d399deb3b675f882ac22fc74138dffe5719f7722dd706d/tracks/new -> 200 (244 ms)
06:37:03 "POST /cf/sessions/3fbb13a9d775d08b02d399deb3b675f882ac22fc74138dffe5719f7722dd706d/tracks/new HTTP/1.1" 200 -
06:37:03 "POST /collect HTTP/1.1" 200 -
06:37:03 "GET /roster HTTP/1.1" 200 -
06:37:03 "POST /collect HTTP/1.1" 200 -
06:37:03 CF PUT /sessions/3fbb13a9d775d08b02d399deb3b675f882ac22fc74138dffe5719f7722dd706d/renegotiate -> 200 (205 ms)
06:37:03 CF PUT /sessions/172904629e72c6b921182307db4bfc9f5350748d6095ff2af788a105dee3f46d/renegotiate -> 200 (211 ms)
06:37:03 "PUT /cf/sessions/172904629e72c6b921182307db4bfc9f5350748d6095ff2af788a105dee3f46d/renegotiate HTTP/1.1" 200 -
06:37:03 "PUT /cf/sessions/3fbb13a9d775d08b02d399deb3b675f882ac22fc74138dffe5719f7722dd706d/renegotiate HTTP/1.1" 200 -
06:37:03 "POST /collect HTTP/1.1" 200 -
06:37:03 "POST /collect HTTP/1.1" 200 -
06:37:03 "POST /collect HTTP/1.1" 200 -
06:37:03 "POST /collect HTTP/1.1" 200 -
06:37:03 "POST /collect HTTP/1.1" 200 -
06:37:03 "POST /collect HTTP/1.1" 200 -
06:37:04 "POST /collect HTTP/1.1" 200 -
06:37:04 "POST /collect HTTP/1.1" 200 -
06:37:04 "POST /collect HTTP/1.1" 200 -
06:37:04 "POST /collect HTTP/1.1" 200 -
06:37:04 "POST /collect HTTP/1.1" 200 -
06:37:05 "GET /roster HTTP/1.1" 200 -
06:37:05 "POST /collect HTTP/1.1" 200 -
06:37:05 "POST /collect HTTP/1.1" 200 -
06:37:05 "POST /collect HTTP/1.1" 200 -
06:37:05 "POST /collect HTTP/1.1" 200 -
06:37:05 "GET /roster HTTP/1.1" 200 -
06:37:05 "POST /collect HTTP/1.1" 200 -
06:37:05 "POST /collect HTTP/1.1" 200 -
06:37:06 "POST /collect HTTP/1.1" 200 -
06:37:06 "POST /collect HTTP/1.1" 200 -
06:37:06 "POST /collect HTTP/1.1" 200 -
06:37:07 "GET /roster HTTP/1.1" 200 -
06:37:07 "POST /collect HTTP/1.1" 200 -
06:37:07 "POST /collect HTTP/1.1" 200 -
06:37:07 "POST /collect HTTP/1.1" 200 -
06:37:07 "POST /collect HTTP/1.1" 200 -
06:37:07 "GET /roster HTTP/1.1" 200 -
06:37:07 "POST /collect HTTP/1.1" 200 -
06:37:08 "POST /collect HTTP/1.1" 200 -
06:37:08 "POST /collect HTTP/1.1" 200 -
06:37:08 "POST /collect HTTP/1.1" 200 -
06:37:08 "POST /collect HTTP/1.1" 200 -
06:37:08 "POST /collect HTTP/1.1" 200 -
06:37:08 "POST /collect HTTP/1.1" 200 -
06:37:09 "GET /roster HTTP/1.1" 200 -
06:37:09 "POST /collect HTTP/1.1" 200 -
06:37:09 "POST /collect HTTP/1.1" 200 -
06:37:09 "POST /collect HTTP/1.1" 200 -
06:37:09 "GET /roster HTTP/1.1" 200 -
06:37:10 "POST /collect HTTP/1.1" 200 -
06:37:10 "POST /collect HTTP/1.1" 200 -
06:37:10 "POST /collect HTTP/1.1" 200 -
06:37:10 "POST /collect HTTP/1.1" 200 -
06:37:10 "POST /collect HTTP/1.1" 200 -
06:37:11 "GET /roster HTTP/1.1" 200 -
06:37:11 "POST /collect HTTP/1.1" 200 -
06:37:11 "POST /collect HTTP/1.1" 200 -
06:37:11 "POST /collect HTTP/1.1" 200 -
06:37:11 "POST /collect HTTP/1.1" 200 -
06:37:11 "GET /roster HTTP/1.1" 200 -
06:37:11 "POST /collect HTTP/1.1" 200 -
06:37:11 "POST /collect HTTP/1.1" 200 -
06:37:12 "POST /collect HTTP/1.1" 200 -
06:37:12 "POST /collect HTTP/1.1" 200 -
06:37:12 "POST /collect HTTP/1.1" 200 -
06:37:13 "GET /roster HTTP/1.1" 200 -
06:37:13 "POST /collect HTTP/1.1" 200 -
06:37:13 "POST /collect HTTP/1.1" 200 -
06:37:13 "POST /collect HTTP/1.1" 200 -
06:37:13 "POST /collect HTTP/1.1" 200 -
06:37:13 "GET /roster HTTP/1.1" 200 -
06:37:13 "POST /collect HTTP/1.1" 200 -
06:37:13 "POST /collect HTTP/1.1" 200 -
06:37:13 "POST /collect HTTP/1.1" 200 -
06:37:13 "POST /collect HTTP/1.1" 200 -
06:37:13 CF PUT /sessions/3fbb13a9d775d08b02d399deb3b675f882ac22fc74138dffe5719f7722dd706d/tracks/close -> 200 (224 ms)
06:37:13 "PUT /cf/sessions/3fbb13a9d775d08b02d399deb3b675f882ac22fc74138dffe5719f7722dd706d/tracks/close HTTP/1.1" 200 -
06:37:13 "POST /collect HTTP/1.1" 200 -
06:37:13 CF PUT /sessions/172904629e72c6b921182307db4bfc9f5350748d6095ff2af788a105dee3f46d/tracks/close -> 200 (251 ms)
06:37:13 "PUT /cf/sessions/172904629e72c6b921182307db4bfc9f5350748d6095ff2af788a105dee3f46d/tracks/close HTTP/1.1" 200 -
06:37:13 "POST /collect HTTP/1.1" 200 -
06:37:13 "POST /collect HTTP/1.1" 200 -
06:37:13 "POST /collect HTTP/1.1" 200 -
06:37:14 "POST /collect HTTP/1.1" 200 -
06:37:14 CF PUT /sessions/172904629e72c6b921182307db4bfc9f5350748d6095ff2af788a105dee3f46d/tracks/close -> 200 (217 ms)
06:37:14 "PUT /cf/sessions/172904629e72c6b921182307db4bfc9f5350748d6095ff2af788a105dee3f46d/tracks/close HTTP/1.1" 200 -
06:37:14 "POST /collect HTTP/1.1" 200 -
06:37:14 CF PUT /sessions/3fbb13a9d775d08b02d399deb3b675f882ac22fc74138dffe5719f7722dd706d/tracks/close -> 200 (269 ms)
06:37:14 "PUT /cf/sessions/3fbb13a9d775d08b02d399deb3b675f882ac22fc74138dffe5719f7722dd706d/tracks/close HTTP/1.1" 200 -
06:37:14 "POST /collect HTTP/1.1" 200 -
06:37:14 "POST /collect HTTP/1.1" 200 -
06:37:14 CF POST /sessions/3fbb13a9d775d08b02d399deb3b675f882ac22fc74138dffe5719f7722dd706d/tracks/new -> 200 (194 ms)
06:37:14 "POST /cf/sessions/3fbb13a9d775d08b02d399deb3b675f882ac22fc74138dffe5719f7722dd706d/tracks/new HTTP/1.1" 200 -
06:37:14 CF POST /sessions/172904629e72c6b921182307db4bfc9f5350748d6095ff2af788a105dee3f46d/tracks/new -> 200 (218 ms)
06:37:14 "POST /cf/sessions/172904629e72c6b921182307db4bfc9f5350748d6095ff2af788a105dee3f46d/tracks/new HTTP/1.1" 200 -
06:37:14 "POST /collect HTTP/1.1" 200 -
06:37:14 "POST /collect HTTP/1.1" 200 -
06:37:14 CF PUT /sessions/172904629e72c6b921182307db4bfc9f5350748d6095ff2af788a105dee3f46d/renegotiate -> 200 (198 ms)
06:37:14 "PUT /cf/sessions/172904629e72c6b921182307db4bfc9f5350748d6095ff2af788a105dee3f46d/renegotiate HTTP/1.1" 200 -
06:37:14 CF PUT /sessions/3fbb13a9d775d08b02d399deb3b675f882ac22fc74138dffe5719f7722dd706d/renegotiate -> 200 (202 ms)
06:37:14 "PUT /cf/sessions/3fbb13a9d775d08b02d399deb3b675f882ac22fc74138dffe5719f7722dd706d/renegotiate HTTP/1.1" 200 -
06:37:14 "POST /collect HTTP/1.1" 200 -
06:37:14 "POST /collect HTTP/1.1" 200 -
06:37:14 "POST /collect HTTP/1.1" 200 -
06:37:14 "POST /collect HTTP/1.1" 200 -
06:37:14 "POST /collect HTTP/1.1" 200 -
06:37:14 "POST /collect HTTP/1.1" 200 -
06:37:14 CF POST /sessions/172904629e72c6b921182307db4bfc9f5350748d6095ff2af788a105dee3f46d/tracks/new -> 200 (233 ms)
06:37:14 CF POST /sessions/3fbb13a9d775d08b02d399deb3b675f882ac22fc74138dffe5719f7722dd706d/tracks/new -> 200 (232 ms)
06:37:14 "POST /cf/sessions/172904629e72c6b921182307db4bfc9f5350748d6095ff2af788a105dee3f46d/tracks/new HTTP/1.1" 200 -
06:37:14 "POST /cf/sessions/3fbb13a9d775d08b02d399deb3b675f882ac22fc74138dffe5719f7722dd706d/tracks/new HTTP/1.1" 200 -
06:37:14 "POST /collect HTTP/1.1" 200 -
06:37:14 "POST /collect HTTP/1.1" 200 -
06:37:15 "GET /roster HTTP/1.1" 200 -
06:37:15 CF PUT /sessions/172904629e72c6b921182307db4bfc9f5350748d6095ff2af788a105dee3f46d/renegotiate -> 200 (181 ms)
06:37:15 "PUT /cf/sessions/172904629e72c6b921182307db4bfc9f5350748d6095ff2af788a105dee3f46d/renegotiate HTTP/1.1" 200 -
06:37:15 "POST /collect HTTP/1.1" 200 -
06:37:15 CF PUT /sessions/3fbb13a9d775d08b02d399deb3b675f882ac22fc74138dffe5719f7722dd706d/renegotiate -> 200 (199 ms)
06:37:15 "PUT /cf/sessions/3fbb13a9d775d08b02d399deb3b675f882ac22fc74138dffe5719f7722dd706d/renegotiate HTTP/1.1" 200 -
06:37:15 "POST /collect HTTP/1.1" 200 -
06:37:15 "POST /collect HTTP/1.1" 200 -
06:37:15 "POST /collect HTTP/1.1" 200 -
06:37:15 "POST /collect HTTP/1.1" 200 -
06:37:15 "POST /collect HTTP/1.1" 200 -
06:37:15 "POST /collect HTTP/1.1" 200 -
06:37:15 "POST /collect HTTP/1.1" 200 -
06:37:15 "POST /collect HTTP/1.1" 200 -
06:37:15 "GET /roster HTTP/1.1" 200 -
06:37:16 "POST /collect HTTP/1.1" 200 -
06:37:16 "POST /collect HTTP/1.1" 200 -
06:37:16 "POST /collect HTTP/1.1" 200 -
06:37:16 "POST /collect HTTP/1.1" 200 -
06:37:16 "POST /collect HTTP/1.1" 200 -
06:37:17 "GET /roster HTTP/1.1" 200 -
06:37:17 "POST /collect HTTP/1.1" 200 -
06:37:17 "POST /collect HTTP/1.1" 200 -
06:37:17 "POST /collect HTTP/1.1" 200 -
06:37:17 "POST /collect HTTP/1.1" 200 -
06:37:17 "GET /roster HTTP/1.1" 200 -
06:37:17 "POST /collect HTTP/1.1" 200 -
06:37:17 "POST /collect HTTP/1.1" 200 -
06:37:18 "POST /collect HTTP/1.1" 200 -
06:37:18 "POST /collect HTTP/1.1" 200 -
06:37:18 "POST /collect HTTP/1.1" 200 -
06:37:19 "GET /roster HTTP/1.1" 200 -
06:37:19 "POST /collect HTTP/1.1" 200 -
06:37:19 "POST /collect HTTP/1.1" 200 -
06:37:19 "POST /collect HTTP/1.1" 200 -
06:37:19 "POST /collect HTTP/1.1" 200 -
06:37:19 "GET /roster HTTP/1.1" 200 -
06:37:19 "POST /collect HTTP/1.1" 200 -
06:37:20 "POST /collect HTTP/1.1" 200 -
06:37:20 "POST /collect HTTP/1.1" 200 -
06:37:20 "POST /collect HTTP/1.1" 200 -
06:37:20 "POST /collect HTTP/1.1" 200 -
06:37:20 "POST /collect HTTP/1.1" 200 -
06:37:20 "POST /collect HTTP/1.1" 200 -
06:37:21 "GET /roster HTTP/1.1" 200 -
06:37:21 "POST /collect HTTP/1.1" 200 -
06:37:21 "POST /collect HTTP/1.1" 200 -
06:37:21 "POST /collect HTTP/1.1" 200 -
06:37:21 "GET /roster HTTP/1.1" 200 -
06:37:22 "POST /collect HTTP/1.1" 200 -
06:37:22 "POST /collect HTTP/1.1" 200 -
06:37:22 "POST /collect HTTP/1.1" 200 -
06:37:22 "POST /collect HTTP/1.1" 200 -
06:37:22 "POST /collect HTTP/1.1" 200 -
06:37:23 "GET /roster HTTP/1.1" 200 -
06:37:23 "POST /collect HTTP/1.1" 200 -
06:37:23 "POST /collect HTTP/1.1" 200 -
06:37:23 "POST /collect HTTP/1.1" 200 -
06:37:23 "POST /collect HTTP/1.1" 200 -
06:37:23 "GET /roster HTTP/1.1" 200 -
06:37:23 "POST /collect HTTP/1.1" 200 -
06:37:23 "POST /collect HTTP/1.1" 200 -
06:37:24 "POST /collect HTTP/1.1" 200 -
06:37:24 "POST /collect HTTP/1.1" 200 -
06:37:24 "POST /collect HTTP/1.1" 200 -
06:37:25 "GET /roster HTTP/1.1" 200 -
06:37:25 "POST /collect HTTP/1.1" 200 -
06:37:25 "POST /collect HTTP/1.1" 200 -
06:37:25 "POST /collect HTTP/1.1" 200 -
06:37:25 CF PUT /sessions/172904629e72c6b921182307db4bfc9f5350748d6095ff2af788a105dee3f46d/tracks/close -> 200 (235 ms)
06:37:25 CF PUT /sessions/3fbb13a9d775d08b02d399deb3b675f882ac22fc74138dffe5719f7722dd706d/tracks/close -> 200 (234 ms)
06:37:25 "PUT /cf/sessions/172904629e72c6b921182307db4bfc9f5350748d6095ff2af788a105dee3f46d/tracks/close HTTP/1.1" 200 -
06:37:25 "PUT /cf/sessions/3fbb13a9d775d08b02d399deb3b675f882ac22fc74138dffe5719f7722dd706d/tracks/close HTTP/1.1" 200 -
06:37:25 "POST /collect HTTP/1.1" 200 -
06:37:25 "POST /collect HTTP/1.1" 200 -
06:37:25 "POST /collect HTTP/1.1" 200 -
06:37:25 "POST /collect HTTP/1.1" 200 -
06:37:25 "POST /collect HTTP/1.1" 200 -
06:37:25 "POST /collect HTTP/1.1" 200 -
06:37:25 "POST /collect HTTP/1.1" 200 -
06:37:25 "POST /collect HTTP/1.1" 200 -
06:37:25 "GET /roster HTTP/1.1" 200 -
06:37:25 CF PUT /sessions/172904629e72c6b921182307db4bfc9f5350748d6095ff2af788a105dee3f46d/tracks/close -> 200 (214 ms)
06:37:25 "PUT /cf/sessions/172904629e72c6b921182307db4bfc9f5350748d6095ff2af788a105dee3f46d/tracks/close HTTP/1.1" 200 -
06:37:25 "POST /collect HTTP/1.1" 200 -
06:37:25 CF PUT /sessions/3fbb13a9d775d08b02d399deb3b675f882ac22fc74138dffe5719f7722dd706d/tracks/close -> 200 (237 ms)
06:37:25 "PUT /cf/sessions/3fbb13a9d775d08b02d399deb3b675f882ac22fc74138dffe5719f7722dd706d/tracks/close HTTP/1.1" 200 -
06:37:25 "POST /collect HTTP/1.1" 200 -
06:37:25 "POST /collect HTTP/1.1" 200 -
06:37:25 CF POST /sessions/172904629e72c6b921182307db4bfc9f5350748d6095ff2af788a105dee3f46d/tracks/new -> 200 (245 ms)
06:37:25 "POST /cf/sessions/172904629e72c6b921182307db4bfc9f5350748d6095ff2af788a105dee3f46d/tracks/new HTTP/1.1" 200 -
06:37:25 CF POST /sessions/3fbb13a9d775d08b02d399deb3b675f882ac22fc74138dffe5719f7722dd706d/tracks/new -> 200 (231 ms)
06:37:25 "POST /cf/sessions/3fbb13a9d775d08b02d399deb3b675f882ac22fc74138dffe5719f7722dd706d/tracks/new HTTP/1.1" 200 -
06:37:26 CF PUT /sessions/172904629e72c6b921182307db4bfc9f5350748d6095ff2af788a105dee3f46d/renegotiate -> 200 (179 ms)
06:37:26 "PUT /cf/sessions/172904629e72c6b921182307db4bfc9f5350748d6095ff2af788a105dee3f46d/renegotiate HTTP/1.1" 200 -
06:37:26 CF PUT /sessions/3fbb13a9d775d08b02d399deb3b675f882ac22fc74138dffe5719f7722dd706d/renegotiate -> 200 (178 ms)
06:37:26 "PUT /cf/sessions/3fbb13a9d775d08b02d399deb3b675f882ac22fc74138dffe5719f7722dd706d/renegotiate HTTP/1.1" 200 -
06:37:26 "POST /collect HTTP/1.1" 200 -
06:37:26 "POST /collect HTTP/1.1" 200 -
06:37:26 "POST /collect HTTP/1.1" 200 -
06:37:26 "POST /collect HTTP/1.1" 200 -
06:37:26 "POST /collect HTTP/1.1" 200 -
06:37:26 "POST /collect HTTP/1.1" 200 -
06:37:26 "POST /collect HTTP/1.1" 200 -
06:37:26 "POST /collect HTTP/1.1" 200 -
06:37:26 CF POST /sessions/3fbb13a9d775d08b02d399deb3b675f882ac22fc74138dffe5719f7722dd706d/tracks/new -> 200 (249 ms)
06:37:26 "POST /cf/sessions/3fbb13a9d775d08b02d399deb3b675f882ac22fc74138dffe5719f7722dd706d/tracks/new HTTP/1.1" 200 -
06:37:26 CF POST /sessions/172904629e72c6b921182307db4bfc9f5350748d6095ff2af788a105dee3f46d/tracks/new -> 200 (253 ms)
06:37:26 "POST /cf/sessions/172904629e72c6b921182307db4bfc9f5350748d6095ff2af788a105dee3f46d/tracks/new HTTP/1.1" 200 -
06:37:26 "POST /collect HTTP/1.1" 200 -
06:37:26 "POST /collect HTTP/1.1" 200 -
06:37:26 CF PUT /sessions/3fbb13a9d775d08b02d399deb3b675f882ac22fc74138dffe5719f7722dd706d/renegotiate -> 200 (167 ms)
06:37:26 "PUT /cf/sessions/3fbb13a9d775d08b02d399deb3b675f882ac22fc74138dffe5719f7722dd706d/renegotiate HTTP/1.1" 200 -
06:37:26 CF PUT /sessions/172904629e72c6b921182307db4bfc9f5350748d6095ff2af788a105dee3f46d/renegotiate -> 200 (173 ms)
06:37:26 "PUT /cf/sessions/172904629e72c6b921182307db4bfc9f5350748d6095ff2af788a105dee3f46d/renegotiate HTTP/1.1" 200 -
06:37:26 "POST /collect HTTP/1.1" 200 -
06:37:26 "POST /collect HTTP/1.1" 200 -
06:37:26 "POST /collect HTTP/1.1" 200 -
06:37:26 "POST /collect HTTP/1.1" 200 -
06:37:26 "POST /collect HTTP/1.1" 200 -
06:37:26 "POST /collect HTTP/1.1" 200 -
06:37:26 "POST /collect HTTP/1.1" 200 -
06:37:26 "POST /collect HTTP/1.1" 200 -
06:37:27 "GET /roster HTTP/1.1" 200 -
06:37:27 "POST /collect HTTP/1.1" 200 -
06:37:27 "POST /collect HTTP/1.1" 200 -
06:37:27 "POST /collect HTTP/1.1" 200 -
06:37:27 "GET /roster HTTP/1.1" 200 -
06:37:28 "POST /collect HTTP/1.1" 200 -
06:37:28 "POST /collect HTTP/1.1" 200 -
06:37:28 "POST /collect HTTP/1.1" 200 -
06:37:28 "POST /collect HTTP/1.1" 200 -
06:37:28 "POST /collect HTTP/1.1" 200 -
06:37:29 "GET /roster HTTP/1.1" 200 -
06:37:29 "POST /collect HTTP/1.1" 200 -
06:37:29 "POST /collect HTTP/1.1" 200 -
06:37:29 "POST /collect HTTP/1.1" 200 -
06:37:29 "POST /collect HTTP/1.1" 200 -
06:37:29 "GET /roster HTTP/1.1" 200 -
06:37:29 "POST /collect HTTP/1.1" 200 -
06:37:29 "POST /collect HTTP/1.1" 200 -
06:37:30 "POST /collect HTTP/1.1" 200 -
06:37:30 "POST /collect HTTP/1.1" 200 -
06:37:30 "POST /collect HTTP/1.1" 200 -
06:37:31 "GET /roster HTTP/1.1" 200 -
06:37:31 "POST /collect HTTP/1.1" 200 -
06:37:31 "POST /collect HTTP/1.1" 200 -
06:37:31 "POST /collect HTTP/1.1" 200 -
06:37:31 "GET /roster HTTP/1.1" 200 -
06:37:31 "POST /collect HTTP/1.1" 200 -
06:37:31 "POST /collect HTTP/1.1" 200 -
06:37:32 "POST /collect HTTP/1.1" 200 -
06:37:32 "POST /collect HTTP/1.1" 200 -
06:37:32 "POST /collect HTTP/1.1" 200 -
06:37:32 "POST /collect HTTP/1.1" 200 -
06:37:32 "POST /collect HTTP/1.1" 200 -
06:37:32 "POST /collect HTTP/1.1" 200 -
06:37:33 "GET /roster HTTP/1.1" 200 -
06:37:33 "POST /collect HTTP/1.1" 200 -
06:37:33 "POST /collect HTTP/1.1" 200 -
06:37:33 "POST /collect HTTP/1.1" 200 -
06:37:33 "GET /roster HTTP/1.1" 200 -
06:37:34 "POST /collect HTTP/1.1" 200 -
06:37:34 "POST /collect HTTP/1.1" 200 -
06:37:34 "POST /collect HTTP/1.1" 200 -
06:37:34 "POST /collect HTTP/1.1" 200 -
06:37:34 "POST /collect HTTP/1.1" 200 -
06:37:35 "GET /roster HTTP/1.1" 200 -
06:37:35 "POST /collect HTTP/1.1" 200 -
06:37:35 "POST /collect HTTP/1.1" 200 -
06:37:35 "POST /collect HTTP/1.1" 200 -
06:37:35 "POST /collect HTTP/1.1" 200 -
06:37:35 "GET /roster HTTP/1.1" 200 -
06:37:35 "POST /collect HTTP/1.1" 200 -
06:37:35 "POST /collect HTTP/1.1" 200 -
06:37:36 "POST /collect HTTP/1.1" 200 -
06:37:36 "POST /collect HTTP/1.1" 200 -
06:37:36 "POST /collect HTTP/1.1" 200 -
06:37:36 "POST /collect HTTP/1.1" 200 -
06:37:36 "POST /collect HTTP/1.1" 200 -
06:37:36 "POST /collect HTTP/1.1" 200 -
06:37:36 CF PUT /sessions/3fbb13a9d775d08b02d399deb3b675f882ac22fc74138dffe5719f7722dd706d/tracks/close -> 200 (330 ms)
06:37:36 "PUT /cf/sessions/3fbb13a9d775d08b02d399deb3b675f882ac22fc74138dffe5719f7722dd706d/tracks/close HTTP/1.1" 200 -
06:37:36 CF PUT /sessions/172904629e72c6b921182307db4bfc9f5350748d6095ff2af788a105dee3f46d/tracks/close -> 200 (330 ms)
06:37:36 "PUT /cf/sessions/172904629e72c6b921182307db4bfc9f5350748d6095ff2af788a105dee3f46d/tracks/close HTTP/1.1" 200 -
06:37:36 "POST /collect HTTP/1.1" 200 -
06:37:37 "POST /collect HTTP/1.1" 200 -
06:37:37 "POST /collect HTTP/1.1" 200 -
06:37:37 "POST /collect HTTP/1.1" 200 -
06:37:37 "GET /roster HTTP/1.1" 200 -
06:37:37 CF PUT /sessions/172904629e72c6b921182307db4bfc9f5350748d6095ff2af788a105dee3f46d/tracks/close -> 200 (223 ms)
06:37:37 "PUT /cf/sessions/172904629e72c6b921182307db4bfc9f5350748d6095ff2af788a105dee3f46d/tracks/close HTTP/1.1" 200 -
06:37:37 CF PUT /sessions/3fbb13a9d775d08b02d399deb3b675f882ac22fc74138dffe5719f7722dd706d/tracks/close -> 200 (226 ms)
06:37:37 "PUT /cf/sessions/3fbb13a9d775d08b02d399deb3b675f882ac22fc74138dffe5719f7722dd706d/tracks/close HTTP/1.1" 200 -
06:37:37 "POST /collect HTTP/1.1" 200 -
06:37:37 "POST /collect HTTP/1.1" 200 -
06:37:37 CF POST /sessions/172904629e72c6b921182307db4bfc9f5350748d6095ff2af788a105dee3f46d/tracks/new -> 200 (164 ms)
06:37:37 "POST /cf/sessions/172904629e72c6b921182307db4bfc9f5350748d6095ff2af788a105dee3f46d/tracks/new HTTP/1.1" 200 -
06:37:37 "POST /collect HTTP/1.1" 200 -
06:37:37 CF POST /sessions/3fbb13a9d775d08b02d399deb3b675f882ac22fc74138dffe5719f7722dd706d/tracks/new -> 200 (180 ms)
06:37:37 "POST /cf/sessions/3fbb13a9d775d08b02d399deb3b675f882ac22fc74138dffe5719f7722dd706d/tracks/new HTTP/1.1" 200 -
06:37:37 "POST /collect HTTP/1.1" 200 -
06:37:37 "POST /collect HTTP/1.1" 200 -
06:37:37 "GET /roster HTTP/1.1" 200 -
06:37:37 "POST /collect HTTP/1.1" 200 -
06:37:37 CF PUT /sessions/172904629e72c6b921182307db4bfc9f5350748d6095ff2af788a105dee3f46d/renegotiate -> 200 (190 ms)
06:37:37 "PUT /cf/sessions/172904629e72c6b921182307db4bfc9f5350748d6095ff2af788a105dee3f46d/renegotiate HTTP/1.1" 200 -
06:37:37 "POST /collect HTTP/1.1" 200 -
06:37:37 "POST /collect HTTP/1.1" 200 -
06:37:37 CF PUT /sessions/3fbb13a9d775d08b02d399deb3b675f882ac22fc74138dffe5719f7722dd706d/renegotiate -> 200 (181 ms)
06:37:37 "PUT /cf/sessions/3fbb13a9d775d08b02d399deb3b675f882ac22fc74138dffe5719f7722dd706d/renegotiate HTTP/1.1" 200 -
06:37:37 "POST /collect HTTP/1.1" 200 -
06:37:37 "POST /collect HTTP/1.1" 200 -
06:37:37 "POST /collect HTTP/1.1" 200 -
06:37:37 "POST /collect HTTP/1.1" 200 -
06:37:37 CF POST /sessions/172904629e72c6b921182307db4bfc9f5350748d6095ff2af788a105dee3f46d/tracks/new -> 200 (167 ms)
06:37:37 "POST /cf/sessions/172904629e72c6b921182307db4bfc9f5350748d6095ff2af788a105dee3f46d/tracks/new HTTP/1.1" 200 -
06:37:37 "POST /collect HTTP/1.1" 200 -
06:37:37 CF POST /sessions/3fbb13a9d775d08b02d399deb3b675f882ac22fc74138dffe5719f7722dd706d/tracks/new -> 200 (148 ms)
06:37:37 "POST /cf/sessions/3fbb13a9d775d08b02d399deb3b675f882ac22fc74138dffe5719f7722dd706d/tracks/new HTTP/1.1" 200 -
06:37:38 CF PUT /sessions/172904629e72c6b921182307db4bfc9f5350748d6095ff2af788a105dee3f46d/renegotiate -> 200 (172 ms)
06:37:38 "PUT /cf/sessions/172904629e72c6b921182307db4bfc9f5350748d6095ff2af788a105dee3f46d/renegotiate HTTP/1.1" 200 -
06:37:38 "POST /collect HTTP/1.1" 200 -
06:37:38 "POST /collect HTTP/1.1" 200 -
06:37:38 CF PUT /sessions/3fbb13a9d775d08b02d399deb3b675f882ac22fc74138dffe5719f7722dd706d/renegotiate -> 200 (171 ms)
06:37:38 "PUT /cf/sessions/3fbb13a9d775d08b02d399deb3b675f882ac22fc74138dffe5719f7722dd706d/renegotiate HTTP/1.1" 200 -
06:37:38 "POST /collect HTTP/1.1" 200 -
06:37:38 "POST /collect HTTP/1.1" 200 -
06:37:38 "POST /collect HTTP/1.1" 200 -
06:37:38 "POST /collect HTTP/1.1" 200 -
06:37:38 "POST /collect HTTP/1.1" 200 -
06:37:38 "POST /collect HTTP/1.1" 200 -
06:37:38 "POST /collect HTTP/1.1" 200 -
06:37:38 "POST /collect HTTP/1.1" 200 -
06:37:38 "POST /collect HTTP/1.1" 200 -
06:37:38 "POST /collect HTTP/1.1" 200 -
06:37:39 "GET /roster HTTP/1.1" 200 -
06:37:39 "POST /collect HTTP/1.1" 200 -
06:37:39 "POST /collect HTTP/1.1" 200 -
06:37:39 "POST /collect HTTP/1.1" 200 -
06:37:39 "GET /roster HTTP/1.1" 200 -
06:37:40 "POST /collect HTTP/1.1" 200 -
06:37:40 "POST /collect HTTP/1.1" 200 -
06:37:40 "POST /collect HTTP/1.1" 200 -
06:37:40 "POST /collect HTTP/1.1" 200 -
06:37:40 "POST /collect HTTP/1.1" 200 -
06:37:41 "GET /roster HTTP/1.1" 200 -
06:37:41 "POST /collect HTTP/1.1" 200 -
06:37:41 "POST /collect HTTP/1.1" 200 -
06:37:41 "POST /collect HTTP/1.1" 200 -
06:37:41 "POST /collect HTTP/1.1" 200 -
06:37:41 "GET /roster HTTP/1.1" 200 -
06:37:41 "POST /collect HTTP/1.1" 200 -
06:37:41 "POST /collect HTTP/1.1" 200 -
06:37:42 "POST /collect HTTP/1.1" 200 -
06:37:42 "POST /collect HTTP/1.1" 200 -
06:37:42 "POST /collect HTTP/1.1" 200 -
06:37:43 "GET /roster HTTP/1.1" 200 -
06:37:43 "POST /collect HTTP/1.1" 200 -
06:37:43 "POST /collect HTTP/1.1" 200 -
06:37:43 "POST /collect HTTP/1.1" 200 -
06:37:43 "POST /collect HTTP/1.1" 200 -
06:37:43 "GET /roster HTTP/1.1" 200 -
06:37:43 "POST /collect HTTP/1.1" 200 -
06:37:44 "POST /collect HTTP/1.1" 200 -
06:37:44 "POST /collect HTTP/1.1" 200 -
06:37:44 "POST /collect HTTP/1.1" 200 -
06:37:44 "POST /collect HTTP/1.1" 200 -
06:37:44 "POST /collect HTTP/1.1" 200 -
06:37:44 "POST /collect HTTP/1.1" 200 -
06:37:45 "GET /roster HTTP/1.1" 200 -
06:37:45 "POST /collect HTTP/1.1" 200 -
06:37:45 "POST /collect HTTP/1.1" 200 -
06:37:45 "POST /collect HTTP/1.1" 200 -
06:37:45 "GET /roster HTTP/1.1" 200 -
06:37:46 "POST /collect HTTP/1.1" 200 -
06:37:46 "POST /collect HTTP/1.1" 200 -
06:37:46 "POST /collect HTTP/1.1" 200 -
06:37:46 "POST /collect HTTP/1.1" 200 -
06:37:46 "POST /collect HTTP/1.1" 200 -
06:37:47 "GET /roster HTTP/1.1" 200 -
06:37:47 "POST /collect HTTP/1.1" 200 -
06:37:47 "POST /collect HTTP/1.1" 200 -
06:37:47 "POST /collect HTTP/1.1" 200 -
06:37:47 "POST /collect HTTP/1.1" 200 -
06:37:47 "GET /roster HTTP/1.1" 200 -
06:37:47 "POST /collect HTTP/1.1" 200 -
06:37:47 "POST /collect HTTP/1.1" 200 -
06:37:48 "POST /collect HTTP/1.1" 200 -
06:37:48 "POST /collect HTTP/1.1" 200 -
06:37:48 "POST /collect HTTP/1.1" 200 -
06:37:48 "POST /collect HTTP/1.1" 200 -
06:37:48 CF PUT /sessions/172904629e72c6b921182307db4bfc9f5350748d6095ff2af788a105dee3f46d/tracks/close -> 200 (257 ms)
06:37:48 "PUT /cf/sessions/172904629e72c6b921182307db4bfc9f5350748d6095ff2af788a105dee3f46d/tracks/close HTTP/1.1" 200 -
06:37:48 "POST /collect HTTP/1.1" 200 -
06:37:48 CF PUT /sessions/3fbb13a9d775d08b02d399deb3b675f882ac22fc74138dffe5719f7722dd706d/tracks/close -> 200 (276 ms)
06:37:48 "PUT /cf/sessions/3fbb13a9d775d08b02d399deb3b675f882ac22fc74138dffe5719f7722dd706d/tracks/close HTTP/1.1" 200 -
06:37:48 "POST /collect HTTP/1.1" 200 -
06:37:48 "POST /collect HTTP/1.1" 200 -
06:37:48 "POST /collect HTTP/1.1" 200 -
06:37:48 "POST /collect HTTP/1.1" 200 -
06:37:48 "POST /collect HTTP/1.1" 200 -
06:37:48 CF PUT /sessions/172904629e72c6b921182307db4bfc9f5350748d6095ff2af788a105dee3f46d/tracks/close -> 200 (236 ms)
06:37:48 "PUT /cf/sessions/172904629e72c6b921182307db4bfc9f5350748d6095ff2af788a105dee3f46d/tracks/close HTTP/1.1" 200 -
06:37:48 "POST /collect HTTP/1.1" 200 -
06:37:48 CF PUT /sessions/3fbb13a9d775d08b02d399deb3b675f882ac22fc74138dffe5719f7722dd706d/tracks/close -> 200 (251 ms)
06:37:48 "PUT /cf/sessions/3fbb13a9d775d08b02d399deb3b675f882ac22fc74138dffe5719f7722dd706d/tracks/close HTTP/1.1" 200 -
06:37:48 "POST /collect HTTP/1.1" 200 -
06:37:48 CF POST /sessions/172904629e72c6b921182307db4bfc9f5350748d6095ff2af788a105dee3f46d/tracks/new -> 200 (175 ms)
06:37:48 "POST /cf/sessions/172904629e72c6b921182307db4bfc9f5350748d6095ff2af788a105dee3f46d/tracks/new HTTP/1.1" 200 -
06:37:48 CF POST /sessions/3fbb13a9d775d08b02d399deb3b675f882ac22fc74138dffe5719f7722dd706d/tracks/new -> 200 (159 ms)
06:37:48 "POST /cf/sessions/3fbb13a9d775d08b02d399deb3b675f882ac22fc74138dffe5719f7722dd706d/tracks/new HTTP/1.1" 200 -
06:37:49 CF PUT /sessions/172904629e72c6b921182307db4bfc9f5350748d6095ff2af788a105dee3f46d/renegotiate -> 200 (172 ms)
06:37:49 "PUT /cf/sessions/172904629e72c6b921182307db4bfc9f5350748d6095ff2af788a105dee3f46d/renegotiate HTTP/1.1" 200 -
06:37:49 "POST /collect HTTP/1.1" 200 -
06:37:49 CF PUT /sessions/3fbb13a9d775d08b02d399deb3b675f882ac22fc74138dffe5719f7722dd706d/renegotiate -> 200 (181 ms)
06:37:49 "PUT /cf/sessions/3fbb13a9d775d08b02d399deb3b675f882ac22fc74138dffe5719f7722dd706d/renegotiate HTTP/1.1" 200 -
06:37:49 "POST /collect HTTP/1.1" 200 -
06:37:49 "GET /roster HTTP/1.1" 200 -
06:37:49 "POST /collect HTTP/1.1" 200 -
06:37:49 "POST /collect HTTP/1.1" 200 -
06:37:49 "POST /collect HTTP/1.1" 200 -
06:37:49 CF POST /sessions/172904629e72c6b921182307db4bfc9f5350748d6095ff2af788a105dee3f46d/tracks/new -> 200 (176 ms)
06:37:49 "POST /cf/sessions/172904629e72c6b921182307db4bfc9f5350748d6095ff2af788a105dee3f46d/tracks/new HTTP/1.1" 200 -
06:37:49 "POST /collect HTTP/1.1" 200 -
06:37:49 CF POST /sessions/3fbb13a9d775d08b02d399deb3b675f882ac22fc74138dffe5719f7722dd706d/tracks/new -> 200 (202 ms)
06:37:49 "POST /cf/sessions/3fbb13a9d775d08b02d399deb3b675f882ac22fc74138dffe5719f7722dd706d/tracks/new HTTP/1.1" 200 -
06:37:49 CF PUT /sessions/172904629e72c6b921182307db4bfc9f5350748d6095ff2af788a105dee3f46d/renegotiate -> 200 (183 ms)
06:37:49 "PUT /cf/sessions/172904629e72c6b921182307db4bfc9f5350748d6095ff2af788a105dee3f46d/renegotiate HTTP/1.1" 200 -
06:37:49 "POST /collect HTTP/1.1" 200 -
06:37:49 "POST /collect HTTP/1.1" 200 -
06:37:49 "POST /collect HTTP/1.1" 200 -
06:37:49 CF PUT /sessions/3fbb13a9d775d08b02d399deb3b675f882ac22fc74138dffe5719f7722dd706d/renegotiate -> 200 (222 ms)
06:37:49 "PUT /cf/sessions/3fbb13a9d775d08b02d399deb3b675f882ac22fc74138dffe5719f7722dd706d/renegotiate HTTP/1.1" 200 -
06:37:49 "POST /collect HTTP/1.1" 200 -
06:37:49 "POST /collect HTTP/1.1" 200 -
06:37:49 "POST /collect HTTP/1.1" 200 -
06:37:49 "POST /collect HTTP/1.1" 200 -
06:37:49 "POST /collect HTTP/1.1" 200 -
06:37:49 "POST /collect HTTP/1.1" 200 -
06:37:49 "GET /roster HTTP/1.1" 200 -
06:37:49 "POST /collect HTTP/1.1" 200 -
06:37:49 "POST /collect HTTP/1.1" 200 -
06:37:50 "POST /collect HTTP/1.1" 200 -
06:37:50 "POST /collect HTTP/1.1" 200 -
06:37:50 "POST /collect HTTP/1.1" 200 -
06:37:50 "POST /collect HTTP/1.1" 200 -
06:37:50 "POST /collect HTTP/1.1" 200 -
06:37:50 "POST /collect HTTP/1.1" 200 -
06:37:50 "POST /collect HTTP/1.1" 200 -
06:37:51 "GET /roster HTTP/1.1" 200 -
06:37:51 "POST /collect HTTP/1.1" 200 -
06:37:51 "POST /collect HTTP/1.1" 200 -
06:37:51 "POST /collect HTTP/1.1" 200 -
06:37:51 "GET /roster HTTP/1.1" 200 -
06:37:52 "POST /collect HTTP/1.1" 200 -
06:37:52 "POST /collect HTTP/1.1" 200 -
06:37:52 "POST /collect HTTP/1.1" 200 -
06:37:52 "POST /collect HTTP/1.1" 200 -
06:37:52 "POST /collect HTTP/1.1" 200 -
06:37:53 "GET /roster HTTP/1.1" 200 -
06:37:53 "POST /collect HTTP/1.1" 200 -
06:37:53 "POST /collect HTTP/1.1" 200 -
06:37:53 "POST /collect HTTP/1.1" 200 -
06:37:53 "POST /collect HTTP/1.1" 200 -
06:37:53 "GET /roster HTTP/1.1" 200 -
06:37:53 "POST /collect HTTP/1.1" 200 -
06:37:53 "POST /collect HTTP/1.1" 200 -
06:37:54 "POST /collect HTTP/1.1" 200 -
06:37:54 "POST /collect HTTP/1.1" 200 -
06:37:54 "POST /collect HTTP/1.1" 200 -
06:37:55 "GET /roster HTTP/1.1" 200 -
06:37:55 "POST /collect HTTP/1.1" 200 -
06:37:55 "POST /collect HTTP/1.1" 200 -
06:37:55 "POST /collect HTTP/1.1" 200 -
06:37:55 "POST /collect HTTP/1.1" 200 -
06:37:55 "GET /roster HTTP/1.1" 200 -
06:37:55 "POST /collect HTTP/1.1" 200 -
06:37:56 "POST /collect HTTP/1.1" 200 -
06:37:56 "POST /collect HTTP/1.1" 200 -
06:37:56 "POST /collect HTTP/1.1" 200 -
06:37:56 "POST /collect HTTP/1.1" 200 -
06:37:56 "POST /collect HTTP/1.1" 200 -
06:37:56 "POST /collect HTTP/1.1" 200 -
06:37:57 "GET /roster HTTP/1.1" 200 -
06:37:57 "POST /collect HTTP/1.1" 200 -
06:37:57 "POST /collect HTTP/1.1" 200 -
06:37:57 "GET /roster HTTP/1.1" 200 -
06:37:57 "POST /collect HTTP/1.1" 200 -
06:37:58 "POST /collect HTTP/1.1" 200 -
06:37:58 "POST /collect HTTP/1.1" 200 -
06:37:58 "POST /collect HTTP/1.1" 200 -
06:37:58 "POST /collect HTTP/1.1" 200 -
06:37:58 "POST /collect HTTP/1.1" 200 -
06:37:59 "GET /roster HTTP/1.1" 200 -
06:37:59 "POST /collect HTTP/1.1" 200 -
06:37:59 "POST /collect HTTP/1.1" 200 -
06:37:59 "POST /collect HTTP/1.1" 200 -
06:37:59 "POST /collect HTTP/1.1" 200 -
06:37:59 "GET /roster HTTP/1.1" 200 -
06:37:59 "POST /collect HTTP/1.1" 200 -
06:37:59 "POST /collect HTTP/1.1" 200 -
06:37:59 "POST /collect HTTP/1.1" 200 -
06:37:59 "POST /collect HTTP/1.1" 200 -
06:37:59 "POST /collect HTTP/1.1" 200 -
06:37:59 CF PUT /sessions/172904629e72c6b921182307db4bfc9f5350748d6095ff2af788a105dee3f46d/tracks/close -> 200 (243 ms)
06:37:59 "PUT /cf/sessions/172904629e72c6b921182307db4bfc9f5350748d6095ff2af788a105dee3f46d/tracks/close HTTP/1.1" 200 -
06:37:59 CF PUT /sessions/3fbb13a9d775d08b02d399deb3b675f882ac22fc74138dffe5719f7722dd706d/tracks/close -> 200 (243 ms)
06:37:59 "PUT /cf/sessions/3fbb13a9d775d08b02d399deb3b675f882ac22fc74138dffe5719f7722dd706d/tracks/close HTTP/1.1" 200 -
06:37:59 "POST /collect HTTP/1.1" 200 -
06:37:59 "POST /collect HTTP/1.1" 200 -
06:37:59 "POST /collect HTTP/1.1" 200 -
06:37:59 "POST /collect HTTP/1.1" 200 -
06:38:00 "POST /collect HTTP/1.1" 200 -
06:38:00 CF PUT /sessions/3fbb13a9d775d08b02d399deb3b675f882ac22fc74138dffe5719f7722dd706d/tracks/close -> 200 (293 ms)
06:38:00 "PUT /cf/sessions/3fbb13a9d775d08b02d399deb3b675f882ac22fc74138dffe5719f7722dd706d/tracks/close HTTP/1.1" 200 -
06:38:00 CF PUT /sessions/172904629e72c6b921182307db4bfc9f5350748d6095ff2af788a105dee3f46d/tracks/close -> 200 (293 ms)
06:38:00 "PUT /cf/sessions/172904629e72c6b921182307db4bfc9f5350748d6095ff2af788a105dee3f46d/tracks/close HTTP/1.1" 200 -
06:38:00 "POST /collect HTTP/1.1" 200 -
06:38:00 "POST /collect HTTP/1.1" 200 -
06:38:00 CF POST /sessions/172904629e72c6b921182307db4bfc9f5350748d6095ff2af788a105dee3f46d/tracks/new -> 200 (164 ms)
06:38:00 "POST /cf/sessions/172904629e72c6b921182307db4bfc9f5350748d6095ff2af788a105dee3f46d/tracks/new HTTP/1.1" 200 -
06:38:00 CF POST /sessions/3fbb13a9d775d08b02d399deb3b675f882ac22fc74138dffe5719f7722dd706d/tracks/new -> 200 (181 ms)
06:38:00 "POST /cf/sessions/3fbb13a9d775d08b02d399deb3b675f882ac22fc74138dffe5719f7722dd706d/tracks/new HTTP/1.1" 200 -
06:38:00 "POST /collect HTTP/1.1" 200 -
06:38:00 "POST /collect HTTP/1.1" 200 -
06:38:00 CF PUT /sessions/172904629e72c6b921182307db4bfc9f5350748d6095ff2af788a105dee3f46d/renegotiate -> 200 (154 ms)
06:38:00 "PUT /cf/sessions/172904629e72c6b921182307db4bfc9f5350748d6095ff2af788a105dee3f46d/renegotiate HTTP/1.1" 200 -
06:38:00 "POST /collect HTTP/1.1" 200 -
06:38:00 CF PUT /sessions/3fbb13a9d775d08b02d399deb3b675f882ac22fc74138dffe5719f7722dd706d/renegotiate -> 200 (185 ms)
06:38:00 "PUT /cf/sessions/3fbb13a9d775d08b02d399deb3b675f882ac22fc74138dffe5719f7722dd706d/renegotiate HTTP/1.1" 200 -
06:38:00 "POST /collect HTTP/1.1" 200 -
06:38:00 "POST /collect HTTP/1.1" 200 -
06:38:00 "POST /collect HTTP/1.1" 200 -
06:38:00 CF POST /sessions/172904629e72c6b921182307db4bfc9f5350748d6095ff2af788a105dee3f46d/tracks/new -> 200 (174 ms)
06:38:00 "POST /cf/sessions/172904629e72c6b921182307db4bfc9f5350748d6095ff2af788a105dee3f46d/tracks/new HTTP/1.1" 200 -
06:38:00 "POST /collect HTTP/1.1" 200 -
06:38:00 "POST /collect HTTP/1.1" 200 -
06:38:00 CF POST /sessions/3fbb13a9d775d08b02d399deb3b675f882ac22fc74138dffe5719f7722dd706d/tracks/new -> 200 (150 ms)
06:38:00 "POST /cf/sessions/3fbb13a9d775d08b02d399deb3b675f882ac22fc74138dffe5719f7722dd706d/tracks/new HTTP/1.1" 200 -
06:38:01 CF PUT /sessions/172904629e72c6b921182307db4bfc9f5350748d6095ff2af788a105dee3f46d/renegotiate -> 200 (176 ms)
06:38:01 "PUT /cf/sessions/172904629e72c6b921182307db4bfc9f5350748d6095ff2af788a105dee3f46d/renegotiate HTTP/1.1" 200 -
06:38:01 "POST /collect HTTP/1.1" 200 -
06:38:01 "POST /collect HTTP/1.1" 200 -
06:38:01 CF PUT /sessions/3fbb13a9d775d08b02d399deb3b675f882ac22fc74138dffe5719f7722dd706d/renegotiate -> 200 (172 ms)
06:38:01 "PUT /cf/sessions/3fbb13a9d775d08b02d399deb3b675f882ac22fc74138dffe5719f7722dd706d/renegotiate HTTP/1.1" 200 -
06:38:01 "POST /collect HTTP/1.1" 200 -
06:38:01 "GET /roster HTTP/1.1" 200 -
06:38:01 "POST /collect HTTP/1.1" 200 -
06:38:01 "POST /collect HTTP/1.1" 200 -
06:38:01 "POST /collect HTTP/1.1" 200 -
06:38:01 "POST /collect HTTP/1.1" 200 -
06:38:01 "POST /collect HTTP/1.1" 200 -
06:38:01 "POST /collect HTTP/1.1" 200 -
06:38:01 "POST /collect HTTP/1.1" 200 -
06:38:01 "GET /roster HTTP/1.1" 200 -
06:38:01 "POST /collect HTTP/1.1" 200 -
06:38:02 "POST /collect HTTP/1.1" 200 -
06:38:02 "POST /collect HTTP/1.1" 200 -
06:38:02 "POST /collect HTTP/1.1" 200 -
06:38:02 "POST /collect HTTP/1.1" 200 -
06:38:02 "POST /collect HTTP/1.1" 200 -
06:38:02 "POST /collect HTTP/1.1" 200 -
06:38:03 "GET /roster HTTP/1.1" 200 -
06:38:03 "POST /collect HTTP/1.1" 200 -
06:38:03 "POST /collect HTTP/1.1" 200 -
06:38:03 "POST /collect HTTP/1.1" 200 -
06:38:03 "GET /roster HTTP/1.1" 200 -
06:38:04 "POST /collect HTTP/1.1" 200 -
06:38:04 "POST /collect HTTP/1.1" 200 -
06:38:04 "POST /collect HTTP/1.1" 200 -
06:38:04 "POST /collect HTTP/1.1" 200 -
06:38:04 "POST /collect HTTP/1.1" 200 -
06:38:05 "GET /roster HTTP/1.1" 200 -
06:38:05 "POST /collect HTTP/1.1" 200 -
06:38:05 "POST /collect HTTP/1.1" 200 -
06:38:05 "POST /collect HTTP/1.1" 200 -
06:38:05 "POST /collect HTTP/1.1" 200 -
06:38:05 "GET /roster HTTP/1.1" 200 -
06:38:05 "POST /collect HTTP/1.1" 200 -
06:38:05 "POST /collect HTTP/1.1" 200 -
06:38:06 "POST /collect HTTP/1.1" 200 -
06:38:06 "POST /collect HTTP/1.1" 200 -
06:38:06 "POST /collect HTTP/1.1" 200 -
06:38:07 "GET /roster HTTP/1.1" 200 -
06:38:07 "POST /collect HTTP/1.1" 200 -
06:38:07 "POST /collect HTTP/1.1" 200 -
06:38:07 "POST /collect HTTP/1.1" 200 -
06:38:07 "POST /collect HTTP/1.1" 200 -
06:38:07 "GET /roster HTTP/1.1" 200 -
06:38:07 "POST /collect HTTP/1.1" 200 -
06:38:08 "POST /collect HTTP/1.1" 200 -
06:38:08 "POST /collect HTTP/1.1" 200 -
06:38:08 "POST /collect HTTP/1.1" 200 -
06:38:08 "POST /collect HTTP/1.1" 200 -
06:38:08 "POST /collect HTTP/1.1" 200 -
06:38:08 "POST /collect HTTP/1.1" 200 -
06:38:09 "GET /roster HTTP/1.1" 200 -
06:38:09 "POST /collect HTTP/1.1" 200 -
06:38:09 "POST /collect HTTP/1.1" 200 -
06:38:09 "POST /collect HTTP/1.1" 200 -
06:38:09 "GET /roster HTTP/1.1" 200 -
06:38:10 "POST /collect HTTP/1.1" 200 -
06:38:10 "POST /collect HTTP/1.1" 200 -
06:38:10 "POST /collect HTTP/1.1" 200 -
06:38:10 "POST /collect HTTP/1.1" 200 -
06:38:10 "POST /collect HTTP/1.1" 200 -
06:38:11 "POST /collect HTTP/1.1" 200 -
06:38:11 "POST /collect HTTP/1.1" 200 -
06:38:11 "POST /collect HTTP/1.1" 200 -
06:38:11 "GET /roster HTTP/1.1" 200 -
06:38:11 "POST /collect HTTP/1.1" 200 -
06:38:11 "POST /collect HTTP/1.1" 200 -
06:38:11 CF PUT /sessions/172904629e72c6b921182307db4bfc9f5350748d6095ff2af788a105dee3f46d/tracks/close -> 200 (231 ms)
06:38:11 "PUT /cf/sessions/172904629e72c6b921182307db4bfc9f5350748d6095ff2af788a105dee3f46d/tracks/close HTTP/1.1" 200 -
06:38:11 CF PUT /sessions/3fbb13a9d775d08b02d399deb3b675f882ac22fc74138dffe5719f7722dd706d/tracks/close -> 200 (227 ms)
06:38:11 "PUT /cf/sessions/3fbb13a9d775d08b02d399deb3b675f882ac22fc74138dffe5719f7722dd706d/tracks/close HTTP/1.1" 200 -
06:38:11 "POST /collect HTTP/1.1" 200 -
06:38:11 "POST /collect HTTP/1.1" 200 -
06:38:11 "POST /collect HTTP/1.1" 200 -
06:38:11 "POST /collect HTTP/1.1" 200 -
06:38:11 CF PUT /sessions/172904629e72c6b921182307db4bfc9f5350748d6095ff2af788a105dee3f46d/tracks/close -> 200 (205 ms)
06:38:11 "PUT /cf/sessions/172904629e72c6b921182307db4bfc9f5350748d6095ff2af788a105dee3f46d/tracks/close HTTP/1.1" 200 -
06:38:11 CF PUT /sessions/3fbb13a9d775d08b02d399deb3b675f882ac22fc74138dffe5719f7722dd706d/tracks/close -> 200 (206 ms)
06:38:11 "PUT /cf/sessions/3fbb13a9d775d08b02d399deb3b675f882ac22fc74138dffe5719f7722dd706d/tracks/close HTTP/1.1" 200 -
06:38:11 "POST /collect HTTP/1.1" 200 -
06:38:11 "POST /collect HTTP/1.1" 200 -
06:38:11 "POST /collect HTTP/1.1" 200 -
06:38:11 "POST /collect HTTP/1.1" 200 -
06:38:11 "GET /roster HTTP/1.1" 200 -
06:38:11 CF POST /sessions/3fbb13a9d775d08b02d399deb3b675f882ac22fc74138dffe5719f7722dd706d/tracks/new -> 200 (136 ms)
06:38:11 "POST /cf/sessions/3fbb13a9d775d08b02d399deb3b675f882ac22fc74138dffe5719f7722dd706d/tracks/new HTTP/1.1" 200 -
06:38:11 CF POST /sessions/172904629e72c6b921182307db4bfc9f5350748d6095ff2af788a105dee3f46d/tracks/new -> 200 (146 ms)
06:38:11 "POST /cf/sessions/172904629e72c6b921182307db4bfc9f5350748d6095ff2af788a105dee3f46d/tracks/new HTTP/1.1" 200 -
06:38:11 CF PUT /sessions/3fbb13a9d775d08b02d399deb3b675f882ac22fc74138dffe5719f7722dd706d/renegotiate -> 200 (142 ms)
06:38:11 "PUT /cf/sessions/3fbb13a9d775d08b02d399deb3b675f882ac22fc74138dffe5719f7722dd706d/renegotiate HTTP/1.1" 200 -
06:38:11 "POST /collect HTTP/1.1" 200 -
06:38:11 CF PUT /sessions/172904629e72c6b921182307db4bfc9f5350748d6095ff2af788a105dee3f46d/renegotiate -> 200 (165 ms)
06:38:11 "PUT /cf/sessions/172904629e72c6b921182307db4bfc9f5350748d6095ff2af788a105dee3f46d/renegotiate HTTP/1.1" 200 -
06:38:11 "POST /collect HTTP/1.1" 200 -
06:38:11 "POST /collect HTTP/1.1" 200 -
06:38:11 "POST /collect HTTP/1.1" 200 -
06:38:11 "POST /collect HTTP/1.1" 200 -
06:38:11 "POST /collect HTTP/1.1" 200 -
06:38:11 CF POST /sessions/3fbb13a9d775d08b02d399deb3b675f882ac22fc74138dffe5719f7722dd706d/tracks/new -> 200 (137 ms)
06:38:11 "POST /cf/sessions/3fbb13a9d775d08b02d399deb3b675f882ac22fc74138dffe5719f7722dd706d/tracks/new HTTP/1.1" 200 -
06:38:11 "POST /collect HTTP/1.1" 200 -
06:38:12 CF POST /sessions/172904629e72c6b921182307db4bfc9f5350748d6095ff2af788a105dee3f46d/tracks/new -> 200 (143 ms)
06:38:12 "POST /cf/sessions/172904629e72c6b921182307db4bfc9f5350748d6095ff2af788a105dee3f46d/tracks/new HTTP/1.1" 200 -
06:38:12 "POST /collect HTTP/1.1" 200 -
06:38:12 "POST /collect HTTP/1.1" 200 -
06:38:12 CF PUT /sessions/3fbb13a9d775d08b02d399deb3b675f882ac22fc74138dffe5719f7722dd706d/renegotiate -> 200 (140 ms)
06:38:12 "PUT /cf/sessions/3fbb13a9d775d08b02d399deb3b675f882ac22fc74138dffe5719f7722dd706d/renegotiate HTTP/1.1" 200 -
06:38:12 "POST /collect HTTP/1.1" 200 -
06:38:12 CF PUT /sessions/172904629e72c6b921182307db4bfc9f5350748d6095ff2af788a105dee3f46d/renegotiate -> 200 (138 ms)
06:38:12 "PUT /cf/sessions/172904629e72c6b921182307db4bfc9f5350748d6095ff2af788a105dee3f46d/renegotiate HTTP/1.1" 200 -
06:38:12 "POST /collect HTTP/1.1" 200 -
06:38:12 "POST /collect HTTP/1.1" 200 -
06:38:12 "POST /collect HTTP/1.1" 200 -
06:38:12 "POST /collect HTTP/1.1" 200 -
06:38:12 "POST /collect HTTP/1.1" 200 -
06:38:12 "POST /collect HTTP/1.1" 200 -
06:38:12 "POST /collect HTTP/1.1" 200 -
06:38:13 "GET /roster HTTP/1.1" 200 -
06:38:13 "POST /collect HTTP/1.1" 200 -
06:38:13 "POST /collect HTTP/1.1" 200 -
06:38:13 "POST /collect HTTP/1.1" 200 -
06:38:13 "POST /collect HTTP/1.1" 200 -
06:38:13 "GET /roster HTTP/1.1" 200 -
06:38:13 "POST /collect HTTP/1.1" 200 -
06:38:14 "POST /collect HTTP/1.1" 200 -
06:38:14 "POST /collect HTTP/1.1" 200 -
06:38:14 "POST /collect HTTP/1.1" 200 -
06:38:14 "POST /collect HTTP/1.1" 200 -
06:38:14 "POST /collect HTTP/1.1" 200 -
06:38:14 "POST /collect HTTP/1.1" 200 -
06:38:15 "GET /roster HTTP/1.1" 200 -
06:38:15 "POST /collect HTTP/1.1" 200 -
06:38:15 "POST /collect HTTP/1.1" 200 -
06:38:15 "POST /collect HTTP/1.1" 200 -
06:38:15 "GET /roster HTTP/1.1" 200 -
06:38:16 "POST /collect HTTP/1.1" 200 -
06:38:16 "POST /collect HTTP/1.1" 200 -
06:38:16 "POST /collect HTTP/1.1" 200 -
06:38:16 "POST /collect HTTP/1.1" 200 -
06:38:16 "POST /collect HTTP/1.1" 200 -
06:38:17 "GET /roster HTTP/1.1" 200 -
06:38:17 "POST /collect HTTP/1.1" 200 -
06:38:17 "POST /collect HTTP/1.1" 200 -
06:38:17 "POST /collect HTTP/1.1" 200 -
06:38:17 "POST /collect HTTP/1.1" 200 -
06:38:17 "GET /roster HTTP/1.1" 200 -
06:38:17 "POST /collect HTTP/1.1" 200 -
06:38:17 "POST /collect HTTP/1.1" 200 -
06:38:18 "POST /collect HTTP/1.1" 200 -
06:38:18 "POST /collect HTTP/1.1" 200 -
06:38:18 "POST /collect HTTP/1.1" 200 -
06:38:19 "GET /roster HTTP/1.1" 200 -
06:38:19 "POST /collect HTTP/1.1" 200 -
06:38:19 "POST /collect HTTP/1.1" 200 -
06:38:19 "POST /collect HTTP/1.1" 200 -
06:38:19 "POST /collect HTTP/1.1" 200 -
06:38:19 "GET /roster HTTP/1.1" 200 -
06:38:19 "POST /collect HTTP/1.1" 200 -
06:38:20 "POST /collect HTTP/1.1" 200 -
06:38:20 "POST /collect HTTP/1.1" 200 -
06:38:20 "POST /collect HTTP/1.1" 200 -
06:38:20 "POST /collect HTTP/1.1" 200 -
06:38:20 "POST /collect HTTP/1.1" 200 -
06:38:20 "POST /collect HTTP/1.1" 200 -
06:38:21 "GET /roster HTTP/1.1" 200 -
06:38:21 "POST /collect HTTP/1.1" 200 -
06:38:21 "POST /collect HTTP/1.1" 200 -
06:38:21 "POST /collect HTTP/1.1" 200 -
06:38:21 "GET /roster HTTP/1.1" 200 -
06:38:22 "POST /collect HTTP/1.1" 200 -
06:38:22 "POST /collect HTTP/1.1" 200 -
06:38:22 "POST /collect HTTP/1.1" 200 -
06:38:22 CF PUT /sessions/3fbb13a9d775d08b02d399deb3b675f882ac22fc74138dffe5719f7722dd706d/tracks/close -> 200 (254 ms)
06:38:22 "PUT /cf/sessions/3fbb13a9d775d08b02d399deb3b675f882ac22fc74138dffe5719f7722dd706d/tracks/close HTTP/1.1" 200 -
06:38:22 CF PUT /sessions/172904629e72c6b921182307db4bfc9f5350748d6095ff2af788a105dee3f46d/tracks/close -> 200 (261 ms)
06:38:22 "PUT /cf/sessions/172904629e72c6b921182307db4bfc9f5350748d6095ff2af788a105dee3f46d/tracks/close HTTP/1.1" 200 -
06:38:22 "POST /collect HTTP/1.1" 200 -
06:38:22 "POST /collect HTTP/1.1" 200 -
06:38:22 "POST /collect HTTP/1.1" 200 -
06:38:22 "POST /collect HTTP/1.1" 200 -
06:38:22 "POST /collect HTTP/1.1" 200 -
06:38:22 "POST /collect HTTP/1.1" 200 -
06:38:22 "POST /collect HTTP/1.1" 200 -
06:38:22 "POST /collect HTTP/1.1" 200 -
06:38:22 CF PUT /sessions/3fbb13a9d775d08b02d399deb3b675f882ac22fc74138dffe5719f7722dd706d/tracks/close -> 200 (181 ms)
06:38:22 "PUT /cf/sessions/3fbb13a9d775d08b02d399deb3b675f882ac22fc74138dffe5719f7722dd706d/tracks/close HTTP/1.1" 200 -
06:38:22 "POST /collect HTTP/1.1" 200 -
06:38:22 CF PUT /sessions/172904629e72c6b921182307db4bfc9f5350748d6095ff2af788a105dee3f46d/tracks/close -> 200 (180 ms)
06:38:22 "PUT /cf/sessions/172904629e72c6b921182307db4bfc9f5350748d6095ff2af788a105dee3f46d/tracks/close HTTP/1.1" 200 -
06:38:22 "POST /collect HTTP/1.1" 200 -
06:38:22 "POST /collect HTTP/1.1" 200 -
06:38:22 CF POST /sessions/172904629e72c6b921182307db4bfc9f5350748d6095ff2af788a105dee3f46d/tracks/new -> 200 (238 ms)
06:38:22 "POST /cf/sessions/172904629e72c6b921182307db4bfc9f5350748d6095ff2af788a105dee3f46d/tracks/new HTTP/1.1" 200 -
06:38:22 CF POST /sessions/3fbb13a9d775d08b02d399deb3b675f882ac22fc74138dffe5719f7722dd706d/tracks/new -> 200 (250 ms)
06:38:22 "POST /cf/sessions/3fbb13a9d775d08b02d399deb3b675f882ac22fc74138dffe5719f7722dd706d/tracks/new HTTP/1.1" 200 -
06:38:23 "GET /roster HTTP/1.1" 200 -
06:38:23 CF PUT /sessions/3fbb13a9d775d08b02d399deb3b675f882ac22fc74138dffe5719f7722dd706d/renegotiate -> 200 (164 ms)
06:38:23 "PUT /cf/sessions/3fbb13a9d775d08b02d399deb3b675f882ac22fc74138dffe5719f7722dd706d/renegotiate HTTP/1.1" 200 -
06:38:23 "POST /collect HTTP/1.1" 200 -
06:38:23 CF PUT /sessions/172904629e72c6b921182307db4bfc9f5350748d6095ff2af788a105dee3f46d/renegotiate -> 200 (186 ms)
06:38:23 "PUT /cf/sessions/172904629e72c6b921182307db4bfc9f5350748d6095ff2af788a105dee3f46d/renegotiate HTTP/1.1" 200 -
06:38:23 "POST /collect HTTP/1.1" 200 -
06:38:23 "POST /collect HTTP/1.1" 200 -
06:38:23 "POST /collect HTTP/1.1" 200 -
06:38:23 "POST /collect HTTP/1.1" 200 -
06:38:23 "POST /collect HTTP/1.1" 200 -
06:38:23 CF POST /sessions/172904629e72c6b921182307db4bfc9f5350748d6095ff2af788a105dee3f46d/tracks/new -> 200 (133 ms)
06:38:23 "POST /cf/sessions/172904629e72c6b921182307db4bfc9f5350748d6095ff2af788a105dee3f46d/tracks/new HTTP/1.1" 200 -
06:38:23 "POST /collect HTTP/1.1" 200 -
06:38:23 "POST /collect HTTP/1.1" 200 -
06:38:23 CF POST /sessions/3fbb13a9d775d08b02d399deb3b675f882ac22fc74138dffe5719f7722dd706d/tracks/new -> 200 (269 ms)
06:38:23 "POST /cf/sessions/3fbb13a9d775d08b02d399deb3b675f882ac22fc74138dffe5719f7722dd706d/tracks/new HTTP/1.1" 200 -
06:38:23 CF PUT /sessions/172904629e72c6b921182307db4bfc9f5350748d6095ff2af788a105dee3f46d/renegotiate -> 200 (165 ms)
06:38:23 "PUT /cf/sessions/172904629e72c6b921182307db4bfc9f5350748d6095ff2af788a105dee3f46d/renegotiate HTTP/1.1" 200 -
06:38:23 "POST /collect HTTP/1.1" 200 -
06:38:23 "POST /collect HTTP/1.1" 200 -
06:38:23 "POST /collect HTTP/1.1" 200 -
06:38:23 CF PUT /sessions/3fbb13a9d775d08b02d399deb3b675f882ac22fc74138dffe5719f7722dd706d/renegotiate -> 200 (159 ms)
06:38:23 "PUT /cf/sessions/3fbb13a9d775d08b02d399deb3b675f882ac22fc74138dffe5719f7722dd706d/renegotiate HTTP/1.1" 200 -
06:38:23 "POST /collect HTTP/1.1" 200 -
06:38:23 "POST /collect HTTP/1.1" 200 -
06:38:23 "POST /collect HTTP/1.1" 200 -
06:38:23 "GET /roster HTTP/1.1" 200 -
06:38:23 "POST /collect HTTP/1.1" 200 -
06:38:23 "POST /collect HTTP/1.1" 200 -
06:38:23 "POST /collect HTTP/1.1" 200 -
06:38:23 "POST /collect HTTP/1.1" 200 -
06:38:24 "POST /collect HTTP/1.1" 200 -
06:38:24 "POST /collect HTTP/1.1" 200 -
06:38:24 "POST /collect HTTP/1.1" 200 -
06:38:25 "GET /roster HTTP/1.1" 200 -
06:38:25 "POST /collect HTTP/1.1" 200 -
06:38:25 "POST /collect HTTP/1.1" 200 -
06:38:25 "POST /collect HTTP/1.1" 200 -
06:38:25 "POST /collect HTTP/1.1" 200 -
06:38:25 "GET /roster HTTP/1.1" 200 -
06:38:25 "POST /collect HTTP/1.1" 200 -
06:38:26 "POST /collect HTTP/1.1" 200 -
06:38:26 "POST /collect HTTP/1.1" 200 -
06:38:26 "POST /collect HTTP/1.1" 200 -
06:38:26 "POST /collect HTTP/1.1" 200 -
06:38:26 "POST /collect HTTP/1.1" 200 -
06:38:26 "POST /collect HTTP/1.1" 200 -
06:38:27 "GET /roster HTTP/1.1" 200 -
06:38:27 "POST /collect HTTP/1.1" 200 -
06:38:27 "POST /collect HTTP/1.1" 200 -
06:38:27 "POST /collect HTTP/1.1" 200 -
06:38:27 "GET /roster HTTP/1.1" 200 -
06:38:28 "POST /collect HTTP/1.1" 200 -
06:38:28 "POST /collect HTTP/1.1" 200 -
06:38:28 "POST /collect HTTP/1.1" 200 -
06:38:28 "POST /collect HTTP/1.1" 200 -
06:38:28 "POST /collect HTTP/1.1" 200 -
06:38:29 "GET /roster HTTP/1.1" 200 -
06:38:29 "POST /collect HTTP/1.1" 200 -
06:38:29 "POST /collect HTTP/1.1" 200 -
06:38:29 "POST /collect HTTP/1.1" 200 -
06:38:29 "POST /collect HTTP/1.1" 200 -
06:38:29 "GET /roster HTTP/1.1" 200 -
06:38:29 "POST /collect HTTP/1.1" 200 -
06:38:29 "POST /collect HTTP/1.1" 200 -
06:38:30 "POST /collect HTTP/1.1" 200 -
06:38:30 "POST /collect HTTP/1.1" 200 -
06:38:30 "POST /collect HTTP/1.1" 200 -
06:38:31 "GET /roster HTTP/1.1" 200 -
06:38:31 "POST /collect HTTP/1.1" 200 -
06:38:31 "POST /collect HTTP/1.1" 200 -
06:38:31 "POST /collect HTTP/1.1" 200 -
06:38:31 "POST /collect HTTP/1.1" 200 -
06:38:31 "GET /roster HTTP/1.1" 200 -
06:38:31 "POST /collect HTTP/1.1" 200 -
06:38:32 "POST /collect HTTP/1.1" 200 -
06:38:32 "POST /collect HTTP/1.1" 200 -
06:38:32 "POST /collect HTTP/1.1" 200 -
06:38:32 "POST /collect HTTP/1.1" 200 -
06:38:32 "POST /collect HTTP/1.1" 200 -
06:38:32 "POST /collect HTTP/1.1" 200 -
06:38:33 "GET /roster HTTP/1.1" 200 -
06:38:33 "POST /collect HTTP/1.1" 200 -
06:38:33 "POST /collect HTTP/1.1" 200 -
06:38:33 "POST /collect HTTP/1.1" 200 -
06:38:33 "POST /collect HTTP/1.1" 200 -
06:38:33 "POST /collect HTTP/1.1" 200 -
06:38:33 "POST /collect HTTP/1.1" 200 -
06:38:33 "GET /roster HTTP/1.1" 200 -
06:38:33 CF PUT /sessions/172904629e72c6b921182307db4bfc9f5350748d6095ff2af788a105dee3f46d/tracks/close -> 200 (216 ms)
06:38:33 "PUT /cf/sessions/172904629e72c6b921182307db4bfc9f5350748d6095ff2af788a105dee3f46d/tracks/close HTTP/1.1" 200 -
06:38:33 "POST /collect HTTP/1.1" 200 -
06:38:33 CF PUT /sessions/3fbb13a9d775d08b02d399deb3b675f882ac22fc74138dffe5719f7722dd706d/tracks/close -> 200 (231 ms)
06:38:33 "PUT /cf/sessions/3fbb13a9d775d08b02d399deb3b675f882ac22fc74138dffe5719f7722dd706d/tracks/close HTTP/1.1" 200 -
06:38:33 "POST /collect HTTP/1.1" 200 -
06:38:33 "POST /collect HTTP/1.1" 200 -
06:38:33 "POST /collect HTTP/1.1" 200 -
06:38:34 CF PUT /sessions/172904629e72c6b921182307db4bfc9f5350748d6095ff2af788a105dee3f46d/tracks/close -> 200 (190 ms)
06:38:34 "PUT /cf/sessions/172904629e72c6b921182307db4bfc9f5350748d6095ff2af788a105dee3f46d/tracks/close HTTP/1.1" 200 -
06:38:34 "POST /collect HTTP/1.1" 200 -
06:38:34 CF PUT /sessions/3fbb13a9d775d08b02d399deb3b675f882ac22fc74138dffe5719f7722dd706d/tracks/close -> 200 (248 ms)
06:38:34 "PUT /cf/sessions/3fbb13a9d775d08b02d399deb3b675f882ac22fc74138dffe5719f7722dd706d/tracks/close HTTP/1.1" 200 -
06:38:34 "POST /collect HTTP/1.1" 200 -
06:38:34 CF POST /sessions/172904629e72c6b921182307db4bfc9f5350748d6095ff2af788a105dee3f46d/tracks/new -> 200 (207 ms)
06:38:34 "POST /cf/sessions/172904629e72c6b921182307db4bfc9f5350748d6095ff2af788a105dee3f46d/tracks/new HTTP/1.1" 200 -
06:38:34 CF POST /sessions/3fbb13a9d775d08b02d399deb3b675f882ac22fc74138dffe5719f7722dd706d/tracks/new -> 200 (148 ms)
06:38:34 "POST /cf/sessions/3fbb13a9d775d08b02d399deb3b675f882ac22fc74138dffe5719f7722dd706d/tracks/new HTTP/1.1" 200 -
06:38:34 CF PUT /sessions/172904629e72c6b921182307db4bfc9f5350748d6095ff2af788a105dee3f46d/renegotiate -> 200 (139 ms)
06:38:34 "PUT /cf/sessions/172904629e72c6b921182307db4bfc9f5350748d6095ff2af788a105dee3f46d/renegotiate HTTP/1.1" 200 -
06:38:34 "POST /collect HTTP/1.1" 200 -
06:38:34 "POST /collect HTTP/1.1" 200 -
06:38:34 "POST /collect HTTP/1.1" 200 -
06:38:34 CF PUT /sessions/3fbb13a9d775d08b02d399deb3b675f882ac22fc74138dffe5719f7722dd706d/renegotiate -> 200 (193 ms)
06:38:34 "PUT /cf/sessions/3fbb13a9d775d08b02d399deb3b675f882ac22fc74138dffe5719f7722dd706d/renegotiate HTTP/1.1" 200 -
06:38:34 "POST /collect HTTP/1.1" 200 -
06:38:34 "POST /collect HTTP/1.1" 200 -
06:38:34 "POST /collect HTTP/1.1" 200 -
06:38:34 "POST /collect HTTP/1.1" 200 -
06:38:34 "POST /collect HTTP/1.1" 200 -
06:38:34 "POST /collect HTTP/1.1" 200 -
06:38:34 "POST /collect HTTP/1.1" 200 -
06:38:34 CF POST /sessions/172904629e72c6b921182307db4bfc9f5350748d6095ff2af788a105dee3f46d/tracks/new -> 200 (209 ms)
06:38:34 "POST /cf/sessions/172904629e72c6b921182307db4bfc9f5350748d6095ff2af788a105dee3f46d/tracks/new HTTP/1.1" 200 -
06:38:34 CF POST /sessions/3fbb13a9d775d08b02d399deb3b675f882ac22fc74138dffe5719f7722dd706d/tracks/new -> 200 (160 ms)
06:38:34 "POST /cf/sessions/3fbb13a9d775d08b02d399deb3b675f882ac22fc74138dffe5719f7722dd706d/tracks/new HTTP/1.1" 200 -
06:38:34 "POST /collect HTTP/1.1" 200 -
06:38:34 CF PUT /sessions/172904629e72c6b921182307db4bfc9f5350748d6095ff2af788a105dee3f46d/renegotiate -> 200 (147 ms)
06:38:34 "PUT /cf/sessions/172904629e72c6b921182307db4bfc9f5350748d6095ff2af788a105dee3f46d/renegotiate HTTP/1.1" 200 -
06:38:34 CF PUT /sessions/3fbb13a9d775d08b02d399deb3b675f882ac22fc74138dffe5719f7722dd706d/renegotiate -> 200 (141 ms)
06:38:34 "PUT /cf/sessions/3fbb13a9d775d08b02d399deb3b675f882ac22fc74138dffe5719f7722dd706d/renegotiate HTTP/1.1" 200 -
06:38:34 "POST /collect HTTP/1.1" 200 -
06:38:34 "POST /collect HTTP/1.1" 200 -
06:38:34 "POST /collect HTTP/1.1" 200 -
06:38:34 "POST /collect HTTP/1.1" 200 -
06:38:34 "POST /collect HTTP/1.1" 200 -
06:38:34 "POST /collect HTTP/1.1" 200 -
06:38:35 "GET /roster HTTP/1.1" 200 -
06:38:35 "POST /collect HTTP/1.1" 200 -
06:38:35 "POST /collect HTTP/1.1" 200 -
06:38:35 "POST /collect HTTP/1.1" 200 -
06:38:35 "GET /roster HTTP/1.1" 200 -
06:38:35 "POST /collect HTTP/1.1" 200 -
06:38:35 "POST /collect HTTP/1.1" 200 -
06:38:35 "POST /collect HTTP/1.1" 200 -
06:38:36 "POST /collect HTTP/1.1" 200 -
06:38:36 "POST /collect HTTP/1.1" 200 -
06:38:36 "POST /collect HTTP/1.1" 200 -
06:38:37 "GET /roster HTTP/1.1" 200 -
06:38:37 "POST /collect HTTP/1.1" 200 -
06:38:37 "POST /collect HTTP/1.1" 200 -
06:38:37 "POST /collect HTTP/1.1" 200 -
06:38:37 "POST /collect HTTP/1.1" 200 -
06:38:37 "GET /roster HTTP/1.1" 200 -
06:38:37 "POST /collect HTTP/1.1" 200 -
06:38:38 "POST /collect HTTP/1.1" 200 -
06:38:38 "POST /collect HTTP/1.1" 200 -
06:38:38 "POST /collect HTTP/1.1" 200 -
06:38:38 "POST /collect HTTP/1.1" 200 -
06:38:38 "POST /collect HTTP/1.1" 200 -
06:38:38 "POST /collect HTTP/1.1" 200 -
06:38:39 "GET /roster HTTP/1.1" 200 -
06:38:39 "POST /collect HTTP/1.1" 200 -
06:38:39 "POST /collect HTTP/1.1" 200 -
06:38:39 "GET /roster HTTP/1.1" 200 -
06:38:39 "POST /collect HTTP/1.1" 200 -
06:38:40 "POST /collect HTTP/1.1" 200 -
06:38:40 "POST /collect HTTP/1.1" 200 -
06:38:40 "POST /collect HTTP/1.1" 200 -
06:38:40 "POST /collect HTTP/1.1" 200 -
06:38:40 "POST /collect HTTP/1.1" 200 -
06:38:41 "GET /roster HTTP/1.1" 200 -
06:38:41 "POST /collect HTTP/1.1" 200 -
06:38:41 "POST /collect HTTP/1.1" 200 -
06:38:41 "POST /collect HTTP/1.1" 200 -
06:38:41 "POST /collect HTTP/1.1" 200 -
06:38:41 "GET /roster HTTP/1.1" 200 -
06:38:41 "POST /collect HTTP/1.1" 200 -
06:38:41 "POST /collect HTTP/1.1" 200 -
06:38:42 "POST /collect HTTP/1.1" 200 -
06:38:42 "POST /collect HTTP/1.1" 200 -
06:38:42 "POST /collect HTTP/1.1" 200 -
06:38:43 "GET /roster HTTP/1.1" 200 -
06:38:43 "POST /collect HTTP/1.1" 200 -
06:38:43 "POST /collect HTTP/1.1" 200 -
06:38:43 "POST /collect HTTP/1.1" 200 -
06:38:43 "POST /collect HTTP/1.1" 200 -
06:38:43 "GET /roster HTTP/1.1" 200 -
06:38:43 "POST /collect HTTP/1.1" 200 -
06:38:44 "POST /collect HTTP/1.1" 200 -
06:38:44 "POST /collect HTTP/1.1" 200 -
06:38:44 "POST /collect HTTP/1.1" 200 -
06:38:44 "POST /collect HTTP/1.1" 200 -
06:38:44 "POST /collect HTTP/1.1" 200 -
06:38:44 "POST /collect HTTP/1.1" 200 -
06:38:44 "POST /collect HTTP/1.1" 200 -
06:38:44 "POST /collect HTTP/1.1" 200 -
06:38:44 "POST /collect HTTP/1.1" 200 -
06:38:44 CF PUT /sessions/172904629e72c6b921182307db4bfc9f5350748d6095ff2af788a105dee3f46d/tracks/close -> 200 (179 ms)
06:38:44 "PUT /cf/sessions/172904629e72c6b921182307db4bfc9f5350748d6095ff2af788a105dee3f46d/tracks/close HTTP/1.1" 200 -
06:38:44 "POST /collect HTTP/1.1" 200 -
06:38:45 "POST /collect HTTP/1.1" 200 -
06:38:45 CF PUT /sessions/3fbb13a9d775d08b02d399deb3b675f882ac22fc74138dffe5719f7722dd706d/tracks/close -> 200 (219 ms)
06:38:45 "PUT /cf/sessions/3fbb13a9d775d08b02d399deb3b675f882ac22fc74138dffe5719f7722dd706d/tracks/close HTTP/1.1" 200 -
06:38:45 "GET /roster HTTP/1.1" 200 -
06:38:45 "POST /collect HTTP/1.1" 200 -
06:38:45 "POST /collect HTTP/1.1" 200 -
06:38:45 "POST /collect HTTP/1.1" 200 -
06:38:45 CF PUT /sessions/172904629e72c6b921182307db4bfc9f5350748d6095ff2af788a105dee3f46d/tracks/close -> 200 (193 ms)
06:38:45 "PUT /cf/sessions/172904629e72c6b921182307db4bfc9f5350748d6095ff2af788a105dee3f46d/tracks/close HTTP/1.1" 200 -
06:38:45 "POST /collect HTTP/1.1" 200 -
06:38:45 CF PUT /sessions/3fbb13a9d775d08b02d399deb3b675f882ac22fc74138dffe5719f7722dd706d/tracks/close -> 200 (218 ms)
06:38:45 "PUT /cf/sessions/3fbb13a9d775d08b02d399deb3b675f882ac22fc74138dffe5719f7722dd706d/tracks/close HTTP/1.1" 200 -
06:38:45 "POST /collect HTTP/1.1" 200 -
06:38:45 CF POST /sessions/172904629e72c6b921182307db4bfc9f5350748d6095ff2af788a105dee3f46d/tracks/new -> 200 (195 ms)
06:38:45 "POST /cf/sessions/172904629e72c6b921182307db4bfc9f5350748d6095ff2af788a105dee3f46d/tracks/new HTTP/1.1" 200 -
06:38:45 CF POST /sessions/3fbb13a9d775d08b02d399deb3b675f882ac22fc74138dffe5719f7722dd706d/tracks/new -> 200 (158 ms)
06:38:45 "POST /cf/sessions/3fbb13a9d775d08b02d399deb3b675f882ac22fc74138dffe5719f7722dd706d/tracks/new HTTP/1.1" 200 -
06:38:45 "POST /collect HTTP/1.1" 200 -
06:38:45 CF PUT /sessions/172904629e72c6b921182307db4bfc9f5350748d6095ff2af788a105dee3f46d/renegotiate -> 200 (163 ms)
06:38:45 "PUT /cf/sessions/172904629e72c6b921182307db4bfc9f5350748d6095ff2af788a105dee3f46d/renegotiate HTTP/1.1" 200 -
06:38:45 "POST /collect HTTP/1.1" 200 -
06:38:45 "POST /collect HTTP/1.1" 200 -
06:38:45 "GET /roster HTTP/1.1" 200 -
06:38:45 CF PUT /sessions/3fbb13a9d775d08b02d399deb3b675f882ac22fc74138dffe5719f7722dd706d/renegotiate -> 200 (175 ms)
06:38:45 "PUT /cf/sessions/3fbb13a9d775d08b02d399deb3b675f882ac22fc74138dffe5719f7722dd706d/renegotiate HTTP/1.1" 200 -
06:38:45 "POST /collect HTTP/1.1" 200 -
06:38:45 "POST /collect HTTP/1.1" 200 -
06:38:45 "POST /collect HTTP/1.1" 200 -
06:38:45 "POST /collect HTTP/1.1" 200 -
06:38:45 "POST /collect HTTP/1.1" 200 -
06:38:45 CF POST /sessions/172904629e72c6b921182307db4bfc9f5350748d6095ff2af788a105dee3f46d/tracks/new -> 200 (204 ms)
06:38:45 "POST /cf/sessions/172904629e72c6b921182307db4bfc9f5350748d6095ff2af788a105dee3f46d/tracks/new HTTP/1.1" 200 -
06:38:45 CF POST /sessions/3fbb13a9d775d08b02d399deb3b675f882ac22fc74138dffe5719f7722dd706d/tracks/new -> 200 (147 ms)
06:38:45 "POST /cf/sessions/3fbb13a9d775d08b02d399deb3b675f882ac22fc74138dffe5719f7722dd706d/tracks/new HTTP/1.1" 200 -
06:38:45 CF PUT /sessions/3fbb13a9d775d08b02d399deb3b675f882ac22fc74138dffe5719f7722dd706d/renegotiate -> 200 (139 ms)
06:38:45 "PUT /cf/sessions/3fbb13a9d775d08b02d399deb3b675f882ac22fc74138dffe5719f7722dd706d/renegotiate HTTP/1.1" 200 -
06:38:45 "POST /collect HTTP/1.1" 200 -
06:38:45 CF PUT /sessions/172904629e72c6b921182307db4bfc9f5350748d6095ff2af788a105dee3f46d/renegotiate -> 200 (147 ms)
06:38:45 "PUT /cf/sessions/172904629e72c6b921182307db4bfc9f5350748d6095ff2af788a105dee3f46d/renegotiate HTTP/1.1" 200 -
06:38:45 "POST /collect HTTP/1.1" 200 -
06:38:45 "POST /collect HTTP/1.1" 200 -
06:38:45 "POST /collect HTTP/1.1" 200 -
06:38:46 "POST /collect HTTP/1.1" 200 -
06:38:46 "POST /collect HTTP/1.1" 200 -
06:38:46 "POST /collect HTTP/1.1" 200 -
06:38:46 "POST /collect HTTP/1.1" 200 -
06:38:46 "POST /collect HTTP/1.1" 200 -
06:38:46 "POST /collect HTTP/1.1" 200 -
06:38:46 "POST /collect HTTP/1.1" 200 -
06:38:47 "GET /roster HTTP/1.1" 200 -
06:38:47 "POST /collect HTTP/1.1" 200 -
06:38:47 "POST /collect HTTP/1.1" 200 -
06:38:47 "POST /collect HTTP/1.1" 200 -
06:38:47 "POST /collect HTTP/1.1" 200 -
06:38:47 "GET /roster HTTP/1.1" 200 -
06:38:47 "POST /collect HTTP/1.1" 200 -
06:38:47 "POST /collect HTTP/1.1" 200 -
06:38:48 "POST /collect HTTP/1.1" 200 -
06:38:48 "POST /collect HTTP/1.1" 200 -
06:38:48 "POST /collect HTTP/1.1" 200 -
06:38:49 "GET /roster HTTP/1.1" 200 -
06:38:49 "POST /collect HTTP/1.1" 200 -
06:38:49 "POST /collect HTTP/1.1" 200 -
06:38:49 "POST /collect HTTP/1.1" 200 -
06:38:49 "POST /collect HTTP/1.1" 200 -
06:38:49 "GET /roster HTTP/1.1" 200 -
06:38:49 "POST /collect HTTP/1.1" 200 -
06:38:50 "POST /collect HTTP/1.1" 200 -
06:38:50 "POST /collect HTTP/1.1" 200 -
06:38:50 "POST /collect HTTP/1.1" 200 -
06:38:50 "POST /collect HTTP/1.1" 200 -
06:38:50 "POST /collect HTTP/1.1" 200 -
06:38:50 "POST /collect HTTP/1.1" 200 -
06:38:51 "GET /roster HTTP/1.1" 200 -
06:38:51 "POST /collect HTTP/1.1" 200 -
06:38:51 "POST /collect HTTP/1.1" 200 -
06:38:51 "POST /collect HTTP/1.1" 200 -
06:38:51 "GET /roster HTTP/1.1" 200 -
06:38:52 "POST /collect HTTP/1.1" 200 -
06:38:52 "POST /collect HTTP/1.1" 200 -
06:38:52 "POST /collect HTTP/1.1" 200 -
06:38:52 "POST /collect HTTP/1.1" 200 -
06:38:52 "POST /collect HTTP/1.1" 200 -
06:38:53 "GET /roster HTTP/1.1" 200 -
06:38:53 "POST /collect HTTP/1.1" 200 -
06:38:53 "POST /collect HTTP/1.1" 200 -
06:38:53 "POST /collect HTTP/1.1" 200 -
06:38:53 "POST /collect HTTP/1.1" 200 -
06:38:53 "GET /roster HTTP/1.1" 200 -
06:38:53 "POST /collect HTTP/1.1" 200 -
06:38:53 "POST /collect HTTP/1.1" 200 -
06:38:54 "POST /collect HTTP/1.1" 200 -
06:38:54 "POST /collect HTTP/1.1" 200 -
06:38:54 "POST /collect HTTP/1.1" 200 -
06:38:55 "GET /roster HTTP/1.1" 200 -
06:38:55 "POST /collect HTTP/1.1" 200 -
06:38:55 "POST /collect HTTP/1.1" 200 -
06:38:55 "POST /collect HTTP/1.1" 200 -
06:38:55 "POST /collect HTTP/1.1" 200 -
06:38:55 "GET /roster HTTP/1.1" 200 -
06:38:55 "POST /collect HTTP/1.1" 200 -
06:38:55 "POST /collect HTTP/1.1" 200 -
06:38:55 "POST /collect HTTP/1.1" 200 -
06:38:55 "POST /collect HTTP/1.1" 200 -
06:38:56 "POST /collect HTTP/1.1" 200 -
06:38:56 CF PUT /sessions/3fbb13a9d775d08b02d399deb3b675f882ac22fc74138dffe5719f7722dd706d/tracks/close -> 200 (201 ms)
06:38:56 "PUT /cf/sessions/3fbb13a9d775d08b02d399deb3b675f882ac22fc74138dffe5719f7722dd706d/tracks/close HTTP/1.1" 200 -
06:38:56 CF PUT /sessions/172904629e72c6b921182307db4bfc9f5350748d6095ff2af788a105dee3f46d/tracks/close -> 200 (202 ms)
06:38:56 "PUT /cf/sessions/172904629e72c6b921182307db4bfc9f5350748d6095ff2af788a105dee3f46d/tracks/close HTTP/1.1" 200 -
06:38:56 "POST /collect HTTP/1.1" 200 -
06:38:56 "POST /collect HTTP/1.1" 200 -
06:38:56 "POST /collect HTTP/1.1" 200 -
06:38:56 "POST /collect HTTP/1.1" 200 -
06:38:56 "POST /collect HTTP/1.1" 200 -
06:38:56 CF PUT /sessions/172904629e72c6b921182307db4bfc9f5350748d6095ff2af788a105dee3f46d/tracks/close -> 200 (183 ms)
06:38:56 "PUT /cf/sessions/172904629e72c6b921182307db4bfc9f5350748d6095ff2af788a105dee3f46d/tracks/close HTTP/1.1" 200 -
06:38:56 CF PUT /sessions/3fbb13a9d775d08b02d399deb3b675f882ac22fc74138dffe5719f7722dd706d/tracks/close -> 200 (184 ms)
06:38:56 "PUT /cf/sessions/3fbb13a9d775d08b02d399deb3b675f882ac22fc74138dffe5719f7722dd706d/tracks/close HTTP/1.1" 200 -
06:38:56 "POST /collect HTTP/1.1" 200 -
06:38:56 "POST /collect HTTP/1.1" 200 -
06:38:56 "POST /collect HTTP/1.1" 200 -
06:38:56 "POST /collect HTTP/1.1" 200 -
06:38:56 CF POST /sessions/3fbb13a9d775d08b02d399deb3b675f882ac22fc74138dffe5719f7722dd706d/tracks/new -> 200 (222 ms)
06:38:56 "POST /cf/sessions/3fbb13a9d775d08b02d399deb3b675f882ac22fc74138dffe5719f7722dd706d/tracks/new HTTP/1.1" 200 -
06:38:56 CF POST /sessions/172904629e72c6b921182307db4bfc9f5350748d6095ff2af788a105dee3f46d/tracks/new -> 200 (244 ms)
06:38:56 "POST /cf/sessions/172904629e72c6b921182307db4bfc9f5350748d6095ff2af788a105dee3f46d/tracks/new HTTP/1.1" 200 -
06:38:56 CF PUT /sessions/3fbb13a9d775d08b02d399deb3b675f882ac22fc74138dffe5719f7722dd706d/renegotiate -> 200 (152 ms)
06:38:56 "PUT /cf/sessions/3fbb13a9d775d08b02d399deb3b675f882ac22fc74138dffe5719f7722dd706d/renegotiate HTTP/1.1" 200 -
06:38:56 "POST /collect HTTP/1.1" 200 -
06:38:56 CF PUT /sessions/172904629e72c6b921182307db4bfc9f5350748d6095ff2af788a105dee3f46d/renegotiate -> 200 (160 ms)
06:38:56 "PUT /cf/sessions/172904629e72c6b921182307db4bfc9f5350748d6095ff2af788a105dee3f46d/renegotiate HTTP/1.1" 200 -
06:38:56 "POST /collect HTTP/1.1" 200 -
06:38:56 "POST /collect HTTP/1.1" 200 -
06:38:56 "POST /collect HTTP/1.1" 200 -
06:38:56 "POST /collect HTTP/1.1" 200 -
06:38:56 "POST /collect HTTP/1.1" 200 -
06:38:56 "POST /collect HTTP/1.1" 200 -
06:38:56 "POST /collect HTTP/1.1" 200 -
06:38:57 "GET /roster HTTP/1.1" 200 -
06:38:57 CF POST /sessions/3fbb13a9d775d08b02d399deb3b675f882ac22fc74138dffe5719f7722dd706d/tracks/new -> 200 (243 ms)
06:38:57 "POST /cf/sessions/3fbb13a9d775d08b02d399deb3b675f882ac22fc74138dffe5719f7722dd706d/tracks/new HTTP/1.1" 200 -
06:38:57 CF POST /sessions/172904629e72c6b921182307db4bfc9f5350748d6095ff2af788a105dee3f46d/tracks/new -> 200 (236 ms)
06:38:57 "POST /cf/sessions/172904629e72c6b921182307db4bfc9f5350748d6095ff2af788a105dee3f46d/tracks/new HTTP/1.1" 200 -
06:38:57 "POST /collect HTTP/1.1" 200 -
06:38:57 CF PUT /sessions/3fbb13a9d775d08b02d399deb3b675f882ac22fc74138dffe5719f7722dd706d/renegotiate -> 200 (171 ms)
06:38:57 "PUT /cf/sessions/3fbb13a9d775d08b02d399deb3b675f882ac22fc74138dffe5719f7722dd706d/renegotiate HTTP/1.1" 200 -
06:38:57 "POST /collect HTTP/1.1" 200 -
06:38:57 CF PUT /sessions/172904629e72c6b921182307db4bfc9f5350748d6095ff2af788a105dee3f46d/renegotiate -> 200 (191 ms)
06:38:57 "PUT /cf/sessions/172904629e72c6b921182307db4bfc9f5350748d6095ff2af788a105dee3f46d/renegotiate HTTP/1.1" 200 -
06:38:57 "POST /collect HTTP/1.1" 200 -
06:38:57 "POST /collect HTTP/1.1" 200 -
06:38:57 "POST /collect HTTP/1.1" 200 -
06:38:57 "POST /collect HTTP/1.1" 200 -
06:38:57 "POST /collect HTTP/1.1" 200 -
06:38:57 "POST /collect HTTP/1.1" 200 -
06:38:57 "POST /collect HTTP/1.1" 200 -
06:38:57 "POST /collect HTTP/1.1" 200 -
06:38:57 "GET /roster HTTP/1.1" 200 -
06:38:58 "POST /collect HTTP/1.1" 200 -
06:38:58 "POST /collect HTTP/1.1" 200 -
06:38:58 "POST /collect HTTP/1.1" 200 -
06:38:58 "POST /collect HTTP/1.1" 200 -
06:38:58 "POST /collect HTTP/1.1" 200 -
06:38:59 "GET /roster HTTP/1.1" 200 -
06:38:59 "POST /collect HTTP/1.1" 200 -
06:38:59 "POST /collect HTTP/1.1" 200 -
06:38:59 "POST /collect HTTP/1.1" 200 -
06:38:59 "POST /collect HTTP/1.1" 200 -
06:38:59 "GET /roster HTTP/1.1" 200 -
06:38:59 "POST /collect HTTP/1.1" 200 -
06:38:59 "POST /collect HTTP/1.1" 200 -
06:39:00 "POST /collect HTTP/1.1" 200 -
06:39:00 "POST /collect HTTP/1.1" 200 -
06:39:00 "POST /collect HTTP/1.1" 200 -
06:39:01 "GET /roster HTTP/1.1" 200 -
06:39:01 "POST /collect HTTP/1.1" 200 -
06:39:01 "POST /collect HTTP/1.1" 200 -
06:39:01 "POST /collect HTTP/1.1" 200 -
06:39:01 "POST /collect HTTP/1.1" 200 -
06:39:01 "GET /roster HTTP/1.1" 200 -
06:39:01 "POST /collect HTTP/1.1" 200 -
06:39:02 "POST /collect HTTP/1.1" 200 -
06:39:02 "POST /collect HTTP/1.1" 200 -
06:39:02 "POST /collect HTTP/1.1" 200 -
06:39:02 "POST /collect HTTP/1.1" 200 -
06:39:02 "POST /collect HTTP/1.1" 200 -
06:39:02 "POST /collect HTTP/1.1" 200 -
06:39:03 "GET /roster HTTP/1.1" 200 -
06:39:03 "POST /collect HTTP/1.1" 200 -
06:39:03 "POST /collect HTTP/1.1" 200 -
06:39:03 "POST /collect HTTP/1.1" 200 -
06:39:03 "GET /roster HTTP/1.1" 200 -
06:39:04 "POST /collect HTTP/1.1" 200 -
06:39:04 "POST /collect HTTP/1.1" 200 -
06:39:04 "POST /collect HTTP/1.1" 200 -
06:39:04 "POST /collect HTTP/1.1" 200 -
06:39:04 "POST /collect HTTP/1.1" 200 -
06:39:05 "GET /roster HTTP/1.1" 200 -
06:39:05 "POST /collect HTTP/1.1" 200 -
06:39:05 "POST /collect HTTP/1.1" 200 -
06:39:05 "POST /collect HTTP/1.1" 200 -
06:39:05 "POST /collect HTTP/1.1" 200 -
06:39:05 "GET /roster HTTP/1.1" 200 -
06:39:05 "POST /collect HTTP/1.1" 200 -
06:39:05 "POST /collect HTTP/1.1" 200 -
06:39:06 "POST /collect HTTP/1.1" 200 -
06:39:06 "POST /collect HTTP/1.1" 200 -
06:39:06 "POST /collect HTTP/1.1" 200 -
06:39:07 "GET /roster HTTP/1.1" 200 -
06:39:07 "POST /collect HTTP/1.1" 200 -
06:39:07 "POST /collect HTTP/1.1" 200 -
06:39:07 "POST /collect HTTP/1.1" 200 -
06:39:07 "POST /collect HTTP/1.1" 200 -
06:39:07 "POST /collect HTTP/1.1" 200 -
06:39:07 "POST /collect HTTP/1.1" 200 -
06:39:07 "POST /collect HTTP/1.1" 200 -
06:39:07 CF PUT /sessions/3fbb13a9d775d08b02d399deb3b675f882ac22fc74138dffe5719f7722dd706d/tracks/close -> 200 (220 ms)
06:39:07 "PUT /cf/sessions/3fbb13a9d775d08b02d399deb3b675f882ac22fc74138dffe5719f7722dd706d/tracks/close HTTP/1.1" 200 -
06:39:07 "GET /roster HTTP/1.1" 200 -
06:39:07 "POST /collect HTTP/1.1" 200 -
06:39:07 CF PUT /sessions/172904629e72c6b921182307db4bfc9f5350748d6095ff2af788a105dee3f46d/tracks/close -> 200 (230 ms)
06:39:07 "PUT /cf/sessions/172904629e72c6b921182307db4bfc9f5350748d6095ff2af788a105dee3f46d/tracks/close HTTP/1.1" 200 -
06:39:07 "POST /collect HTTP/1.1" 200 -
06:39:07 "POST /collect HTTP/1.1" 200 -
06:39:07 "POST /collect HTTP/1.1" 200 -
06:39:07 "POST /collect HTTP/1.1" 200 -
06:39:07 CF PUT /sessions/3fbb13a9d775d08b02d399deb3b675f882ac22fc74138dffe5719f7722dd706d/tracks/close -> 200 (224 ms)
06:39:07 "PUT /cf/sessions/3fbb13a9d775d08b02d399deb3b675f882ac22fc74138dffe5719f7722dd706d/tracks/close HTTP/1.1" 200 -
06:39:07 "POST /collect HTTP/1.1" 200 -
06:39:07 CF PUT /sessions/172904629e72c6b921182307db4bfc9f5350748d6095ff2af788a105dee3f46d/tracks/close -> 200 (235 ms)
06:39:07 "PUT /cf/sessions/172904629e72c6b921182307db4bfc9f5350748d6095ff2af788a105dee3f46d/tracks/close HTTP/1.1" 200 -
06:39:07 "POST /collect HTTP/1.1" 200 -
06:39:08 CF POST /sessions/3fbb13a9d775d08b02d399deb3b675f882ac22fc74138dffe5719f7722dd706d/tracks/new -> 200 (160 ms)
06:39:08 "POST /cf/sessions/3fbb13a9d775d08b02d399deb3b675f882ac22fc74138dffe5719f7722dd706d/tracks/new HTTP/1.1" 200 -
06:39:08 CF POST /sessions/172904629e72c6b921182307db4bfc9f5350748d6095ff2af788a105dee3f46d/tracks/new -> 200 (161 ms)
06:39:08 "POST /cf/sessions/172904629e72c6b921182307db4bfc9f5350748d6095ff2af788a105dee3f46d/tracks/new HTTP/1.1" 200 -
06:39:08 "POST /collect HTTP/1.1" 200 -
06:39:08 CF PUT /sessions/3fbb13a9d775d08b02d399deb3b675f882ac22fc74138dffe5719f7722dd706d/renegotiate -> 200 (151 ms)
06:39:08 "PUT /cf/sessions/3fbb13a9d775d08b02d399deb3b675f882ac22fc74138dffe5719f7722dd706d/renegotiate HTTP/1.1" 200 -
06:39:08 "POST /collect HTTP/1.1" 200 -
06:39:08 CF PUT /sessions/172904629e72c6b921182307db4bfc9f5350748d6095ff2af788a105dee3f46d/renegotiate -> 200 (133 ms)
06:39:08 "PUT /cf/sessions/172904629e72c6b921182307db4bfc9f5350748d6095ff2af788a105dee3f46d/renegotiate HTTP/1.1" 200 -
06:39:08 "POST /collect HTTP/1.1" 200 -
06:39:08 "POST /collect HTTP/1.1" 200 -
06:39:08 "POST /collect HTTP/1.1" 200 -
06:39:08 "POST /collect HTTP/1.1" 200 -
06:39:08 CF POST /sessions/3fbb13a9d775d08b02d399deb3b675f882ac22fc74138dffe5719f7722dd706d/tracks/new -> 200 (142 ms)
06:39:08 "POST /cf/sessions/3fbb13a9d775d08b02d399deb3b675f882ac22fc74138dffe5719f7722dd706d/tracks/new HTTP/1.1" 200 -
06:39:08 CF POST /sessions/172904629e72c6b921182307db4bfc9f5350748d6095ff2af788a105dee3f46d/tracks/new -> 200 (157 ms)
06:39:08 "POST /cf/sessions/172904629e72c6b921182307db4bfc9f5350748d6095ff2af788a105dee3f46d/tracks/new HTTP/1.1" 200 -
06:39:08 "POST /collect HTTP/1.1" 200 -
06:39:08 "POST /collect HTTP/1.1" 200 -
06:39:08 CF PUT /sessions/3fbb13a9d775d08b02d399deb3b675f882ac22fc74138dffe5719f7722dd706d/renegotiate -> 200 (177 ms)
06:39:08 "PUT /cf/sessions/3fbb13a9d775d08b02d399deb3b675f882ac22fc74138dffe5719f7722dd706d/renegotiate HTTP/1.1" 200 -
06:39:08 "POST /collect HTTP/1.1" 200 -
06:39:08 "POST /collect HTTP/1.1" 200 -
06:39:08 CF PUT /sessions/172904629e72c6b921182307db4bfc9f5350748d6095ff2af788a105dee3f46d/renegotiate -> 200 (181 ms)
06:39:08 "PUT /cf/sessions/172904629e72c6b921182307db4bfc9f5350748d6095ff2af788a105dee3f46d/renegotiate HTTP/1.1" 200 -
06:39:08 "POST /collect HTTP/1.1" 200 -
06:39:08 "POST /collect HTTP/1.1" 200 -
06:39:08 "POST /collect HTTP/1.1" 200 -
06:39:08 "POST /collect HTTP/1.1" 200 -
06:39:08 "POST /collect HTTP/1.1" 200 -
06:39:08 "POST /collect HTTP/1.1" 200 -
06:39:08 "POST /collect HTTP/1.1" 200 -
06:39:08 "POST /collect HTTP/1.1" 200 -
06:39:09 "GET /roster HTTP/1.1" 200 -
06:39:09 "POST /collect HTTP/1.1" 200 -
06:39:09 "POST /collect HTTP/1.1" 200 -
06:39:09 "POST /collect HTTP/1.1" 200 -
06:39:09 "GET /roster HTTP/1.1" 200 -
06:39:10 "POST /collect HTTP/1.1" 200 -
06:39:10 "POST /collect HTTP/1.1" 200 -
06:39:10 "POST /collect HTTP/1.1" 200 -
06:39:10 "POST /collect HTTP/1.1" 200 -
06:39:10 "POST /collect HTTP/1.1" 200 -
06:39:11 "GET /roster HTTP/1.1" 200 -
06:39:11 "POST /collect HTTP/1.1" 200 -
06:39:11 "POST /collect HTTP/1.1" 200 -
06:39:11 "POST /collect HTTP/1.1" 200 -
06:39:11 "POST /collect HTTP/1.1" 200 -
06:39:11 "GET /roster HTTP/1.1" 200 -
06:39:11 "POST /collect HTTP/1.1" 200 -
06:39:11 "POST /collect HTTP/1.1" 200 -
06:39:12 "POST /collect HTTP/1.1" 200 -
06:39:12 "POST /collect HTTP/1.1" 200 -
06:39:12 "POST /collect HTTP/1.1" 200 -
06:39:13 "GET /roster HTTP/1.1" 200 -
06:39:13 "POST /collect HTTP/1.1" 200 -
06:39:13 "POST /collect HTTP/1.1" 200 -
06:39:13 "POST /collect HTTP/1.1" 200 -
06:39:13 "POST /collect HTTP/1.1" 200 -
06:39:13 "GET /roster HTTP/1.1" 200 -
06:39:13 "POST /collect HTTP/1.1" 200 -
06:39:14 "POST /collect HTTP/1.1" 200 -
06:39:14 "POST /collect HTTP/1.1" 200 -
06:39:14 "POST /collect HTTP/1.1" 200 -
06:39:14 "POST /collect HTTP/1.1" 200 -
06:39:14 "POST /collect HTTP/1.1" 200 -
06:39:14 "POST /collect HTTP/1.1" 200 -
06:39:15 "GET /roster HTTP/1.1" 200 -
06:39:15 "POST /collect HTTP/1.1" 200 -
06:39:15 "POST /collect HTTP/1.1" 200 -
06:39:15 "POST /collect HTTP/1.1" 200 -
06:39:15 "GET /roster HTTP/1.1" 200 -
06:39:16 "POST /collect HTTP/1.1" 200 -
06:39:16 "POST /collect HTTP/1.1" 200 -
06:39:16 "POST /collect HTTP/1.1" 200 -
06:39:16 "POST /collect HTTP/1.1" 200 -
06:39:16 "POST /collect HTTP/1.1" 200 -
06:39:17 "GET /roster HTTP/1.1" 200 -
06:39:17 "POST /collect HTTP/1.1" 200 -
06:39:17 "POST /collect HTTP/1.1" 200 -
06:39:17 "POST /collect HTTP/1.1" 200 -
06:39:17 "POST /collect HTTP/1.1" 200 -
06:39:17 "GET /roster HTTP/1.1" 200 -
06:39:17 "POST /collect HTTP/1.1" 200 -
06:39:17 "POST /collect HTTP/1.1" 200 -
06:39:18 "POST /collect HTTP/1.1" 200 -
06:39:18 "POST /collect HTTP/1.1" 200 -
06:39:18 "POST /collect HTTP/1.1" 200 -
06:39:18 "POST /collect HTTP/1.1" 200 -
06:39:18 "POST /collect HTTP/1.1" 200 -
06:39:18 "POST /collect HTTP/1.1" 200 -
06:39:18 CF PUT /sessions/3fbb13a9d775d08b02d399deb3b675f882ac22fc74138dffe5719f7722dd706d/tracks/close -> 200 (207 ms)
06:39:18 "PUT /cf/sessions/3fbb13a9d775d08b02d399deb3b675f882ac22fc74138dffe5719f7722dd706d/tracks/close HTTP/1.1" 200 -
06:39:18 CF PUT /sessions/172904629e72c6b921182307db4bfc9f5350748d6095ff2af788a105dee3f46d/tracks/close -> 200 (204 ms)
06:39:18 "PUT /cf/sessions/172904629e72c6b921182307db4bfc9f5350748d6095ff2af788a105dee3f46d/tracks/close HTTP/1.1" 200 -
06:39:18 "POST /collect HTTP/1.1" 200 -
06:39:18 "POST /collect HTTP/1.1" 200 -
06:39:18 "POST /collect HTTP/1.1" 200 -
06:39:18 "POST /collect HTTP/1.1" 200 -
06:39:19 CF PUT /sessions/172904629e72c6b921182307db4bfc9f5350748d6095ff2af788a105dee3f46d/tracks/close -> 200 (213 ms)
06:39:19 "PUT /cf/sessions/172904629e72c6b921182307db4bfc9f5350748d6095ff2af788a105dee3f46d/tracks/close HTTP/1.1" 200 -
06:39:19 CF PUT /sessions/3fbb13a9d775d08b02d399deb3b675f882ac22fc74138dffe5719f7722dd706d/tracks/close -> 200 (218 ms)
06:39:19 "PUT /cf/sessions/3fbb13a9d775d08b02d399deb3b675f882ac22fc74138dffe5719f7722dd706d/tracks/close HTTP/1.1" 200 -
06:39:19 "POST /collect HTTP/1.1" 200 -
06:39:19 "GET /roster HTTP/1.1" 200 -
06:39:19 "POST /collect HTTP/1.1" 200 -
06:39:19 CF POST /sessions/172904629e72c6b921182307db4bfc9f5350748d6095ff2af788a105dee3f46d/tracks/new -> 200 (185 ms)
06:39:19 "POST /cf/sessions/172904629e72c6b921182307db4bfc9f5350748d6095ff2af788a105dee3f46d/tracks/new HTTP/1.1" 200 -
06:39:19 CF POST /sessions/3fbb13a9d775d08b02d399deb3b675f882ac22fc74138dffe5719f7722dd706d/tracks/new -> 200 (183 ms)
06:39:19 "POST /cf/sessions/3fbb13a9d775d08b02d399deb3b675f882ac22fc74138dffe5719f7722dd706d/tracks/new HTTP/1.1" 200 -
06:39:19 CF PUT /sessions/172904629e72c6b921182307db4bfc9f5350748d6095ff2af788a105dee3f46d/renegotiate -> 200 (165 ms)
06:39:19 "PUT /cf/sessions/172904629e72c6b921182307db4bfc9f5350748d6095ff2af788a105dee3f46d/renegotiate HTTP/1.1" 200 -
06:39:19 "POST /collect HTTP/1.1" 200 -
06:39:19 CF PUT /sessions/3fbb13a9d775d08b02d399deb3b675f882ac22fc74138dffe5719f7722dd706d/renegotiate -> 200 (175 ms)
06:39:19 "PUT /cf/sessions/3fbb13a9d775d08b02d399deb3b675f882ac22fc74138dffe5719f7722dd706d/renegotiate HTTP/1.1" 200 -
06:39:19 "POST /collect HTTP/1.1" 200 -
06:39:19 "POST /collect HTTP/1.1" 200 -
06:39:19 "POST /collect HTTP/1.1" 200 -
06:39:19 "POST /collect HTTP/1.1" 200 -
06:39:19 "POST /collect HTTP/1.1" 200 -
06:39:19 "POST /collect HTTP/1.1" 200 -
06:39:19 "POST /collect HTTP/1.1" 200 -
06:39:19 "POST /collect HTTP/1.1" 200 -
06:39:19 CF POST /sessions/172904629e72c6b921182307db4bfc9f5350748d6095ff2af788a105dee3f46d/tracks/new -> 200 (169 ms)
06:39:19 CF POST /sessions/3fbb13a9d775d08b02d399deb3b675f882ac22fc74138dffe5719f7722dd706d/tracks/new -> 200 (146 ms)
06:39:19 "POST /cf/sessions/172904629e72c6b921182307db4bfc9f5350748d6095ff2af788a105dee3f46d/tracks/new HTTP/1.1" 200 -
06:39:19 "POST /cf/sessions/3fbb13a9d775d08b02d399deb3b675f882ac22fc74138dffe5719f7722dd706d/tracks/new HTTP/1.1" 200 -
06:39:19 "POST /collect HTTP/1.1" 200 -
06:39:19 "GET /roster HTTP/1.1" 200 -
06:39:19 "POST /collect HTTP/1.1" 200 -
06:39:19 CF PUT /sessions/172904629e72c6b921182307db4bfc9f5350748d6095ff2af788a105dee3f46d/renegotiate -> 200 (167 ms)
06:39:19 "PUT /cf/sessions/172904629e72c6b921182307db4bfc9f5350748d6095ff2af788a105dee3f46d/renegotiate HTTP/1.1" 200 -
06:39:19 CF PUT /sessions/3fbb13a9d775d08b02d399deb3b675f882ac22fc74138dffe5719f7722dd706d/renegotiate -> 200 (166 ms)
06:39:19 "PUT /cf/sessions/3fbb13a9d775d08b02d399deb3b675f882ac22fc74138dffe5719f7722dd706d/renegotiate HTTP/1.1" 200 -
06:39:19 "POST /collect HTTP/1.1" 200 -
06:39:19 "POST /collect HTTP/1.1" 200 -
06:39:19 "POST /collect HTTP/1.1" 200 -
06:39:19 "POST /collect HTTP/1.1" 200 -
06:39:19 "POST /collect HTTP/1.1" 200 -
06:39:19 "POST /collect HTTP/1.1" 200 -
06:39:20 "POST /collect HTTP/1.1" 200 -
06:39:20 "POST /collect HTTP/1.1" 200 -
06:39:20 "POST /collect HTTP/1.1" 200 -
06:39:20 "POST /collect HTTP/1.1" 200 -
06:39:20 "POST /collect HTTP/1.1" 200 -
06:39:20 "POST /collect HTTP/1.1" 200 -
06:39:20 "POST /collect HTTP/1.1" 200 -
06:39:21 "GET /roster HTTP/1.1" 200 -
06:39:21 "POST /collect HTTP/1.1" 200 -
06:39:21 "POST /collect HTTP/1.1" 200 -
06:39:21 "POST /collect HTTP/1.1" 200 -
06:39:21 "GET /roster HTTP/1.1" 200 -
06:39:22 "POST /collect HTTP/1.1" 200 -
06:39:22 "POST /collect HTTP/1.1" 200 -
06:39:22 "POST /collect HTTP/1.1" 200 -
06:39:23 "POST /collect HTTP/1.1" 200 -
06:39:23 "POST /collect HTTP/1.1" 200 -
