[mp4 @ 0x91b010500] Packet duration: -1024 / dts: 1024 in stream 1 is out of range
[mp4 @ 0x91b010500] pts has no value
[mp4 @ 0x91b010500] Packet duration: -1024 / dts: 3072 in stream 1 is out of range
[mp4 @ 0x91b010500] pts has no value
[mp4 @ 0x91b010500] Packet duration: -1024 / dts: 5120 in stream 1 is out of range
[mp4 @ 0x91b010500] pts has no value
[2m2026-08-26T07:56:28.080178Z[0m [32m INFO[0m [2mmoq_native_ietf::quic[0m[2m:[0m UDP socket bound [3mbind[0m[2m=[0m[::]:0 [3mlocal[0m[2m=[0m[::]:32833 [3mdual_stack[0m[2m=[0mtrue
[2m2026-08-26T07:56:28.080318Z[0m [32m INFO[0m [2mmoq_pub[0m[2m:[0m connecting to relay: url=https://draft-14.cloudflare.mediaoverquic.com/
[mp4 @ 0x91b010500] Packet duration: -1024 / dts: 6144 in stream 1 is out of range
[mp4 @ 0x91b010500] pts has no value
[mp4 @ 0x91b010500] Packet duration: -1024 / dts: 8192 in stream 1 is out of range
[mp4 @ 0x91b010500] pts has no value
[mp4 @ 0x91b010500] Packet duration: -1024 / dts: 9216 in stream 1 is out of range
[mp4 @ 0x91b010500] pts has no value
[mp4 @ 0x91b010500] Packet duration: -1024 / dts: 11264 in stream 1 is out of range
[mp4 @ 0x91b010500] pts has no value
[mp4 @ 0x91b010500] Packet duration: -1024 / dts: 12288 in stream 1 is out of range
[mp4 @ 0x91b010500] pts has no value
[mp4 @ 0x91b010500] Packet duration: -1024 / dts: 14336 in stream 1 is out of range
[mp4 @ 0x91b010500] pts has no value
[2m2026-08-26T07:56:28.267553Z[0m [32m INFO[0m [2mmoq_pub[0m[2m:[0m connected with CID: dd46b9b2dea5699a29b2f9307074b7d5 (use this to look up qlog/mlog on server)
[mp4 @ 0x91b010500] Packet duration: -1024 / dts: 16384 in stream 1 is out of range
[mp4 @ 0x91b010500] pts has no value
[2m2026-08-26T07:56:28.302820Z[0m [32m INFO[0m [2mmoq_pub::media[0m[2m:[0m catalog: {
  "version": 1,
  "streamingFormat": 1,
  "streamingFormatVersion": "0.2",
  "supportsDeltaUpdates": true,
  "commonTrackFields": {
    "namespace": "/elektron-shim-test",
    "packaging": "cmaf",
    "renderGroup": 1
  },
  "tracks": [
    {
      "name": "1.m4s",
      "initTrack": "0.mp4",
      "selectionParams": {
        "codec": "avc1.42C01F",
        "width": 1280,
        "height": 720
      }
    },
    {
      "name": "2.m4s",
      "initTrack": "0.mp4",
      "selectionParams": {
        "codec": "mp4a.40.2",
        "bitrate": 64000,
        "samplerate": 48000,
        "channelConfig": "2"
      }
    }
  ]
}
timestamp: 0 segment: 0:0 priority: 127
timestamp: 0 segment: 0:0 priority: 127
timestamp: 2048 segment: 1:0 priority: 127
[mp4 @ 0x91b010500] Packet duration: -1024 / dts: 17408 in stream 1 is out of range
[mp4 @ 0x91b010500] pts has no value
[mp4 @ 0x91b010500] Packet duration: -1024 / dts: 19456 in stream 1 is out of range
[mp4 @ 0x91b010500] pts has no value
[mp4 @ 0x91b010500] Packet duration: -1024 / dts: 20480 in stream 1 is out of range
[mp4 @ 0x91b010500] pts has no value
[mp4 @ 0x91b010500] Packet duration: -1024 / dts: 22528 in stream 1 is out of range
[mp4 @ 0x91b010500] pts has no value
[mp4 @ 0x91b010500] Packet duration: -1024 / dts: 23552 in stream 1 is out of range
[mp4 @ 0x91b010500] pts has no value
[mp4 @ 0x91b010500] Packet duration: -1024 / dts: 25600 in stream 1 is out of range
[mp4 @ 0x91b010500] pts has no value
[mp4 @ 0x91b010500] Packet duration: -1024 / dts: 26624 in stream 1 is out of range
[mp4 @ 0x91b010500] pts has no value
[mp4 @ 0x91b010500] Packet duration: -1024 / dts: 28672 in stream 1 is out of range
[mp4 @ 0x91b010500] pts has no value
[mp4 @ 0x91b010500] Packet duration: -1024 / dts: 30720 in stream 1 is out of range
[mp4 @ 0x91b010500] pts has no value
[mp4 @ 0x91b010500] Packet duration: -1024 / dts: 31744 in stream 1 is out of range
[mp4 @ 0x91b010500] pts has no value
[mp4 @ 0x91b010500] Packet duration: -1024 / dts: 33792 in stream 1 is out of range
[mp4 @ 0x91b010500] pts has no value
[mp4 @ 0x91b010500] Packet duration: -1024 / dts: 34816 in stream 1 is out of range
[mp4 @ 0x91b010500] pts has no value
[mp4 @ 0x91b010500] Packet duration: -1024 / dts: 36864 in stream 1 is out of range
[mp4 @ 0x91b010500] pts has no value
[mp4 @ 0x91b010500] Packet duration: -1024 / dts: 37888 in stream 1 is out of range
[mp4 @ 0x91b010500] pts has no value
[mp4 @ 0x91b010500] Packet duration: -1024 / dts: 39936 in stream 1 is out of range
[mp4 @ 0x91b010500] pts has no value
[mp4 @ 0x91b010500] Packet duration: -1024 / dts: 41984 in stream 1 is out of range
[mp4 @ 0x91b010500] pts has no value
[mp4 @ 0x91b010500] Packet duration: -1024 / dts: 43008 in stream 1 is out of range
[mp4 @ 0x91b010500] pts has no value
[mp4 @ 0x91b010500] Packet duration: -1024 / dts: 45056 in stream 1 is out of range
[mp4 @ 0x91b010500] pts has no value
[mp4 @ 0x91b010500] Packet duration: -1024 / dts: 46080 in stream 1 is out of range
[mp4 @ 0x91b010500] pts has no value
[mp4 @ 0x91b010500] Packet duration: -1024 / dts: 48128 in stream 1 is out of range
[mp4 @ 0x91b010500] pts has no value
[mp4 @ 0x91b010500] Packet duration: -1024 / dts: 49152 in stream 1 is out of range
[mp4 @ 0x91b010500] pts has no value
timestamp: 15688 segment: 1:0 priority: 127
timestamp: 50176 segment: 2:0 priority: 127
[mp4 @ 0x91b010500] Packet duration: -1024 / dts: 51200 in stream 1 is out of range
[mp4 @ 0x91b010500] pts has no value
[mp4 @ 0x91b010500] Packet duration: -1024 / dts: 52224 in stream 1 is out of range
[mp4 @ 0x91b010500] pts has no value
[mp4 @ 0x91b010500] Packet duration: -1024 / dts: 54272 in stream 1 is out of range
[mp4 @ 0x91b010500] pts has no value
[mp4 @ 0x91b010500] Packet duration: -1024 / dts: 56320 in stream 1 is out of range
[mp4 @ 0x91b010500] pts has no value
[mp4 @ 0x91b010500] Packet duration: -1024 / dts: 57344 in stream 1 is out of range
[mp4 @ 0x91b010500] pts has no value
[mp4 @ 0x91b010500] Packet duration: -1024 / dts: 59392 in stream 1 is out of range
[mp4 @ 0x91b010500] pts has no value
[mp4 @ 0x91b010500] Packet duration: -1024 / dts: 60416 in stream 1 is out of range
[mp4 @ 0x91b010500] pts has no value
[mp4 @ 0x91b010500] Packet duration: -1024 / dts: 62464 in stream 1 is out of range
[mp4 @ 0x91b010500] pts has no value
[mp4 @ 0x91b010500] Packet duration: -1024 / dts: 63488 in stream 1 is out of range
[mp4 @ 0x91b010500] pts has no value
[mp4 @ 0x91b010500] Packet duration: -1024 / dts: 65536 in stream 1 is out of range
[mp4 @ 0x91b010500] pts has no value
[mp4 @ 0x91b010500] Packet duration: -1024 / dts: 67584 in stream 1 is out of range
[mp4 @ 0x91b010500] pts has no value
[mp4 @ 0x91b010500] Packet duration: -1024 / dts: 68608 in stream 1 is out of range
[mp4 @ 0x91b010500] pts has no value
[mp4 @ 0x91b010500] Packet duration: -1024 / dts: 70656 in stream 1 is out of range
[mp4 @ 0x91b010500] pts has no value
[mp4 @ 0x91b010500] Packet duration: -1024 / dts: 71680 in stream 1 is out of range
[mp4 @ 0x91b010500] pts has no value
[mp4 @ 0x91b010500] Packet duration: -1024 / dts: 73728 in stream 1 is out of range
[mp4 @ 0x91b010500] pts has no value
[mp4 @ 0x91b010500] Packet duration: -1024 / dts: 74752 in stream 1 is out of range
[mp4 @ 0x91b010500] pts has no value
[mp4 @ 0x91b010500] Packet duration: -1024 / dts: 76800 in stream 1 is out of range
[mp4 @ 0x91b010500] pts has no value
[mp4 @ 0x91b010500] Packet duration: -1024 / dts: 77824 in stream 1 is out of range
[mp4 @ 0x91b010500] pts has no value
[mp4 @ 0x91b010500] Packet duration: -1024 / dts: 79872 in stream 1 is out of range
[mp4 @ 0x91b010500] pts has no value
[mp4 @ 0x91b010500] Packet duration: -1024 / dts: 81920 in stream 1 is out of range
[mp4 @ 0x91b010500] pts has no value
[mp4 @ 0x91b010500] Packet duration: -1024 / dts: 82944 in stream 1 is out of range
[mp4 @ 0x91b010500] pts has no value
[mp4 @ 0x91b010500] Packet duration: -1024 / dts: 84992 in stream 1 is out of range
[mp4 @ 0x91b010500] pts has no value
[mp4 @ 0x91b010500] Packet duration: -1024 / dts: 86016 in stream 1 is out of range
[mp4 @ 0x91b010500] pts has no value
[mp4 @ 0x91b010500] Packet duration: -1024 / dts: 88064 in stream 1 is out of range
[mp4 @ 0x91b010500] pts has no value
[mp4 @ 0x91b010500] Packet duration: -1024 / dts: 89088 in stream 1 is out of range
[mp4 @ 0x91b010500] pts has no value
[mp4 @ 0x91b010500] Packet duration: -1024 / dts: 91136 in stream 1 is out of range
[mp4 @ 0x91b010500] pts has no value
[mp4 @ 0x91b010500] Packet duration: -1024 / dts: 93184 in stream 1 is out of range
[mp4 @ 0x91b010500] pts has no value
[mp4 @ 0x91b010500] Packet duration: -1024 / dts: 94208 in stream 1 is out of range
[mp4 @ 0x91b010500] pts has no value
[mp4 @ 0x91b010500] Packet duration: -1024 / dts: 96256 in stream 1 is out of range
[mp4 @ 0x91b010500] pts has no value
[mp4 @ 0x91b010500] Packet duration: -1024 / dts: 97280 in stream 1 is out of range
[mp4 @ 0x91b010500] pts has no value
timestamp: 31048 segment: 2:0 priority: 127
timestamp: 98304 segment: 3:0 priority: 127
[mp4 @ 0x91b010500] Packet duration: -1024 / dts: 99328 in stream 1 is out of range
[mp4 @ 0x91b010500] pts has no value
[mp4 @ 0x91b010500] Packet duration: -1024 / dts: 100352 in stream 1 is out of range
[mp4 @ 0x91b010500] pts has no value
[mp4 @ 0x91b010500] Packet duration: -1024 / dts: 102400 in stream 1 is out of range
[mp4 @ 0x91b010500] pts has no value
[mp4 @ 0x91b010500] Packet duration: -1024 / dts: 103424 in stream 1 is out of range
[mp4 @ 0x91b010500] pts has no value
[mp4 @ 0x91b010500] Packet duration: -1024 / dts: 105472 in stream 1 is out of range
[mp4 @ 0x91b010500] pts has no value
[mp4 @ 0x91b010500] Packet duration: -1024 / dts: 107520 in stream 1 is out of range
[mp4 @ 0x91b010500] pts has no value
[mp4 @ 0x91b010500] Packet duration: -1024 / dts: 108544 in stream 1 is out of range
[mp4 @ 0x91b010500] pts has no value
[mp4 @ 0x91b010500] Packet duration: -1024 / dts: 110592 in stream 1 is out of range
[mp4 @ 0x91b010500] pts has no value
[mp4 @ 0x91b010500] Packet duration: -1024 / dts: 111616 in stream 1 is out of range
[mp4 @ 0x91b010500] pts has no value
[mp4 @ 0x91b010500] Packet duration: -1024 / dts: 113664 in stream 1 is out of range
[mp4 @ 0x91b010500] pts has no value
[mp4 @ 0x91b010500] Packet duration: -1024 / dts: 114688 in stream 1 is out of range
[mp4 @ 0x91b010500] pts has no value
[mp4 @ 0x91b010500] Packet duration: -1024 / dts: 116736 in stream 1 is out of range
[mp4 @ 0x91b010500] pts has no value
[mp4 @ 0x91b010500] Packet duration: -1024 / dts: 118784 in stream 1 is out of range
[mp4 @ 0x91b010500] pts has no value
[mp4 @ 0x91b010500] Packet duration: -1024 / dts: 119808 in stream 1 is out of range
[mp4 @ 0x91b010500] pts has no value
[mp4 @ 0x91b010500] Packet duration: -1024 / dts: 121856 in stream 1 is out of range
[mp4 @ 0x91b010500] pts has no value
[mp4 @ 0x91b010500] Packet duration: -1024 / dts: 122880 in stream 1 is out of range
[mp4 @ 0x91b010500] pts has no value
[mp4 @ 0x91b010500] Packet duration: -1024 / dts: 124928 in stream 1 is out of range
[mp4 @ 0x91b010500] pts has no value
[mp4 @ 0x91b010500] Packet duration: -1024 / dts: 125952 in stream 1 is out of range
[mp4 @ 0x91b010500] pts has no value
[mp4 @ 0x91b010500] Packet duration: -1024 / dts: 128000 in stream 1 is out of range
[mp4 @ 0x91b010500] pts has no value
[mp4 @ 0x91b010500] Packet duration: -1024 / dts: 129024 in stream 1 is out of range
[mp4 @ 0x91b010500] pts has no value
[mp4 @ 0x91b010500] Packet duration: -1024 / dts: 131072 in stream 1 is out of range
[mp4 @ 0x91b010500] pts has no value
[mp4 @ 0x91b010500] Packet duration: -1024 / dts: 133120 in stream 1 is out of range
[mp4 @ 0x91b010500] pts has no value
[mp4 @ 0x91b010500] Packet duration: -1024 / dts: 134144 in stream 1 is out of range
[mp4 @ 0x91b010500] pts has no value
[mp4 @ 0x91b010500] Packet duration: -1024 / dts: 136192 in stream 1 is out of range
[mp4 @ 0x91b010500] pts has no value
[mp4 @ 0x91b010500] Packet duration: -1024 / dts: 137216 in stream 1 is out of range
[mp4 @ 0x91b010500] pts has no value
[mp4 @ 0x91b010500] Packet duration: -1024 / dts: 139264 in stream 1 is out of range
[mp4 @ 0x91b010500] pts has no value
[mp4 @ 0x91b010500] Packet duration: -1024 / dts: 140288 in stream 1 is out of range
[mp4 @ 0x91b010500] pts has no value
[mp4 @ 0x91b010500] Packet duration: -1024 / dts: 142336 in stream 1 is out of range
[mp4 @ 0x91b010500] pts has no value
[mp4 @ 0x91b010500] Packet duration: -1024 / dts: 144384 in stream 1 is out of range
[mp4 @ 0x91b010500] pts has no value
[mp4 @ 0x91b010500] Packet duration: -1024 / dts: 145408 in stream 1 is out of range
[mp4 @ 0x91b010500] pts has no value
timestamp: 46408 segment: 3:0 priority: 127
timestamp: 146432 segment: 4:0 priority: 127
[mp4 @ 0x91b010500] Packet duration: -1024 / dts: 147456 in stream 1 is out of range
[mp4 @ 0x91b010500] pts has no value
[mp4 @ 0x91b010500] Packet duration: -1024 / dts: 148480 in stream 1 is out of range
[mp4 @ 0x91b010500] pts has no value
[mp4 @ 0x91b010500] Packet duration: -1024 / dts: 150528 in stream 1 is out of range
[mp4 @ 0x91b010500] pts has no value
[mp4 @ 0x91b010500] Packet duration: -1024 / dts: 151552 in stream 1 is out of range
[mp4 @ 0x91b010500] pts has no value
[mp4 @ 0x91b010500] Packet duration: -1024 / dts: 153600 in stream 1 is out of range
[mp4 @ 0x91b010500] pts has no value
[mp4 @ 0x91b010500] Packet duration: -1024 / dts: 154624 in stream 1 is out of range
[mp4 @ 0x91b010500] pts has no value
[mp4 @ 0x91b010500] Packet duration: -1024 / dts: 156672 in stream 1 is out of range
[mp4 @ 0x91b010500] pts has no value
[mp4 @ 0x91b010500] Packet duration: -1024 / dts: 158720 in stream 1 is out of range
[mp4 @ 0x91b010500] pts has no value
[mp4 @ 0x91b010500] Packet duration: -1024 / dts: 159744 in stream 1 is out of range
[mp4 @ 0x91b010500] pts has no value
[mp4 @ 0x91b010500] Packet duration: -1024 / dts: 161792 in stream 1 is out of range
[mp4 @ 0x91b010500] pts has no value
[mp4 @ 0x91b010500] Packet duration: -1024 / dts: 162816 in stream 1 is out of range
[mp4 @ 0x91b010500] pts has no value
[mp4 @ 0x91b010500] Packet duration: -1024 / dts: 164864 in stream 1 is out of range
[mp4 @ 0x91b010500] pts has no value
[mp4 @ 0x91b010500] Packet duration: -1024 / dts: 165888 in stream 1 is out of range
[mp4 @ 0x91b010500] pts has no value
[mp4 @ 0x91b010500] Packet duration: -1024 / dts: 167936 in stream 1 is out of range
[mp4 @ 0x91b010500] pts has no value
[mp4 @ 0x91b010500] Packet duration: -1024 / dts: 169984 in stream 1 is out of range
[mp4 @ 0x91b010500] pts has no value
[mp4 @ 0x91b010500] Packet duration: -1024 / dts: 171008 in stream 1 is out of range
[mp4 @ 0x91b010500] pts has no value
[mp4 @ 0x91b010500] Packet duration: -1024 / dts: 173056 in stream 1 is out of range
[mp4 @ 0x91b010500] pts has no value
[mp4 @ 0x91b010500] Packet duration: -1024 / dts: 174080 in stream 1 is out of range
[mp4 @ 0x91b010500] pts has no value
[mp4 @ 0x91b010500] Packet duration: -1024 / dts: 176128 in stream 1 is out of range
[mp4 @ 0x91b010500] pts has no value
[mp4 @ 0x91b010500] Packet duration: -1024 / dts: 177152 in stream 1 is out of range
[mp4 @ 0x91b010500] pts has no value
[mp4 @ 0x91b010500] Packet duration: -1024 / dts: 179200 in stream 1 is out of range
[mp4 @ 0x91b010500] pts has no value
[mp4 @ 0x91b010500] Packet duration: -1024 / dts: 180224 in stream 1 is out of range
[mp4 @ 0x91b010500] pts has no value
[mp4 @ 0x91b010500] Packet duration: -1024 / dts: 182272 in stream 1 is out of range
[mp4 @ 0x91b010500] pts has no value
[mp4 @ 0x91b010500] Packet duration: -1024 / dts: 184320 in stream 1 is out of range
[mp4 @ 0x91b010500] pts has no value
[mp4 @ 0x91b010500] Packet duration: -1024 / dts: 185344 in stream 1 is out of range
[mp4 @ 0x91b010500] pts has no value
[mp4 @ 0x91b010500] Packet duration: -1024 / dts: 187392 in stream 1 is out of range
[mp4 @ 0x91b010500] pts has no value
[mp4 @ 0x91b010500] Packet duration: -1024 / dts: 188416 in stream 1 is out of range
[mp4 @ 0x91b010500] pts has no value
[mp4 @ 0x91b010500] Packet duration: -1024 / dts: 190464 in stream 1 is out of range
[mp4 @ 0x91b010500] pts has no value
[mp4 @ 0x91b010500] Packet duration: -1024 / dts: 191488 in stream 1 is out of range
[mp4 @ 0x91b010500] pts has no value
[mp4 @ 0x91b010500] Packet duration: -1024 / dts: 193536 in stream 1 is out of range
[mp4 @ 0x91b010500] pts has no value
timestamp: 61768 segment: 4:0 priority: 127
timestamp: 194560 segment: 5:0 priority: 127
[mp4 @ 0x91b010500] Packet duration: -1024 / dts: 195584 in stream 1 is out of range
[mp4 @ 0x91b010500] pts has no value
[mp4 @ 0x91b010500] Packet duration: -1024 / dts: 196608 in stream 1 is out of range
[mp4 @ 0x91b010500] pts has no value
[mp4 @ 0x91b010500] Packet duration: -1024 / dts: 198656 in stream 1 is out of range
[mp4 @ 0x91b010500] pts has no value
[mp4 @ 0x91b010500] Packet duration: -1024 / dts: 199680 in stream 1 is out of range
[mp4 @ 0x91b010500] pts has no value
[mp4 @ 0x91b010500] Packet duration: -1024 / dts: 201728 in stream 1 is out of range
[mp4 @ 0x91b010500] pts has no value
[mp4 @ 0x91b010500] Packet duration: -1024 / dts: 202752 in stream 1 is out of range
[mp4 @ 0x91b010500] pts has no value
[mp4 @ 0x91b010500] Packet duration: -1024 / dts: 204800 in stream 1 is out of range
[mp4 @ 0x91b010500] pts has no value
[mp4 @ 0x91b010500] Packet duration: -1024 / dts: 205824 in stream 1 is out of range
[mp4 @ 0x91b010500] pts has no value
[mp4 @ 0x91b010500] Packet duration: -1024 / dts: 207872 in stream 1 is out of range
[mp4 @ 0x91b010500] pts has no value
[mp4 @ 0x91b010500] Packet duration: -1024 / dts: 209920 in stream 1 is out of range
[mp4 @ 0x91b010500] pts has no value
[mp4 @ 0x91b010500] Packet duration: -1024 / dts: 210944 in stream 1 is out of range
[mp4 @ 0x91b010500] pts has no value
[mp4 @ 0x91b010500] Packet duration: -1024 / dts: 212992 in stream 1 is out of range
[mp4 @ 0x91b010500] pts has no value
[mp4 @ 0x91b010500] Packet duration: -1024 / dts: 214016 in stream 1 is out of range
[mp4 @ 0x91b010500] pts has no value
[mp4 @ 0x91b010500] Packet duration: -1024 / dts: 216064 in stream 1 is out of range
[mp4 @ 0x91b010500] pts has no value
[mp4 @ 0x91b010500] Packet duration: -1024 / dts: 217088 in stream 1 is out of range
[mp4 @ 0x91b010500] pts has no value
[mp4 @ 0x91b010500] Packet duration: -1024 / dts: 219136 in stream 1 is out of range
[mp4 @ 0x91b010500] pts has no value
[mp4 @ 0x91b010500] Packet duration: -1024 / dts: 221184 in stream 1 is out of range
[mp4 @ 0x91b010500] pts has no value
[mp4 @ 0x91b010500] Packet duration: -1024 / dts: 222208 in stream 1 is out of range
[mp4 @ 0x91b010500] pts has no value
[mp4 @ 0x91b010500] Packet duration: -1024 / dts: 224256 in stream 1 is out of range
[mp4 @ 0x91b010500] pts has no value
[mp4 @ 0x91b010500] Packet duration: -1024 / dts: 225280 in stream 1 is out of range
[mp4 @ 0x91b010500] pts has no value
[mp4 @ 0x91b010500] Packet duration: -1024 / dts: 227328 in stream 1 is out of range
[mp4 @ 0x91b010500] pts has no value
[mp4 @ 0x91b010500] Packet duration: -1024 / dts: 228352 in stream 1 is out of range
[mp4 @ 0x91b010500] pts has no value
[mp4 @ 0x91b010500] Packet duration: -1024 / dts: 230400 in stream 1 is out of range
[mp4 @ 0x91b010500] pts has no value
[mp4 @ 0x91b010500] Packet duration: -1024 / dts: 231424 in stream 1 is out of range
[mp4 @ 0x91b010500] pts has no value
[mp4 @ 0x91b010500] Packet duration: -1024 / dts: 233472 in stream 1 is out of range
[mp4 @ 0x91b010500] pts has no value
[mp4 @ 0x91b010500] Packet duration: -1024 / dts: 235520 in stream 1 is out of range
[mp4 @ 0x91b010500] pts has no value
[mp4 @ 0x91b010500] Packet duration: -1024 / dts: 236544 in stream 1 is out of range
[mp4 @ 0x91b010500] pts has no value
[mp4 @ 0x91b010500] Packet duration: -1024 / dts: 238592 in stream 1 is out of range
[mp4 @ 0x91b010500] pts has no value
[mp4 @ 0x91b010500] Packet duration: -1024 / dts: 239616 in stream 1 is out of range
[mp4 @ 0x91b010500] pts has no value
[mp4 @ 0x91b010500] Packet duration: -1024 / dts: 241664 in stream 1 is out of range
[mp4 @ 0x91b010500] pts has no value
timestamp: 77128 segment: 5:0 priority: 127
timestamp: 242688 segment: 6:0 priority: 127
[mp4 @ 0x91b010500] Packet duration: -1024 / dts: 242688 in stream 1 is out of range
[mp4 @ 0x91b010500] pts has no value
[mp4 @ 0x91b010500] Packet duration: -1024 / dts: 244736 in stream 1 is out of range
[mp4 @ 0x91b010500] pts has no value
[mp4 @ 0x91b010500] Packet duration: -1024 / dts: 246784 in stream 1 is out of range
[mp4 @ 0x91b010500] pts has no value
[mp4 @ 0x91b010500] Packet duration: -1024 / dts: 247808 in stream 1 is out of range
[mp4 @ 0x91b010500] pts has no value
[mp4 @ 0x91b010500] Packet duration: -1024 / dts: 249856 in stream 1 is out of range
[mp4 @ 0x91b010500] pts has no value
[mp4 @ 0x91b010500] Packet duration: -1024 / dts: 250880 in stream 1 is out of range
[mp4 @ 0x91b010500] pts has no value
[mp4 @ 0x91b010500] Packet duration: -1024 / dts: 252928 in stream 1 is out of range
[mp4 @ 0x91b010500] pts has no value
[mp4 @ 0x91b010500] Packet duration: -1024 / dts: 253952 in stream 1 is out of range
[mp4 @ 0x91b010500] pts has no value
[mp4 @ 0x91b010500] Packet duration: -1024 / dts: 256000 in stream 1 is out of range
[mp4 @ 0x91b010500] pts has no value
[mp4 @ 0x91b010500] Packet duration: -1024 / dts: 257024 in stream 1 is out of range
[mp4 @ 0x91b010500] pts has no value
[mp4 @ 0x91b010500] Packet duration: -1024 / dts: 259072 in stream 1 is out of range
[mp4 @ 0x91b010500] pts has no value
[mp4 @ 0x91b010500] Packet duration: -1024 / dts: 261120 in stream 1 is out of range
[mp4 @ 0x91b010500] pts has no value
[mp4 @ 0x91b010500] Packet duration: -1024 / dts: 262144 in stream 1 is out of range
[mp4 @ 0x91b010500] pts has no value
[mp4 @ 0x91b010500] Packet duration: -1024 / dts: 264192 in stream 1 is out of range
[mp4 @ 0x91b010500] pts has no value
[mp4 @ 0x91b010500] Packet duration: -1024 / dts: 265216 in stream 1 is out of range
[mp4 @ 0x91b010500] pts has no value
[mp4 @ 0x91b010500] Packet duration: -1024 / dts: 267264 in stream 1 is out of range
[mp4 @ 0x91b010500] pts has no value
[mp4 @ 0x91b010500] Packet duration: -1024 / dts: 268288 in stream 1 is out of range
[mp4 @ 0x91b010500] pts has no value
[mp4 @ 0x91b010500] Packet duration: -1024 / dts: 270336 in stream 1 is out of range
[mp4 @ 0x91b010500] pts has no value
[mp4 @ 0x91b010500] Packet duration: -1024 / dts: 272384 in stream 1 is out of range
[mp4 @ 0x91b010500] pts has no value
[mp4 @ 0x91b010500] Packet duration: -1024 / dts: 273408 in stream 1 is out of range
[mp4 @ 0x91b010500] pts has no value
[mp4 @ 0x91b010500] Packet duration: -1024 / dts: 275456 in stream 1 is out of range
[mp4 @ 0x91b010500] pts has no value
[mp4 @ 0x91b010500] Packet duration: -1024 / dts: 276480 in stream 1 is out of range
[mp4 @ 0x91b010500] pts has no value
[mp4 @ 0x91b010500] Packet duration: -1024 / dts: 278528 in stream 1 is out of range
[mp4 @ 0x91b010500] pts has no value
[mp4 @ 0x91b010500] Packet duration: -1024 / dts: 279552 in stream 1 is out of range
[mp4 @ 0x91b010500] pts has no value
[mp4 @ 0x91b010500] Packet duration: -1024 / dts: 281600 in stream 1 is out of range
[mp4 @ 0x91b010500] pts has no value
[mp4 @ 0x91b010500] Packet duration: -1024 / dts: 282624 in stream 1 is out of range
[mp4 @ 0x91b010500] pts has no value
[mp4 @ 0x91b010500] Packet duration: -1024 / dts: 284672 in stream 1 is out of range
[mp4 @ 0x91b010500] pts has no value
[mp4 @ 0x91b010500] Packet duration: -1024 / dts: 286720 in stream 1 is out of range
[mp4 @ 0x91b010500] pts has no value
[mp4 @ 0x91b010500] Packet duration: -1024 / dts: 287744 in stream 1 is out of range
[mp4 @ 0x91b010500] pts has no value
[mp4 @ 0x91b010500] Packet duration: -1024 / dts: 289792 in stream 1 is out of range
[mp4 @ 0x91b010500] pts has no value
timestamp: 92488 segment: 6:0 priority: 127
timestamp: 290816 segment: 7:0 priority: 127
[mp4 @ 0x91b010500] Packet duration: -1024 / dts: 290816 in stream 1 is out of range
[mp4 @ 0x91b010500] pts has no value
[mp4 @ 0x91b010500] Packet duration: -1024 / dts: 292864 in stream 1 is out of range
[mp4 @ 0x91b010500] pts has no value
[mp4 @ 0x91b010500] Packet duration: -1024 / dts: 293888 in stream 1 is out of range
[mp4 @ 0x91b010500] pts has no value
[mp4 @ 0x91b010500] Packet duration: -1024 / dts: 295936 in stream 1 is out of range
[mp4 @ 0x91b010500] pts has no value
[mp4 @ 0x91b010500] Packet duration: -1024 / dts: 297984 in stream 1 is out of range
[mp4 @ 0x91b010500] pts has no value
[mp4 @ 0x91b010500] Packet duration: -1024 / dts: 299008 in stream 1 is out of range
[mp4 @ 0x91b010500] pts has no value
[mp4 @ 0x91b010500] Packet duration: -1024 / dts: 301056 in stream 1 is out of range
[mp4 @ 0x91b010500] pts has no value
[mp4 @ 0x91b010500] Packet duration: -1024 / dts: 302080 in stream 1 is out of range
[mp4 @ 0x91b010500] pts has no value
[mp4 @ 0x91b010500] Packet duration: -1024 / dts: 304128 in stream 1 is out of range
[mp4 @ 0x91b010500] pts has no value
[mp4 @ 0x91b010500] Packet duration: -1024 / dts: 305152 in stream 1 is out of range
[mp4 @ 0x91b010500] pts has no value
[mp4 @ 0x91b010500] Packet duration: -1024 / dts: 307200 in stream 1 is out of range
[mp4 @ 0x91b010500] pts has no value
[mp4 @ 0x91b010500] Packet duration: -1024 / dts: 308224 in stream 1 is out of range
[mp4 @ 0x91b010500] pts has no value
[mp4 @ 0x91b010500] Packet duration: -1024 / dts: 310272 in stream 1 is out of range
[mp4 @ 0x91b010500] pts has no value
[mp4 @ 0x91b010500] Packet duration: -1024 / dts: 312320 in stream 1 is out of range
[mp4 @ 0x91b010500] pts has no value
[mp4 @ 0x91b010500] Packet duration: -1024 / dts: 313344 in stream 1 is out of range
[mp4 @ 0x91b010500] pts has no value
[mp4 @ 0x91b010500] Packet duration: -1024 / dts: 315392 in stream 1 is out of range
[mp4 @ 0x91b010500] pts has no value
[mp4 @ 0x91b010500] Packet duration: -1024 / dts: 316416 in stream 1 is out of range
[mp4 @ 0x91b010500] pts has no value
[mp4 @ 0x91b010500] Packet duration: -1024 / dts: 318464 in stream 1 is out of range
[mp4 @ 0x91b010500] pts has no value
[mp4 @ 0x91b010500] Packet duration: -1024 / dts: 319488 in stream 1 is out of range
[mp4 @ 0x91b010500] pts has no value
[mp4 @ 0x91b010500] Packet duration: -1024 / dts: 321536 in stream 1 is out of range
[mp4 @ 0x91b010500] pts has no value
[mp4 @ 0x91b010500] Packet duration: -1024 / dts: 323584 in stream 1 is out of range
[mp4 @ 0x91b010500] pts has no value
[mp4 @ 0x91b010500] Packet duration: -1024 / dts: 324608 in stream 1 is out of range
[mp4 @ 0x91b010500] pts has no value
[mp4 @ 0x91b010500] Packet duration: -1024 / dts: 326656 in stream 1 is out of range
[mp4 @ 0x91b010500] pts has no value
[mp4 @ 0x91b010500] Packet duration: -1024 / dts: 327680 in stream 1 is out of range
[mp4 @ 0x91b010500] pts has no value
[mp4 @ 0x91b010500] Packet duration: -1024 / dts: 329728 in stream 1 is out of range
[mp4 @ 0x91b010500] pts has no value
[mp4 @ 0x91b010500] Packet duration: -1024 / dts: 330752 in stream 1 is out of range
[mp4 @ 0x91b010500] pts has no value
[mp4 @ 0x91b010500] Packet duration: -1024 / dts: 332800 in stream 1 is out of range
[mp4 @ 0x91b010500] pts has no value
[mp4 @ 0x91b010500] Packet duration: -1024 / dts: 333824 in stream 1 is out of range
[mp4 @ 0x91b010500] pts has no value
[mp4 @ 0x91b010500] Packet duration: -1024 / dts: 335872 in stream 1 is out of range
[mp4 @ 0x91b010500] pts has no value
[mp4 @ 0x91b010500] Packet duration: -1024 / dts: 337920 in stream 1 is out of range
[mp4 @ 0x91b010500] pts has no value
timestamp: 107848 segment: 7:0 priority: 127
timestamp: 338944 segment: 8:0 priority: 127
[mp4 @ 0x91b010500] Packet duration: -1024 / dts: 338944 in stream 1 is out of range
[mp4 @ 0x91b010500] pts has no value
[mp4 @ 0x91b010500] Packet duration: -1024 / dts: 340992 in stream 1 is out of range
[mp4 @ 0x91b010500] pts has no value
[mp4 @ 0x91b010500] Packet duration: -1024 / dts: 342016 in stream 1 is out of range
[mp4 @ 0x91b010500] pts has no value
[mp4 @ 0x91b010500] Packet duration: -1024 / dts: 344064 in stream 1 is out of range
[mp4 @ 0x91b010500] pts has no value
[mp4 @ 0x91b010500] Packet duration: -1024 / dts: 345088 in stream 1 is out of range
[mp4 @ 0x91b010500] pts has no value
[mp4 @ 0x91b010500] Packet duration: -1024 / dts: 347136 in stream 1 is out of range
[mp4 @ 0x91b010500] pts has no value
[mp4 @ 0x91b010500] Packet duration: -1024 / dts: 349184 in stream 1 is out of range
[mp4 @ 0x91b010500] pts has no value
[mp4 @ 0x91b010500] Packet duration: -1024 / dts: 350208 in stream 1 is out of range
[mp4 @ 0x91b010500] pts has no value
[mp4 @ 0x91b010500] Packet duration: -1024 / dts: 352256 in stream 1 is out of range
[mp4 @ 0x91b010500] pts has no value
[mp4 @ 0x91b010500] Packet duration: -1024 / dts: 353280 in stream 1 is out of range
[mp4 @ 0x91b010500] pts has no value
[mp4 @ 0x91b010500] Packet duration: -1024 / dts: 355328 in stream 1 is out of range
[mp4 @ 0x91b010500] pts has no value
[mp4 @ 0x91b010500] Packet duration: -1024 / dts: 356352 in stream 1 is out of range
[mp4 @ 0x91b010500] pts has no value
[mp4 @ 0x91b010500] Packet duration: -1024 / dts: 358400 in stream 1 is out of range
[mp4 @ 0x91b010500] pts has no value
[mp4 @ 0x91b010500] Packet duration: -1024 / dts: 359424 in stream 1 is out of range
[mp4 @ 0x91b010500] pts has no value
[mp4 @ 0x91b010500] Packet duration: -1024 / dts: 361472 in stream 1 is out of range
[mp4 @ 0x91b010500] pts has no value
[mp4 @ 0x91b010500] Packet duration: -1024 / dts: 363520 in stream 1 is out of range
[mp4 @ 0x91b010500] pts has no value
[mp4 @ 0x91b010500] Packet duration: -1024 / dts: 364544 in stream 1 is out of range
[mp4 @ 0x91b010500] pts has no value
[mp4 @ 0x91b010500] Packet duration: -1024 / dts: 366592 in stream 1 is out of range
[mp4 @ 0x91b010500] pts has no value
[mp4 @ 0x91b010500] Packet duration: -1024 / dts: 367616 in stream 1 is out of range
[mp4 @ 0x91b010500] pts has no value
[mp4 @ 0x91b010500] Packet duration: -1024 / dts: 369664 in stream 1 is out of range
[mp4 @ 0x91b010500] pts has no value
[mp4 @ 0x91b010500] Packet duration: -1024 / dts: 370688 in stream 1 is out of range
[mp4 @ 0x91b010500] pts has no value
[mp4 @ 0x91b010500] Packet duration: -1024 / dts: 372736 in stream 1 is out of range
[mp4 @ 0x91b010500] pts has no value
[mp4 @ 0x91b010500] Packet duration: -1024 / dts: 374784 in stream 1 is out of range
[mp4 @ 0x91b010500] pts has no value
[mp4 @ 0x91b010500] Packet duration: -1024 / dts: 375808 in stream 1 is out of range
[mp4 @ 0x91b010500] pts has no value
[mp4 @ 0x91b010500] Packet duration: -1024 / dts: 377856 in stream 1 is out of range
[mp4 @ 0x91b010500] pts has no value
[mp4 @ 0x91b010500] Packet duration: -1024 / dts: 378880 in stream 1 is out of range
[mp4 @ 0x91b010500] pts has no value
[mp4 @ 0x91b010500] Packet duration: -1024 / dts: 380928 in stream 1 is out of range
[mp4 @ 0x91b010500] pts has no value
[mp4 @ 0x91b010500] Packet duration: -1024 / dts: 381952 in stream 1 is out of range
[mp4 @ 0x91b010500] pts has no value
[mp4 @ 0x91b010500] Packet duration: -1024 / dts: 384000 in stream 1 is out of range
[mp4 @ 0x91b010500] pts has no value
[mp4 @ 0x91b010500] Packet duration: -1024 / dts: 385024 in stream 1 is out of range
[mp4 @ 0x91b010500] pts has no value
timestamp: 123208 segment: 8:0 priority: 127
timestamp: 386048 segment: 9:0 priority: 127
[mp4 @ 0x91b010500] Packet duration: -1024 / dts: 387072 in stream 1 is out of range
[mp4 @ 0x91b010500] pts has no value
[mp4 @ 0x91b010500] Packet duration: -1024 / dts: 389120 in stream 1 is out of range
[mp4 @ 0x91b010500] pts has no value
[mp4 @ 0x91b010500] Packet duration: -1024 / dts: 390144 in stream 1 is out of range
[mp4 @ 0x91b010500] pts has no value
[mp4 @ 0x91b010500] Packet duration: -1024 / dts: 392192 in stream 1 is out of range
[mp4 @ 0x91b010500] pts has no value
[mp4 @ 0x91b010500] Packet duration: -1024 / dts: 393216 in stream 1 is out of range
[mp4 @ 0x91b010500] pts has no value
[mp4 @ 0x91b010500] Packet duration: -1024 / dts: 395264 in stream 1 is out of range
[mp4 @ 0x91b010500] pts has no value
[mp4 @ 0x91b010500] Packet duration: -1024 / dts: 396288 in stream 1 is out of range
[mp4 @ 0x91b010500] pts has no value
[mp4 @ 0x91b010500] Packet duration: -1024 / dts: 398336 in stream 1 is out of range
[mp4 @ 0x91b010500] pts has no value
[mp4 @ 0x91b010500] Packet duration: -1024 / dts: 400384 in stream 1 is out of range
[mp4 @ 0x91b010500] pts has no value
[mp4 @ 0x91b010500] Packet duration: -1024 / dts: 401408 in stream 1 is out of range
[mp4 @ 0x91b010500] pts has no value
[mp4 @ 0x91b010500] Packet duration: -1024 / dts: 403456 in stream 1 is out of range
[mp4 @ 0x91b010500] pts has no value
[mp4 @ 0x91b010500] Packet duration: -1024 / dts: 404480 in stream 1 is out of range
[mp4 @ 0x91b010500] pts has no value
[mp4 @ 0x91b010500] Packet duration: -1024 / dts: 406528 in stream 1 is out of range
[mp4 @ 0x91b010500] pts has no value
[mp4 @ 0x91b010500] Packet duration: -1024 / dts: 407552 in stream 1 is out of range
[mp4 @ 0x91b010500] pts has no value
[mp4 @ 0x91b010500] Packet duration: -1024 / dts: 409600 in stream 1 is out of range
[mp4 @ 0x91b010500] pts has no value
[mp4 @ 0x91b010500] Packet duration: -1024 / dts: 410624 in stream 1 is out of range
[mp4 @ 0x91b010500] pts has no value
[mp4 @ 0x91b010500] Packet duration: -1024 / dts: 412672 in stream 1 is out of range
[mp4 @ 0x91b010500] pts has no value
[mp4 @ 0x91b010500] Packet duration: -1024 / dts: 414720 in stream 1 is out of range
[mp4 @ 0x91b010500] pts has no value
[mp4 @ 0x91b010500] Packet duration: -1024 / dts: 415744 in stream 1 is out of range
[mp4 @ 0x91b010500] pts has no value
[mp4 @ 0x91b010500] Packet duration: -1024 / dts: 417792 in stream 1 is out of range
[mp4 @ 0x91b010500] pts has no value
[mp4 @ 0x91b010500] Packet duration: -1024 / dts: 418816 in stream 1 is out of range
[mp4 @ 0x91b010500] pts has no value
[mp4 @ 0x91b010500] Packet duration: -1024 / dts: 420864 in stream 1 is out of range
[mp4 @ 0x91b010500] pts has no value
[mp4 @ 0x91b010500] Packet duration: -1024 / dts: 421888 in stream 1 is out of range
[mp4 @ 0x91b010500] pts has no value
[mp4 @ 0x91b010500] Packet duration: -1024 / dts: 423936 in stream 1 is out of range
[mp4 @ 0x91b010500] pts has no value
[mp4 @ 0x91b010500] Packet duration: -1024 / dts: 425984 in stream 1 is out of range
[mp4 @ 0x91b010500] pts has no value
[mp4 @ 0x91b010500] Packet duration: -1024 / dts: 427008 in stream 1 is out of range
[mp4 @ 0x91b010500] pts has no value
[mp4 @ 0x91b010500] Packet duration: -1024 / dts: 429056 in stream 1 is out of range
[mp4 @ 0x91b010500] pts has no value
[mp4 @ 0x91b010500] Packet duration: -1024 / dts: 430080 in stream 1 is out of range
[mp4 @ 0x91b010500] pts has no value
[mp4 @ 0x91b010500] Packet duration: -1024 / dts: 432128 in stream 1 is out of range
[mp4 @ 0x91b010500] pts has no value
[mp4 @ 0x91b010500] Packet duration: -1024 / dts: 433152 in stream 1 is out of range
[mp4 @ 0x91b010500] pts has no value
timestamp: 138568 segment: 9:0 priority: 127
timestamp: 434176 segment: 10:0 priority: 127
[mp4 @ 0x91b010500] Packet duration: -1024 / dts: 435200 in stream 1 is out of range
[mp4 @ 0x91b010500] pts has no value
[mp4 @ 0x91b010500] Packet duration: -1024 / dts: 436224 in stream 1 is out of range
[mp4 @ 0x91b010500] pts has no value
[mp4 @ 0x91b010500] Packet duration: -1024 / dts: 438272 in stream 1 is out of range
[mp4 @ 0x91b010500] pts has no value
[mp4 @ 0x91b010500] Packet duration: -1024 / dts: 440320 in stream 1 is out of range
[mp4 @ 0x91b010500] pts has no value
[mp4 @ 0x91b010500] Packet duration: -1024 / dts: 441344 in stream 1 is out of range
[mp4 @ 0x91b010500] pts has no value
[mp4 @ 0x91b010500] Packet duration: -1024 / dts: 443392 in stream 1 is out of range
[mp4 @ 0x91b010500] pts has no value
[mp4 @ 0x91b010500] Packet duration: -1024 / dts: 444416 in stream 1 is out of range
[mp4 @ 0x91b010500] pts has no value
[mp4 @ 0x91b010500] Packet duration: -1024 / dts: 446464 in stream 1 is out of range
[mp4 @ 0x91b010500] pts has no value
[mp4 @ 0x91b010500] Packet duration: -1024 / dts: 447488 in stream 1 is out of range
[mp4 @ 0x91b010500] pts has no value
[mp4 @ 0x91b010500] Packet duration: -1024 / dts: 449536 in stream 1 is out of range
[mp4 @ 0x91b010500] pts has no value
[mp4 @ 0x91b010500] Packet duration: -1024 / dts: 451584 in stream 1 is out of range
[mp4 @ 0x91b010500] pts has no value
[mp4 @ 0x91b010500] Packet duration: -1024 / dts: 452608 in stream 1 is out of range
[mp4 @ 0x91b010500] pts has no value
[mp4 @ 0x91b010500] Packet duration: -1024 / dts: 454656 in stream 1 is out of range
[mp4 @ 0x91b010500] pts has no value
[mp4 @ 0x91b010500] Packet duration: -1024 / dts: 455680 in stream 1 is out of range
[mp4 @ 0x91b010500] pts has no value
[mp4 @ 0x91b010500] Packet duration: -1024 / dts: 457728 in stream 1 is out of range
[mp4 @ 0x91b010500] pts has no value
[mp4 @ 0x91b010500] Packet duration: -1024 / dts: 458752 in stream 1 is out of range
[mp4 @ 0x91b010500] pts has no value
[mp4 @ 0x91b010500] Packet duration: -1024 / dts: 460800 in stream 1 is out of range
[mp4 @ 0x91b010500] pts has no value
[mp4 @ 0x91b010500] Packet duration: -1024 / dts: 461824 in stream 1 is out of range
[mp4 @ 0x91b010500] pts has no value
[mp4 @ 0x91b010500] Packet duration: -1024 / dts: 463872 in stream 1 is out of range
[mp4 @ 0x91b010500] pts has no value
[mp4 @ 0x91b010500] Packet duration: -1024 / dts: 465920 in stream 1 is out of range
[mp4 @ 0x91b010500] pts has no value
[mp4 @ 0x91b010500] Packet duration: -1024 / dts: 466944 in stream 1 is out of range
[mp4 @ 0x91b010500] pts has no value
[mp4 @ 0x91b010500] Packet duration: -1024 / dts: 468992 in stream 1 is out of range
[mp4 @ 0x91b010500] pts has no value
[mp4 @ 0x91b010500] Packet duration: -1024 / dts: 470016 in stream 1 is out of range
[mp4 @ 0x91b010500] pts has no value
[mp4 @ 0x91b010500] Packet duration: -1024 / dts: 472064 in stream 1 is out of range
[mp4 @ 0x91b010500] pts has no value
[mp4 @ 0x91b010500] Packet duration: -1024 / dts: 473088 in stream 1 is out of range
[mp4 @ 0x91b010500] pts has no value
[mp4 @ 0x91b010500] Packet duration: -1024 / dts: 475136 in stream 1 is out of range
[mp4 @ 0x91b010500] pts has no value
[mp4 @ 0x91b010500] Packet duration: -1024 / dts: 477184 in stream 1 is out of range
[mp4 @ 0x91b010500] pts has no value
[mp4 @ 0x91b010500] Packet duration: -1024 / dts: 478208 in stream 1 is out of range
[mp4 @ 0x91b010500] pts has no value
[mp4 @ 0x91b010500] Packet duration: -1024 / dts: 480256 in stream 1 is out of range
[mp4 @ 0x91b010500] pts has no value
[mp4 @ 0x91b010500] Packet duration: -1024 / dts: 481280 in stream 1 is out of range
[mp4 @ 0x91b010500] pts has no value
timestamp: 153928 segment: 10:0 priority: 127
timestamp: 482304 segment: 11:0 priority: 127
[mp4 @ 0x91b010500] Packet duration: -1024 / dts: 483328 in stream 1 is out of range
[mp4 @ 0x91b010500] pts has no value
[mp4 @ 0x91b010500] Packet duration: -1024 / dts: 484352 in stream 1 is out of range
[mp4 @ 0x91b010500] pts has no value
[mp4 @ 0x91b010500] Packet duration: -1024 / dts: 486400 in stream 1 is out of range
[mp4 @ 0x91b010500] pts has no value
[mp4 @ 0x91b010500] Packet duration: -1024 / dts: 487424 in stream 1 is out of range
[mp4 @ 0x91b010500] pts has no value
[mp4 @ 0x91b010500] Packet duration: -1024 / dts: 489472 in stream 1 is out of range
[mp4 @ 0x91b010500] pts has no value
[mp4 @ 0x91b010500] Packet duration: -1024 / dts: 491520 in stream 1 is out of range
[mp4 @ 0x91b010500] pts has no value
[mp4 @ 0x91b010500] Packet duration: -1024 / dts: 492544 in stream 1 is out of range
[mp4 @ 0x91b010500] pts has no value
[mp4 @ 0x91b010500] Packet duration: -1024 / dts: 494592 in stream 1 is out of range
[mp4 @ 0x91b010500] pts has no value
[mp4 @ 0x91b010500] Packet duration: -1024 / dts: 495616 in stream 1 is out of range
[mp4 @ 0x91b010500] pts has no value
[mp4 @ 0x91b010500] Packet duration: -1024 / dts: 497664 in stream 1 is out of range
[mp4 @ 0x91b010500] pts has no value
[mp4 @ 0x91b010500] Packet duration: -1024 / dts: 498688 in stream 1 is out of range
[mp4 @ 0x91b010500] pts has no value
[mp4 @ 0x91b010500] Packet duration: -1024 / dts: 500736 in stream 1 is out of range
[mp4 @ 0x91b010500] pts has no value
[mp4 @ 0x91b010500] Packet duration: -1024 / dts: 502784 in stream 1 is out of range
[mp4 @ 0x91b010500] pts has no value
[mp4 @ 0x91b010500] Packet duration: -1024 / dts: 503808 in stream 1 is out of range
[mp4 @ 0x91b010500] pts has no value
[mp4 @ 0x91b010500] Packet duration: -1024 / dts: 505856 in stream 1 is out of range
[mp4 @ 0x91b010500] pts has no value
[mp4 @ 0x91b010500] Packet duration: -1024 / dts: 506880 in stream 1 is out of range
[mp4 @ 0x91b010500] pts has no value
[mp4 @ 0x91b010500] Packet duration: -1024 / dts: 508928 in stream 1 is out of range
[mp4 @ 0x91b010500] pts has no value
[mp4 @ 0x91b010500] Packet duration: -1024 / dts: 509952 in stream 1 is out of range
[mp4 @ 0x91b010500] pts has no value
[mp4 @ 0x91b010500] Packet duration: -1024 / dts: 512000 in stream 1 is out of range
[mp4 @ 0x91b010500] pts has no value
[mp4 @ 0x91b010500] Packet duration: -1024 / dts: 513024 in stream 1 is out of range
[mp4 @ 0x91b010500] pts has no value
[mp4 @ 0x91b010500] Packet duration: -1024 / dts: 515072 in stream 1 is out of range
[mp4 @ 0x91b010500] pts has no value
[mp4 @ 0x91b010500] Packet duration: -1024 / dts: 517120 in stream 1 is out of range
[mp4 @ 0x91b010500] pts has no value
[mp4 @ 0x91b010500] Packet duration: -1024 / dts: 518144 in stream 1 is out of range
[mp4 @ 0x91b010500] pts has no value
[mp4 @ 0x91b010500] Packet duration: -1024 / dts: 520192 in stream 1 is out of range
[mp4 @ 0x91b010500] pts has no value
[mp4 @ 0x91b010500] Packet duration: -1024 / dts: 521216 in stream 1 is out of range
[mp4 @ 0x91b010500] pts has no value
[mp4 @ 0x91b010500] Packet duration: -1024 / dts: 523264 in stream 1 is out of range
[mp4 @ 0x91b010500] pts has no value
[mp4 @ 0x91b010500] Packet duration: -1024 / dts: 524288 in stream 1 is out of range
[mp4 @ 0x91b010500] pts has no value
[mp4 @ 0x91b010500] Packet duration: -1024 / dts: 526336 in stream 1 is out of range
[mp4 @ 0x91b010500] pts has no value
[mp4 @ 0x91b010500] Packet duration: -1024 / dts: 528384 in stream 1 is out of range
[mp4 @ 0x91b010500] pts has no value
[mp4 @ 0x91b010500] Packet duration: -1024 / dts: 529408 in stream 1 is out of range
[mp4 @ 0x91b010500] pts has no value
timestamp: 169288 segment: 11:0 priority: 127
timestamp: 530432 segment: 12:0 priority: 127
[mp4 @ 0x91b010500] Packet duration: -1024 / dts: 531456 in stream 1 is out of range
[mp4 @ 0x91b010500] pts has no value
[mp4 @ 0x91b010500] Packet duration: -1024 / dts: 532480 in stream 1 is out of range
[mp4 @ 0x91b010500] pts has no value
[mp4 @ 0x91b010500] Packet duration: -1024 / dts: 534528 in stream 1 is out of range
[mp4 @ 0x91b010500] pts has no value
[mp4 @ 0x91b010500] Packet duration: -1024 / dts: 535552 in stream 1 is out of range
[mp4 @ 0x91b010500] pts has no value
[mp4 @ 0x91b010500] Packet duration: -1024 / dts: 537600 in stream 1 is out of range
[mp4 @ 0x91b010500] pts has no value
[mp4 @ 0x91b010500] Packet duration: -1024 / dts: 538624 in stream 1 is out of range
[mp4 @ 0x91b010500] pts has no value
[mp4 @ 0x91b010500] Packet duration: -1024 / dts: 540672 in stream 1 is out of range
[mp4 @ 0x91b010500] pts has no value
[mp4 @ 0x91b010500] Packet duration: -1024 / dts: 542720 in stream 1 is out of range
[mp4 @ 0x91b010500] pts has no value
[mp4 @ 0x91b010500] Packet duration: -1024 / dts: 543744 in stream 1 is out of range
[mp4 @ 0x91b010500] pts has no value
[mp4 @ 0x91b010500] Packet duration: -1024 / dts: 545792 in stream 1 is out of range
[mp4 @ 0x91b010500] pts has no value
[mp4 @ 0x91b010500] Packet duration: -1024 / dts: 546816 in stream 1 is out of range
[mp4 @ 0x91b010500] pts has no value
[mp4 @ 0x91b010500] Packet duration: -1024 / dts: 548864 in stream 1 is out of range
[mp4 @ 0x91b010500] pts has no value
[mp4 @ 0x91b010500] Packet duration: -1024 / dts: 549888 in stream 1 is out of range
[mp4 @ 0x91b010500] pts has no value
[mp4 @ 0x91b010500] Packet duration: -1024 / dts: 551936 in stream 1 is out of range
[mp4 @ 0x91b010500] pts has no value
[mp4 @ 0x91b010500] Packet duration: -1024 / dts: 553984 in stream 1 is out of range
[mp4 @ 0x91b010500] pts has no value
[mp4 @ 0x91b010500] Packet duration: -1024 / dts: 555008 in stream 1 is out of range
[mp4 @ 0x91b010500] pts has no value
[mp4 @ 0x91b010500] Packet duration: -1024 / dts: 557056 in stream 1 is out of range
[mp4 @ 0x91b010500] pts has no value
[mp4 @ 0x91b010500] Packet duration: -1024 / dts: 558080 in stream 1 is out of range
[mp4 @ 0x91b010500] pts has no value
[mp4 @ 0x91b010500] Packet duration: -1024 / dts: 560128 in stream 1 is out of range
[mp4 @ 0x91b010500] pts has no value
[mp4 @ 0x91b010500] Packet duration: -1024 / dts: 561152 in stream 1 is out of range
[mp4 @ 0x91b010500] pts has no value
[mp4 @ 0x91b010500] Packet duration: -1024 / dts: 563200 in stream 1 is out of range
[mp4 @ 0x91b010500] pts has no value
[mp4 @ 0x91b010500] Packet duration: -1024 / dts: 564224 in stream 1 is out of range
[mp4 @ 0x91b010500] pts has no value
[mp4 @ 0x91b010500] Packet duration: -1024 / dts: 566272 in stream 1 is out of range
[mp4 @ 0x91b010500] pts has no value
[mp4 @ 0x91b010500] Packet duration: -1024 / dts: 568320 in stream 1 is out of range
[mp4 @ 0x91b010500] pts has no value
[mp4 @ 0x91b010500] Packet duration: -1024 / dts: 569344 in stream 1 is out of range
[mp4 @ 0x91b010500] pts has no value
[mp4 @ 0x91b010500] Packet duration: -1024 / dts: 571392 in stream 1 is out of range
[mp4 @ 0x91b010500] pts has no value
[mp4 @ 0x91b010500] Packet duration: -1024 / dts: 572416 in stream 1 is out of range
[mp4 @ 0x91b010500] pts has no value
[mp4 @ 0x91b010500] Packet duration: -1024 / dts: 574464 in stream 1 is out of range
[mp4 @ 0x91b010500] pts has no value
[mp4 @ 0x91b010500] Packet duration: -1024 / dts: 575488 in stream 1 is out of range
[mp4 @ 0x91b010500] pts has no value
[mp4 @ 0x91b010500] Packet duration: -1024 / dts: 577536 in stream 1 is out of range
[mp4 @ 0x91b010500] pts has no value
timestamp: 184648 segment: 12:0 priority: 127
timestamp: 578560 segment: 13:0 priority: 127
[mp4 @ 0x91b010500] Packet duration: -1024 / dts: 579584 in stream 1 is out of range
[mp4 @ 0x91b010500] pts has no value
[mp4 @ 0x91b010500] Packet duration: -1024 / dts: 580608 in stream 1 is out of range
[mp4 @ 0x91b010500] pts has no value
[mp4 @ 0x91b010500] Packet duration: -1024 / dts: 582656 in stream 1 is out of range
[mp4 @ 0x91b010500] pts has no value
[mp4 @ 0x91b010500] Packet duration: -1024 / dts: 583680 in stream 1 is out of range
[mp4 @ 0x91b010500] pts has no value
[mp4 @ 0x91b010500] Packet duration: -1024 / dts: 585728 in stream 1 is out of range
[mp4 @ 0x91b010500] pts has no value
[mp4 @ 0x91b010500] Packet duration: -1024 / dts: 586752 in stream 1 is out of range
[mp4 @ 0x91b010500] pts has no value
[mp4 @ 0x91b010500] Packet duration: -1024 / dts: 588800 in stream 1 is out of range
[mp4 @ 0x91b010500] pts has no value
[mp4 @ 0x91b010500] Packet duration: -1024 / dts: 589824 in stream 1 is out of range
[mp4 @ 0x91b010500] pts has no value
[mp4 @ 0x91b010500] Packet duration: -1024 / dts: 591872 in stream 1 is out of range
[mp4 @ 0x91b010500] pts has no value
[mp4 @ 0x91b010500] Packet duration: -1024 / dts: 593920 in stream 1 is out of range
[mp4 @ 0x91b010500] pts has no value
[mp4 @ 0x91b010500] Packet duration: -1024 / dts: 594944 in stream 1 is out of range
[mp4 @ 0x91b010500] pts has no value
[mp4 @ 0x91b010500] Packet duration: -1024 / dts: 596992 in stream 1 is out of range
[mp4 @ 0x91b010500] pts has no value
[mp4 @ 0x91b010500] Packet duration: -1024 / dts: 598016 in stream 1 is out of range
[mp4 @ 0x91b010500] pts has no value
[mp4 @ 0x91b010500] Packet duration: -1024 / dts: 600064 in stream 1 is out of range
[mp4 @ 0x91b010500] pts has no value
[mp4 @ 0x91b010500] Packet duration: -1024 / dts: 601088 in stream 1 is out of range
[mp4 @ 0x91b010500] pts has no value
[mp4 @ 0x91b010500] Packet duration: -1024 / dts: 603136 in stream 1 is out of range
[mp4 @ 0x91b010500] pts has no value
[mp4 @ 0x91b010500] Packet duration: -1024 / dts: 605184 in stream 1 is out of range
[mp4 @ 0x91b010500] pts has no value
[mp4 @ 0x91b010500] Packet duration: -1024 / dts: 606208 in stream 1 is out of range
[mp4 @ 0x91b010500] pts has no value
[mp4 @ 0x91b010500] Packet duration: -1024 / dts: 608256 in stream 1 is out of range
[mp4 @ 0x91b010500] pts has no value
[mp4 @ 0x91b010500] Packet duration: -1024 / dts: 609280 in stream 1 is out of range
[mp4 @ 0x91b010500] pts has no value
[mp4 @ 0x91b010500] Packet duration: -1024 / dts: 611328 in stream 1 is out of range
[mp4 @ 0x91b010500] pts has no value
[mp4 @ 0x91b010500] Packet duration: -1024 / dts: 612352 in stream 1 is out of range
[mp4 @ 0x91b010500] pts has no value
[mp4 @ 0x91b010500] Packet duration: -1024 / dts: 614400 in stream 1 is out of range
[mp4 @ 0x91b010500] pts has no value
[mp4 @ 0x91b010500] Packet duration: -1024 / dts: 615424 in stream 1 is out of range
[mp4 @ 0x91b010500] pts has no value
[mp4 @ 0x91b010500] Packet duration: -1024 / dts: 617472 in stream 1 is out of range
[mp4 @ 0x91b010500] pts has no value
[mp4 @ 0x91b010500] Packet duration: -1024 / dts: 619520 in stream 1 is out of range
[mp4 @ 0x91b010500] pts has no value
[mp4 @ 0x91b010500] Packet duration: -1024 / dts: 620544 in stream 1 is out of range
[mp4 @ 0x91b010500] pts has no value
[mp4 @ 0x91b010500] Packet duration: -1024 / dts: 622592 in stream 1 is out of range
[mp4 @ 0x91b010500] pts has no value
[mp4 @ 0x91b010500] Packet duration: -1024 / dts: 623616 in stream 1 is out of range
[mp4 @ 0x91b010500] pts has no value
[mp4 @ 0x91b010500] Packet duration: -1024 / dts: 625664 in stream 1 is out of range
[mp4 @ 0x91b010500] pts has no value
timestamp: 200008 segment: 13:0 priority: 127
timestamp: 626688 segment: 14:0 priority: 127
[mp4 @ 0x91b010500] Packet duration: -1024 / dts: 626688 in stream 1 is out of range
[mp4 @ 0x91b010500] pts has no value
[mp4 @ 0x91b010500] Packet duration: -1024 / dts: 628736 in stream 1 is out of range
[mp4 @ 0x91b010500] pts has no value
[mp4 @ 0x91b010500] Packet duration: -1024 / dts: 630784 in stream 1 is out of range
[mp4 @ 0x91b010500] pts has no value
[mp4 @ 0x91b010500] Packet duration: -1024 / dts: 631808 in stream 1 is out of range
[mp4 @ 0x91b010500] pts has no value
[mp4 @ 0x91b010500] Packet duration: -1024 / dts: 633856 in stream 1 is out of range
[mp4 @ 0x91b010500] pts has no value
[mp4 @ 0x91b010500] Packet duration: -1024 / dts: 634880 in stream 1 is out of range
[mp4 @ 0x91b010500] pts has no value
[mp4 @ 0x91b010500] Packet duration: -1024 / dts: 636928 in stream 1 is out of range
[mp4 @ 0x91b010500] pts has no value
[mp4 @ 0x91b010500] Packet duration: -1024 / dts: 637952 in stream 1 is out of range
[mp4 @ 0x91b010500] pts has no value
[mp4 @ 0x91b010500] Packet duration: -1024 / dts: 640000 in stream 1 is out of range
[mp4 @ 0x91b010500] pts has no value
[mp4 @ 0x91b010500] Packet duration: -1024 / dts: 641024 in stream 1 is out of range
[mp4 @ 0x91b010500] pts has no value
[mp4 @ 0x91b010500] Packet duration: -1024 / dts: 643072 in stream 1 is out of range
[mp4 @ 0x91b010500] pts has no value
[mp4 @ 0x91b010500] Packet duration: -1024 / dts: 645120 in stream 1 is out of range
[mp4 @ 0x91b010500] pts has no value
[mp4 @ 0x91b010500] Packet duration: -1024 / dts: 646144 in stream 1 is out of range
[mp4 @ 0x91b010500] pts has no value
[mp4 @ 0x91b010500] Packet duration: -1024 / dts: 648192 in stream 1 is out of range
[mp4 @ 0x91b010500] pts has no value
[mp4 @ 0x91b010500] Packet duration: -1024 / dts: 649216 in stream 1 is out of range
[mp4 @ 0x91b010500] pts has no value
[mp4 @ 0x91b010500] Packet duration: -1024 / dts: 651264 in stream 1 is out of range
[mp4 @ 0x91b010500] pts has no value
[mp4 @ 0x91b010500] Packet duration: -1024 / dts: 652288 in stream 1 is out of range
[mp4 @ 0x91b010500] pts has no value
[mp4 @ 0x91b010500] Packet duration: -1024 / dts: 654336 in stream 1 is out of range
[mp4 @ 0x91b010500] pts has no value
[mp4 @ 0x91b010500] Packet duration: -1024 / dts: 656384 in stream 1 is out of range
[mp4 @ 0x91b010500] pts has no value
[mp4 @ 0x91b010500] Packet duration: -1024 / dts: 657408 in stream 1 is out of range
[mp4 @ 0x91b010500] pts has no value
[mp4 @ 0x91b010500] Packet duration: -1024 / dts: 659456 in stream 1 is out of range
[mp4 @ 0x91b010500] pts has no value
[mp4 @ 0x91b010500] Packet duration: -1024 / dts: 660480 in stream 1 is out of range
[mp4 @ 0x91b010500] pts has no value
[mp4 @ 0x91b010500] Packet duration: -1024 / dts: 662528 in stream 1 is out of range
[mp4 @ 0x91b010500] pts has no value
[mp4 @ 0x91b010500] Packet duration: -1024 / dts: 663552 in stream 1 is out of range
[mp4 @ 0x91b010500] pts has no value
[mp4 @ 0x91b010500] Packet duration: -1024 / dts: 665600 in stream 1 is out of range
[mp4 @ 0x91b010500] pts has no value
[mp4 @ 0x91b010500] Packet duration: -1024 / dts: 666624 in stream 1 is out of range
[mp4 @ 0x91b010500] pts has no value
[mp4 @ 0x91b010500] Packet duration: -1024 / dts: 668672 in stream 1 is out of range
[mp4 @ 0x91b010500] pts has no value
[mp4 @ 0x91b010500] Packet duration: -1024 / dts: 670720 in stream 1 is out of range
[mp4 @ 0x91b010500] pts has no value
[mp4 @ 0x91b010500] Packet duration: -1024 / dts: 671744 in stream 1 is out of range
[mp4 @ 0x91b010500] pts has no value
[mp4 @ 0x91b010500] Packet duration: -1024 / dts: 673792 in stream 1 is out of range
[mp4 @ 0x91b010500] pts has no value
timestamp: 215368 segment: 14:0 priority: 127
timestamp: 674816 segment: 15:0 priority: 127
[mp4 @ 0x91b010500] Packet duration: -1024 / dts: 674816 in stream 1 is out of range
[mp4 @ 0x91b010500] pts has no value
[mp4 @ 0x91b010500] Packet duration: -1024 / dts: 676864 in stream 1 is out of range
[mp4 @ 0x91b010500] pts has no value
[mp4 @ 0x91b010500] Packet duration: -1024 / dts: 677888 in stream 1 is out of range
[mp4 @ 0x91b010500] pts has no value
[mp4 @ 0x91b010500] Packet duration: -1024 / dts: 679936 in stream 1 is out of range
[mp4 @ 0x91b010500] pts has no value
[mp4 @ 0x91b010500] Packet duration: -1024 / dts: 681984 in stream 1 is out of range
[mp4 @ 0x91b010500] pts has no value
[mp4 @ 0x91b010500] Packet duration: -1024 / dts: 683008 in stream 1 is out of range
[mp4 @ 0x91b010500] pts has no value
[mp4 @ 0x91b010500] Packet duration: -1024 / dts: 685056 in stream 1 is out of range
[mp4 @ 0x91b010500] pts has no value
[mp4 @ 0x91b010500] Packet duration: -1024 / dts: 686080 in stream 1 is out of range
[mp4 @ 0x91b010500] pts has no value
[mp4 @ 0x91b010500] Packet duration: -1024 / dts: 688128 in stream 1 is out of range
[mp4 @ 0x91b010500] pts has no value
[mp4 @ 0x91b010500] Packet duration: -1024 / dts: 689152 in stream 1 is out of range
[mp4 @ 0x91b010500] pts has no value
[mp4 @ 0x91b010500] Packet duration: -1024 / dts: 691200 in stream 1 is out of range
[mp4 @ 0x91b010500] pts has no value
[mp4 @ 0x91b010500] Packet duration: -1024 / dts: 692224 in stream 1 is out of range
[mp4 @ 0x91b010500] pts has no value
[mp4 @ 0x91b010500] Packet duration: -1024 / dts: 694272 in stream 1 is out of range
[mp4 @ 0x91b010500] pts has no value
[mp4 @ 0x91b010500] Packet duration: -1024 / dts: 696320 in stream 1 is out of range
[mp4 @ 0x91b010500] pts has no value
[mp4 @ 0x91b010500] Packet duration: -1024 / dts: 697344 in stream 1 is out of range
[mp4 @ 0x91b010500] pts has no value
[mp4 @ 0x91b010500] Packet duration: -1024 / dts: 699392 in stream 1 is out of range
[mp4 @ 0x91b010500] pts has no value
[mp4 @ 0x91b010500] Packet duration: -1024 / dts: 700416 in stream 1 is out of range
[mp4 @ 0x91b010500] pts has no value
[mp4 @ 0x91b010500] Packet duration: -1024 / dts: 702464 in stream 1 is out of range
[mp4 @ 0x91b010500] pts has no value
[mp4 @ 0x91b010500] Packet duration: -1024 / dts: 703488 in stream 1 is out of range
[mp4 @ 0x91b010500] pts has no value
[mp4 @ 0x91b010500] Packet duration: -1024 / dts: 705536 in stream 1 is out of range
[mp4 @ 0x91b010500] pts has no value
[mp4 @ 0x91b010500] Packet duration: -1024 / dts: 707584 in stream 1 is out of range
[mp4 @ 0x91b010500] pts has no value
[mp4 @ 0x91b010500] Packet duration: -1024 / dts: 708608 in stream 1 is out of range
[mp4 @ 0x91b010500] pts has no value
[2m2026-08-26T07:56:42.758229Z[0m [32m INFO[0m [2mmoq_transport::session::subscribed[0m[2m:[0m [PUBLISHER] serve_subgroup: completed subgroup (group_id=0, subgroup_id=0, 1 objects sent)
[mp4 @ 0x91b010500] Packet duration: -1024 / dts: 710656 in stream 1 is out of range
[mp4 @ 0x91b010500] pts has no value
[mp4 @ 0x91b010500] Packet duration: -1024 / dts: 711680 in stream 1 is out of range
[mp4 @ 0x91b010500] pts has no value
[mp4 @ 0x91b010500] Packet duration: -1024 / dts: 713728 in stream 1 is out of range
[mp4 @ 0x91b010500] pts has no value
[mp4 @ 0x91b010500] Packet duration: -1024 / dts: 714752 in stream 1 is out of range
[mp4 @ 0x91b010500] pts has no value
[mp4 @ 0x91b010500] Packet duration: -1024 / dts: 716800 in stream 1 is out of range
[mp4 @ 0x91b010500] pts has no value
[mp4 @ 0x91b010500] Packet duration: -1024 / dts: 717824 in stream 1 is out of range
[mp4 @ 0x91b010500] pts has no value
[mp4 @ 0x91b010500] Packet duration: -1024 / dts: 719872 in stream 1 is out of range
[mp4 @ 0x91b010500] pts has no value
[mp4 @ 0x91b010500] Packet duration: -1024 / dts: 721920 in stream 1 is out of range
[mp4 @ 0x91b010500] pts has no value
timestamp: 230728 segment: 15:0 priority: 127
[2m2026-08-26T07:56:42.994891Z[0m [32m INFO[0m [2mmoq_transport::session::subscribed[0m[2m:[0m [PUBLISHER] serve_subgroup: completed subgroup (group_id=15, subgroup_id=0, 47 objects sent)
[2m2026-08-26T07:56:42.995092Z[0m [32m INFO[0m [2mmoq_transport::session::subscribed[0m[2m:[0m [PUBLISHER] serve_subgroup: completed subgroup (group_id=14, subgroup_id=0, 30 objects sent)
timestamp: 722944 segment: 16:0 priority: 127
[mp4 @ 0x91b010500] Packet duration: -1024 / dts: 722944 in stream 1 is out of range
[mp4 @ 0x91b010500] pts has no value
[mp4 @ 0x91b010500] Packet duration: -1024 / dts: 724992 in stream 1 is out of range
[mp4 @ 0x91b010500] pts has no value
[mp4 @ 0x91b010500] Packet duration: -1024 / dts: 726016 in stream 1 is out of range
[mp4 @ 0x91b010500] pts has no value
[mp4 @ 0x91b010500] Packet duration: -1024 / dts: 728064 in stream 1 is out of range
[mp4 @ 0x91b010500] pts has no value
[mp4 @ 0x91b010500] Packet duration: -1024 / dts: 729088 in stream 1 is out of range
[mp4 @ 0x91b010500] pts has no value
[mp4 @ 0x91b010500] Packet duration: -1024 / dts: 731136 in stream 1 is out of range
[mp4 @ 0x91b010500] pts has no value
[mp4 @ 0x91b010500] Packet duration: -1024 / dts: 733184 in stream 1 is out of range
[mp4 @ 0x91b010500] pts has no value
[mp4 @ 0x91b010500] Packet duration: -1024 / dts: 734208 in stream 1 is out of range
[mp4 @ 0x91b010500] pts has no value
[mp4 @ 0x91b010500] Packet duration: -1024 / dts: 736256 in stream 1 is out of range
[mp4 @ 0x91b010500] pts has no value
[mp4 @ 0x91b010500] Packet duration: -1024 / dts: 737280 in stream 1 is out of range
[mp4 @ 0x91b010500] pts has no value
[mp4 @ 0x91b010500] Packet duration: -1024 / dts: 739328 in stream 1 is out of range
[mp4 @ 0x91b010500] pts has no value
[mp4 @ 0x91b010500] Packet duration: -1024 / dts: 740352 in stream 1 is out of range
[mp4 @ 0x91b010500] pts has no value
[mp4 @ 0x91b010500] Packet duration: -1024 / dts: 742400 in stream 1 is out of range
[mp4 @ 0x91b010500] pts has no value
[mp4 @ 0x91b010500] Packet duration: -1024 / dts: 743424 in stream 1 is out of range
[mp4 @ 0x91b010500] pts has no value
[mp4 @ 0x91b010500] Packet duration: -1024 / dts: 745472 in stream 1 is out of range
[mp4 @ 0x91b010500] pts has no value
[mp4 @ 0x91b010500] Packet duration: -1024 / dts: 747520 in stream 1 is out of range
[mp4 @ 0x91b010500] pts has no value
[mp4 @ 0x91b010500] Packet duration: -1024 / dts: 748544 in stream 1 is out of range
[mp4 @ 0x91b010500] pts has no value
[mp4 @ 0x91b010500] Packet duration: -1024 / dts: 750592 in stream 1 is out of range
[mp4 @ 0x91b010500] pts has no value
[mp4 @ 0x91b010500] Packet duration: -1024 / dts: 751616 in stream 1 is out of range
[mp4 @ 0x91b010500] pts has no value
[mp4 @ 0x91b010500] Packet duration: -1024 / dts: 753664 in stream 1 is out of range
[mp4 @ 0x91b010500] pts has no value
[mp4 @ 0x91b010500] Packet duration: -1024 / dts: 754688 in stream 1 is out of range
[mp4 @ 0x91b010500] pts has no value
[mp4 @ 0x91b010500] Packet duration: -1024 / dts: 756736 in stream 1 is out of range
[mp4 @ 0x91b010500] pts has no value
[mp4 @ 0x91b010500] Packet duration: -1024 / dts: 758784 in stream 1 is out of range
[mp4 @ 0x91b010500] pts has no value
[mp4 @ 0x91b010500] Packet duration: -1024 / dts: 759808 in stream 1 is out of range
[mp4 @ 0x91b010500] pts has no value
[mp4 @ 0x91b010500] Packet duration: -1024 / dts: 761856 in stream 1 is out of range
[mp4 @ 0x91b010500] pts has no value
[mp4 @ 0x91b010500] Packet duration: -1024 / dts: 762880 in stream 1 is out of range
[mp4 @ 0x91b010500] pts has no value
[mp4 @ 0x91b010500] Packet duration: -1024 / dts: 764928 in stream 1 is out of range
[mp4 @ 0x91b010500] pts has no value
[mp4 @ 0x91b010500] Packet duration: -1024 / dts: 765952 in stream 1 is out of range
[mp4 @ 0x91b010500] pts has no value
[mp4 @ 0x91b010500] Packet duration: -1024 / dts: 768000 in stream 1 is out of range
[mp4 @ 0x91b010500] pts has no value
[mp4 @ 0x91b010500] Packet duration: -1024 / dts: 769024 in stream 1 is out of range
[mp4 @ 0x91b010500] pts has no value
timestamp: 246088 segment: 16:0 priority: 127
[2m2026-08-26T07:56:43.999558Z[0m [32m INFO[0m [2mmoq_transport::session::subscribed[0m[2m:[0m [PUBLISHER] serve_subgroup: completed subgroup (group_id=16, subgroup_id=0, 46 objects sent)
[2m2026-08-26T07:56:43.999621Z[0m [32m INFO[0m [2mmoq_transport::session::subscribed[0m[2m:[0m [PUBLISHER] serve_subgroup: completed subgroup (group_id=15, subgroup_id=0, 30 objects sent)
timestamp: 770048 segment: 17:0 priority: 127
[mp4 @ 0x91b010500] Packet duration: -1024 / dts: 771072 in stream 1 is out of range
[mp4 @ 0x91b010500] pts has no value
[mp4 @ 0x91b010500] Packet duration: -1024 / dts: 773120 in stream 1 is out of range
[mp4 @ 0x91b010500] pts has no value
[mp4 @ 0x91b010500] Packet duration: -1024 / dts: 774144 in stream 1 is out of range
[mp4 @ 0x91b010500] pts has no value
[mp4 @ 0x91b010500] Packet duration: -1024 / dts: 776192 in stream 1 is out of range
[mp4 @ 0x91b010500] pts has no value
[mp4 @ 0x91b010500] Packet duration: -1024 / dts: 777216 in stream 1 is out of range
[mp4 @ 0x91b010500] pts has no value
[mp4 @ 0x91b010500] Packet duration: -1024 / dts: 779264 in stream 1 is out of range
[mp4 @ 0x91b010500] pts has no value
[mp4 @ 0x91b010500] Packet duration: -1024 / dts: 780288 in stream 1 is out of range
[mp4 @ 0x91b010500] pts has no value
[mp4 @ 0x91b010500] Packet duration: -1024 / dts: 782336 in stream 1 is out of range
[mp4 @ 0x91b010500] pts has no value
[mp4 @ 0x91b010500] Packet duration: -1024 / dts: 784384 in stream 1 is out of range
[mp4 @ 0x91b010500] pts has no value
[mp4 @ 0x91b010500] Packet duration: -1024 / dts: 785408 in stream 1 is out of range
[mp4 @ 0x91b010500] pts has no value
[mp4 @ 0x91b010500] Packet duration: -1024 / dts: 787456 in stream 1 is out of range
[mp4 @ 0x91b010500] pts has no value
[mp4 @ 0x91b010500] Packet duration: -1024 / dts: 788480 in stream 1 is out of range
[mp4 @ 0x91b010500] pts has no value
[mp4 @ 0x91b010500] Packet duration: -1024 / dts: 790528 in stream 1 is out of range
[mp4 @ 0x91b010500] pts has no value
[mp4 @ 0x91b010500] Packet duration: -1024 / dts: 791552 in stream 1 is out of range
[mp4 @ 0x91b010500] pts has no value
[mp4 @ 0x91b010500] Packet duration: -1024 / dts: 793600 in stream 1 is out of range
[mp4 @ 0x91b010500] pts has no value
[mp4 @ 0x91b010500] Packet duration: -1024 / dts: 794624 in stream 1 is out of range
[mp4 @ 0x91b010500] pts has no value
[mp4 @ 0x91b010500] Packet duration: -1024 / dts: 796672 in stream 1 is out of range
[mp4 @ 0x91b010500] pts has no value
[mp4 @ 0x91b010500] Packet duration: -1024 / dts: 798720 in stream 1 is out of range
[mp4 @ 0x91b010500] pts has no value
[mp4 @ 0x91b010500] Packet duration: -1024 / dts: 799744 in stream 1 is out of range
[mp4 @ 0x91b010500] pts has no value
[mp4 @ 0x91b010500] Packet duration: -1024 / dts: 801792 in stream 1 is out of range
[mp4 @ 0x91b010500] pts has no value
[mp4 @ 0x91b010500] Packet duration: -1024 / dts: 802816 in stream 1 is out of range
[mp4 @ 0x91b010500] pts has no value
[mp4 @ 0x91b010500] Packet duration: -1024 / dts: 804864 in stream 1 is out of range
[mp4 @ 0x91b010500] pts has no value
[mp4 @ 0x91b010500] Packet duration: -1024 / dts: 805888 in stream 1 is out of range
[mp4 @ 0x91b010500] pts has no value
[mp4 @ 0x91b010500] Packet duration: -1024 / dts: 807936 in stream 1 is out of range
[mp4 @ 0x91b010500] pts has no value
[mp4 @ 0x91b010500] Packet duration: -1024 / dts: 809984 in stream 1 is out of range
[mp4 @ 0x91b010500] pts has no value
[mp4 @ 0x91b010500] Packet duration: -1024 / dts: 811008 in stream 1 is out of range
[mp4 @ 0x91b010500] pts has no value
[mp4 @ 0x91b010500] Packet duration: -1024 / dts: 813056 in stream 1 is out of range
[mp4 @ 0x91b010500] pts has no value
[mp4 @ 0x91b010500] Packet duration: -1024 / dts: 814080 in stream 1 is out of range
[mp4 @ 0x91b010500] pts has no value
[mp4 @ 0x91b010500] Packet duration: -1024 / dts: 816128 in stream 1 is out of range
[mp4 @ 0x91b010500] pts has no value
[mp4 @ 0x91b010500] Packet duration: -1024 / dts: 817152 in stream 1 is out of range
[mp4 @ 0x91b010500] pts has no value
timestamp: 261448 segment: 17:0 priority: 127
[2m2026-08-26T07:56:44.998323Z[0m [32m INFO[0m [2mmoq_transport::session::subscribed[0m[2m:[0m [PUBLISHER] serve_subgroup: completed subgroup (group_id=17, subgroup_id=0, 47 objects sent)
[2m2026-08-26T07:56:44.998356Z[0m [32m INFO[0m [2mmoq_transport::session::subscribed[0m[2m:[0m [PUBLISHER] serve_subgroup: completed subgroup (group_id=16, subgroup_id=0, 30 objects sent)
timestamp: 818176 segment: 18:0 priority: 127
[mp4 @ 0x91b010500] Packet duration: -1024 / dts: 819200 in stream 1 is out of range
[mp4 @ 0x91b010500] pts has no value
[mp4 @ 0x91b010500] Packet duration: -1024 / dts: 820224 in stream 1 is out of range
[mp4 @ 0x91b010500] pts has no value
[mp4 @ 0x91b010500] Packet duration: -1024 / dts: 822272 in stream 1 is out of range
[mp4 @ 0x91b010500] pts has no value
[mp4 @ 0x91b010500] Packet duration: -1024 / dts: 824320 in stream 1 is out of range
[mp4 @ 0x91b010500] pts has no value
[mp4 @ 0x91b010500] Packet duration: -1024 / dts: 825344 in stream 1 is out of range
[mp4 @ 0x91b010500] pts has no value
[mp4 @ 0x91b010500] Packet duration: -1024 / dts: 827392 in stream 1 is out of range
[mp4 @ 0x91b010500] pts has no value
[mp4 @ 0x91b010500] Packet duration: -1024 / dts: 828416 in stream 1 is out of range
[mp4 @ 0x91b010500] pts has no value
[mp4 @ 0x91b010500] Packet duration: -1024 / dts: 830464 in stream 1 is out of range
[mp4 @ 0x91b010500] pts has no value
[mp4 @ 0x91b010500] Packet duration: -1024 / dts: 831488 in stream 1 is out of range
[mp4 @ 0x91b010500] pts has no value
[mp4 @ 0x91b010500] Packet duration: -1024 / dts: 833536 in stream 1 is out of range
[mp4 @ 0x91b010500] pts has no value
[mp4 @ 0x91b010500] Packet duration: -1024 / dts: 835584 in stream 1 is out of range
[mp4 @ 0x91b010500] pts has no value
[mp4 @ 0x91b010500] Packet duration: -1024 / dts: 836608 in stream 1 is out of range
[mp4 @ 0x91b010500] pts has no value
[mp4 @ 0x91b010500] Packet duration: -1024 / dts: 838656 in stream 1 is out of range
[mp4 @ 0x91b010500] pts has no value
[mp4 @ 0x91b010500] Packet duration: -1024 / dts: 839680 in stream 1 is out of range
[mp4 @ 0x91b010500] pts has no value
[mp4 @ 0x91b010500] Packet duration: -1024 / dts: 841728 in stream 1 is out of range
[mp4 @ 0x91b010500] pts has no value
[mp4 @ 0x91b010500] Packet duration: -1024 / dts: 842752 in stream 1 is out of range
[mp4 @ 0x91b010500] pts has no value
[mp4 @ 0x91b010500] Packet duration: -1024 / dts: 844800 in stream 1 is out of range
[mp4 @ 0x91b010500] pts has no value
[mp4 @ 0x91b010500] Packet duration: -1024 / dts: 845824 in stream 1 is out of range
[mp4 @ 0x91b010500] pts has no value
[mp4 @ 0x91b010500] Packet duration: -1024 / dts: 847872 in stream 1 is out of range
[mp4 @ 0x91b010500] pts has no value
[mp4 @ 0x91b010500] Packet duration: -1024 / dts: 849920 in stream 1 is out of range
[mp4 @ 0x91b010500] pts has no value
[mp4 @ 0x91b010500] Packet duration: -1024 / dts: 850944 in stream 1 is out of range
[mp4 @ 0x91b010500] pts has no value
[mp4 @ 0x91b010500] Packet duration: -1024 / dts: 852992 in stream 1 is out of range
[mp4 @ 0x91b010500] pts has no value
[mp4 @ 0x91b010500] Packet duration: -1024 / dts: 854016 in stream 1 is out of range
[mp4 @ 0x91b010500] pts has no value
[mp4 @ 0x91b010500] Packet duration: -1024 / dts: 856064 in stream 1 is out of range
[mp4 @ 0x91b010500] pts has no value
[mp4 @ 0x91b010500] Packet duration: -1024 / dts: 857088 in stream 1 is out of range
[mp4 @ 0x91b010500] pts has no value
[mp4 @ 0x91b010500] Packet duration: -1024 / dts: 859136 in stream 1 is out of range
[mp4 @ 0x91b010500] pts has no value
[mp4 @ 0x91b010500] Packet duration: -1024 / dts: 861184 in stream 1 is out of range
[mp4 @ 0x91b010500] pts has no value
[mp4 @ 0x91b010500] Packet duration: -1024 / dts: 862208 in stream 1 is out of range
[mp4 @ 0x91b010500] pts has no value
[mp4 @ 0x91b010500] Packet duration: -1024 / dts: 864256 in stream 1 is out of range
[mp4 @ 0x91b010500] pts has no value
[mp4 @ 0x91b010500] Packet duration: -1024 / dts: 865280 in stream 1 is out of range
[mp4 @ 0x91b010500] pts has no value
timestamp: 276808 segment: 18:0 priority: 127
[2m2026-08-26T07:56:46.003615Z[0m [32m INFO[0m [2mmoq_transport::session::subscribed[0m[2m:[0m [PUBLISHER] serve_subgroup: completed subgroup (group_id=18, subgroup_id=0, 47 objects sent)
[2m2026-08-26T07:56:46.003657Z[0m [32m INFO[0m [2mmoq_transport::session::subscribed[0m[2m:[0m [PUBLISHER] serve_subgroup: completed subgroup (group_id=17, subgroup_id=0, 30 objects sent)
timestamp: 866304 segment: 19:0 priority: 127
[mp4 @ 0x91b010500] Packet duration: -1024 / dts: 867328 in stream 1 is out of range
[mp4 @ 0x91b010500] pts has no value
[mp4 @ 0x91b010500] Packet duration: -1024 / dts: 868352 in stream 1 is out of range
[mp4 @ 0x91b010500] pts has no value
[mp4 @ 0x91b010500] Packet duration: -1024 / dts: 870400 in stream 1 is out of range
[mp4 @ 0x91b010500] pts has no value
[mp4 @ 0x91b010500] Packet duration: -1024 / dts: 871424 in stream 1 is out of range
[mp4 @ 0x91b010500] pts has no value
[mp4 @ 0x91b010500] Packet duration: -1024 / dts: 873472 in stream 1 is out of range
[mp4 @ 0x91b010500] pts has no value
[mp4 @ 0x91b010500] Packet duration: -1024 / dts: 875520 in stream 1 is out of range
[mp4 @ 0x91b010500] pts has no value
[mp4 @ 0x91b010500] Packet duration: -1024 / dts: 876544 in stream 1 is out of range
[mp4 @ 0x91b010500] pts has no value
[mp4 @ 0x91b010500] Packet duration: -1024 / dts: 878592 in stream 1 is out of range
[mp4 @ 0x91b010500] pts has no value
[mp4 @ 0x91b010500] Packet duration: -1024 / dts: 879616 in stream 1 is out of range
[mp4 @ 0x91b010500] pts has no value
[mp4 @ 0x91b010500] Packet duration: -1024 / dts: 881664 in stream 1 is out of range
[mp4 @ 0x91b010500] pts has no value
[mp4 @ 0x91b010500] Packet duration: -1024 / dts: 882688 in stream 1 is out of range
[mp4 @ 0x91b010500] pts has no value
[mp4 @ 0x91b010500] Packet duration: -1024 / dts: 884736 in stream 1 is out of range
[mp4 @ 0x91b010500] pts has no value
[mp4 @ 0x91b010500] Packet duration: -1024 / dts: 886784 in stream 1 is out of range
[mp4 @ 0x91b010500] pts has no value
[mp4 @ 0x91b010500] Packet duration: -1024 / dts: 887808 in stream 1 is out of range
[mp4 @ 0x91b010500] pts has no value
[mp4 @ 0x91b010500] Packet duration: -1024 / dts: 889856 in stream 1 is out of range
[mp4 @ 0x91b010500] pts has no value
[mp4 @ 0x91b010500] Packet duration: -1024 / dts: 890880 in stream 1 is out of range
[mp4 @ 0x91b010500] pts has no value
[mp4 @ 0x91b010500] Packet duration: -1024 / dts: 892928 in stream 1 is out of range
[mp4 @ 0x91b010500] pts has no value
[mp4 @ 0x91b010500] Packet duration: -1024 / dts: 893952 in stream 1 is out of range
[mp4 @ 0x91b010500] pts has no value
[mp4 @ 0x91b010500] Packet duration: -1024 / dts: 896000 in stream 1 is out of range
[mp4 @ 0x91b010500] pts has no value
[mp4 @ 0x91b010500] Packet duration: -1024 / dts: 897024 in stream 1 is out of range
[mp4 @ 0x91b010500] pts has no value
[mp4 @ 0x91b010500] Packet duration: -1024 / dts: 899072 in stream 1 is out of range
[mp4 @ 0x91b010500] pts has no value
[mp4 @ 0x91b010500] Packet duration: -1024 / dts: 901120 in stream 1 is out of range
[mp4 @ 0x91b010500] pts has no value
[mp4 @ 0x91b010500] Packet duration: -1024 / dts: 902144 in stream 1 is out of range
[mp4 @ 0x91b010500] pts has no value
[mp4 @ 0x91b010500] Packet duration: -1024 / dts: 904192 in stream 1 is out of range
[mp4 @ 0x91b010500] pts has no value
[mp4 @ 0x91b010500] Packet duration: -1024 / dts: 905216 in stream 1 is out of range
[mp4 @ 0x91b010500] pts has no value
[mp4 @ 0x91b010500] Packet duration: -1024 / dts: 907264 in stream 1 is out of range
[mp4 @ 0x91b010500] pts has no value
[mp4 @ 0x91b010500] Packet duration: -1024 / dts: 908288 in stream 1 is out of range
[mp4 @ 0x91b010500] pts has no value
[mp4 @ 0x91b010500] Packet duration: -1024 / dts: 910336 in stream 1 is out of range
[mp4 @ 0x91b010500] pts has no value
[mp4 @ 0x91b010500] Packet duration: -1024 / dts: 912384 in stream 1 is out of range
[mp4 @ 0x91b010500] pts has no value
[mp4 @ 0x91b010500] Packet duration: -1024 / dts: 913408 in stream 1 is out of range
[mp4 @ 0x91b010500] pts has no value
timestamp: 292168 segment: 19:0 priority: 127
[2m2026-08-26T07:56:47.006762Z[0m [32m INFO[0m [2mmoq_transport::session::subscribed[0m[2m:[0m [PUBLISHER] serve_subgroup: completed subgroup (group_id=19, subgroup_id=0, 47 objects sent)
[2m2026-08-26T07:56:47.006870Z[0m [32m INFO[0m [2mmoq_transport::session::subscribed[0m[2m:[0m [PUBLISHER] serve_subgroup: completed subgroup (group_id=18, subgroup_id=0, 30 objects sent)
timestamp: 914432 segment: 20:0 priority: 127
[mp4 @ 0x91b010500] Packet duration: -1024 / dts: 915456 in stream 1 is out of range
[mp4 @ 0x91b010500] pts has no value
[mp4 @ 0x91b010500] Packet duration: -1024 / dts: 916480 in stream 1 is out of range
[mp4 @ 0x91b010500] pts has no value
[mp4 @ 0x91b010500] Packet duration: -1024 / dts: 918528 in stream 1 is out of range
[mp4 @ 0x91b010500] pts has no value
[mp4 @ 0x91b010500] Packet duration: -1024 / dts: 919552 in stream 1 is out of range
[mp4 @ 0x91b010500] pts has no value
[mp4 @ 0x91b010500] Packet duration: -1024 / dts: 921600 in stream 1 is out of range
[mp4 @ 0x91b010500] pts has no value
[mp4 @ 0x91b010500] Packet duration: -1024 / dts: 922624 in stream 1 is out of range
[mp4 @ 0x91b010500] pts has no value
[mp4 @ 0x91b010500] Packet duration: -1024 / dts: 924672 in stream 1 is out of range
[mp4 @ 0x91b010500] pts has no value
[mp4 @ 0x91b010500] Packet duration: -1024 / dts: 926720 in stream 1 is out of range
[mp4 @ 0x91b010500] pts has no value
[mp4 @ 0x91b010500] Packet duration: -1024 / dts: 927744 in stream 1 is out of range
[mp4 @ 0x91b010500] pts has no value
[mp4 @ 0x91b010500] Packet duration: -1024 / dts: 929792 in stream 1 is out of range
[mp4 @ 0x91b010500] pts has no value
[mp4 @ 0x91b010500] Packet duration: -1024 / dts: 930816 in stream 1 is out of range
[mp4 @ 0x91b010500] pts has no value
[mp4 @ 0x91b010500] Packet duration: -1024 / dts: 932864 in stream 1 is out of range
[mp4 @ 0x91b010500] pts has no value
[mp4 @ 0x91b010500] Packet duration: -1024 / dts: 933888 in stream 1 is out of range
[mp4 @ 0x91b010500] pts has no value
[mp4 @ 0x91b010500] Packet duration: -1024 / dts: 935936 in stream 1 is out of range
[mp4 @ 0x91b010500] pts has no value
[mp4 @ 0x91b010500] Packet duration: -1024 / dts: 937984 in stream 1 is out of range
[mp4 @ 0x91b010500] pts has no value
[mp4 @ 0x91b010500] Packet duration: -1024 / dts: 939008 in stream 1 is out of range
[mp4 @ 0x91b010500] pts has no value
[mp4 @ 0x91b010500] Packet duration: -1024 / dts: 941056 in stream 1 is out of range
[mp4 @ 0x91b010500] pts has no value
[mp4 @ 0x91b010500] Packet duration: -1024 / dts: 942080 in stream 1 is out of range
[mp4 @ 0x91b010500] pts has no value
[mp4 @ 0x91b010500] Packet duration: -1024 / dts: 944128 in stream 1 is out of range
[mp4 @ 0x91b010500] pts has no value
[mp4 @ 0x91b010500] Packet duration: -1024 / dts: 945152 in stream 1 is out of range
[mp4 @ 0x91b010500] pts has no value
[mp4 @ 0x91b010500] Packet duration: -1024 / dts: 947200 in stream 1 is out of range
[mp4 @ 0x91b010500] pts has no value
[mp4 @ 0x91b010500] Packet duration: -1024 / dts: 948224 in stream 1 is out of range
[mp4 @ 0x91b010500] pts has no value
[mp4 @ 0x91b010500] Packet duration: -1024 / dts: 950272 in stream 1 is out of range
[mp4 @ 0x91b010500] pts has no value
[mp4 @ 0x91b010500] Packet duration: -1024 / dts: 952320 in stream 1 is out of range
[mp4 @ 0x91b010500] pts has no value
[mp4 @ 0x91b010500] Packet duration: -1024 / dts: 953344 in stream 1 is out of range
[mp4 @ 0x91b010500] pts has no value
[mp4 @ 0x91b010500] Packet duration: -1024 / dts: 955392 in stream 1 is out of range
[mp4 @ 0x91b010500] pts has no value
[mp4 @ 0x91b010500] Packet duration: -1024 / dts: 956416 in stream 1 is out of range
[mp4 @ 0x91b010500] pts has no value
[mp4 @ 0x91b010500] Packet duration: -1024 / dts: 958464 in stream 1 is out of range
[mp4 @ 0x91b010500] pts has no value
[mp4 @ 0x91b010500] Packet duration: -1024 / dts: 959488 in stream 1 is out of range
[mp4 @ 0x91b010500] pts has no value
[mp4 @ 0x91b010500] Packet duration: -1024 / dts: 961536 in stream 1 is out of range
[mp4 @ 0x91b010500] pts has no value
timestamp: 307528 segment: 20:0 priority: 127
[2m2026-08-26T07:56:48.013009Z[0m [32m INFO[0m [2mmoq_transport::session::subscribed[0m[2m:[0m [PUBLISHER] serve_subgroup: completed subgroup (group_id=20, subgroup_id=0, 47 objects sent)
[2m2026-08-26T07:56:48.013062Z[0m [32m INFO[0m [2mmoq_transport::session::subscribed[0m[2m:[0m [PUBLISHER] serve_subgroup: completed subgroup (group_id=19, subgroup_id=0, 30 objects sent)
timestamp: 962560 segment: 21:0 priority: 127
[mp4 @ 0x91b010500] Packet duration: -1024 / dts: 963584 in stream 1 is out of range
[mp4 @ 0x91b010500] pts has no value
[mp4 @ 0x91b010500] Packet duration: -1024 / dts: 964608 in stream 1 is out of range
[mp4 @ 0x91b010500] pts has no value
[mp4 @ 0x91b010500] Packet duration: -1024 / dts: 966656 in stream 1 is out of range
[mp4 @ 0x91b010500] pts has no value
[mp4 @ 0x91b010500] Packet duration: -1024 / dts: 967680 in stream 1 is out of range
[mp4 @ 0x91b010500] pts has no value
[mp4 @ 0x91b010500] Packet duration: -1024 / dts: 969728 in stream 1 is out of range
[mp4 @ 0x91b010500] pts has no value
[mp4 @ 0x91b010500] Packet duration: -1024 / dts: 970752 in stream 1 is out of range
[mp4 @ 0x91b010500] pts has no value
[mp4 @ 0x91b010500] Packet duration: -1024 / dts: 972800 in stream 1 is out of range
[mp4 @ 0x91b010500] pts has no value
[mp4 @ 0x91b010500] Packet duration: -1024 / dts: 973824 in stream 1 is out of range
[mp4 @ 0x91b010500] pts has no value
[mp4 @ 0x91b010500] Packet duration: -1024 / dts: 975872 in stream 1 is out of range
[mp4 @ 0x91b010500] pts has no value
[mp4 @ 0x91b010500] Packet duration: -1024 / dts: 977920 in stream 1 is out of range
[mp4 @ 0x91b010500] pts has no value
[mp4 @ 0x91b010500] Packet duration: -1024 / dts: 978944 in stream 1 is out of range
[mp4 @ 0x91b010500] pts has no value
[mp4 @ 0x91b010500] Packet duration: -1024 / dts: 980992 in stream 1 is out of range
[mp4 @ 0x91b010500] pts has no value
[mp4 @ 0x91b010500] Packet duration: -1024 / dts: 982016 in stream 1 is out of range
[mp4 @ 0x91b010500] pts has no value
[mp4 @ 0x91b010500] Packet duration: -1024 / dts: 984064 in stream 1 is out of range
[mp4 @ 0x91b010500] pts has no value
[mp4 @ 0x91b010500] Packet duration: -1024 / dts: 985088 in stream 1 is out of range
[mp4 @ 0x91b010500] pts has no value
[mp4 @ 0x91b010500] Packet duration: -1024 / dts: 987136 in stream 1 is out of range
[mp4 @ 0x91b010500] pts has no value
[mp4 @ 0x91b010500] Packet duration: -1024 / dts: 989184 in stream 1 is out of range
[mp4 @ 0x91b010500] pts has no value
[mp4 @ 0x91b010500] Packet duration: -1024 / dts: 990208 in stream 1 is out of range
[mp4 @ 0x91b010500] pts has no value
[mp4 @ 0x91b010500] Packet duration: -1024 / dts: 992256 in stream 1 is out of range
[mp4 @ 0x91b010500] pts has no value
[mp4 @ 0x91b010500] Packet duration: -1024 / dts: 993280 in stream 1 is out of range
[mp4 @ 0x91b010500] pts has no value
[mp4 @ 0x91b010500] Packet duration: -1024 / dts: 995328 in stream 1 is out of range
[mp4 @ 0x91b010500] pts has no value
[mp4 @ 0x91b010500] Packet duration: -1024 / dts: 996352 in stream 1 is out of range
[mp4 @ 0x91b010500] pts has no value
[mp4 @ 0x91b010500] Packet duration: -1024 / dts: 998400 in stream 1 is out of range
[mp4 @ 0x91b010500] pts has no value
[mp4 @ 0x91b010500] Packet duration: -1024 / dts: 999424 in stream 1 is out of range
[mp4 @ 0x91b010500] pts has no value
[mp4 @ 0x91b010500] Packet duration: -1024 / dts: 1001472 in stream 1 is out of range
[mp4 @ 0x91b010500] pts has no value
[mp4 @ 0x91b010500] Packet duration: -1024 / dts: 1003520 in stream 1 is out of range
[mp4 @ 0x91b010500] pts has no value
[mp4 @ 0x91b010500] Packet duration: -1024 / dts: 1004544 in stream 1 is out of range
[mp4 @ 0x91b010500] pts has no value
[mp4 @ 0x91b010500] Packet duration: -1024 / dts: 1006592 in stream 1 is out of range
[mp4 @ 0x91b010500] pts has no value
[mp4 @ 0x91b010500] Packet duration: -1024 / dts: 1007616 in stream 1 is out of range
[mp4 @ 0x91b010500] pts has no value
[mp4 @ 0x91b010500] Packet duration: -1024 / dts: 1009664 in stream 1 is out of range
[mp4 @ 0x91b010500] pts has no value
timestamp: 322888 segment: 21:0 priority: 127
[2m2026-08-26T07:56:49.016968Z[0m [32m INFO[0m [2mmoq_transport::session::subscribed[0m[2m:[0m [PUBLISHER] serve_subgroup: completed subgroup (group_id=21, subgroup_id=0, 47 objects sent)
[2m2026-08-26T07:56:49.017008Z[0m [32m INFO[0m [2mmoq_transport::session::subscribed[0m[2m:[0m [PUBLISHER] serve_subgroup: completed subgroup (group_id=20, subgroup_id=0, 30 objects sent)
timestamp: 1010688 segment: 22:0 priority: 127
[mp4 @ 0x91b010500] Packet duration: -1024 / dts: 1010688 in stream 1 is out of range
[mp4 @ 0x91b010500] pts has no value
[mp4 @ 0x91b010500] Packet duration: -1024 / dts: 1012736 in stream 1 is out of range
[mp4 @ 0x91b010500] pts has no value
[mp4 @ 0x91b010500] Packet duration: -1024 / dts: 1014784 in stream 1 is out of range
[mp4 @ 0x91b010500] pts has no value
[mp4 @ 0x91b010500] Packet duration: -1024 / dts: 1015808 in stream 1 is out of range
[mp4 @ 0x91b010500] pts has no value
[mp4 @ 0x91b010500] Packet duration: -1024 / dts: 1017856 in stream 1 is out of range
[mp4 @ 0x91b010500] pts has no value
[mp4 @ 0x91b010500] Packet duration: -1024 / dts: 1018880 in stream 1 is out of range
[mp4 @ 0x91b010500] pts has no value
[mp4 @ 0x91b010500] Packet duration: -1024 / dts: 1020928 in stream 1 is out of range
[mp4 @ 0x91b010500] pts has no value
[mp4 @ 0x91b010500] Packet duration: -1024 / dts: 1021952 in stream 1 is out of range
[mp4 @ 0x91b010500] pts has no value
[mp4 @ 0x91b010500] Packet duration: -1024 / dts: 1024000 in stream 1 is out of range
[mp4 @ 0x91b010500] pts has no value
[mp4 @ 0x91b010500] Packet duration: -1024 / dts: 1025024 in stream 1 is out of range
[mp4 @ 0x91b010500] pts has no value
[mp4 @ 0x91b010500] Packet duration: -1024 / dts: 1027072 in stream 1 is out of range
[mp4 @ 0x91b010500] pts has no value
[mp4 @ 0x91b010500] Packet duration: -1024 / dts: 1029120 in stream 1 is out of range
[mp4 @ 0x91b010500] pts has no value
[mp4 @ 0x91b010500] Packet duration: -1024 / dts: 1030144 in stream 1 is out of range
[mp4 @ 0x91b010500] pts has no value
[mp4 @ 0x91b010500] Packet duration: -1024 / dts: 1032192 in stream 1 is out of range
[mp4 @ 0x91b010500] pts has no value
[mp4 @ 0x91b010500] Packet duration: -1024 / dts: 1033216 in stream 1 is out of range
[mp4 @ 0x91b010500] pts has no value
[mp4 @ 0x91b010500] Packet duration: -1024 / dts: 1035264 in stream 1 is out of range
[mp4 @ 0x91b010500] pts has no value
[mp4 @ 0x91b010500] Packet duration: -1024 / dts: 1036288 in stream 1 is out of range
[mp4 @ 0x91b010500] pts has no value
[mp4 @ 0x91b010500] Packet duration: -1024 / dts: 1038336 in stream 1 is out of range
[mp4 @ 0x91b010500] pts has no value
[mp4 @ 0x91b010500] Packet duration: -1024 / dts: 1040384 in stream 1 is out of range
[mp4 @ 0x91b010500] pts has no value
[mp4 @ 0x91b010500] Packet duration: -1024 / dts: 1041408 in stream 1 is out of range
[mp4 @ 0x91b010500] pts has no value
[mp4 @ 0x91b010500] Packet duration: -1024 / dts: 1043456 in stream 1 is out of range
[mp4 @ 0x91b010500] pts has no value
[mp4 @ 0x91b010500] Packet duration: -1024 / dts: 1044480 in stream 1 is out of range
[mp4 @ 0x91b010500] pts has no value
[mp4 @ 0x91b010500] Packet duration: -1024 / dts: 1046528 in stream 1 is out of range
[mp4 @ 0x91b010500] pts has no value
[mp4 @ 0x91b010500] Packet duration: -1024 / dts: 1047552 in stream 1 is out of range
[mp4 @ 0x91b010500] pts has no value
[mp4 @ 0x91b010500] Packet duration: -1024 / dts: 1049600 in stream 1 is out of range
[mp4 @ 0x91b010500] pts has no value
[mp4 @ 0x91b010500] Packet duration: -1024 / dts: 1050624 in stream 1 is out of range
[mp4 @ 0x91b010500] pts has no value
[mp4 @ 0x91b010500] Packet duration: -1024 / dts: 1052672 in stream 1 is out of range
[mp4 @ 0x91b010500] pts has no value
[mp4 @ 0x91b010500] Packet duration: -1024 / dts: 1054720 in stream 1 is out of range
[mp4 @ 0x91b010500] pts has no value
[mp4 @ 0x91b010500] Packet duration: -1024 / dts: 1055744 in stream 1 is out of range
[mp4 @ 0x91b010500] pts has no value
[mp4 @ 0x91b010500] Packet duration: -1024 / dts: 1057792 in stream 1 is out of range
[mp4 @ 0x91b010500] pts has no value
timestamp: 338248 segment: 22:0 priority: 127
[2m2026-08-26T07:56:50.021015Z[0m [32m INFO[0m [2mmoq_transport::session::subscribed[0m[2m:[0m [PUBLISHER] serve_subgroup: completed subgroup (group_id=22, subgroup_id=0, 47 objects sent)
[2m2026-08-26T07:56:50.021053Z[0m [32m INFO[0m [2mmoq_transport::session::subscribed[0m[2m:[0m [PUBLISHER] serve_subgroup: completed subgroup (group_id=21, subgroup_id=0, 30 objects sent)
timestamp: 1058816 segment: 23:0 priority: 127
[mp4 @ 0x91b010500] Packet duration: -1024 / dts: 1058816 in stream 1 is out of range
[mp4 @ 0x91b010500] pts has no value
[mp4 @ 0x91b010500] Packet duration: -1024 / dts: 1060864 in stream 1 is out of range
[mp4 @ 0x91b010500] pts has no value
[mp4 @ 0x91b010500] Packet duration: -1024 / dts: 1061888 in stream 1 is out of range
[mp4 @ 0x91b010500] pts has no value
[mp4 @ 0x91b010500] Packet duration: -1024 / dts: 1063936 in stream 1 is out of range
[mp4 @ 0x91b010500] pts has no value
[mp4 @ 0x91b010500] Packet duration: -1024 / dts: 1065984 in stream 1 is out of range
[mp4 @ 0x91b010500] pts has no value
[mp4 @ 0x91b010500] Packet duration: -1024 / dts: 1067008 in stream 1 is out of range
[mp4 @ 0x91b010500] pts has no value
[mp4 @ 0x91b010500] Packet duration: -1024 / dts: 1069056 in stream 1 is out of range
[mp4 @ 0x91b010500] pts has no value
[mp4 @ 0x91b010500] Packet duration: -1024 / dts: 1070080 in stream 1 is out of range
[mp4 @ 0x91b010500] pts has no value
[mp4 @ 0x91b010500] Packet duration: -1024 / dts: 1072128 in stream 1 is out of range
[mp4 @ 0x91b010500] pts has no value
[mp4 @ 0x91b010500] Packet duration: -1024 / dts: 1073152 in stream 1 is out of range
[mp4 @ 0x91b010500] pts has no value
[mp4 @ 0x91b010500] Packet duration: -1024 / dts: 1075200 in stream 1 is out of range
[mp4 @ 0x91b010500] pts has no value
[mp4 @ 0x91b010500] Packet duration: -1024 / dts: 1076224 in stream 1 is out of range
[mp4 @ 0x91b010500] pts has no value
[mp4 @ 0x91b010500] Packet duration: -1024 / dts: 1078272 in stream 1 is out of range
[mp4 @ 0x91b010500] pts has no value
[mp4 @ 0x91b010500] Packet duration: -1024 / dts: 1080320 in stream 1 is out of range
[mp4 @ 0x91b010500] pts has no value
[mp4 @ 0x91b010500] Packet duration: -1024 / dts: 1081344 in stream 1 is out of range
[mp4 @ 0x91b010500] pts has no value
[mp4 @ 0x91b010500] Packet duration: -1024 / dts: 1083392 in stream 1 is out of range
[mp4 @ 0x91b010500] pts has no value
[mp4 @ 0x91b010500] Packet duration: -1024 / dts: 1084416 in stream 1 is out of range
[mp4 @ 0x91b010500] pts has no value
[mp4 @ 0x91b010500] Packet duration: -1024 / dts: 1086464 in stream 1 is out of range
[mp4 @ 0x91b010500] pts has no value
[mp4 @ 0x91b010500] Packet duration: -1024 / dts: 1087488 in stream 1 is out of range
[mp4 @ 0x91b010500] pts has no value
[mp4 @ 0x91b010500] Packet duration: -1024 / dts: 1089536 in stream 1 is out of range
[mp4 @ 0x91b010500] pts has no value
[mp4 @ 0x91b010500] Packet duration: -1024 / dts: 1091584 in stream 1 is out of range
[mp4 @ 0x91b010500] pts has no value
[mp4 @ 0x91b010500] Packet duration: -1024 / dts: 1092608 in stream 1 is out of range
[mp4 @ 0x91b010500] pts has no value
[mp4 @ 0x91b010500] Packet duration: -1024 / dts: 1094656 in stream 1 is out of range
[mp4 @ 0x91b010500] pts has no value
[mp4 @ 0x91b010500] Packet duration: -1024 / dts: 1095680 in stream 1 is out of range
[mp4 @ 0x91b010500] pts has no value
[mp4 @ 0x91b010500] Packet duration: -1024 / dts: 1097728 in stream 1 is out of range
[mp4 @ 0x91b010500] pts has no value
[mp4 @ 0x91b010500] Packet duration: -1024 / dts: 1098752 in stream 1 is out of range
[mp4 @ 0x91b010500] pts has no value
[mp4 @ 0x91b010500] Packet duration: -1024 / dts: 1100800 in stream 1 is out of range
[mp4 @ 0x91b010500] pts has no value
[mp4 @ 0x91b010500] Packet duration: -1024 / dts: 1101824 in stream 1 is out of range
[mp4 @ 0x91b010500] pts has no value
[mp4 @ 0x91b010500] Packet duration: -1024 / dts: 1103872 in stream 1 is out of range
[mp4 @ 0x91b010500] pts has no value
[mp4 @ 0x91b010500] Packet duration: -1024 / dts: 1105920 in stream 1 is out of range
[mp4 @ 0x91b010500] pts has no value
timestamp: 353608 segment: 23:0 priority: 127
[2m2026-08-26T07:56:51.021389Z[0m [32m INFO[0m [2mmoq_transport::session::subscribed[0m[2m:[0m [PUBLISHER] serve_subgroup: completed subgroup (group_id=23, subgroup_id=0, 47 objects sent)
[2m2026-08-26T07:56:51.021584Z[0m [32m INFO[0m [2mmoq_transport::session::subscribed[0m[2m:[0m [PUBLISHER] serve_subgroup: completed subgroup (group_id=22, subgroup_id=0, 30 objects sent)
timestamp: 1106944 segment: 24:0 priority: 127
[mp4 @ 0x91b010500] Packet duration: -1024 / dts: 1106944 in stream 1 is out of range
[mp4 @ 0x91b010500] pts has no value
[mp4 @ 0x91b010500] Packet duration: -1024 / dts: 1108992 in stream 1 is out of range
[mp4 @ 0x91b010500] pts has no value
[mp4 @ 0x91b010500] Packet duration: -1024 / dts: 1110016 in stream 1 is out of range
[mp4 @ 0x91b010500] pts has no value
[mp4 @ 0x91b010500] Packet duration: -1024 / dts: 1112064 in stream 1 is out of range
[mp4 @ 0x91b010500] pts has no value
[mp4 @ 0x91b010500] Packet duration: -1024 / dts: 1113088 in stream 1 is out of range
[mp4 @ 0x91b010500] pts has no value
[mp4 @ 0x91b010500] Packet duration: -1024 / dts: 1115136 in stream 1 is out of range
[mp4 @ 0x91b010500] pts has no value
[mp4 @ 0x91b010500] Packet duration: -1024 / dts: 1117184 in stream 1 is out of range
[mp4 @ 0x91b010500] pts has no value
[mp4 @ 0x91b010500] Packet duration: -1024 / dts: 1118208 in stream 1 is out of range
[mp4 @ 0x91b010500] pts has no value
[mp4 @ 0x91b010500] Packet duration: -1024 / dts: 1120256 in stream 1 is out of range
[mp4 @ 0x91b010500] pts has no value
[mp4 @ 0x91b010500] Packet duration: -1024 / dts: 1121280 in stream 1 is out of range
[mp4 @ 0x91b010500] pts has no value
[mp4 @ 0x91b010500] Packet duration: -1024 / dts: 1123328 in stream 1 is out of range
[mp4 @ 0x91b010500] pts has no value
[mp4 @ 0x91b010500] Packet duration: -1024 / dts: 1124352 in stream 1 is out of range
[mp4 @ 0x91b010500] pts has no value
[mp4 @ 0x91b010500] Packet duration: -1024 / dts: 1126400 in stream 1 is out of range
[mp4 @ 0x91b010500] pts has no value
[mp4 @ 0x91b010500] Packet duration: -1024 / dts: 1127424 in stream 1 is out of range
[mp4 @ 0x91b010500] pts has no value
[mp4 @ 0x91b010500] Packet duration: -1024 / dts: 1129472 in stream 1 is out of range
[mp4 @ 0x91b010500] pts has no value
[mp4 @ 0x91b010500] Packet duration: -1024 / dts: 1131520 in stream 1 is out of range
[mp4 @ 0x91b010500] pts has no value
[mp4 @ 0x91b010500] Packet duration: -1024 / dts: 1132544 in stream 1 is out of range
[mp4 @ 0x91b010500] pts has no value
[mp4 @ 0x91b010500] Packet duration: -1024 / dts: 1134592 in stream 1 is out of range
[mp4 @ 0x91b010500] pts has no value
[mp4 @ 0x91b010500] Packet duration: -1024 / dts: 1135616 in stream 1 is out of range
[mp4 @ 0x91b010500] pts has no value
[mp4 @ 0x91b010500] Packet duration: -1024 / dts: 1137664 in stream 1 is out of range
[mp4 @ 0x91b010500] pts has no value
[mp4 @ 0x91b010500] Packet duration: -1024 / dts: 1138688 in stream 1 is out of range
[mp4 @ 0x91b010500] pts has no value
[mp4 @ 0x91b010500] Packet duration: -1024 / dts: 1140736 in stream 1 is out of range
[mp4 @ 0x91b010500] pts has no value
[mp4 @ 0x91b010500] Packet duration: -1024 / dts: 1142784 in stream 1 is out of range
[mp4 @ 0x91b010500] pts has no value
[mp4 @ 0x91b010500] Packet duration: -1024 / dts: 1143808 in stream 1 is out of range
[mp4 @ 0x91b010500] pts has no value
[mp4 @ 0x91b010500] Packet duration: -1024 / dts: 1145856 in stream 1 is out of range
[mp4 @ 0x91b010500] pts has no value
[mp4 @ 0x91b010500] Packet duration: -1024 / dts: 1146880 in stream 1 is out of range
[mp4 @ 0x91b010500] pts has no value
[mp4 @ 0x91b010500] Packet duration: -1024 / dts: 1148928 in stream 1 is out of range
[mp4 @ 0x91b010500] pts has no value
[mp4 @ 0x91b010500] Packet duration: -1024 / dts: 1149952 in stream 1 is out of range
[mp4 @ 0x91b010500] pts has no value
[mp4 @ 0x91b010500] Packet duration: -1024 / dts: 1152000 in stream 1 is out of range
[mp4 @ 0x91b010500] pts has no value
[mp4 @ 0x91b010500] Packet duration: -1024 / dts: 1153024 in stream 1 is out of range
[mp4 @ 0x91b010500] pts has no value
timestamp: 368968 segment: 24:0 priority: 127
[2m2026-08-26T07:56:52.024977Z[0m [32m INFO[0m [2mmoq_transport::session::subscribed[0m[2m:[0m [PUBLISHER] serve_subgroup: completed subgroup (group_id=24, subgroup_id=0, 46 objects sent)
[2m2026-08-26T07:56:52.025011Z[0m [32m INFO[0m [2mmoq_transport::session::subscribed[0m[2m:[0m [PUBLISHER] serve_subgroup: completed subgroup (group_id=23, subgroup_id=0, 30 objects sent)
timestamp: 1154048 segment: 25:0 priority: 127
[mp4 @ 0x91b010500] Packet duration: -1024 / dts: 1155072 in stream 1 is out of range
[mp4 @ 0x91b010500] pts has no value
[mp4 @ 0x91b010500] Packet duration: -1024 / dts: 1157120 in stream 1 is out of range
[mp4 @ 0x91b010500] pts has no value
[mp4 @ 0x91b010500] Packet duration: -1024 / dts: 1158144 in stream 1 is out of range
[mp4 @ 0x91b010500] pts has no value
[mp4 @ 0x91b010500] Packet duration: -1024 / dts: 1160192 in stream 1 is out of range
[mp4 @ 0x91b010500] pts has no value
[mp4 @ 0x91b010500] Packet duration: -1024 / dts: 1161216 in stream 1 is out of range
[mp4 @ 0x91b010500] pts has no value
[mp4 @ 0x91b010500] Packet duration: -1024 / dts: 1163264 in stream 1 is out of range
[mp4 @ 0x91b010500] pts has no value
[mp4 @ 0x91b010500] Packet duration: -1024 / dts: 1164288 in stream 1 is out of range
[mp4 @ 0x91b010500] pts has no value
[mp4 @ 0x91b010500] Packet duration: -1024 / dts: 1166336 in stream 1 is out of range
[mp4 @ 0x91b010500] pts has no value
[mp4 @ 0x91b010500] Packet duration: -1024 / dts: 1168384 in stream 1 is out of range
[mp4 @ 0x91b010500] pts has no value
[mp4 @ 0x91b010500] Packet duration: -1024 / dts: 1169408 in stream 1 is out of range
[mp4 @ 0x91b010500] pts has no value
[mp4 @ 0x91b010500] Packet duration: -1024 / dts: 1171456 in stream 1 is out of range
[mp4 @ 0x91b010500] pts has no value
[mp4 @ 0x91b010500] Packet duration: -1024 / dts: 1172480 in stream 1 is out of range
[mp4 @ 0x91b010500] pts has no value
[mp4 @ 0x91b010500] Packet duration: -1024 / dts: 1174528 in stream 1 is out of range
[mp4 @ 0x91b010500] pts has no value
[mp4 @ 0x91b010500] Packet duration: -1024 / dts: 1175552 in stream 1 is out of range
[mp4 @ 0x91b010500] pts has no value
[mp4 @ 0x91b010500] Packet duration: -1024 / dts: 1177600 in stream 1 is out of range
[mp4 @ 0x91b010500] pts has no value
[mp4 @ 0x91b010500] Packet duration: -1024 / dts: 1178624 in stream 1 is out of range
[mp4 @ 0x91b010500] pts has no value
[mp4 @ 0x91b010500] Packet duration: -1024 / dts: 1180672 in stream 1 is out of range
[mp4 @ 0x91b010500] pts has no value
[mp4 @ 0x91b010500] Packet duration: -1024 / dts: 1182720 in stream 1 is out of range
[mp4 @ 0x91b010500] pts has no value
[mp4 @ 0x91b010500] Packet duration: -1024 / dts: 1183744 in stream 1 is out of range
[mp4 @ 0x91b010500] pts has no value
[mp4 @ 0x91b010500] Packet duration: -1024 / dts: 1185792 in stream 1 is out of range
[mp4 @ 0x91b010500] pts has no value
[mp4 @ 0x91b010500] Packet duration: -1024 / dts: 1186816 in stream 1 is out of range
[mp4 @ 0x91b010500] pts has no value
[mp4 @ 0x91b010500] Packet duration: -1024 / dts: 1188864 in stream 1 is out of range
[mp4 @ 0x91b010500] pts has no value
[mp4 @ 0x91b010500] Packet duration: -1024 / dts: 1189888 in stream 1 is out of range
[mp4 @ 0x91b010500] pts has no value
[mp4 @ 0x91b010500] Packet duration: -1024 / dts: 1191936 in stream 1 is out of range
[mp4 @ 0x91b010500] pts has no value
[mp4 @ 0x91b010500] Packet duration: -1024 / dts: 1193984 in stream 1 is out of range
[mp4 @ 0x91b010500] pts has no value
[mp4 @ 0x91b010500] Packet duration: -1024 / dts: 1195008 in stream 1 is out of range
[mp4 @ 0x91b010500] pts has no value
[mp4 @ 0x91b010500] Packet duration: -1024 / dts: 1197056 in stream 1 is out of range
[mp4 @ 0x91b010500] pts has no value
[mp4 @ 0x91b010500] Packet duration: -1024 / dts: 1198080 in stream 1 is out of range
[mp4 @ 0x91b010500] pts has no value
[mp4 @ 0x91b010500] Packet duration: -1024 / dts: 1200128 in stream 1 is out of range
[mp4 @ 0x91b010500] pts has no value
[mp4 @ 0x91b010500] Packet duration: -1024 / dts: 1201152 in stream 1 is out of range
[mp4 @ 0x91b010500] pts has no value
timestamp: 384328 segment: 25:0 priority: 127
timestamp: 1202176 segment: 26:0 priority: 127
[2m2026-08-26T07:56:53.037489Z[0m [32m INFO[0m [2mmoq_transport::session::subscribed[0m[2m:[0m [PUBLISHER] serve_subgroup: completed subgroup (group_id=25, subgroup_id=0, 47 objects sent)
[2m2026-08-26T07:56:53.037918Z[0m [32m INFO[0m [2mmoq_transport::session::subscribed[0m[2m:[0m [PUBLISHER] serve_subgroup: completed subgroup (group_id=24, subgroup_id=0, 30 objects sent)
[mp4 @ 0x91b010500] Packet duration: -1024 / dts: 1203200 in stream 1 is out of range
[mp4 @ 0x91b010500] pts has no value
[mp4 @ 0x91b010500] Packet duration: -1024 / dts: 1204224 in stream 1 is out of range
[mp4 @ 0x91b010500] pts has no value
[mp4 @ 0x91b010500] Packet duration: -1024 / dts: 1206272 in stream 1 is out of range
[mp4 @ 0x91b010500] pts has no value
[mp4 @ 0x91b010500] Packet duration: -1024 / dts: 1208320 in stream 1 is out of range
[mp4 @ 0x91b010500] pts has no value
[mp4 @ 0x91b010500] Packet duration: -1024 / dts: 1209344 in stream 1 is out of range
[mp4 @ 0x91b010500] pts has no value
[mp4 @ 0x91b010500] Packet duration: -1024 / dts: 1211392 in stream 1 is out of range
[mp4 @ 0x91b010500] pts has no value
[mp4 @ 0x91b010500] Packet duration: -1024 / dts: 1212416 in stream 1 is out of range
[mp4 @ 0x91b010500] pts has no value
[mp4 @ 0x91b010500] Packet duration: -1024 / dts: 1214464 in stream 1 is out of range
[mp4 @ 0x91b010500] pts has no value
[mp4 @ 0x91b010500] Packet duration: -1024 / dts: 1215488 in stream 1 is out of range
[mp4 @ 0x91b010500] pts has no value
[mp4 @ 0x91b010500] Packet duration: -1024 / dts: 1217536 in stream 1 is out of range
[mp4 @ 0x91b010500] pts has no value
[mp4 @ 0x91b010500] Packet duration: -1024 / dts: 1219584 in stream 1 is out of range
[mp4 @ 0x91b010500] pts has no value
[mp4 @ 0x91b010500] Packet duration: -1024 / dts: 1220608 in stream 1 is out of range
[mp4 @ 0x91b010500] pts has no value
[mp4 @ 0x91b010500] Packet duration: -1024 / dts: 1222656 in stream 1 is out of range
[mp4 @ 0x91b010500] pts has no value
[mp4 @ 0x91b010500] Packet duration: -1024 / dts: 1223680 in stream 1 is out of range
[mp4 @ 0x91b010500] pts has no value
[mp4 @ 0x91b010500] Packet duration: -1024 / dts: 1225728 in stream 1 is out of range
[mp4 @ 0x91b010500] pts has no value
[mp4 @ 0x91b010500] Packet duration: -1024 / dts: 1226752 in stream 1 is out of range
[mp4 @ 0x91b010500] pts has no value
[mp4 @ 0x91b010500] Packet duration: -1024 / dts: 1228800 in stream 1 is out of range
[mp4 @ 0x91b010500] pts has no value
[mp4 @ 0x91b010500] Packet duration: -1024 / dts: 1229824 in stream 1 is out of range
[mp4 @ 0x91b010500] pts has no value
[mp4 @ 0x91b010500] Packet duration: -1024 / dts: 1231872 in stream 1 is out of range
[mp4 @ 0x91b010500] pts has no value
[mp4 @ 0x91b010500] Packet duration: -1024 / dts: 1233920 in stream 1 is out of range
[mp4 @ 0x91b010500] pts has no value
[mp4 @ 0x91b010500] Packet duration: -1024 / dts: 1234944 in stream 1 is out of range
[mp4 @ 0x91b010500] pts has no value
[mp4 @ 0x91b010500] Packet duration: -1024 / dts: 1236992 in stream 1 is out of range
[mp4 @ 0x91b010500] pts has no value
[mp4 @ 0x91b010500] Packet duration: -1024 / dts: 1238016 in stream 1 is out of range
[mp4 @ 0x91b010500] pts has no value
[mp4 @ 0x91b010500] Packet duration: -1024 / dts: 1240064 in stream 1 is out of range
[mp4 @ 0x91b010500] pts has no value
[mp4 @ 0x91b010500] Packet duration: -1024 / dts: 1241088 in stream 1 is out of range
[mp4 @ 0x91b010500] pts has no value
[mp4 @ 0x91b010500] Packet duration: -1024 / dts: 1243136 in stream 1 is out of range
[mp4 @ 0x91b010500] pts has no value
[mp4 @ 0x91b010500] Packet duration: -1024 / dts: 1245184 in stream 1 is out of range
[mp4 @ 0x91b010500] pts has no value
[mp4 @ 0x91b010500] Packet duration: -1024 / dts: 1246208 in stream 1 is out of range
[mp4 @ 0x91b010500] pts has no value
[mp4 @ 0x91b010500] Packet duration: -1024 / dts: 1248256 in stream 1 is out of range
[mp4 @ 0x91b010500] pts has no value
[mp4 @ 0x91b010500] Packet duration: -1024 / dts: 1249280 in stream 1 is out of range
[mp4 @ 0x91b010500] pts has no value
timestamp: 399688 segment: 26:0 priority: 127
[2m2026-08-26T07:56:54.041535Z[0m [32m INFO[0m [2mmoq_transport::session::subscribed[0m[2m:[0m [PUBLISHER] serve_subgroup: completed subgroup (group_id=26, subgroup_id=0, 47 objects sent)
[2m2026-08-26T07:56:54.041597Z[0m [32m INFO[0m [2mmoq_transport::session::subscribed[0m[2m:[0m [PUBLISHER] serve_subgroup: completed subgroup (group_id=25, subgroup_id=0, 30 objects sent)
timestamp: 1250304 segment: 27:0 priority: 127
[mp4 @ 0x91b010500] Packet duration: -1024 / dts: 1251328 in stream 1 is out of range
[mp4 @ 0x91b010500] pts has no value
[mp4 @ 0x91b010500] Packet duration: -1024 / dts: 1252352 in stream 1 is out of range
[mp4 @ 0x91b010500] pts has no value
[mp4 @ 0x91b010500] Packet duration: -1024 / dts: 1254400 in stream 1 is out of range
[mp4 @ 0x91b010500] pts has no value
[mp4 @ 0x91b010500] Packet duration: -1024 / dts: 1255424 in stream 1 is out of range
[mp4 @ 0x91b010500] pts has no value
[mp4 @ 0x91b010500] Packet duration: -1024 / dts: 1257472 in stream 1 is out of range
[mp4 @ 0x91b010500] pts has no value
[mp4 @ 0x91b010500] Packet duration: -1024 / dts: 1259520 in stream 1 is out of range
[mp4 @ 0x91b010500] pts has no value
[mp4 @ 0x91b010500] Packet duration: -1024 / dts: 1260544 in stream 1 is out of range
[mp4 @ 0x91b010500] pts has no value
[mp4 @ 0x91b010500] Packet duration: -1024 / dts: 1262592 in stream 1 is out of range
[mp4 @ 0x91b010500] pts has no value
[mp4 @ 0x91b010500] Packet duration: -1024 / dts: 1263616 in stream 1 is out of range
[mp4 @ 0x91b010500] pts has no value
[mp4 @ 0x91b010500] Packet duration: -1024 / dts: 1265664 in stream 1 is out of range
[mp4 @ 0x91b010500] pts has no value
[mp4 @ 0x91b010500] Packet duration: -1024 / dts: 1266688 in stream 1 is out of range
[mp4 @ 0x91b010500] pts has no value
[mp4 @ 0x91b010500] Packet duration: -1024 / dts: 1268736 in stream 1 is out of range
[mp4 @ 0x91b010500] pts has no value
[mp4 @ 0x91b010500] Packet duration: -1024 / dts: 1270784 in stream 1 is out of range
[mp4 @ 0x91b010500] pts has no value
[mp4 @ 0x91b010500] Packet duration: -1024 / dts: 1271808 in stream 1 is out of range
[mp4 @ 0x91b010500] pts has no value
[mp4 @ 0x91b010500] Packet duration: -1024 / dts: 1273856 in stream 1 is out of range
[mp4 @ 0x91b010500] pts has no value
[mp4 @ 0x91b010500] Packet duration: -1024 / dts: 1274880 in stream 1 is out of range
[mp4 @ 0x91b010500] pts has no value
[mp4 @ 0x91b010500] Packet duration: -1024 / dts: 1276928 in stream 1 is out of range
[mp4 @ 0x91b010500] pts has no value
[mp4 @ 0x91b010500] Packet duration: -1024 / dts: 1277952 in stream 1 is out of range
[mp4 @ 0x91b010500] pts has no value
[mp4 @ 0x91b010500] Packet duration: -1024 / dts: 1280000 in stream 1 is out of range
[mp4 @ 0x91b010500] pts has no value
[mp4 @ 0x91b010500] Packet duration: -1024 / dts: 1281024 in stream 1 is out of range
[mp4 @ 0x91b010500] pts has no value
[mp4 @ 0x91b010500] Packet duration: -1024 / dts: 1283072 in stream 1 is out of range
[mp4 @ 0x91b010500] pts has no value
[mp4 @ 0x91b010500] Packet duration: -1024 / dts: 1285120 in stream 1 is out of range
[mp4 @ 0x91b010500] pts has no value
[mp4 @ 0x91b010500] Packet duration: -1024 / dts: 1286144 in stream 1 is out of range
[mp4 @ 0x91b010500] pts has no value
[mp4 @ 0x91b010500] Packet duration: -1024 / dts: 1288192 in stream 1 is out of range
[mp4 @ 0x91b010500] pts has no value
[mp4 @ 0x91b010500] Packet duration: -1024 / dts: 1289216 in stream 1 is out of range
[mp4 @ 0x91b010500] pts has no value
[mp4 @ 0x91b010500] Packet duration: -1024 / dts: 1291264 in stream 1 is out of range
[mp4 @ 0x91b010500] pts has no value
[mp4 @ 0x91b010500] Packet duration: -1024 / dts: 1292288 in stream 1 is out of range
[mp4 @ 0x91b010500] pts has no value
[mp4 @ 0x91b010500] Packet duration: -1024 / dts: 1294336 in stream 1 is out of range
[mp4 @ 0x91b010500] pts has no value
[mp4 @ 0x91b010500] Packet duration: -1024 / dts: 1296384 in stream 1 is out of range
[mp4 @ 0x91b010500] pts has no value
[mp4 @ 0x91b010500] Packet duration: -1024 / dts: 1297408 in stream 1 is out of range
[mp4 @ 0x91b010500] pts has no value
timestamp: 415048 segment: 27:0 priority: 127
[2m2026-08-26T07:56:55.046024Z[0m [32m INFO[0m [2mmoq_transport::session::subscribed[0m[2m:[0m [PUBLISHER] serve_subgroup: completed subgroup (group_id=27, subgroup_id=0, 47 objects sent)
[2m2026-08-26T07:56:55.046164Z[0m [32m INFO[0m [2mmoq_transport::session::subscribed[0m[2m:[0m [PUBLISHER] serve_subgroup: completed subgroup (group_id=26, subgroup_id=0, 30 objects sent)
timestamp: 1298432 segment: 28:0 priority: 127
[mp4 @ 0x91b010500] Packet duration: -1024 / dts: 1299456 in stream 1 is out of range
[mp4 @ 0x91b010500] pts has no value
[mp4 @ 0x91b010500] Packet duration: -1024 / dts: 1300480 in stream 1 is out of range
[mp4 @ 0x91b010500] pts has no value
[mp4 @ 0x91b010500] Packet duration: -1024 / dts: 1302528 in stream 1 is out of range
[mp4 @ 0x91b010500] pts has no value
[mp4 @ 0x91b010500] Packet duration: -1024 / dts: 1303552 in stream 1 is out of range
[mp4 @ 0x91b010500] pts has no value
[mp4 @ 0x91b010500] Packet duration: -1024 / dts: 1305600 in stream 1 is out of range
[mp4 @ 0x91b010500] pts has no value
[mp4 @ 0x91b010500] Packet duration: -1024 / dts: 1306624 in stream 1 is out of range
[mp4 @ 0x91b010500] pts has no value
[mp4 @ 0x91b010500] Packet duration: -1024 / dts: 1308672 in stream 1 is out of range
[mp4 @ 0x91b010500] pts has no value
[mp4 @ 0x91b010500] Packet duration: -1024 / dts: 1310720 in stream 1 is out of range
[mp4 @ 0x91b010500] pts has no value
[mp4 @ 0x91b010500] Packet duration: -1024 / dts: 1311744 in stream 1 is out of range
[mp4 @ 0x91b010500] pts has no value
[mp4 @ 0x91b010500] Packet duration: -1024 / dts: 1313792 in stream 1 is out of range
[mp4 @ 0x91b010500] pts has no value
[mp4 @ 0x91b010500] Packet duration: -1024 / dts: 1314816 in stream 1 is out of range
[mp4 @ 0x91b010500] pts has no value
[mp4 @ 0x91b010500] Packet duration: -1024 / dts: 1316864 in stream 1 is out of range
[mp4 @ 0x91b010500] pts has no value
[mp4 @ 0x91b010500] Packet duration: -1024 / dts: 1317888 in stream 1 is out of range
[mp4 @ 0x91b010500] pts has no value
[mp4 @ 0x91b010500] Packet duration: -1024 / dts: 1319936 in stream 1 is out of range
[mp4 @ 0x91b010500] pts has no value
[mp4 @ 0x91b010500] Packet duration: -1024 / dts: 1321984 in stream 1 is out of range
[mp4 @ 0x91b010500] pts has no value
[mp4 @ 0x91b010500] Packet duration: -1024 / dts: 1323008 in stream 1 is out of range
[mp4 @ 0x91b010500] pts has no value
[mp4 @ 0x91b010500] Packet duration: -1024 / dts: 1325056 in stream 1 is out of range
[mp4 @ 0x91b010500] pts has no value
[mp4 @ 0x91b010500] Packet duration: -1024 / dts: 1326080 in stream 1 is out of range
[mp4 @ 0x91b010500] pts has no value
[mp4 @ 0x91b010500] Packet duration: -1024 / dts: 1328128 in stream 1 is out of range
[mp4 @ 0x91b010500] pts has no value
[mp4 @ 0x91b010500] Packet duration: -1024 / dts: 1329152 in stream 1 is out of range
[mp4 @ 0x91b010500] pts has no value
[mp4 @ 0x91b010500] Packet duration: -1024 / dts: 1331200 in stream 1 is out of range
[mp4 @ 0x91b010500] pts has no value
[mp4 @ 0x91b010500] Packet duration: -1024 / dts: 1332224 in stream 1 is out of range
[mp4 @ 0x91b010500] pts has no value
[mp4 @ 0x91b010500] Packet duration: -1024 / dts: 1334272 in stream 1 is out of range
[mp4 @ 0x91b010500] pts has no value
[mp4 @ 0x91b010500] Packet duration: -1024 / dts: 1336320 in stream 1 is out of range
[mp4 @ 0x91b010500] pts has no value
[mp4 @ 0x91b010500] Packet duration: -1024 / dts: 1337344 in stream 1 is out of range
[mp4 @ 0x91b010500] pts has no value
[mp4 @ 0x91b010500] Packet duration: -1024 / dts: 1339392 in stream 1 is out of range
[mp4 @ 0x91b010500] pts has no value
[mp4 @ 0x91b010500] Packet duration: -1024 / dts: 1340416 in stream 1 is out of range
[mp4 @ 0x91b010500] pts has no value
[mp4 @ 0x91b010500] Packet duration: -1024 / dts: 1342464 in stream 1 is out of range
[mp4 @ 0x91b010500] pts has no value
[mp4 @ 0x91b010500] Packet duration: -1024 / dts: 1343488 in stream 1 is out of range
[mp4 @ 0x91b010500] pts has no value
[mp4 @ 0x91b010500] Packet duration: -1024 / dts: 1345536 in stream 1 is out of range
[mp4 @ 0x91b010500] pts has no value
timestamp: 430408 segment: 28:0 priority: 127
[2m2026-08-26T07:56:56.053295Z[0m [32m INFO[0m [2mmoq_transport::session::subscribed[0m[2m:[0m [PUBLISHER] serve_subgroup: completed subgroup (group_id=28, subgroup_id=0, 47 objects sent)
[2m2026-08-26T07:56:56.053374Z[0m [32m INFO[0m [2mmoq_transport::session::subscribed[0m[2m:[0m [PUBLISHER] serve_subgroup: completed subgroup (group_id=27, subgroup_id=0, 30 objects sent)
timestamp: 1346560 segment: 29:0 priority: 127
[mp4 @ 0x91b010500] Packet duration: -1024 / dts: 1347584 in stream 1 is out of range
[mp4 @ 0x91b010500] pts has no value
[mp4 @ 0x91b010500] Packet duration: -1024 / dts: 1348608 in stream 1 is out of range
[mp4 @ 0x91b010500] pts has no value
[mp4 @ 0x91b010500] Packet duration: -1024 / dts: 1350656 in stream 1 is out of range
[mp4 @ 0x91b010500] pts has no value
[mp4 @ 0x91b010500] Packet duration: -1024 / dts: 1351680 in stream 1 is out of range
[mp4 @ 0x91b010500] pts has no value
[mp4 @ 0x91b010500] Packet duration: -1024 / dts: 1353728 in stream 1 is out of range
[mp4 @ 0x91b010500] pts has no value
[mp4 @ 0x91b010500] Packet duration: -1024 / dts: 1354752 in stream 1 is out of range
[mp4 @ 0x91b010500] pts has no value
[mp4 @ 0x91b010500] Packet duration: -1024 / dts: 1356800 in stream 1 is out of range
[mp4 @ 0x91b010500] pts has no value
[mp4 @ 0x91b010500] Packet duration: -1024 / dts: 1357824 in stream 1 is out of range
[mp4 @ 0x91b010500] pts has no value
[mp4 @ 0x91b010500] Packet duration: -1024 / dts: 1359872 in stream 1 is out of range
[mp4 @ 0x91b010500] pts has no value
[mp4 @ 0x91b010500] Packet duration: -1024 / dts: 1361920 in stream 1 is out of range
[mp4 @ 0x91b010500] pts has no value
[mp4 @ 0x91b010500] Packet duration: -1024 / dts: 1362944 in stream 1 is out of range
[mp4 @ 0x91b010500] pts has no value
[mp4 @ 0x91b010500] Packet duration: -1024 / dts: 1364992 in stream 1 is out of range
[mp4 @ 0x91b010500] pts has no value
[mp4 @ 0x91b010500] Packet duration: -1024 / dts: 1366016 in stream 1 is out of range
[mp4 @ 0x91b010500] pts has no value
[mp4 @ 0x91b010500] Packet duration: -1024 / dts: 1368064 in stream 1 is out of range
[mp4 @ 0x91b010500] pts has no value
[mp4 @ 0x91b010500] Packet duration: -1024 / dts: 1369088 in stream 1 is out of range
[mp4 @ 0x91b010500] pts has no value
[mp4 @ 0x91b010500] Packet duration: -1024 / dts: 1371136 in stream 1 is out of range
[mp4 @ 0x91b010500] pts has no value
[mp4 @ 0x91b010500] Packet duration: -1024 / dts: 1373184 in stream 1 is out of range
[mp4 @ 0x91b010500] pts has no value
[mp4 @ 0x91b010500] Packet duration: -1024 / dts: 1374208 in stream 1 is out of range
[mp4 @ 0x91b010500] pts has no value
[mp4 @ 0x91b010500] Packet duration: -1024 / dts: 1376256 in stream 1 is out of range
[mp4 @ 0x91b010500] pts has no value
[mp4 @ 0x91b010500] Packet duration: -1024 / dts: 1377280 in stream 1 is out of range
[mp4 @ 0x91b010500] pts has no value
[mp4 @ 0x91b010500] Packet duration: -1024 / dts: 1379328 in stream 1 is out of range
[mp4 @ 0x91b010500] pts has no value
[mp4 @ 0x91b010500] Packet duration: -1024 / dts: 1380352 in stream 1 is out of range
[mp4 @ 0x91b010500] pts has no value
[mp4 @ 0x91b010500] Packet duration: -1024 / dts: 1382400 in stream 1 is out of range
[mp4 @ 0x91b010500] pts has no value
[mp4 @ 0x91b010500] Packet duration: -1024 / dts: 1383424 in stream 1 is out of range
[mp4 @ 0x91b010500] pts has no value
[mp4 @ 0x91b010500] Packet duration: -1024 / dts: 1385472 in stream 1 is out of range
[mp4 @ 0x91b010500] pts has no value
[mp4 @ 0x91b010500] Packet duration: -1024 / dts: 1387520 in stream 1 is out of range
[mp4 @ 0x91b010500] pts has no value
[mp4 @ 0x91b010500] Packet duration: -1024 / dts: 1388544 in stream 1 is out of range
[mp4 @ 0x91b010500] pts has no value
[mp4 @ 0x91b010500] Packet duration: -1024 / dts: 1390592 in stream 1 is out of range
[mp4 @ 0x91b010500] pts has no value
[mp4 @ 0x91b010500] Packet duration: -1024 / dts: 1391616 in stream 1 is out of range
[mp4 @ 0x91b010500] pts has no value
[mp4 @ 0x91b010500] Packet duration: -1024 / dts: 1393664 in stream 1 is out of range
[mp4 @ 0x91b010500] pts has no value
timestamp: 445768 segment: 29:0 priority: 127
[2m2026-08-26T07:56:57.055541Z[0m [32m INFO[0m [2mmoq_transport::session::subscribed[0m[2m:[0m [PUBLISHER] serve_subgroup: completed subgroup (group_id=29, subgroup_id=0, 47 objects sent)
[2m2026-08-26T07:56:57.055581Z[0m [32m INFO[0m [2mmoq_transport::session::subscribed[0m[2m:[0m [PUBLISHER] serve_subgroup: completed subgroup (group_id=28, subgroup_id=0, 30 objects sent)
timestamp: 1394688 segment: 30:0 priority: 127
[mp4 @ 0x91b010500] Packet duration: -1024 / dts: 1394688 in stream 1 is out of range
[mp4 @ 0x91b010500] pts has no value
[mp4 @ 0x91b010500] Packet duration: -1024 / dts: 1396736 in stream 1 is out of range
[mp4 @ 0x91b010500] pts has no value
[mp4 @ 0x91b010500] Packet duration: -1024 / dts: 1398784 in stream 1 is out of range
[mp4 @ 0x91b010500] pts has no value
[mp4 @ 0x91b010500] Packet duration: -1024 / dts: 1399808 in stream 1 is out of range
[mp4 @ 0x91b010500] pts has no value
[mp4 @ 0x91b010500] Packet duration: -1024 / dts: 1401856 in stream 1 is out of range
[mp4 @ 0x91b010500] pts has no value
[mp4 @ 0x91b010500] Packet duration: -1024 / dts: 1402880 in stream 1 is out of range
[mp4 @ 0x91b010500] pts has no value
[mp4 @ 0x91b010500] Packet duration: -1024 / dts: 1404928 in stream 1 is out of range
[mp4 @ 0x91b010500] pts has no value
[mp4 @ 0x91b010500] Packet duration: -1024 / dts: 1405952 in stream 1 is out of range
[mp4 @ 0x91b010500] pts has no value
[mp4 @ 0x91b010500] Packet duration: -1024 / dts: 1408000 in stream 1 is out of range
[mp4 @ 0x91b010500] pts has no value
[mp4 @ 0x91b010500] Packet duration: -1024 / dts: 1409024 in stream 1 is out of range
[mp4 @ 0x91b010500] pts has no value
[mp4 @ 0x91b010500] Packet duration: -1024 / dts: 1411072 in stream 1 is out of range
[mp4 @ 0x91b010500] pts has no value
[mp4 @ 0x91b010500] Packet duration: -1024 / dts: 1413120 in stream 1 is out of range
[mp4 @ 0x91b010500] pts has no value
[mp4 @ 0x91b010500] Packet duration: -1024 / dts: 1414144 in stream 1 is out of range
[mp4 @ 0x91b010500] pts has no value
[mp4 @ 0x91b010500] Packet duration: -1024 / dts: 1416192 in stream 1 is out of range
[mp4 @ 0x91b010500] pts has no value
[mp4 @ 0x91b010500] Packet duration: -1024 / dts: 1417216 in stream 1 is out of range
[mp4 @ 0x91b010500] pts has no value
[mp4 @ 0x91b010500] Packet duration: -1024 / dts: 1419264 in stream 1 is out of range
[mp4 @ 0x91b010500] pts has no value
[mp4 @ 0x91b010500] Packet duration: -1024 / dts: 1420288 in stream 1 is out of range
[mp4 @ 0x91b010500] pts has no value
[mp4 @ 0x91b010500] Packet duration: -1024 / dts: 1422336 in stream 1 is out of range
[mp4 @ 0x91b010500] pts has no value
[mp4 @ 0x91b010500] Packet duration: -1024 / dts: 1424384 in stream 1 is out of range
[mp4 @ 0x91b010500] pts has no value
[mp4 @ 0x91b010500] Packet duration: -1024 / dts: 1425408 in stream 1 is out of range
[mp4 @ 0x91b010500] pts has no value
[mp4 @ 0x91b010500] Packet duration: -1024 / dts: 1427456 in stream 1 is out of range
[mp4 @ 0x91b010500] pts has no value
[mp4 @ 0x91b010500] Packet duration: -1024 / dts: 1428480 in stream 1 is out of range
[mp4 @ 0x91b010500] pts has no value
[mp4 @ 0x91b010500] Packet duration: -1024 / dts: 1430528 in stream 1 is out of range
[mp4 @ 0x91b010500] pts has no value
[mp4 @ 0x91b010500] Packet duration: -1024 / dts: 1431552 in stream 1 is out of range
[mp4 @ 0x91b010500] pts has no value
[mp4 @ 0x91b010500] Packet duration: -1024 / dts: 1433600 in stream 1 is out of range
[mp4 @ 0x91b010500] pts has no value
[mp4 @ 0x91b010500] Packet duration: -1024 / dts: 1434624 in stream 1 is out of range
[mp4 @ 0x91b010500] pts has no value
[mp4 @ 0x91b010500] Packet duration: -1024 / dts: 1436672 in stream 1 is out of range
[mp4 @ 0x91b010500] pts has no value
[mp4 @ 0x91b010500] Packet duration: -1024 / dts: 1438720 in stream 1 is out of range
[mp4 @ 0x91b010500] pts has no value
[mp4 @ 0x91b010500] Packet duration: -1024 / dts: 1439744 in stream 1 is out of range
[mp4 @ 0x91b010500] pts has no value
[mp4 @ 0x91b010500] Packet duration: -1024 / dts: 1441792 in stream 1 is out of range
[mp4 @ 0x91b010500] pts has no value
timestamp: 461128 segment: 30:0 priority: 127
[2m2026-08-26T07:56:58.062241Z[0m [32m INFO[0m [2mmoq_transport::session::subscribed[0m[2m:[0m [PUBLISHER] serve_subgroup: completed subgroup (group_id=30, subgroup_id=0, 47 objects sent)
[2m2026-08-26T07:56:58.062336Z[0m [32m INFO[0m [2mmoq_transport::session::subscribed[0m[2m:[0m [PUBLISHER] serve_subgroup: completed subgroup (group_id=29, subgroup_id=0, 30 objects sent)
timestamp: 1442816 segment: 31:0 priority: 127
[mp4 @ 0x91b010500] Packet duration: -1024 / dts: 1442816 in stream 1 is out of range
[mp4 @ 0x91b010500] pts has no value
[mp4 @ 0x91b010500] Packet duration: -1024 / dts: 1444864 in stream 1 is out of range
[mp4 @ 0x91b010500] pts has no value
[mp4 @ 0x91b010500] Packet duration: -1024 / dts: 1445888 in stream 1 is out of range
[mp4 @ 0x91b010500] pts has no value
[mp4 @ 0x91b010500] Packet duration: -1024 / dts: 1447936 in stream 1 is out of range
[mp4 @ 0x91b010500] pts has no value
[mp4 @ 0x91b010500] Packet duration: -1024 / dts: 1449984 in stream 1 is out of range
[mp4 @ 0x91b010500] pts has no value
[mp4 @ 0x91b010500] Packet duration: -1024 / dts: 1451008 in stream 1 is out of range
[mp4 @ 0x91b010500] pts has no value
[mp4 @ 0x91b010500] Packet duration: -1024 / dts: 1453056 in stream 1 is out of range
[mp4 @ 0x91b010500] pts has no value
[mp4 @ 0x91b010500] Packet duration: -1024 / dts: 1454080 in stream 1 is out of range
[mp4 @ 0x91b010500] pts has no value
[mp4 @ 0x91b010500] Packet duration: -1024 / dts: 1456128 in stream 1 is out of range
[mp4 @ 0x91b010500] pts has no value
[mp4 @ 0x91b010500] Packet duration: -1024 / dts: 1457152 in stream 1 is out of range
[mp4 @ 0x91b010500] pts has no value
[mp4 @ 0x91b010500] Packet duration: -1024 / dts: 1459200 in stream 1 is out of range
[mp4 @ 0x91b010500] pts has no value
[mp4 @ 0x91b010500] Packet duration: -1024 / dts: 1460224 in stream 1 is out of range
[mp4 @ 0x91b010500] pts has no value
[mp4 @ 0x91b010500] Packet duration: -1024 / dts: 1462272 in stream 1 is out of range
[mp4 @ 0x91b010500] pts has no value
[mp4 @ 0x91b010500] Packet duration: -1024 / dts: 1464320 in stream 1 is out of range
[mp4 @ 0x91b010500] pts has no value
[mp4 @ 0x91b010500] Packet duration: -1024 / dts: 1465344 in stream 1 is out of range
[mp4 @ 0x91b010500] pts has no value
[mp4 @ 0x91b010500] Packet duration: -1024 / dts: 1467392 in stream 1 is out of range
[mp4 @ 0x91b010500] pts has no value
[mp4 @ 0x91b010500] Packet duration: -1024 / dts: 1468416 in stream 1 is out of range
[mp4 @ 0x91b010500] pts has no value
[mp4 @ 0x91b010500] Packet duration: -1024 / dts: 1470464 in stream 1 is out of range
[mp4 @ 0x91b010500] pts has no value
[mp4 @ 0x91b010500] Packet duration: -1024 / dts: 1471488 in stream 1 is out of range
[mp4 @ 0x91b010500] pts has no value
[mp4 @ 0x91b010500] Packet duration: -1024 / dts: 1473536 in stream 1 is out of range
[mp4 @ 0x91b010500] pts has no value
[mp4 @ 0x91b010500] Packet duration: -1024 / dts: 1475584 in stream 1 is out of range
[mp4 @ 0x91b010500] pts has no value
[mp4 @ 0x91b010500] Packet duration: -1024 / dts: 1476608 in stream 1 is out of range
[mp4 @ 0x91b010500] pts has no value
[mp4 @ 0x91b010500] Packet duration: -1024 / dts: 1478656 in stream 1 is out of range
[mp4 @ 0x91b010500] pts has no value
[mp4 @ 0x91b010500] Packet duration: -1024 / dts: 1479680 in stream 1 is out of range
[mp4 @ 0x91b010500] pts has no value
[mp4 @ 0x91b010500] Packet duration: -1024 / dts: 1481728 in stream 1 is out of range
[mp4 @ 0x91b010500] pts has no value
[mp4 @ 0x91b010500] Packet duration: -1024 / dts: 1482752 in stream 1 is out of range
[mp4 @ 0x91b010500] pts has no value
[mp4 @ 0x91b010500] Packet duration: -1024 / dts: 1484800 in stream 1 is out of range
[mp4 @ 0x91b010500] pts has no value
[mp4 @ 0x91b010500] Packet duration: -1024 / dts: 1485824 in stream 1 is out of range
[mp4 @ 0x91b010500] pts has no value
[mp4 @ 0x91b010500] Packet duration: -1024 / dts: 1487872 in stream 1 is out of range
[mp4 @ 0x91b010500] pts has no value
[mp4 @ 0x91b010500] Packet duration: -1024 / dts: 1489920 in stream 1 is out of range
[mp4 @ 0x91b010500] pts has no value
timestamp: 476488 segment: 31:0 priority: 127
[2m2026-08-26T07:56:59.064843Z[0m [32m INFO[0m [2mmoq_transport::session::subscribed[0m[2m:[0m [PUBLISHER] serve_subgroup: completed subgroup (group_id=31, subgroup_id=0, 47 objects sent)
[2m2026-08-26T07:56:59.065060Z[0m [32m INFO[0m [2mmoq_transport::session::subscribed[0m[2m:[0m [PUBLISHER] serve_subgroup: completed subgroup (group_id=30, subgroup_id=0, 30 objects sent)
timestamp: 1490944 segment: 32:0 priority: 127
[mp4 @ 0x91b010500] Packet duration: -1024 / dts: 1490944 in stream 1 is out of range
[mp4 @ 0x91b010500] pts has no value
[mp4 @ 0x91b010500] Packet duration: -1024 / dts: 1492992 in stream 1 is out of range
[mp4 @ 0x91b010500] pts has no value
[mp4 @ 0x91b010500] Packet duration: -1024 / dts: 1494016 in stream 1 is out of range
[mp4 @ 0x91b010500] pts has no value
[mp4 @ 0x91b010500] Packet duration: -1024 / dts: 1496064 in stream 1 is out of range
[mp4 @ 0x91b010500] pts has no value
[mp4 @ 0x91b010500] Packet duration: -1024 / dts: 1497088 in stream 1 is out of range
[mp4 @ 0x91b010500] pts has no value
[mp4 @ 0x91b010500] Packet duration: -1024 / dts: 1499136 in stream 1 is out of range
[mp4 @ 0x91b010500] pts has no value
[mp4 @ 0x91b010500] Packet duration: -1024 / dts: 1501184 in stream 1 is out of range
[mp4 @ 0x91b010500] pts has no value
[mp4 @ 0x91b010500] Packet duration: -1024 / dts: 1502208 in stream 1 is out of range
[mp4 @ 0x91b010500] pts has no value
[mp4 @ 0x91b010500] Packet duration: -1024 / dts: 1504256 in stream 1 is out of range
[mp4 @ 0x91b010500] pts has no value
[mp4 @ 0x91b010500] Packet duration: -1024 / dts: 1505280 in stream 1 is out of range
[mp4 @ 0x91b010500] pts has no value
[mp4 @ 0x91b010500] Packet duration: -1024 / dts: 1507328 in stream 1 is out of range
[mp4 @ 0x91b010500] pts has no value
[mp4 @ 0x91b010500] Packet duration: -1024 / dts: 1508352 in stream 1 is out of range
[mp4 @ 0x91b010500] pts has no value
[mp4 @ 0x91b010500] Packet duration: -1024 / dts: 1510400 in stream 1 is out of range
[mp4 @ 0x91b010500] pts has no value
[mp4 @ 0x91b010500] Packet duration: -1024 / dts: 1511424 in stream 1 is out of range
[mp4 @ 0x91b010500] pts has no value
[mp4 @ 0x91b010500] Packet duration: -1024 / dts: 1513472 in stream 1 is out of range
[mp4 @ 0x91b010500] pts has no value
[mp4 @ 0x91b010500] Packet duration: -1024 / dts: 1515520 in stream 1 is out of range
[mp4 @ 0x91b010500] pts has no value
[mp4 @ 0x91b010500] Packet duration: -1024 / dts: 1516544 in stream 1 is out of range
[mp4 @ 0x91b010500] pts has no value
[mp4 @ 0x91b010500] Packet duration: -1024 / dts: 1518592 in stream 1 is out of range
[mp4 @ 0x91b010500] pts has no value
[mp4 @ 0x91b010500] Packet duration: -1024 / dts: 1519616 in stream 1 is out of range
[mp4 @ 0x91b010500] pts has no value
[mp4 @ 0x91b010500] Packet duration: -1024 / dts: 1521664 in stream 1 is out of range
[mp4 @ 0x91b010500] pts has no value
[mp4 @ 0x91b010500] Packet duration: -1024 / dts: 1522688 in stream 1 is out of range
[mp4 @ 0x91b010500] pts has no value
[mp4 @ 0x91b010500] Packet duration: -1024 / dts: 1524736 in stream 1 is out of range
[mp4 @ 0x91b010500] pts has no value
[mp4 @ 0x91b010500] Packet duration: -1024 / dts: 1526784 in stream 1 is out of range
[mp4 @ 0x91b010500] pts has no value
[mp4 @ 0x91b010500] Packet duration: -1024 / dts: 1527808 in stream 1 is out of range
[mp4 @ 0x91b010500] pts has no value
[mp4 @ 0x91b010500] Packet duration: -1024 / dts: 1529856 in stream 1 is out of range
[mp4 @ 0x91b010500] pts has no value
[mp4 @ 0x91b010500] Packet duration: -1024 / dts: 1530880 in stream 1 is out of range
[mp4 @ 0x91b010500] pts has no value
[mp4 @ 0x91b010500] Packet duration: -1024 / dts: 1532928 in stream 1 is out of range
[mp4 @ 0x91b010500] pts has no value
[mp4 @ 0x91b010500] Packet duration: -1024 / dts: 1533952 in stream 1 is out of range
[mp4 @ 0x91b010500] pts has no value
[mp4 @ 0x91b010500] Packet duration: -1024 / dts: 1536000 in stream 1 is out of range
[mp4 @ 0x91b010500] pts has no value
[mp4 @ 0x91b010500] Packet duration: -1024 / dts: 1537024 in stream 1 is out of range
[mp4 @ 0x91b010500] pts has no value
timestamp: 491848 segment: 32:0 priority: 127
timestamp: 1538048 segment: 33:0 priority: 127
[2m2026-08-26T07:57:00.074190Z[0m [32m INFO[0m [2mmoq_transport::session::subscribed[0m[2m:[0m [PUBLISHER] serve_subgroup: completed subgroup (group_id=32, subgroup_id=0, 46 objects sent)
[2m2026-08-26T07:57:00.074407Z[0m [32m INFO[0m [2mmoq_transport::session::subscribed[0m[2m:[0m [PUBLISHER] serve_subgroup: completed subgroup (group_id=31, subgroup_id=0, 30 objects sent)
[mp4 @ 0x91b010500] Packet duration: -1024 / dts: 1539072 in stream 1 is out of range
[mp4 @ 0x91b010500] pts has no value
[mp4 @ 0x91b010500] Packet duration: -1024 / dts: 1541120 in stream 1 is out of range
[mp4 @ 0x91b010500] pts has no value
[mp4 @ 0x91b010500] Packet duration: -1024 / dts: 1542144 in stream 1 is out of range
[mp4 @ 0x91b010500] pts has no value
[mp4 @ 0x91b010500] Packet duration: -1024 / dts: 1544192 in stream 1 is out of range
[mp4 @ 0x91b010500] pts has no value
[mp4 @ 0x91b010500] Packet duration: -1024 / dts: 1545216 in stream 1 is out of range
[mp4 @ 0x91b010500] pts has no value
[mp4 @ 0x91b010500] Packet duration: -1024 / dts: 1547264 in stream 1 is out of range
[mp4 @ 0x91b010500] pts has no value
[mp4 @ 0x91b010500] Packet duration: -1024 / dts: 1548288 in stream 1 is out of range
[mp4 @ 0x91b010500] pts has no value
[mp4 @ 0x91b010500] Packet duration: -1024 / dts: 1550336 in stream 1 is out of range
[mp4 @ 0x91b010500] pts has no value
[mp4 @ 0x91b010500] Packet duration: -1024 / dts: 1552384 in stream 1 is out of range
[mp4 @ 0x91b010500] pts has no value
[mp4 @ 0x91b010500] Packet duration: -1024 / dts: 1553408 in stream 1 is out of range
[mp4 @ 0x91b010500] pts has no value
[mp4 @ 0x91b010500] Packet duration: -1024 / dts: 1555456 in stream 1 is out of range
[mp4 @ 0x91b010500] pts has no value
[mp4 @ 0x91b010500] Packet duration: -1024 / dts: 1556480 in stream 1 is out of range
[mp4 @ 0x91b010500] pts has no value
[mp4 @ 0x91b010500] Packet duration: -1024 / dts: 1558528 in stream 1 is out of range
[mp4 @ 0x91b010500] pts has no value
[mp4 @ 0x91b010500] Packet duration: -1024 / dts: 1559552 in stream 1 is out of range
[mp4 @ 0x91b010500] pts has no value
[mp4 @ 0x91b010500] Packet duration: -1024 / dts: 1561600 in stream 1 is out of range
[mp4 @ 0x91b010500] pts has no value
[mp4 @ 0x91b010500] Packet duration: -1024 / dts: 1562624 in stream 1 is out of range
[mp4 @ 0x91b010500] pts has no value
[mp4 @ 0x91b010500] Packet duration: -1024 / dts: 1564672 in stream 1 is out of range
[mp4 @ 0x91b010500] pts has no value
[mp4 @ 0x91b010500] Packet duration: -1024 / dts: 1566720 in stream 1 is out of range
[mp4 @ 0x91b010500] pts has no value
[mp4 @ 0x91b010500] Packet duration: -1024 / dts: 1567744 in stream 1 is out of range
[mp4 @ 0x91b010500] pts has no value
[mp4 @ 0x91b010500] Packet duration: -1024 / dts: 1569792 in stream 1 is out of range
[mp4 @ 0x91b010500] pts has no value
[mp4 @ 0x91b010500] Packet duration: -1024 / dts: 1570816 in stream 1 is out of range
[mp4 @ 0x91b010500] pts has no value
[mp4 @ 0x91b010500] Packet duration: -1024 / dts: 1572864 in stream 1 is out of range
[mp4 @ 0x91b010500] pts has no value
[mp4 @ 0x91b010500] Packet duration: -1024 / dts: 1573888 in stream 1 is out of range
[mp4 @ 0x91b010500] pts has no value
[mp4 @ 0x91b010500] Packet duration: -1024 / dts: 1575936 in stream 1 is out of range
[mp4 @ 0x91b010500] pts has no value
[mp4 @ 0x91b010500] Packet duration: -1024 / dts: 1577984 in stream 1 is out of range
[mp4 @ 0x91b010500] pts has no value
[mp4 @ 0x91b010500] Packet duration: -1024 / dts: 1579008 in stream 1 is out of range
[mp4 @ 0x91b010500] pts has no value
[mp4 @ 0x91b010500] Packet duration: -1024 / dts: 1581056 in stream 1 is out of range
[mp4 @ 0x91b010500] pts has no value
[mp4 @ 0x91b010500] Packet duration: -1024 / dts: 1582080 in stream 1 is out of range
[mp4 @ 0x91b010500] pts has no value
[mp4 @ 0x91b010500] Packet duration: -1024 / dts: 1584128 in stream 1 is out of range
[mp4 @ 0x91b010500] pts has no value
[mp4 @ 0x91b010500] Packet duration: -1024 / dts: 1585152 in stream 1 is out of range
[mp4 @ 0x91b010500] pts has no value
timestamp: 507208 segment: 33:0 priority: 127
[2m2026-08-26T07:57:01.077069Z[0m [32m INFO[0m [2mmoq_transport::session::subscribed[0m[2m:[0m [PUBLISHER] serve_subgroup: completed subgroup (group_id=33, subgroup_id=0, 47 objects sent)
[2m2026-08-26T07:57:01.077135Z[0m [32m INFO[0m [2mmoq_transport::session::subscribed[0m[2m:[0m [PUBLISHER] serve_subgroup: completed subgroup (group_id=32, subgroup_id=0, 30 objects sent)
timestamp: 1586176 segment: 34:0 priority: 127
[mp4 @ 0x91b010500] Packet duration: -1024 / dts: 1587200 in stream 1 is out of range
[mp4 @ 0x91b010500] pts has no value
[mp4 @ 0x91b010500] Packet duration: -1024 / dts: 1588224 in stream 1 is out of range
[mp4 @ 0x91b010500] pts has no value
[mp4 @ 0x91b010500] Packet duration: -1024 / dts: 1590272 in stream 1 is out of range
[mp4 @ 0x91b010500] pts has no value
[mp4 @ 0x91b010500] Packet duration: -1024 / dts: 1592320 in stream 1 is out of range
[mp4 @ 0x91b010500] pts has no value
[mp4 @ 0x91b010500] Packet duration: -1024 / dts: 1593344 in stream 1 is out of range
[mp4 @ 0x91b010500] pts has no value
[mp4 @ 0x91b010500] Packet duration: -1024 / dts: 1595392 in stream 1 is out of range
[mp4 @ 0x91b010500] pts has no value
[mp4 @ 0x91b010500] Packet duration: -1024 / dts: 1596416 in stream 1 is out of range
[mp4 @ 0x91b010500] pts has no value
[mp4 @ 0x91b010500] Packet duration: -1024 / dts: 1598464 in stream 1 is out of range
[mp4 @ 0x91b010500] pts has no value
[mp4 @ 0x91b010500] Packet duration: -1024 / dts: 1599488 in stream 1 is out of range
[mp4 @ 0x91b010500] pts has no value
[mp4 @ 0x91b010500] Packet duration: -1024 / dts: 1601536 in stream 1 is out of range
[mp4 @ 0x91b010500] pts has no value
[mp4 @ 0x91b010500] Packet duration: -1024 / dts: 1603584 in stream 1 is out of range
[mp4 @ 0x91b010500] pts has no value
[mp4 @ 0x91b010500] Packet duration: -1024 / dts: 1604608 in stream 1 is out of range
[mp4 @ 0x91b010500] pts has no value
[mp4 @ 0x91b010500] Packet duration: -1024 / dts: 1606656 in stream 1 is out of range
[mp4 @ 0x91b010500] pts has no value
[mp4 @ 0x91b010500] Packet duration: -1024 / dts: 1607680 in stream 1 is out of range
[mp4 @ 0x91b010500] pts has no value
[mp4 @ 0x91b010500] Packet duration: -1024 / dts: 1609728 in stream 1 is out of range
[mp4 @ 0x91b010500] pts has no value
[mp4 @ 0x91b010500] Packet duration: -1024 / dts: 1610752 in stream 1 is out of range
[mp4 @ 0x91b010500] pts has no value
[mp4 @ 0x91b010500] Packet duration: -1024 / dts: 1612800 in stream 1 is out of range
[mp4 @ 0x91b010500] pts has no value
[mp4 @ 0x91b010500] Packet duration: -1024 / dts: 1613824 in stream 1 is out of range
[mp4 @ 0x91b010500] pts has no value
[mp4 @ 0x91b010500] Packet duration: -1024 / dts: 1615872 in stream 1 is out of range
[mp4 @ 0x91b010500] pts has no value
[mp4 @ 0x91b010500] Packet duration: -1024 / dts: 1617920 in stream 1 is out of range
[mp4 @ 0x91b010500] pts has no value
[mp4 @ 0x91b010500] Packet duration: -1024 / dts: 1618944 in stream 1 is out of range
[mp4 @ 0x91b010500] pts has no value
[mp4 @ 0x91b010500] Packet duration: -1024 / dts: 1620992 in stream 1 is out of range
[mp4 @ 0x91b010500] pts has no value
[mp4 @ 0x91b010500] Packet duration: -1024 / dts: 1622016 in stream 1 is out of range
[mp4 @ 0x91b010500] pts has no value
[mp4 @ 0x91b010500] Packet duration: -1024 / dts: 1624064 in stream 1 is out of range
[mp4 @ 0x91b010500] pts has no value
[mp4 @ 0x91b010500] Packet duration: -1024 / dts: 1625088 in stream 1 is out of range
[mp4 @ 0x91b010500] pts has no value
[mp4 @ 0x91b010500] Packet duration: -1024 / dts: 1627136 in stream 1 is out of range
[mp4 @ 0x91b010500] pts has no value
[mp4 @ 0x91b010500] Packet duration: -1024 / dts: 1629184 in stream 1 is out of range
[mp4 @ 0x91b010500] pts has no value
[mp4 @ 0x91b010500] Packet duration: -1024 / dts: 1630208 in stream 1 is out of range
[mp4 @ 0x91b010500] pts has no value
[mp4 @ 0x91b010500] Packet duration: -1024 / dts: 1632256 in stream 1 is out of range
[mp4 @ 0x91b010500] pts has no value
[mp4 @ 0x91b010500] Packet duration: -1024 / dts: 1633280 in stream 1 is out of range
[mp4 @ 0x91b010500] pts has no value
timestamp: 522568 segment: 34:0 priority: 127
[2m2026-08-26T07:57:02.080976Z[0m [32m INFO[0m [2mmoq_transport::session::subscribed[0m[2m:[0m [PUBLISHER] serve_subgroup: completed subgroup (group_id=34, subgroup_id=0, 47 objects sent)
[2m2026-08-26T07:57:02.081351Z[0m [32m INFO[0m [2mmoq_transport::session::subscribed[0m[2m:[0m [PUBLISHER] serve_subgroup: completed subgroup (group_id=33, subgroup_id=0, 30 objects sent)
timestamp: 1634304 segment: 35:0 priority: 127
[mp4 @ 0x91b010500] Packet duration: -1024 / dts: 1635328 in stream 1 is out of range
[mp4 @ 0x91b010500] pts has no value
[mp4 @ 0x91b010500] Packet duration: -1024 / dts: 1636352 in stream 1 is out of range
[mp4 @ 0x91b010500] pts has no value
[mp4 @ 0x91b010500] Packet duration: -1024 / dts: 1638400 in stream 1 is out of range
[mp4 @ 0x91b010500] pts has no value
[mp4 @ 0x91b010500] Packet duration: -1024 / dts: 1639424 in stream 1 is out of range
[mp4 @ 0x91b010500] pts has no value
[mp4 @ 0x91b010500] Packet duration: -1024 / dts: 1641472 in stream 1 is out of range
[mp4 @ 0x91b010500] pts has no value
[mp4 @ 0x91b010500] Packet duration: -1024 / dts: 1643520 in stream 1 is out of range
[mp4 @ 0x91b010500] pts has no value
[mp4 @ 0x91b010500] Packet duration: -1024 / dts: 1644544 in stream 1 is out of range
[mp4 @ 0x91b010500] pts has no value
[mp4 @ 0x91b010500] Packet duration: -1024 / dts: 1646592 in stream 1 is out of range
[mp4 @ 0x91b010500] pts has no value
[mp4 @ 0x91b010500] Packet duration: -1024 / dts: 1647616 in stream 1 is out of range
[mp4 @ 0x91b010500] pts has no value
[mp4 @ 0x91b010500] Packet duration: -1024 / dts: 1649664 in stream 1 is out of range
[mp4 @ 0x91b010500] pts has no value
[mp4 @ 0x91b010500] Packet duration: -1024 / dts: 1650688 in stream 1 is out of range
[mp4 @ 0x91b010500] pts has no value
[mp4 @ 0x91b010500] Packet duration: -1024 / dts: 1652736 in stream 1 is out of range
[mp4 @ 0x91b010500] pts has no value
[mp4 @ 0x91b010500] Packet duration: -1024 / dts: 1654784 in stream 1 is out of range
[mp4 @ 0x91b010500] pts has no value
[mp4 @ 0x91b010500] Packet duration: -1024 / dts: 1655808 in stream 1 is out of range
[mp4 @ 0x91b010500] pts has no value
[mp4 @ 0x91b010500] Packet duration: -1024 / dts: 1657856 in stream 1 is out of range
[mp4 @ 0x91b010500] pts has no value
[mp4 @ 0x91b010500] Packet duration: -1024 / dts: 1658880 in stream 1 is out of range
[mp4 @ 0x91b010500] pts has no value
[mp4 @ 0x91b010500] Packet duration: -1024 / dts: 1660928 in stream 1 is out of range
[mp4 @ 0x91b010500] pts has no value
[mp4 @ 0x91b010500] Packet duration: -1024 / dts: 1661952 in stream 1 is out of range
[mp4 @ 0x91b010500] pts has no value
[mp4 @ 0x91b010500] Packet duration: -1024 / dts: 1664000 in stream 1 is out of range
[mp4 @ 0x91b010500] pts has no value
[mp4 @ 0x91b010500] Packet duration: -1024 / dts: 1665024 in stream 1 is out of range
[mp4 @ 0x91b010500] pts has no value
[mp4 @ 0x91b010500] Packet duration: -1024 / dts: 1667072 in stream 1 is out of range
[mp4 @ 0x91b010500] pts has no value
[mp4 @ 0x91b010500] Packet duration: -1024 / dts: 1669120 in stream 1 is out of range
[mp4 @ 0x91b010500] pts has no value
[mp4 @ 0x91b010500] Packet duration: -1024 / dts: 1670144 in stream 1 is out of range
[mp4 @ 0x91b010500] pts has no value
[mp4 @ 0x91b010500] Packet duration: -1024 / dts: 1672192 in stream 1 is out of range
[mp4 @ 0x91b010500] pts has no value
[mp4 @ 0x91b010500] Packet duration: -1024 / dts: 1673216 in stream 1 is out of range
[mp4 @ 0x91b010500] pts has no value
[mp4 @ 0x91b010500] Packet duration: -1024 / dts: 1675264 in stream 1 is out of range
[mp4 @ 0x91b010500] pts has no value
[mp4 @ 0x91b010500] Packet duration: -1024 / dts: 1676288 in stream 1 is out of range
[mp4 @ 0x91b010500] pts has no value
[mp4 @ 0x91b010500] Packet duration: -1024 / dts: 1678336 in stream 1 is out of range
[mp4 @ 0x91b010500] pts has no value
[mp4 @ 0x91b010500] Packet duration: -1024 / dts: 1680384 in stream 1 is out of range
[mp4 @ 0x91b010500] pts has no value
[mp4 @ 0x91b010500] Packet duration: -1024 / dts: 1681408 in stream 1 is out of range
[mp4 @ 0x91b010500] pts has no value
timestamp: 537928 segment: 35:0 priority: 127
[2m2026-08-26T07:57:03.085253Z[0m [32m INFO[0m [2mmoq_transport::session::subscribed[0m[2m:[0m [PUBLISHER] serve_subgroup: completed subgroup (group_id=35, subgroup_id=0, 47 objects sent)
[2m2026-08-26T07:57:03.085329Z[0m [32m INFO[0m [2mmoq_transport::session::subscribed[0m[2m:[0m [PUBLISHER] serve_subgroup: completed subgroup (group_id=34, subgroup_id=0, 30 objects sent)
timestamp: 1682432 segment: 36:0 priority: 127
[mp4 @ 0x91b010500] Packet duration: -1024 / dts: 1683456 in stream 1 is out of range
[mp4 @ 0x91b010500] pts has no value
[mp4 @ 0x91b010500] Packet duration: -1024 / dts: 1684480 in stream 1 is out of range
[mp4 @ 0x91b010500] pts has no value
[mp4 @ 0x91b010500] Packet duration: -1024 / dts: 1686528 in stream 1 is out of range
[mp4 @ 0x91b010500] pts has no value
[mp4 @ 0x91b010500] Packet duration: -1024 / dts: 1687552 in stream 1 is out of range
[mp4 @ 0x91b010500] pts has no value
[mp4 @ 0x91b010500] Packet duration: -1024 / dts: 1689600 in stream 1 is out of range
[mp4 @ 0x91b010500] pts has no value
[mp4 @ 0x91b010500] Packet duration: -1024 / dts: 1690624 in stream 1 is out of range
[mp4 @ 0x91b010500] pts has no value
[mp4 @ 0x91b010500] Packet duration: -1024 / dts: 1692672 in stream 1 is out of range
[mp4 @ 0x91b010500] pts has no value
[mp4 @ 0x91b010500] Packet duration: -1024 / dts: 1694720 in stream 1 is out of range
[mp4 @ 0x91b010500] pts has no value
[mp4 @ 0x91b010500] Packet duration: -1024 / dts: 1695744 in stream 1 is out of range
[mp4 @ 0x91b010500] pts has no value
[mp4 @ 0x91b010500] Packet duration: -1024 / dts: 1697792 in stream 1 is out of range
[mp4 @ 0x91b010500] pts has no value
[mp4 @ 0x91b010500] Packet duration: -1024 / dts: 1698816 in stream 1 is out of range
[mp4 @ 0x91b010500] pts has no value
[mp4 @ 0x91b010500] Packet duration: -1024 / dts: 1700864 in stream 1 is out of range
[mp4 @ 0x91b010500] pts has no value
[mp4 @ 0x91b010500] Packet duration: -1024 / dts: 1701888 in stream 1 is out of range
[mp4 @ 0x91b010500] pts has no value
[mp4 @ 0x91b010500] Packet duration: -1024 / dts: 1703936 in stream 1 is out of range
[mp4 @ 0x91b010500] pts has no value
[mp4 @ 0x91b010500] Packet duration: -1024 / dts: 1705984 in stream 1 is out of range
[mp4 @ 0x91b010500] pts has no value
[mp4 @ 0x91b010500] Packet duration: -1024 / dts: 1707008 in stream 1 is out of range
[mp4 @ 0x91b010500] pts has no value
[mp4 @ 0x91b010500] Packet duration: -1024 / dts: 1709056 in stream 1 is out of range
[mp4 @ 0x91b010500] pts has no value
[mp4 @ 0x91b010500] Packet duration: -1024 / dts: 1710080 in stream 1 is out of range
[mp4 @ 0x91b010500] pts has no value
[mp4 @ 0x91b010500] Packet duration: -1024 / dts: 1712128 in stream 1 is out of range
[mp4 @ 0x91b010500] pts has no value
[mp4 @ 0x91b010500] Packet duration: -1024 / dts: 1713152 in stream 1 is out of range
[mp4 @ 0x91b010500] pts has no value
[mp4 @ 0x91b010500] Packet duration: -1024 / dts: 1715200 in stream 1 is out of range
[mp4 @ 0x91b010500] pts has no value
[mp4 @ 0x91b010500] Packet duration: -1024 / dts: 1716224 in stream 1 is out of range
[mp4 @ 0x91b010500] pts has no value
[mp4 @ 0x91b010500] Packet duration: -1024 / dts: 1718272 in stream 1 is out of range
[mp4 @ 0x91b010500] pts has no value
[mp4 @ 0x91b010500] Packet duration: -1024 / dts: 1720320 in stream 1 is out of range
[mp4 @ 0x91b010500] pts has no value
[mp4 @ 0x91b010500] Packet duration: -1024 / dts: 1721344 in stream 1 is out of range
[mp4 @ 0x91b010500] pts has no value
[mp4 @ 0x91b010500] Packet duration: -1024 / dts: 1723392 in stream 1 is out of range
[mp4 @ 0x91b010500] pts has no value
[mp4 @ 0x91b010500] Packet duration: -1024 / dts: 1724416 in stream 1 is out of range
[mp4 @ 0x91b010500] pts has no value
[mp4 @ 0x91b010500] Packet duration: -1024 / dts: 1726464 in stream 1 is out of range
[mp4 @ 0x91b010500] pts has no value
[mp4 @ 0x91b010500] Packet duration: -1024 / dts: 1727488 in stream 1 is out of range
[mp4 @ 0x91b010500] pts has no value
[mp4 @ 0x91b010500] Packet duration: -1024 / dts: 1729536 in stream 1 is out of range
[mp4 @ 0x91b010500] pts has no value
timestamp: 553288 segment: 36:0 priority: 127
[2m2026-08-26T07:57:04.091340Z[0m [32m INFO[0m [2mmoq_transport::session::subscribed[0m[2m:[0m [PUBLISHER] serve_subgroup: completed subgroup (group_id=36, subgroup_id=0, 47 objects sent)
[2m2026-08-26T07:57:04.091535Z[0m [32m INFO[0m [2mmoq_transport::session::subscribed[0m[2m:[0m [PUBLISHER] serve_subgroup: completed subgroup (group_id=35, subgroup_id=0, 30 objects sent)
timestamp: 1730560 segment: 37:0 priority: 127
[mp4 @ 0x91b010500] Packet duration: -1024 / dts: 1731584 in stream 1 is out of range
[mp4 @ 0x91b010500] pts has no value
[mp4 @ 0x91b010500] Packet duration: -1024 / dts: 1732608 in stream 1 is out of range
[mp4 @ 0x91b010500] pts has no value
[mp4 @ 0x91b010500] Packet duration: -1024 / dts: 1734656 in stream 1 is out of range
[mp4 @ 0x91b010500] pts has no value
[mp4 @ 0x91b010500] Packet duration: -1024 / dts: 1735680 in stream 1 is out of range
[mp4 @ 0x91b010500] pts has no value
[mp4 @ 0x91b010500] Packet duration: -1024 / dts: 1737728 in stream 1 is out of range
[mp4 @ 0x91b010500] pts has no value
[mp4 @ 0x91b010500] Packet duration: -1024 / dts: 1738752 in stream 1 is out of range
[mp4 @ 0x91b010500] pts has no value
[mp4 @ 0x91b010500] Packet duration: -1024 / dts: 1740800 in stream 1 is out of range
[mp4 @ 0x91b010500] pts has no value
[mp4 @ 0x91b010500] Packet duration: -1024 / dts: 1741824 in stream 1 is out of range
[mp4 @ 0x91b010500] pts has no value
[mp4 @ 0x91b010500] Packet duration: -1024 / dts: 1743872 in stream 1 is out of range
[mp4 @ 0x91b010500] pts has no value
[mp4 @ 0x91b010500] Packet duration: -1024 / dts: 1745920 in stream 1 is out of range
[mp4 @ 0x91b010500] pts has no value
[mp4 @ 0x91b010500] Packet duration: -1024 / dts: 1746944 in stream 1 is out of range
[mp4 @ 0x91b010500] pts has no value
[mp4 @ 0x91b010500] Packet duration: -1024 / dts: 1748992 in stream 1 is out of range
[mp4 @ 0x91b010500] pts has no value
[mp4 @ 0x91b010500] Packet duration: -1024 / dts: 1750016 in stream 1 is out of range
[mp4 @ 0x91b010500] pts has no value
[mp4 @ 0x91b010500] Packet duration: -1024 / dts: 1752064 in stream 1 is out of range
[mp4 @ 0x91b010500] pts has no value
[mp4 @ 0x91b010500] Packet duration: -1024 / dts: 1753088 in stream 1 is out of range
[mp4 @ 0x91b010500] pts has no value
[mp4 @ 0x91b010500] Packet duration: -1024 / dts: 1755136 in stream 1 is out of range
[mp4 @ 0x91b010500] pts has no value
[mp4 @ 0x91b010500] Packet duration: -1024 / dts: 1757184 in stream 1 is out of range
[mp4 @ 0x91b010500] pts has no value
[mp4 @ 0x91b010500] Packet duration: -1024 / dts: 1758208 in stream 1 is out of range
[mp4 @ 0x91b010500] pts has no value
[mp4 @ 0x91b010500] Packet duration: -1024 / dts: 1760256 in stream 1 is out of range
[mp4 @ 0x91b010500] pts has no value
[mp4 @ 0x91b010500] Packet duration: -1024 / dts: 1761280 in stream 1 is out of range
[mp4 @ 0x91b010500] pts has no value
[mp4 @ 0x91b010500] Packet duration: -1024 / dts: 1763328 in stream 1 is out of range
[mp4 @ 0x91b010500] pts has no value
[mp4 @ 0x91b010500] Packet duration: -1024 / dts: 1764352 in stream 1 is out of range
[mp4 @ 0x91b010500] pts has no value
[mp4 @ 0x91b010500] Packet duration: -1024 / dts: 1766400 in stream 1 is out of range
[mp4 @ 0x91b010500] pts has no value
[mp4 @ 0x91b010500] Packet duration: -1024 / dts: 1767424 in stream 1 is out of range
[mp4 @ 0x91b010500] pts has no value
[mp4 @ 0x91b010500] Packet duration: -1024 / dts: 1769472 in stream 1 is out of range
[mp4 @ 0x91b010500] pts has no value
[mp4 @ 0x91b010500] Packet duration: -1024 / dts: 1771520 in stream 1 is out of range
[mp4 @ 0x91b010500] pts has no value
[mp4 @ 0x91b010500] Packet duration: -1024 / dts: 1772544 in stream 1 is out of range
[mp4 @ 0x91b010500] pts has no value
[mp4 @ 0x91b010500] Packet duration: -1024 / dts: 1774592 in stream 1 is out of range
[mp4 @ 0x91b010500] pts has no value
[mp4 @ 0x91b010500] Packet duration: -1024 / dts: 1775616 in stream 1 is out of range
[mp4 @ 0x91b010500] pts has no value
[mp4 @ 0x91b010500] Packet duration: -1024 / dts: 1777664 in stream 1 is out of range
[mp4 @ 0x91b010500] pts has no value
timestamp: 568648 segment: 37:0 priority: 127
[2m2026-08-26T07:57:05.093451Z[0m [32m INFO[0m [2mmoq_transport::session::subscribed[0m[2m:[0m [PUBLISHER] serve_subgroup: completed subgroup (group_id=37, subgroup_id=0, 47 objects sent)
[2m2026-08-26T07:57:05.093714Z[0m [32m INFO[0m [2mmoq_transport::session::subscribed[0m[2m:[0m [PUBLISHER] serve_subgroup: completed subgroup (group_id=36, subgroup_id=0, 30 objects sent)
timestamp: 1778688 segment: 38:0 priority: 127
[mp4 @ 0x91b010500] Packet duration: -1024 / dts: 1778688 in stream 1 is out of range
[mp4 @ 0x91b010500] pts has no value
[mp4 @ 0x91b010500] Packet duration: -1024 / dts: 1780736 in stream 1 is out of range
[mp4 @ 0x91b010500] pts has no value
[mp4 @ 0x91b010500] Packet duration: -1024 / dts: 1782784 in stream 1 is out of range
[mp4 @ 0x91b010500] pts has no value
[mp4 @ 0x91b010500] Packet duration: -1024 / dts: 1783808 in stream 1 is out of range
[mp4 @ 0x91b010500] pts has no value
[mp4 @ 0x91b010500] Packet duration: -1024 / dts: 1785856 in stream 1 is out of range
[mp4 @ 0x91b010500] pts has no value
[mp4 @ 0x91b010500] Packet duration: -1024 / dts: 1786880 in stream 1 is out of range
[mp4 @ 0x91b010500] pts has no value
[mp4 @ 0x91b010500] Packet duration: -1024 / dts: 1788928 in stream 1 is out of range
[mp4 @ 0x91b010500] pts has no value
[mp4 @ 0x91b010500] Packet duration: -1024 / dts: 1789952 in stream 1 is out of range
[mp4 @ 0x91b010500] pts has no value
[mp4 @ 0x91b010500] Packet duration: -1024 / dts: 1792000 in stream 1 is out of range
[mp4 @ 0x91b010500] pts has no value
[mp4 @ 0x91b010500] Packet duration: -1024 / dts: 1793024 in stream 1 is out of range
[mp4 @ 0x91b010500] pts has no value
[mp4 @ 0x91b010500] Packet duration: -1024 / dts: 1795072 in stream 1 is out of range
[mp4 @ 0x91b010500] pts has no value
[mp4 @ 0x91b010500] Packet duration: -1024 / dts: 1797120 in stream 1 is out of range
[mp4 @ 0x91b010500] pts has no value
[mp4 @ 0x91b010500] Packet duration: -1024 / dts: 1798144 in stream 1 is out of range
[mp4 @ 0x91b010500] pts has no value
[mp4 @ 0x91b010500] Packet duration: -1024 / dts: 1800192 in stream 1 is out of range
[mp4 @ 0x91b010500] pts has no value
[mp4 @ 0x91b010500] Packet duration: -1024 / dts: 1801216 in stream 1 is out of range
[mp4 @ 0x91b010500] pts has no value
[mp4 @ 0x91b010500] Packet duration: -1024 / dts: 1803264 in stream 1 is out of range
[mp4 @ 0x91b010500] pts has no value
[mp4 @ 0x91b010500] Packet duration: -1024 / dts: 1804288 in stream 1 is out of range
[mp4 @ 0x91b010500] pts has no value
[mp4 @ 0x91b010500] Packet duration: -1024 / dts: 1806336 in stream 1 is out of range
[mp4 @ 0x91b010500] pts has no value
[mp4 @ 0x91b010500] Packet duration: -1024 / dts: 1808384 in stream 1 is out of range
[mp4 @ 0x91b010500] pts has no value
[mp4 @ 0x91b010500] Packet duration: -1024 / dts: 1809408 in stream 1 is out of range
[mp4 @ 0x91b010500] pts has no value
[mp4 @ 0x91b010500] Packet duration: -1024 / dts: 1811456 in stream 1 is out of range
[mp4 @ 0x91b010500] pts has no value
[mp4 @ 0x91b010500] Packet duration: -1024 / dts: 1812480 in stream 1 is out of range
[mp4 @ 0x91b010500] pts has no value
[mp4 @ 0x91b010500] Packet duration: -1024 / dts: 1814528 in stream 1 is out of range
[mp4 @ 0x91b010500] pts has no value
[mp4 @ 0x91b010500] Packet duration: -1024 / dts: 1815552 in stream 1 is out of range
[mp4 @ 0x91b010500] pts has no value
[mp4 @ 0x91b010500] Packet duration: -1024 / dts: 1817600 in stream 1 is out of range
[mp4 @ 0x91b010500] pts has no value
[mp4 @ 0x91b010500] Packet duration: -1024 / dts: 1818624 in stream 1 is out of range
[mp4 @ 0x91b010500] pts has no value
[mp4 @ 0x91b010500] Packet duration: -1024 / dts: 1820672 in stream 1 is out of range
[mp4 @ 0x91b010500] pts has no value
[mp4 @ 0x91b010500] Packet duration: -1024 / dts: 1822720 in stream 1 is out of range
[mp4 @ 0x91b010500] pts has no value
[mp4 @ 0x91b010500] Packet duration: -1024 / dts: 1823744 in stream 1 is out of range
[mp4 @ 0x91b010500] pts has no value
[mp4 @ 0x91b010500] Packet duration: -1024 / dts: 1825792 in stream 1 is out of range
[mp4 @ 0x91b010500] pts has no value
timestamp: 584008 segment: 38:0 priority: 127
[2m2026-08-26T07:57:06.099366Z[0m [32m INFO[0m [2mmoq_transport::session::subscribed[0m[2m:[0m [PUBLISHER] serve_subgroup: completed subgroup (group_id=38, subgroup_id=0, 47 objects sent)
[2m2026-08-26T07:57:06.100387Z[0m [32m INFO[0m [2mmoq_transport::session::subscribed[0m[2m:[0m [PUBLISHER] serve_subgroup: completed subgroup (group_id=37, subgroup_id=0, 30 objects sent)
timestamp: 1826816 segment: 39:0 priority: 127
[mp4 @ 0x91b010500] Packet duration: -1024 / dts: 1826816 in stream 1 is out of range
[mp4 @ 0x91b010500] pts has no value
[mp4 @ 0x91b010500] Packet duration: -1024 / dts: 1828864 in stream 1 is out of range
[mp4 @ 0x91b010500] pts has no value
[mp4 @ 0x91b010500] Packet duration: -1024 / dts: 1829888 in stream 1 is out of range
[mp4 @ 0x91b010500] pts has no value
[mp4 @ 0x91b010500] Packet duration: -1024 / dts: 1831936 in stream 1 is out of range
[mp4 @ 0x91b010500] pts has no value
[mp4 @ 0x91b010500] Packet duration: -1024 / dts: 1833984 in stream 1 is out of range
[mp4 @ 0x91b010500] pts has no value
[mp4 @ 0x91b010500] Packet duration: -1024 / dts: 1835008 in stream 1 is out of range
[mp4 @ 0x91b010500] pts has no value
[mp4 @ 0x91b010500] Packet duration: -1024 / dts: 1837056 in stream 1 is out of range
[mp4 @ 0x91b010500] pts has no value
[mp4 @ 0x91b010500] Packet duration: -1024 / dts: 1838080 in stream 1 is out of range
[mp4 @ 0x91b010500] pts has no value
[mp4 @ 0x91b010500] Packet duration: -1024 / dts: 1840128 in stream 1 is out of range
[mp4 @ 0x91b010500] pts has no value
[mp4 @ 0x91b010500] Packet duration: -1024 / dts: 1841152 in stream 1 is out of range
[mp4 @ 0x91b010500] pts has no value
[mp4 @ 0x91b010500] Packet duration: -1024 / dts: 1843200 in stream 1 is out of range
[mp4 @ 0x91b010500] pts has no value
[mp4 @ 0x91b010500] Packet duration: -1024 / dts: 1844224 in stream 1 is out of range
[mp4 @ 0x91b010500] pts has no value
[mp4 @ 0x91b010500] Packet duration: -1024 / dts: 1846272 in stream 1 is out of range
[mp4 @ 0x91b010500] pts has no value
[mp4 @ 0x91b010500] Packet duration: -1024 / dts: 1848320 in stream 1 is out of range
[mp4 @ 0x91b010500] pts has no value
[mp4 @ 0x91b010500] Packet duration: -1024 / dts: 1849344 in stream 1 is out of range
[mp4 @ 0x91b010500] pts has no value
[mp4 @ 0x91b010500] Packet duration: -1024 / dts: 1851392 in stream 1 is out of range
[mp4 @ 0x91b010500] pts has no value
[mp4 @ 0x91b010500] Packet duration: -1024 / dts: 1852416 in stream 1 is out of range
[mp4 @ 0x91b010500] pts has no value
[mp4 @ 0x91b010500] Packet duration: -1024 / dts: 1854464 in stream 1 is out of range
[mp4 @ 0x91b010500] pts has no value
[mp4 @ 0x91b010500] Packet duration: -1024 / dts: 1855488 in stream 1 is out of range
[mp4 @ 0x91b010500] pts has no value
[mp4 @ 0x91b010500] Packet duration: -1024 / dts: 1857536 in stream 1 is out of range
[mp4 @ 0x91b010500] pts has no value
[mp4 @ 0x91b010500] Packet duration: -1024 / dts: 1859584 in stream 1 is out of range
[mp4 @ 0x91b010500] pts has no value
[mp4 @ 0x91b010500] Packet duration: -1024 / dts: 1860608 in stream 1 is out of range
[mp4 @ 0x91b010500] pts has no value
[mp4 @ 0x91b010500] Packet duration: -1024 / dts: 1862656 in stream 1 is out of range
[mp4 @ 0x91b010500] pts has no value
[mp4 @ 0x91b010500] Packet duration: -1024 / dts: 1863680 in stream 1 is out of range
[mp4 @ 0x91b010500] pts has no value
[mp4 @ 0x91b010500] Packet duration: -1024 / dts: 1865728 in stream 1 is out of range
[mp4 @ 0x91b010500] pts has no value
[mp4 @ 0x91b010500] Packet duration: -1024 / dts: 1866752 in stream 1 is out of range
[mp4 @ 0x91b010500] pts has no value
[mp4 @ 0x91b010500] Packet duration: -1024 / dts: 1868800 in stream 1 is out of range
[mp4 @ 0x91b010500] pts has no value
[mp4 @ 0x91b010500] Packet duration: -1024 / dts: 1869824 in stream 1 is out of range
[mp4 @ 0x91b010500] pts has no value
[mp4 @ 0x91b010500] Packet duration: -1024 / dts: 1871872 in stream 1 is out of range
[mp4 @ 0x91b010500] pts has no value
[mp4 @ 0x91b010500] Packet duration: -1024 / dts: 1873920 in stream 1 is out of range
[mp4 @ 0x91b010500] pts has no value
timestamp: 599368 segment: 39:0 priority: 127
[2m2026-08-26T07:57:07.105070Z[0m [32m INFO[0m [2mmoq_transport::session::subscribed[0m[2m:[0m [PUBLISHER] serve_subgroup: completed subgroup (group_id=39, subgroup_id=0, 47 objects sent)
[2m2026-08-26T07:57:07.105149Z[0m [32m INFO[0m [2mmoq_transport::session::subscribed[0m[2m:[0m [PUBLISHER] serve_subgroup: completed subgroup (group_id=38, subgroup_id=0, 30 objects sent)
timestamp: 1874944 segment: 40:0 priority: 127
[mp4 @ 0x91b010500] Packet duration: -1024 / dts: 1874944 in stream 1 is out of range
[mp4 @ 0x91b010500] pts has no value
[mp4 @ 0x91b010500] Packet duration: -1024 / dts: 1876992 in stream 1 is out of range
[mp4 @ 0x91b010500] pts has no value
[mp4 @ 0x91b010500] Packet duration: -1024 / dts: 1878016 in stream 1 is out of range
[mp4 @ 0x91b010500] pts has no value
[mp4 @ 0x91b010500] Packet duration: -1024 / dts: 1880064 in stream 1 is out of range
[mp4 @ 0x91b010500] pts has no value
[mp4 @ 0x91b010500] Packet duration: -1024 / dts: 1881088 in stream 1 is out of range
[mp4 @ 0x91b010500] pts has no value
[mp4 @ 0x91b010500] Packet duration: -1024 / dts: 1883136 in stream 1 is out of range
[mp4 @ 0x91b010500] pts has no value
[mp4 @ 0x91b010500] Packet duration: -1024 / dts: 1885184 in stream 1 is out of range
[mp4 @ 0x91b010500] pts has no value
[mp4 @ 0x91b010500] Packet duration: -1024 / dts: 1886208 in stream 1 is out of range
[mp4 @ 0x91b010500] pts has no value
[mp4 @ 0x91b010500] Packet duration: -1024 / dts: 1888256 in stream 1 is out of range
[mp4 @ 0x91b010500] pts has no value
[mp4 @ 0x91b010500] Packet duration: -1024 / dts: 1889280 in stream 1 is out of range
[mp4 @ 0x91b010500] pts has no value
[mp4 @ 0x91b010500] Packet duration: -1024 / dts: 1891328 in stream 1 is out of range
[mp4 @ 0x91b010500] pts has no value
[mp4 @ 0x91b010500] Packet duration: -1024 / dts: 1892352 in stream 1 is out of range
[mp4 @ 0x91b010500] pts has no value
[mp4 @ 0x91b010500] Packet duration: -1024 / dts: 1894400 in stream 1 is out of range
[mp4 @ 0x91b010500] pts has no value
[mp4 @ 0x91b010500] Packet duration: -1024 / dts: 1895424 in stream 1 is out of range
[mp4 @ 0x91b010500] pts has no value
[mp4 @ 0x91b010500] Packet duration: -1024 / dts: 1897472 in stream 1 is out of range
[mp4 @ 0x91b010500] pts has no value
[mp4 @ 0x91b010500] Packet duration: -1024 / dts: 1899520 in stream 1 is out of range
[mp4 @ 0x91b010500] pts has no value
[mp4 @ 0x91b010500] Packet duration: -1024 / dts: 1900544 in stream 1 is out of range
[mp4 @ 0x91b010500] pts has no value
[mp4 @ 0x91b010500] Packet duration: -1024 / dts: 1902592 in stream 1 is out of range
[mp4 @ 0x91b010500] pts has no value
[mp4 @ 0x91b010500] Packet duration: -1024 / dts: 1903616 in stream 1 is out of range
[mp4 @ 0x91b010500] pts has no value
[mp4 @ 0x91b010500] Packet duration: -1024 / dts: 1905664 in stream 1 is out of range
[mp4 @ 0x91b010500] pts has no value
[mp4 @ 0x91b010500] Packet duration: -1024 / dts: 1906688 in stream 1 is out of range
[mp4 @ 0x91b010500] pts has no value
[mp4 @ 0x91b010500] Packet duration: -1024 / dts: 1908736 in stream 1 is out of range
[mp4 @ 0x91b010500] pts has no value
[mp4 @ 0x91b010500] Packet duration: -1024 / dts: 1910784 in stream 1 is out of range
[mp4 @ 0x91b010500] pts has no value
[mp4 @ 0x91b010500] Packet duration: -1024 / dts: 1911808 in stream 1 is out of range
[mp4 @ 0x91b010500] pts has no value
[mp4 @ 0x91b010500] Packet duration: -1024 / dts: 1913856 in stream 1 is out of range
[mp4 @ 0x91b010500] pts has no value
[mp4 @ 0x91b010500] Packet duration: -1024 / dts: 1914880 in stream 1 is out of range
[mp4 @ 0x91b010500] pts has no value
[mp4 @ 0x91b010500] Packet duration: -1024 / dts: 1916928 in stream 1 is out of range
[mp4 @ 0x91b010500] pts has no value
[mp4 @ 0x91b010500] Packet duration: -1024 / dts: 1917952 in stream 1 is out of range
[mp4 @ 0x91b010500] pts has no value
[mp4 @ 0x91b010500] Packet duration: -1024 / dts: 1920000 in stream 1 is out of range
[mp4 @ 0x91b010500] pts has no value
[mp4 @ 0x91b010500] Packet duration: -1024 / dts: 1921024 in stream 1 is out of range
[mp4 @ 0x91b010500] pts has no value
timestamp: 614728 segment: 40:0 priority: 127
timestamp: 1922048 segment: 41:0 priority: 127
[2m2026-08-26T07:57:08.111512Z[0m [32m INFO[0m [2mmoq_transport::session::subscribed[0m[2m:[0m [PUBLISHER] serve_subgroup: completed subgroup (group_id=40, subgroup_id=0, 46 objects sent)
[2m2026-08-26T07:57:08.111802Z[0m [32m INFO[0m [2mmoq_transport::session::subscribed[0m[2m:[0m [PUBLISHER] serve_subgroup: completed subgroup (group_id=39, subgroup_id=0, 30 objects sent)
[mp4 @ 0x91b010500] Packet duration: -1024 / dts: 1923072 in stream 1 is out of range
[mp4 @ 0x91b010500] pts has no value
[mp4 @ 0x91b010500] Packet duration: -1024 / dts: 1925120 in stream 1 is out of range
[mp4 @ 0x91b010500] pts has no value
[mp4 @ 0x91b010500] Packet duration: -1024 / dts: 1926144 in stream 1 is out of range
[mp4 @ 0x91b010500] pts has no value
[mp4 @ 0x91b010500] Packet duration: -1024 / dts: 1928192 in stream 1 is out of range
[mp4 @ 0x91b010500] pts has no value
[mp4 @ 0x91b010500] Packet duration: -1024 / dts: 1929216 in stream 1 is out of range
[mp4 @ 0x91b010500] pts has no value
[mp4 @ 0x91b010500] Packet duration: -1024 / dts: 1931264 in stream 1 is out of range
[mp4 @ 0x91b010500] pts has no value
[mp4 @ 0x91b010500] Packet duration: -1024 / dts: 1932288 in stream 1 is out of range
[mp4 @ 0x91b010500] pts has no value
[mp4 @ 0x91b010500] Packet duration: -1024 / dts: 1934336 in stream 1 is out of range
[mp4 @ 0x91b010500] pts has no value
[mp4 @ 0x91b010500] Packet duration: -1024 / dts: 1936384 in stream 1 is out of range
[mp4 @ 0x91b010500] pts has no value
[mp4 @ 0x91b010500] Packet duration: -1024 / dts: 1937408 in stream 1 is out of range
[mp4 @ 0x91b010500] pts has no value
[mp4 @ 0x91b010500] Packet duration: -1024 / dts: 1939456 in stream 1 is out of range
[mp4 @ 0x91b010500] pts has no value
[mp4 @ 0x91b010500] Packet duration: -1024 / dts: 1940480 in stream 1 is out of range
[mp4 @ 0x91b010500] pts has no value
[mp4 @ 0x91b010500] Packet duration: -1024 / dts: 1942528 in stream 1 is out of range
[mp4 @ 0x91b010500] pts has no value
[mp4 @ 0x91b010500] Packet duration: -1024 / dts: 1943552 in stream 1 is out of range
[mp4 @ 0x91b010500] pts has no value
[mp4 @ 0x91b010500] Packet duration: -1024 / dts: 1945600 in stream 1 is out of range
[mp4 @ 0x91b010500] pts has no value
[mp4 @ 0x91b010500] Packet duration: -1024 / dts: 1946624 in stream 1 is out of range
[mp4 @ 0x91b010500] pts has no value
[mp4 @ 0x91b010500] Packet duration: -1024 / dts: 1948672 in stream 1 is out of range
[mp4 @ 0x91b010500] pts has no value
[mp4 @ 0x91b010500] Packet duration: -1024 / dts: 1950720 in stream 1 is out of range
[mp4 @ 0x91b010500] pts has no value
[mp4 @ 0x91b010500] Packet duration: -1024 / dts: 1951744 in stream 1 is out of range
[mp4 @ 0x91b010500] pts has no value
[mp4 @ 0x91b010500] Packet duration: -1024 / dts: 1953792 in stream 1 is out of range
[mp4 @ 0x91b010500] pts has no value
[mp4 @ 0x91b010500] Packet duration: -1024 / dts: 1954816 in stream 1 is out of range
[mp4 @ 0x91b010500] pts has no value
[mp4 @ 0x91b010500] Packet duration: -1024 / dts: 1956864 in stream 1 is out of range
[mp4 @ 0x91b010500] pts has no value
[mp4 @ 0x91b010500] Packet duration: -1024 / dts: 1957888 in stream 1 is out of range
[mp4 @ 0x91b010500] pts has no value
[mp4 @ 0x91b010500] Packet duration: -1024 / dts: 1959936 in stream 1 is out of range
[mp4 @ 0x91b010500] pts has no value
[mp4 @ 0x91b010500] Packet duration: -1024 / dts: 1961984 in stream 1 is out of range
[mp4 @ 0x91b010500] pts has no value
[mp4 @ 0x91b010500] Packet duration: -1024 / dts: 1963008 in stream 1 is out of range
[mp4 @ 0x91b010500] pts has no value
[mp4 @ 0x91b010500] Packet duration: -1024 / dts: 1965056 in stream 1 is out of range
[mp4 @ 0x91b010500] pts has no value
[mp4 @ 0x91b010500] Packet duration: -1024 / dts: 1966080 in stream 1 is out of range
[mp4 @ 0x91b010500] pts has no value
[mp4 @ 0x91b010500] Packet duration: -1024 / dts: 1968128 in stream 1 is out of range
[mp4 @ 0x91b010500] pts has no value
[mp4 @ 0x91b010500] Packet duration: -1024 / dts: 1969152 in stream 1 is out of range
[mp4 @ 0x91b010500] pts has no value
timestamp: 630088 segment: 41:0 priority: 127
[2m2026-08-26T07:57:09.118240Z[0m [32m INFO[0m [2mmoq_transport::session::subscribed[0m[2m:[0m [PUBLISHER] serve_subgroup: completed subgroup (group_id=41, subgroup_id=0, 47 objects sent)
[2m2026-08-26T07:57:09.118671Z[0m [32m INFO[0m [2mmoq_transport::session::subscribed[0m[2m:[0m [PUBLISHER] serve_subgroup: completed subgroup (group_id=40, subgroup_id=0, 30 objects sent)
timestamp: 1970176 segment: 42:0 priority: 127
[mp4 @ 0x91b010500] Packet duration: -1024 / dts: 1971200 in stream 1 is out of range
[mp4 @ 0x91b010500] pts has no value
[mp4 @ 0x91b010500] Packet duration: -1024 / dts: 1972224 in stream 1 is out of range
[mp4 @ 0x91b010500] pts has no value
[mp4 @ 0x91b010500] Packet duration: -1024 / dts: 1974272 in stream 1 is out of range
[mp4 @ 0x91b010500] pts has no value
[mp4 @ 0x91b010500] Packet duration: -1024 / dts: 1976320 in stream 1 is out of range
[mp4 @ 0x91b010500] pts has no value
[mp4 @ 0x91b010500] Packet duration: -1024 / dts: 1977344 in stream 1 is out of range
[mp4 @ 0x91b010500] pts has no value
[mp4 @ 0x91b010500] Packet duration: -1024 / dts: 1979392 in stream 1 is out of range
[mp4 @ 0x91b010500] pts has no value
[mp4 @ 0x91b010500] Packet duration: -1024 / dts: 1980416 in stream 1 is out of range
[mp4 @ 0x91b010500] pts has no value
[mp4 @ 0x91b010500] Packet duration: -1024 / dts: 1982464 in stream 1 is out of range
[mp4 @ 0x91b010500] pts has no value
[mp4 @ 0x91b010500] Packet duration: -1024 / dts: 1983488 in stream 1 is out of range
[mp4 @ 0x91b010500] pts has no value
[mp4 @ 0x91b010500] Packet duration: -1024 / dts: 1985536 in stream 1 is out of range
[mp4 @ 0x91b010500] pts has no value
[mp4 @ 0x91b010500] Packet duration: -1024 / dts: 1987584 in stream 1 is out of range
[mp4 @ 0x91b010500] pts has no value
[mp4 @ 0x91b010500] Packet duration: -1024 / dts: 1988608 in stream 1 is out of range
[mp4 @ 0x91b010500] pts has no value
[mp4 @ 0x91b010500] Packet duration: -1024 / dts: 1990656 in stream 1 is out of range
[mp4 @ 0x91b010500] pts has no value
[mp4 @ 0x91b010500] Packet duration: -1024 / dts: 1991680 in stream 1 is out of range
[mp4 @ 0x91b010500] pts has no value
[mp4 @ 0x91b010500] Packet duration: -1024 / dts: 1993728 in stream 1 is out of range
[mp4 @ 0x91b010500] pts has no value
[mp4 @ 0x91b010500] Packet duration: -1024 / dts: 1994752 in stream 1 is out of range
[mp4 @ 0x91b010500] pts has no value
[mp4 @ 0x91b010500] Packet duration: -1024 / dts: 1996800 in stream 1 is out of range
[mp4 @ 0x91b010500] pts has no value
[mp4 @ 0x91b010500] Packet duration: -1024 / dts: 1997824 in stream 1 is out of range
[mp4 @ 0x91b010500] pts has no value
[mp4 @ 0x91b010500] Packet duration: -1024 / dts: 1999872 in stream 1 is out of range
[mp4 @ 0x91b010500] pts has no value
[mp4 @ 0x91b010500] Packet duration: -1024 / dts: 2001920 in stream 1 is out of range
[mp4 @ 0x91b010500] pts has no value
[mp4 @ 0x91b010500] Packet duration: -1024 / dts: 2002944 in stream 1 is out of range
[mp4 @ 0x91b010500] pts has no value
[mp4 @ 0x91b010500] Packet duration: -1024 / dts: 2004992 in stream 1 is out of range
[mp4 @ 0x91b010500] pts has no value
[mp4 @ 0x91b010500] Packet duration: -1024 / dts: 2006016 in stream 1 is out of range
[mp4 @ 0x91b010500] pts has no value
[mp4 @ 0x91b010500] Packet duration: -1024 / dts: 2008064 in stream 1 is out of range
[mp4 @ 0x91b010500] pts has no value
[mp4 @ 0x91b010500] Packet duration: -1024 / dts: 2009088 in stream 1 is out of range
[mp4 @ 0x91b010500] pts has no value
[mp4 @ 0x91b010500] Packet duration: -1024 / dts: 2011136 in stream 1 is out of range
[mp4 @ 0x91b010500] pts has no value
[mp4 @ 0x91b010500] Packet duration: -1024 / dts: 2013184 in stream 1 is out of range
[mp4 @ 0x91b010500] pts has no value
[mp4 @ 0x91b010500] Packet duration: -1024 / dts: 2014208 in stream 1 is out of range
[mp4 @ 0x91b010500] pts has no value
[mp4 @ 0x91b010500] Packet duration: -1024 / dts: 2016256 in stream 1 is out of range
[mp4 @ 0x91b010500] pts has no value
[mp4 @ 0x91b010500] Packet duration: -1024 / dts: 2017280 in stream 1 is out of range
[mp4 @ 0x91b010500] pts has no value
timestamp: 645448 segment: 42:0 priority: 127
[2m2026-08-26T07:57:10.118203Z[0m [32m INFO[0m [2mmoq_transport::session::subscribed[0m[2m:[0m [PUBLISHER] serve_subgroup: completed subgroup (group_id=42, subgroup_id=0, 47 objects sent)
[2m2026-08-26T07:57:10.118250Z[0m [32m INFO[0m [2mmoq_transport::session::subscribed[0m[2m:[0m [PUBLISHER] serve_subgroup: completed subgroup (group_id=41, subgroup_id=0, 30 objects sent)
timestamp: 2018304 segment: 43:0 priority: 127
[mp4 @ 0x91b010500] Packet duration: -1024 / dts: 2019328 in stream 1 is out of range
[mp4 @ 0x91b010500] pts has no value
[mp4 @ 0x91b010500] Packet duration: -1024 / dts: 2020352 in stream 1 is out of range
[mp4 @ 0x91b010500] pts has no value
[mp4 @ 0x91b010500] Packet duration: -1024 / dts: 2022400 in stream 1 is out of range
[mp4 @ 0x91b010500] pts has no value
[mp4 @ 0x91b010500] Packet duration: -1024 / dts: 2023424 in stream 1 is out of range
[mp4 @ 0x91b010500] pts has no value
[mp4 @ 0x91b010500] Packet duration: -1024 / dts: 2025472 in stream 1 is out of range
[mp4 @ 0x91b010500] pts has no value
[mp4 @ 0x91b010500] Packet duration: -1024 / dts: 2027520 in stream 1 is out of range
[mp4 @ 0x91b010500] pts has no value
[mp4 @ 0x91b010500] Packet duration: -1024 / dts: 2028544 in stream 1 is out of range
[mp4 @ 0x91b010500] pts has no value
[mp4 @ 0x91b010500] Packet duration: -1024 / dts: 2030592 in stream 1 is out of range
[mp4 @ 0x91b010500] pts has no value
[mp4 @ 0x91b010500] Packet duration: -1024 / dts: 2031616 in stream 1 is out of range
[mp4 @ 0x91b010500] pts has no value
[mp4 @ 0x91b010500] Packet duration: -1024 / dts: 2033664 in stream 1 is out of range
[mp4 @ 0x91b010500] pts has no value
[mp4 @ 0x91b010500] Packet duration: -1024 / dts: 2034688 in stream 1 is out of range
[mp4 @ 0x91b010500] pts has no value
[mp4 @ 0x91b010500] Packet duration: -1024 / dts: 2036736 in stream 1 is out of range
[mp4 @ 0x91b010500] pts has no value
[mp4 @ 0x91b010500] Packet duration: -1024 / dts: 2038784 in stream 1 is out of range
[mp4 @ 0x91b010500] pts has no value
[mp4 @ 0x91b010500] Packet duration: -1024 / dts: 2039808 in stream 1 is out of range
[mp4 @ 0x91b010500] pts has no value
[mp4 @ 0x91b010500] Packet duration: -1024 / dts: 2041856 in stream 1 is out of range
[mp4 @ 0x91b010500] pts has no value
[mp4 @ 0x91b010500] Packet duration: -1024 / dts: 2042880 in stream 1 is out of range
[mp4 @ 0x91b010500] pts has no value
[mp4 @ 0x91b010500] Packet duration: -1024 / dts: 2044928 in stream 1 is out of range
[mp4 @ 0x91b010500] pts has no value
[mp4 @ 0x91b010500] Packet duration: -1024 / dts: 2045952 in stream 1 is out of range
[mp4 @ 0x91b010500] pts has no value
[mp4 @ 0x91b010500] Packet duration: -1024 / dts: 2048000 in stream 1 is out of range
[mp4 @ 0x91b010500] pts has no value
[mp4 @ 0x91b010500] Packet duration: -1024 / dts: 2049024 in stream 1 is out of range
[mp4 @ 0x91b010500] pts has no value
[mp4 @ 0x91b010500] Packet duration: -1024 / dts: 2051072 in stream 1 is out of range
[mp4 @ 0x91b010500] pts has no value
[mp4 @ 0x91b010500] Packet duration: -1024 / dts: 2053120 in stream 1 is out of range
[mp4 @ 0x91b010500] pts has no value
[mp4 @ 0x91b010500] Packet duration: -1024 / dts: 2054144 in stream 1 is out of range
[mp4 @ 0x91b010500] pts has no value
[mp4 @ 0x91b010500] Packet duration: -1024 / dts: 2056192 in stream 1 is out of range
[mp4 @ 0x91b010500] pts has no value
[mp4 @ 0x91b010500] Packet duration: -1024 / dts: 2057216 in stream 1 is out of range
[mp4 @ 0x91b010500] pts has no value
[mp4 @ 0x91b010500] Packet duration: -1024 / dts: 2059264 in stream 1 is out of range
[mp4 @ 0x91b010500] pts has no value
[mp4 @ 0x91b010500] Packet duration: -1024 / dts: 2060288 in stream 1 is out of range
[mp4 @ 0x91b010500] pts has no value
[mp4 @ 0x91b010500] Packet duration: -1024 / dts: 2062336 in stream 1 is out of range
[mp4 @ 0x91b010500] pts has no value
[mp4 @ 0x91b010500] Packet duration: -1024 / dts: 2064384 in stream 1 is out of range
[mp4 @ 0x91b010500] pts has no value
[mp4 @ 0x91b010500] Packet duration: -1024 / dts: 2065408 in stream 1 is out of range
[mp4 @ 0x91b010500] pts has no value
timestamp: 660808 segment: 43:0 priority: 127
timestamp: 2066432 segment: 44:0 priority: 127
[2m2026-08-26T07:57:11.123240Z[0m [32m INFO[0m [2mmoq_transport::session::subscribed[0m[2m:[0m [PUBLISHER] serve_subgroup: completed subgroup (group_id=43, subgroup_id=0, 47 objects sent)
[2m2026-08-26T07:57:11.123611Z[0m [32m INFO[0m [2mmoq_transport::session::subscribed[0m[2m:[0m [PUBLISHER] serve_subgroup: completed subgroup (group_id=42, subgroup_id=0, 30 objects sent)
[mp4 @ 0x91b010500] Packet duration: -1024 / dts: 2067456 in stream 1 is out of range
[mp4 @ 0x91b010500] pts has no value
[mp4 @ 0x91b010500] Packet duration: -1024 / dts: 2068480 in stream 1 is out of range
[mp4 @ 0x91b010500] pts has no value
[mp4 @ 0x91b010500] Packet duration: -1024 / dts: 2070528 in stream 1 is out of range
[mp4 @ 0x91b010500] pts has no value
[mp4 @ 0x91b010500] Packet duration: -1024 / dts: 2071552 in stream 1 is out of range
[mp4 @ 0x91b010500] pts has no value
[mp4 @ 0x91b010500] Packet duration: -1024 / dts: 2073600 in stream 1 is out of range
[mp4 @ 0x91b010500] pts has no value
[mp4 @ 0x91b010500] Packet duration: -1024 / dts: 2074624 in stream 1 is out of range
[mp4 @ 0x91b010500] pts has no value
[mp4 @ 0x91b010500] Packet duration: -1024 / dts: 2076672 in stream 1 is out of range
[mp4 @ 0x91b010500] pts has no value
[mp4 @ 0x91b010500] Packet duration: -1024 / dts: 2078720 in stream 1 is out of range
[mp4 @ 0x91b010500] pts has no value
[mp4 @ 0x91b010500] Packet duration: -1024 / dts: 2079744 in stream 1 is out of range
[mp4 @ 0x91b010500] pts has no value
[mp4 @ 0x91b010500] Packet duration: -1024 / dts: 2081792 in stream 1 is out of range
[mp4 @ 0x91b010500] pts has no value
[mp4 @ 0x91b010500] Packet duration: -1024 / dts: 2082816 in stream 1 is out of range
[mp4 @ 0x91b010500] pts has no value
[mp4 @ 0x91b010500] Packet duration: -1024 / dts: 2084864 in stream 1 is out of range
[mp4 @ 0x91b010500] pts has no value
[mp4 @ 0x91b010500] Packet duration: -1024 / dts: 2085888 in stream 1 is out of range
[mp4 @ 0x91b010500] pts has no value
[mp4 @ 0x91b010500] Packet duration: -1024 / dts: 2087936 in stream 1 is out of range
[mp4 @ 0x91b010500] pts has no value
[mp4 @ 0x91b010500] Packet duration: -1024 / dts: 2089984 in stream 1 is out of range
[mp4 @ 0x91b010500] pts has no value
[mp4 @ 0x91b010500] Packet duration: -1024 / dts: 2091008 in stream 1 is out of range
[mp4 @ 0x91b010500] pts has no value
[mp4 @ 0x91b010500] Packet duration: -1024 / dts: 2093056 in stream 1 is out of range
[mp4 @ 0x91b010500] pts has no value
[mp4 @ 0x91b010500] Packet duration: -1024 / dts: 2094080 in stream 1 is out of range
[mp4 @ 0x91b010500] pts has no value
[mp4 @ 0x91b010500] Packet duration: -1024 / dts: 2096128 in stream 1 is out of range
[mp4 @ 0x91b010500] pts has no value
[mp4 @ 0x91b010500] Packet duration: -1024 / dts: 2097152 in stream 1 is out of range
[mp4 @ 0x91b010500] pts has no value
[mp4 @ 0x91b010500] Packet duration: -1024 / dts: 2099200 in stream 1 is out of range
[mp4 @ 0x91b010500] pts has no value
[mp4 @ 0x91b010500] Packet duration: -1024 / dts: 2100224 in stream 1 is out of range
[mp4 @ 0x91b010500] pts has no value
[mp4 @ 0x91b010500] Packet duration: -1024 / dts: 2102272 in stream 1 is out of range
[mp4 @ 0x91b010500] pts has no value
[mp4 @ 0x91b010500] Packet duration: -1024 / dts: 2104320 in stream 1 is out of range
[mp4 @ 0x91b010500] pts has no value
[mp4 @ 0x91b010500] Packet duration: -1024 / dts: 2105344 in stream 1 is out of range
[mp4 @ 0x91b010500] pts has no value
[mp4 @ 0x91b010500] Packet duration: -1024 / dts: 2107392 in stream 1 is out of range
[mp4 @ 0x91b010500] pts has no value
[mp4 @ 0x91b010500] Packet duration: -1024 / dts: 2108416 in stream 1 is out of range
[mp4 @ 0x91b010500] pts has no value
[mp4 @ 0x91b010500] Packet duration: -1024 / dts: 2110464 in stream 1 is out of range
[mp4 @ 0x91b010500] pts has no value
[mp4 @ 0x91b010500] Packet duration: -1024 / dts: 2111488 in stream 1 is out of range
[mp4 @ 0x91b010500] pts has no value
[mp4 @ 0x91b010500] Packet duration: -1024 / dts: 2113536 in stream 1 is out of range
[mp4 @ 0x91b010500] pts has no value
timestamp: 676168 segment: 44:0 priority: 127
[2m2026-08-26T07:57:12.129853Z[0m [32m INFO[0m [2mmoq_transport::session::subscribed[0m[2m:[0m [PUBLISHER] serve_subgroup: completed subgroup (group_id=44, subgroup_id=0, 47 objects sent)
[2m2026-08-26T07:57:12.130123Z[0m [32m INFO[0m [2mmoq_transport::session::subscribed[0m[2m:[0m [PUBLISHER] serve_subgroup: completed subgroup (group_id=43, subgroup_id=0, 30 objects sent)
timestamp: 2114560 segment: 45:0 priority: 127
[mp4 @ 0x91b010500] Packet duration: -1024 / dts: 2115584 in stream 1 is out of range
[mp4 @ 0x91b010500] pts has no value
[mp4 @ 0x91b010500] Packet duration: -1024 / dts: 2116608 in stream 1 is out of range
[mp4 @ 0x91b010500] pts has no value
[mp4 @ 0x91b010500] Packet duration: -1024 / dts: 2118656 in stream 1 is out of range
[mp4 @ 0x91b010500] pts has no value
[mp4 @ 0x91b010500] Packet duration: -1024 / dts: 2119680 in stream 1 is out of range
[mp4 @ 0x91b010500] pts has no value
[mp4 @ 0x91b010500] Packet duration: -1024 / dts: 2121728 in stream 1 is out of range
[mp4 @ 0x91b010500] pts has no value
[mp4 @ 0x91b010500] Packet duration: -1024 / dts: 2122752 in stream 1 is out of range
[mp4 @ 0x91b010500] pts has no value
[mp4 @ 0x91b010500] Packet duration: -1024 / dts: 2124800 in stream 1 is out of range
[mp4 @ 0x91b010500] pts has no value
[mp4 @ 0x91b010500] Packet duration: -1024 / dts: 2125824 in stream 1 is out of range
[mp4 @ 0x91b010500] pts has no value
[mp4 @ 0x91b010500] Packet duration: -1024 / dts: 2127872 in stream 1 is out of range
[mp4 @ 0x91b010500] pts has no value
[mp4 @ 0x91b010500] Packet duration: -1024 / dts: 2129920 in stream 1 is out of range
[mp4 @ 0x91b010500] pts has no value
[mp4 @ 0x91b010500] Packet duration: -1024 / dts: 2130944 in stream 1 is out of range
[mp4 @ 0x91b010500] pts has no value
[mp4 @ 0x91b010500] Packet duration: -1024 / dts: 2132992 in stream 1 is out of range
[mp4 @ 0x91b010500] pts has no value
[mp4 @ 0x91b010500] Packet duration: -1024 / dts: 2134016 in stream 1 is out of range
[mp4 @ 0x91b010500] pts has no value
[mp4 @ 0x91b010500] Packet duration: -1024 / dts: 2136064 in stream 1 is out of range
[mp4 @ 0x91b010500] pts has no value
[mp4 @ 0x91b010500] Packet duration: -1024 / dts: 2137088 in stream 1 is out of range
[mp4 @ 0x91b010500] pts has no value
[mp4 @ 0x91b010500] Packet duration: -1024 / dts: 2139136 in stream 1 is out of range
[mp4 @ 0x91b010500] pts has no value
[mp4 @ 0x91b010500] Packet duration: -1024 / dts: 2141184 in stream 1 is out of range
[mp4 @ 0x91b010500] pts has no value
[mp4 @ 0x91b010500] Packet duration: -1024 / dts: 2142208 in stream 1 is out of range
[mp4 @ 0x91b010500] pts has no value
[mp4 @ 0x91b010500] Packet duration: -1024 / dts: 2144256 in stream 1 is out of range
[mp4 @ 0x91b010500] pts has no value
[mp4 @ 0x91b010500] Packet duration: -1024 / dts: 2145280 in stream 1 is out of range
[mp4 @ 0x91b010500] pts has no value
[mp4 @ 0x91b010500] Packet duration: -1024 / dts: 2147328 in stream 1 is out of range
[mp4 @ 0x91b010500] pts has no value
[mp4 @ 0x91b010500] Packet duration: -1024 / dts: 2148352 in stream 1 is out of range
[mp4 @ 0x91b010500] pts has no value
[mp4 @ 0x91b010500] Packet duration: -1024 / dts: 2150400 in stream 1 is out of range
[mp4 @ 0x91b010500] pts has no value
[mp4 @ 0x91b010500] Packet duration: -1024 / dts: 2151424 in stream 1 is out of range
[mp4 @ 0x91b010500] pts has no value
[mp4 @ 0x91b010500] Packet duration: -1024 / dts: 2153472 in stream 1 is out of range
[mp4 @ 0x91b010500] pts has no value
[mp4 @ 0x91b010500] Packet duration: -1024 / dts: 2155520 in stream 1 is out of range
[mp4 @ 0x91b010500] pts has no value
[mp4 @ 0x91b010500] Packet duration: -1024 / dts: 2156544 in stream 1 is out of range
[mp4 @ 0x91b010500] pts has no value
[mp4 @ 0x91b010500] Packet duration: -1024 / dts: 2158592 in stream 1 is out of range
[mp4 @ 0x91b010500] pts has no value
[mp4 @ 0x91b010500] Packet duration: -1024 / dts: 2159616 in stream 1 is out of range
[mp4 @ 0x91b010500] pts has no value
[mp4 @ 0x91b010500] Packet duration: -1024 / dts: 2161664 in stream 1 is out of range
[mp4 @ 0x91b010500] pts has no value
timestamp: 691528 segment: 45:0 priority: 127
[2m2026-08-26T07:57:13.135968Z[0m [32m INFO[0m [2mmoq_transport::session::subscribed[0m[2m:[0m [PUBLISHER] serve_subgroup: completed subgroup (group_id=45, subgroup_id=0, 47 objects sent)
[2m2026-08-26T07:57:13.136179Z[0m [32m INFO[0m [2mmoq_transport::session::subscribed[0m[2m:[0m [PUBLISHER] serve_subgroup: completed subgroup (group_id=44, subgroup_id=0, 30 objects sent)
timestamp: 2162688 segment: 46:0 priority: 127
[mp4 @ 0x91b010500] Packet duration: -1024 / dts: 2162688 in stream 1 is out of range
[mp4 @ 0x91b010500] pts has no value
[mp4 @ 0x91b010500] Packet duration: -1024 / dts: 2164736 in stream 1 is out of range
[mp4 @ 0x91b010500] pts has no value
[mp4 @ 0x91b010500] Packet duration: -1024 / dts: 2166784 in stream 1 is out of range
[mp4 @ 0x91b010500] pts has no value
[mp4 @ 0x91b010500] Packet duration: -1024 / dts: 2167808 in stream 1 is out of range
[mp4 @ 0x91b010500] pts has no value
[mp4 @ 0x91b010500] Packet duration: -1024 / dts: 2169856 in stream 1 is out of range
[mp4 @ 0x91b010500] pts has no value
[mp4 @ 0x91b010500] Packet duration: -1024 / dts: 2170880 in stream 1 is out of range
[mp4 @ 0x91b010500] pts has no value
[mp4 @ 0x91b010500] Packet duration: -1024 / dts: 2172928 in stream 1 is out of range
[mp4 @ 0x91b010500] pts has no value
[mp4 @ 0x91b010500] Packet duration: -1024 / dts: 2173952 in stream 1 is out of range
[mp4 @ 0x91b010500] pts has no value
[mp4 @ 0x91b010500] Packet duration: -1024 / dts: 2176000 in stream 1 is out of range
[mp4 @ 0x91b010500] pts has no value
[mp4 @ 0x91b010500] Packet duration: -1024 / dts: 2177024 in stream 1 is out of range
[mp4 @ 0x91b010500] pts has no value
[mp4 @ 0x91b010500] Packet duration: -1024 / dts: 2179072 in stream 1 is out of range
[mp4 @ 0x91b010500] pts has no value
[mp4 @ 0x91b010500] Packet duration: -1024 / dts: 2181120 in stream 1 is out of range
[mp4 @ 0x91b010500] pts has no value
[mp4 @ 0x91b010500] Packet duration: -1024 / dts: 2182144 in stream 1 is out of range
[mp4 @ 0x91b010500] pts has no value
[mp4 @ 0x91b010500] Packet duration: -1024 / dts: 2184192 in stream 1 is out of range
[mp4 @ 0x91b010500] pts has no value
[mp4 @ 0x91b010500] Packet duration: -1024 / dts: 2185216 in stream 1 is out of range
[mp4 @ 0x91b010500] pts has no value
[mp4 @ 0x91b010500] Packet duration: -1024 / dts: 2187264 in stream 1 is out of range
[mp4 @ 0x91b010500] pts has no value
[mp4 @ 0x91b010500] Packet duration: -1024 / dts: 2188288 in stream 1 is out of range
[mp4 @ 0x91b010500] pts has no value
[mp4 @ 0x91b010500] Packet duration: -1024 / dts: 2190336 in stream 1 is out of range
[mp4 @ 0x91b010500] pts has no value
[mp4 @ 0x91b010500] Packet duration: -1024 / dts: 2192384 in stream 1 is out of range
[mp4 @ 0x91b010500] pts has no value
[mp4 @ 0x91b010500] Packet duration: -1024 / dts: 2193408 in stream 1 is out of range
[mp4 @ 0x91b010500] pts has no value
[mp4 @ 0x91b010500] Packet duration: -1024 / dts: 2195456 in stream 1 is out of range
[mp4 @ 0x91b010500] pts has no value
[mp4 @ 0x91b010500] Packet duration: -1024 / dts: 2196480 in stream 1 is out of range
[mp4 @ 0x91b010500] pts has no value
[mp4 @ 0x91b010500] Packet duration: -1024 / dts: 2198528 in stream 1 is out of range
[mp4 @ 0x91b010500] pts has no value
[mp4 @ 0x91b010500] Packet duration: -1024 / dts: 2199552 in stream 1 is out of range
[mp4 @ 0x91b010500] pts has no value
[mp4 @ 0x91b010500] Packet duration: -1024 / dts: 2201600 in stream 1 is out of range
[mp4 @ 0x91b010500] pts has no value
[mp4 @ 0x91b010500] Packet duration: -1024 / dts: 2202624 in stream 1 is out of range
[mp4 @ 0x91b010500] pts has no value
[mp4 @ 0x91b010500] Packet duration: -1024 / dts: 2204672 in stream 1 is out of range
[mp4 @ 0x91b010500] pts has no value
[mp4 @ 0x91b010500] Packet duration: -1024 / dts: 2206720 in stream 1 is out of range
[mp4 @ 0x91b010500] pts has no value
[mp4 @ 0x91b010500] Packet duration: -1024 / dts: 2207744 in stream 1 is out of range
[mp4 @ 0x91b010500] pts has no value
[mp4 @ 0x91b010500] Packet duration: -1024 / dts: 2209792 in stream 1 is out of range
[mp4 @ 0x91b010500] pts has no value
timestamp: 706888 segment: 46:0 priority: 127
[2m2026-08-26T07:57:14.138619Z[0m [32m INFO[0m [2mmoq_transport::session::subscribed[0m[2m:[0m [PUBLISHER] serve_subgroup: completed subgroup (group_id=46, subgroup_id=0, 47 objects sent)
[2m2026-08-26T07:57:14.138663Z[0m [32m INFO[0m [2mmoq_transport::session::subscribed[0m[2m:[0m [PUBLISHER] serve_subgroup: completed subgroup (group_id=45, subgroup_id=0, 30 objects sent)
timestamp: 2210816 segment: 47:0 priority: 127
[mp4 @ 0x91b010500] Packet duration: -1024 / dts: 2210816 in stream 1 is out of range
[mp4 @ 0x91b010500] pts has no value
[mp4 @ 0x91b010500] Packet duration: -1024 / dts: 2212864 in stream 1 is out of range
[mp4 @ 0x91b010500] pts has no value
[mp4 @ 0x91b010500] Packet duration: -1024 / dts: 2213888 in stream 1 is out of range
[mp4 @ 0x91b010500] pts has no value
[mp4 @ 0x91b010500] Packet duration: -1024 / dts: 2215936 in stream 1 is out of range
[mp4 @ 0x91b010500] pts has no value
[mp4 @ 0x91b010500] Packet duration: -1024 / dts: 2217984 in stream 1 is out of range
[mp4 @ 0x91b010500] pts has no value
[mp4 @ 0x91b010500] Packet duration: -1024 / dts: 2219008 in stream 1 is out of range
[mp4 @ 0x91b010500] pts has no value
[mp4 @ 0x91b010500] Packet duration: -1024 / dts: 2221056 in stream 1 is out of range
[mp4 @ 0x91b010500] pts has no value
[mp4 @ 0x91b010500] Packet duration: -1024 / dts: 2222080 in stream 1 is out of range
[mp4 @ 0x91b010500] pts has no value
[mp4 @ 0x91b010500] Packet duration: -1024 / dts: 2224128 in stream 1 is out of range
[mp4 @ 0x91b010500] pts has no value
[mp4 @ 0x91b010500] Packet duration: -1024 / dts: 2225152 in stream 1 is out of range
[mp4 @ 0x91b010500] pts has no value
[mp4 @ 0x91b010500] Packet duration: -1024 / dts: 2227200 in stream 1 is out of range
[mp4 @ 0x91b010500] pts has no value
[mp4 @ 0x91b010500] Packet duration: -1024 / dts: 2228224 in stream 1 is out of range
[mp4 @ 0x91b010500] pts has no value
[mp4 @ 0x91b010500] Packet duration: -1024 / dts: 2230272 in stream 1 is out of range
[mp4 @ 0x91b010500] pts has no value
[mp4 @ 0x91b010500] Packet duration: -1024 / dts: 2232320 in stream 1 is out of range
[mp4 @ 0x91b010500] pts has no value
[mp4 @ 0x91b010500] Packet duration: -1024 / dts: 2233344 in stream 1 is out of range
[mp4 @ 0x91b010500] pts has no value
[mp4 @ 0x91b010500] Packet duration: -1024 / dts: 2235392 in stream 1 is out of range
[mp4 @ 0x91b010500] pts has no value
[mp4 @ 0x91b010500] Packet duration: -1024 / dts: 2236416 in stream 1 is out of range
[mp4 @ 0x91b010500] pts has no value
[mp4 @ 0x91b010500] Packet duration: -1024 / dts: 2238464 in stream 1 is out of range
[mp4 @ 0x91b010500] pts has no value
[mp4 @ 0x91b010500] Packet duration: -1024 / dts: 2239488 in stream 1 is out of range
[mp4 @ 0x91b010500] pts has no value
[mp4 @ 0x91b010500] Packet duration: -1024 / dts: 2241536 in stream 1 is out of range
[mp4 @ 0x91b010500] pts has no value
[mp4 @ 0x91b010500] Packet duration: -1024 / dts: 2243584 in stream 1 is out of range
[mp4 @ 0x91b010500] pts has no value
[mp4 @ 0x91b010500] Packet duration: -1024 / dts: 2244608 in stream 1 is out of range
[mp4 @ 0x91b010500] pts has no value
[mp4 @ 0x91b010500] Packet duration: -1024 / dts: 2246656 in stream 1 is out of range
[mp4 @ 0x91b010500] pts has no value
[mp4 @ 0x91b010500] Packet duration: -1024 / dts: 2247680 in stream 1 is out of range
[mp4 @ 0x91b010500] pts has no value
[mp4 @ 0x91b010500] Packet duration: -1024 / dts: 2249728 in stream 1 is out of range
[mp4 @ 0x91b010500] pts has no value
[mp4 @ 0x91b010500] Packet duration: -1024 / dts: 2250752 in stream 1 is out of range
[mp4 @ 0x91b010500] pts has no value
[mp4 @ 0x91b010500] Packet duration: -1024 / dts: 2252800 in stream 1 is out of range
[mp4 @ 0x91b010500] pts has no value
[mp4 @ 0x91b010500] Packet duration: -1024 / dts: 2253824 in stream 1 is out of range
[mp4 @ 0x91b010500] pts has no value
[mp4 @ 0x91b010500] Packet duration: -1024 / dts: 2255872 in stream 1 is out of range
[mp4 @ 0x91b010500] pts has no value
[mp4 @ 0x91b010500] Packet duration: -1024 / dts: 2257920 in stream 1 is out of range
[mp4 @ 0x91b010500] pts has no value
timestamp: 722248 segment: 47:0 priority: 127
[2m2026-08-26T07:57:15.142248Z[0m [32m INFO[0m [2mmoq_transport::session::subscribed[0m[2m:[0m [PUBLISHER] serve_subgroup: completed subgroup (group_id=47, subgroup_id=0, 47 objects sent)
[2m2026-08-26T07:57:15.142386Z[0m [32m INFO[0m [2mmoq_transport::session::subscribed[0m[2m:[0m [PUBLISHER] serve_subgroup: completed subgroup (group_id=46, subgroup_id=0, 30 objects sent)
timestamp: 2258944 segment: 48:0 priority: 127
[mp4 @ 0x91b010500] Packet duration: -1024 / dts: 2258944 in stream 1 is out of range
[mp4 @ 0x91b010500] pts has no value
[mp4 @ 0x91b010500] Packet duration: -1024 / dts: 2260992 in stream 1 is out of range
[mp4 @ 0x91b010500] pts has no value
[mp4 @ 0x91b010500] Packet duration: -1024 / dts: 2262016 in stream 1 is out of range
[mp4 @ 0x91b010500] pts has no value
[mp4 @ 0x91b010500] Packet duration: -1024 / dts: 2264064 in stream 1 is out of range
[mp4 @ 0x91b010500] pts has no value
[mp4 @ 0x91b010500] Packet duration: -1024 / dts: 2265088 in stream 1 is out of range
[mp4 @ 0x91b010500] pts has no value
[mp4 @ 0x91b010500] Packet duration: -1024 / dts: 2267136 in stream 1 is out of range
[mp4 @ 0x91b010500] pts has no value
[mp4 @ 0x91b010500] Packet duration: -1024 / dts: 2269184 in stream 1 is out of range
[mp4 @ 0x91b010500] pts has no value
[mp4 @ 0x91b010500] Packet duration: -1024 / dts: 2270208 in stream 1 is out of range
[mp4 @ 0x91b010500] pts has no value
[mp4 @ 0x91b010500] Packet duration: -1024 / dts: 2272256 in stream 1 is out of range
[mp4 @ 0x91b010500] pts has no value
[mp4 @ 0x91b010500] Packet duration: -1024 / dts: 2273280 in stream 1 is out of range
[mp4 @ 0x91b010500] pts has no value
[mp4 @ 0x91b010500] Packet duration: -1024 / dts: 2275328 in stream 1 is out of range
[mp4 @ 0x91b010500] pts has no value
[mp4 @ 0x91b010500] Packet duration: -1024 / dts: 2276352 in stream 1 is out of range
[mp4 @ 0x91b010500] pts has no value
[mp4 @ 0x91b010500] Packet duration: -1024 / dts: 2278400 in stream 1 is out of range
[mp4 @ 0x91b010500] pts has no value
[mp4 @ 0x91b010500] Packet duration: -1024 / dts: 2279424 in stream 1 is out of range
[mp4 @ 0x91b010500] pts has no value
[mp4 @ 0x91b010500] Packet duration: -1024 / dts: 2281472 in stream 1 is out of range
[mp4 @ 0x91b010500] pts has no value
[mp4 @ 0x91b010500] Packet duration: -1024 / dts: 2283520 in stream 1 is out of range
[mp4 @ 0x91b010500] pts has no value
[mp4 @ 0x91b010500] Packet duration: -1024 / dts: 2284544 in stream 1 is out of range
[mp4 @ 0x91b010500] pts has no value
[mp4 @ 0x91b010500] Packet duration: -1024 / dts: 2286592 in stream 1 is out of range
[mp4 @ 0x91b010500] pts has no value
[mp4 @ 0x91b010500] Packet duration: -1024 / dts: 2287616 in stream 1 is out of range
[mp4 @ 0x91b010500] pts has no value
[mp4 @ 0x91b010500] Packet duration: -1024 / dts: 2289664 in stream 1 is out of range
[mp4 @ 0x91b010500] pts has no value
[mp4 @ 0x91b010500] Packet duration: -1024 / dts: 2290688 in stream 1 is out of range
[mp4 @ 0x91b010500] pts has no value
[mp4 @ 0x91b010500] Packet duration: -1024 / dts: 2292736 in stream 1 is out of range
[mp4 @ 0x91b010500] pts has no value
[mp4 @ 0x91b010500] Packet duration: -1024 / dts: 2294784 in stream 1 is out of range
[mp4 @ 0x91b010500] pts has no value
[mp4 @ 0x91b010500] Packet duration: -1024 / dts: 2295808 in stream 1 is out of range
[mp4 @ 0x91b010500] pts has no value
[mp4 @ 0x91b010500] Packet duration: -1024 / dts: 2297856 in stream 1 is out of range
[mp4 @ 0x91b010500] pts has no value
[mp4 @ 0x91b010500] Packet duration: -1024 / dts: 2298880 in stream 1 is out of range
[mp4 @ 0x91b010500] pts has no value
[mp4 @ 0x91b010500] Packet duration: -1024 / dts: 2300928 in stream 1 is out of range
[mp4 @ 0x91b010500] pts has no value
[mp4 @ 0x91b010500] Packet duration: -1024 / dts: 2301952 in stream 1 is out of range
[mp4 @ 0x91b010500] pts has no value
[mp4 @ 0x91b010500] Packet duration: -1024 / dts: 2304000 in stream 1 is out of range
[mp4 @ 0x91b010500] pts has no value
[mp4 @ 0x91b010500] Packet duration: -1024 / dts: 2305024 in stream 1 is out of range
[mp4 @ 0x91b010500] pts has no value
timestamp: 737608 segment: 48:0 priority: 127
timestamp: 2306048 segment: 49:0 priority: 127
[2m2026-08-26T07:57:16.140296Z[0m [32m INFO[0m [2mmoq_transport::session::subscribed[0m[2m:[0m [PUBLISHER] serve_subgroup: completed subgroup (group_id=48, subgroup_id=0, 46 objects sent)
[2m2026-08-26T07:57:16.140352Z[0m [32m INFO[0m [2mmoq_transport::session::subscribed[0m[2m:[0m [PUBLISHER] serve_subgroup: completed subgroup (group_id=47, subgroup_id=0, 30 objects sent)
[mp4 @ 0x91b010500] Packet duration: -1024 / dts: 2307072 in stream 1 is out of range
[mp4 @ 0x91b010500] pts has no value
[mp4 @ 0x91b010500] Packet duration: -1024 / dts: 2309120 in stream 1 is out of range
[mp4 @ 0x91b010500] pts has no value
[mp4 @ 0x91b010500] Packet duration: -1024 / dts: 2310144 in stream 1 is out of range
[mp4 @ 0x91b010500] pts has no value
[mp4 @ 0x91b010500] Packet duration: -1024 / dts: 2312192 in stream 1 is out of range
[mp4 @ 0x91b010500] pts has no value
[mp4 @ 0x91b010500] Packet duration: -1024 / dts: 2313216 in stream 1 is out of range
[mp4 @ 0x91b010500] pts has no value
[mp4 @ 0x91b010500] Packet duration: -1024 / dts: 2315264 in stream 1 is out of range
[mp4 @ 0x91b010500] pts has no value
[mp4 @ 0x91b010500] Packet duration: -1024 / dts: 2316288 in stream 1 is out of range
[mp4 @ 0x91b010500] pts has no value
[mp4 @ 0x91b010500] Packet duration: -1024 / dts: 2318336 in stream 1 is out of range
[mp4 @ 0x91b010500] pts has no value
[mp4 @ 0x91b010500] Packet duration: -1024 / dts: 2320384 in stream 1 is out of range
[mp4 @ 0x91b010500] pts has no value
[mp4 @ 0x91b010500] Packet duration: -1024 / dts: 2321408 in stream 1 is out of range
[mp4 @ 0x91b010500] pts has no value
[mp4 @ 0x91b010500] Packet duration: -1024 / dts: 2323456 in stream 1 is out of range
[mp4 @ 0x91b010500] pts has no value
[mp4 @ 0x91b010500] Packet duration: -1024 / dts: 2324480 in stream 1 is out of range
[mp4 @ 0x91b010500] pts has no value
[mp4 @ 0x91b010500] Packet duration: -1024 / dts: 2326528 in stream 1 is out of range
[mp4 @ 0x91b010500] pts has no value
[mp4 @ 0x91b010500] Packet duration: -1024 / dts: 2327552 in stream 1 is out of range
[mp4 @ 0x91b010500] pts has no value
[mp4 @ 0x91b010500] Packet duration: -1024 / dts: 2329600 in stream 1 is out of range
[mp4 @ 0x91b010500] pts has no value
[mp4 @ 0x91b010500] Packet duration: -1024 / dts: 2330624 in stream 1 is out of range
[mp4 @ 0x91b010500] pts has no value
[mp4 @ 0x91b010500] Packet duration: -1024 / dts: 2332672 in stream 1 is out of range
[mp4 @ 0x91b010500] pts has no value
[mp4 @ 0x91b010500] Packet duration: -1024 / dts: 2334720 in stream 1 is out of range
[mp4 @ 0x91b010500] pts has no value
[mp4 @ 0x91b010500] Packet duration: -1024 / dts: 2335744 in stream 1 is out of range
[mp4 @ 0x91b010500] pts has no value
[mp4 @ 0x91b010500] Packet duration: -1024 / dts: 2337792 in stream 1 is out of range
[mp4 @ 0x91b010500] pts has no value
[mp4 @ 0x91b010500] Packet duration: -1024 / dts: 2338816 in stream 1 is out of range
[mp4 @ 0x91b010500] pts has no value
[mp4 @ 0x91b010500] Packet duration: -1024 / dts: 2340864 in stream 1 is out of range
[mp4 @ 0x91b010500] pts has no value
[mp4 @ 0x91b010500] Packet duration: -1024 / dts: 2341888 in stream 1 is out of range
[mp4 @ 0x91b010500] pts has no value
[mp4 @ 0x91b010500] Packet duration: -1024 / dts: 2343936 in stream 1 is out of range
[mp4 @ 0x91b010500] pts has no value
[mp4 @ 0x91b010500] Packet duration: -1024 / dts: 2345984 in stream 1 is out of range
[mp4 @ 0x91b010500] pts has no value
[mp4 @ 0x91b010500] Packet duration: -1024 / dts: 2347008 in stream 1 is out of range
[mp4 @ 0x91b010500] pts has no value
[mp4 @ 0x91b010500] Packet duration: -1024 / dts: 2349056 in stream 1 is out of range
[mp4 @ 0x91b010500] pts has no value
[mp4 @ 0x91b010500] Packet duration: -1024 / dts: 2350080 in stream 1 is out of range
[mp4 @ 0x91b010500] pts has no value
[mp4 @ 0x91b010500] Packet duration: -1024 / dts: 2352128 in stream 1 is out of range
[mp4 @ 0x91b010500] pts has no value
[mp4 @ 0x91b010500] Packet duration: -1024 / dts: 2353152 in stream 1 is out of range
[mp4 @ 0x91b010500] pts has no value
timestamp: 752968 segment: 49:0 priority: 127
[2m2026-08-26T07:57:17.152073Z[0m [32m INFO[0m [2mmoq_transport::session::subscribed[0m[2m:[0m [PUBLISHER] serve_subgroup: completed subgroup (group_id=49, subgroup_id=0, 47 objects sent)
[2m2026-08-26T07:57:17.152102Z[0m [32m INFO[0m [2mmoq_transport::session::subscribed[0m[2m:[0m [PUBLISHER] serve_subgroup: completed subgroup (group_id=48, subgroup_id=0, 30 objects sent)
timestamp: 2354176 segment: 50:0 priority: 127
[mp4 @ 0x91b010500] Packet duration: -1024 / dts: 2355200 in stream 1 is out of range
[mp4 @ 0x91b010500] pts has no value
[mp4 @ 0x91b010500] Packet duration: -1024 / dts: 2356224 in stream 1 is out of range
[mp4 @ 0x91b010500] pts has no value
[mp4 @ 0x91b010500] Packet duration: -1024 / dts: 2358272 in stream 1 is out of range
[mp4 @ 0x91b010500] pts has no value
[mp4 @ 0x91b010500] Packet duration: -1024 / dts: 2360320 in stream 1 is out of range
[mp4 @ 0x91b010500] pts has no value
[mp4 @ 0x91b010500] Packet duration: -1024 / dts: 2361344 in stream 1 is out of range
[mp4 @ 0x91b010500] pts has no value
[mp4 @ 0x91b010500] Packet duration: -1024 / dts: 2363392 in stream 1 is out of range
[mp4 @ 0x91b010500] pts has no value
[mp4 @ 0x91b010500] Packet duration: -1024 / dts: 2364416 in stream 1 is out of range
[mp4 @ 0x91b010500] pts has no value
[mp4 @ 0x91b010500] Packet duration: -1024 / dts: 2366464 in stream 1 is out of range
[mp4 @ 0x91b010500] pts has no value
[mp4 @ 0x91b010500] Packet duration: -1024 / dts: 2367488 in stream 1 is out of range
[mp4 @ 0x91b010500] pts has no value
[mp4 @ 0x91b010500] Packet duration: -1024 / dts: 2369536 in stream 1 is out of range
[mp4 @ 0x91b010500] pts has no value
[mp4 @ 0x91b010500] Packet duration: -1024 / dts: 2371584 in stream 1 is out of range
[mp4 @ 0x91b010500] pts has no value
[mp4 @ 0x91b010500] Packet duration: -1024 / dts: 2372608 in stream 1 is out of range
[mp4 @ 0x91b010500] pts has no value
[mp4 @ 0x91b010500] Packet duration: -1024 / dts: 2374656 in stream 1 is out of range
[mp4 @ 0x91b010500] pts has no value
[mp4 @ 0x91b010500] Packet duration: -1024 / dts: 2375680 in stream 1 is out of range
[mp4 @ 0x91b010500] pts has no value
[mp4 @ 0x91b010500] Packet duration: -1024 / dts: 2377728 in stream 1 is out of range
[mp4 @ 0x91b010500] pts has no value
[mp4 @ 0x91b010500] Packet duration: -1024 / dts: 2378752 in stream 1 is out of range
[mp4 @ 0x91b010500] pts has no value
[mp4 @ 0x91b010500] Packet duration: -1024 / dts: 2380800 in stream 1 is out of range
[mp4 @ 0x91b010500] pts has no value
[mp4 @ 0x91b010500] Packet duration: -1024 / dts: 2381824 in stream 1 is out of range
[mp4 @ 0x91b010500] pts has no value
[mp4 @ 0x91b010500] Packet duration: -1024 / dts: 2383872 in stream 1 is out of range
[mp4 @ 0x91b010500] pts has no value
[mp4 @ 0x91b010500] Packet duration: -1024 / dts: 2385920 in stream 1 is out of range
[mp4 @ 0x91b010500] pts has no value
[mp4 @ 0x91b010500] Packet duration: -1024 / dts: 2386944 in stream 1 is out of range
[mp4 @ 0x91b010500] pts has no value
[mp4 @ 0x91b010500] Packet duration: -1024 / dts: 2388992 in stream 1 is out of range
[mp4 @ 0x91b010500] pts has no value
[mp4 @ 0x91b010500] Packet duration: -1024 / dts: 2390016 in stream 1 is out of range
[mp4 @ 0x91b010500] pts has no value
[mp4 @ 0x91b010500] Packet duration: -1024 / dts: 2392064 in stream 1 is out of range
[mp4 @ 0x91b010500] pts has no value
[mp4 @ 0x91b010500] Packet duration: -1024 / dts: 2393088 in stream 1 is out of range
[mp4 @ 0x91b010500] pts has no value
[mp4 @ 0x91b010500] Packet duration: -1024 / dts: 2395136 in stream 1 is out of range
[mp4 @ 0x91b010500] pts has no value
[mp4 @ 0x91b010500] Packet duration: -1024 / dts: 2397184 in stream 1 is out of range
[mp4 @ 0x91b010500] pts has no value
[mp4 @ 0x91b010500] Packet duration: -1024 / dts: 2398208 in stream 1 is out of range
[mp4 @ 0x91b010500] pts has no value
[mp4 @ 0x91b010500] Packet duration: -1024 / dts: 2400256 in stream 1 is out of range
[mp4 @ 0x91b010500] pts has no value
[mp4 @ 0x91b010500] Packet duration: -1024 / dts: 2401280 in stream 1 is out of range
[mp4 @ 0x91b010500] pts has no value
timestamp: 768328 segment: 50:0 priority: 127
[2m2026-08-26T07:57:18.148775Z[0m [32m INFO[0m [2mmoq_transport::session::subscribed[0m[2m:[0m [PUBLISHER] serve_subgroup: completed subgroup (group_id=50, subgroup_id=0, 47 objects sent)
[2m2026-08-26T07:57:18.149151Z[0m [32m INFO[0m [2mmoq_transport::session::subscribed[0m[2m:[0m [PUBLISHER] serve_subgroup: completed subgroup (group_id=49, subgroup_id=0, 30 objects sent)
timestamp: 2402304 segment: 51:0 priority: 127
[mp4 @ 0x91b010500] Packet duration: -1024 / dts: 2403328 in stream 1 is out of range
[mp4 @ 0x91b010500] pts has no value
[mp4 @ 0x91b010500] Packet duration: -1024 / dts: 2404352 in stream 1 is out of range
[mp4 @ 0x91b010500] pts has no value
[mp4 @ 0x91b010500] Packet duration: -1024 / dts: 2406400 in stream 1 is out of range
[mp4 @ 0x91b010500] pts has no value
[mp4 @ 0x91b010500] Packet duration: -1024 / dts: 2407424 in stream 1 is out of range
[mp4 @ 0x91b010500] pts has no value
[mp4 @ 0x91b010500] Packet duration: -1024 / dts: 2409472 in stream 1 is out of range
[mp4 @ 0x91b010500] pts has no value
[mp4 @ 0x91b010500] Packet duration: -1024 / dts: 2411520 in stream 1 is out of range
[mp4 @ 0x91b010500] pts has no value
[mp4 @ 0x91b010500] Packet duration: -1024 / dts: 2412544 in stream 1 is out of range
[mp4 @ 0x91b010500] pts has no value
[mp4 @ 0x91b010500] Packet duration: -1024 / dts: 2414592 in stream 1 is out of range
[mp4 @ 0x91b010500] pts has no value
[mp4 @ 0x91b010500] Packet duration: -1024 / dts: 2415616 in stream 1 is out of range
[mp4 @ 0x91b010500] pts has no value
[2m2026-08-26T07:57:18.478994Z[0m [32m INFO[0m [2mmoq_transport::session::subscribed[0m[2m:[0m [PUBLISHER] serve_subgroup: completed subgroup (group_id=0, subgroup_id=0, 1 objects sent)
[mp4 @ 0x91b010500] Packet duration: -1024 / dts: 2417664 in stream 1 is out of range
[mp4 @ 0x91b010500] pts has no value
[mp4 @ 0x91b010500] Packet duration: -1024 / dts: 2418688 in stream 1 is out of range
[mp4 @ 0x91b010500] pts has no value
[mp4 @ 0x91b010500] Packet duration: -1024 / dts: 2420736 in stream 1 is out of range
[mp4 @ 0x91b010500] pts has no value
[mp4 @ 0x91b010500] Packet duration: -1024 / dts: 2422784 in stream 1 is out of range
[mp4 @ 0x91b010500] pts has no value
[mp4 @ 0x91b010500] Packet duration: -1024 / dts: 2423808 in stream 1 is out of range
[mp4 @ 0x91b010500] pts has no value
[mp4 @ 0x91b010500] Packet duration: -1024 / dts: 2425856 in stream 1 is out of range
[mp4 @ 0x91b010500] pts has no value
[mp4 @ 0x91b010500] Packet duration: -1024 / dts: 2426880 in stream 1 is out of range
[mp4 @ 0x91b010500] pts has no value
[mp4 @ 0x91b010500] Packet duration: -1024 / dts: 2428928 in stream 1 is out of range
[mp4 @ 0x91b010500] pts has no value
[mp4 @ 0x91b010500] Packet duration: -1024 / dts: 2429952 in stream 1 is out of range
[mp4 @ 0x91b010500] pts has no value
[mp4 @ 0x91b010500] Packet duration: -1024 / dts: 2432000 in stream 1 is out of range
[mp4 @ 0x91b010500] pts has no value
[mp4 @ 0x91b010500] Packet duration: -1024 / dts: 2433024 in stream 1 is out of range
[mp4 @ 0x91b010500] pts has no value
[mp4 @ 0x91b010500] Packet duration: -1024 / dts: 2435072 in stream 1 is out of range
[mp4 @ 0x91b010500] pts has no value
[mp4 @ 0x91b010500] Packet duration: -1024 / dts: 2437120 in stream 1 is out of range
[mp4 @ 0x91b010500] pts has no value
[mp4 @ 0x91b010500] Packet duration: -1024 / dts: 2438144 in stream 1 is out of range
[mp4 @ 0x91b010500] pts has no value
[mp4 @ 0x91b010500] Packet duration: -1024 / dts: 2440192 in stream 1 is out of range
[mp4 @ 0x91b010500] pts has no value
[mp4 @ 0x91b010500] Packet duration: -1024 / dts: 2441216 in stream 1 is out of range
[mp4 @ 0x91b010500] pts has no value
[mp4 @ 0x91b010500] Packet duration: -1024 / dts: 2443264 in stream 1 is out of range
[mp4 @ 0x91b010500] pts has no value
[mp4 @ 0x91b010500] Packet duration: -1024 / dts: 2444288 in stream 1 is out of range
[mp4 @ 0x91b010500] pts has no value
[mp4 @ 0x91b010500] Packet duration: -1024 / dts: 2446336 in stream 1 is out of range
[mp4 @ 0x91b010500] pts has no value
[mp4 @ 0x91b010500] Packet duration: -1024 / dts: 2448384 in stream 1 is out of range
[mp4 @ 0x91b010500] pts has no value
[mp4 @ 0x91b010500] Packet duration: -1024 / dts: 2449408 in stream 1 is out of range
[mp4 @ 0x91b010500] pts has no value
timestamp: 783688 segment: 51:0 priority: 127
timestamp: 2450432 segment: 52:0 priority: 127
[2m2026-08-26T07:57:19.163645Z[0m [32m INFO[0m [2mmoq_transport::session::subscribed[0m[2m:[0m [PUBLISHER] serve_subgroup: completed subgroup (group_id=51, subgroup_id=0, 47 objects sent)
[2m2026-08-26T07:57:19.164069Z[0m [32m INFO[0m [2mmoq_transport::session::subscribed[0m[2m:[0m [PUBLISHER] serve_subgroup: completed subgroup (group_id=50, subgroup_id=0, 30 objects sent)
[mp4 @ 0x91b010500] Packet duration: -1024 / dts: 2451456 in stream 1 is out of range
[mp4 @ 0x91b010500] pts has no value
[mp4 @ 0x91b010500] Packet duration: -1024 / dts: 2452480 in stream 1 is out of range
[mp4 @ 0x91b010500] pts has no value
[mp4 @ 0x91b010500] Packet duration: -1024 / dts: 2454528 in stream 1 is out of range
[mp4 @ 0x91b010500] pts has no value
[mp4 @ 0x91b010500] Packet duration: -1024 / dts: 2455552 in stream 1 is out of range
[mp4 @ 0x91b010500] pts has no value
[mp4 @ 0x91b010500] Packet duration: -1024 / dts: 2457600 in stream 1 is out of range
[mp4 @ 0x91b010500] pts has no value
[mp4 @ 0x91b010500] Packet duration: -1024 / dts: 2458624 in stream 1 is out of range
[mp4 @ 0x91b010500] pts has no value
[mp4 @ 0x91b010500] Packet duration: -1024 / dts: 2460672 in stream 1 is out of range
[mp4 @ 0x91b010500] pts has no value
[mp4 @ 0x91b010500] Packet duration: -1024 / dts: 2462720 in stream 1 is out of range
[mp4 @ 0x91b010500] pts has no value
[mp4 @ 0x91b010500] Packet duration: -1024 / dts: 2463744 in stream 1 is out of range
[mp4 @ 0x91b010500] pts has no value
[mp4 @ 0x91b010500] Packet duration: -1024 / dts: 2465792 in stream 1 is out of range
[mp4 @ 0x91b010500] pts has no value
[mp4 @ 0x91b010500] Packet duration: -1024 / dts: 2466816 in stream 1 is out of range
[mp4 @ 0x91b010500] pts has no value
[mp4 @ 0x91b010500] Packet duration: -1024 / dts: 2468864 in stream 1 is out of range
[mp4 @ 0x91b010500] pts has no value
[mp4 @ 0x91b010500] Packet duration: -1024 / dts: 2469888 in stream 1 is out of range
[mp4 @ 0x91b010500] pts has no value
[mp4 @ 0x91b010500] Packet duration: -1024 / dts: 2471936 in stream 1 is out of range
[mp4 @ 0x91b010500] pts has no value
[mp4 @ 0x91b010500] Packet duration: -1024 / dts: 2473984 in stream 1 is out of range
[mp4 @ 0x91b010500] pts has no value
[mp4 @ 0x91b010500] Packet duration: -1024 / dts: 2475008 in stream 1 is out of range
[mp4 @ 0x91b010500] pts has no value
[mp4 @ 0x91b010500] Packet duration: -1024 / dts: 2477056 in stream 1 is out of range
[mp4 @ 0x91b010500] pts has no value
[mp4 @ 0x91b010500] Packet duration: -1024 / dts: 2478080 in stream 1 is out of range
[mp4 @ 0x91b010500] pts has no value
[mp4 @ 0x91b010500] Packet duration: -1024 / dts: 2480128 in stream 1 is out of range
[mp4 @ 0x91b010500] pts has no value
[mp4 @ 0x91b010500] Packet duration: -1024 / dts: 2481152 in stream 1 is out of range
[mp4 @ 0x91b010500] pts has no value
[mp4 @ 0x91b010500] Packet duration: -1024 / dts: 2483200 in stream 1 is out of range
[mp4 @ 0x91b010500] pts has no value
[mp4 @ 0x91b010500] Packet duration: -1024 / dts: 2484224 in stream 1 is out of range
[mp4 @ 0x91b010500] pts has no value
[mp4 @ 0x91b010500] Packet duration: -1024 / dts: 2486272 in stream 1 is out of range
[mp4 @ 0x91b010500] pts has no value
[mp4 @ 0x91b010500] Packet duration: -1024 / dts: 2488320 in stream 1 is out of range
[mp4 @ 0x91b010500] pts has no value
[mp4 @ 0x91b010500] Packet duration: -1024 / dts: 2489344 in stream 1 is out of range
[mp4 @ 0x91b010500] pts has no value
[mp4 @ 0x91b010500] Packet duration: -1024 / dts: 2491392 in stream 1 is out of range
[mp4 @ 0x91b010500] pts has no value
[mp4 @ 0x91b010500] Packet duration: -1024 / dts: 2492416 in stream 1 is out of range
[mp4 @ 0x91b010500] pts has no value
[mp4 @ 0x91b010500] Packet duration: -1024 / dts: 2494464 in stream 1 is out of range
[mp4 @ 0x91b010500] pts has no value
[mp4 @ 0x91b010500] Packet duration: -1024 / dts: 2495488 in stream 1 is out of range
[mp4 @ 0x91b010500] pts has no value
[mp4 @ 0x91b010500] Packet duration: -1024 / dts: 2497536 in stream 1 is out of range
[mp4 @ 0x91b010500] pts has no value
timestamp: 799048 segment: 52:0 priority: 127
[2m2026-08-26T07:57:20.166816Z[0m [32m INFO[0m [2mmoq_transport::session::subscribed[0m[2m:[0m [PUBLISHER] serve_subgroup: completed subgroup (group_id=52, subgroup_id=0, 47 objects sent)
[2m2026-08-26T07:57:20.166955Z[0m [32m INFO[0m [2mmoq_transport::session::subscribed[0m[2m:[0m [PUBLISHER] serve_subgroup: completed subgroup (group_id=51, subgroup_id=0, 30 objects sent)
timestamp: 2498560 segment: 53:0 priority: 127
[mp4 @ 0x91b010500] Packet duration: -1024 / dts: 2499584 in stream 1 is out of range
[mp4 @ 0x91b010500] pts has no value
[mp4 @ 0x91b010500] Packet duration: -1024 / dts: 2500608 in stream 1 is out of range
[mp4 @ 0x91b010500] pts has no value
[mp4 @ 0x91b010500] Packet duration: -1024 / dts: 2502656 in stream 1 is out of range
[mp4 @ 0x91b010500] pts has no value
[mp4 @ 0x91b010500] Packet duration: -1024 / dts: 2503680 in stream 1 is out of range
[mp4 @ 0x91b010500] pts has no value
[mp4 @ 0x91b010500] Packet duration: -1024 / dts: 2505728 in stream 1 is out of range
[mp4 @ 0x91b010500] pts has no value
[mp4 @ 0x91b010500] Packet duration: -1024 / dts: 2506752 in stream 1 is out of range
[mp4 @ 0x91b010500] pts has no value
[mp4 @ 0x91b010500] Packet duration: -1024 / dts: 2508800 in stream 1 is out of range
[mp4 @ 0x91b010500] pts has no value
[mp4 @ 0x91b010500] Packet duration: -1024 / dts: 2509824 in stream 1 is out of range
[mp4 @ 0x91b010500] pts has no value
[mp4 @ 0x91b010500] Packet duration: -1024 / dts: 2511872 in stream 1 is out of range
[mp4 @ 0x91b010500] pts has no value
[mp4 @ 0x91b010500] Packet duration: -1024 / dts: 2513920 in stream 1 is out of range
[mp4 @ 0x91b010500] pts has no value
[mp4 @ 0x91b010500] Packet duration: -1024 / dts: 2514944 in stream 1 is out of range
[mp4 @ 0x91b010500] pts has no value
[mp4 @ 0x91b010500] Packet duration: -1024 / dts: 2516992 in stream 1 is out of range
[mp4 @ 0x91b010500] pts has no value
[mp4 @ 0x91b010500] Packet duration: -1024 / dts: 2518016 in stream 1 is out of range
[mp4 @ 0x91b010500] pts has no value
[mp4 @ 0x91b010500] Packet duration: -1024 / dts: 2520064 in stream 1 is out of range
[mp4 @ 0x91b010500] pts has no value
[mp4 @ 0x91b010500] Packet duration: -1024 / dts: 2521088 in stream 1 is out of range
[mp4 @ 0x91b010500] pts has no value
[mp4 @ 0x91b010500] Packet duration: -1024 / dts: 2523136 in stream 1 is out of range
[mp4 @ 0x91b010500] pts has no value
[mp4 @ 0x91b010500] Packet duration: -1024 / dts: 2525184 in stream 1 is out of range
[mp4 @ 0x91b010500] pts has no value
[mp4 @ 0x91b010500] Packet duration: -1024 / dts: 2526208 in stream 1 is out of range
[mp4 @ 0x91b010500] pts has no value
[mp4 @ 0x91b010500] Packet duration: -1024 / dts: 2528256 in stream 1 is out of range
[mp4 @ 0x91b010500] pts has no value
[mp4 @ 0x91b010500] Packet duration: -1024 / dts: 2529280 in stream 1 is out of range
[mp4 @ 0x91b010500] pts has no value
[mp4 @ 0x91b010500] Packet duration: -1024 / dts: 2531328 in stream 1 is out of range
[mp4 @ 0x91b010500] pts has no value
[mp4 @ 0x91b010500] Packet duration: -1024 / dts: 2532352 in stream 1 is out of range
[mp4 @ 0x91b010500] pts has no value
[mp4 @ 0x91b010500] Packet duration: -1024 / dts: 2534400 in stream 1 is out of range
[mp4 @ 0x91b010500] pts has no value
[mp4 @ 0x91b010500] Packet duration: -1024 / dts: 2535424 in stream 1 is out of range
[mp4 @ 0x91b010500] pts has no value
[mp4 @ 0x91b010500] Packet duration: -1024 / dts: 2537472 in stream 1 is out of range
[mp4 @ 0x91b010500] pts has no value
[mp4 @ 0x91b010500] Packet duration: -1024 / dts: 2539520 in stream 1 is out of range
[mp4 @ 0x91b010500] pts has no value
[mp4 @ 0x91b010500] Packet duration: -1024 / dts: 2540544 in stream 1 is out of range
[mp4 @ 0x91b010500] pts has no value
[mp4 @ 0x91b010500] Packet duration: -1024 / dts: 2542592 in stream 1 is out of range
[mp4 @ 0x91b010500] pts has no value
[mp4 @ 0x91b010500] Packet duration: -1024 / dts: 2543616 in stream 1 is out of range
[mp4 @ 0x91b010500] pts has no value
[mp4 @ 0x91b010500] Packet duration: -1024 / dts: 2545664 in stream 1 is out of range
[mp4 @ 0x91b010500] pts has no value
timestamp: 814408 segment: 53:0 priority: 127
[2m2026-08-26T07:57:21.171325Z[0m [32m INFO[0m [2mmoq_transport::session::subscribed[0m[2m:[0m [PUBLISHER] serve_subgroup: completed subgroup (group_id=53, subgroup_id=0, 47 objects sent)
[2m2026-08-26T07:57:21.171561Z[0m [32m INFO[0m [2mmoq_transport::session::subscribed[0m[2m:[0m [PUBLISHER] serve_subgroup: completed subgroup (group_id=52, subgroup_id=0, 30 objects sent)
timestamp: 2546688 segment: 54:0 priority: 127
[mp4 @ 0x91b010500] Packet duration: -1024 / dts: 2546688 in stream 1 is out of range
[mp4 @ 0x91b010500] pts has no value
[mp4 @ 0x91b010500] Packet duration: -1024 / dts: 2548736 in stream 1 is out of range
[mp4 @ 0x91b010500] pts has no value
[mp4 @ 0x91b010500] Packet duration: -1024 / dts: 2550784 in stream 1 is out of range
[mp4 @ 0x91b010500] pts has no value
[mp4 @ 0x91b010500] Packet duration: -1024 / dts: 2551808 in stream 1 is out of range
[mp4 @ 0x91b010500] pts has no value
[mp4 @ 0x91b010500] Packet duration: -1024 / dts: 2553856 in stream 1 is out of range
[mp4 @ 0x91b010500] pts has no value
[mp4 @ 0x91b010500] Packet duration: -1024 / dts: 2554880 in stream 1 is out of range
[mp4 @ 0x91b010500] pts has no value
[mp4 @ 0x91b010500] Packet duration: -1024 / dts: 2556928 in stream 1 is out of range
[mp4 @ 0x91b010500] pts has no value
[mp4 @ 0x91b010500] Packet duration: -1024 / dts: 2557952 in stream 1 is out of range
[mp4 @ 0x91b010500] pts has no value
[mp4 @ 0x91b010500] Packet duration: -1024 / dts: 2560000 in stream 1 is out of range
[mp4 @ 0x91b010500] pts has no value
[mp4 @ 0x91b010500] Packet duration: -1024 / dts: 2561024 in stream 1 is out of range
[mp4 @ 0x91b010500] pts has no value
[mp4 @ 0x91b010500] Packet duration: -1024 / dts: 2563072 in stream 1 is out of range
[mp4 @ 0x91b010500] pts has no value
[mp4 @ 0x91b010500] Packet duration: -1024 / dts: 2565120 in stream 1 is out of range
[mp4 @ 0x91b010500] pts has no value
[mp4 @ 0x91b010500] Packet duration: -1024 / dts: 2566144 in stream 1 is out of range
[mp4 @ 0x91b010500] pts has no value
[mp4 @ 0x91b010500] Packet duration: -1024 / dts: 2568192 in stream 1 is out of range
[mp4 @ 0x91b010500] pts has no value
[mp4 @ 0x91b010500] Packet duration: -1024 / dts: 2569216 in stream 1 is out of range
[mp4 @ 0x91b010500] pts has no value
[mp4 @ 0x91b010500] Packet duration: -1024 / dts: 2571264 in stream 1 is out of range
[mp4 @ 0x91b010500] pts has no value
[mp4 @ 0x91b010500] Packet duration: -1024 / dts: 2572288 in stream 1 is out of range
[mp4 @ 0x91b010500] pts has no value
[mp4 @ 0x91b010500] Packet duration: -1024 / dts: 2574336 in stream 1 is out of range
[mp4 @ 0x91b010500] pts has no value
[mp4 @ 0x91b010500] Packet duration: -1024 / dts: 2576384 in stream 1 is out of range
[mp4 @ 0x91b010500] pts has no value
[mp4 @ 0x91b010500] Packet duration: -1024 / dts: 2577408 in stream 1 is out of range
[mp4 @ 0x91b010500] pts has no value
[mp4 @ 0x91b010500] Packet duration: -1024 / dts: 2579456 in stream 1 is out of range
[mp4 @ 0x91b010500] pts has no value
[mp4 @ 0x91b010500] Packet duration: -1024 / dts: 2580480 in stream 1 is out of range
[mp4 @ 0x91b010500] pts has no value
[mp4 @ 0x91b010500] Packet duration: -1024 / dts: 2582528 in stream 1 is out of range
[mp4 @ 0x91b010500] pts has no value
[mp4 @ 0x91b010500] Packet duration: -1024 / dts: 2583552 in stream 1 is out of range
[mp4 @ 0x91b010500] pts has no value
[mp4 @ 0x91b010500] Packet duration: -1024 / dts: 2585600 in stream 1 is out of range
[mp4 @ 0x91b010500] pts has no value
[mp4 @ 0x91b010500] Packet duration: -1024 / dts: 2586624 in stream 1 is out of range
[mp4 @ 0x91b010500] pts has no value
[mp4 @ 0x91b010500] Packet duration: -1024 / dts: 2588672 in stream 1 is out of range
[mp4 @ 0x91b010500] pts has no value
[mp4 @ 0x91b010500] Packet duration: -1024 / dts: 2590720 in stream 1 is out of range
[mp4 @ 0x91b010500] pts has no value
[mp4 @ 0x91b010500] Packet duration: -1024 / dts: 2591744 in stream 1 is out of range
[mp4 @ 0x91b010500] pts has no value
[mp4 @ 0x91b010500] Packet duration: -1024 / dts: 2593792 in stream 1 is out of range
[mp4 @ 0x91b010500] pts has no value
timestamp: 829768 segment: 54:0 priority: 127
timestamp: 2594816 segment: 55:0 priority: 127
[2m2026-08-26T07:57:22.180034Z[0m [32m INFO[0m [2mmoq_transport::session::subscribed[0m[2m:[0m [PUBLISHER] serve_subgroup: completed subgroup (group_id=54, subgroup_id=0, 47 objects sent)
[2m2026-08-26T07:57:22.180960Z[0m [32m INFO[0m [2mmoq_transport::session::subscribed[0m[2m:[0m [PUBLISHER] serve_subgroup: completed subgroup (group_id=53, subgroup_id=0, 30 objects sent)
[mp4 @ 0x91b010500] Packet duration: -1024 / dts: 2594816 in stream 1 is out of range
[mp4 @ 0x91b010500] pts has no value
[mp4 @ 0x91b010500] Packet duration: -1024 / dts: 2596864 in stream 1 is out of range
[mp4 @ 0x91b010500] pts has no value
[mp4 @ 0x91b010500] Packet duration: -1024 / dts: 2597888 in stream 1 is out of range
[mp4 @ 0x91b010500] pts has no value
[mp4 @ 0x91b010500] Packet duration: -1024 / dts: 2599936 in stream 1 is out of range
[mp4 @ 0x91b010500] pts has no value
[mp4 @ 0x91b010500] Packet duration: -1024 / dts: 2601984 in stream 1 is out of range
[mp4 @ 0x91b010500] pts has no value
[mp4 @ 0x91b010500] Packet duration: -1024 / dts: 2603008 in stream 1 is out of range
[mp4 @ 0x91b010500] pts has no value
[mp4 @ 0x91b010500] Packet duration: -1024 / dts: 2605056 in stream 1 is out of range
[mp4 @ 0x91b010500] pts has no value
[mp4 @ 0x91b010500] Packet duration: -1024 / dts: 2606080 in stream 1 is out of range
[mp4 @ 0x91b010500] pts has no value
[mp4 @ 0x91b010500] Packet duration: -1024 / dts: 2608128 in stream 1 is out of range
[mp4 @ 0x91b010500] pts has no value
[mp4 @ 0x91b010500] Packet duration: -1024 / dts: 2609152 in stream 1 is out of range
[mp4 @ 0x91b010500] pts has no value
[mp4 @ 0x91b010500] Packet duration: -1024 / dts: 2611200 in stream 1 is out of range
[mp4 @ 0x91b010500] pts has no value
[mp4 @ 0x91b010500] Packet duration: -1024 / dts: 2612224 in stream 1 is out of range
[mp4 @ 0x91b010500] pts has no value
[mp4 @ 0x91b010500] Packet duration: -1024 / dts: 2614272 in stream 1 is out of range
[mp4 @ 0x91b010500] pts has no value
[mp4 @ 0x91b010500] Packet duration: -1024 / dts: 2616320 in stream 1 is out of range
[mp4 @ 0x91b010500] pts has no value
[mp4 @ 0x91b010500] Packet duration: -1024 / dts: 2617344 in stream 1 is out of range
[mp4 @ 0x91b010500] pts has no value
[mp4 @ 0x91b010500] Packet duration: -1024 / dts: 2619392 in stream 1 is out of range
[mp4 @ 0x91b010500] pts has no value
[mp4 @ 0x91b010500] Packet duration: -1024 / dts: 2620416 in stream 1 is out of range
[mp4 @ 0x91b010500] pts has no value
[mp4 @ 0x91b010500] Packet duration: -1024 / dts: 2622464 in stream 1 is out of range
[mp4 @ 0x91b010500] pts has no value
[mp4 @ 0x91b010500] Packet duration: -1024 / dts: 2623488 in stream 1 is out of range
[mp4 @ 0x91b010500] pts has no value
[mp4 @ 0x91b010500] Packet duration: -1024 / dts: 2625536 in stream 1 is out of range
[mp4 @ 0x91b010500] pts has no value
[mp4 @ 0x91b010500] Packet duration: -1024 / dts: 2627584 in stream 1 is out of range
[mp4 @ 0x91b010500] pts has no value
[mp4 @ 0x91b010500] Packet duration: -1024 / dts: 2628608 in stream 1 is out of range
[mp4 @ 0x91b010500] pts has no value
[mp4 @ 0x91b010500] Packet duration: -1024 / dts: 2630656 in stream 1 is out of range
[mp4 @ 0x91b010500] pts has no value
[mp4 @ 0x91b010500] Packet duration: -1024 / dts: 2631680 in stream 1 is out of range
[mp4 @ 0x91b010500] pts has no value
[mp4 @ 0x91b010500] Packet duration: -1024 / dts: 2633728 in stream 1 is out of range
[mp4 @ 0x91b010500] pts has no value
[mp4 @ 0x91b010500] Packet duration: -1024 / dts: 2634752 in stream 1 is out of range
[mp4 @ 0x91b010500] pts has no value
[mp4 @ 0x91b010500] Packet duration: -1024 / dts: 2636800 in stream 1 is out of range
[mp4 @ 0x91b010500] pts has no value
[mp4 @ 0x91b010500] Packet duration: -1024 / dts: 2637824 in stream 1 is out of range
[mp4 @ 0x91b010500] pts has no value
[mp4 @ 0x91b010500] Packet duration: -1024 / dts: 2639872 in stream 1 is out of range
[mp4 @ 0x91b010500] pts has no value
[mp4 @ 0x91b010500] Packet duration: -1024 / dts: 2641920 in stream 1 is out of range
[mp4 @ 0x91b010500] pts has no value
timestamp: 845128 segment: 55:0 priority: 127
[2m2026-08-26T07:57:23.183176Z[0m [32m INFO[0m [2mmoq_transport::session::subscribed[0m[2m:[0m [PUBLISHER] serve_subgroup: completed subgroup (group_id=55, subgroup_id=0, 47 objects sent)
[2m2026-08-26T07:57:23.183222Z[0m [32m INFO[0m [2mmoq_transport::session::subscribed[0m[2m:[0m [PUBLISHER] serve_subgroup: completed subgroup (group_id=54, subgroup_id=0, 30 objects sent)
timestamp: 2642944 segment: 56:0 priority: 127
[mp4 @ 0x91b010500] Packet duration: -1024 / dts: 2642944 in stream 1 is out of range
[mp4 @ 0x91b010500] pts has no value
[mp4 @ 0x91b010500] Packet duration: -1024 / dts: 2644992 in stream 1 is out of range
[mp4 @ 0x91b010500] pts has no value
[mp4 @ 0x91b010500] Packet duration: -1024 / dts: 2646016 in stream 1 is out of range
[mp4 @ 0x91b010500] pts has no value
[mp4 @ 0x91b010500] Packet duration: -1024 / dts: 2648064 in stream 1 is out of range
[mp4 @ 0x91b010500] pts has no value
[mp4 @ 0x91b010500] Packet duration: -1024 / dts: 2649088 in stream 1 is out of range
[mp4 @ 0x91b010500] pts has no value
[mp4 @ 0x91b010500] Packet duration: -1024 / dts: 2651136 in stream 1 is out of range
[mp4 @ 0x91b010500] pts has no value
[mp4 @ 0x91b010500] Packet duration: -1024 / dts: 2653184 in stream 1 is out of range
[mp4 @ 0x91b010500] pts has no value
[mp4 @ 0x91b010500] Packet duration: -1024 / dts: 2654208 in stream 1 is out of range
[mp4 @ 0x91b010500] pts has no value
[mp4 @ 0x91b010500] Packet duration: -1024 / dts: 2656256 in stream 1 is out of range
[mp4 @ 0x91b010500] pts has no value
[mp4 @ 0x91b010500] Packet duration: -1024 / dts: 2657280 in stream 1 is out of range
[mp4 @ 0x91b010500] pts has no value
[mp4 @ 0x91b010500] Packet duration: -1024 / dts: 2659328 in stream 1 is out of range
[mp4 @ 0x91b010500] pts has no value
[mp4 @ 0x91b010500] Packet duration: -1024 / dts: 2660352 in stream 1 is out of range
[mp4 @ 0x91b010500] pts has no value
[mp4 @ 0x91b010500] Packet duration: -1024 / dts: 2662400 in stream 1 is out of range
[mp4 @ 0x91b010500] pts has no value
[mp4 @ 0x91b010500] Packet duration: -1024 / dts: 2663424 in stream 1 is out of range
[mp4 @ 0x91b010500] pts has no value
[mp4 @ 0x91b010500] Packet duration: -1024 / dts: 2665472 in stream 1 is out of range
[mp4 @ 0x91b010500] pts has no value
[mp4 @ 0x91b010500] Packet duration: -1024 / dts: 2667520 in stream 1 is out of range
[mp4 @ 0x91b010500] pts has no value
[mp4 @ 0x91b010500] Packet duration: -1024 / dts: 2668544 in stream 1 is out of range
[mp4 @ 0x91b010500] pts has no value
[mp4 @ 0x91b010500] Packet duration: -1024 / dts: 2670592 in stream 1 is out of range
[mp4 @ 0x91b010500] pts has no value
[mp4 @ 0x91b010500] Packet duration: -1024 / dts: 2671616 in stream 1 is out of range
[mp4 @ 0x91b010500] pts has no value
[mp4 @ 0x91b010500] Packet duration: -1024 / dts: 2673664 in stream 1 is out of range
[mp4 @ 0x91b010500] pts has no value
[mp4 @ 0x91b010500] Packet duration: -1024 / dts: 2674688 in stream 1 is out of range
[mp4 @ 0x91b010500] pts has no value
[mp4 @ 0x91b010500] Packet duration: -1024 / dts: 2676736 in stream 1 is out of range
[mp4 @ 0x91b010500] pts has no value
[mp4 @ 0x91b010500] Packet duration: -1024 / dts: 2678784 in stream 1 is out of range
[mp4 @ 0x91b010500] pts has no value
[mp4 @ 0x91b010500] Packet duration: -1024 / dts: 2679808 in stream 1 is out of range
[mp4 @ 0x91b010500] pts has no value
[mp4 @ 0x91b010500] Packet duration: -1024 / dts: 2681856 in stream 1 is out of range
[mp4 @ 0x91b010500] pts has no value
[mp4 @ 0x91b010500] Packet duration: -1024 / dts: 2682880 in stream 1 is out of range
[mp4 @ 0x91b010500] pts has no value
[mp4 @ 0x91b010500] Packet duration: -1024 / dts: 2684928 in stream 1 is out of range
[mp4 @ 0x91b010500] pts has no value
[mp4 @ 0x91b010500] Packet duration: -1024 / dts: 2685952 in stream 1 is out of range
[mp4 @ 0x91b010500] pts has no value
[mp4 @ 0x91b010500] Packet duration: -1024 / dts: 2688000 in stream 1 is out of range
[mp4 @ 0x91b010500] pts has no value
[mp4 @ 0x91b010500] Packet duration: -1024 / dts: 2689024 in stream 1 is out of range
[mp4 @ 0x91b010500] pts has no value
timestamp: 860488 segment: 56:0 priority: 127
[2m2026-08-26T07:57:24.185162Z[0m [32m INFO[0m [2mmoq_transport::session::subscribed[0m[2m:[0m [PUBLISHER] serve_subgroup: completed subgroup (group_id=56, subgroup_id=0, 46 objects sent)
[2m2026-08-26T07:57:24.185298Z[0m [32m INFO[0m [2mmoq_transport::session::subscribed[0m[2m:[0m [PUBLISHER] serve_subgroup: completed subgroup (group_id=55, subgroup_id=0, 30 objects sent)
timestamp: 2690048 segment: 57:0 priority: 127
[mp4 @ 0x91b010500] Packet duration: -1024 / dts: 2691072 in stream 1 is out of range
[mp4 @ 0x91b010500] pts has no value
[mp4 @ 0x91b010500] Packet duration: -1024 / dts: 2693120 in stream 1 is out of range
[mp4 @ 0x91b010500] pts has no value
[mp4 @ 0x91b010500] Packet duration: -1024 / dts: 2694144 in stream 1 is out of range
[mp4 @ 0x91b010500] pts has no value
[mp4 @ 0x91b010500] Packet duration: -1024 / dts: 2696192 in stream 1 is out of range
[mp4 @ 0x91b010500] pts has no value
[mp4 @ 0x91b010500] Packet duration: -1024 / dts: 2697216 in stream 1 is out of range
[mp4 @ 0x91b010500] pts has no value
[mp4 @ 0x91b010500] Packet duration: -1024 / dts: 2699264 in stream 1 is out of range
[mp4 @ 0x91b010500] pts has no value
[mp4 @ 0x91b010500] Packet duration: -1024 / dts: 2700288 in stream 1 is out of range
[mp4 @ 0x91b010500] pts has no value
[mp4 @ 0x91b010500] Packet duration: -1024 / dts: 2702336 in stream 1 is out of range
[mp4 @ 0x91b010500] pts has no value
[mp4 @ 0x91b010500] Packet duration: -1024 / dts: 2704384 in stream 1 is out of range
[mp4 @ 0x91b010500] pts has no value
[mp4 @ 0x91b010500] Packet duration: -1024 / dts: 2705408 in stream 1 is out of range
[mp4 @ 0x91b010500] pts has no value
[mp4 @ 0x91b010500] Packet duration: -1024 / dts: 2707456 in stream 1 is out of range
[mp4 @ 0x91b010500] pts has no value
[mp4 @ 0x91b010500] Packet duration: -1024 / dts: 2708480 in stream 1 is out of range
[mp4 @ 0x91b010500] pts has no value
[mp4 @ 0x91b010500] Packet duration: -1024 / dts: 2710528 in stream 1 is out of range
[mp4 @ 0x91b010500] pts has no value
[mp4 @ 0x91b010500] Packet duration: -1024 / dts: 2711552 in stream 1 is out of range
[mp4 @ 0x91b010500] pts has no value
[mp4 @ 0x91b010500] Packet duration: -1024 / dts: 2713600 in stream 1 is out of range
[mp4 @ 0x91b010500] pts has no value
[mp4 @ 0x91b010500] Packet duration: -1024 / dts: 2714624 in stream 1 is out of range
[mp4 @ 0x91b010500] pts has no value
[mp4 @ 0x91b010500] Packet duration: -1024 / dts: 2716672 in stream 1 is out of range
[mp4 @ 0x91b010500] pts has no value
[mp4 @ 0x91b010500] Packet duration: -1024 / dts: 2718720 in stream 1 is out of range
[mp4 @ 0x91b010500] pts has no value
[mp4 @ 0x91b010500] Packet duration: -1024 / dts: 2719744 in stream 1 is out of range
[mp4 @ 0x91b010500] pts has no value
[mp4 @ 0x91b010500] Packet duration: -1024 / dts: 2721792 in stream 1 is out of range
[mp4 @ 0x91b010500] pts has no value
[mp4 @ 0x91b010500] Packet duration: -1024 / dts: 2722816 in stream 1 is out of range
[mp4 @ 0x91b010500] pts has no value
[mp4 @ 0x91b010500] Packet duration: -1024 / dts: 2724864 in stream 1 is out of range
[mp4 @ 0x91b010500] pts has no value
[mp4 @ 0x91b010500] Packet duration: -1024 / dts: 2725888 in stream 1 is out of range
[mp4 @ 0x91b010500] pts has no value
[mp4 @ 0x91b010500] Packet duration: -1024 / dts: 2727936 in stream 1 is out of range
[mp4 @ 0x91b010500] pts has no value
[mp4 @ 0x91b010500] Packet duration: -1024 / dts: 2729984 in stream 1 is out of range
[mp4 @ 0x91b010500] pts has no value
[mp4 @ 0x91b010500] Packet duration: -1024 / dts: 2731008 in stream 1 is out of range
[mp4 @ 0x91b010500] pts has no value
[mp4 @ 0x91b010500] Packet duration: -1024 / dts: 2733056 in stream 1 is out of range
[mp4 @ 0x91b010500] pts has no value
[mp4 @ 0x91b010500] Packet duration: -1024 / dts: 2734080 in stream 1 is out of range
[mp4 @ 0x91b010500] pts has no value
[mp4 @ 0x91b010500] Packet duration: -1024 / dts: 2736128 in stream 1 is out of range
[mp4 @ 0x91b010500] pts has no value
[mp4 @ 0x91b010500] Packet duration: -1024 / dts: 2737152 in stream 1 is out of range
[mp4 @ 0x91b010500] pts has no value
timestamp: 875848 segment: 57:0 priority: 127
[2m2026-08-26T07:57:25.190081Z[0m [32m INFO[0m [2mmoq_transport::session::subscribed[0m[2m:[0m [PUBLISHER] serve_subgroup: completed subgroup (group_id=57, subgroup_id=0, 47 objects sent)
[2m2026-08-26T07:57:25.190125Z[0m [32m INFO[0m [2mmoq_transport::session::subscribed[0m[2m:[0m [PUBLISHER] serve_subgroup: completed subgroup (group_id=56, subgroup_id=0, 30 objects sent)
timestamp: 2738176 segment: 58:0 priority: 127
[mp4 @ 0x91b010500] Packet duration: -1024 / dts: 2739200 in stream 1 is out of range
[mp4 @ 0x91b010500] pts has no value
[mp4 @ 0x91b010500] Packet duration: -1024 / dts: 2740224 in stream 1 is out of range
[mp4 @ 0x91b010500] pts has no value
[mp4 @ 0x91b010500] Packet duration: -1024 / dts: 2742272 in stream 1 is out of range
[mp4 @ 0x91b010500] pts has no value
[mp4 @ 0x91b010500] Packet duration: -1024 / dts: 2744320 in stream 1 is out of range
[mp4 @ 0x91b010500] pts has no value
[mp4 @ 0x91b010500] Packet duration: -1024 / dts: 2745344 in stream 1 is out of range
[mp4 @ 0x91b010500] pts has no value
[mp4 @ 0x91b010500] Packet duration: -1024 / dts: 2747392 in stream 1 is out of range
[mp4 @ 0x91b010500] pts has no value
[mp4 @ 0x91b010500] Packet duration: -1024 / dts: 2748416 in stream 1 is out of range
[mp4 @ 0x91b010500] pts has no value
[mp4 @ 0x91b010500] Packet duration: -1024 / dts: 2750464 in stream 1 is out of range
[mp4 @ 0x91b010500] pts has no value
[mp4 @ 0x91b010500] Packet duration: -1024 / dts: 2751488 in stream 1 is out of range
[mp4 @ 0x91b010500] pts has no value
[mp4 @ 0x91b010500] Packet duration: -1024 / dts: 2753536 in stream 1 is out of range
[mp4 @ 0x91b010500] pts has no value
[mp4 @ 0x91b010500] Packet duration: -1024 / dts: 2755584 in stream 1 is out of range
[mp4 @ 0x91b010500] pts has no value
[mp4 @ 0x91b010500] Packet duration: -1024 / dts: 2756608 in stream 1 is out of range
[mp4 @ 0x91b010500] pts has no value
[mp4 @ 0x91b010500] Packet duration: -1024 / dts: 2758656 in stream 1 is out of range
[mp4 @ 0x91b010500] pts has no value
[mp4 @ 0x91b010500] Packet duration: -1024 / dts: 2759680 in stream 1 is out of range
[mp4 @ 0x91b010500] pts has no value
[mp4 @ 0x91b010500] Packet duration: -1024 / dts: 2761728 in stream 1 is out of range
[mp4 @ 0x91b010500] pts has no value
[mp4 @ 0x91b010500] Packet duration: -1024 / dts: 2762752 in stream 1 is out of range
[mp4 @ 0x91b010500] pts has no value
[mp4 @ 0x91b010500] Packet duration: -1024 / dts: 2764800 in stream 1 is out of range
[mp4 @ 0x91b010500] pts has no value
[mp4 @ 0x91b010500] Packet duration: -1024 / dts: 2765824 in stream 1 is out of range
[mp4 @ 0x91b010500] pts has no value
[mp4 @ 0x91b010500] Packet duration: -1024 / dts: 2767872 in stream 1 is out of range
[mp4 @ 0x91b010500] pts has no value
[mp4 @ 0x91b010500] Packet duration: -1024 / dts: 2769920 in stream 1 is out of range
[mp4 @ 0x91b010500] pts has no value
[mp4 @ 0x91b010500] Packet duration: -1024 / dts: 2770944 in stream 1 is out of range
[mp4 @ 0x91b010500] pts has no value
[mp4 @ 0x91b010500] Packet duration: -1024 / dts: 2772992 in stream 1 is out of range
[mp4 @ 0x91b010500] pts has no value
[mp4 @ 0x91b010500] Packet duration: -1024 / dts: 2774016 in stream 1 is out of range
[mp4 @ 0x91b010500] pts has no value
[mp4 @ 0x91b010500] Packet duration: -1024 / dts: 2776064 in stream 1 is out of range
[mp4 @ 0x91b010500] pts has no value
[mp4 @ 0x91b010500] Packet duration: -1024 / dts: 2777088 in stream 1 is out of range
[mp4 @ 0x91b010500] pts has no value
[mp4 @ 0x91b010500] Packet duration: -1024 / dts: 2779136 in stream 1 is out of range
[mp4 @ 0x91b010500] pts has no value
[mp4 @ 0x91b010500] Packet duration: -1024 / dts: 2781184 in stream 1 is out of range
[mp4 @ 0x91b010500] pts has no value
[mp4 @ 0x91b010500] Packet duration: -1024 / dts: 2782208 in stream 1 is out of range
[mp4 @ 0x91b010500] pts has no value
[mp4 @ 0x91b010500] Packet duration: -1024 / dts: 2784256 in stream 1 is out of range
[mp4 @ 0x91b010500] pts has no value
[mp4 @ 0x91b010500] Packet duration: -1024 / dts: 2785280 in stream 1 is out of range
[mp4 @ 0x91b010500] pts has no value
timestamp: 891208 segment: 58:0 priority: 127
[2m2026-08-26T07:57:26.187782Z[0m [32m INFO[0m [2mmoq_transport::session::subscribed[0m[2m:[0m [PUBLISHER] serve_subgroup: completed subgroup (group_id=58, subgroup_id=0, 47 objects sent)
[2m2026-08-26T07:57:26.187931Z[0m [32m INFO[0m [2mmoq_transport::session::subscribed[0m[2m:[0m [PUBLISHER] serve_subgroup: completed subgroup (group_id=57, subgroup_id=0, 30 objects sent)
timestamp: 2786304 segment: 59:0 priority: 127
[mp4 @ 0x91b010500] Packet duration: -1024 / dts: 2787328 in stream 1 is out of range
[mp4 @ 0x91b010500] pts has no value
[mp4 @ 0x91b010500] Packet duration: -1024 / dts: 2788352 in stream 1 is out of range
[mp4 @ 0x91b010500] pts has no value
[mp4 @ 0x91b010500] Packet duration: -1024 / dts: 2790400 in stream 1 is out of range
[mp4 @ 0x91b010500] pts has no value
[mp4 @ 0x91b010500] Packet duration: -1024 / dts: 2791424 in stream 1 is out of range
[mp4 @ 0x91b010500] pts has no value
[mp4 @ 0x91b010500] Packet duration: -1024 / dts: 2793472 in stream 1 is out of range
[mp4 @ 0x91b010500] pts has no value
[mp4 @ 0x91b010500] Packet duration: -1024 / dts: 2795520 in stream 1 is out of range
[mp4 @ 0x91b010500] pts has no value
[mp4 @ 0x91b010500] Packet duration: -1024 / dts: 2796544 in stream 1 is out of range
[mp4 @ 0x91b010500] pts has no value
[mp4 @ 0x91b010500] Packet duration: -1024 / dts: 2798592 in stream 1 is out of range
[mp4 @ 0x91b010500] pts has no value
[mp4 @ 0x91b010500] Packet duration: -1024 / dts: 2799616 in stream 1 is out of range
[mp4 @ 0x91b010500] pts has no value
[mp4 @ 0x91b010500] Packet duration: -1024 / dts: 2801664 in stream 1 is out of range
[mp4 @ 0x91b010500] pts has no value
[mp4 @ 0x91b010500] Packet duration: -1024 / dts: 2802688 in stream 1 is out of range
[mp4 @ 0x91b010500] pts has no value
[mp4 @ 0x91b010500] Packet duration: -1024 / dts: 2804736 in stream 1 is out of range
[mp4 @ 0x91b010500] pts has no value
[mp4 @ 0x91b010500] Packet duration: -1024 / dts: 2806784 in stream 1 is out of range
[mp4 @ 0x91b010500] pts has no value
[mp4 @ 0x91b010500] Packet duration: -1024 / dts: 2807808 in stream 1 is out of range
[mp4 @ 0x91b010500] pts has no value
[mp4 @ 0x91b010500] Packet duration: -1024 / dts: 2809856 in stream 1 is out of range
[mp4 @ 0x91b010500] pts has no value
[mp4 @ 0x91b010500] Packet duration: -1024 / dts: 2810880 in stream 1 is out of range
[mp4 @ 0x91b010500] pts has no value
[mp4 @ 0x91b010500] Packet duration: -1024 / dts: 2812928 in stream 1 is out of range
[mp4 @ 0x91b010500] pts has no value
[mp4 @ 0x91b010500] Packet duration: -1024 / dts: 2813952 in stream 1 is out of range
[mp4 @ 0x91b010500] pts has no value
[mp4 @ 0x91b010500] Packet duration: -1024 / dts: 2816000 in stream 1 is out of range
[mp4 @ 0x91b010500] pts has no value
[mp4 @ 0x91b010500] Packet duration: -1024 / dts: 2817024 in stream 1 is out of range
[mp4 @ 0x91b010500] pts has no value
[mp4 @ 0x91b010500] Packet duration: -1024 / dts: 2819072 in stream 1 is out of range
[mp4 @ 0x91b010500] pts has no value
[mp4 @ 0x91b010500] Packet duration: -1024 / dts: 2821120 in stream 1 is out of range
[mp4 @ 0x91b010500] pts has no value
[mp4 @ 0x91b010500] Packet duration: -1024 / dts: 2822144 in stream 1 is out of range
[mp4 @ 0x91b010500] pts has no value
[mp4 @ 0x91b010500] Packet duration: -1024 / dts: 2824192 in stream 1 is out of range
[mp4 @ 0x91b010500] pts has no value
[mp4 @ 0x91b010500] Packet duration: -1024 / dts: 2825216 in stream 1 is out of range
[mp4 @ 0x91b010500] pts has no value
[mp4 @ 0x91b010500] Packet duration: -1024 / dts: 2827264 in stream 1 is out of range
[mp4 @ 0x91b010500] pts has no value
[mp4 @ 0x91b010500] Packet duration: -1024 / dts: 2828288 in stream 1 is out of range
[mp4 @ 0x91b010500] pts has no value
[mp4 @ 0x91b010500] Packet duration: -1024 / dts: 2830336 in stream 1 is out of range
[mp4 @ 0x91b010500] pts has no value
[mp4 @ 0x91b010500] Packet duration: -1024 / dts: 2832384 in stream 1 is out of range
[mp4 @ 0x91b010500] pts has no value
[mp4 @ 0x91b010500] Packet duration: -1024 / dts: 2833408 in stream 1 is out of range
[mp4 @ 0x91b010500] pts has no value
timestamp: 906568 segment: 59:0 priority: 127
[2m2026-08-26T07:57:27.200040Z[0m [32m INFO[0m [2mmoq_transport::session::subscribed[0m[2m:[0m [PUBLISHER] serve_subgroup: completed subgroup (group_id=59, subgroup_id=0, 47 objects sent)
[2m2026-08-26T07:57:27.200077Z[0m [32m INFO[0m [2mmoq_transport::session::subscribed[0m[2m:[0m [PUBLISHER] serve_subgroup: completed subgroup (group_id=58, subgroup_id=0, 30 objects sent)
timestamp: 2834432 segment: 60:0 priority: 127
[mp4 @ 0x91b010500] Packet duration: -1024 / dts: 2835456 in stream 1 is out of range
[mp4 @ 0x91b010500] pts has no value
[mp4 @ 0x91b010500] Packet duration: -1024 / dts: 2836480 in stream 1 is out of range
[mp4 @ 0x91b010500] pts has no value
[mp4 @ 0x91b010500] Packet duration: -1024 / dts: 2838528 in stream 1 is out of range
[mp4 @ 0x91b010500] pts has no value
[mp4 @ 0x91b010500] Packet duration: -1024 / dts: 2839552 in stream 1 is out of range
[mp4 @ 0x91b010500] pts has no value
[mp4 @ 0x91b010500] Packet duration: -1024 / dts: 2841600 in stream 1 is out of range
[mp4 @ 0x91b010500] pts has no value
[mp4 @ 0x91b010500] Packet duration: -1024 / dts: 2842624 in stream 1 is out of range
[mp4 @ 0x91b010500] pts has no value
[mp4 @ 0x91b010500] Packet duration: -1024 / dts: 2844672 in stream 1 is out of range
[mp4 @ 0x91b010500] pts has no value
[mp4 @ 0x91b010500] Packet duration: -1024 / dts: 2846720 in stream 1 is out of range
[mp4 @ 0x91b010500] pts has no value
[mp4 @ 0x91b010500] Packet duration: -1024 / dts: 2847744 in stream 1 is out of range
[mp4 @ 0x91b010500] pts has no value
[mp4 @ 0x91b010500] Packet duration: -1024 / dts: 2849792 in stream 1 is out of range
[mp4 @ 0x91b010500] pts has no value
[mp4 @ 0x91b010500] Packet duration: -1024 / dts: 2850816 in stream 1 is out of range
[mp4 @ 0x91b010500] pts has no value
[mp4 @ 0x91b010500] Packet duration: -1024 / dts: 2852864 in stream 1 is out of range
[mp4 @ 0x91b010500] pts has no value
[mp4 @ 0x91b010500] Packet duration: -1024 / dts: 2853888 in stream 1 is out of range
[mp4 @ 0x91b010500] pts has no value
[mp4 @ 0x91b010500] Packet duration: -1024 / dts: 2855936 in stream 1 is out of range
[mp4 @ 0x91b010500] pts has no value
[mp4 @ 0x91b010500] Packet duration: -1024 / dts: 2857984 in stream 1 is out of range
[mp4 @ 0x91b010500] pts has no value
[mp4 @ 0x91b010500] Packet duration: -1024 / dts: 2859008 in stream 1 is out of range
[mp4 @ 0x91b010500] pts has no value
[mp4 @ 0x91b010500] Packet duration: -1024 / dts: 2861056 in stream 1 is out of range
[mp4 @ 0x91b010500] pts has no value
[mp4 @ 0x91b010500] Packet duration: -1024 / dts: 2862080 in stream 1 is out of range
[mp4 @ 0x91b010500] pts has no value
[mp4 @ 0x91b010500] Packet duration: -1024 / dts: 2864128 in stream 1 is out of range
[mp4 @ 0x91b010500] pts has no value
[mp4 @ 0x91b010500] Packet duration: -1024 / dts: 2865152 in stream 1 is out of range
[mp4 @ 0x91b010500] pts has no value
[mp4 @ 0x91b010500] Packet duration: -1024 / dts: 2867200 in stream 1 is out of range
[mp4 @ 0x91b010500] pts has no value
[mp4 @ 0x91b010500] Packet duration: -1024 / dts: 2868224 in stream 1 is out of range
[mp4 @ 0x91b010500] pts has no value
[mp4 @ 0x91b010500] Packet duration: -1024 / dts: 2870272 in stream 1 is out of range
[mp4 @ 0x91b010500] pts has no value
[mp4 @ 0x91b010500] Packet duration: -1024 / dts: 2872320 in stream 1 is out of range
[mp4 @ 0x91b010500] pts has no value
[mp4 @ 0x91b010500] Packet duration: -1024 / dts: 2873344 in stream 1 is out of range
[mp4 @ 0x91b010500] pts has no value
[mp4 @ 0x91b010500] Packet duration: -1024 / dts: 2875392 in stream 1 is out of range
[mp4 @ 0x91b010500] pts has no value
[mp4 @ 0x91b010500] Packet duration: -1024 / dts: 2876416 in stream 1 is out of range
[mp4 @ 0x91b010500] pts has no value
[mp4 @ 0x91b010500] Packet duration: -1024 / dts: 2878464 in stream 1 is out of range
[mp4 @ 0x91b010500] pts has no value
[mp4 @ 0x91b010500] Packet duration: -1024 / dts: 2879488 in stream 1 is out of range
[mp4 @ 0x91b010500] pts has no value
[mp4 @ 0x91b010500] Packet duration: -1024 / dts: 2881536 in stream 1 is out of range
[mp4 @ 0x91b010500] pts has no value
timestamp: 921928 segment: 60:0 priority: 127
[2m2026-08-26T07:57:28.204222Z[0m [32m INFO[0m [2mmoq_transport::session::subscribed[0m[2m:[0m [PUBLISHER] serve_subgroup: completed subgroup (group_id=60, subgroup_id=0, 47 objects sent)
[2m2026-08-26T07:57:28.204468Z[0m [32m INFO[0m [2mmoq_transport::session::subscribed[0m[2m:[0m [PUBLISHER] serve_subgroup: completed subgroup (group_id=59, subgroup_id=0, 30 objects sent)
timestamp: 2882560 segment: 61:0 priority: 127
[mp4 @ 0x91b010500] Packet duration: -1024 / dts: 2883584 in stream 1 is out of range
[mp4 @ 0x91b010500] pts has no value
[mp4 @ 0x91b010500] Packet duration: -1024 / dts: 2884608 in stream 1 is out of range
[mp4 @ 0x91b010500] pts has no value
[mp4 @ 0x91b010500] Packet duration: -1024 / dts: 2886656 in stream 1 is out of range
[mp4 @ 0x91b010500] pts has no value
[mp4 @ 0x91b010500] Packet duration: -1024 / dts: 2887680 in stream 1 is out of range
[mp4 @ 0x91b010500] pts has no value
[mp4 @ 0x91b010500] Packet duration: -1024 / dts: 2889728 in stream 1 is out of range
[mp4 @ 0x91b010500] pts has no value
[mp4 @ 0x91b010500] Packet duration: -1024 / dts: 2890752 in stream 1 is out of range
[mp4 @ 0x91b010500] pts has no value
[mp4 @ 0x91b010500] Packet duration: -1024 / dts: 2892800 in stream 1 is out of range
[mp4 @ 0x91b010500] pts has no value
[mp4 @ 0x91b010500] Packet duration: -1024 / dts: 2893824 in stream 1 is out of range
[mp4 @ 0x91b010500] pts has no value
[mp4 @ 0x91b010500] Packet duration: -1024 / dts: 2895872 in stream 1 is out of range
[mp4 @ 0x91b010500] pts has no value
[mp4 @ 0x91b010500] Packet duration: -1024 / dts: 2897920 in stream 1 is out of range
[mp4 @ 0x91b010500] pts has no value
[mp4 @ 0x91b010500] Packet duration: -1024 / dts: 2898944 in stream 1 is out of range
[mp4 @ 0x91b010500] pts has no value
[mp4 @ 0x91b010500] Packet duration: -1024 / dts: 2900992 in stream 1 is out of range
[mp4 @ 0x91b010500] pts has no value
[mp4 @ 0x91b010500] Packet duration: -1024 / dts: 2902016 in stream 1 is out of range
[mp4 @ 0x91b010500] pts has no value
[mp4 @ 0x91b010500] Packet duration: -1024 / dts: 2904064 in stream 1 is out of range
[mp4 @ 0x91b010500] pts has no value
[mp4 @ 0x91b010500] Packet duration: -1024 / dts: 2905088 in stream 1 is out of range
[mp4 @ 0x91b010500] pts has no value
[mp4 @ 0x91b010500] Packet duration: -1024 / dts: 2907136 in stream 1 is out of range
[mp4 @ 0x91b010500] pts has no value
[mp4 @ 0x91b010500] Packet duration: -1024 / dts: 2909184 in stream 1 is out of range
[mp4 @ 0x91b010500] pts has no value
[mp4 @ 0x91b010500] Packet duration: -1024 / dts: 2910208 in stream 1 is out of range
[mp4 @ 0x91b010500] pts has no value
[mp4 @ 0x91b010500] Packet duration: -1024 / dts: 2912256 in stream 1 is out of range
[mp4 @ 0x91b010500] pts has no value
[mp4 @ 0x91b010500] Packet duration: -1024 / dts: 2913280 in stream 1 is out of range
[mp4 @ 0x91b010500] pts has no value
[mp4 @ 0x91b010500] Packet duration: -1024 / dts: 2915328 in stream 1 is out of range
[mp4 @ 0x91b010500] pts has no value
[mp4 @ 0x91b010500] Packet duration: -1024 / dts: 2916352 in stream 1 is out of range
[mp4 @ 0x91b010500] pts has no value
[mp4 @ 0x91b010500] Packet duration: -1024 / dts: 2918400 in stream 1 is out of range
[mp4 @ 0x91b010500] pts has no value
[mp4 @ 0x91b010500] Packet duration: -1024 / dts: 2919424 in stream 1 is out of range
[mp4 @ 0x91b010500] pts has no value
[mp4 @ 0x91b010500] Packet duration: -1024 / dts: 2921472 in stream 1 is out of range
[mp4 @ 0x91b010500] pts has no value
[mp4 @ 0x91b010500] Packet duration: -1024 / dts: 2923520 in stream 1 is out of range
[mp4 @ 0x91b010500] pts has no value
[mp4 @ 0x91b010500] Packet duration: -1024 / dts: 2924544 in stream 1 is out of range
[mp4 @ 0x91b010500] pts has no value
[mp4 @ 0x91b010500] Packet duration: -1024 / dts: 2926592 in stream 1 is out of range
[mp4 @ 0x91b010500] pts has no value
[mp4 @ 0x91b010500] Packet duration: -1024 / dts: 2927616 in stream 1 is out of range
[mp4 @ 0x91b010500] pts has no value
[mp4 @ 0x91b010500] Packet duration: -1024 / dts: 2929664 in stream 1 is out of range
[mp4 @ 0x91b010500] pts has no value
timestamp: 937288 segment: 61:0 priority: 127
timestamp: 2930688 segment: 62:0 priority: 127
[2m2026-08-26T07:57:29.210626Z[0m [32m INFO[0m [2mmoq_transport::session::subscribed[0m[2m:[0m [PUBLISHER] serve_subgroup: completed subgroup (group_id=61, subgroup_id=0, 47 objects sent)
[2m2026-08-26T07:57:29.210733Z[0m [32m INFO[0m [2mmoq_transport::session::subscribed[0m[2m:[0m [PUBLISHER] serve_subgroup: completed subgroup (group_id=60, subgroup_id=0, 30 objects sent)
[mp4 @ 0x91b010500] Packet duration: -1024 / dts: 2930688 in stream 1 is out of range
[mp4 @ 0x91b010500] pts has no value
[mp4 @ 0x91b010500] Packet duration: -1024 / dts: 2932736 in stream 1 is out of range
[mp4 @ 0x91b010500] pts has no value
[mp4 @ 0x91b010500] Packet duration: -1024 / dts: 2934784 in stream 1 is out of range
[mp4 @ 0x91b010500] pts has no value
[mp4 @ 0x91b010500] Packet duration: -1024 / dts: 2935808 in stream 1 is out of range
[mp4 @ 0x91b010500] pts has no value
[mp4 @ 0x91b010500] Packet duration: -1024 / dts: 2937856 in stream 1 is out of range
[mp4 @ 0x91b010500] pts has no value
[mp4 @ 0x91b010500] Packet duration: -1024 / dts: 2938880 in stream 1 is out of range
[mp4 @ 0x91b010500] pts has no value
[mp4 @ 0x91b010500] Packet duration: -1024 / dts: 2940928 in stream 1 is out of range
[mp4 @ 0x91b010500] pts has no value
[mp4 @ 0x91b010500] Packet duration: -1024 / dts: 2941952 in stream 1 is out of range
[mp4 @ 0x91b010500] pts has no value
[mp4 @ 0x91b010500] Packet duration: -1024 / dts: 2944000 in stream 1 is out of range
[mp4 @ 0x91b010500] pts has no value
[mp4 @ 0x91b010500] Packet duration: -1024 / dts: 2945024 in stream 1 is out of range
[mp4 @ 0x91b010500] pts has no value
[mp4 @ 0x91b010500] Packet duration: -1024 / dts: 2947072 in stream 1 is out of range
[mp4 @ 0x91b010500] pts has no value
[mp4 @ 0x91b010500] Packet duration: -1024 / dts: 2949120 in stream 1 is out of range
[mp4 @ 0x91b010500] pts has no value
[mp4 @ 0x91b010500] Packet duration: -1024 / dts: 2950144 in stream 1 is out of range
[mp4 @ 0x91b010500] pts has no value
[mp4 @ 0x91b010500] Packet duration: -1024 / dts: 2952192 in stream 1 is out of range
[mp4 @ 0x91b010500] pts has no value
[mp4 @ 0x91b010500] Packet duration: -1024 / dts: 2953216 in stream 1 is out of range
[mp4 @ 0x91b010500] pts has no value
[mp4 @ 0x91b010500] Packet duration: -1024 / dts: 2955264 in stream 1 is out of range
[mp4 @ 0x91b010500] pts has no value
[mp4 @ 0x91b010500] Packet duration: -1024 / dts: 2956288 in stream 1 is out of range
[mp4 @ 0x91b010500] pts has no value
[mp4 @ 0x91b010500] Packet duration: -1024 / dts: 2958336 in stream 1 is out of range
[mp4 @ 0x91b010500] pts has no value
[mp4 @ 0x91b010500] Packet duration: -1024 / dts: 2960384 in stream 1 is out of range
[mp4 @ 0x91b010500] pts has no value
[mp4 @ 0x91b010500] Packet duration: -1024 / dts: 2961408 in stream 1 is out of range
[mp4 @ 0x91b010500] pts has no value
[mp4 @ 0x91b010500] Packet duration: -1024 / dts: 2963456 in stream 1 is out of range
[mp4 @ 0x91b010500] pts has no value
[mp4 @ 0x91b010500] Packet duration: -1024 / dts: 2964480 in stream 1 is out of range
[mp4 @ 0x91b010500] pts has no value
[mp4 @ 0x91b010500] Packet duration: -1024 / dts: 2966528 in stream 1 is out of range
[mp4 @ 0x91b010500] pts has no value
[mp4 @ 0x91b010500] Packet duration: -1024 / dts: 2967552 in stream 1 is out of range
[mp4 @ 0x91b010500] pts has no value
[mp4 @ 0x91b010500] Packet duration: -1024 / dts: 2969600 in stream 1 is out of range
[mp4 @ 0x91b010500] pts has no value
[mp4 @ 0x91b010500] Packet duration: -1024 / dts: 2970624 in stream 1 is out of range
[mp4 @ 0x91b010500] pts has no value
[mp4 @ 0x91b010500] Packet duration: -1024 / dts: 2972672 in stream 1 is out of range
[mp4 @ 0x91b010500] pts has no value
[mp4 @ 0x91b010500] Packet duration: -1024 / dts: 2974720 in stream 1 is out of range
[mp4 @ 0x91b010500] pts has no value
[mp4 @ 0x91b010500] Packet duration: -1024 / dts: 2975744 in stream 1 is out of range
[mp4 @ 0x91b010500] pts has no value
[mp4 @ 0x91b010500] Packet duration: -1024 / dts: 2977792 in stream 1 is out of range
[mp4 @ 0x91b010500] pts has no value
timestamp: 952648 segment: 62:0 priority: 127
[2m2026-08-26T07:57:30.215228Z[0m [32m INFO[0m [2mmoq_transport::session::subscribed[0m[2m:[0m [PUBLISHER] serve_subgroup: completed subgroup (group_id=62, subgroup_id=0, 47 objects sent)
[2m2026-08-26T07:57:30.215302Z[0m [32m INFO[0m [2mmoq_transport::session::subscribed[0m[2m:[0m [PUBLISHER] serve_subgroup: completed subgroup (group_id=61, subgroup_id=0, 30 objects sent)
timestamp: 2978816 segment: 63:0 priority: 127
[mp4 @ 0x91b010500] Packet duration: -1024 / dts: 2978816 in stream 1 is out of range
[mp4 @ 0x91b010500] pts has no value
[mp4 @ 0x91b010500] Packet duration: -1024 / dts: 2980864 in stream 1 is out of range
[mp4 @ 0x91b010500] pts has no value
[mp4 @ 0x91b010500] Packet duration: -1024 / dts: 2981888 in stream 1 is out of range
[mp4 @ 0x91b010500] pts has no value
[mp4 @ 0x91b010500] Packet duration: -1024 / dts: 2983936 in stream 1 is out of range
[mp4 @ 0x91b010500] pts has no value
[mp4 @ 0x91b010500] Packet duration: -1024 / dts: 2985984 in stream 1 is out of range
[mp4 @ 0x91b010500] pts has no value
[mp4 @ 0x91b010500] Packet duration: -1024 / dts: 2987008 in stream 1 is out of range
[mp4 @ 0x91b010500] pts has no value
[mp4 @ 0x91b010500] Packet duration: -1024 / dts: 2989056 in stream 1 is out of range
[mp4 @ 0x91b010500] pts has no value
[mp4 @ 0x91b010500] Packet duration: -1024 / dts: 2990080 in stream 1 is out of range
[mp4 @ 0x91b010500] pts has no value
[mp4 @ 0x91b010500] Packet duration: -1024 / dts: 2992128 in stream 1 is out of range
[mp4 @ 0x91b010500] pts has no value
[mp4 @ 0x91b010500] Packet duration: -1024 / dts: 2993152 in stream 1 is out of range
[mp4 @ 0x91b010500] pts has no value
[mp4 @ 0x91b010500] Packet duration: -1024 / dts: 2995200 in stream 1 is out of range
[mp4 @ 0x91b010500] pts has no value
[mp4 @ 0x91b010500] Packet duration: -1024 / dts: 2996224 in stream 1 is out of range
[mp4 @ 0x91b010500] pts has no value
[mp4 @ 0x91b010500] Packet duration: -1024 / dts: 2998272 in stream 1 is out of range
[mp4 @ 0x91b010500] pts has no value
[mp4 @ 0x91b010500] Packet duration: -1024 / dts: 3000320 in stream 1 is out of range
[mp4 @ 0x91b010500] pts has no value
[mp4 @ 0x91b010500] Packet duration: -1024 / dts: 3001344 in stream 1 is out of range
[mp4 @ 0x91b010500] pts has no value
[mp4 @ 0x91b010500] Packet duration: -1024 / dts: 3003392 in stream 1 is out of range
[mp4 @ 0x91b010500] pts has no value
[mp4 @ 0x91b010500] Packet duration: -1024 / dts: 3004416 in stream 1 is out of range
[mp4 @ 0x91b010500] pts has no value
[mp4 @ 0x91b010500] Packet duration: -1024 / dts: 3006464 in stream 1 is out of range
[mp4 @ 0x91b010500] pts has no value
[mp4 @ 0x91b010500] Packet duration: -1024 / dts: 3007488 in stream 1 is out of range
[mp4 @ 0x91b010500] pts has no value
[mp4 @ 0x91b010500] Packet duration: -1024 / dts: 3009536 in stream 1 is out of range
[mp4 @ 0x91b010500] pts has no value
[mp4 @ 0x91b010500] Packet duration: -1024 / dts: 3011584 in stream 1 is out of range
[mp4 @ 0x91b010500] pts has no value
[mp4 @ 0x91b010500] Packet duration: -1024 / dts: 3012608 in stream 1 is out of range
[mp4 @ 0x91b010500] pts has no value
[mp4 @ 0x91b010500] Packet duration: -1024 / dts: 3014656 in stream 1 is out of range
[mp4 @ 0x91b010500] pts has no value
[mp4 @ 0x91b010500] Packet duration: -1024 / dts: 3015680 in stream 1 is out of range
[mp4 @ 0x91b010500] pts has no value
[mp4 @ 0x91b010500] Packet duration: -1024 / dts: 3017728 in stream 1 is out of range
[mp4 @ 0x91b010500] pts has no value
[mp4 @ 0x91b010500] Packet duration: -1024 / dts: 3018752 in stream 1 is out of range
[mp4 @ 0x91b010500] pts has no value
[mp4 @ 0x91b010500] Packet duration: -1024 / dts: 3020800 in stream 1 is out of range
[mp4 @ 0x91b010500] pts has no value
[mp4 @ 0x91b010500] Packet duration: -1024 / dts: 3021824 in stream 1 is out of range
[mp4 @ 0x91b010500] pts has no value
[mp4 @ 0x91b010500] Packet duration: -1024 / dts: 3023872 in stream 1 is out of range
[mp4 @ 0x91b010500] pts has no value
[mp4 @ 0x91b010500] Packet duration: -1024 / dts: 3025920 in stream 1 is out of range
[mp4 @ 0x91b010500] pts has no value
timestamp: 968008 segment: 63:0 priority: 127
[2m2026-08-26T07:57:31.218650Z[0m [32m INFO[0m [2mmoq_transport::session::subscribed[0m[2m:[0m [PUBLISHER] serve_subgroup: completed subgroup (group_id=63, subgroup_id=0, 47 objects sent)
[2m2026-08-26T07:57:31.218684Z[0m [32m INFO[0m [2mmoq_transport::session::subscribed[0m[2m:[0m [PUBLISHER] serve_subgroup: completed subgroup (group_id=62, subgroup_id=0, 30 objects sent)
timestamp: 3026944 segment: 64:0 priority: 127
[mp4 @ 0x91b010500] Packet duration: -1024 / dts: 3026944 in stream 1 is out of range
[mp4 @ 0x91b010500] pts has no value
[mp4 @ 0x91b010500] Packet duration: -1024 / dts: 3028992 in stream 1 is out of range
[mp4 @ 0x91b010500] pts has no value
[mp4 @ 0x91b010500] Packet duration: -1024 / dts: 3030016 in stream 1 is out of range
[mp4 @ 0x91b010500] pts has no value
[mp4 @ 0x91b010500] Packet duration: -1024 / dts: 3032064 in stream 1 is out of range
[mp4 @ 0x91b010500] pts has no value
[mp4 @ 0x91b010500] Packet duration: -1024 / dts: 3033088 in stream 1 is out of range
[mp4 @ 0x91b010500] pts has no value
[mp4 @ 0x91b010500] Packet duration: -1024 / dts: 3035136 in stream 1 is out of range
[mp4 @ 0x91b010500] pts has no value
[mp4 @ 0x91b010500] Packet duration: -1024 / dts: 3037184 in stream 1 is out of range
[mp4 @ 0x91b010500] pts has no value
[mp4 @ 0x91b010500] Packet duration: -1024 / dts: 3038208 in stream 1 is out of range
[mp4 @ 0x91b010500] pts has no value
[mp4 @ 0x91b010500] Packet duration: -1024 / dts: 3040256 in stream 1 is out of range
[mp4 @ 0x91b010500] pts has no value
[mp4 @ 0x91b010500] Packet duration: -1024 / dts: 3041280 in stream 1 is out of range
[mp4 @ 0x91b010500] pts has no value
[mp4 @ 0x91b010500] Packet duration: -1024 / dts: 3043328 in stream 1 is out of range
[mp4 @ 0x91b010500] pts has no value
[mp4 @ 0x91b010500] Packet duration: -1024 / dts: 3044352 in stream 1 is out of range
[mp4 @ 0x91b010500] pts has no value
[mp4 @ 0x91b010500] Packet duration: -1024 / dts: 3046400 in stream 1 is out of range
[mp4 @ 0x91b010500] pts has no value
[mp4 @ 0x91b010500] Packet duration: -1024 / dts: 3047424 in stream 1 is out of range
[mp4 @ 0x91b010500] pts has no value
[mp4 @ 0x91b010500] Packet duration: -1024 / dts: 3049472 in stream 1 is out of range
[mp4 @ 0x91b010500] pts has no value
[mp4 @ 0x91b010500] Packet duration: -1024 / dts: 3051520 in stream 1 is out of range
[mp4 @ 0x91b010500] pts has no value
[mp4 @ 0x91b010500] Packet duration: -1024 / dts: 3052544 in stream 1 is out of range
[mp4 @ 0x91b010500] pts has no value
[mp4 @ 0x91b010500] Packet duration: -1024 / dts: 3054592 in stream 1 is out of range
[mp4 @ 0x91b010500] pts has no value
[mp4 @ 0x91b010500] Packet duration: -1024 / dts: 3055616 in stream 1 is out of range
[mp4 @ 0x91b010500] pts has no value
[mp4 @ 0x91b010500] Packet duration: -1024 / dts: 3057664 in stream 1 is out of range
[mp4 @ 0x91b010500] pts has no value
[mp4 @ 0x91b010500] Packet duration: -1024 / dts: 3058688 in stream 1 is out of range
[mp4 @ 0x91b010500] pts has no value
[mp4 @ 0x91b010500] Packet duration: -1024 / dts: 3060736 in stream 1 is out of range
[mp4 @ 0x91b010500] pts has no value
[mp4 @ 0x91b010500] Packet duration: -1024 / dts: 3062784 in stream 1 is out of range
[mp4 @ 0x91b010500] pts has no value
[mp4 @ 0x91b010500] Packet duration: -1024 / dts: 3063808 in stream 1 is out of range
[mp4 @ 0x91b010500] pts has no value
[mp4 @ 0x91b010500] Packet duration: -1024 / dts: 3065856 in stream 1 is out of range
[mp4 @ 0x91b010500] pts has no value
[mp4 @ 0x91b010500] Packet duration: -1024 / dts: 3066880 in stream 1 is out of range
[mp4 @ 0x91b010500] pts has no value
[mp4 @ 0x91b010500] Packet duration: -1024 / dts: 3068928 in stream 1 is out of range
[mp4 @ 0x91b010500] pts has no value
[mp4 @ 0x91b010500] Packet duration: -1024 / dts: 3069952 in stream 1 is out of range
[mp4 @ 0x91b010500] pts has no value
[mp4 @ 0x91b010500] Packet duration: -1024 / dts: 3072000 in stream 1 is out of range
[mp4 @ 0x91b010500] pts has no value
[mp4 @ 0x91b010500] Packet duration: -1024 / dts: 3073024 in stream 1 is out of range
[mp4 @ 0x91b010500] pts has no value
timestamp: 983368 segment: 64:0 priority: 127
[2m2026-08-26T07:57:32.223057Z[0m [32m INFO[0m [2mmoq_transport::session::subscribed[0m[2m:[0m [PUBLISHER] serve_subgroup: completed subgroup (group_id=64, subgroup_id=0, 46 objects sent)
[2m2026-08-26T07:57:32.223089Z[0m [32m INFO[0m [2mmoq_transport::session::subscribed[0m[2m:[0m [PUBLISHER] serve_subgroup: completed subgroup (group_id=63, subgroup_id=0, 30 objects sent)
timestamp: 3074048 segment: 65:0 priority: 127
[mp4 @ 0x91b010500] Packet duration: -1024 / dts: 3075072 in stream 1 is out of range
[mp4 @ 0x91b010500] pts has no value
[mp4 @ 0x91b010500] Packet duration: -1024 / dts: 3077120 in stream 1 is out of range
[mp4 @ 0x91b010500] pts has no value
[mp4 @ 0x91b010500] Packet duration: -1024 / dts: 3078144 in stream 1 is out of range
[mp4 @ 0x91b010500] pts has no value
[mp4 @ 0x91b010500] Packet duration: -1024 / dts: 3080192 in stream 1 is out of range
[mp4 @ 0x91b010500] pts has no value
[mp4 @ 0x91b010500] Packet duration: -1024 / dts: 3081216 in stream 1 is out of range
[mp4 @ 0x91b010500] pts has no value
[mp4 @ 0x91b010500] Packet duration: -1024 / dts: 3083264 in stream 1 is out of range
[mp4 @ 0x91b010500] pts has no value
[mp4 @ 0x91b010500] Packet duration: -1024 / dts: 3084288 in stream 1 is out of range
[mp4 @ 0x91b010500] pts has no value
[mp4 @ 0x91b010500] Packet duration: -1024 / dts: 3086336 in stream 1 is out of range
[mp4 @ 0x91b010500] pts has no value
[mp4 @ 0x91b010500] Packet duration: -1024 / dts: 3088384 in stream 1 is out of range
[mp4 @ 0x91b010500] pts has no value
[mp4 @ 0x91b010500] Packet duration: -1024 / dts: 3089408 in stream 1 is out of range
[mp4 @ 0x91b010500] pts has no value
[mp4 @ 0x91b010500] Packet duration: -1024 / dts: 3091456 in stream 1 is out of range
[mp4 @ 0x91b010500] pts has no value
[mp4 @ 0x91b010500] Packet duration: -1024 / dts: 3092480 in stream 1 is out of range
[mp4 @ 0x91b010500] pts has no value
[mp4 @ 0x91b010500] Packet duration: -1024 / dts: 3094528 in stream 1 is out of range
[mp4 @ 0x91b010500] pts has no value
[mp4 @ 0x91b010500] Packet duration: -1024 / dts: 3095552 in stream 1 is out of range
[mp4 @ 0x91b010500] pts has no value
[mp4 @ 0x91b010500] Packet duration: -1024 / dts: 3097600 in stream 1 is out of range
[mp4 @ 0x91b010500] pts has no value
[mp4 @ 0x91b010500] Packet duration: -1024 / dts: 3098624 in stream 1 is out of range
[mp4 @ 0x91b010500] pts has no value
[mp4 @ 0x91b010500] Packet duration: -1024 / dts: 3100672 in stream 1 is out of range
[mp4 @ 0x91b010500] pts has no value
[mp4 @ 0x91b010500] Packet duration: -1024 / dts: 3102720 in stream 1 is out of range
[mp4 @ 0x91b010500] pts has no value
[mp4 @ 0x91b010500] Packet duration: -1024 / dts: 3103744 in stream 1 is out of range
[mp4 @ 0x91b010500] pts has no value
[mp4 @ 0x91b010500] Packet duration: -1024 / dts: 3105792 in stream 1 is out of range
[mp4 @ 0x91b010500] pts has no value
[mp4 @ 0x91b010500] Packet duration: -1024 / dts: 3106816 in stream 1 is out of range
[mp4 @ 0x91b010500] pts has no value
[mp4 @ 0x91b010500] Packet duration: -1024 / dts: 3108864 in stream 1 is out of range
[mp4 @ 0x91b010500] pts has no value
[mp4 @ 0x91b010500] Packet duration: -1024 / dts: 3109888 in stream 1 is out of range
[mp4 @ 0x91b010500] pts has no value
[mp4 @ 0x91b010500] Packet duration: -1024 / dts: 3111936 in stream 1 is out of range
[mp4 @ 0x91b010500] pts has no value
[mp4 @ 0x91b010500] Packet duration: -1024 / dts: 3113984 in stream 1 is out of range
[mp4 @ 0x91b010500] pts has no value
[mp4 @ 0x91b010500] Packet duration: -1024 / dts: 3115008 in stream 1 is out of range
[mp4 @ 0x91b010500] pts has no value
[mp4 @ 0x91b010500] Packet duration: -1024 / dts: 3117056 in stream 1 is out of range
[mp4 @ 0x91b010500] pts has no value
[mp4 @ 0x91b010500] Packet duration: -1024 / dts: 3118080 in stream 1 is out of range
[mp4 @ 0x91b010500] pts has no value
[mp4 @ 0x91b010500] Packet duration: -1024 / dts: 3120128 in stream 1 is out of range
[mp4 @ 0x91b010500] pts has no value
[mp4 @ 0x91b010500] Packet duration: -1024 / dts: 3121152 in stream 1 is out of range
[mp4 @ 0x91b010500] pts has no value
timestamp: 998728 segment: 65:0 priority: 127
[2m2026-08-26T07:57:33.227203Z[0m [32m INFO[0m [2mmoq_transport::session::subscribed[0m[2m:[0m [PUBLISHER] serve_subgroup: completed subgroup (group_id=65, subgroup_id=0, 47 objects sent)
[2m2026-08-26T07:57:33.227391Z[0m [32m INFO[0m [2mmoq_transport::session::subscribed[0m[2m:[0m [PUBLISHER] serve_subgroup: completed subgroup (group_id=64, subgroup_id=0, 30 objects sent)
timestamp: 3122176 segment: 66:0 priority: 127
[mp4 @ 0x91b010500] Packet duration: -1024 / dts: 3123200 in stream 1 is out of range
[mp4 @ 0x91b010500] pts has no value
[mp4 @ 0x91b010500] Packet duration: -1024 / dts: 3124224 in stream 1 is out of range
[mp4 @ 0x91b010500] pts has no value
[mp4 @ 0x91b010500] Packet duration: -1024 / dts: 3126272 in stream 1 is out of range
[mp4 @ 0x91b010500] pts has no value
[mp4 @ 0x91b010500] Packet duration: -1024 / dts: 3128320 in stream 1 is out of range
[mp4 @ 0x91b010500] pts has no value
[mp4 @ 0x91b010500] Packet duration: -1024 / dts: 3129344 in stream 1 is out of range
[mp4 @ 0x91b010500] pts has no value
[mp4 @ 0x91b010500] Packet duration: -1024 / dts: 3131392 in stream 1 is out of range
[mp4 @ 0x91b010500] pts has no value
[mp4 @ 0x91b010500] Packet duration: -1024 / dts: 3132416 in stream 1 is out of range
[mp4 @ 0x91b010500] pts has no value
[mp4 @ 0x91b010500] Packet duration: -1024 / dts: 3134464 in stream 1 is out of range
[mp4 @ 0x91b010500] pts has no value
[mp4 @ 0x91b010500] Packet duration: -1024 / dts: 3135488 in stream 1 is out of range
[mp4 @ 0x91b010500] pts has no value
[mp4 @ 0x91b010500] Packet duration: -1024 / dts: 3137536 in stream 1 is out of range
[mp4 @ 0x91b010500] pts has no value
[mp4 @ 0x91b010500] Packet duration: -1024 / dts: 3139584 in stream 1 is out of range
[mp4 @ 0x91b010500] pts has no value
[mp4 @ 0x91b010500] Packet duration: -1024 / dts: 3140608 in stream 1 is out of range
[mp4 @ 0x91b010500] pts has no value
[mp4 @ 0x91b010500] Packet duration: -1024 / dts: 3142656 in stream 1 is out of range
[mp4 @ 0x91b010500] pts has no value
[mp4 @ 0x91b010500] Packet duration: -1024 / dts: 3143680 in stream 1 is out of range
[mp4 @ 0x91b010500] pts has no value
[mp4 @ 0x91b010500] Packet duration: -1024 / dts: 3145728 in stream 1 is out of range
[mp4 @ 0x91b010500] pts has no value
[mp4 @ 0x91b010500] Packet duration: -1024 / dts: 3146752 in stream 1 is out of range
[mp4 @ 0x91b010500] pts has no value
[mp4 @ 0x91b010500] Packet duration: -1024 / dts: 3148800 in stream 1 is out of range
[mp4 @ 0x91b010500] pts has no value
[mp4 @ 0x91b010500] Packet duration: -1024 / dts: 3149824 in stream 1 is out of range
[mp4 @ 0x91b010500] pts has no value
[mp4 @ 0x91b010500] Packet duration: -1024 / dts: 3151872 in stream 1 is out of range
[mp4 @ 0x91b010500] pts has no value
[mp4 @ 0x91b010500] Packet duration: -1024 / dts: 3153920 in stream 1 is out of range
[mp4 @ 0x91b010500] pts has no value
[mp4 @ 0x91b010500] Packet duration: -1024 / dts: 3154944 in stream 1 is out of range
[mp4 @ 0x91b010500] pts has no value
[mp4 @ 0x91b010500] Packet duration: -1024 / dts: 3156992 in stream 1 is out of range
[mp4 @ 0x91b010500] pts has no value
[mp4 @ 0x91b010500] Packet duration: -1024 / dts: 3158016 in stream 1 is out of range
[mp4 @ 0x91b010500] pts has no value
[mp4 @ 0x91b010500] Packet duration: -1024 / dts: 3160064 in stream 1 is out of range
[mp4 @ 0x91b010500] pts has no value
[mp4 @ 0x91b010500] Packet duration: -1024 / dts: 3161088 in stream 1 is out of range
[mp4 @ 0x91b010500] pts has no value
[mp4 @ 0x91b010500] Packet duration: -1024 / dts: 3163136 in stream 1 is out of range
[mp4 @ 0x91b010500] pts has no value
[mp4 @ 0x91b010500] Packet duration: -1024 / dts: 3165184 in stream 1 is out of range
[mp4 @ 0x91b010500] pts has no value
[mp4 @ 0x91b010500] Packet duration: -1024 / dts: 3166208 in stream 1 is out of range
[mp4 @ 0x91b010500] pts has no value
[mp4 @ 0x91b010500] Packet duration: -1024 / dts: 3168256 in stream 1 is out of range
[mp4 @ 0x91b010500] pts has no value
[mp4 @ 0x91b010500] Packet duration: -1024 / dts: 3169280 in stream 1 is out of range
[mp4 @ 0x91b010500] pts has no value
timestamp: 1014088 segment: 66:0 priority: 127
[2m2026-08-26T07:57:34.231833Z[0m [32m INFO[0m [2mmoq_transport::session::subscribed[0m[2m:[0m [PUBLISHER] serve_subgroup: completed subgroup (group_id=66, subgroup_id=0, 47 objects sent)
[2m2026-08-26T07:57:34.232015Z[0m [32m INFO[0m [2mmoq_transport::session::subscribed[0m[2m:[0m [PUBLISHER] serve_subgroup: completed subgroup (group_id=65, subgroup_id=0, 30 objects sent)
timestamp: 3170304 segment: 67:0 priority: 127
[mp4 @ 0x91b010500] Packet duration: -1024 / dts: 3171328 in stream 1 is out of range
[mp4 @ 0x91b010500] pts has no value
[mp4 @ 0x91b010500] Packet duration: -1024 / dts: 3172352 in stream 1 is out of range
[mp4 @ 0x91b010500] pts has no value
[mp4 @ 0x91b010500] Packet duration: -1024 / dts: 3174400 in stream 1 is out of range
[mp4 @ 0x91b010500] pts has no value
[mp4 @ 0x91b010500] Packet duration: -1024 / dts: 3175424 in stream 1 is out of range
[mp4 @ 0x91b010500] pts has no value
[mp4 @ 0x91b010500] Packet duration: -1024 / dts: 3177472 in stream 1 is out of range
[mp4 @ 0x91b010500] pts has no value
[mp4 @ 0x91b010500] Packet duration: -1024 / dts: 3179520 in stream 1 is out of range
[mp4 @ 0x91b010500] pts has no value
[mp4 @ 0x91b010500] Packet duration: -1024 / dts: 3180544 in stream 1 is out of range
[mp4 @ 0x91b010500] pts has no value
[mp4 @ 0x91b010500] Packet duration: -1024 / dts: 3182592 in stream 1 is out of range
[mp4 @ 0x91b010500] pts has no value
[mp4 @ 0x91b010500] Packet duration: -1024 / dts: 3183616 in stream 1 is out of range
[mp4 @ 0x91b010500] pts has no value
[mp4 @ 0x91b010500] Packet duration: -1024 / dts: 3185664 in stream 1 is out of range
[mp4 @ 0x91b010500] pts has no value
[mp4 @ 0x91b010500] Packet duration: -1024 / dts: 3186688 in stream 1 is out of range
[mp4 @ 0x91b010500] pts has no value
[mp4 @ 0x91b010500] Packet duration: -1024 / dts: 3188736 in stream 1 is out of range
[mp4 @ 0x91b010500] pts has no value
[mp4 @ 0x91b010500] Packet duration: -1024 / dts: 3190784 in stream 1 is out of range
[mp4 @ 0x91b010500] pts has no value
[mp4 @ 0x91b010500] Packet duration: -1024 / dts: 3191808 in stream 1 is out of range
[mp4 @ 0x91b010500] pts has no value
[mp4 @ 0x91b010500] Packet duration: -1024 / dts: 3193856 in stream 1 is out of range
[mp4 @ 0x91b010500] pts has no value
[mp4 @ 0x91b010500] Packet duration: -1024 / dts: 3194880 in stream 1 is out of range
[mp4 @ 0x91b010500] pts has no value
[mp4 @ 0x91b010500] Packet duration: -1024 / dts: 3196928 in stream 1 is out of range
[mp4 @ 0x91b010500] pts has no value
[mp4 @ 0x91b010500] Packet duration: -1024 / dts: 3197952 in stream 1 is out of range
[mp4 @ 0x91b010500] pts has no value
[mp4 @ 0x91b010500] Packet duration: -1024 / dts: 3200000 in stream 1 is out of range
[mp4 @ 0x91b010500] pts has no value
[mp4 @ 0x91b010500] Packet duration: -1024 / dts: 3201024 in stream 1 is out of range
[mp4 @ 0x91b010500] pts has no value
[mp4 @ 0x91b010500] Packet duration: -1024 / dts: 3203072 in stream 1 is out of range
[mp4 @ 0x91b010500] pts has no value
[mp4 @ 0x91b010500] Packet duration: -1024 / dts: 3205120 in stream 1 is out of range
[mp4 @ 0x91b010500] pts has no value
[mp4 @ 0x91b010500] Packet duration: -1024 / dts: 3206144 in stream 1 is out of range
[mp4 @ 0x91b010500] pts has no value
[mp4 @ 0x91b010500] Packet duration: -1024 / dts: 3208192 in stream 1 is out of range
[mp4 @ 0x91b010500] pts has no value
[mp4 @ 0x91b010500] Packet duration: -1024 / dts: 3209216 in stream 1 is out of range
[mp4 @ 0x91b010500] pts has no value
[mp4 @ 0x91b010500] Packet duration: -1024 / dts: 3211264 in stream 1 is out of range
[mp4 @ 0x91b010500] pts has no value
[mp4 @ 0x91b010500] Packet duration: -1024 / dts: 3212288 in stream 1 is out of range
[mp4 @ 0x91b010500] pts has no value
[mp4 @ 0x91b010500] Packet duration: -1024 / dts: 3214336 in stream 1 is out of range
[mp4 @ 0x91b010500] pts has no value
[mp4 @ 0x91b010500] Packet duration: -1024 / dts: 3216384 in stream 1 is out of range
[mp4 @ 0x91b010500] pts has no value
[mp4 @ 0x91b010500] Packet duration: -1024 / dts: 3217408 in stream 1 is out of range
timestamp: 1029448 segment: 67:0 priority: 127
[2m2026-08-26T07:57:35.234106Z[0m [32m INFO[0m [2mmoq_transport::session::subscribed[0m[2m:[0m [PUBLISHER] serve_subgroup: completed subgroup (group_id=67, subgroup_id=0, 47 objects sent)
[mp4 @ 0x91b010500] pts has no value
[2m2026-08-26T07:57:35.234238Z[0m [32m INFO[0m [2mmoq_transport::session::subscribed[0m[2m:[0m [PUBLISHER] serve_subgroup: completed subgroup (group_id=66, subgroup_id=0, 30 objects sent)
timestamp: 3218432 segment: 68:0 priority: 127
[mp4 @ 0x91b010500] Packet duration: -1024 / dts: 3219456 in stream 1 is out of range
[mp4 @ 0x91b010500] pts has no value
[mp4 @ 0x91b010500] Packet duration: -1024 / dts: 3220480 in stream 1 is out of range
[mp4 @ 0x91b010500] pts has no value
[mp4 @ 0x91b010500] Packet duration: -1024 / dts: 3222528 in stream 1 is out of range
[mp4 @ 0x91b010500] pts has no value
[mp4 @ 0x91b010500] Packet duration: -1024 / dts: 3223552 in stream 1 is out of range
[mp4 @ 0x91b010500] pts has no value
[mp4 @ 0x91b010500] Packet duration: -1024 / dts: 3225600 in stream 1 is out of range
[mp4 @ 0x91b010500] pts has no value
[mp4 @ 0x91b010500] Packet duration: -1024 / dts: 3226624 in stream 1 is out of range
[mp4 @ 0x91b010500] pts has no value
[mp4 @ 0x91b010500] Packet duration: -1024 / dts: 3228672 in stream 1 is out of range
[mp4 @ 0x91b010500] pts has no value
[mp4 @ 0x91b010500] Packet duration: -1024 / dts: 3230720 in stream 1 is out of range
[mp4 @ 0x91b010500] pts has no value
[mp4 @ 0x91b010500] Packet duration: -1024 / dts: 3231744 in stream 1 is out of range
[mp4 @ 0x91b010500] pts has no value
[mp4 @ 0x91b010500] Packet duration: -1024 / dts: 3233792 in stream 1 is out of range
[mp4 @ 0x91b010500] pts has no value
[mp4 @ 0x91b010500] Packet duration: -1024 / dts: 3234816 in stream 1 is out of range
[mp4 @ 0x91b010500] pts has no value
[mp4 @ 0x91b010500] Packet duration: -1024 / dts: 3236864 in stream 1 is out of range
[mp4 @ 0x91b010500] pts has no value
[mp4 @ 0x91b010500] Packet duration: -1024 / dts: 3237888 in stream 1 is out of range
[mp4 @ 0x91b010500] pts has no value
[mp4 @ 0x91b010500] Packet duration: -1024 / dts: 3239936 in stream 1 is out of range
[mp4 @ 0x91b010500] pts has no value
[mp4 @ 0x91b010500] Packet duration: -1024 / dts: 3241984 in stream 1 is out of range
[mp4 @ 0x91b010500] pts has no value
[mp4 @ 0x91b010500] Packet duration: -1024 / dts: 3243008 in stream 1 is out of range
[mp4 @ 0x91b010500] pts has no value
[mp4 @ 0x91b010500] Packet duration: -1024 / dts: 3245056 in stream 1 is out of range
[mp4 @ 0x91b010500] pts has no value
[mp4 @ 0x91b010500] Packet duration: -1024 / dts: 3246080 in stream 1 is out of range
[mp4 @ 0x91b010500] pts has no value
[mp4 @ 0x91b010500] Packet duration: -1024 / dts: 3248128 in stream 1 is out of range
[mp4 @ 0x91b010500] pts has no value
[mp4 @ 0x91b010500] Packet duration: -1024 / dts: 3249152 in stream 1 is out of range
[mp4 @ 0x91b010500] pts has no value
[mp4 @ 0x91b010500] Packet duration: -1024 / dts: 3251200 in stream 1 is out of range
[mp4 @ 0x91b010500] pts has no value
[mp4 @ 0x91b010500] Packet duration: -1024 / dts: 3252224 in stream 1 is out of range
[mp4 @ 0x91b010500] pts has no value
[mp4 @ 0x91b010500] Packet duration: -1024 / dts: 3254272 in stream 1 is out of range
[mp4 @ 0x91b010500] pts has no value
[mp4 @ 0x91b010500] Packet duration: -1024 / dts: 3256320 in stream 1 is out of range
[mp4 @ 0x91b010500] pts has no value
[mp4 @ 0x91b010500] Packet duration: -1024 / dts: 3257344 in stream 1 is out of range
[mp4 @ 0x91b010500] pts has no value
[mp4 @ 0x91b010500] Packet duration: -1024 / dts: 3259392 in stream 1 is out of range
[mp4 @ 0x91b010500] pts has no value
[mp4 @ 0x91b010500] Packet duration: -1024 / dts: 3260416 in stream 1 is out of range
[mp4 @ 0x91b010500] pts has no value
[mp4 @ 0x91b010500] Packet duration: -1024 / dts: 3262464 in stream 1 is out of range
[mp4 @ 0x91b010500] pts has no value
[mp4 @ 0x91b010500] Packet duration: -1024 / dts: 3263488 in stream 1 is out of range
[mp4 @ 0x91b010500] pts has no value
[mp4 @ 0x91b010500] Packet duration: -1024 / dts: 3265536 in stream 1 is out of range
[mp4 @ 0x91b010500] pts has no value
timestamp: 1044808 segment: 68:0 priority: 127
[2m2026-08-26T07:57:36.237642Z[0m [32m INFO[0m [2mmoq_transport::session::subscribed[0m[2m:[0m [PUBLISHER] serve_subgroup: completed subgroup (group_id=68, subgroup_id=0, 47 objects sent)
[2m2026-08-26T07:57:36.237782Z[0m [32m INFO[0m [2mmoq_transport::session::subscribed[0m[2m:[0m [PUBLISHER] serve_subgroup: completed subgroup (group_id=67, subgroup_id=0, 30 objects sent)
timestamp: 3266560 segment: 69:0 priority: 127
[mp4 @ 0x91b010500] Packet duration: -1024 / dts: 3267584 in stream 1 is out of range
[mp4 @ 0x91b010500] pts has no value
[mp4 @ 0x91b010500] Packet duration: -1024 / dts: 3268608 in stream 1 is out of range
[mp4 @ 0x91b010500] pts has no value
[mp4 @ 0x91b010500] Packet duration: -1024 / dts: 3270656 in stream 1 is out of range
[mp4 @ 0x91b010500] pts has no value
[mp4 @ 0x91b010500] Packet duration: -1024 / dts: 3271680 in stream 1 is out of range
[mp4 @ 0x91b010500] pts has no value
[mp4 @ 0x91b010500] Packet duration: -1024 / dts: 3273728 in stream 1 is out of range
[mp4 @ 0x91b010500] pts has no value
[mp4 @ 0x91b010500] Packet duration: -1024 / dts: 3274752 in stream 1 is out of range
[mp4 @ 0x91b010500] pts has no value
[mp4 @ 0x91b010500] Packet duration: -1024 / dts: 3276800 in stream 1 is out of range
[mp4 @ 0x91b010500] pts has no value
[mp4 @ 0x91b010500] Packet duration: -1024 / dts: 3277824 in stream 1 is out of range
[mp4 @ 0x91b010500] pts has no value
[mp4 @ 0x91b010500] Packet duration: -1024 / dts: 3279872 in stream 1 is out of range
[mp4 @ 0x91b010500] pts has no value
[mp4 @ 0x91b010500] Packet duration: -1024 / dts: 3281920 in stream 1 is out of range
[mp4 @ 0x91b010500] pts has no value
[mp4 @ 0x91b010500] Packet duration: -1024 / dts: 3282944 in stream 1 is out of range
[mp4 @ 0x91b010500] pts has no value
[mp4 @ 0x91b010500] Packet duration: -1024 / dts: 3284992 in stream 1 is out of range
[mp4 @ 0x91b010500] pts has no value
[mp4 @ 0x91b010500] Packet duration: -1024 / dts: 3286016 in stream 1 is out of range
[mp4 @ 0x91b010500] pts has no value
[mp4 @ 0x91b010500] Packet duration: -1024 / dts: 3288064 in stream 1 is out of range
[mp4 @ 0x91b010500] pts has no value
[mp4 @ 0x91b010500] Packet duration: -1024 / dts: 3289088 in stream 1 is out of range
[mp4 @ 0x91b010500] pts has no value
[mp4 @ 0x91b010500] Packet duration: -1024 / dts: 3291136 in stream 1 is out of range
[mp4 @ 0x91b010500] pts has no value
[mp4 @ 0x91b010500] Packet duration: -1024 / dts: 3293184 in stream 1 is out of range
[mp4 @ 0x91b010500] pts has no value
[mp4 @ 0x91b010500] Packet duration: -1024 / dts: 3294208 in stream 1 is out of range
[mp4 @ 0x91b010500] pts has no value
[mp4 @ 0x91b010500] Packet duration: -1024 / dts: 3296256 in stream 1 is out of range
[mp4 @ 0x91b010500] pts has no value
[mp4 @ 0x91b010500] Packet duration: -1024 / dts: 3297280 in stream 1 is out of range
[mp4 @ 0x91b010500] pts has no value
[mp4 @ 0x91b010500] Packet duration: -1024 / dts: 3299328 in stream 1 is out of range
[mp4 @ 0x91b010500] pts has no value
[mp4 @ 0x91b010500] Packet duration: -1024 / dts: 3300352 in stream 1 is out of range
[mp4 @ 0x91b010500] pts has no value
[mp4 @ 0x91b010500] Packet duration: -1024 / dts: 3302400 in stream 1 is out of range
[mp4 @ 0x91b010500] pts has no value
[mp4 @ 0x91b010500] Packet duration: -1024 / dts: 3303424 in stream 1 is out of range
[mp4 @ 0x91b010500] pts has no value
[mp4 @ 0x91b010500] Packet duration: -1024 / dts: 3305472 in stream 1 is out of range
[mp4 @ 0x91b010500] pts has no value
[mp4 @ 0x91b010500] Packet duration: -1024 / dts: 3307520 in stream 1 is out of range
[mp4 @ 0x91b010500] pts has no value
[mp4 @ 0x91b010500] Packet duration: -1024 / dts: 3308544 in stream 1 is out of range
[mp4 @ 0x91b010500] pts has no value
[mp4 @ 0x91b010500] Packet duration: -1024 / dts: 3310592 in stream 1 is out of range
[mp4 @ 0x91b010500] pts has no value
[mp4 @ 0x91b010500] Packet duration: -1024 / dts: 3311616 in stream 1 is out of range
[mp4 @ 0x91b010500] pts has no value
[mp4 @ 0x91b010500] Packet duration: -1024 / dts: 3313664 in stream 1 is out of range
[mp4 @ 0x91b010500] pts has no value
timestamp: 1060168 segment: 69:0 priority: 127
[2m2026-08-26T07:57:37.244702Z[0m [32m INFO[0m [2mmoq_transport::session::subscribed[0m[2m:[0m [PUBLISHER] serve_subgroup: completed subgroup (group_id=69, subgroup_id=0, 47 objects sent)
[2m2026-08-26T07:57:37.244881Z[0m [32m INFO[0m [2mmoq_transport::session::subscribed[0m[2m:[0m [PUBLISHER] serve_subgroup: completed subgroup (group_id=68, subgroup_id=0, 30 objects sent)
timestamp: 3314688 segment: 70:0 priority: 127
[mp4 @ 0x91b010500] Packet duration: -1024 / dts: 3314688 in stream 1 is out of range
[mp4 @ 0x91b010500] pts has no value
[mp4 @ 0x91b010500] Packet duration: -1024 / dts: 3316736 in stream 1 is out of range
[mp4 @ 0x91b010500] pts has no value
[mp4 @ 0x91b010500] Packet duration: -1024 / dts: 3318784 in stream 1 is out of range
[mp4 @ 0x91b010500] pts has no value
[mp4 @ 0x91b010500] Packet duration: -1024 / dts: 3319808 in stream 1 is out of range
[mp4 @ 0x91b010500] pts has no value
[mp4 @ 0x91b010500] Packet duration: -1024 / dts: 3321856 in stream 1 is out of range
[mp4 @ 0x91b010500] pts has no value
[mp4 @ 0x91b010500] Packet duration: -1024 / dts: 3322880 in stream 1 is out of range
[mp4 @ 0x91b010500] pts has no value
[mp4 @ 0x91b010500] Packet duration: -1024 / dts: 3324928 in stream 1 is out of range
[mp4 @ 0x91b010500] pts has no value
[mp4 @ 0x91b010500] Packet duration: -1024 / dts: 3325952 in stream 1 is out of range
[mp4 @ 0x91b010500] pts has no value
[mp4 @ 0x91b010500] Packet duration: -1024 / dts: 3328000 in stream 1 is out of range
[mp4 @ 0x91b010500] pts has no value
[mp4 @ 0x91b010500] Packet duration: -1024 / dts: 3329024 in stream 1 is out of range
[mp4 @ 0x91b010500] pts has no value
[mp4 @ 0x91b010500] Packet duration: -1024 / dts: 3331072 in stream 1 is out of range
[mp4 @ 0x91b010500] pts has no value
[mp4 @ 0x91b010500] Packet duration: -1024 / dts: 3333120 in stream 1 is out of range
[mp4 @ 0x91b010500] pts has no value
[mp4 @ 0x91b010500] Packet duration: -1024 / dts: 3334144 in stream 1 is out of range
[mp4 @ 0x91b010500] pts has no value
[mp4 @ 0x91b010500] Packet duration: -1024 / dts: 3336192 in stream 1 is out of range
[mp4 @ 0x91b010500] pts has no value
[mp4 @ 0x91b010500] Packet duration: -1024 / dts: 3337216 in stream 1 is out of range
[mp4 @ 0x91b010500] pts has no value
[mp4 @ 0x91b010500] Packet duration: -1024 / dts: 3339264 in stream 1 is out of range
[mp4 @ 0x91b010500] pts has no value
[mp4 @ 0x91b010500] Packet duration: -1024 / dts: 3340288 in stream 1 is out of range
[mp4 @ 0x91b010500] pts has no value
[mp4 @ 0x91b010500] Packet duration: -1024 / dts: 3342336 in stream 1 is out of range
[mp4 @ 0x91b010500] pts has no value
[mp4 @ 0x91b010500] Packet duration: -1024 / dts: 3344384 in stream 1 is out of range
[mp4 @ 0x91b010500] pts has no value
[mp4 @ 0x91b010500] Packet duration: -1024 / dts: 3345408 in stream 1 is out of range
[mp4 @ 0x91b010500] pts has no value
[mp4 @ 0x91b010500] Packet duration: -1024 / dts: 3347456 in stream 1 is out of range
[mp4 @ 0x91b010500] pts has no value
[mp4 @ 0x91b010500] Packet duration: -1024 / dts: 3348480 in stream 1 is out of range
[mp4 @ 0x91b010500] pts has no value
[mp4 @ 0x91b010500] Packet duration: -1024 / dts: 3350528 in stream 1 is out of range
[mp4 @ 0x91b010500] pts has no value
[mp4 @ 0x91b010500] Packet duration: -1024 / dts: 3351552 in stream 1 is out of range
[mp4 @ 0x91b010500] pts has no value
[mp4 @ 0x91b010500] Packet duration: -1024 / dts: 3353600 in stream 1 is out of range
[mp4 @ 0x91b010500] pts has no value
[mp4 @ 0x91b010500] Packet duration: -1024 / dts: 3354624 in stream 1 is out of range
[mp4 @ 0x91b010500] pts has no value
[mp4 @ 0x91b010500] Packet duration: -1024 / dts: 3356672 in stream 1 is out of range
[mp4 @ 0x91b010500] pts has no value
[mp4 @ 0x91b010500] Packet duration: -1024 / dts: 3358720 in stream 1 is out of range
[mp4 @ 0x91b010500] pts has no value
[mp4 @ 0x91b010500] Packet duration: -1024 / dts: 3359744 in stream 1 is out of range
[mp4 @ 0x91b010500] pts has no value
[mp4 @ 0x91b010500] Packet duration: -1024 / dts: 3361792 in stream 1 is out of range
[mp4 @ 0x91b010500] pts has no value
timestamp: 1075528 segment: 70:0 priority: 127
[2m2026-08-26T07:57:38.252633Z[0m [32m INFO[0m [2mmoq_transport::session::subscribed[0m[2m:[0m [PUBLISHER] serve_subgroup: completed subgroup (group_id=70, subgroup_id=0, 47 objects sent)
[2m2026-08-26T07:57:38.252663Z[0m [32m INFO[0m [2mmoq_transport::session::subscribed[0m[2m:[0m [PUBLISHER] serve_subgroup: completed subgroup (group_id=69, subgroup_id=0, 30 objects sent)
timestamp: 3362816 segment: 71:0 priority: 127
[mp4 @ 0x91b010500] Packet duration: -1024 / dts: 3362816 in stream 1 is out of range
[mp4 @ 0x91b010500] pts has no value
[mp4 @ 0x91b010500] Packet duration: -1024 / dts: 3364864 in stream 1 is out of range
[mp4 @ 0x91b010500] pts has no value
[mp4 @ 0x91b010500] Packet duration: -1024 / dts: 3365888 in stream 1 is out of range
[mp4 @ 0x91b010500] pts has no value
[mp4 @ 0x91b010500] Packet duration: -1024 / dts: 3367936 in stream 1 is out of range
[mp4 @ 0x91b010500] pts has no value
[mp4 @ 0x91b010500] Packet duration: -1024 / dts: 3369984 in stream 1 is out of range
[mp4 @ 0x91b010500] pts has no value
[mp4 @ 0x91b010500] Packet duration: -1024 / dts: 3371008 in stream 1 is out of range
[mp4 @ 0x91b010500] pts has no value
[mp4 @ 0x91b010500] Packet duration: -1024 / dts: 3373056 in stream 1 is out of range
[mp4 @ 0x91b010500] pts has no value
[mp4 @ 0x91b010500] Packet duration: -1024 / dts: 3374080 in stream 1 is out of range
[mp4 @ 0x91b010500] pts has no value
[mp4 @ 0x91b010500] Packet duration: -1024 / dts: 3376128 in stream 1 is out of range
[mp4 @ 0x91b010500] pts has no value
[mp4 @ 0x91b010500] Packet duration: -1024 / dts: 3377152 in stream 1 is out of range
[mp4 @ 0x91b010500] pts has no value
[mp4 @ 0x91b010500] Packet duration: -1024 / dts: 3379200 in stream 1 is out of range
[mp4 @ 0x91b010500] pts has no value
[mp4 @ 0x91b010500] Packet duration: -1024 / dts: 3380224 in stream 1 is out of range
[mp4 @ 0x91b010500] pts has no value
[mp4 @ 0x91b010500] Packet duration: -1024 / dts: 3382272 in stream 1 is out of range
[mp4 @ 0x91b010500] pts has no value
[mp4 @ 0x91b010500] Packet duration: -1024 / dts: 3384320 in stream 1 is out of range
[mp4 @ 0x91b010500] pts has no value
[mp4 @ 0x91b010500] Packet duration: -1024 / dts: 3385344 in stream 1 is out of range
[mp4 @ 0x91b010500] pts has no value
[mp4 @ 0x91b010500] Packet duration: -1024 / dts: 3387392 in stream 1 is out of range
[mp4 @ 0x91b010500] pts has no value
[mp4 @ 0x91b010500] Packet duration: -1024 / dts: 3388416 in stream 1 is out of range
[mp4 @ 0x91b010500] pts has no value
[mp4 @ 0x91b010500] Packet duration: -1024 / dts: 3390464 in stream 1 is out of range
[mp4 @ 0x91b010500] pts has no value
[mp4 @ 0x91b010500] Packet duration: -1024 / dts: 3391488 in stream 1 is out of range
[mp4 @ 0x91b010500] pts has no value
[mp4 @ 0x91b010500] Packet duration: -1024 / dts: 3393536 in stream 1 is out of range
[mp4 @ 0x91b010500] pts has no value
[mp4 @ 0x91b010500] Packet duration: -1024 / dts: 3395584 in stream 1 is out of range
[mp4 @ 0x91b010500] pts has no value
[mp4 @ 0x91b010500] Packet duration: -1024 / dts: 3396608 in stream 1 is out of range
[mp4 @ 0x91b010500] pts has no value
[mp4 @ 0x91b010500] Packet duration: -1024 / dts: 3398656 in stream 1 is out of range
[mp4 @ 0x91b010500] pts has no value
[mp4 @ 0x91b010500] Packet duration: -1024 / dts: 3399680 in stream 1 is out of range
[mp4 @ 0x91b010500] pts has no value
[mp4 @ 0x91b010500] Packet duration: -1024 / dts: 3401728 in stream 1 is out of range
[mp4 @ 0x91b010500] pts has no value
[mp4 @ 0x91b010500] Packet duration: -1024 / dts: 3402752 in stream 1 is out of range
[mp4 @ 0x91b010500] pts has no value
[mp4 @ 0x91b010500] Packet duration: -1024 / dts: 3404800 in stream 1 is out of range
[mp4 @ 0x91b010500] pts has no value
[mp4 @ 0x91b010500] Packet duration: -1024 / dts: 3405824 in stream 1 is out of range
[mp4 @ 0x91b010500] pts has no value
[mp4 @ 0x91b010500] Packet duration: -1024 / dts: 3407872 in stream 1 is out of range
[mp4 @ 0x91b010500] pts has no value
[mp4 @ 0x91b010500] Packet duration: -1024 / dts: 3409920 in stream 1 is out of range
[mp4 @ 0x91b010500] pts has no value
timestamp: 1090888 segment: 71:0 priority: 127
[2m2026-08-26T07:57:39.257426Z[0m [32m INFO[0m [2mmoq_transport::session::subscribed[0m[2m:[0m [PUBLISHER] serve_subgroup: completed subgroup (group_id=71, subgroup_id=0, 47 objects sent)
[2m2026-08-26T07:57:39.257458Z[0m [32m INFO[0m [2mmoq_transport::session::subscribed[0m[2m:[0m [PUBLISHER] serve_subgroup: completed subgroup (group_id=70, subgroup_id=0, 30 objects sent)
timestamp: 3410944 segment: 72:0 priority: 127
[mp4 @ 0x91b010500] Packet duration: -1024 / dts: 3410944 in stream 1 is out of range
[mp4 @ 0x91b010500] pts has no value
[mp4 @ 0x91b010500] Packet duration: -1024 / dts: 3412992 in stream 1 is out of range
[mp4 @ 0x91b010500] pts has no value
[mp4 @ 0x91b010500] Packet duration: -1024 / dts: 3414016 in stream 1 is out of range
[mp4 @ 0x91b010500] pts has no value
[mp4 @ 0x91b010500] Packet duration: -1024 / dts: 3416064 in stream 1 is out of range
[mp4 @ 0x91b010500] pts has no value
[mp4 @ 0x91b010500] Packet duration: -1024 / dts: 3417088 in stream 1 is out of range
[mp4 @ 0x91b010500] pts has no value
[mp4 @ 0x91b010500] Packet duration: -1024 / dts: 3419136 in stream 1 is out of range
[mp4 @ 0x91b010500] pts has no value
[mp4 @ 0x91b010500] Packet duration: -1024 / dts: 3421184 in stream 1 is out of range
[mp4 @ 0x91b010500] pts has no value
[mp4 @ 0x91b010500] Packet duration: -1024 / dts: 3422208 in stream 1 is out of range
[mp4 @ 0x91b010500] pts has no value
[mp4 @ 0x91b010500] Packet duration: -1024 / dts: 3424256 in stream 1 is out of range
[mp4 @ 0x91b010500] pts has no value
[mp4 @ 0x91b010500] Packet duration: -1024 / dts: 3425280 in stream 1 is out of range
[mp4 @ 0x91b010500] pts has no value
[mp4 @ 0x91b010500] Packet duration: -1024 / dts: 3427328 in stream 1 is out of range
[mp4 @ 0x91b010500] pts has no value
[mp4 @ 0x91b010500] Packet duration: -1024 / dts: 3428352 in stream 1 is out of range
[mp4 @ 0x91b010500] pts has no value
[mp4 @ 0x91b010500] Packet duration: -1024 / dts: 3430400 in stream 1 is out of range
[mp4 @ 0x91b010500] pts has no value
[mp4 @ 0x91b010500] Packet duration: -1024 / dts: 3431424 in stream 1 is out of range
[mp4 @ 0x91b010500] pts has no value
[mp4 @ 0x91b010500] Packet duration: -1024 / dts: 3433472 in stream 1 is out of range
[mp4 @ 0x91b010500] pts has no value
[mp4 @ 0x91b010500] Packet duration: -1024 / dts: 3435520 in stream 1 is out of range
[mp4 @ 0x91b010500] pts has no value
[mp4 @ 0x91b010500] Packet duration: -1024 / dts: 3436544 in stream 1 is out of range
[mp4 @ 0x91b010500] pts has no value
[mp4 @ 0x91b010500] Packet duration: -1024 / dts: 3438592 in stream 1 is out of range
[mp4 @ 0x91b010500] pts has no value
[mp4 @ 0x91b010500] Packet duration: -1024 / dts: 3439616 in stream 1 is out of range
[mp4 @ 0x91b010500] pts has no value
[mp4 @ 0x91b010500] Packet duration: -1024 / dts: 3441664 in stream 1 is out of range
[mp4 @ 0x91b010500] pts has no value
[mp4 @ 0x91b010500] Packet duration: -1024 / dts: 3442688 in stream 1 is out of range
[mp4 @ 0x91b010500] pts has no value
[mp4 @ 0x91b010500] Packet duration: -1024 / dts: 3444736 in stream 1 is out of range
[mp4 @ 0x91b010500] pts has no value
[mp4 @ 0x91b010500] Packet duration: -1024 / dts: 3446784 in stream 1 is out of range
[mp4 @ 0x91b010500] pts has no value
[mp4 @ 0x91b010500] Packet duration: -1024 / dts: 3447808 in stream 1 is out of range
[mp4 @ 0x91b010500] pts has no value
[mp4 @ 0x91b010500] Packet duration: -1024 / dts: 3449856 in stream 1 is out of range
[mp4 @ 0x91b010500] pts has no value
[mp4 @ 0x91b010500] Packet duration: -1024 / dts: 3450880 in stream 1 is out of range
[mp4 @ 0x91b010500] pts has no value
[mp4 @ 0x91b010500] Packet duration: -1024 / dts: 3452928 in stream 1 is out of range
[mp4 @ 0x91b010500] pts has no value
[mp4 @ 0x91b010500] Packet duration: -1024 / dts: 3453952 in stream 1 is out of range
[mp4 @ 0x91b010500] pts has no value
[mp4 @ 0x91b010500] Packet duration: -1024 / dts: 3456000 in stream 1 is out of range
[mp4 @ 0x91b010500] pts has no value
[mp4 @ 0x91b010500] Packet duration: -1024 / dts: 3457024 in stream 1 is out of range
[mp4 @ 0x91b010500] pts has no value
timestamp: 1106248 segment: 72:0 priority: 127
[2m2026-08-26T07:57:40.261438Z[0m [32m INFO[0m [2mmoq_transport::session::subscribed[0m[2m:[0m [PUBLISHER] serve_subgroup: completed subgroup (group_id=72, subgroup_id=0, 46 objects sent)
[2m2026-08-26T07:57:40.261475Z[0m [32m INFO[0m [2mmoq_transport::session::subscribed[0m[2m:[0m [PUBLISHER] serve_subgroup: completed subgroup (group_id=71, subgroup_id=0, 30 objects sent)
timestamp: 3458048 segment: 73:0 priority: 127
[mp4 @ 0x91b010500] Packet duration: -1024 / dts: 3459072 in stream 1 is out of range
[mp4 @ 0x91b010500] pts has no value
[mp4 @ 0x91b010500] Packet duration: -1024 / dts: 3461120 in stream 1 is out of range
[mp4 @ 0x91b010500] pts has no value
[mp4 @ 0x91b010500] Packet duration: -1024 / dts: 3462144 in stream 1 is out of range
[mp4 @ 0x91b010500] pts has no value
[mp4 @ 0x91b010500] Packet duration: -1024 / dts: 3464192 in stream 1 is out of range
[mp4 @ 0x91b010500] pts has no value
[mp4 @ 0x91b010500] Packet duration: -1024 / dts: 3465216 in stream 1 is out of range
[mp4 @ 0x91b010500] pts has no value
[mp4 @ 0x91b010500] Packet duration: -1024 / dts: 3467264 in stream 1 is out of range
[mp4 @ 0x91b010500] pts has no value
[mp4 @ 0x91b010500] Packet duration: -1024 / dts: 3468288 in stream 1 is out of range
[mp4 @ 0x91b010500] pts has no value
[mp4 @ 0x91b010500] Packet duration: -1024 / dts: 3470336 in stream 1 is out of range
[mp4 @ 0x91b010500] pts has no value
[mp4 @ 0x91b010500] Packet duration: -1024 / dts: 3472384 in stream 1 is out of range
[mp4 @ 0x91b010500] pts has no value
[mp4 @ 0x91b010500] Packet duration: -1024 / dts: 3473408 in stream 1 is out of range
[mp4 @ 0x91b010500] pts has no value
[mp4 @ 0x91b010500] Packet duration: -1024 / dts: 3475456 in stream 1 is out of range
[mp4 @ 0x91b010500] pts has no value
[mp4 @ 0x91b010500] Packet duration: -1024 / dts: 3476480 in stream 1 is out of range
[mp4 @ 0x91b010500] pts has no value
[mp4 @ 0x91b010500] Packet duration: -1024 / dts: 3478528 in stream 1 is out of range
[mp4 @ 0x91b010500] pts has no value
[mp4 @ 0x91b010500] Packet duration: -1024 / dts: 3479552 in stream 1 is out of range
[mp4 @ 0x91b010500] pts has no value
[mp4 @ 0x91b010500] Packet duration: -1024 / dts: 3481600 in stream 1 is out of range
[mp4 @ 0x91b010500] pts has no value
[mp4 @ 0x91b010500] Packet duration: -1024 / dts: 3482624 in stream 1 is out of range
[mp4 @ 0x91b010500] pts has no value
[mp4 @ 0x91b010500] Packet duration: -1024 / dts: 3484672 in stream 1 is out of range
[mp4 @ 0x91b010500] pts has no value
[mp4 @ 0x91b010500] Packet duration: -1024 / dts: 3486720 in stream 1 is out of range
[mp4 @ 0x91b010500] pts has no value
[mp4 @ 0x91b010500] Packet duration: -1024 / dts: 3487744 in stream 1 is out of range
[mp4 @ 0x91b010500] pts has no value
[mp4 @ 0x91b010500] Packet duration: -1024 / dts: 3489792 in stream 1 is out of range
[mp4 @ 0x91b010500] pts has no value
[mp4 @ 0x91b010500] Packet duration: -1024 / dts: 3490816 in stream 1 is out of range
[mp4 @ 0x91b010500] pts has no value
[mp4 @ 0x91b010500] Packet duration: -1024 / dts: 3492864 in stream 1 is out of range
[mp4 @ 0x91b010500] pts has no value
[mp4 @ 0x91b010500] Packet duration: -1024 / dts: 3493888 in stream 1 is out of range
[mp4 @ 0x91b010500] pts has no value
[mp4 @ 0x91b010500] Packet duration: -1024 / dts: 3495936 in stream 1 is out of range
[mp4 @ 0x91b010500] pts has no value
[mp4 @ 0x91b010500] Packet duration: -1024 / dts: 3497984 in stream 1 is out of range
[mp4 @ 0x91b010500] pts has no value
[mp4 @ 0x91b010500] Packet duration: -1024 / dts: 3499008 in stream 1 is out of range
[mp4 @ 0x91b010500] pts has no value
[mp4 @ 0x91b010500] Packet duration: -1024 / dts: 3501056 in stream 1 is out of range
[mp4 @ 0x91b010500] pts has no value
[mp4 @ 0x91b010500] Packet duration: -1024 / dts: 3502080 in stream 1 is out of range
[mp4 @ 0x91b010500] pts has no value
[mp4 @ 0x91b010500] Packet duration: -1024 / dts: 3504128 in stream 1 is out of range
[mp4 @ 0x91b010500] pts has no value
[mp4 @ 0x91b010500] Packet duration: -1024 / dts: 3505152 in stream 1 is out of range
[mp4 @ 0x91b010500] pts has no value
timestamp: 1121608 segment: 73:0 priority: 127
timestamp: 3506176 segment: 74:0 priority: 127
[2m2026-08-26T07:57:41.269102Z[0m [32m INFO[0m [2mmoq_transport::session::subscribed[0m[2m:[0m [PUBLISHER] serve_subgroup: completed subgroup (group_id=73, subgroup_id=0, 47 objects sent)
[2m2026-08-26T07:57:41.269521Z[0m [32m INFO[0m [2mmoq_transport::session::subscribed[0m[2m:[0m [PUBLISHER] serve_subgroup: completed subgroup (group_id=72, subgroup_id=0, 30 objects sent)
[mp4 @ 0x91b010500] Packet duration: -1024 / dts: 3507200 in stream 1 is out of range
[mp4 @ 0x91b010500] pts has no value
[mp4 @ 0x91b010500] Packet duration: -1024 / dts: 3508224 in stream 1 is out of range
[mp4 @ 0x91b010500] pts has no value
[mp4 @ 0x91b010500] Packet duration: -1024 / dts: 3510272 in stream 1 is out of range
[mp4 @ 0x91b010500] pts has no value
[mp4 @ 0x91b010500] Packet duration: -1024 / dts: 3512320 in stream 1 is out of range
[mp4 @ 0x91b010500] pts has no value
[mp4 @ 0x91b010500] Packet duration: -1024 / dts: 3513344 in stream 1 is out of range
[mp4 @ 0x91b010500] pts has no value
[mp4 @ 0x91b010500] Packet duration: -1024 / dts: 3515392 in stream 1 is out of range
[mp4 @ 0x91b010500] pts has no value
[mp4 @ 0x91b010500] Packet duration: -1024 / dts: 3516416 in stream 1 is out of range
[mp4 @ 0x91b010500] pts has no value
[mp4 @ 0x91b010500] Packet duration: -1024 / dts: 3518464 in stream 1 is out of range
[mp4 @ 0x91b010500] pts has no value
[mp4 @ 0x91b010500] Packet duration: -1024 / dts: 3519488 in stream 1 is out of range
[mp4 @ 0x91b010500] pts has no value
[mp4 @ 0x91b010500] Packet duration: -1024 / dts: 3521536 in stream 1 is out of range
[mp4 @ 0x91b010500] pts has no value
[mp4 @ 0x91b010500] Packet duration: -1024 / dts: 3523584 in stream 1 is out of range
[mp4 @ 0x91b010500] pts has no value
[mp4 @ 0x91b010500] Packet duration: -1024 / dts: 3524608 in stream 1 is out of range
[mp4 @ 0x91b010500] pts has no value
[mp4 @ 0x91b010500] Packet duration: -1024 / dts: 3526656 in stream 1 is out of range
[mp4 @ 0x91b010500] pts has no value
[mp4 @ 0x91b010500] Packet duration: -1024 / dts: 3527680 in stream 1 is out of range
[mp4 @ 0x91b010500] pts has no value
[mp4 @ 0x91b010500] Packet duration: -1024 / dts: 3529728 in stream 1 is out of range
[mp4 @ 0x91b010500] pts has no value
[mp4 @ 0x91b010500] Packet duration: -1024 / dts: 3530752 in stream 1 is out of range
[mp4 @ 0x91b010500] pts has no value
[mp4 @ 0x91b010500] Packet duration: -1024 / dts: 3532800 in stream 1 is out of range
[mp4 @ 0x91b010500] pts has no value
[mp4 @ 0x91b010500] Packet duration: -1024 / dts: 3533824 in stream 1 is out of range
[mp4 @ 0x91b010500] pts has no value
[mp4 @ 0x91b010500] Packet duration: -1024 / dts: 3535872 in stream 1 is out of range
[mp4 @ 0x91b010500] pts has no value
[mp4 @ 0x91b010500] Packet duration: -1024 / dts: 3537920 in stream 1 is out of range
[mp4 @ 0x91b010500] pts has no value
[mp4 @ 0x91b010500] Packet duration: -1024 / dts: 3538944 in stream 1 is out of range
[mp4 @ 0x91b010500] pts has no value
[mp4 @ 0x91b010500] Packet duration: -1024 / dts: 3540992 in stream 1 is out of range
[mp4 @ 0x91b010500] pts has no value
[mp4 @ 0x91b010500] Packet duration: -1024 / dts: 3542016 in stream 1 is out of range
[mp4 @ 0x91b010500] pts has no value
[mp4 @ 0x91b010500] Packet duration: -1024 / dts: 3544064 in stream 1 is out of range
[mp4 @ 0x91b010500] pts has no value
[mp4 @ 0x91b010500] Packet duration: -1024 / dts: 3545088 in stream 1 is out of range
[mp4 @ 0x91b010500] pts has no value
[mp4 @ 0x91b010500] Packet duration: -1024 / dts: 3547136 in stream 1 is out of range
[mp4 @ 0x91b010500] pts has no value
[mp4 @ 0x91b010500] Packet duration: -1024 / dts: 3549184 in stream 1 is out of range
[mp4 @ 0x91b010500] pts has no value
[mp4 @ 0x91b010500] Packet duration: -1024 / dts: 3550208 in stream 1 is out of range
[mp4 @ 0x91b010500] pts has no value
[mp4 @ 0x91b010500] Packet duration: -1024 / dts: 3552256 in stream 1 is out of range
[mp4 @ 0x91b010500] pts has no value
[mp4 @ 0x91b010500] Packet duration: -1024 / dts: 3553280 in stream 1 is out of range
[mp4 @ 0x91b010500] pts has no value
timestamp: 1136968 segment: 74:0 priority: 127
timestamp: 3554304 segment: 75:0 priority: 127
[2m2026-08-26T07:57:42.271879Z[0m [32m INFO[0m [2mmoq_transport::session::subscribed[0m[2m:[0m [PUBLISHER] serve_subgroup: completed subgroup (group_id=74, subgroup_id=0, 47 objects sent)
[2m2026-08-26T07:57:42.272173Z[0m [32m INFO[0m [2mmoq_transport::session::subscribed[0m[2m:[0m [PUBLISHER] serve_subgroup: completed subgroup (group_id=73, subgroup_id=0, 30 objects sent)
[mp4 @ 0x91b010500] Packet duration: -1024 / dts: 3555328 in stream 1 is out of range
[mp4 @ 0x91b010500] pts has no value
[mp4 @ 0x91b010500] Packet duration: -1024 / dts: 3556352 in stream 1 is out of range
[mp4 @ 0x91b010500] pts has no value
[mp4 @ 0x91b010500] Packet duration: -1024 / dts: 3558400 in stream 1 is out of range
[mp4 @ 0x91b010500] pts has no value
[mp4 @ 0x91b010500] Packet duration: -1024 / dts: 3559424 in stream 1 is out of range
[mp4 @ 0x91b010500] pts has no value
[mp4 @ 0x91b010500] Packet duration: -1024 / dts: 3561472 in stream 1 is out of range
[mp4 @ 0x91b010500] pts has no value
[mp4 @ 0x91b010500] Packet duration: -1024 / dts: 3563520 in stream 1 is out of range
[mp4 @ 0x91b010500] pts has no value
[mp4 @ 0x91b010500] Packet duration: -1024 / dts: 3564544 in stream 1 is out of range
[mp4 @ 0x91b010500] pts has no value
[mp4 @ 0x91b010500] Packet duration: -1024 / dts: 3566592 in stream 1 is out of range
[mp4 @ 0x91b010500] pts has no value
[mp4 @ 0x91b010500] Packet duration: -1024 / dts: 3567616 in stream 1 is out of range
[mp4 @ 0x91b010500] pts has no value
[mp4 @ 0x91b010500] Packet duration: -1024 / dts: 3569664 in stream 1 is out of range
[mp4 @ 0x91b010500] pts has no value
[mp4 @ 0x91b010500] Packet duration: -1024 / dts: 3570688 in stream 1 is out of range
[mp4 @ 0x91b010500] pts has no value
[mp4 @ 0x91b010500] Packet duration: -1024 / dts: 3572736 in stream 1 is out of range
[mp4 @ 0x91b010500] pts has no value
[mp4 @ 0x91b010500] Packet duration: -1024 / dts: 3574784 in stream 1 is out of range
[mp4 @ 0x91b010500] pts has no value
[mp4 @ 0x91b010500] Packet duration: -1024 / dts: 3575808 in stream 1 is out of range
[mp4 @ 0x91b010500] pts has no value
[mp4 @ 0x91b010500] Packet duration: -1024 / dts: 3577856 in stream 1 is out of range
[mp4 @ 0x91b010500] pts has no value
[mp4 @ 0x91b010500] Packet duration: -1024 / dts: 3578880 in stream 1 is out of range
[mp4 @ 0x91b010500] pts has no value
[mp4 @ 0x91b010500] Packet duration: -1024 / dts: 3580928 in stream 1 is out of range
[mp4 @ 0x91b010500] pts has no value
[mp4 @ 0x91b010500] Packet duration: -1024 / dts: 3581952 in stream 1 is out of range
[mp4 @ 0x91b010500] pts has no value
[mp4 @ 0x91b010500] Packet duration: -1024 / dts: 3584000 in stream 1 is out of range
[mp4 @ 0x91b010500] pts has no value
[mp4 @ 0x91b010500] Packet duration: -1024 / dts: 3585024 in stream 1 is out of range
[mp4 @ 0x91b010500] pts has no value
[mp4 @ 0x91b010500] Packet duration: -1024 / dts: 3587072 in stream 1 is out of range
[mp4 @ 0x91b010500] pts has no value
[mp4 @ 0x91b010500] Packet duration: -1024 / dts: 3589120 in stream 1 is out of range
[mp4 @ 0x91b010500] pts has no value
[mp4 @ 0x91b010500] Packet duration: -1024 / dts: 3590144 in stream 1 is out of range
[mp4 @ 0x91b010500] pts has no value
[mp4 @ 0x91b010500] Packet duration: -1024 / dts: 3592192 in stream 1 is out of range
[mp4 @ 0x91b010500] pts has no value
[mp4 @ 0x91b010500] Packet duration: -1024 / dts: 3593216 in stream 1 is out of range
[mp4 @ 0x91b010500] pts has no value
[mp4 @ 0x91b010500] Packet duration: -1024 / dts: 3595264 in stream 1 is out of range
[mp4 @ 0x91b010500] pts has no value
[mp4 @ 0x91b010500] Packet duration: -1024 / dts: 3596288 in stream 1 is out of range
[mp4 @ 0x91b010500] pts has no value
[mp4 @ 0x91b010500] Packet duration: -1024 / dts: 3598336 in stream 1 is out of range
[mp4 @ 0x91b010500] pts has no value
[mp4 @ 0x91b010500] Packet duration: -1024 / dts: 3600384 in stream 1 is out of range
[mp4 @ 0x91b010500] pts has no value
[mp4 @ 0x91b010500] Packet duration: -1024 / dts: 3601408 in stream 1 is out of range
[mp4 @ 0x91b010500] pts has no value
timestamp: 1152328 segment: 75:0 priority: 127
[2m2026-08-26T07:57:43.274743Z[0m [32m INFO[0m [2mmoq_transport::session::subscribed[0m[2m:[0m [PUBLISHER] serve_subgroup: completed subgroup (group_id=75, subgroup_id=0, 47 objects sent)
[2m2026-08-26T07:57:43.274955Z[0m [32m INFO[0m [2mmoq_transport::session::subscribed[0m[2m:[0m [PUBLISHER] serve_subgroup: completed subgroup (group_id=74, subgroup_id=0, 30 objects sent)
timestamp: 3602432 segment: 76:0 priority: 127
[mp4 @ 0x91b010500] Packet duration: -1024 / dts: 3603456 in stream 1 is out of range
[mp4 @ 0x91b010500] pts has no value
[mp4 @ 0x91b010500] Packet duration: -1024 / dts: 3604480 in stream 1 is out of range
[mp4 @ 0x91b010500] pts has no value
[mp4 @ 0x91b010500] Packet duration: -1024 / dts: 3606528 in stream 1 is out of range
[mp4 @ 0x91b010500] pts has no value
[mp4 @ 0x91b010500] Packet duration: -1024 / dts: 3607552 in stream 1 is out of range
[mp4 @ 0x91b010500] pts has no value
[mp4 @ 0x91b010500] Packet duration: -1024 / dts: 3609600 in stream 1 is out of range
[mp4 @ 0x91b010500] pts has no value
[mp4 @ 0x91b010500] Packet duration: -1024 / dts: 3610624 in stream 1 is out of range
[mp4 @ 0x91b010500] pts has no value
[mp4 @ 0x91b010500] Packet duration: -1024 / dts: 3612672 in stream 1 is out of range
[mp4 @ 0x91b010500] pts has no value
[mp4 @ 0x91b010500] Packet duration: -1024 / dts: 3614720 in stream 1 is out of range
[mp4 @ 0x91b010500] pts has no value
[mp4 @ 0x91b010500] Packet duration: -1024 / dts: 3615744 in stream 1 is out of range
[mp4 @ 0x91b010500] pts has no value
[mp4 @ 0x91b010500] Packet duration: -1024 / dts: 3617792 in stream 1 is out of range
[mp4 @ 0x91b010500] pts has no value
[mp4 @ 0x91b010500] Packet duration: -1024 / dts: 3618816 in stream 1 is out of range
[mp4 @ 0x91b010500] pts has no value
[mp4 @ 0x91b010500] Packet duration: -1024 / dts: 3620864 in stream 1 is out of range
[mp4 @ 0x91b010500] pts has no value
[mp4 @ 0x91b010500] Packet duration: -1024 / dts: 3621888 in stream 1 is out of range
[mp4 @ 0x91b010500] pts has no value
[mp4 @ 0x91b010500] Packet duration: -1024 / dts: 3623936 in stream 1 is out of range
[mp4 @ 0x91b010500] pts has no value
[mp4 @ 0x91b010500] Packet duration: -1024 / dts: 3625984 in stream 1 is out of range
[mp4 @ 0x91b010500] pts has no value
[mp4 @ 0x91b010500] Packet duration: -1024 / dts: 3627008 in stream 1 is out of range
[mp4 @ 0x91b010500] pts has no value
[mp4 @ 0x91b010500] Packet duration: -1024 / dts: 3629056 in stream 1 is out of range
[mp4 @ 0x91b010500] pts has no value
[mp4 @ 0x91b010500] Packet duration: -1024 / dts: 3630080 in stream 1 is out of range
[mp4 @ 0x91b010500] pts has no value
[mp4 @ 0x91b010500] Packet duration: -1024 / dts: 3632128 in stream 1 is out of range
[mp4 @ 0x91b010500] pts has no value
[mp4 @ 0x91b010500] Packet duration: -1024 / dts: 3633152 in stream 1 is out of range
[mp4 @ 0x91b010500] pts has no value
[mp4 @ 0x91b010500] Packet duration: -1024 / dts: 3635200 in stream 1 is out of range
[mp4 @ 0x91b010500] pts has no value
[mp4 @ 0x91b010500] Packet duration: -1024 / dts: 3636224 in stream 1 is out of range
[mp4 @ 0x91b010500] pts has no value
[mp4 @ 0x91b010500] Packet duration: -1024 / dts: 3638272 in stream 1 is out of range
[mp4 @ 0x91b010500] pts has no value
[mp4 @ 0x91b010500] Packet duration: -1024 / dts: 3640320 in stream 1 is out of range
[mp4 @ 0x91b010500] pts has no value
[mp4 @ 0x91b010500] Packet duration: -1024 / dts: 3641344 in stream 1 is out of range
[mp4 @ 0x91b010500] pts has no value
[mp4 @ 0x91b010500] Packet duration: -1024 / dts: 3643392 in stream 1 is out of range
[mp4 @ 0x91b010500] pts has no value
[mp4 @ 0x91b010500] Packet duration: -1024 / dts: 3644416 in stream 1 is out of range
[mp4 @ 0x91b010500] pts has no value
[mp4 @ 0x91b010500] Packet duration: -1024 / dts: 3646464 in stream 1 is out of range
[mp4 @ 0x91b010500] pts has no value
[mp4 @ 0x91b010500] Packet duration: -1024 / dts: 3647488 in stream 1 is out of range
[mp4 @ 0x91b010500] pts has no value
[mp4 @ 0x91b010500] Packet duration: -1024 / dts: 3649536 in stream 1 is out of range
[mp4 @ 0x91b010500] pts has no value
timestamp: 1167688 segment: 76:0 priority: 127
[2m2026-08-26T07:57:44.274110Z[0m [32m INFO[0m [2mmoq_transport::session::subscribed[0m[2m:[0m [PUBLISHER] serve_subgroup: completed subgroup (group_id=76, subgroup_id=0, 47 objects sent)
[2m2026-08-26T07:57:44.274150Z[0m [32m INFO[0m [2mmoq_transport::session::subscribed[0m[2m:[0m [PUBLISHER] serve_subgroup: completed subgroup (group_id=75, subgroup_id=0, 30 objects sent)
timestamp: 3650560 segment: 77:0 priority: 127
[mp4 @ 0x91b010500] Packet duration: -1024 / dts: 3651584 in stream 1 is out of range
[mp4 @ 0x91b010500] pts has no value
[mp4 @ 0x91b010500] Packet duration: -1024 / dts: 3652608 in stream 1 is out of range
[mp4 @ 0x91b010500] pts has no value
[mp4 @ 0x91b010500] Packet duration: -1024 / dts: 3654656 in stream 1 is out of range
[mp4 @ 0x91b010500] pts has no value
[mp4 @ 0x91b010500] Packet duration: -1024 / dts: 3655680 in stream 1 is out of range
[mp4 @ 0x91b010500] pts has no value
[mp4 @ 0x91b010500] Packet duration: -1024 / dts: 3657728 in stream 1 is out of range
[mp4 @ 0x91b010500] pts has no value
[mp4 @ 0x91b010500] Packet duration: -1024 / dts: 3658752 in stream 1 is out of range
[mp4 @ 0x91b010500] pts has no value
[mp4 @ 0x91b010500] Packet duration: -1024 / dts: 3660800 in stream 1 is out of range
[mp4 @ 0x91b010500] pts has no value
[mp4 @ 0x91b010500] Packet duration: -1024 / dts: 3661824 in stream 1 is out of range
[mp4 @ 0x91b010500] pts has no value
[mp4 @ 0x91b010500] Packet duration: -1024 / dts: 3663872 in stream 1 is out of range
[mp4 @ 0x91b010500] pts has no value
[mp4 @ 0x91b010500] Packet duration: -1024 / dts: 3665920 in stream 1 is out of range
[mp4 @ 0x91b010500] pts has no value
[mp4 @ 0x91b010500] Packet duration: -1024 / dts: 3666944 in stream 1 is out of range
[mp4 @ 0x91b010500] pts has no value
[mp4 @ 0x91b010500] Packet duration: -1024 / dts: 3668992 in stream 1 is out of range
[mp4 @ 0x91b010500] pts has no value
[mp4 @ 0x91b010500] Packet duration: -1024 / dts: 3670016 in stream 1 is out of range
[mp4 @ 0x91b010500] pts has no value
[mp4 @ 0x91b010500] Packet duration: -1024 / dts: 3672064 in stream 1 is out of range
[mp4 @ 0x91b010500] pts has no value
[mp4 @ 0x91b010500] Packet duration: -1024 / dts: 3673088 in stream 1 is out of range
[mp4 @ 0x91b010500] pts has no value
[mp4 @ 0x91b010500] Packet duration: -1024 / dts: 3675136 in stream 1 is out of range
[mp4 @ 0x91b010500] pts has no value
[mp4 @ 0x91b010500] Packet duration: -1024 / dts: 3677184 in stream 1 is out of range
[mp4 @ 0x91b010500] pts has no value
[mp4 @ 0x91b010500] Packet duration: -1024 / dts: 3678208 in stream 1 is out of range
[mp4 @ 0x91b010500] pts has no value
[mp4 @ 0x91b010500] Packet duration: -1024 / dts: 3680256 in stream 1 is out of range
[mp4 @ 0x91b010500] pts has no value
[mp4 @ 0x91b010500] Packet duration: -1024 / dts: 3681280 in stream 1 is out of range
[mp4 @ 0x91b010500] pts has no value
[mp4 @ 0x91b010500] Packet duration: -1024 / dts: 3683328 in stream 1 is out of range
[mp4 @ 0x91b010500] pts has no value
[mp4 @ 0x91b010500] Packet duration: -1024 / dts: 3684352 in stream 1 is out of range
[mp4 @ 0x91b010500] pts has no value
[mp4 @ 0x91b010500] Packet duration: -1024 / dts: 3686400 in stream 1 is out of range
[mp4 @ 0x91b010500] pts has no value
[mp4 @ 0x91b010500] Packet duration: -1024 / dts: 3687424 in stream 1 is out of range
[mp4 @ 0x91b010500] pts has no value
[mp4 @ 0x91b010500] Packet duration: -1024 / dts: 3689472 in stream 1 is out of range
[mp4 @ 0x91b010500] pts has no value
[mp4 @ 0x91b010500] Packet duration: -1024 / dts: 3691520 in stream 1 is out of range
[mp4 @ 0x91b010500] pts has no value
[mp4 @ 0x91b010500] Packet duration: -1024 / dts: 3692544 in stream 1 is out of range
[mp4 @ 0x91b010500] pts has no value
[mp4 @ 0x91b010500] Packet duration: -1024 / dts: 3694592 in stream 1 is out of range
[mp4 @ 0x91b010500] pts has no value
[mp4 @ 0x91b010500] Packet duration: -1024 / dts: 3695616 in stream 1 is out of range
[mp4 @ 0x91b010500] pts has no value
[mp4 @ 0x91b010500] Packet duration: -1024 / dts: 3697664 in stream 1 is out of range
[mp4 @ 0x91b010500] pts has no value
timestamp: 1183048 segment: 77:0 priority: 127
[2m2026-08-26T07:57:45.287850Z[0m [32m INFO[0m [2mmoq_transport::session::subscribed[0m[2m:[0m [PUBLISHER] serve_subgroup: completed subgroup (group_id=77, subgroup_id=0, 47 objects sent)
[2m2026-08-26T07:57:45.287959Z[0m [32m INFO[0m [2mmoq_transport::session::subscribed[0m[2m:[0m [PUBLISHER] serve_subgroup: completed subgroup (group_id=76, subgroup_id=0, 30 objects sent)
timestamp: 3698688 segment: 78:0 priority: 127
[mp4 @ 0x91b010500] Packet duration: -1024 / dts: 3698688 in stream 1 is out of range
[mp4 @ 0x91b010500] pts has no value
[mp4 @ 0x91b010500] Packet duration: -1024 / dts: 3700736 in stream 1 is out of range
[mp4 @ 0x91b010500] pts has no value
[mp4 @ 0x91b010500] Packet duration: -1024 / dts: 3702784 in stream 1 is out of range
[mp4 @ 0x91b010500] pts has no value
[mp4 @ 0x91b010500] Packet duration: -1024 / dts: 3703808 in stream 1 is out of range
[mp4 @ 0x91b010500] pts has no value
[mp4 @ 0x91b010500] Packet duration: -1024 / dts: 3705856 in stream 1 is out of range
[mp4 @ 0x91b010500] pts has no value
[mp4 @ 0x91b010500] Packet duration: -1024 / dts: 3706880 in stream 1 is out of range
[mp4 @ 0x91b010500] pts has no value
[mp4 @ 0x91b010500] Packet duration: -1024 / dts: 3708928 in stream 1 is out of range
[mp4 @ 0x91b010500] pts has no value
[mp4 @ 0x91b010500] Packet duration: -1024 / dts: 3709952 in stream 1 is out of range
[mp4 @ 0x91b010500] pts has no value
[mp4 @ 0x91b010500] Packet duration: -1024 / dts: 3712000 in stream 1 is out of range
[mp4 @ 0x91b010500] pts has no value
[mp4 @ 0x91b010500] Packet duration: -1024 / dts: 3713024 in stream 1 is out of range
[mp4 @ 0x91b010500] pts has no value
[mp4 @ 0x91b010500] Packet duration: -1024 / dts: 3715072 in stream 1 is out of range
[mp4 @ 0x91b010500] pts has no value
[mp4 @ 0x91b010500] Packet duration: -1024 / dts: 3717120 in stream 1 is out of range
[mp4 @ 0x91b010500] pts has no value
[mp4 @ 0x91b010500] Packet duration: -1024 / dts: 3718144 in stream 1 is out of range
[mp4 @ 0x91b010500] pts has no value
[mp4 @ 0x91b010500] Packet duration: -1024 / dts: 3720192 in stream 1 is out of range
[mp4 @ 0x91b010500] pts has no value
[mp4 @ 0x91b010500] Packet duration: -1024 / dts: 3721216 in stream 1 is out of range
[mp4 @ 0x91b010500] pts has no value
[mp4 @ 0x91b010500] Packet duration: -1024 / dts: 3723264 in stream 1 is out of range
[mp4 @ 0x91b010500] pts has no value
[mp4 @ 0x91b010500] Packet duration: -1024 / dts: 3724288 in stream 1 is out of range
[mp4 @ 0x91b010500] pts has no value
[mp4 @ 0x91b010500] Packet duration: -1024 / dts: 3726336 in stream 1 is out of range
[mp4 @ 0x91b010500] pts has no value
[mp4 @ 0x91b010500] Packet duration: -1024 / dts: 3728384 in stream 1 is out of range
[mp4 @ 0x91b010500] pts has no value
[mp4 @ 0x91b010500] Packet duration: -1024 / dts: 3729408 in stream 1 is out of range
[mp4 @ 0x91b010500] pts has no value
[mp4 @ 0x91b010500] Packet duration: -1024 / dts: 3731456 in stream 1 is out of range
[mp4 @ 0x91b010500] pts has no value
[mp4 @ 0x91b010500] Packet duration: -1024 / dts: 3732480 in stream 1 is out of range
[mp4 @ 0x91b010500] pts has no value
[mp4 @ 0x91b010500] Packet duration: -1024 / dts: 3734528 in stream 1 is out of range
[mp4 @ 0x91b010500] pts has no value
[mp4 @ 0x91b010500] Packet duration: -1024 / dts: 3735552 in stream 1 is out of range
[mp4 @ 0x91b010500] pts has no value
[mp4 @ 0x91b010500] Packet duration: -1024 / dts: 3737600 in stream 1 is out of range
[mp4 @ 0x91b010500] pts has no value
[mp4 @ 0x91b010500] Packet duration: -1024 / dts: 3738624 in stream 1 is out of range
[mp4 @ 0x91b010500] pts has no value
[mp4 @ 0x91b010500] Packet duration: -1024 / dts: 3740672 in stream 1 is out of range
[mp4 @ 0x91b010500] pts has no value
[mp4 @ 0x91b010500] Packet duration: -1024 / dts: 3742720 in stream 1 is out of range
[mp4 @ 0x91b010500] pts has no value
[mp4 @ 0x91b010500] Packet duration: -1024 / dts: 3743744 in stream 1 is out of range
[mp4 @ 0x91b010500] pts has no value
[mp4 @ 0x91b010500] Packet duration: -1024 / dts: 3745792 in stream 1 is out of range
[mp4 @ 0x91b010500] pts has no value
timestamp: 1198408 segment: 78:0 priority: 127
[2m2026-08-26T07:57:46.292954Z[0m [32m INFO[0m [2mmoq_transport::session::subscribed[0m[2m:[0m [PUBLISHER] serve_subgroup: completed subgroup (group_id=78, subgroup_id=0, 47 objects sent)
[2m2026-08-26T07:57:46.292983Z[0m [32m INFO[0m [2mmoq_transport::session::subscribed[0m[2m:[0m [PUBLISHER] serve_subgroup: completed subgroup (group_id=77, subgroup_id=0, 30 objects sent)
timestamp: 3746816 segment: 79:0 priority: 127
[mp4 @ 0x91b010500] Packet duration: -1024 / dts: 3746816 in stream 1 is out of range
[mp4 @ 0x91b010500] pts has no value
[mp4 @ 0x91b010500] Packet duration: -1024 / dts: 3748864 in stream 1 is out of range
[mp4 @ 0x91b010500] pts has no value
[mp4 @ 0x91b010500] Packet duration: -1024 / dts: 3749888 in stream 1 is out of range
[mp4 @ 0x91b010500] pts has no value
[mp4 @ 0x91b010500] Packet duration: -1024 / dts: 3751936 in stream 1 is out of range
[mp4 @ 0x91b010500] pts has no value
[mp4 @ 0x91b010500] Packet duration: -1024 / dts: 3753984 in stream 1 is out of range
[mp4 @ 0x91b010500] pts has no value
[mp4 @ 0x91b010500] Packet duration: -1024 / dts: 3755008 in stream 1 is out of range
[mp4 @ 0x91b010500] pts has no value
[mp4 @ 0x91b010500] Packet duration: -1024 / dts: 3757056 in stream 1 is out of range
[mp4 @ 0x91b010500] pts has no value
[mp4 @ 0x91b010500] Packet duration: -1024 / dts: 3758080 in stream 1 is out of range
[mp4 @ 0x91b010500] pts has no value
[mp4 @ 0x91b010500] Packet duration: -1024 / dts: 3760128 in stream 1 is out of range
[mp4 @ 0x91b010500] pts has no value
[mp4 @ 0x91b010500] Packet duration: -1024 / dts: 3761152 in stream 1 is out of range
[mp4 @ 0x91b010500] pts has no value
[mp4 @ 0x91b010500] Packet duration: -1024 / dts: 3763200 in stream 1 is out of range
[mp4 @ 0x91b010500] pts has no value
[mp4 @ 0x91b010500] Packet duration: -1024 / dts: 3764224 in stream 1 is out of range
[mp4 @ 0x91b010500] pts has no value
[mp4 @ 0x91b010500] Packet duration: -1024 / dts: 3766272 in stream 1 is out of range
[mp4 @ 0x91b010500] pts has no value
[mp4 @ 0x91b010500] Packet duration: -1024 / dts: 3768320 in stream 1 is out of range
[mp4 @ 0x91b010500] pts has no value
[mp4 @ 0x91b010500] Packet duration: -1024 / dts: 3769344 in stream 1 is out of range
[mp4 @ 0x91b010500] pts has no value
[mp4 @ 0x91b010500] Packet duration: -1024 / dts: 3771392 in stream 1 is out of range
[mp4 @ 0x91b010500] pts has no value
[mp4 @ 0x91b010500] Packet duration: -1024 / dts: 3772416 in stream 1 is out of range
[mp4 @ 0x91b010500] pts has no value
[mp4 @ 0x91b010500] Packet duration: -1024 / dts: 3774464 in stream 1 is out of range
[mp4 @ 0x91b010500] pts has no value
[mp4 @ 0x91b010500] Packet duration: -1024 / dts: 3775488 in stream 1 is out of range
[mp4 @ 0x91b010500] pts has no value
[mp4 @ 0x91b010500] Packet duration: -1024 / dts: 3777536 in stream 1 is out of range
[mp4 @ 0x91b010500] pts has no value
[mp4 @ 0x91b010500] Packet duration: -1024 / dts: 3779584 in stream 1 is out of range
[mp4 @ 0x91b010500] pts has no value
[mp4 @ 0x91b010500] Packet duration: -1024 / dts: 3780608 in stream 1 is out of range
[mp4 @ 0x91b010500] pts has no value
[mp4 @ 0x91b010500] Packet duration: -1024 / dts: 3782656 in stream 1 is out of range
[mp4 @ 0x91b010500] pts has no value
[mp4 @ 0x91b010500] Packet duration: -1024 / dts: 3783680 in stream 1 is out of range
[mp4 @ 0x91b010500] pts has no value
[mp4 @ 0x91b010500] Packet duration: -1024 / dts: 3785728 in stream 1 is out of range
[mp4 @ 0x91b010500] pts has no value
[mp4 @ 0x91b010500] Packet duration: -1024 / dts: 3786752 in stream 1 is out of range
[mp4 @ 0x91b010500] pts has no value
[mp4 @ 0x91b010500] Packet duration: -1024 / dts: 3788800 in stream 1 is out of range
[mp4 @ 0x91b010500] pts has no value
[mp4 @ 0x91b010500] Packet duration: -1024 / dts: 3789824 in stream 1 is out of range
[mp4 @ 0x91b010500] pts has no value
[mp4 @ 0x91b010500] Packet duration: -1024 / dts: 3791872 in stream 1 is out of range
[mp4 @ 0x91b010500] pts has no value
[mp4 @ 0x91b010500] Packet duration: -1024 / dts: 3793920 in stream 1 is out of range
[mp4 @ 0x91b010500] pts has no value
timestamp: 1213768 segment: 79:0 priority: 127
timestamp: 3794944 segment: 80:0 priority: 127
[2m2026-08-26T07:57:47.297529Z[0m [32m INFO[0m [2mmoq_transport::session::subscribed[0m[2m:[0m [PUBLISHER] serve_subgroup: completed subgroup (group_id=79, subgroup_id=0, 47 objects sent)
[2m2026-08-26T07:57:47.297887Z[0m [32m INFO[0m [2mmoq_transport::session::subscribed[0m[2m:[0m [PUBLISHER] serve_subgroup: completed subgroup (group_id=78, subgroup_id=0, 30 objects sent)
[mp4 @ 0x91b010500] Packet duration: -1024 / dts: 3794944 in stream 1 is out of range
[mp4 @ 0x91b010500] pts has no value
[mp4 @ 0x91b010500] Packet duration: -1024 / dts: 3796992 in stream 1 is out of range
[mp4 @ 0x91b010500] pts has no value
[mp4 @ 0x91b010500] Packet duration: -1024 / dts: 3798016 in stream 1 is out of range
[mp4 @ 0x91b010500] pts has no value
[mp4 @ 0x91b010500] Packet duration: -1024 / dts: 3800064 in stream 1 is out of range
[mp4 @ 0x91b010500] pts has no value
[mp4 @ 0x91b010500] Packet duration: -1024 / dts: 3801088 in stream 1 is out of range
[mp4 @ 0x91b010500] pts has no value
[mp4 @ 0x91b010500] Packet duration: -1024 / dts: 3803136 in stream 1 is out of range
[mp4 @ 0x91b010500] pts has no value
[mp4 @ 0x91b010500] Packet duration: -1024 / dts: 3805184 in stream 1 is out of range
[mp4 @ 0x91b010500] pts has no value
[mp4 @ 0x91b010500] Packet duration: -1024 / dts: 3806208 in stream 1 is out of range
[mp4 @ 0x91b010500] pts has no value
[mp4 @ 0x91b010500] Packet duration: -1024 / dts: 3808256 in stream 1 is out of range
[mp4 @ 0x91b010500] pts has no value
[mp4 @ 0x91b010500] Packet duration: -1024 / dts: 3809280 in stream 1 is out of range
[mp4 @ 0x91b010500] pts has no value
[mp4 @ 0x91b010500] Packet duration: -1024 / dts: 3811328 in stream 1 is out of range
[mp4 @ 0x91b010500] pts has no value
[mp4 @ 0x91b010500] Packet duration: -1024 / dts: 3812352 in stream 1 is out of range
[mp4 @ 0x91b010500] pts has no value
[mp4 @ 0x91b010500] Packet duration: -1024 / dts: 3814400 in stream 1 is out of range
[mp4 @ 0x91b010500] pts has no value
[mp4 @ 0x91b010500] Packet duration: -1024 / dts: 3815424 in stream 1 is out of range
[mp4 @ 0x91b010500] pts has no value
[mp4 @ 0x91b010500] Packet duration: -1024 / dts: 3817472 in stream 1 is out of range
[mp4 @ 0x91b010500] pts has no value
[mp4 @ 0x91b010500] Packet duration: -1024 / dts: 3819520 in stream 1 is out of range
[mp4 @ 0x91b010500] pts has no value
[mp4 @ 0x91b010500] Packet duration: -1024 / dts: 3820544 in stream 1 is out of range
[mp4 @ 0x91b010500] pts has no value
[mp4 @ 0x91b010500] Packet duration: -1024 / dts: 3822592 in stream 1 is out of range
[mp4 @ 0x91b010500] pts has no value
[mp4 @ 0x91b010500] Packet duration: -1024 / dts: 3823616 in stream 1 is out of range
[mp4 @ 0x91b010500] pts has no value
[mp4 @ 0x91b010500] Packet duration: -1024 / dts: 3825664 in stream 1 is out of range
[mp4 @ 0x91b010500] pts has no value
[mp4 @ 0x91b010500] Packet duration: -1024 / dts: 3826688 in stream 1 is out of range
[mp4 @ 0x91b010500] pts has no value
[mp4 @ 0x91b010500] Packet duration: -1024 / dts: 3828736 in stream 1 is out of range
[mp4 @ 0x91b010500] pts has no value
[mp4 @ 0x91b010500] Packet duration: -1024 / dts: 3830784 in stream 1 is out of range
[mp4 @ 0x91b010500] pts has no value
[mp4 @ 0x91b010500] Packet duration: -1024 / dts: 3831808 in stream 1 is out of range
[mp4 @ 0x91b010500] pts has no value
[mp4 @ 0x91b010500] Packet duration: -1024 / dts: 3833856 in stream 1 is out of range
[mp4 @ 0x91b010500] pts has no value
[mp4 @ 0x91b010500] Packet duration: -1024 / dts: 3834880 in stream 1 is out of range
[mp4 @ 0x91b010500] pts has no value
[mp4 @ 0x91b010500] Packet duration: -1024 / dts: 3836928 in stream 1 is out of range
[mp4 @ 0x91b010500] pts has no value
[mp4 @ 0x91b010500] Packet duration: -1024 / dts: 3837952 in stream 1 is out of range
[mp4 @ 0x91b010500] pts has no value
[mp4 @ 0x91b010500] Packet duration: -1024 / dts: 3840000 in stream 1 is out of range
[mp4 @ 0x91b010500] pts has no value
[mp4 @ 0x91b010500] Packet duration: -1024 / dts: 3841024 in stream 1 is out of range
[mp4 @ 0x91b010500] pts has no value
timestamp: 1229128 segment: 80:0 priority: 127
[2m2026-08-26T07:57:48.304018Z[0m [32m INFO[0m [2mmoq_transport::session::subscribed[0m[2m:[0m [PUBLISHER] serve_subgroup: completed subgroup (group_id=80, subgroup_id=0, 46 objects sent)
[2m2026-08-26T07:57:48.304110Z[0m [32m INFO[0m [2mmoq_transport::session::subscribed[0m[2m:[0m [PUBLISHER] serve_subgroup: completed subgroup (group_id=79, subgroup_id=0, 30 objects sent)
timestamp: 3842048 segment: 81:0 priority: 127
[mp4 @ 0x91b010500] Packet duration: -1024 / dts: 3843072 in stream 1 is out of range
[mp4 @ 0x91b010500] pts has no value
[mp4 @ 0x91b010500] Packet duration: -1024 / dts: 3845120 in stream 1 is out of range
[mp4 @ 0x91b010500] pts has no value
[mp4 @ 0x91b010500] Packet duration: -1024 / dts: 3846144 in stream 1 is out of range
[mp4 @ 0x91b010500] pts has no value
[mp4 @ 0x91b010500] Packet duration: -1024 / dts: 3848192 in stream 1 is out of range
[mp4 @ 0x91b010500] pts has no value
[mp4 @ 0x91b010500] Packet duration: -1024 / dts: 3849216 in stream 1 is out of range
[mp4 @ 0x91b010500] pts has no value
[mp4 @ 0x91b010500] Packet duration: -1024 / dts: 3851264 in stream 1 is out of range
[mp4 @ 0x91b010500] pts has no value
[mp4 @ 0x91b010500] Packet duration: -1024 / dts: 3852288 in stream 1 is out of range
[mp4 @ 0x91b010500] pts has no value
[mp4 @ 0x91b010500] Packet duration: -1024 / dts: 3854336 in stream 1 is out of range
[mp4 @ 0x91b010500] pts has no value
[mp4 @ 0x91b010500] Packet duration: -1024 / dts: 3856384 in stream 1 is out of range
[mp4 @ 0x91b010500] pts has no value
[mp4 @ 0x91b010500] Packet duration: -1024 / dts: 3857408 in stream 1 is out of range
[mp4 @ 0x91b010500] pts has no value
[mp4 @ 0x91b010500] Packet duration: -1024 / dts: 3859456 in stream 1 is out of range
[mp4 @ 0x91b010500] pts has no value
[mp4 @ 0x91b010500] Packet duration: -1024 / dts: 3860480 in stream 1 is out of range
[mp4 @ 0x91b010500] pts has no value
[mp4 @ 0x91b010500] Packet duration: -1024 / dts: 3862528 in stream 1 is out of range
[mp4 @ 0x91b010500] pts has no value
[mp4 @ 0x91b010500] Packet duration: -1024 / dts: 3863552 in stream 1 is out of range
[mp4 @ 0x91b010500] pts has no value
[mp4 @ 0x91b010500] Packet duration: -1024 / dts: 3865600 in stream 1 is out of range
[mp4 @ 0x91b010500] pts has no value
[mp4 @ 0x91b010500] Packet duration: -1024 / dts: 3866624 in stream 1 is out of range
[mp4 @ 0x91b010500] pts has no value
[mp4 @ 0x91b010500] Packet duration: -1024 / dts: 3868672 in stream 1 is out of range
[mp4 @ 0x91b010500] pts has no value
[mp4 @ 0x91b010500] Packet duration: -1024 / dts: 3870720 in stream 1 is out of range
[mp4 @ 0x91b010500] pts has no value
[mp4 @ 0x91b010500] Packet duration: -1024 / dts: 3871744 in stream 1 is out of range
[mp4 @ 0x91b010500] pts has no value
[mp4 @ 0x91b010500] Packet duration: -1024 / dts: 3873792 in stream 1 is out of range
[mp4 @ 0x91b010500] pts has no value
[mp4 @ 0x91b010500] Packet duration: -1024 / dts: 3874816 in stream 1 is out of range
[mp4 @ 0x91b010500] pts has no value
[mp4 @ 0x91b010500] Packet duration: -1024 / dts: 3876864 in stream 1 is out of range
[mp4 @ 0x91b010500] pts has no value
[mp4 @ 0x91b010500] Packet duration: -1024 / dts: 3877888 in stream 1 is out of range
[mp4 @ 0x91b010500] pts has no value
[mp4 @ 0x91b010500] Packet duration: -1024 / dts: 3879936 in stream 1 is out of range
[mp4 @ 0x91b010500] pts has no value
[mp4 @ 0x91b010500] Packet duration: -1024 / dts: 3881984 in stream 1 is out of range
[mp4 @ 0x91b010500] pts has no value
[mp4 @ 0x91b010500] Packet duration: -1024 / dts: 3883008 in stream 1 is out of range
[mp4 @ 0x91b010500] pts has no value
[mp4 @ 0x91b010500] Packet duration: -1024 / dts: 3885056 in stream 1 is out of range
[mp4 @ 0x91b010500] pts has no value
[mp4 @ 0x91b010500] Packet duration: -1024 / dts: 3886080 in stream 1 is out of range
[mp4 @ 0x91b010500] pts has no value
[mp4 @ 0x91b010500] Packet duration: -1024 / dts: 3888128 in stream 1 is out of range
[mp4 @ 0x91b010500] pts has no value
[mp4 @ 0x91b010500] Packet duration: -1024 / dts: 3889152 in stream 1 is out of range
[mp4 @ 0x91b010500] pts has no value
timestamp: 1244488 segment: 81:0 priority: 127
timestamp: 3890176 segment: 82:0 priority: 127
[2m2026-08-26T07:57:49.304538Z[0m [32m INFO[0m [2mmoq_transport::session::subscribed[0m[2m:[0m [PUBLISHER] serve_subgroup: completed subgroup (group_id=81, subgroup_id=0, 47 objects sent)
[2m2026-08-26T07:57:49.304861Z[0m [32m INFO[0m [2mmoq_transport::session::subscribed[0m[2m:[0m [PUBLISHER] serve_subgroup: completed subgroup (group_id=80, subgroup_id=0, 30 objects sent)
[mp4 @ 0x91b010500] Packet duration: -1024 / dts: 3891200 in stream 1 is out of range
[mp4 @ 0x91b010500] pts has no value
[mp4 @ 0x91b010500] Packet duration: -1024 / dts: 3892224 in stream 1 is out of range
[mp4 @ 0x91b010500] pts has no value
[mp4 @ 0x91b010500] Packet duration: -1024 / dts: 3894272 in stream 1 is out of range
[mp4 @ 0x91b010500] pts has no value
[mp4 @ 0x91b010500] Packet duration: -1024 / dts: 3896320 in stream 1 is out of range
[mp4 @ 0x91b010500] pts has no value
[mp4 @ 0x91b010500] Packet duration: -1024 / dts: 3897344 in stream 1 is out of range
[mp4 @ 0x91b010500] pts has no value
[mp4 @ 0x91b010500] Packet duration: -1024 / dts: 3899392 in stream 1 is out of range
[mp4 @ 0x91b010500] pts has no value
[mp4 @ 0x91b010500] Packet duration: -1024 / dts: 3900416 in stream 1 is out of range
[mp4 @ 0x91b010500] pts has no value
[mp4 @ 0x91b010500] Packet duration: -1024 / dts: 3902464 in stream 1 is out of range
[mp4 @ 0x91b010500] pts has no value
[mp4 @ 0x91b010500] Packet duration: -1024 / dts: 3903488 in stream 1 is out of range
[mp4 @ 0x91b010500] pts has no value
[mp4 @ 0x91b010500] Packet duration: -1024 / dts: 3905536 in stream 1 is out of range
[mp4 @ 0x91b010500] pts has no value
[mp4 @ 0x91b010500] Packet duration: -1024 / dts: 3907584 in stream 1 is out of range
[mp4 @ 0x91b010500] pts has no value
[mp4 @ 0x91b010500] Packet duration: -1024 / dts: 3908608 in stream 1 is out of range
[mp4 @ 0x91b010500] pts has no value
[mp4 @ 0x91b010500] Packet duration: -1024 / dts: 3910656 in stream 1 is out of range
[mp4 @ 0x91b010500] pts has no value
[mp4 @ 0x91b010500] Packet duration: -1024 / dts: 3911680 in stream 1 is out of range
[mp4 @ 0x91b010500] pts has no value
[mp4 @ 0x91b010500] Packet duration: -1024 / dts: 3913728 in stream 1 is out of range
[mp4 @ 0x91b010500] pts has no value
[mp4 @ 0x91b010500] Packet duration: -1024 / dts: 3914752 in stream 1 is out of range
[mp4 @ 0x91b010500] pts has no value
[mp4 @ 0x91b010500] Packet duration: -1024 / dts: 3916800 in stream 1 is out of range
[mp4 @ 0x91b010500] pts has no value
[mp4 @ 0x91b010500] Packet duration: -1024 / dts: 3917824 in stream 1 is out of range
[mp4 @ 0x91b010500] pts has no value
[mp4 @ 0x91b010500] Packet duration: -1024 / dts: 3919872 in stream 1 is out of range
[mp4 @ 0x91b010500] pts has no value
[mp4 @ 0x91b010500] Packet duration: -1024 / dts: 3921920 in stream 1 is out of range
[mp4 @ 0x91b010500] pts has no value
[mp4 @ 0x91b010500] Packet duration: -1024 / dts: 3922944 in stream 1 is out of range
[mp4 @ 0x91b010500] pts has no value
[mp4 @ 0x91b010500] Packet duration: -1024 / dts: 3924992 in stream 1 is out of range
[mp4 @ 0x91b010500] pts has no value
[mp4 @ 0x91b010500] Packet duration: -1024 / dts: 3926016 in stream 1 is out of range
[mp4 @ 0x91b010500] pts has no value
[mp4 @ 0x91b010500] Packet duration: -1024 / dts: 3928064 in stream 1 is out of range
[mp4 @ 0x91b010500] pts has no value
[mp4 @ 0x91b010500] Packet duration: -1024 / dts: 3929088 in stream 1 is out of range
[mp4 @ 0x91b010500] pts has no value
[mp4 @ 0x91b010500] Packet duration: -1024 / dts: 3931136 in stream 1 is out of range
[mp4 @ 0x91b010500] pts has no value
[mp4 @ 0x91b010500] Packet duration: -1024 / dts: 3933184 in stream 1 is out of range
[mp4 @ 0x91b010500] pts has no value
[mp4 @ 0x91b010500] Packet duration: -1024 / dts: 3934208 in stream 1 is out of range
[mp4 @ 0x91b010500] pts has no value
[mp4 @ 0x91b010500] Packet duration: -1024 / dts: 3936256 in stream 1 is out of range
[mp4 @ 0x91b010500] pts has no value
[mp4 @ 0x91b010500] Packet duration: -1024 / dts: 3937280 in stream 1 is out of range
[mp4 @ 0x91b010500] pts has no value
timestamp: 1259848 segment: 82:0 priority: 127
[2m2026-08-26T07:57:50.310634Z[0m [32m INFO[0m [2mmoq_transport::session::subscribed[0m[2m:[0m [PUBLISHER] serve_subgroup: completed subgroup (group_id=82, subgroup_id=0, 47 objects sent)
[2m2026-08-26T07:57:50.310849Z[0m [32m INFO[0m [2mmoq_transport::session::subscribed[0m[2m:[0m [PUBLISHER] serve_subgroup: completed subgroup (group_id=81, subgroup_id=0, 30 objects sent)
timestamp: 3938304 segment: 83:0 priority: 127
[mp4 @ 0x91b010500] Packet duration: -1024 / dts: 3939328 in stream 1 is out of range
[mp4 @ 0x91b010500] pts has no value
[mp4 @ 0x91b010500] Packet duration: -1024 / dts: 3940352 in stream 1 is out of range
[mp4 @ 0x91b010500] pts has no value
[mp4 @ 0x91b010500] Packet duration: -1024 / dts: 3942400 in stream 1 is out of range
[mp4 @ 0x91b010500] pts has no value
[mp4 @ 0x91b010500] Packet duration: -1024 / dts: 3943424 in stream 1 is out of range
[mp4 @ 0x91b010500] pts has no value
[mp4 @ 0x91b010500] Packet duration: -1024 / dts: 3945472 in stream 1 is out of range
[mp4 @ 0x91b010500] pts has no value
[mp4 @ 0x91b010500] Packet duration: -1024 / dts: 3947520 in stream 1 is out of range
[mp4 @ 0x91b010500] pts has no value
[mp4 @ 0x91b010500] Packet duration: -1024 / dts: 3948544 in stream 1 is out of range
[mp4 @ 0x91b010500] pts has no value
[mp4 @ 0x91b010500] Packet duration: -1024 / dts: 3950592 in stream 1 is out of range
[mp4 @ 0x91b010500] pts has no value
[mp4 @ 0x91b010500] Packet duration: -1024 / dts: 3951616 in stream 1 is out of range
[mp4 @ 0x91b010500] pts has no value
[mp4 @ 0x91b010500] Packet duration: -1024 / dts: 3953664 in stream 1 is out of range
[mp4 @ 0x91b010500] pts has no value
[mp4 @ 0x91b010500] Packet duration: -1024 / dts: 3954688 in stream 1 is out of range
[mp4 @ 0x91b010500] pts has no value
[mp4 @ 0x91b010500] Packet duration: -1024 / dts: 3956736 in stream 1 is out of range
[mp4 @ 0x91b010500] pts has no value
[mp4 @ 0x91b010500] Packet duration: -1024 / dts: 3958784 in stream 1 is out of range
[mp4 @ 0x91b010500] pts has no value
[mp4 @ 0x91b010500] Packet duration: -1024 / dts: 3959808 in stream 1 is out of range
[mp4 @ 0x91b010500] pts has no value
[mp4 @ 0x91b010500] Packet duration: -1024 / dts: 3961856 in stream 1 is out of range
[mp4 @ 0x91b010500] pts has no value
[mp4 @ 0x91b010500] Packet duration: -1024 / dts: 3962880 in stream 1 is out of range
[mp4 @ 0x91b010500] pts has no value
[mp4 @ 0x91b010500] Packet duration: -1024 / dts: 3964928 in stream 1 is out of range
[mp4 @ 0x91b010500] pts has no value
[mp4 @ 0x91b010500] Packet duration: -1024 / dts: 3965952 in stream 1 is out of range
[mp4 @ 0x91b010500] pts has no value
[mp4 @ 0x91b010500] Packet duration: -1024 / dts: 3968000 in stream 1 is out of range
[mp4 @ 0x91b010500] pts has no value
[mp4 @ 0x91b010500] Packet duration: -1024 / dts: 3969024 in stream 1 is out of range
[mp4 @ 0x91b010500] pts has no value
[mp4 @ 0x91b010500] Packet duration: -1024 / dts: 3971072 in stream 1 is out of range
[mp4 @ 0x91b010500] pts has no value
[mp4 @ 0x91b010500] Packet duration: -1024 / dts: 3973120 in stream 1 is out of range
[mp4 @ 0x91b010500] pts has no value
[mp4 @ 0x91b010500] Packet duration: -1024 / dts: 3974144 in stream 1 is out of range
[mp4 @ 0x91b010500] pts has no value
[mp4 @ 0x91b010500] Packet duration: -1024 / dts: 3976192 in stream 1 is out of range
[mp4 @ 0x91b010500] pts has no value
[mp4 @ 0x91b010500] Packet duration: -1024 / dts: 3977216 in stream 1 is out of range
[mp4 @ 0x91b010500] pts has no value
[mp4 @ 0x91b010500] Packet duration: -1024 / dts: 3979264 in stream 1 is out of range
[mp4 @ 0x91b010500] pts has no value
[mp4 @ 0x91b010500] Packet duration: -1024 / dts: 3980288 in stream 1 is out of range
[mp4 @ 0x91b010500] pts has no value
[mp4 @ 0x91b010500] Packet duration: -1024 / dts: 3982336 in stream 1 is out of range
[mp4 @ 0x91b010500] pts has no value
[mp4 @ 0x91b010500] Packet duration: -1024 / dts: 3984384 in stream 1 is out of range
[mp4 @ 0x91b010500] pts has no value
[mp4 @ 0x91b010500] Packet duration: -1024 / dts: 3985408 in stream 1 is out of range
[mp4 @ 0x91b010500] pts has no value
timestamp: 1275208 segment: 83:0 priority: 127
[2m2026-08-26T07:57:51.316285Z[0m [32m INFO[0m [2mmoq_transport::session::subscribed[0m[2m:[0m [PUBLISHER] serve_subgroup: completed subgroup (group_id=83, subgroup_id=0, 47 objects sent)
[2m2026-08-26T07:57:51.316327Z[0m [32m INFO[0m [2mmoq_transport::session::subscribed[0m[2m:[0m [PUBLISHER] serve_subgroup: completed subgroup (group_id=82, subgroup_id=0, 30 objects sent)
timestamp: 3986432 segment: 84:0 priority: 127
[mp4 @ 0x91b010500] Packet duration: -1024 / dts: 3987456 in stream 1 is out of range
[mp4 @ 0x91b010500] pts has no value
[mp4 @ 0x91b010500] Packet duration: -1024 / dts: 3988480 in stream 1 is out of range
[mp4 @ 0x91b010500] pts has no value
[mp4 @ 0x91b010500] Packet duration: -1024 / dts: 3990528 in stream 1 is out of range
[mp4 @ 0x91b010500] pts has no value
[mp4 @ 0x91b010500] Packet duration: -1024 / dts: 3991552 in stream 1 is out of range
[mp4 @ 0x91b010500] pts has no value
[mp4 @ 0x91b010500] Packet duration: -1024 / dts: 3993600 in stream 1 is out of range
[mp4 @ 0x91b010500] pts has no value
[mp4 @ 0x91b010500] Packet duration: -1024 / dts: 3994624 in stream 1 is out of range
[mp4 @ 0x91b010500] pts has no value
[mp4 @ 0x91b010500] Packet duration: -1024 / dts: 3996672 in stream 1 is out of range
[mp4 @ 0x91b010500] pts has no value
[mp4 @ 0x91b010500] Packet duration: -1024 / dts: 3998720 in stream 1 is out of range
[mp4 @ 0x91b010500] pts has no value
[mp4 @ 0x91b010500] Packet duration: -1024 / dts: 3999744 in stream 1 is out of range
[mp4 @ 0x91b010500] pts has no value
[mp4 @ 0x91b010500] Packet duration: -1024 / dts: 4001792 in stream 1 is out of range
[mp4 @ 0x91b010500] pts has no value
[mp4 @ 0x91b010500] Packet duration: -1024 / dts: 4002816 in stream 1 is out of range
[mp4 @ 0x91b010500] pts has no value
[mp4 @ 0x91b010500] Packet duration: -1024 / dts: 4004864 in stream 1 is out of range
[mp4 @ 0x91b010500] pts has no value
[mp4 @ 0x91b010500] Packet duration: -1024 / dts: 4005888 in stream 1 is out of range
[mp4 @ 0x91b010500] pts has no value
[mp4 @ 0x91b010500] Packet duration: -1024 / dts: 4007936 in stream 1 is out of range
[mp4 @ 0x91b010500] pts has no value
[mp4 @ 0x91b010500] Packet duration: -1024 / dts: 4009984 in stream 1 is out of range
[mp4 @ 0x91b010500] pts has no value
[mp4 @ 0x91b010500] Packet duration: -1024 / dts: 4011008 in stream 1 is out of range
[mp4 @ 0x91b010500] pts has no value
[mp4 @ 0x91b010500] Packet duration: -1024 / dts: 4013056 in stream 1 is out of range
[mp4 @ 0x91b010500] pts has no value
[mp4 @ 0x91b010500] Packet duration: -1024 / dts: 4014080 in stream 1 is out of range
[mp4 @ 0x91b010500] pts has no value
[mp4 @ 0x91b010500] Packet duration: -1024 / dts: 4016128 in stream 1 is out of range
[mp4 @ 0x91b010500] pts has no value
[mp4 @ 0x91b010500] Packet duration: -1024 / dts: 4017152 in stream 1 is out of range
[mp4 @ 0x91b010500] pts has no value
[mp4 @ 0x91b010500] Packet duration: -1024 / dts: 4019200 in stream 1 is out of range
[mp4 @ 0x91b010500] pts has no value
[mp4 @ 0x91b010500] Packet duration: -1024 / dts: 4020224 in stream 1 is out of range
[mp4 @ 0x91b010500] pts has no value
[mp4 @ 0x91b010500] Packet duration: -1024 / dts: 4022272 in stream 1 is out of range
[mp4 @ 0x91b010500] pts has no value
[mp4 @ 0x91b010500] Packet duration: -1024 / dts: 4024320 in stream 1 is out of range
[mp4 @ 0x91b010500] pts has no value
[mp4 @ 0x91b010500] Packet duration: -1024 / dts: 4025344 in stream 1 is out of range
[mp4 @ 0x91b010500] pts has no value
[mp4 @ 0x91b010500] Packet duration: -1024 / dts: 4027392 in stream 1 is out of range
[mp4 @ 0x91b010500] pts has no value
[mp4 @ 0x91b010500] Packet duration: -1024 / dts: 4028416 in stream 1 is out of range
[mp4 @ 0x91b010500] pts has no value
[mp4 @ 0x91b010500] Packet duration: -1024 / dts: 4030464 in stream 1 is out of range
[mp4 @ 0x91b010500] pts has no value
[mp4 @ 0x91b010500] Packet duration: -1024 / dts: 4031488 in stream 1 is out of range
[mp4 @ 0x91b010500] pts has no value
[mp4 @ 0x91b010500] Packet duration: -1024 / dts: 4033536 in stream 1 is out of range
[mp4 @ 0x91b010500] pts has no value
timestamp: 1290568 segment: 84:0 priority: 127
[2m2026-08-26T07:57:52.318185Z[0m [32m INFO[0m [2mmoq_transport::session::subscribed[0m[2m:[0m [PUBLISHER] serve_subgroup: completed subgroup (group_id=84, subgroup_id=0, 47 objects sent)
[2m2026-08-26T07:57:52.318708Z[0m [32m INFO[0m [2mmoq_transport::session::subscribed[0m[2m:[0m [PUBLISHER] serve_subgroup: completed subgroup (group_id=83, subgroup_id=0, 30 objects sent)
timestamp: 4034560 segment: 85:0 priority: 127
[mp4 @ 0x91b010500] Packet duration: -1024 / dts: 4035584 in stream 1 is out of range
[mp4 @ 0x91b010500] pts has no value
[mp4 @ 0x91b010500] Packet duration: -1024 / dts: 4036608 in stream 1 is out of range
[mp4 @ 0x91b010500] pts has no value
[mp4 @ 0x91b010500] Packet duration: -1024 / dts: 4038656 in stream 1 is out of range
[mp4 @ 0x91b010500] pts has no value
[mp4 @ 0x91b010500] Packet duration: -1024 / dts: 4039680 in stream 1 is out of range
[mp4 @ 0x91b010500] pts has no value
[mp4 @ 0x91b010500] Packet duration: -1024 / dts: 4041728 in stream 1 is out of range
[mp4 @ 0x91b010500] pts has no value
[mp4 @ 0x91b010500] Packet duration: -1024 / dts: 4042752 in stream 1 is out of range
[mp4 @ 0x91b010500] pts has no value
[mp4 @ 0x91b010500] Packet duration: -1024 / dts: 4044800 in stream 1 is out of range
[mp4 @ 0x91b010500] pts has no value
[mp4 @ 0x91b010500] Packet duration: -1024 / dts: 4045824 in stream 1 is out of range
[mp4 @ 0x91b010500] pts has no value
[mp4 @ 0x91b010500] Packet duration: -1024 / dts: 4047872 in stream 1 is out of range
[mp4 @ 0x91b010500] pts has no value
[mp4 @ 0x91b010500] Packet duration: -1024 / dts: 4049920 in stream 1 is out of range
[mp4 @ 0x91b010500] pts has no value
[mp4 @ 0x91b010500] Packet duration: -1024 / dts: 4050944 in stream 1 is out of range
[mp4 @ 0x91b010500] pts has no value
[mp4 @ 0x91b010500] Packet duration: -1024 / dts: 4052992 in stream 1 is out of range
[mp4 @ 0x91b010500] pts has no value
[mp4 @ 0x91b010500] Packet duration: -1024 / dts: 4054016 in stream 1 is out of range
[mp4 @ 0x91b010500] pts has no value
[mp4 @ 0x91b010500] Packet duration: -1024 / dts: 4056064 in stream 1 is out of range
[mp4 @ 0x91b010500] pts has no value
[mp4 @ 0x91b010500] Packet duration: -1024 / dts: 4057088 in stream 1 is out of range
[mp4 @ 0x91b010500] pts has no value
[mp4 @ 0x91b010500] Packet duration: -1024 / dts: 4059136 in stream 1 is out of range
[mp4 @ 0x91b010500] pts has no value
[mp4 @ 0x91b010500] Packet duration: -1024 / dts: 4061184 in stream 1 is out of range
[mp4 @ 0x91b010500] pts has no value
[mp4 @ 0x91b010500] Packet duration: -1024 / dts: 4062208 in stream 1 is out of range
[mp4 @ 0x91b010500] pts has no value
[mp4 @ 0x91b010500] Packet duration: -1024 / dts: 4064256 in stream 1 is out of range
[mp4 @ 0x91b010500] pts has no value
[mp4 @ 0x91b010500] Packet duration: -1024 / dts: 4065280 in stream 1 is out of range
[mp4 @ 0x91b010500] pts has no value
[mp4 @ 0x91b010500] Packet duration: -1024 / dts: 4067328 in stream 1 is out of range
[mp4 @ 0x91b010500] pts has no value
[mp4 @ 0x91b010500] Packet duration: -1024 / dts: 4068352 in stream 1 is out of range
[mp4 @ 0x91b010500] pts has no value
[mp4 @ 0x91b010500] Packet duration: -1024 / dts: 4070400 in stream 1 is out of range
[mp4 @ 0x91b010500] pts has no value
[mp4 @ 0x91b010500] Packet duration: -1024 / dts: 4071424 in stream 1 is out of range
[mp4 @ 0x91b010500] pts has no value
[mp4 @ 0x91b010500] Packet duration: -1024 / dts: 4073472 in stream 1 is out of range
[mp4 @ 0x91b010500] pts has no value
[mp4 @ 0x91b010500] Packet duration: -1024 / dts: 4075520 in stream 1 is out of range
[mp4 @ 0x91b010500] pts has no value
[mp4 @ 0x91b010500] Packet duration: -1024 / dts: 4076544 in stream 1 is out of range
[mp4 @ 0x91b010500] pts has no value
[mp4 @ 0x91b010500] Packet duration: -1024 / dts: 4078592 in stream 1 is out of range
[mp4 @ 0x91b010500] pts has no value
[mp4 @ 0x91b010500] Packet duration: -1024 / dts: 4079616 in stream 1 is out of range
[mp4 @ 0x91b010500] pts has no value
[mp4 @ 0x91b010500] Packet duration: -1024 / dts: 4081664 in stream 1 is out of range
[mp4 @ 0x91b010500] pts has no value
timestamp: 1305928 segment: 85:0 priority: 127
[2m2026-08-26T07:57:53.325498Z[0m [32m INFO[0m [2mmoq_transport::session::subscribed[0m[2m:[0m [PUBLISHER] serve_subgroup: completed subgroup (group_id=85, subgroup_id=0, 47 objects sent)
[2m2026-08-26T07:57:53.325527Z[0m [32m INFO[0m [2mmoq_transport::session::subscribed[0m[2m:[0m [PUBLISHER] serve_subgroup: completed subgroup (group_id=84, subgroup_id=0, 30 objects sent)
timestamp: 4082688 segment: 86:0 priority: 127
[mp4 @ 0x91b010500] Packet duration: -1024 / dts: 4082688 in stream 1 is out of range
[mp4 @ 0x91b010500] pts has no value
[mp4 @ 0x91b010500] Packet duration: -1024 / dts: 4084736 in stream 1 is out of range
[mp4 @ 0x91b010500] pts has no value
[mp4 @ 0x91b010500] Packet duration: -1024 / dts: 4086784 in stream 1 is out of range
[mp4 @ 0x91b010500] pts has no value
[mp4 @ 0x91b010500] Packet duration: -1024 / dts: 4087808 in stream 1 is out of range
[mp4 @ 0x91b010500] pts has no value
[mp4 @ 0x91b010500] Packet duration: -1024 / dts: 4089856 in stream 1 is out of range
[mp4 @ 0x91b010500] pts has no value
[mp4 @ 0x91b010500] Packet duration: -1024 / dts: 4090880 in stream 1 is out of range
[mp4 @ 0x91b010500] pts has no value
[mp4 @ 0x91b010500] Packet duration: -1024 / dts: 4092928 in stream 1 is out of range
[mp4 @ 0x91b010500] pts has no value
[mp4 @ 0x91b010500] Packet duration: -1024 / dts: 4093952 in stream 1 is out of range
[mp4 @ 0x91b010500] pts has no value
[mp4 @ 0x91b010500] Packet duration: -1024 / dts: 4096000 in stream 1 is out of range
[mp4 @ 0x91b010500] pts has no value
[mp4 @ 0x91b010500] Packet duration: -1024 / dts: 4097024 in stream 1 is out of range
[mp4 @ 0x91b010500] pts has no value
[mp4 @ 0x91b010500] Packet duration: -1024 / dts: 4099072 in stream 1 is out of range
[mp4 @ 0x91b010500] pts has no value
[mp4 @ 0x91b010500] Packet duration: -1024 / dts: 4101120 in stream 1 is out of range
[mp4 @ 0x91b010500] pts has no value
[mp4 @ 0x91b010500] Packet duration: -1024 / dts: 4102144 in stream 1 is out of range
[mp4 @ 0x91b010500] pts has no value
[mp4 @ 0x91b010500] Packet duration: -1024 / dts: 4104192 in stream 1 is out of range
[mp4 @ 0x91b010500] pts has no value
[mp4 @ 0x91b010500] Packet duration: -1024 / dts: 4105216 in stream 1 is out of range
[mp4 @ 0x91b010500] pts has no value
[mp4 @ 0x91b010500] Packet duration: -1024 / dts: 4107264 in stream 1 is out of range
[mp4 @ 0x91b010500] pts has no value
[mp4 @ 0x91b010500] Packet duration: -1024 / dts: 4108288 in stream 1 is out of range
[mp4 @ 0x91b010500] pts has no value
[mp4 @ 0x91b010500] Packet duration: -1024 / dts: 4110336 in stream 1 is out of range
[mp4 @ 0x91b010500] pts has no value
[mp4 @ 0x91b010500] Packet duration: -1024 / dts: 4112384 in stream 1 is out of range
[mp4 @ 0x91b010500] pts has no value
[mp4 @ 0x91b010500] Packet duration: -1024 / dts: 4113408 in stream 1 is out of range
[mp4 @ 0x91b010500] pts has no value
[mp4 @ 0x91b010500] Packet duration: -1024 / dts: 4115456 in stream 1 is out of range
[mp4 @ 0x91b010500] pts has no value
[mp4 @ 0x91b010500] Packet duration: -1024 / dts: 4116480 in stream 1 is out of range
[mp4 @ 0x91b010500] pts has no value
[mp4 @ 0x91b010500] Packet duration: -1024 / dts: 4118528 in stream 1 is out of range
[mp4 @ 0x91b010500] pts has no value
[mp4 @ 0x91b010500] Packet duration: -1024 / dts: 4119552 in stream 1 is out of range
[mp4 @ 0x91b010500] pts has no value
[mp4 @ 0x91b010500] Packet duration: -1024 / dts: 4121600 in stream 1 is out of range
[mp4 @ 0x91b010500] pts has no value
[mp4 @ 0x91b010500] Packet duration: -1024 / dts: 4122624 in stream 1 is out of range
[mp4 @ 0x91b010500] pts has no value
[mp4 @ 0x91b010500] Packet duration: -1024 / dts: 4124672 in stream 1 is out of range
[mp4 @ 0x91b010500] pts has no value
[mp4 @ 0x91b010500] Packet duration: -1024 / dts: 4126720 in stream 1 is out of range
[mp4 @ 0x91b010500] pts has no value
[mp4 @ 0x91b010500] Packet duration: -1024 / dts: 4127744 in stream 1 is out of range
[mp4 @ 0x91b010500] pts has no value
[mp4 @ 0x91b010500] Packet duration: -1024 / dts: 4129792 in stream 1 is out of range
[mp4 @ 0x91b010500] pts has no value
timestamp: 1321288 segment: 86:0 priority: 127
[2m2026-08-26T07:57:54.330861Z[0m [32m INFO[0m [2mmoq_transport::session::subscribed[0m[2m:[0m [PUBLISHER] serve_subgroup: completed subgroup (group_id=86, subgroup_id=0, 47 objects sent)
[2m2026-08-26T07:57:54.331037Z[0m [32m INFO[0m [2mmoq_transport::session::subscribed[0m[2m:[0m [PUBLISHER] serve_subgroup: completed subgroup (group_id=85, subgroup_id=0, 30 objects sent)
timestamp: 4130816 segment: 87:0 priority: 127
[mp4 @ 0x91b010500] Packet duration: -1024 / dts: 4130816 in stream 1 is out of range
[mp4 @ 0x91b010500] pts has no value
[mp4 @ 0x91b010500] Packet duration: -1024 / dts: 4132864 in stream 1 is out of range
[mp4 @ 0x91b010500] pts has no value
[mp4 @ 0x91b010500] Packet duration: -1024 / dts: 4133888 in stream 1 is out of range
[mp4 @ 0x91b010500] pts has no value
[mp4 @ 0x91b010500] Packet duration: -1024 / dts: 4135936 in stream 1 is out of range
[mp4 @ 0x91b010500] pts has no value
[mp4 @ 0x91b010500] Packet duration: -1024 / dts: 4137984 in stream 1 is out of range
[mp4 @ 0x91b010500] pts has no value
[mp4 @ 0x91b010500] Packet duration: -1024 / dts: 4139008 in stream 1 is out of range
[mp4 @ 0x91b010500] pts has no value
[mp4 @ 0x91b010500] Packet duration: -1024 / dts: 4141056 in stream 1 is out of range
[mp4 @ 0x91b010500] pts has no value
[mp4 @ 0x91b010500] Packet duration: -1024 / dts: 4142080 in stream 1 is out of range
[mp4 @ 0x91b010500] pts has no value
[mp4 @ 0x91b010500] Packet duration: -1024 / dts: 4144128 in stream 1 is out of range
[mp4 @ 0x91b010500] pts has no value
[mp4 @ 0x91b010500] Packet duration: -1024 / dts: 4145152 in stream 1 is out of range
[mp4 @ 0x91b010500] pts has no value
[mp4 @ 0x91b010500] Packet duration: -1024 / dts: 4147200 in stream 1 is out of range
[mp4 @ 0x91b010500] pts has no value
[mp4 @ 0x91b010500] Packet duration: -1024 / dts: 4148224 in stream 1 is out of range
[mp4 @ 0x91b010500] pts has no value
[mp4 @ 0x91b010500] Packet duration: -1024 / dts: 4150272 in stream 1 is out of range
[mp4 @ 0x91b010500] pts has no value
[mp4 @ 0x91b010500] Packet duration: -1024 / dts: 4152320 in stream 1 is out of range
[mp4 @ 0x91b010500] pts has no value
[mp4 @ 0x91b010500] Packet duration: -1024 / dts: 4153344 in stream 1 is out of range
[mp4 @ 0x91b010500] pts has no value
[mp4 @ 0x91b010500] Packet duration: -1024 / dts: 4155392 in stream 1 is out of range
[mp4 @ 0x91b010500] pts has no value
[mp4 @ 0x91b010500] Packet duration: -1024 / dts: 4156416 in stream 1 is out of range
[mp4 @ 0x91b010500] pts has no value
[mp4 @ 0x91b010500] Packet duration: -1024 / dts: 4158464 in stream 1 is out of range
[mp4 @ 0x91b010500] pts has no value
[mp4 @ 0x91b010500] Packet duration: -1024 / dts: 4159488 in stream 1 is out of range
[mp4 @ 0x91b010500] pts has no value
[mp4 @ 0x91b010500] Packet duration: -1024 / dts: 4161536 in stream 1 is out of range
[mp4 @ 0x91b010500] pts has no value
[mp4 @ 0x91b010500] Packet duration: -1024 / dts: 4163584 in stream 1 is out of range
[mp4 @ 0x91b010500] pts has no value
[mp4 @ 0x91b010500] Packet duration: -1024 / dts: 4164608 in stream 1 is out of range
[mp4 @ 0x91b010500] pts has no value
[mp4 @ 0x91b010500] Packet duration: -1024 / dts: 4166656 in stream 1 is out of range
[mp4 @ 0x91b010500] pts has no value
[mp4 @ 0x91b010500] Packet duration: -1024 / dts: 4167680 in stream 1 is out of range
[mp4 @ 0x91b010500] pts has no value
[mp4 @ 0x91b010500] Packet duration: -1024 / dts: 4169728 in stream 1 is out of range
[mp4 @ 0x91b010500] pts has no value
[mp4 @ 0x91b010500] Packet duration: -1024 / dts: 4170752 in stream 1 is out of range
[mp4 @ 0x91b010500] pts has no value
[mp4 @ 0x91b010500] Packet duration: -1024 / dts: 4172800 in stream 1 is out of range
[mp4 @ 0x91b010500] pts has no value
[mp4 @ 0x91b010500] Packet duration: -1024 / dts: 4173824 in stream 1 is out of range
[mp4 @ 0x91b010500] pts has no value
[mp4 @ 0x91b010500] Packet duration: -1024 / dts: 4175872 in stream 1 is out of range
[mp4 @ 0x91b010500] pts has no value
[mp4 @ 0x91b010500] Packet duration: -1024 / dts: 4177920 in stream 1 is out of range
[mp4 @ 0x91b010500] pts has no value
timestamp: 1336648 segment: 87:0 priority: 127
[2m2026-08-26T07:57:55.334624Z[0m [32m INFO[0m [2mmoq_transport::session::subscribed[0m[2m:[0m [PUBLISHER] serve_subgroup: completed subgroup (group_id=87, subgroup_id=0, 47 objects sent)
[2m2026-08-26T07:57:55.334683Z[0m [32m INFO[0m [2mmoq_transport::session::subscribed[0m[2m:[0m [PUBLISHER] serve_subgroup: completed subgroup (group_id=86, subgroup_id=0, 30 objects sent)
timestamp: 4178944 segment: 88:0 priority: 127
[mp4 @ 0x91b010500] Packet duration: -1024 / dts: 4178944 in stream 1 is out of range
[mp4 @ 0x91b010500] pts has no value
[mp4 @ 0x91b010500] Packet duration: -1024 / dts: 4180992 in stream 1 is out of range
[mp4 @ 0x91b010500] pts has no value
[mp4 @ 0x91b010500] Packet duration: -1024 / dts: 4182016 in stream 1 is out of range
[mp4 @ 0x91b010500] pts has no value
[mp4 @ 0x91b010500] Packet duration: -1024 / dts: 4184064 in stream 1 is out of range
[mp4 @ 0x91b010500] pts has no value
[mp4 @ 0x91b010500] Packet duration: -1024 / dts: 4185088 in stream 1 is out of range
[mp4 @ 0x91b010500] pts has no value
[mp4 @ 0x91b010500] Packet duration: -1024 / dts: 4187136 in stream 1 is out of range
[mp4 @ 0x91b010500] pts has no value
[mp4 @ 0x91b010500] Packet duration: -1024 / dts: 4189184 in stream 1 is out of range
[mp4 @ 0x91b010500] pts has no value
[mp4 @ 0x91b010500] Packet duration: -1024 / dts: 4190208 in stream 1 is out of range
[mp4 @ 0x91b010500] pts has no value
[mp4 @ 0x91b010500] Packet duration: -1024 / dts: 4192256 in stream 1 is out of range
[mp4 @ 0x91b010500] pts has no value
[mp4 @ 0x91b010500] Packet duration: -1024 / dts: 4193280 in stream 1 is out of range
[mp4 @ 0x91b010500] pts has no value
[mp4 @ 0x91b010500] Packet duration: -1024 / dts: 4195328 in stream 1 is out of range
[mp4 @ 0x91b010500] pts has no value
[mp4 @ 0x91b010500] Packet duration: -1024 / dts: 4196352 in stream 1 is out of range
[mp4 @ 0x91b010500] pts has no value
[mp4 @ 0x91b010500] Packet duration: -1024 / dts: 4198400 in stream 1 is out of range
[mp4 @ 0x91b010500] pts has no value
[mp4 @ 0x91b010500] Packet duration: -1024 / dts: 4199424 in stream 1 is out of range
[mp4 @ 0x91b010500] pts has no value
[mp4 @ 0x91b010500] Packet duration: -1024 / dts: 4201472 in stream 1 is out of range
[mp4 @ 0x91b010500] pts has no value
[mp4 @ 0x91b010500] Packet duration: -1024 / dts: 4203520 in stream 1 is out of range
[mp4 @ 0x91b010500] pts has no value
[mp4 @ 0x91b010500] Packet duration: -1024 / dts: 4204544 in stream 1 is out of range
[mp4 @ 0x91b010500] pts has no value
[mp4 @ 0x91b010500] Packet duration: -1024 / dts: 4206592 in stream 1 is out of range
[mp4 @ 0x91b010500] pts has no value
[mp4 @ 0x91b010500] Packet duration: -1024 / dts: 4207616 in stream 1 is out of range
[mp4 @ 0x91b010500] pts has no value
[mp4 @ 0x91b010500] Packet duration: -1024 / dts: 4209664 in stream 1 is out of range
[mp4 @ 0x91b010500] pts has no value
[mp4 @ 0x91b010500] Packet duration: -1024 / dts: 4210688 in stream 1 is out of range
[mp4 @ 0x91b010500] pts has no value
[mp4 @ 0x91b010500] Packet duration: -1024 / dts: 4212736 in stream 1 is out of range
[mp4 @ 0x91b010500] pts has no value
[mp4 @ 0x91b010500] Packet duration: -1024 / dts: 4214784 in stream 1 is out of range
[mp4 @ 0x91b010500] pts has no value
[mp4 @ 0x91b010500] Packet duration: -1024 / dts: 4215808 in stream 1 is out of range
[mp4 @ 0x91b010500] pts has no value
[mp4 @ 0x91b010500] Packet duration: -1024 / dts: 4217856 in stream 1 is out of range
[mp4 @ 0x91b010500] pts has no value
[mp4 @ 0x91b010500] Packet duration: -1024 / dts: 4218880 in stream 1 is out of range
[mp4 @ 0x91b010500] pts has no value
[mp4 @ 0x91b010500] Packet duration: -1024 / dts: 4220928 in stream 1 is out of range
[mp4 @ 0x91b010500] pts has no value
[mp4 @ 0x91b010500] Packet duration: -1024 / dts: 4221952 in stream 1 is out of range
[mp4 @ 0x91b010500] pts has no value
[mp4 @ 0x91b010500] Packet duration: -1024 / dts: 4224000 in stream 1 is out of range
[mp4 @ 0x91b010500] pts has no value
[mp4 @ 0x91b010500] Packet duration: -1024 / dts: 4225024 in stream 1 is out of range
[mp4 @ 0x91b010500] pts has no value
timestamp: 1352008 segment: 88:0 priority: 127
[2m2026-08-26T07:57:56.336678Z[0m [32m INFO[0m [2mmoq_transport::session::subscribed[0m[2m:[0m [PUBLISHER] serve_subgroup: completed subgroup (group_id=88, subgroup_id=0, 46 objects sent)
[2m2026-08-26T07:57:56.336726Z[0m [32m INFO[0m [2mmoq_transport::session::subscribed[0m[2m:[0m [PUBLISHER] serve_subgroup: completed subgroup (group_id=87, subgroup_id=0, 30 objects sent)
timestamp: 4226048 segment: 89:0 priority: 127
[mp4 @ 0x91b010500] Packet duration: -1024 / dts: 4227072 in stream 1 is out of range
[mp4 @ 0x91b010500] pts has no value
[mp4 @ 0x91b010500] Packet duration: -1024 / dts: 4229120 in stream 1 is out of range
[mp4 @ 0x91b010500] pts has no value
[mp4 @ 0x91b010500] Packet duration: -1024 / dts: 4230144 in stream 1 is out of range
[mp4 @ 0x91b010500] pts has no value
[mp4 @ 0x91b010500] Packet duration: -1024 / dts: 4232192 in stream 1 is out of range
[mp4 @ 0x91b010500] pts has no value
[mp4 @ 0x91b010500] Packet duration: -1024 / dts: 4233216 in stream 1 is out of range
[mp4 @ 0x91b010500] pts has no value
[mp4 @ 0x91b010500] Packet duration: -1024 / dts: 4235264 in stream 1 is out of range
[mp4 @ 0x91b010500] pts has no value
[mp4 @ 0x91b010500] Packet duration: -1024 / dts: 4236288 in stream 1 is out of range
[mp4 @ 0x91b010500] pts has no value
[mp4 @ 0x91b010500] Packet duration: -1024 / dts: 4238336 in stream 1 is out of range
[mp4 @ 0x91b010500] pts has no value
[mp4 @ 0x91b010500] Packet duration: -1024 / dts: 4240384 in stream 1 is out of range
[mp4 @ 0x91b010500] pts has no value
[mp4 @ 0x91b010500] Packet duration: -1024 / dts: 4241408 in stream 1 is out of range
[mp4 @ 0x91b010500] pts has no value
[mp4 @ 0x91b010500] Packet duration: -1024 / dts: 4243456 in stream 1 is out of range
[mp4 @ 0x91b010500] pts has no value
[mp4 @ 0x91b010500] Packet duration: -1024 / dts: 4244480 in stream 1 is out of range
[mp4 @ 0x91b010500] pts has no value
[mp4 @ 0x91b010500] Packet duration: -1024 / dts: 4246528 in stream 1 is out of range
[mp4 @ 0x91b010500] pts has no value
[mp4 @ 0x91b010500] Packet duration: -1024 / dts: 4247552 in stream 1 is out of range
[mp4 @ 0x91b010500] pts has no value
[mp4 @ 0x91b010500] Packet duration: -1024 / dts: 4249600 in stream 1 is out of range
[mp4 @ 0x91b010500] pts has no value
[mp4 @ 0x91b010500] Packet duration: -1024 / dts: 4250624 in stream 1 is out of range
[mp4 @ 0x91b010500] pts has no value
[mp4 @ 0x91b010500] Packet duration: -1024 / dts: 4252672 in stream 1 is out of range
[mp4 @ 0x91b010500] pts has no value
[mp4 @ 0x91b010500] Packet duration: -1024 / dts: 4254720 in stream 1 is out of range
[mp4 @ 0x91b010500] pts has no value
[mp4 @ 0x91b010500] Packet duration: -1024 / dts: 4255744 in stream 1 is out of range
[mp4 @ 0x91b010500] pts has no value
[mp4 @ 0x91b010500] Packet duration: -1024 / dts: 4257792 in stream 1 is out of range
[mp4 @ 0x91b010500] pts has no value
[mp4 @ 0x91b010500] Packet duration: -1024 / dts: 4258816 in stream 1 is out of range
[mp4 @ 0x91b010500] pts has no value
[mp4 @ 0x91b010500] Packet duration: -1024 / dts: 4260864 in stream 1 is out of range
[mp4 @ 0x91b010500] pts has no value
[mp4 @ 0x91b010500] Packet duration: -1024 / dts: 4261888 in stream 1 is out of range
[mp4 @ 0x91b010500] pts has no value
[mp4 @ 0x91b010500] Packet duration: -1024 / dts: 4263936 in stream 1 is out of range
[mp4 @ 0x91b010500] pts has no value
[mp4 @ 0x91b010500] Packet duration: -1024 / dts: 4265984 in stream 1 is out of range
[mp4 @ 0x91b010500] pts has no value
[mp4 @ 0x91b010500] Packet duration: -1024 / dts: 4267008 in stream 1 is out of range
[mp4 @ 0x91b010500] pts has no value
[mp4 @ 0x91b010500] Packet duration: -1024 / dts: 4269056 in stream 1 is out of range
[mp4 @ 0x91b010500] pts has no value
[mp4 @ 0x91b010500] Packet duration: -1024 / dts: 4270080 in stream 1 is out of range
[mp4 @ 0x91b010500] pts has no value
[mp4 @ 0x91b010500] Packet duration: -1024 / dts: 4272128 in stream 1 is out of range
[mp4 @ 0x91b010500] pts has no value
[mp4 @ 0x91b010500] Packet duration: -1024 / dts: 4273152 in stream 1 is out of range
[mp4 @ 0x91b010500] pts has no value
timestamp: 1367368 segment: 89:0 priority: 127
[2m2026-08-26T07:57:57.344145Z[0m [32m INFO[0m [2mmoq_transport::session::subscribed[0m[2m:[0m [PUBLISHER] serve_subgroup: completed subgroup (group_id=89, subgroup_id=0, 47 objects sent)
[2m2026-08-26T07:57:57.344275Z[0m [32m INFO[0m [2mmoq_transport::session::subscribed[0m[2m:[0m [PUBLISHER] serve_subgroup: completed subgroup (group_id=88, subgroup_id=0, 30 objects sent)
timestamp: 4274176 segment: 90:0 priority: 127
[mp4 @ 0x91b010500] Packet duration: -1024 / dts: 4275200 in stream 1 is out of range
[mp4 @ 0x91b010500] pts has no value
[mp4 @ 0x91b010500] Packet duration: -1024 / dts: 4276224 in stream 1 is out of range
[mp4 @ 0x91b010500] pts has no value
[mp4 @ 0x91b010500] Packet duration: -1024 / dts: 4278272 in stream 1 is out of range
[mp4 @ 0x91b010500] pts has no value
[mp4 @ 0x91b010500] Packet duration: -1024 / dts: 4280320 in stream 1 is out of range
[mp4 @ 0x91b010500] pts has no value
[mp4 @ 0x91b010500] Packet duration: -1024 / dts: 4281344 in stream 1 is out of range
[mp4 @ 0x91b010500] pts has no value
[mp4 @ 0x91b010500] Packet duration: -1024 / dts: 4283392 in stream 1 is out of range
[mp4 @ 0x91b010500] pts has no value
[mp4 @ 0x91b010500] Packet duration: -1024 / dts: 4284416 in stream 1 is out of range
[mp4 @ 0x91b010500] pts has no value
[mp4 @ 0x91b010500] Packet duration: -1024 / dts: 4286464 in stream 1 is out of range
[mp4 @ 0x91b010500] pts has no value
[mp4 @ 0x91b010500] Packet duration: -1024 / dts: 4287488 in stream 1 is out of range
[mp4 @ 0x91b010500] pts has no value
[mp4 @ 0x91b010500] Packet duration: -1024 / dts: 4289536 in stream 1 is out of range
[mp4 @ 0x91b010500] pts has no value
[mp4 @ 0x91b010500] Packet duration: -1024 / dts: 4291584 in stream 1 is out of range
[mp4 @ 0x91b010500] pts has no value
[mp4 @ 0x91b010500] Packet duration: -1024 / dts: 4292608 in stream 1 is out of range
[mp4 @ 0x91b010500] pts has no value
[mp4 @ 0x91b010500] Packet duration: -1024 / dts: 4294656 in stream 1 is out of range
[mp4 @ 0x91b010500] pts has no value
[mp4 @ 0x91b010500] Packet duration: -1024 / dts: 4295680 in stream 1 is out of range
[mp4 @ 0x91b010500] pts has no value
[mp4 @ 0x91b010500] Packet duration: -1024 / dts: 4297728 in stream 1 is out of range
[mp4 @ 0x91b010500] pts has no value
[mp4 @ 0x91b010500] Packet duration: -1024 / dts: 4298752 in stream 1 is out of range
[mp4 @ 0x91b010500] pts has no value
[mp4 @ 0x91b010500] Packet duration: -1024 / dts: 4300800 in stream 1 is out of range
[mp4 @ 0x91b010500] pts has no value
[mp4 @ 0x91b010500] Packet duration: -1024 / dts: 4301824 in stream 1 is out of range
[mp4 @ 0x91b010500] pts has no value
[mp4 @ 0x91b010500] Packet duration: -1024 / dts: 4303872 in stream 1 is out of range
[mp4 @ 0x91b010500] pts has no value
[mp4 @ 0x91b010500] Packet duration: -1024 / dts: 4305920 in stream 1 is out of range
[mp4 @ 0x91b010500] pts has no value
[mp4 @ 0x91b010500] Packet duration: -1024 / dts: 4306944 in stream 1 is out of range
[mp4 @ 0x91b010500] pts has no value
[mp4 @ 0x91b010500] Packet duration: -1024 / dts: 4308992 in stream 1 is out of range
[mp4 @ 0x91b010500] pts has no value
[mp4 @ 0x91b010500] Packet duration: -1024 / dts: 4310016 in stream 1 is out of range
[mp4 @ 0x91b010500] pts has no value
[mp4 @ 0x91b010500] Packet duration: -1024 / dts: 4312064 in stream 1 is out of range
[mp4 @ 0x91b010500] pts has no value
[mp4 @ 0x91b010500] Packet duration: -1024 / dts: 4313088 in stream 1 is out of range
[mp4 @ 0x91b010500] pts has no value
[mp4 @ 0x91b010500] Packet duration: -1024 / dts: 4315136 in stream 1 is out of range
[mp4 @ 0x91b010500] pts has no value
[mp4 @ 0x91b010500] Packet duration: -1024 / dts: 4317184 in stream 1 is out of range
[mp4 @ 0x91b010500] pts has no value
[mp4 @ 0x91b010500] Packet duration: -1024 / dts: 4318208 in stream 1 is out of range
[mp4 @ 0x91b010500] pts has no value
[mp4 @ 0x91b010500] Packet duration: -1024 / dts: 4320256 in stream 1 is out of range
[mp4 @ 0x91b010500] pts has no value
[mp4 @ 0x91b010500] Packet duration: -1024 / dts: 4321280 in stream 1 is out of range
[mp4 @ 0x91b010500] pts has no value
timestamp: 1382728 segment: 90:0 priority: 127
[2m2026-08-26T07:57:58.349250Z[0m [32m INFO[0m [2mmoq_transport::session::subscribed[0m[2m:[0m [PUBLISHER] serve_subgroup: completed subgroup (group_id=90, subgroup_id=0, 47 objects sent)
[2m2026-08-26T07:57:58.349589Z[0m [32m INFO[0m [2mmoq_transport::session::subscribed[0m[2m:[0m [PUBLISHER] serve_subgroup: completed subgroup (group_id=89, subgroup_id=0, 30 objects sent)
timestamp: 4322304 segment: 91:0 priority: 127
[mp4 @ 0x91b010500] Packet duration: -1024 / dts: 4323328 in stream 1 is out of range
[mp4 @ 0x91b010500] pts has no value
[mp4 @ 0x91b010500] Packet duration: -1024 / dts: 4324352 in stream 1 is out of range
[mp4 @ 0x91b010500] pts has no value
[mp4 @ 0x91b010500] Packet duration: -1024 / dts: 4326400 in stream 1 is out of range
[mp4 @ 0x91b010500] pts has no value
[mp4 @ 0x91b010500] Packet duration: -1024 / dts: 4327424 in stream 1 is out of range
[mp4 @ 0x91b010500] pts has no value
[mp4 @ 0x91b010500] Packet duration: -1024 / dts: 4329472 in stream 1 is out of range
[mp4 @ 0x91b010500] pts has no value
[mp4 @ 0x91b010500] Packet duration: -1024 / dts: 4331520 in stream 1 is out of range
[mp4 @ 0x91b010500] pts has no value
[mp4 @ 0x91b010500] Packet duration: -1024 / dts: 4332544 in stream 1 is out of range
[mp4 @ 0x91b010500] pts has no value
[mp4 @ 0x91b010500] Packet duration: -1024 / dts: 4334592 in stream 1 is out of range
[mp4 @ 0x91b010500] pts has no value
[mp4 @ 0x91b010500] Packet duration: -1024 / dts: 4335616 in stream 1 is out of range
[mp4 @ 0x91b010500] pts has no value
[mp4 @ 0x91b010500] Packet duration: -1024 / dts: 4337664 in stream 1 is out of range
[mp4 @ 0x91b010500] pts has no value
[mp4 @ 0x91b010500] Packet duration: -1024 / dts: 4338688 in stream 1 is out of range
[mp4 @ 0x91b010500] pts has no value
[mp4 @ 0x91b010500] Packet duration: -1024 / dts: 4340736 in stream 1 is out of range
[mp4 @ 0x91b010500] pts has no value
[mp4 @ 0x91b010500] Packet duration: -1024 / dts: 4342784 in stream 1 is out of range
[mp4 @ 0x91b010500] pts has no value
[mp4 @ 0x91b010500] Packet duration: -1024 / dts: 4343808 in stream 1 is out of range
[mp4 @ 0x91b010500] pts has no value
[mp4 @ 0x91b010500] Packet duration: -1024 / dts: 4345856 in stream 1 is out of range
[mp4 @ 0x91b010500] pts has no value
[mp4 @ 0x91b010500] Packet duration: -1024 / dts: 4346880 in stream 1 is out of range
[mp4 @ 0x91b010500] pts has no value
[mp4 @ 0x91b010500] Packet duration: -1024 / dts: 4348928 in stream 1 is out of range
[mp4 @ 0x91b010500] pts has no value
[mp4 @ 0x91b010500] Packet duration: -1024 / dts: 4349952 in stream 1 is out of range
[mp4 @ 0x91b010500] pts has no value
[mp4 @ 0x91b010500] Packet duration: -1024 / dts: 4352000 in stream 1 is out of range
[mp4 @ 0x91b010500] pts has no value
[mp4 @ 0x91b010500] Packet duration: -1024 / dts: 4353024 in stream 1 is out of range
[mp4 @ 0x91b010500] pts has no value
[mp4 @ 0x91b010500] Packet duration: -1024 / dts: 4355072 in stream 1 is out of range
[mp4 @ 0x91b010500] pts has no value
[mp4 @ 0x91b010500] Packet duration: -1024 / dts: 4357120 in stream 1 is out of range
[mp4 @ 0x91b010500] pts has no value
[mp4 @ 0x91b010500] Packet duration: -1024 / dts: 4358144 in stream 1 is out of range
[mp4 @ 0x91b010500] pts has no value
[mp4 @ 0x91b010500] Packet duration: -1024 / dts: 4360192 in stream 1 is out of range
[mp4 @ 0x91b010500] pts has no value
[mp4 @ 0x91b010500] Packet duration: -1024 / dts: 4361216 in stream 1 is out of range
[mp4 @ 0x91b010500] pts has no value
[mp4 @ 0x91b010500] Packet duration: -1024 / dts: 4363264 in stream 1 is out of range
[mp4 @ 0x91b010500] pts has no value
[mp4 @ 0x91b010500] Packet duration: -1024 / dts: 4364288 in stream 1 is out of range
[mp4 @ 0x91b010500] pts has no value
[mp4 @ 0x91b010500] Packet duration: -1024 / dts: 4366336 in stream 1 is out of range
[mp4 @ 0x91b010500] pts has no value
[mp4 @ 0x91b010500] Packet duration: -1024 / dts: 4368384 in stream 1 is out of range
[mp4 @ 0x91b010500] pts has no value
[mp4 @ 0x91b010500] Packet duration: -1024 / dts: 4369408 in stream 1 is out of range
[mp4 @ 0x91b010500] pts has no value
timestamp: 1398088 segment: 91:0 priority: 127
[2m2026-08-26T07:57:59.353621Z[0m [32m INFO[0m [2mmoq_transport::session::subscribed[0m[2m:[0m [PUBLISHER] serve_subgroup: completed subgroup (group_id=91, subgroup_id=0, 47 objects sent)
[2m2026-08-26T07:57:59.353657Z[0m [32m INFO[0m [2mmoq_transport::session::subscribed[0m[2m:[0m [PUBLISHER] serve_subgroup: completed subgroup (group_id=90, subgroup_id=0, 30 objects sent)
timestamp: 4370432 segment: 92:0 priority: 127
[mp4 @ 0x91b010500] Packet duration: -1024 / dts: 4371456 in stream 1 is out of range
[mp4 @ 0x91b010500] pts has no value
[mp4 @ 0x91b010500] Packet duration: -1024 / dts: 4372480 in stream 1 is out of range
[mp4 @ 0x91b010500] pts has no value
[mp4 @ 0x91b010500] Packet duration: -1024 / dts: 4374528 in stream 1 is out of range
[mp4 @ 0x91b010500] pts has no value
[mp4 @ 0x91b010500] Packet duration: -1024 / dts: 4375552 in stream 1 is out of range
[mp4 @ 0x91b010500] pts has no value
[mp4 @ 0x91b010500] Packet duration: -1024 / dts: 4377600 in stream 1 is out of range
[mp4 @ 0x91b010500] pts has no value
[mp4 @ 0x91b010500] Packet duration: -1024 / dts: 4378624 in stream 1 is out of range
[mp4 @ 0x91b010500] pts has no value
[mp4 @ 0x91b010500] Packet duration: -1024 / dts: 4380672 in stream 1 is out of range
[mp4 @ 0x91b010500] pts has no value
[mp4 @ 0x91b010500] Packet duration: -1024 / dts: 4382720 in stream 1 is out of range
[mp4 @ 0x91b010500] pts has no value
[mp4 @ 0x91b010500] Packet duration: -1024 / dts: 4383744 in stream 1 is out of range
[mp4 @ 0x91b010500] pts has no value
[mp4 @ 0x91b010500] Packet duration: -1024 / dts: 4385792 in stream 1 is out of range
[mp4 @ 0x91b010500] pts has no value
[mp4 @ 0x91b010500] Packet duration: -1024 / dts: 4386816 in stream 1 is out of range
[mp4 @ 0x91b010500] pts has no value
[mp4 @ 0x91b010500] Packet duration: -1024 / dts: 4388864 in stream 1 is out of range
[mp4 @ 0x91b010500] pts has no value
[mp4 @ 0x91b010500] Packet duration: -1024 / dts: 4389888 in stream 1 is out of range
[mp4 @ 0x91b010500] pts has no value
[mp4 @ 0x91b010500] Packet duration: -1024 / dts: 4391936 in stream 1 is out of range
[mp4 @ 0x91b010500] pts has no value
[mp4 @ 0x91b010500] Packet duration: -1024 / dts: 4393984 in stream 1 is out of range
[mp4 @ 0x91b010500] pts has no value
[mp4 @ 0x91b010500] Packet duration: -1024 / dts: 4395008 in stream 1 is out of range
[mp4 @ 0x91b010500] pts has no value
[mp4 @ 0x91b010500] Packet duration: -1024 / dts: 4397056 in stream 1 is out of range
[mp4 @ 0x91b010500] pts has no value
[mp4 @ 0x91b010500] Packet duration: -1024 / dts: 4398080 in stream 1 is out of range
[mp4 @ 0x91b010500] pts has no value
[mp4 @ 0x91b010500] Packet duration: -1024 / dts: 4400128 in stream 1 is out of range
[mp4 @ 0x91b010500] pts has no value
[mp4 @ 0x91b010500] Packet duration: -1024 / dts: 4401152 in stream 1 is out of range
[mp4 @ 0x91b010500] pts has no value
[mp4 @ 0x91b010500] Packet duration: -1024 / dts: 4403200 in stream 1 is out of range
[mp4 @ 0x91b010500] pts has no value
[mp4 @ 0x91b010500] Packet duration: -1024 / dts: 4404224 in stream 1 is out of range
[mp4 @ 0x91b010500] pts has no value
[mp4 @ 0x91b010500] Packet duration: -1024 / dts: 4406272 in stream 1 is out of range
[mp4 @ 0x91b010500] pts has no value
[mp4 @ 0x91b010500] Packet duration: -1024 / dts: 4408320 in stream 1 is out of range
[mp4 @ 0x91b010500] pts has no value
[mp4 @ 0x91b010500] Packet duration: -1024 / dts: 4409344 in stream 1 is out of range
[mp4 @ 0x91b010500] pts has no value
[mp4 @ 0x91b010500] Packet duration: -1024 / dts: 4411392 in stream 1 is out of range
[mp4 @ 0x91b010500] pts has no value
[mp4 @ 0x91b010500] Packet duration: -1024 / dts: 4412416 in stream 1 is out of range
[mp4 @ 0x91b010500] pts has no value
[mp4 @ 0x91b010500] Packet duration: -1024 / dts: 4414464 in stream 1 is out of range
[mp4 @ 0x91b010500] pts has no value
[mp4 @ 0x91b010500] Packet duration: -1024 / dts: 4415488 in stream 1 is out of range
[mp4 @ 0x91b010500] pts has no value
[mp4 @ 0x91b010500] Packet duration: -1024 / dts: 4417536 in stream 1 is out of range
[mp4 @ 0x91b010500] pts has no value
timestamp: 1413448 segment: 92:0 priority: 127
[2m2026-08-26T07:58:00.358135Z[0m [32m INFO[0m [2mmoq_transport::session::subscribed[0m[2m:[0m [PUBLISHER] serve_subgroup: completed subgroup (group_id=92, subgroup_id=0, 47 objects sent)
[2m2026-08-26T07:58:00.358287Z[0m [32m INFO[0m [2mmoq_transport::session::subscribed[0m[2m:[0m [PUBLISHER] serve_subgroup: completed subgroup (group_id=91, subgroup_id=0, 30 objects sent)
timestamp: 4418560 segment: 93:0 priority: 127
[mp4 @ 0x91b010500] Packet duration: -1024 / dts: 4419584 in stream 1 is out of range
[mp4 @ 0x91b010500] pts has no value
[mp4 @ 0x91b010500] Packet duration: -1024 / dts: 4420608 in stream 1 is out of range
[mp4 @ 0x91b010500] pts has no value
[mp4 @ 0x91b010500] Packet duration: -1024 / dts: 4422656 in stream 1 is out of range
[mp4 @ 0x91b010500] pts has no value
[mp4 @ 0x91b010500] Packet duration: -1024 / dts: 4423680 in stream 1 is out of range
[mp4 @ 0x91b010500] pts has no value
[mp4 @ 0x91b010500] Packet duration: -1024 / dts: 4425728 in stream 1 is out of range
[mp4 @ 0x91b010500] pts has no value
[mp4 @ 0x91b010500] Packet duration: -1024 / dts: 4426752 in stream 1 is out of range
[mp4 @ 0x91b010500] pts has no value
[mp4 @ 0x91b010500] Packet duration: -1024 / dts: 4428800 in stream 1 is out of range
[mp4 @ 0x91b010500] pts has no value
[mp4 @ 0x91b010500] Packet duration: -1024 / dts: 4429824 in stream 1 is out of range
[mp4 @ 0x91b010500] pts has no value
[mp4 @ 0x91b010500] Packet duration: -1024 / dts: 4431872 in stream 1 is out of range
[mp4 @ 0x91b010500] pts has no value
[mp4 @ 0x91b010500] Packet duration: -1024 / dts: 4433920 in stream 1 is out of range
[mp4 @ 0x91b010500] pts has no value
[mp4 @ 0x91b010500] Packet duration: -1024 / dts: 4434944 in stream 1 is out of range
[mp4 @ 0x91b010500] pts has no value
[mp4 @ 0x91b010500] Packet duration: -1024 / dts: 4436992 in stream 1 is out of range
[mp4 @ 0x91b010500] pts has no value
[mp4 @ 0x91b010500] Packet duration: -1024 / dts: 4438016 in stream 1 is out of range
[mp4 @ 0x91b010500] pts has no value
[mp4 @ 0x91b010500] Packet duration: -1024 / dts: 4440064 in stream 1 is out of range
[mp4 @ 0x91b010500] pts has no value
[mp4 @ 0x91b010500] Packet duration: -1024 / dts: 4441088 in stream 1 is out of range
[mp4 @ 0x91b010500] pts has no value
[mp4 @ 0x91b010500] Packet duration: -1024 / dts: 4443136 in stream 1 is out of range
[mp4 @ 0x91b010500] pts has no value
[mp4 @ 0x91b010500] Packet duration: -1024 / dts: 4445184 in stream 1 is out of range
[mp4 @ 0x91b010500] pts has no value
[mp4 @ 0x91b010500] Packet duration: -1024 / dts: 4446208 in stream 1 is out of range
[mp4 @ 0x91b010500] pts has no value
[mp4 @ 0x91b010500] Packet duration: -1024 / dts: 4448256 in stream 1 is out of range
[mp4 @ 0x91b010500] pts has no value
[mp4 @ 0x91b010500] Packet duration: -1024 / dts: 4449280 in stream 1 is out of range
[mp4 @ 0x91b010500] pts has no value
[mp4 @ 0x91b010500] Packet duration: -1024 / dts: 4451328 in stream 1 is out of range
[mp4 @ 0x91b010500] pts has no value
[mp4 @ 0x91b010500] Packet duration: -1024 / dts: 4452352 in stream 1 is out of range
[mp4 @ 0x91b010500] pts has no value
[mp4 @ 0x91b010500] Packet duration: -1024 / dts: 4454400 in stream 1 is out of range
[mp4 @ 0x91b010500] pts has no value
[mp4 @ 0x91b010500] Packet duration: -1024 / dts: 4455424 in stream 1 is out of range
[mp4 @ 0x91b010500] pts has no value
[mp4 @ 0x91b010500] Packet duration: -1024 / dts: 4457472 in stream 1 is out of range
[mp4 @ 0x91b010500] pts has no value
[mp4 @ 0x91b010500] Packet duration: -1024 / dts: 4459520 in stream 1 is out of range
[mp4 @ 0x91b010500] pts has no value
[mp4 @ 0x91b010500] Packet duration: -1024 / dts: 4460544 in stream 1 is out of range
[mp4 @ 0x91b010500] pts has no value
[mp4 @ 0x91b010500] Packet duration: -1024 / dts: 4462592 in stream 1 is out of range
[mp4 @ 0x91b010500] pts has no value
[mp4 @ 0x91b010500] Packet duration: -1024 / dts: 4463616 in stream 1 is out of range
[mp4 @ 0x91b010500] pts has no value
[mp4 @ 0x91b010500] Packet duration: -1024 / dts: 4465664 in stream 1 is out of range
[mp4 @ 0x91b010500] pts has no value
timestamp: 1428808 segment: 93:0 priority: 127
[2m2026-08-26T07:58:01.363043Z[0m [32m INFO[0m [2mmoq_transport::session::subscribed[0m[2m:[0m [PUBLISHER] serve_subgroup: completed subgroup (group_id=93, subgroup_id=0, 47 objects sent)
[2m2026-08-26T07:58:01.363189Z[0m [32m INFO[0m [2mmoq_transport::session::subscribed[0m[2m:[0m [PUBLISHER] serve_subgroup: completed subgroup (group_id=92, subgroup_id=0, 30 objects sent)
timestamp: 4466688 segment: 94:0 priority: 127
[mp4 @ 0x91b010500] Packet duration: -1024 / dts: 4466688 in stream 1 is out of range
[mp4 @ 0x91b010500] pts has no value
[mp4 @ 0x91b010500] Packet duration: -1024 / dts: 4468736 in stream 1 is out of range
[mp4 @ 0x91b010500] pts has no value
[mp4 @ 0x91b010500] Packet duration: -1024 / dts: 4470784 in stream 1 is out of range
[mp4 @ 0x91b010500] pts has no value
[mp4 @ 0x91b010500] Packet duration: -1024 / dts: 4471808 in stream 1 is out of range
[mp4 @ 0x91b010500] pts has no value
[mp4 @ 0x91b010500] Packet duration: -1024 / dts: 4473856 in stream 1 is out of range
[mp4 @ 0x91b010500] pts has no value
[mp4 @ 0x91b010500] Packet duration: -1024 / dts: 4474880 in stream 1 is out of range
[mp4 @ 0x91b010500] pts has no value
[mp4 @ 0x91b010500] Packet duration: -1024 / dts: 4476928 in stream 1 is out of range
[mp4 @ 0x91b010500] pts has no value
[mp4 @ 0x91b010500] Packet duration: -1024 / dts: 4477952 in stream 1 is out of range
[mp4 @ 0x91b010500] pts has no value
[mp4 @ 0x91b010500] Packet duration: -1024 / dts: 4480000 in stream 1 is out of range
[mp4 @ 0x91b010500] pts has no value
[mp4 @ 0x91b010500] Packet duration: -1024 / dts: 4481024 in stream 1 is out of range
[mp4 @ 0x91b010500] pts has no value
[mp4 @ 0x91b010500] Packet duration: -1024 / dts: 4483072 in stream 1 is out of range
[mp4 @ 0x91b010500] pts has no value
[mp4 @ 0x91b010500] Packet duration: -1024 / dts: 4485120 in stream 1 is out of range
[mp4 @ 0x91b010500] pts has no value
[mp4 @ 0x91b010500] Packet duration: -1024 / dts: 4486144 in stream 1 is out of range
[mp4 @ 0x91b010500] pts has no value
[mp4 @ 0x91b010500] Packet duration: -1024 / dts: 4488192 in stream 1 is out of range
[mp4 @ 0x91b010500] pts has no value
[mp4 @ 0x91b010500] Packet duration: -1024 / dts: 4489216 in stream 1 is out of range
[mp4 @ 0x91b010500] pts has no value
[mp4 @ 0x91b010500] Packet duration: -1024 / dts: 4491264 in stream 1 is out of range
[mp4 @ 0x91b010500] pts has no value
[mp4 @ 0x91b010500] Packet duration: -1024 / dts: 4492288 in stream 1 is out of range
[mp4 @ 0x91b010500] pts has no value
[mp4 @ 0x91b010500] Packet duration: -1024 / dts: 4494336 in stream 1 is out of range
[mp4 @ 0x91b010500] pts has no value
[mp4 @ 0x91b010500] Packet duration: -1024 / dts: 4496384 in stream 1 is out of range
[mp4 @ 0x91b010500] pts has no value
[mp4 @ 0x91b010500] Packet duration: -1024 / dts: 4497408 in stream 1 is out of range
[mp4 @ 0x91b010500] pts has no value
[mp4 @ 0x91b010500] Packet duration: -1024 / dts: 4499456 in stream 1 is out of range
[mp4 @ 0x91b010500] pts has no value
[mp4 @ 0x91b010500] Packet duration: -1024 / dts: 4500480 in stream 1 is out of range
[mp4 @ 0x91b010500] pts has no value
[mp4 @ 0x91b010500] Packet duration: -1024 / dts: 4502528 in stream 1 is out of range
[mp4 @ 0x91b010500] pts has no value
[mp4 @ 0x91b010500] Packet duration: -1024 / dts: 4503552 in stream 1 is out of range
[mp4 @ 0x91b010500] pts has no value
[mp4 @ 0x91b010500] Packet duration: -1024 / dts: 4505600 in stream 1 is out of range
[mp4 @ 0x91b010500] pts has no value
[mp4 @ 0x91b010500] Packet duration: -1024 / dts: 4506624 in stream 1 is out of range
[mp4 @ 0x91b010500] pts has no value
[mp4 @ 0x91b010500] Packet duration: -1024 / dts: 4508672 in stream 1 is out of range
[mp4 @ 0x91b010500] pts has no value
[mp4 @ 0x91b010500] Packet duration: -1024 / dts: 4510720 in stream 1 is out of range
[mp4 @ 0x91b010500] pts has no value
[mp4 @ 0x91b010500] Packet duration: -1024 / dts: 4511744 in stream 1 is out of range
[mp4 @ 0x91b010500] pts has no value
[mp4 @ 0x91b010500] Packet duration: -1024 / dts: 4513792 in stream 1 is out of range
[mp4 @ 0x91b010500] pts has no value
timestamp: 1444168 segment: 94:0 priority: 127
timestamp: 4514816 segment: 95:0 priority: 127
[2m2026-08-26T07:58:02.367726Z[0m [32m INFO[0m [2mmoq_transport::session::subscribed[0m[2m:[0m [PUBLISHER] serve_subgroup: completed subgroup (group_id=94, subgroup_id=0, 47 objects sent)
[2m2026-08-26T07:58:02.368082Z[0m [32m INFO[0m [2mmoq_transport::session::subscribed[0m[2m:[0m [PUBLISHER] serve_subgroup: completed subgroup (group_id=93, subgroup_id=0, 30 objects sent)
[mp4 @ 0x91b010500] Packet duration: -1024 / dts: 4514816 in stream 1 is out of range
[mp4 @ 0x91b010500] pts has no value
[mp4 @ 0x91b010500] Packet duration: -1024 / dts: 4516864 in stream 1 is out of range
[mp4 @ 0x91b010500] pts has no value
[mp4 @ 0x91b010500] Packet duration: -1024 / dts: 4517888 in stream 1 is out of range
[mp4 @ 0x91b010500] pts has no value
[mp4 @ 0x91b010500] Packet duration: -1024 / dts: 4519936 in stream 1 is out of range
[mp4 @ 0x91b010500] pts has no value
[mp4 @ 0x91b010500] Packet duration: -1024 / dts: 4521984 in stream 1 is out of range
[mp4 @ 0x91b010500] pts has no value
[mp4 @ 0x91b010500] Packet duration: -1024 / dts: 4523008 in stream 1 is out of range
[mp4 @ 0x91b010500] pts has no value
[mp4 @ 0x91b010500] Packet duration: -1024 / dts: 4525056 in stream 1 is out of range
[mp4 @ 0x91b010500] pts has no value
[mp4 @ 0x91b010500] Packet duration: -1024 / dts: 4526080 in stream 1 is out of range
[mp4 @ 0x91b010500] pts has no value
[mp4 @ 0x91b010500] Packet duration: -1024 / dts: 4528128 in stream 1 is out of range
[mp4 @ 0x91b010500] pts has no value
[mp4 @ 0x91b010500] Packet duration: -1024 / dts: 4529152 in stream 1 is out of range
[mp4 @ 0x91b010500] pts has no value
[mp4 @ 0x91b010500] Packet duration: -1024 / dts: 4531200 in stream 1 is out of range
[mp4 @ 0x91b010500] pts has no value
[mp4 @ 0x91b010500] Packet duration: -1024 / dts: 4532224 in stream 1 is out of range
[mp4 @ 0x91b010500] pts has no value
[mp4 @ 0x91b010500] Packet duration: -1024 / dts: 4534272 in stream 1 is out of range
[mp4 @ 0x91b010500] pts has no value
[mp4 @ 0x91b010500] Packet duration: -1024 / dts: 4536320 in stream 1 is out of range
[mp4 @ 0x91b010500] pts has no value
[mp4 @ 0x91b010500] Packet duration: -1024 / dts: 4537344 in stream 1 is out of range
[mp4 @ 0x91b010500] pts has no value
[mp4 @ 0x91b010500] Packet duration: -1024 / dts: 4539392 in stream 1 is out of range
[mp4 @ 0x91b010500] pts has no value
[mp4 @ 0x91b010500] Packet duration: -1024 / dts: 4540416 in stream 1 is out of range
[mp4 @ 0x91b010500] pts has no value
[mp4 @ 0x91b010500] Packet duration: -1024 / dts: 4542464 in stream 1 is out of range
[mp4 @ 0x91b010500] pts has no value
[mp4 @ 0x91b010500] Packet duration: -1024 / dts: 4543488 in stream 1 is out of range
[mp4 @ 0x91b010500] pts has no value
[mp4 @ 0x91b010500] Packet duration: -1024 / dts: 4545536 in stream 1 is out of range
[mp4 @ 0x91b010500] pts has no value
[mp4 @ 0x91b010500] Packet duration: -1024 / dts: 4547584 in stream 1 is out of range
[mp4 @ 0x91b010500] pts has no value
[mp4 @ 0x91b010500] Packet duration: -1024 / dts: 4548608 in stream 1 is out of range
[mp4 @ 0x91b010500] pts has no value
[mp4 @ 0x91b010500] Packet duration: -1024 / dts: 4550656 in stream 1 is out of range
[mp4 @ 0x91b010500] pts has no value
[mp4 @ 0x91b010500] Packet duration: -1024 / dts: 4551680 in stream 1 is out of range
[mp4 @ 0x91b010500] pts has no value
[mp4 @ 0x91b010500] Packet duration: -1024 / dts: 4553728 in stream 1 is out of range
[mp4 @ 0x91b010500] pts has no value
[mp4 @ 0x91b010500] Packet duration: -1024 / dts: 4554752 in stream 1 is out of range
[mp4 @ 0x91b010500] pts has no value
[mp4 @ 0x91b010500] Packet duration: -1024 / dts: 4556800 in stream 1 is out of range
[mp4 @ 0x91b010500] pts has no value
[mp4 @ 0x91b010500] Packet duration: -1024 / dts: 4557824 in stream 1 is out of range
[mp4 @ 0x91b010500] pts has no value
[mp4 @ 0x91b010500] Packet duration: -1024 / dts: 4559872 in stream 1 is out of range
[mp4 @ 0x91b010500] pts has no value
[mp4 @ 0x91b010500] Packet duration: -1024 / dts: 4561920 in stream 1 is out of range
[mp4 @ 0x91b010500] pts has no value
timestamp: 1459528 segment: 95:0 priority: 127
[2m2026-08-26T07:58:03.374472Z[0m [32m INFO[0m [2mmoq_transport::session::subscribed[0m[2m:[0m [PUBLISHER] serve_subgroup: completed subgroup (group_id=95, subgroup_id=0, 47 objects sent)
[2m2026-08-26T07:58:03.374579Z[0m [32m INFO[0m [2mmoq_transport::session::subscribed[0m[2m:[0m [PUBLISHER] serve_subgroup: completed subgroup (group_id=94, subgroup_id=0, 30 objects sent)
timestamp: 4562944 segment: 96:0 priority: 127
[mp4 @ 0x91b010500] Packet duration: -1024 / dts: 4562944 in stream 1 is out of range
[mp4 @ 0x91b010500] pts has no value
[mp4 @ 0x91b010500] Packet duration: -1024 / dts: 4564992 in stream 1 is out of range
[mp4 @ 0x91b010500] pts has no value
[mp4 @ 0x91b010500] Packet duration: -1024 / dts: 4566016 in stream 1 is out of range
[mp4 @ 0x91b010500] pts has no value
[mp4 @ 0x91b010500] Packet duration: -1024 / dts: 4568064 in stream 1 is out of range
[mp4 @ 0x91b010500] pts has no value
[mp4 @ 0x91b010500] Packet duration: -1024 / dts: 4569088 in stream 1 is out of range
[mp4 @ 0x91b010500] pts has no value
[mp4 @ 0x91b010500] Packet duration: -1024 / dts: 4571136 in stream 1 is out of range
[mp4 @ 0x91b010500] pts has no value
[mp4 @ 0x91b010500] Packet duration: -1024 / dts: 4573184 in stream 1 is out of range
[mp4 @ 0x91b010500] pts has no value
[mp4 @ 0x91b010500] Packet duration: -1024 / dts: 4574208 in stream 1 is out of range
[mp4 @ 0x91b010500] pts has no value
[mp4 @ 0x91b010500] Packet duration: -1024 / dts: 4576256 in stream 1 is out of range
[mp4 @ 0x91b010500] pts has no value
[mp4 @ 0x91b010500] Packet duration: -1024 / dts: 4577280 in stream 1 is out of range
[mp4 @ 0x91b010500] pts has no value
[mp4 @ 0x91b010500] Packet duration: -1024 / dts: 4579328 in stream 1 is out of range
[mp4 @ 0x91b010500] pts has no value
[mp4 @ 0x91b010500] Packet duration: -1024 / dts: 4580352 in stream 1 is out of range
[mp4 @ 0x91b010500] pts has no value
[mp4 @ 0x91b010500] Packet duration: -1024 / dts: 4582400 in stream 1 is out of range
[mp4 @ 0x91b010500] pts has no value
[mp4 @ 0x91b010500] Packet duration: -1024 / dts: 4583424 in stream 1 is out of range
[mp4 @ 0x91b010500] pts has no value
[mp4 @ 0x91b010500] Packet duration: -1024 / dts: 4585472 in stream 1 is out of range
[mp4 @ 0x91b010500] pts has no value
[mp4 @ 0x91b010500] Packet duration: -1024 / dts: 4587520 in stream 1 is out of range
[mp4 @ 0x91b010500] pts has no value
[mp4 @ 0x91b010500] Packet duration: -1024 / dts: 4588544 in stream 1 is out of range
[mp4 @ 0x91b010500] pts has no value
[mp4 @ 0x91b010500] Packet duration: -1024 / dts: 4590592 in stream 1 is out of range
[mp4 @ 0x91b010500] pts has no value
[mp4 @ 0x91b010500] Packet duration: -1024 / dts: 4591616 in stream 1 is out of range
[mp4 @ 0x91b010500] pts has no value
[mp4 @ 0x91b010500] Packet duration: -1024 / dts: 4593664 in stream 1 is out of range
[mp4 @ 0x91b010500] pts has no value
[mp4 @ 0x91b010500] Packet duration: -1024 / dts: 4594688 in stream 1 is out of range
[mp4 @ 0x91b010500] pts has no value
[mp4 @ 0x91b010500] Packet duration: -1024 / dts: 4596736 in stream 1 is out of range
[mp4 @ 0x91b010500] pts has no value
[mp4 @ 0x91b010500] Packet duration: -1024 / dts: 4598784 in stream 1 is out of range
[mp4 @ 0x91b010500] pts has no value
[mp4 @ 0x91b010500] Packet duration: -1024 / dts: 4599808 in stream 1 is out of range
[mp4 @ 0x91b010500] pts has no value
[mp4 @ 0x91b010500] Packet duration: -1024 / dts: 4601856 in stream 1 is out of range
[mp4 @ 0x91b010500] pts has no value
[mp4 @ 0x91b010500] Packet duration: -1024 / dts: 4602880 in stream 1 is out of range
[mp4 @ 0x91b010500] pts has no value
[mp4 @ 0x91b010500] Packet duration: -1024 / dts: 4604928 in stream 1 is out of range
[mp4 @ 0x91b010500] pts has no value
[mp4 @ 0x91b010500] Packet duration: -1024 / dts: 4605952 in stream 1 is out of range
[mp4 @ 0x91b010500] pts has no value
[mp4 @ 0x91b010500] Packet duration: -1024 / dts: 4608000 in stream 1 is out of range
[mp4 @ 0x91b010500] pts has no value
[mp4 @ 0x91b010500] Packet duration: -1024 / dts: 4609024 in stream 1 is out of range
[mp4 @ 0x91b010500] pts has no value
timestamp: 1474888 segment: 96:0 priority: 127
[2m2026-08-26T07:58:04.376050Z[0m [32m INFO[0m [2mmoq_transport::session::subscribed[0m[2m:[0m [PUBLISHER] serve_subgroup: completed subgroup (group_id=96, subgroup_id=0, 46 objects sent)
[2m2026-08-26T07:58:04.376332Z[0m [32m INFO[0m [2mmoq_transport::session::subscribed[0m[2m:[0m [PUBLISHER] serve_subgroup: completed subgroup (group_id=95, subgroup_id=0, 30 objects sent)
timestamp: 4610048 segment: 97:0 priority: 127
[mp4 @ 0x91b010500] Packet duration: -1024 / dts: 4611072 in stream 1 is out of range
[mp4 @ 0x91b010500] pts has no value
[mp4 @ 0x91b010500] Packet duration: -1024 / dts: 4613120 in stream 1 is out of range
[mp4 @ 0x91b010500] pts has no value
[mp4 @ 0x91b010500] Packet duration: -1024 / dts: 4614144 in stream 1 is out of range
[mp4 @ 0x91b010500] pts has no value
[mp4 @ 0x91b010500] Packet duration: -1024 / dts: 4616192 in stream 1 is out of range
[mp4 @ 0x91b010500] pts has no value
[mp4 @ 0x91b010500] Packet duration: -1024 / dts: 4617216 in stream 1 is out of range
[mp4 @ 0x91b010500] pts has no value
[mp4 @ 0x91b010500] Packet duration: -1024 / dts: 4619264 in stream 1 is out of range
[mp4 @ 0x91b010500] pts has no value
[mp4 @ 0x91b010500] Packet duration: -1024 / dts: 4620288 in stream 1 is out of range
[mp4 @ 0x91b010500] pts has no value
[mp4 @ 0x91b010500] Packet duration: -1024 / dts: 4622336 in stream 1 is out of range
[mp4 @ 0x91b010500] pts has no value
[mp4 @ 0x91b010500] Packet duration: -1024 / dts: 4624384 in stream 1 is out of range
[mp4 @ 0x91b010500] pts has no value
[mp4 @ 0x91b010500] Packet duration: -1024 / dts: 4625408 in stream 1 is out of range
[mp4 @ 0x91b010500] pts has no value
[mp4 @ 0x91b010500] Packet duration: -1024 / dts: 4627456 in stream 1 is out of range
[mp4 @ 0x91b010500] pts has no value
[mp4 @ 0x91b010500] Packet duration: -1024 / dts: 4628480 in stream 1 is out of range
[mp4 @ 0x91b010500] pts has no value
[mp4 @ 0x91b010500] Packet duration: -1024 / dts: 4630528 in stream 1 is out of range
[mp4 @ 0x91b010500] pts has no value
[mp4 @ 0x91b010500] Packet duration: -1024 / dts: 4631552 in stream 1 is out of range
[mp4 @ 0x91b010500] pts has no value
[mp4 @ 0x91b010500] Packet duration: -1024 / dts: 4633600 in stream 1 is out of range
[mp4 @ 0x91b010500] pts has no value
[mp4 @ 0x91b010500] Packet duration: -1024 / dts: 4634624 in stream 1 is out of range
[mp4 @ 0x91b010500] pts has no value
[mp4 @ 0x91b010500] Packet duration: -1024 / dts: 4636672 in stream 1 is out of range
[mp4 @ 0x91b010500] pts has no value
[mp4 @ 0x91b010500] Packet duration: -1024 / dts: 4638720 in stream 1 is out of range
[mp4 @ 0x91b010500] pts has no value
[mp4 @ 0x91b010500] Packet duration: -1024 / dts: 4639744 in stream 1 is out of range
[mp4 @ 0x91b010500] pts has no value
[mp4 @ 0x91b010500] Packet duration: -1024 / dts: 4641792 in stream 1 is out of range
[mp4 @ 0x91b010500] pts has no value
[mp4 @ 0x91b010500] Packet duration: -1024 / dts: 4642816 in stream 1 is out of range
[mp4 @ 0x91b010500] pts has no value
[mp4 @ 0x91b010500] Packet duration: -1024 / dts: 4644864 in stream 1 is out of range
[mp4 @ 0x91b010500] pts has no value
[mp4 @ 0x91b010500] Packet duration: -1024 / dts: 4645888 in stream 1 is out of range
[mp4 @ 0x91b010500] pts has no value
[mp4 @ 0x91b010500] Packet duration: -1024 / dts: 4647936 in stream 1 is out of range
[mp4 @ 0x91b010500] pts has no value
[mp4 @ 0x91b010500] Packet duration: -1024 / dts: 4649984 in stream 1 is out of range
[mp4 @ 0x91b010500] pts has no value
[mp4 @ 0x91b010500] Packet duration: -1024 / dts: 4651008 in stream 1 is out of range
[mp4 @ 0x91b010500] pts has no value
[mp4 @ 0x91b010500] Packet duration: -1024 / dts: 4653056 in stream 1 is out of range
[mp4 @ 0x91b010500] pts has no value
[mp4 @ 0x91b010500] Packet duration: -1024 / dts: 4654080 in stream 1 is out of range
[mp4 @ 0x91b010500] pts has no value
[mp4 @ 0x91b010500] Packet duration: -1024 / dts: 4656128 in stream 1 is out of range
[mp4 @ 0x91b010500] pts has no value
[mp4 @ 0x91b010500] Packet duration: -1024 / dts: 4657152 in stream 1 is out of range
[mp4 @ 0x91b010500] pts has no value
timestamp: 1490248 segment: 97:0 priority: 127
timestamp: 4658176 segment: 98:0 priority: 127
[2m2026-08-26T07:58:05.383041Z[0m [32m INFO[0m [2mmoq_transport::session::subscribed[0m[2m:[0m [PUBLISHER] serve_subgroup: completed subgroup (group_id=97, subgroup_id=0, 47 objects sent)
[2m2026-08-26T07:58:05.383488Z[0m [32m INFO[0m [2mmoq_transport::session::subscribed[0m[2m:[0m [PUBLISHER] serve_subgroup: completed subgroup (group_id=96, subgroup_id=0, 30 objects sent)
[mp4 @ 0x91b010500] Packet duration: -1024 / dts: 4659200 in stream 1 is out of range
[mp4 @ 0x91b010500] pts has no value
[mp4 @ 0x91b010500] Packet duration: -1024 / dts: 4660224 in stream 1 is out of range
[mp4 @ 0x91b010500] pts has no value
[mp4 @ 0x91b010500] Packet duration: -1024 / dts: 4662272 in stream 1 is out of range
[mp4 @ 0x91b010500] pts has no value
[mp4 @ 0x91b010500] Packet duration: -1024 / dts: 4664320 in stream 1 is out of range
[mp4 @ 0x91b010500] pts has no value
[mp4 @ 0x91b010500] Packet duration: -1024 / dts: 4665344 in stream 1 is out of range
[mp4 @ 0x91b010500] pts has no value
[mp4 @ 0x91b010500] Packet duration: -1024 / dts: 4667392 in stream 1 is out of range
[mp4 @ 0x91b010500] pts has no value
[mp4 @ 0x91b010500] Packet duration: -1024 / dts: 4668416 in stream 1 is out of range
[mp4 @ 0x91b010500] pts has no value
[mp4 @ 0x91b010500] Packet duration: -1024 / dts: 4670464 in stream 1 is out of range
[mp4 @ 0x91b010500] pts has no value
[mp4 @ 0x91b010500] Packet duration: -1024 / dts: 4671488 in stream 1 is out of range
[mp4 @ 0x91b010500] pts has no value
[mp4 @ 0x91b010500] Packet duration: -1024 / dts: 4673536 in stream 1 is out of range
[mp4 @ 0x91b010500] pts has no value
[mp4 @ 0x91b010500] Packet duration: -1024 / dts: 4675584 in stream 1 is out of range
[mp4 @ 0x91b010500] pts has no value
[mp4 @ 0x91b010500] Packet duration: -1024 / dts: 4676608 in stream 1 is out of range
[mp4 @ 0x91b010500] pts has no value
[mp4 @ 0x91b010500] Packet duration: -1024 / dts: 4678656 in stream 1 is out of range
[mp4 @ 0x91b010500] pts has no value
[mp4 @ 0x91b010500] Packet duration: -1024 / dts: 4679680 in stream 1 is out of range
[mp4 @ 0x91b010500] pts has no value
[mp4 @ 0x91b010500] Packet duration: -1024 / dts: 4681728 in stream 1 is out of range
[mp4 @ 0x91b010500] pts has no value
[mp4 @ 0x91b010500] Packet duration: -1024 / dts: 4682752 in stream 1 is out of range
[mp4 @ 0x91b010500] pts has no value
[mp4 @ 0x91b010500] Packet duration: -1024 / dts: 4684800 in stream 1 is out of range
[mp4 @ 0x91b010500] pts has no value
[mp4 @ 0x91b010500] Packet duration: -1024 / dts: 4685824 in stream 1 is out of range
[mp4 @ 0x91b010500] pts has no value
[mp4 @ 0x91b010500] Packet duration: -1024 / dts: 4687872 in stream 1 is out of range
[mp4 @ 0x91b010500] pts has no value
[mp4 @ 0x91b010500] Packet duration: -1024 / dts: 4689920 in stream 1 is out of range
[mp4 @ 0x91b010500] pts has no value
[mp4 @ 0x91b010500] Packet duration: -1024 / dts: 4690944 in stream 1 is out of range
[mp4 @ 0x91b010500] pts has no value
[mp4 @ 0x91b010500] Packet duration: -1024 / dts: 4692992 in stream 1 is out of range
[mp4 @ 0x91b010500] pts has no value
[mp4 @ 0x91b010500] Packet duration: -1024 / dts: 4694016 in stream 1 is out of range
[mp4 @ 0x91b010500] pts has no value
[mp4 @ 0x91b010500] Packet duration: -1024 / dts: 4696064 in stream 1 is out of range
[mp4 @ 0x91b010500] pts has no value
[mp4 @ 0x91b010500] Packet duration: -1024 / dts: 4697088 in stream 1 is out of range
[mp4 @ 0x91b010500] pts has no value
[mp4 @ 0x91b010500] Packet duration: -1024 / dts: 4699136 in stream 1 is out of range
[mp4 @ 0x91b010500] pts has no value
[mp4 @ 0x91b010500] Packet duration: -1024 / dts: 4701184 in stream 1 is out of range
[mp4 @ 0x91b010500] pts has no value
[mp4 @ 0x91b010500] Packet duration: -1024 / dts: 4702208 in stream 1 is out of range
[mp4 @ 0x91b010500] pts has no value
[mp4 @ 0x91b010500] Packet duration: -1024 / dts: 4704256 in stream 1 is out of range
[mp4 @ 0x91b010500] pts has no value
[mp4 @ 0x91b010500] Packet duration: -1024 / dts: 4705280 in stream 1 is out of range
[mp4 @ 0x91b010500] pts has no value
timestamp: 1505608 segment: 98:0 priority: 127
[2m2026-08-26T07:58:06.387589Z[0m [32m INFO[0m [2mmoq_transport::session::subscribed[0m[2m:[0m [PUBLISHER] serve_subgroup: completed subgroup (group_id=98, subgroup_id=0, 47 objects sent)
[2m2026-08-26T07:58:06.387617Z[0m [32m INFO[0m [2mmoq_transport::session::subscribed[0m[2m:[0m [PUBLISHER] serve_subgroup: completed subgroup (group_id=97, subgroup_id=0, 30 objects sent)
timestamp: 4706304 segment: 99:0 priority: 127
[mp4 @ 0x91b010500] Packet duration: -1024 / dts: 4707328 in stream 1 is out of range
[mp4 @ 0x91b010500] pts has no value
[mp4 @ 0x91b010500] Packet duration: -1024 / dts: 4708352 in stream 1 is out of range
[mp4 @ 0x91b010500] pts has no value
[mp4 @ 0x91b010500] Packet duration: -1024 / dts: 4710400 in stream 1 is out of range
[mp4 @ 0x91b010500] pts has no value
[mp4 @ 0x91b010500] Packet duration: -1024 / dts: 4711424 in stream 1 is out of range
[mp4 @ 0x91b010500] pts has no value
[mp4 @ 0x91b010500] Packet duration: -1024 / dts: 4713472 in stream 1 is out of range
[mp4 @ 0x91b010500] pts has no value
[mp4 @ 0x91b010500] Packet duration: -1024 / dts: 4715520 in stream 1 is out of range
[mp4 @ 0x91b010500] pts has no value
[mp4 @ 0x91b010500] Packet duration: -1024 / dts: 4716544 in stream 1 is out of range
[mp4 @ 0x91b010500] pts has no value
[mp4 @ 0x91b010500] Packet duration: -1024 / dts: 4718592 in stream 1 is out of range
[mp4 @ 0x91b010500] pts has no value
[mp4 @ 0x91b010500] Packet duration: -1024 / dts: 4719616 in stream 1 is out of range
[mp4 @ 0x91b010500] pts has no value
[mp4 @ 0x91b010500] Packet duration: -1024 / dts: 4721664 in stream 1 is out of range
[mp4 @ 0x91b010500] pts has no value
[mp4 @ 0x91b010500] Packet duration: -1024 / dts: 4722688 in stream 1 is out of range
[mp4 @ 0x91b010500] pts has no value
[mp4 @ 0x91b010500] Packet duration: -1024 / dts: 4724736 in stream 1 is out of range
[mp4 @ 0x91b010500] pts has no value
[mp4 @ 0x91b010500] Packet duration: -1024 / dts: 4726784 in stream 1 is out of range
[mp4 @ 0x91b010500] pts has no value
[mp4 @ 0x91b010500] Packet duration: -1024 / dts: 4727808 in stream 1 is out of range
[mp4 @ 0x91b010500] pts has no value
[mp4 @ 0x91b010500] Packet duration: -1024 / dts: 4729856 in stream 1 is out of range
[mp4 @ 0x91b010500] pts has no value
[mp4 @ 0x91b010500] Packet duration: -1024 / dts: 4730880 in stream 1 is out of range
[mp4 @ 0x91b010500] pts has no value
[mp4 @ 0x91b010500] Packet duration: -1024 / dts: 4732928 in stream 1 is out of range
[mp4 @ 0x91b010500] pts has no value
[mp4 @ 0x91b010500] Packet duration: -1024 / dts: 4733952 in stream 1 is out of range
[mp4 @ 0x91b010500] pts has no value
[mp4 @ 0x91b010500] Packet duration: -1024 / dts: 4736000 in stream 1 is out of range
[mp4 @ 0x91b010500] pts has no value
[mp4 @ 0x91b010500] Packet duration: -1024 / dts: 4737024 in stream 1 is out of range
[mp4 @ 0x91b010500] pts has no value
[mp4 @ 0x91b010500] Packet duration: -1024 / dts: 4739072 in stream 1 is out of range
[mp4 @ 0x91b010500] pts has no value
[mp4 @ 0x91b010500] Packet duration: -1024 / dts: 4741120 in stream 1 is out of range
[mp4 @ 0x91b010500] pts has no value
[mp4 @ 0x91b010500] Packet duration: -1024 / dts: 4742144 in stream 1 is out of range
[mp4 @ 0x91b010500] pts has no value
[mp4 @ 0x91b010500] Packet duration: -1024 / dts: 4744192 in stream 1 is out of range
[mp4 @ 0x91b010500] pts has no value
[mp4 @ 0x91b010500] Packet duration: -1024 / dts: 4745216 in stream 1 is out of range
[mp4 @ 0x91b010500] pts has no value
[mp4 @ 0x91b010500] Packet duration: -1024 / dts: 4747264 in stream 1 is out of range
[mp4 @ 0x91b010500] pts has no value
[mp4 @ 0x91b010500] Packet duration: -1024 / dts: 4748288 in stream 1 is out of range
[mp4 @ 0x91b010500] pts has no value
[mp4 @ 0x91b010500] Packet duration: -1024 / dts: 4750336 in stream 1 is out of range
[mp4 @ 0x91b010500] pts has no value
[mp4 @ 0x91b010500] Packet duration: -1024 / dts: 4752384 in stream 1 is out of range
[mp4 @ 0x91b010500] pts has no value
[mp4 @ 0x91b010500] Packet duration: -1024 / dts: 4753408 in stream 1 is out of range
[mp4 @ 0x91b010500] pts has no value
timestamp: 1520968 segment: 99:0 priority: 127
[2m2026-08-26T07:58:07.393069Z[0m [32m INFO[0m [2mmoq_transport::session::subscribed[0m[2m:[0m [PUBLISHER] serve_subgroup: completed subgroup (group_id=99, subgroup_id=0, 47 objects sent)
[2m2026-08-26T07:58:07.393101Z[0m [32m INFO[0m [2mmoq_transport::session::subscribed[0m[2m:[0m [PUBLISHER] serve_subgroup: completed subgroup (group_id=98, subgroup_id=0, 30 objects sent)
timestamp: 4754432 segment: 100:0 priority: 127
[mp4 @ 0x91b010500] Packet duration: -1024 / dts: 4755456 in stream 1 is out of range
[mp4 @ 0x91b010500] pts has no value
[mp4 @ 0x91b010500] Packet duration: -1024 / dts: 4756480 in stream 1 is out of range
[mp4 @ 0x91b010500] pts has no value
[mp4 @ 0x91b010500] Packet duration: -1024 / dts: 4758528 in stream 1 is out of range
[mp4 @ 0x91b010500] pts has no value
[mp4 @ 0x91b010500] Packet duration: -1024 / dts: 4759552 in stream 1 is out of range
[mp4 @ 0x91b010500] pts has no value
[mp4 @ 0x91b010500] Packet duration: -1024 / dts: 4761600 in stream 1 is out of range
[mp4 @ 0x91b010500] pts has no value
[mp4 @ 0x91b010500] Packet duration: -1024 / dts: 4762624 in stream 1 is out of range
[mp4 @ 0x91b010500] pts has no value
[mp4 @ 0x91b010500] Packet duration: -1024 / dts: 4764672 in stream 1 is out of range
[mp4 @ 0x91b010500] pts has no value
[mp4 @ 0x91b010500] Packet duration: -1024 / dts: 4766720 in stream 1 is out of range
[mp4 @ 0x91b010500] pts has no value
[mp4 @ 0x91b010500] Packet duration: -1024 / dts: 4767744 in stream 1 is out of range
[mp4 @ 0x91b010500] pts has no value
[mp4 @ 0x91b010500] Packet duration: -1024 / dts: 4769792 in stream 1 is out of range
[mp4 @ 0x91b010500] pts has no value
[mp4 @ 0x91b010500] Packet duration: -1024 / dts: 4770816 in stream 1 is out of range
[mp4 @ 0x91b010500] pts has no value
[mp4 @ 0x91b010500] Packet duration: -1024 / dts: 4772864 in stream 1 is out of range
[mp4 @ 0x91b010500] pts has no value
[mp4 @ 0x91b010500] Packet duration: -1024 / dts: 4773888 in stream 1 is out of range
[mp4 @ 0x91b010500] pts has no value
[mp4 @ 0x91b010500] Packet duration: -1024 / dts: 4775936 in stream 1 is out of range
[mp4 @ 0x91b010500] pts has no value
[mp4 @ 0x91b010500] Packet duration: -1024 / dts: 4777984 in stream 1 is out of range
[mp4 @ 0x91b010500] pts has no value
[mp4 @ 0x91b010500] Packet duration: -1024 / dts: 4779008 in stream 1 is out of range
[mp4 @ 0x91b010500] pts has no value
[mp4 @ 0x91b010500] Packet duration: -1024 / dts: 4781056 in stream 1 is out of range
[mp4 @ 0x91b010500] pts has no value
[mp4 @ 0x91b010500] Packet duration: -1024 / dts: 4782080 in stream 1 is out of range
[mp4 @ 0x91b010500] pts has no value
[mp4 @ 0x91b010500] Packet duration: -1024 / dts: 4784128 in stream 1 is out of range
[mp4 @ 0x91b010500] pts has no value
[mp4 @ 0x91b010500] Packet duration: -1024 / dts: 4785152 in stream 1 is out of range
[mp4 @ 0x91b010500] pts has no value
[mp4 @ 0x91b010500] Packet duration: -1024 / dts: 4787200 in stream 1 is out of range
[mp4 @ 0x91b010500] pts has no value
[mp4 @ 0x91b010500] Packet duration: -1024 / dts: 4788224 in stream 1 is out of range
[mp4 @ 0x91b010500] pts has no value
[mp4 @ 0x91b010500] Packet duration: -1024 / dts: 4790272 in stream 1 is out of range
[mp4 @ 0x91b010500] pts has no value
[mp4 @ 0x91b010500] Packet duration: -1024 / dts: 4792320 in stream 1 is out of range
[mp4 @ 0x91b010500] pts has no value
[mp4 @ 0x91b010500] Packet duration: -1024 / dts: 4793344 in stream 1 is out of range
[mp4 @ 0x91b010500] pts has no value
[mp4 @ 0x91b010500] Packet duration: -1024 / dts: 4795392 in stream 1 is out of range
[mp4 @ 0x91b010500] pts has no value
[mp4 @ 0x91b010500] Packet duration: -1024 / dts: 4796416 in stream 1 is out of range
[mp4 @ 0x91b010500] pts has no value
[mp4 @ 0x91b010500] Packet duration: -1024 / dts: 4798464 in stream 1 is out of range
[mp4 @ 0x91b010500] pts has no value
[mp4 @ 0x91b010500] Packet duration: -1024 / dts: 4799488 in stream 1 is out of range
[mp4 @ 0x91b010500] pts has no value
[mp4 @ 0x91b010500] Packet duration: -1024 / dts: 4801536 in stream 1 is out of range
[mp4 @ 0x91b010500] pts has no value
timestamp: 1536328 segment: 100:0 priority: 127
[2m2026-08-26T07:58:08.396770Z[0m [32m INFO[0m [2mmoq_transport::session::subscribed[0m[2m:[0m [PUBLISHER] serve_subgroup: completed subgroup (group_id=100, subgroup_id=0, 47 objects sent)
[2m2026-08-26T07:58:08.396811Z[0m [32m INFO[0m [2mmoq_transport::session::subscribed[0m[2m:[0m [PUBLISHER] serve_subgroup: completed subgroup (group_id=99, subgroup_id=0, 30 objects sent)
timestamp: 4802560 segment: 101:0 priority: 127
[mp4 @ 0x91b010500] Packet duration: -1024 / dts: 4803584 in stream 1 is out of range
[mp4 @ 0x91b010500] pts has no value
[mp4 @ 0x91b010500] Packet duration: -1024 / dts: 4804608 in stream 1 is out of range
[mp4 @ 0x91b010500] pts has no value
[mp4 @ 0x91b010500] Packet duration: -1024 / dts: 4806656 in stream 1 is out of range
[mp4 @ 0x91b010500] pts has no value
[mp4 @ 0x91b010500] Packet duration: -1024 / dts: 4807680 in stream 1 is out of range
[mp4 @ 0x91b010500] pts has no value
[mp4 @ 0x91b010500] Packet duration: -1024 / dts: 4809728 in stream 1 is out of range
[mp4 @ 0x91b010500] pts has no value
[mp4 @ 0x91b010500] Packet duration: -1024 / dts: 4810752 in stream 1 is out of range
[mp4 @ 0x91b010500] pts has no value
[mp4 @ 0x91b010500] Packet duration: -1024 / dts: 4812800 in stream 1 is out of range
[mp4 @ 0x91b010500] pts has no value
[mp4 @ 0x91b010500] Packet duration: -1024 / dts: 4813824 in stream 1 is out of range
[mp4 @ 0x91b010500] pts has no value
[mp4 @ 0x91b010500] Packet duration: -1024 / dts: 4815872 in stream 1 is out of range
[mp4 @ 0x91b010500] pts has no value
[mp4 @ 0x91b010500] Packet duration: -1024 / dts: 4817920 in stream 1 is out of range
[mp4 @ 0x91b010500] pts has no value
[mp4 @ 0x91b010500] Packet duration: -1024 / dts: 4818944 in stream 1 is out of range
[mp4 @ 0x91b010500] pts has no value
[mp4 @ 0x91b010500] Packet duration: -1024 / dts: 4820992 in stream 1 is out of range
[mp4 @ 0x91b010500] pts has no value
[mp4 @ 0x91b010500] Packet duration: -1024 / dts: 4822016 in stream 1 is out of range
[mp4 @ 0x91b010500] pts has no value
[mp4 @ 0x91b010500] Packet duration: -1024 / dts: 4824064 in stream 1 is out of range
[mp4 @ 0x91b010500] pts has no value
[mp4 @ 0x91b010500] Packet duration: -1024 / dts: 4825088 in stream 1 is out of range
[mp4 @ 0x91b010500] pts has no value
[mp4 @ 0x91b010500] Packet duration: -1024 / dts: 4827136 in stream 1 is out of range
[mp4 @ 0x91b010500] pts has no value
[mp4 @ 0x91b010500] Packet duration: -1024 / dts: 4829184 in stream 1 is out of range
[mp4 @ 0x91b010500] pts has no value
[mp4 @ 0x91b010500] Packet duration: -1024 / dts: 4830208 in stream 1 is out of range
[mp4 @ 0x91b010500] pts has no value
[mp4 @ 0x91b010500] Packet duration: -1024 / dts: 4832256 in stream 1 is out of range
[mp4 @ 0x91b010500] pts has no value
[mp4 @ 0x91b010500] Packet duration: -1024 / dts: 4833280 in stream 1 is out of range
[mp4 @ 0x91b010500] pts has no value
[mp4 @ 0x91b010500] Packet duration: -1024 / dts: 4835328 in stream 1 is out of range
[mp4 @ 0x91b010500] pts has no value
[mp4 @ 0x91b010500] Packet duration: -1024 / dts: 4836352 in stream 1 is out of range
[mp4 @ 0x91b010500] pts has no value
[mp4 @ 0x91b010500] Packet duration: -1024 / dts: 4838400 in stream 1 is out of range
[mp4 @ 0x91b010500] pts has no value
[mp4 @ 0x91b010500] Packet duration: -1024 / dts: 4839424 in stream 1 is out of range
[mp4 @ 0x91b010500] pts has no value
[mp4 @ 0x91b010500] Packet duration: -1024 / dts: 4841472 in stream 1 is out of range
[mp4 @ 0x91b010500] pts has no value
[mp4 @ 0x91b010500] Packet duration: -1024 / dts: 4843520 in stream 1 is out of range
[mp4 @ 0x91b010500] pts has no value
[mp4 @ 0x91b010500] Packet duration: -1024 / dts: 4844544 in stream 1 is out of range
[mp4 @ 0x91b010500] pts has no value
[mp4 @ 0x91b010500] Packet duration: -1024 / dts: 4846592 in stream 1 is out of range
[mp4 @ 0x91b010500] pts has no value
[mp4 @ 0x91b010500] Packet duration: -1024 / dts: 4847616 in stream 1 is out of range
[mp4 @ 0x91b010500] pts has no value
[mp4 @ 0x91b010500] Packet duration: -1024 / dts: 4849664 in stream 1 is out of range
[mp4 @ 0x91b010500] pts has no value
timestamp: 1551688 segment: 101:0 priority: 127
[2m2026-08-26T07:58:09.405122Z[0m [32m INFO[0m [2mmoq_transport::session::subscribed[0m[2m:[0m [PUBLISHER] serve_subgroup: completed subgroup (group_id=101, subgroup_id=0, 47 objects sent)
[2m2026-08-26T07:58:09.405773Z[0m [32m INFO[0m [2mmoq_transport::session::subscribed[0m[2m:[0m [PUBLISHER] serve_subgroup: completed subgroup (group_id=100, subgroup_id=0, 30 objects sent)
timestamp: 4850688 segment: 102:0 priority: 127
[mp4 @ 0x91b010500] Packet duration: -1024 / dts: 4850688 in stream 1 is out of range
[mp4 @ 0x91b010500] pts has no value
[mp4 @ 0x91b010500] Packet duration: -1024 / dts: 4852736 in stream 1 is out of range
[mp4 @ 0x91b010500] pts has no value
[mp4 @ 0x91b010500] Packet duration: -1024 / dts: 4854784 in stream 1 is out of range
[mp4 @ 0x91b010500] pts has no value
[mp4 @ 0x91b010500] Packet duration: -1024 / dts: 4855808 in stream 1 is out of range
[mp4 @ 0x91b010500] pts has no value
[mp4 @ 0x91b010500] Packet duration: -1024 / dts: 4857856 in stream 1 is out of range
[mp4 @ 0x91b010500] pts has no value
[mp4 @ 0x91b010500] Packet duration: -1024 / dts: 4858880 in stream 1 is out of range
[mp4 @ 0x91b010500] pts has no value
[mp4 @ 0x91b010500] Packet duration: -1024 / dts: 4860928 in stream 1 is out of range
[mp4 @ 0x91b010500] pts has no value
[mp4 @ 0x91b010500] Packet duration: -1024 / dts: 4861952 in stream 1 is out of range
[mp4 @ 0x91b010500] pts has no value
[mp4 @ 0x91b010500] Packet duration: -1024 / dts: 4864000 in stream 1 is out of range
[mp4 @ 0x91b010500] pts has no value
[mp4 @ 0x91b010500] Packet duration: -1024 / dts: 4865024 in stream 1 is out of range
[mp4 @ 0x91b010500] pts has no value
[mp4 @ 0x91b010500] Packet duration: -1024 / dts: 4867072 in stream 1 is out of range
[mp4 @ 0x91b010500] pts has no value
[mp4 @ 0x91b010500] Packet duration: -1024 / dts: 4869120 in stream 1 is out of range
[mp4 @ 0x91b010500] pts has no value
[mp4 @ 0x91b010500] Packet duration: -1024 / dts: 4870144 in stream 1 is out of range
[mp4 @ 0x91b010500] pts has no value
[mp4 @ 0x91b010500] Packet duration: -1024 / dts: 4872192 in stream 1 is out of range
[mp4 @ 0x91b010500] pts has no value
[mp4 @ 0x91b010500] Packet duration: -1024 / dts: 4873216 in stream 1 is out of range
[mp4 @ 0x91b010500] pts has no value
[mp4 @ 0x91b010500] Packet duration: -1024 / dts: 4875264 in stream 1 is out of range
[mp4 @ 0x91b010500] pts has no value
[mp4 @ 0x91b010500] Packet duration: -1024 / dts: 4876288 in stream 1 is out of range
[mp4 @ 0x91b010500] pts has no value
[mp4 @ 0x91b010500] Packet duration: -1024 / dts: 4878336 in stream 1 is out of range
[mp4 @ 0x91b010500] pts has no value
[mp4 @ 0x91b010500] Packet duration: -1024 / dts: 4880384 in stream 1 is out of range
[mp4 @ 0x91b010500] pts has no value
[mp4 @ 0x91b010500] Packet duration: -1024 / dts: 4881408 in stream 1 is out of range
[mp4 @ 0x91b010500] pts has no value
[mp4 @ 0x91b010500] Packet duration: -1024 / dts: 4883456 in stream 1 is out of range
[mp4 @ 0x91b010500] pts has no value
[mp4 @ 0x91b010500] Packet duration: -1024 / dts: 4884480 in stream 1 is out of range
[mp4 @ 0x91b010500] pts has no value
[mp4 @ 0x91b010500] Packet duration: -1024 / dts: 4886528 in stream 1 is out of range
[mp4 @ 0x91b010500] pts has no value
[mp4 @ 0x91b010500] Packet duration: -1024 / dts: 4887552 in stream 1 is out of range
[mp4 @ 0x91b010500] pts has no value
[mp4 @ 0x91b010500] Packet duration: -1024 / dts: 4889600 in stream 1 is out of range
[mp4 @ 0x91b010500] pts has no value
[mp4 @ 0x91b010500] Packet duration: -1024 / dts: 4890624 in stream 1 is out of range
[mp4 @ 0x91b010500] pts has no value
[mp4 @ 0x91b010500] Packet duration: -1024 / dts: 4892672 in stream 1 is out of range
[mp4 @ 0x91b010500] pts has no value
[mp4 @ 0x91b010500] Packet duration: -1024 / dts: 4894720 in stream 1 is out of range
[mp4 @ 0x91b010500] pts has no value
[mp4 @ 0x91b010500] Packet duration: -1024 / dts: 4895744 in stream 1 is out of range
[mp4 @ 0x91b010500] pts has no value
[mp4 @ 0x91b010500] Packet duration: -1024 / dts: 4897792 in stream 1 is out of range
[mp4 @ 0x91b010500] pts has no value
timestamp: 1567048 segment: 102:0 priority: 127
[2m2026-08-26T07:58:10.405819Z[0m [32m INFO[0m [2mmoq_transport::session::subscribed[0m[2m:[0m [PUBLISHER] serve_subgroup: completed subgroup (group_id=102, subgroup_id=0, 47 objects sent)
[2m2026-08-26T07:58:10.406023Z[0m [32m INFO[0m [2mmoq_transport::session::subscribed[0m[2m:[0m [PUBLISHER] serve_subgroup: completed subgroup (group_id=101, subgroup_id=0, 30 objects sent)
timestamp: 4898816 segment: 103:0 priority: 127
[mp4 @ 0x91b010500] Packet duration: -1024 / dts: 4898816 in stream 1 is out of range
[mp4 @ 0x91b010500] pts has no value
[mp4 @ 0x91b010500] Packet duration: -1024 / dts: 4900864 in stream 1 is out of range
[mp4 @ 0x91b010500] pts has no value
[mp4 @ 0x91b010500] Packet duration: -1024 / dts: 4901888 in stream 1 is out of range
[mp4 @ 0x91b010500] pts has no value
[mp4 @ 0x91b010500] Packet duration: -1024 / dts: 4903936 in stream 1 is out of range
[mp4 @ 0x91b010500] pts has no value
[mp4 @ 0x91b010500] Packet duration: -1024 / dts: 4905984 in stream 1 is out of range
[mp4 @ 0x91b010500] pts has no value
[mp4 @ 0x91b010500] Packet duration: -1024 / dts: 4907008 in stream 1 is out of range
[mp4 @ 0x91b010500] pts has no value
[mp4 @ 0x91b010500] Packet duration: -1024 / dts: 4909056 in stream 1 is out of range
[mp4 @ 0x91b010500] pts has no value
[mp4 @ 0x91b010500] Packet duration: -1024 / dts: 4910080 in stream 1 is out of range
[mp4 @ 0x91b010500] pts has no value
[mp4 @ 0x91b010500] Packet duration: -1024 / dts: 4912128 in stream 1 is out of range
[mp4 @ 0x91b010500] pts has no value
[mp4 @ 0x91b010500] Packet duration: -1024 / dts: 4913152 in stream 1 is out of range
[mp4 @ 0x91b010500] pts has no value
[mp4 @ 0x91b010500] Packet duration: -1024 / dts: 4915200 in stream 1 is out of range
[mp4 @ 0x91b010500] pts has no value
[mp4 @ 0x91b010500] Packet duration: -1024 / dts: 4916224 in stream 1 is out of range
[mp4 @ 0x91b010500] pts has no value
[mp4 @ 0x91b010500] Packet duration: -1024 / dts: 4918272 in stream 1 is out of range
[mp4 @ 0x91b010500] pts has no value
[mp4 @ 0x91b010500] Packet duration: -1024 / dts: 4920320 in stream 1 is out of range
[mp4 @ 0x91b010500] pts has no value
[mp4 @ 0x91b010500] Packet duration: -1024 / dts: 4921344 in stream 1 is out of range
[mp4 @ 0x91b010500] pts has no value
[mp4 @ 0x91b010500] Packet duration: -1024 / dts: 4923392 in stream 1 is out of range
[mp4 @ 0x91b010500] pts has no value
[mp4 @ 0x91b010500] Packet duration: -1024 / dts: 4924416 in stream 1 is out of range
[mp4 @ 0x91b010500] pts has no value
[mp4 @ 0x91b010500] Packet duration: -1024 / dts: 4926464 in stream 1 is out of range
[mp4 @ 0x91b010500] pts has no value
[mp4 @ 0x91b010500] Packet duration: -1024 / dts: 4927488 in stream 1 is out of range
[mp4 @ 0x91b010500] pts has no value
[mp4 @ 0x91b010500] Packet duration: -1024 / dts: 4929536 in stream 1 is out of range
[mp4 @ 0x91b010500] pts has no value
[mp4 @ 0x91b010500] Packet duration: -1024 / dts: 4931584 in stream 1 is out of range
[mp4 @ 0x91b010500] pts has no value
[mp4 @ 0x91b010500] Packet duration: -1024 / dts: 4932608 in stream 1 is out of range
[mp4 @ 0x91b010500] pts has no value
[mp4 @ 0x91b010500] Packet duration: -1024 / dts: 4934656 in stream 1 is out of range
[mp4 @ 0x91b010500] pts has no value
[mp4 @ 0x91b010500] Packet duration: -1024 / dts: 4935680 in stream 1 is out of range
[mp4 @ 0x91b010500] pts has no value
[mp4 @ 0x91b010500] Packet duration: -1024 / dts: 4937728 in stream 1 is out of range
[mp4 @ 0x91b010500] pts has no value
[mp4 @ 0x91b010500] Packet duration: -1024 / dts: 4938752 in stream 1 is out of range
[mp4 @ 0x91b010500] pts has no value
[mp4 @ 0x91b010500] Packet duration: -1024 / dts: 4940800 in stream 1 is out of range
[mp4 @ 0x91b010500] pts has no value
[mp4 @ 0x91b010500] Packet duration: -1024 / dts: 4941824 in stream 1 is out of range
[mp4 @ 0x91b010500] pts has no value
[mp4 @ 0x91b010500] Packet duration: -1024 / dts: 4943872 in stream 1 is out of range
[mp4 @ 0x91b010500] pts has no value
[mp4 @ 0x91b010500] Packet duration: -1024 / dts: 4945920 in stream 1 is out of range
[mp4 @ 0x91b010500] pts has no value
timestamp: 1582408 segment: 103:0 priority: 127
[2m2026-08-26T07:58:11.411196Z[0m [32m INFO[0m [2mmoq_transport::session::subscribed[0m[2m:[0m [PUBLISHER] serve_subgroup: completed subgroup (group_id=103, subgroup_id=0, 47 objects sent)
[2m2026-08-26T07:58:11.411228Z[0m [32m INFO[0m [2mmoq_transport::session::subscribed[0m[2m:[0m [PUBLISHER] serve_subgroup: completed subgroup (group_id=102, subgroup_id=0, 30 objects sent)
timestamp: 4946944 segment: 104:0 priority: 127
[mp4 @ 0x91b010500] Packet duration: -1024 / dts: 4946944 in stream 1 is out of range
[mp4 @ 0x91b010500] pts has no value
[mp4 @ 0x91b010500] Packet duration: -1024 / dts: 4948992 in stream 1 is out of range
[mp4 @ 0x91b010500] pts has no value
[mp4 @ 0x91b010500] Packet duration: -1024 / dts: 4950016 in stream 1 is out of range
[mp4 @ 0x91b010500] pts has no value
[mp4 @ 0x91b010500] Packet duration: -1024 / dts: 4952064 in stream 1 is out of range
[mp4 @ 0x91b010500] pts has no value
[mp4 @ 0x91b010500] Packet duration: -1024 / dts: 4953088 in stream 1 is out of range
[mp4 @ 0x91b010500] pts has no value
[mp4 @ 0x91b010500] Packet duration: -1024 / dts: 4955136 in stream 1 is out of range
[mp4 @ 0x91b010500] pts has no value
[mp4 @ 0x91b010500] Packet duration: -1024 / dts: 4957184 in stream 1 is out of range
[mp4 @ 0x91b010500] pts has no value
[mp4 @ 0x91b010500] Packet duration: -1024 / dts: 4958208 in stream 1 is out of range
[mp4 @ 0x91b010500] pts has no value
[mp4 @ 0x91b010500] Packet duration: -1024 / dts: 4960256 in stream 1 is out of range
[mp4 @ 0x91b010500] pts has no value
[mp4 @ 0x91b010500] Packet duration: -1024 / dts: 4961280 in stream 1 is out of range
[mp4 @ 0x91b010500] pts has no value
[mp4 @ 0x91b010500] Packet duration: -1024 / dts: 4963328 in stream 1 is out of range
[mp4 @ 0x91b010500] pts has no value
[mp4 @ 0x91b010500] Packet duration: -1024 / dts: 4964352 in stream 1 is out of range
[mp4 @ 0x91b010500] pts has no value
[mp4 @ 0x91b010500] Packet duration: -1024 / dts: 4966400 in stream 1 is out of range
[mp4 @ 0x91b010500] pts has no value
[mp4 @ 0x91b010500] Packet duration: -1024 / dts: 4967424 in stream 1 is out of range
[mp4 @ 0x91b010500] pts has no value
[mp4 @ 0x91b010500] Packet duration: -1024 / dts: 4969472 in stream 1 is out of range
[mp4 @ 0x91b010500] pts has no value
[mp4 @ 0x91b010500] Packet duration: -1024 / dts: 4971520 in stream 1 is out of range
[mp4 @ 0x91b010500] pts has no value
[mp4 @ 0x91b010500] Packet duration: -1024 / dts: 4972544 in stream 1 is out of range
[mp4 @ 0x91b010500] pts has no value
[mp4 @ 0x91b010500] Packet duration: -1024 / dts: 4974592 in stream 1 is out of range
[mp4 @ 0x91b010500] pts has no value
[mp4 @ 0x91b010500] Packet duration: -1024 / dts: 4975616 in stream 1 is out of range
[mp4 @ 0x91b010500] pts has no value
[mp4 @ 0x91b010500] Packet duration: -1024 / dts: 4977664 in stream 1 is out of range
[mp4 @ 0x91b010500] pts has no value
[mp4 @ 0x91b010500] Packet duration: -1024 / dts: 4978688 in stream 1 is out of range
[mp4 @ 0x91b010500] pts has no value
[mp4 @ 0x91b010500] Packet duration: -1024 / dts: 4980736 in stream 1 is out of range
[mp4 @ 0x91b010500] pts has no value
[mp4 @ 0x91b010500] Packet duration: -1024 / dts: 4982784 in stream 1 is out of range
[mp4 @ 0x91b010500] pts has no value
[mp4 @ 0x91b010500] Packet duration: -1024 / dts: 4983808 in stream 1 is out of range
[mp4 @ 0x91b010500] pts has no value
[mp4 @ 0x91b010500] Packet duration: -1024 / dts: 4985856 in stream 1 is out of range
[mp4 @ 0x91b010500] pts has no value
[mp4 @ 0x91b010500] Packet duration: -1024 / dts: 4986880 in stream 1 is out of range
[mp4 @ 0x91b010500] pts has no value
[mp4 @ 0x91b010500] Packet duration: -1024 / dts: 4988928 in stream 1 is out of range
[mp4 @ 0x91b010500] pts has no value
[mp4 @ 0x91b010500] Packet duration: -1024 / dts: 4989952 in stream 1 is out of range
[mp4 @ 0x91b010500] pts has no value
[mp4 @ 0x91b010500] Packet duration: -1024 / dts: 4992000 in stream 1 is out of range
[mp4 @ 0x91b010500] pts has no value
[mp4 @ 0x91b010500] Packet duration: -1024 / dts: 4993024 in stream 1 is out of range
[mp4 @ 0x91b010500] pts has no value
timestamp: 1597768 segment: 104:0 priority: 127
timestamp: 4994048 segment: 105:0 priority: 127
[2m2026-08-26T07:58:12.416811Z[0m [32m INFO[0m [2mmoq_transport::session::subscribed[0m[2m:[0m [PUBLISHER] serve_subgroup: completed subgroup (group_id=104, subgroup_id=0, 46 objects sent)
[2m2026-08-26T07:58:12.416960Z[0m [32m INFO[0m [2mmoq_transport::session::subscribed[0m[2m:[0m [PUBLISHER] serve_subgroup: completed subgroup (group_id=103, subgroup_id=0, 30 objects sent)
[mp4 @ 0x91b010500] Packet duration: -1024 / dts: 4995072 in stream 1 is out of range
[mp4 @ 0x91b010500] pts has no value
[mp4 @ 0x91b010500] Packet duration: -1024 / dts: 4997120 in stream 1 is out of range
[mp4 @ 0x91b010500] pts has no value
[mp4 @ 0x91b010500] Packet duration: -1024 / dts: 4998144 in stream 1 is out of range
[mp4 @ 0x91b010500] pts has no value
[mp4 @ 0x91b010500] Packet duration: -1024 / dts: 5000192 in stream 1 is out of range
[mp4 @ 0x91b010500] pts has no value
[mp4 @ 0x91b010500] Packet duration: -1024 / dts: 5001216 in stream 1 is out of range
[mp4 @ 0x91b010500] pts has no value
[mp4 @ 0x91b010500] Packet duration: -1024 / dts: 5003264 in stream 1 is out of range
[mp4 @ 0x91b010500] pts has no value
[mp4 @ 0x91b010500] Packet duration: -1024 / dts: 5004288 in stream 1 is out of range
[mp4 @ 0x91b010500] pts has no value
[mp4 @ 0x91b010500] Packet duration: -1024 / dts: 5006336 in stream 1 is out of range
[mp4 @ 0x91b010500] pts has no value
[mp4 @ 0x91b010500] Packet duration: -1024 / dts: 5008384 in stream 1 is out of range
[mp4 @ 0x91b010500] pts has no value
[mp4 @ 0x91b010500] Packet duration: -1024 / dts: 5009408 in stream 1 is out of range
[mp4 @ 0x91b010500] pts has no value
[mp4 @ 0x91b010500] Packet duration: -1024 / dts: 5011456 in stream 1 is out of range
[mp4 @ 0x91b010500] pts has no value
[mp4 @ 0x91b010500] Packet duration: -1024 / dts: 5012480 in stream 1 is out of range
[mp4 @ 0x91b010500] pts has no value
[mp4 @ 0x91b010500] Packet duration: -1024 / dts: 5014528 in stream 1 is out of range
[mp4 @ 0x91b010500] pts has no value
[mp4 @ 0x91b010500] Packet duration: -1024 / dts: 5015552 in stream 1 is out of range
[mp4 @ 0x91b010500] pts has no value
[mp4 @ 0x91b010500] Packet duration: -1024 / dts: 5017600 in stream 1 is out of range
[mp4 @ 0x91b010500] pts has no value
[mp4 @ 0x91b010500] Packet duration: -1024 / dts: 5018624 in stream 1 is out of range
[mp4 @ 0x91b010500] pts has no value
[mp4 @ 0x91b010500] Packet duration: -1024 / dts: 5020672 in stream 1 is out of range
[mp4 @ 0x91b010500] pts has no value
[mp4 @ 0x91b010500] Packet duration: -1024 / dts: 5022720 in stream 1 is out of range
[mp4 @ 0x91b010500] pts has no value
[mp4 @ 0x91b010500] Packet duration: -1024 / dts: 5023744 in stream 1 is out of range
[mp4 @ 0x91b010500] pts has no value
[mp4 @ 0x91b010500] Packet duration: -1024 / dts: 5025792 in stream 1 is out of range
[mp4 @ 0x91b010500] pts has no value
[mp4 @ 0x91b010500] Packet duration: -1024 / dts: 5026816 in stream 1 is out of range
[mp4 @ 0x91b010500] pts has no value
[mp4 @ 0x91b010500] Packet duration: -1024 / dts: 5028864 in stream 1 is out of range
[mp4 @ 0x91b010500] pts has no value
[mp4 @ 0x91b010500] Packet duration: -1024 / dts: 5029888 in stream 1 is out of range
[mp4 @ 0x91b010500] pts has no value
[mp4 @ 0x91b010500] Packet duration: -1024 / dts: 5031936 in stream 1 is out of range
[mp4 @ 0x91b010500] pts has no value
[mp4 @ 0x91b010500] Packet duration: -1024 / dts: 5033984 in stream 1 is out of range
[mp4 @ 0x91b010500] pts has no value
[mp4 @ 0x91b010500] Packet duration: -1024 / dts: 5035008 in stream 1 is out of range
[mp4 @ 0x91b010500] pts has no value
[mp4 @ 0x91b010500] Packet duration: -1024 / dts: 5037056 in stream 1 is out of range
[mp4 @ 0x91b010500] pts has no value
[mp4 @ 0x91b010500] Packet duration: -1024 / dts: 5038080 in stream 1 is out of range
[mp4 @ 0x91b010500] pts has no value
[mp4 @ 0x91b010500] Packet duration: -1024 / dts: 5040128 in stream 1 is out of range
[mp4 @ 0x91b010500] pts has no value
[mp4 @ 0x91b010500] Packet duration: -1024 / dts: 5041152 in stream 1 is out of range
[mp4 @ 0x91b010500] pts has no value
timestamp: 1613128 segment: 105:0 priority: 127
[2m2026-08-26T07:58:13.421125Z[0m [32m INFO[0m [2mmoq_transport::session::subscribed[0m[2m:[0m [PUBLISHER] serve_subgroup: completed subgroup (group_id=105, subgroup_id=0, 47 objects sent)
[2m2026-08-26T07:58:13.421159Z[0m [32m INFO[0m [2mmoq_transport::session::subscribed[0m[2m:[0m [PUBLISHER] serve_subgroup: completed subgroup (group_id=104, subgroup_id=0, 30 objects sent)
timestamp: 5042176 segment: 106:0 priority: 127
[mp4 @ 0x91b010500] Packet duration: -1024 / dts: 5043200 in stream 1 is out of range
[mp4 @ 0x91b010500] pts has no value
[mp4 @ 0x91b010500] Packet duration: -1024 / dts: 5044224 in stream 1 is out of range
[mp4 @ 0x91b010500] pts has no value
[mp4 @ 0x91b010500] Packet duration: -1024 / dts: 5046272 in stream 1 is out of range
[mp4 @ 0x91b010500] pts has no value
[mp4 @ 0x91b010500] Packet duration: -1024 / dts: 5048320 in stream 1 is out of range
[mp4 @ 0x91b010500] pts has no value
[mp4 @ 0x91b010500] Packet duration: -1024 / dts: 5049344 in stream 1 is out of range
[mp4 @ 0x91b010500] pts has no value
[mp4 @ 0x91b010500] Packet duration: -1024 / dts: 5051392 in stream 1 is out of range
[mp4 @ 0x91b010500] pts has no value
[mp4 @ 0x91b010500] Packet duration: -1024 / dts: 5052416 in stream 1 is out of range
[mp4 @ 0x91b010500] pts has no value
[mp4 @ 0x91b010500] Packet duration: -1024 / dts: 5054464 in stream 1 is out of range
[mp4 @ 0x91b010500] pts has no value
[mp4 @ 0x91b010500] Packet duration: -1024 / dts: 5055488 in stream 1 is out of range
[mp4 @ 0x91b010500] pts has no value
[mp4 @ 0x91b010500] Packet duration: -1024 / dts: 5057536 in stream 1 is out of range
[mp4 @ 0x91b010500] pts has no value
[mp4 @ 0x91b010500] Packet duration: -1024 / dts: 5059584 in stream 1 is out of range
[mp4 @ 0x91b010500] pts has no value
[mp4 @ 0x91b010500] Packet duration: -1024 / dts: 5060608 in stream 1 is out of range
[mp4 @ 0x91b010500] pts has no value
[mp4 @ 0x91b010500] Packet duration: -1024 / dts: 5062656 in stream 1 is out of range
[mp4 @ 0x91b010500] pts has no value
[mp4 @ 0x91b010500] Packet duration: -1024 / dts: 5063680 in stream 1 is out of range
[mp4 @ 0x91b010500] pts has no value
[mp4 @ 0x91b010500] Packet duration: -1024 / dts: 5065728 in stream 1 is out of range
[mp4 @ 0x91b010500] pts has no value
[mp4 @ 0x91b010500] Packet duration: -1024 / dts: 5066752 in stream 1 is out of range
[mp4 @ 0x91b010500] pts has no value
[mp4 @ 0x91b010500] Packet duration: -1024 / dts: 5068800 in stream 1 is out of range
[mp4 @ 0x91b010500] pts has no value
[mp4 @ 0x91b010500] Packet duration: -1024 / dts: 5069824 in stream 1 is out of range
[mp4 @ 0x91b010500] pts has no value
[mp4 @ 0x91b010500] Packet duration: -1024 / dts: 5071872 in stream 1 is out of range
[mp4 @ 0x91b010500] pts has no value
[mp4 @ 0x91b010500] Packet duration: -1024 / dts: 5073920 in stream 1 is out of range
[mp4 @ 0x91b010500] pts has no value
[mp4 @ 0x91b010500] Packet duration: -1024 / dts: 5074944 in stream 1 is out of range
[mp4 @ 0x91b010500] pts has no value
[mp4 @ 0x91b010500] Packet duration: -1024 / dts: 5076992 in stream 1 is out of range
[mp4 @ 0x91b010500] pts has no value
[mp4 @ 0x91b010500] Packet duration: -1024 / dts: 5078016 in stream 1 is out of range
[mp4 @ 0x91b010500] pts has no value
[mp4 @ 0x91b010500] Packet duration: -1024 / dts: 5080064 in stream 1 is out of range
[mp4 @ 0x91b010500] pts has no value
[mp4 @ 0x91b010500] Packet duration: -1024 / dts: 5081088 in stream 1 is out of range
[mp4 @ 0x91b010500] pts has no value
[mp4 @ 0x91b010500] Packet duration: -1024 / dts: 5083136 in stream 1 is out of range
[mp4 @ 0x91b010500] pts has no value
[mp4 @ 0x91b010500] Packet duration: -1024 / dts: 5085184 in stream 1 is out of range
[mp4 @ 0x91b010500] pts has no value
[mp4 @ 0x91b010500] Packet duration: -1024 / dts: 5086208 in stream 1 is out of range
[mp4 @ 0x91b010500] pts has no value
[mp4 @ 0x91b010500] Packet duration: -1024 / dts: 5088256 in stream 1 is out of range
[mp4 @ 0x91b010500] pts has no value
[mp4 @ 0x91b010500] Packet duration: -1024 / dts: 5089280 in stream 1 is out of range
[mp4 @ 0x91b010500] pts has no value
timestamp: 1628488 segment: 106:0 priority: 127
[2m2026-08-26T07:58:14.426262Z[0m [32m INFO[0m [2mmoq_transport::session::subscribed[0m[2m:[0m [PUBLISHER] serve_subgroup: completed subgroup (group_id=106, subgroup_id=0, 47 objects sent)
[2m2026-08-26T07:58:14.426530Z[0m [32m INFO[0m [2mmoq_transport::session::subscribed[0m[2m:[0m [PUBLISHER] serve_subgroup: completed subgroup (group_id=105, subgroup_id=0, 30 objects sent)
timestamp: 5090304 segment: 107:0 priority: 127
[mp4 @ 0x91b010500] Packet duration: -1024 / dts: 5091328 in stream 1 is out of range
[mp4 @ 0x91b010500] pts has no value
[mp4 @ 0x91b010500] Packet duration: -1024 / dts: 5092352 in stream 1 is out of range
[mp4 @ 0x91b010500] pts has no value
[mp4 @ 0x91b010500] Packet duration: -1024 / dts: 5094400 in stream 1 is out of range
[mp4 @ 0x91b010500] pts has no value
[mp4 @ 0x91b010500] Packet duration: -1024 / dts: 5095424 in stream 1 is out of range
[mp4 @ 0x91b010500] pts has no value
[mp4 @ 0x91b010500] Packet duration: -1024 / dts: 5097472 in stream 1 is out of range
[mp4 @ 0x91b010500] pts has no value
[mp4 @ 0x91b010500] Packet duration: -1024 / dts: 5099520 in stream 1 is out of range
[mp4 @ 0x91b010500] pts has no value
[mp4 @ 0x91b010500] Packet duration: -1024 / dts: 5100544 in stream 1 is out of range
[mp4 @ 0x91b010500] pts has no value
[mp4 @ 0x91b010500] Packet duration: -1024 / dts: 5102592 in stream 1 is out of range
[mp4 @ 0x91b010500] pts has no value
[mp4 @ 0x91b010500] Packet duration: -1024 / dts: 5103616 in stream 1 is out of range
[mp4 @ 0x91b010500] pts has no value
[mp4 @ 0x91b010500] Packet duration: -1024 / dts: 5105664 in stream 1 is out of range
[mp4 @ 0x91b010500] pts has no value
[mp4 @ 0x91b010500] Packet duration: -1024 / dts: 5106688 in stream 1 is out of range
[mp4 @ 0x91b010500] pts has no value
[mp4 @ 0x91b010500] Packet duration: -1024 / dts: 5108736 in stream 1 is out of range
[mp4 @ 0x91b010500] pts has no value
[mp4 @ 0x91b010500] Packet duration: -1024 / dts: 5110784 in stream 1 is out of range
[mp4 @ 0x91b010500] pts has no value
[mp4 @ 0x91b010500] Packet duration: -1024 / dts: 5111808 in stream 1 is out of range
[mp4 @ 0x91b010500] pts has no value
[mp4 @ 0x91b010500] Packet duration: -1024 / dts: 5113856 in stream 1 is out of range
[mp4 @ 0x91b010500] pts has no value
[mp4 @ 0x91b010500] Packet duration: -1024 / dts: 5114880 in stream 1 is out of range
[mp4 @ 0x91b010500] pts has no value
[mp4 @ 0x91b010500] Packet duration: -1024 / dts: 5116928 in stream 1 is out of range
[mp4 @ 0x91b010500] pts has no value
[mp4 @ 0x91b010500] Packet duration: -1024 / dts: 5117952 in stream 1 is out of range
[mp4 @ 0x91b010500] pts has no value
[mp4 @ 0x91b010500] Packet duration: -1024 / dts: 5120000 in stream 1 is out of range
[mp4 @ 0x91b010500] pts has no value
[mp4 @ 0x91b010500] Packet duration: -1024 / dts: 5121024 in stream 1 is out of range
[mp4 @ 0x91b010500] pts has no value
[mp4 @ 0x91b010500] Packet duration: -1024 / dts: 5123072 in stream 1 is out of range
[mp4 @ 0x91b010500] pts has no value
[mp4 @ 0x91b010500] Packet duration: -1024 / dts: 5125120 in stream 1 is out of range
[mp4 @ 0x91b010500] pts has no value
[mp4 @ 0x91b010500] Packet duration: -1024 / dts: 5126144 in stream 1 is out of range
[mp4 @ 0x91b010500] pts has no value
[mp4 @ 0x91b010500] Packet duration: -1024 / dts: 5128192 in stream 1 is out of range
[mp4 @ 0x91b010500] pts has no value
[mp4 @ 0x91b010500] Packet duration: -1024 / dts: 5129216 in stream 1 is out of range
[mp4 @ 0x91b010500] pts has no value
[mp4 @ 0x91b010500] Packet duration: -1024 / dts: 5131264 in stream 1 is out of range
[mp4 @ 0x91b010500] pts has no value
[mp4 @ 0x91b010500] Packet duration: -1024 / dts: 5132288 in stream 1 is out of range
[mp4 @ 0x91b010500] pts has no value
[mp4 @ 0x91b010500] Packet duration: -1024 / dts: 5134336 in stream 1 is out of range
[mp4 @ 0x91b010500] pts has no value
[mp4 @ 0x91b010500] Packet duration: -1024 / dts: 5136384 in stream 1 is out of range
[mp4 @ 0x91b010500] pts has no value
[mp4 @ 0x91b010500] Packet duration: -1024 / dts: 5137408 in stream 1 is out of range
[mp4 @ 0x91b010500] pts has no value
timestamp: 1643848 segment: 107:0 priority: 127
[2m2026-08-26T07:58:15.430692Z[0m [32m INFO[0m [2mmoq_transport::session::subscribed[0m[2m:[0m [PUBLISHER] serve_subgroup: completed subgroup (group_id=107, subgroup_id=0, 47 objects sent)
[2m2026-08-26T07:58:15.430736Z[0m [32m INFO[0m [2mmoq_transport::session::subscribed[0m[2m:[0m [PUBLISHER] serve_subgroup: completed subgroup (group_id=106, subgroup_id=0, 30 objects sent)
timestamp: 5138432 segment: 108:0 priority: 127
[mp4 @ 0x91b010500] Packet duration: -1024 / dts: 5139456 in stream 1 is out of range
[mp4 @ 0x91b010500] pts has no value
[mp4 @ 0x91b010500] Packet duration: -1024 / dts: 5140480 in stream 1 is out of range
[mp4 @ 0x91b010500] pts has no value
[mp4 @ 0x91b010500] Packet duration: -1024 / dts: 5142528 in stream 1 is out of range
[mp4 @ 0x91b010500] pts has no value
[mp4 @ 0x91b010500] Packet duration: -1024 / dts: 5143552 in stream 1 is out of range
[mp4 @ 0x91b010500] pts has no value
[mp4 @ 0x91b010500] Packet duration: -1024 / dts: 5145600 in stream 1 is out of range
[mp4 @ 0x91b010500] pts has no value
[mp4 @ 0x91b010500] Packet duration: -1024 / dts: 5146624 in stream 1 is out of range
[mp4 @ 0x91b010500] pts has no value
[mp4 @ 0x91b010500] Packet duration: -1024 / dts: 5148672 in stream 1 is out of range
[mp4 @ 0x91b010500] pts has no value
[mp4 @ 0x91b010500] Packet duration: -1024 / dts: 5150720 in stream 1 is out of range
[mp4 @ 0x91b010500] pts has no value
[mp4 @ 0x91b010500] Packet duration: -1024 / dts: 5151744 in stream 1 is out of range
[mp4 @ 0x91b010500] pts has no value
[mp4 @ 0x91b010500] Packet duration: -1024 / dts: 5153792 in stream 1 is out of range
[mp4 @ 0x91b010500] pts has no value
[mp4 @ 0x91b010500] Packet duration: -1024 / dts: 5154816 in stream 1 is out of range
[mp4 @ 0x91b010500] pts has no value
[mp4 @ 0x91b010500] Packet duration: -1024 / dts: 5156864 in stream 1 is out of range
[mp4 @ 0x91b010500] pts has no value
[mp4 @ 0x91b010500] Packet duration: -1024 / dts: 5157888 in stream 1 is out of range
[mp4 @ 0x91b010500] pts has no value
[mp4 @ 0x91b010500] Packet duration: -1024 / dts: 5159936 in stream 1 is out of range
[mp4 @ 0x91b010500] pts has no value
[mp4 @ 0x91b010500] Packet duration: -1024 / dts: 5161984 in stream 1 is out of range
[mp4 @ 0x91b010500] pts has no value
[mp4 @ 0x91b010500] Packet duration: -1024 / dts: 5163008 in stream 1 is out of range
[mp4 @ 0x91b010500] pts has no value
[mp4 @ 0x91b010500] Packet duration: -1024 / dts: 5165056 in stream 1 is out of range
[mp4 @ 0x91b010500] pts has no value
[mp4 @ 0x91b010500] Packet duration: -1024 / dts: 5166080 in stream 1 is out of range
[mp4 @ 0x91b010500] pts has no value
[mp4 @ 0x91b010500] Packet duration: -1024 / dts: 5168128 in stream 1 is out of range
[mp4 @ 0x91b010500] pts has no value
[mp4 @ 0x91b010500] Packet duration: -1024 / dts: 5169152 in stream 1 is out of range
[mp4 @ 0x91b010500] pts has no value
[mp4 @ 0x91b010500] Packet duration: -1024 / dts: 5171200 in stream 1 is out of range
[mp4 @ 0x91b010500] pts has no value
[mp4 @ 0x91b010500] Packet duration: -1024 / dts: 5172224 in stream 1 is out of range
[mp4 @ 0x91b010500] pts has no value
[mp4 @ 0x91b010500] Packet duration: -1024 / dts: 5174272 in stream 1 is out of range
[mp4 @ 0x91b010500] pts has no value
[mp4 @ 0x91b010500] Packet duration: -1024 / dts: 5176320 in stream 1 is out of range
[mp4 @ 0x91b010500] pts has no value
[mp4 @ 0x91b010500] Packet duration: -1024 / dts: 5177344 in stream 1 is out of range
[mp4 @ 0x91b010500] pts has no value
[mp4 @ 0x91b010500] Packet duration: -1024 / dts: 5179392 in stream 1 is out of range
[mp4 @ 0x91b010500] pts has no value
[mp4 @ 0x91b010500] Packet duration: -1024 / dts: 5180416 in stream 1 is out of range
[mp4 @ 0x91b010500] pts has no value
[mp4 @ 0x91b010500] Packet duration: -1024 / dts: 5182464 in stream 1 is out of range
[mp4 @ 0x91b010500] pts has no value
[mp4 @ 0x91b010500] Packet duration: -1024 / dts: 5183488 in stream 1 is out of range
[mp4 @ 0x91b010500] pts has no value
[mp4 @ 0x91b010500] Packet duration: -1024 / dts: 5185536 in stream 1 is out of range
[mp4 @ 0x91b010500] pts has no value
timestamp: 1659208 segment: 108:0 priority: 127
[2m2026-08-26T07:58:16.437965Z[0m [32m INFO[0m [2mmoq_transport::session::subscribed[0m[2m:[0m [PUBLISHER] serve_subgroup: completed subgroup (group_id=108, subgroup_id=0, 47 objects sent)
[2m2026-08-26T07:58:16.438005Z[0m [32m INFO[0m [2mmoq_transport::session::subscribed[0m[2m:[0m [PUBLISHER] serve_subgroup: completed subgroup (group_id=107, subgroup_id=0, 30 objects sent)
timestamp: 5186560 segment: 109:0 priority: 127
[mp4 @ 0x91b010500] Packet duration: -1024 / dts: 5187584 in stream 1 is out of range
[mp4 @ 0x91b010500] pts has no value
[mp4 @ 0x91b010500] Packet duration: -1024 / dts: 5188608 in stream 1 is out of range
[mp4 @ 0x91b010500] pts has no value
[mp4 @ 0x91b010500] Packet duration: -1024 / dts: 5190656 in stream 1 is out of range
[mp4 @ 0x91b010500] pts has no value
[mp4 @ 0x91b010500] Packet duration: -1024 / dts: 5191680 in stream 1 is out of range
[mp4 @ 0x91b010500] pts has no value
[mp4 @ 0x91b010500] Packet duration: -1024 / dts: 5193728 in stream 1 is out of range
[mp4 @ 0x91b010500] pts has no value
[mp4 @ 0x91b010500] Packet duration: -1024 / dts: 5194752 in stream 1 is out of range
[mp4 @ 0x91b010500] pts has no value
[mp4 @ 0x91b010500] Packet duration: -1024 / dts: 5196800 in stream 1 is out of range
[mp4 @ 0x91b010500] pts has no value
[mp4 @ 0x91b010500] Packet duration: -1024 / dts: 5197824 in stream 1 is out of range
[mp4 @ 0x91b010500] pts has no value
[mp4 @ 0x91b010500] Packet duration: -1024 / dts: 5199872 in stream 1 is out of range
[mp4 @ 0x91b010500] pts has no value
[mp4 @ 0x91b010500] Packet duration: -1024 / dts: 5201920 in stream 1 is out of range
[mp4 @ 0x91b010500] pts has no value
[mp4 @ 0x91b010500] Packet duration: -1024 / dts: 5202944 in stream 1 is out of range
[mp4 @ 0x91b010500] pts has no value
[mp4 @ 0x91b010500] Packet duration: -1024 / dts: 5204992 in stream 1 is out of range
[mp4 @ 0x91b010500] pts has no value
[mp4 @ 0x91b010500] Packet duration: -1024 / dts: 5206016 in stream 1 is out of range
[mp4 @ 0x91b010500] pts has no value
[mp4 @ 0x91b010500] Packet duration: -1024 / dts: 5208064 in stream 1 is out of range
[mp4 @ 0x91b010500] pts has no value
[mp4 @ 0x91b010500] Packet duration: -1024 / dts: 5209088 in stream 1 is out of range
[mp4 @ 0x91b010500] pts has no value
[mp4 @ 0x91b010500] Packet duration: -1024 / dts: 5211136 in stream 1 is out of range
[mp4 @ 0x91b010500] pts has no value
[mp4 @ 0x91b010500] Packet duration: -1024 / dts: 5213184 in stream 1 is out of range
[mp4 @ 0x91b010500] pts has no value
[mp4 @ 0x91b010500] Packet duration: -1024 / dts: 5214208 in stream 1 is out of range
[mp4 @ 0x91b010500] pts has no value
[mp4 @ 0x91b010500] Packet duration: -1024 / dts: 5216256 in stream 1 is out of range
[mp4 @ 0x91b010500] pts has no value
[mp4 @ 0x91b010500] Packet duration: -1024 / dts: 5217280 in stream 1 is out of range
[mp4 @ 0x91b010500] pts has no value
[mp4 @ 0x91b010500] Packet duration: -1024 / dts: 5219328 in stream 1 is out of range
[mp4 @ 0x91b010500] pts has no value
[mp4 @ 0x91b010500] Packet duration: -1024 / dts: 5220352 in stream 1 is out of range
[mp4 @ 0x91b010500] pts has no value
[mp4 @ 0x91b010500] Packet duration: -1024 / dts: 5222400 in stream 1 is out of range
[mp4 @ 0x91b010500] pts has no value
[mp4 @ 0x91b010500] Packet duration: -1024 / dts: 5223424 in stream 1 is out of range
[mp4 @ 0x91b010500] pts has no value
[mp4 @ 0x91b010500] Packet duration: -1024 / dts: 5225472 in stream 1 is out of range
[mp4 @ 0x91b010500] pts has no value
[mp4 @ 0x91b010500] Packet duration: -1024 / dts: 5227520 in stream 1 is out of range
[mp4 @ 0x91b010500] pts has no value
[mp4 @ 0x91b010500] Packet duration: -1024 / dts: 5228544 in stream 1 is out of range
[mp4 @ 0x91b010500] pts has no value
[mp4 @ 0x91b010500] Packet duration: -1024 / dts: 5230592 in stream 1 is out of range
[mp4 @ 0x91b010500] pts has no value
[mp4 @ 0x91b010500] Packet duration: -1024 / dts: 5231616 in stream 1 is out of range
[mp4 @ 0x91b010500] pts has no value
[mp4 @ 0x91b010500] Packet duration: -1024 / dts: 5233664 in stream 1 is out of range
[mp4 @ 0x91b010500] pts has no value
timestamp: 1674568 segment: 109:0 priority: 127
[2m2026-08-26T07:58:17.440717Z[0m [32m INFO[0m [2mmoq_transport::session::subscribed[0m[2m:[0m [PUBLISHER] serve_subgroup: completed subgroup (group_id=109, subgroup_id=0, 47 objects sent)
[2m2026-08-26T07:58:17.440952Z[0m [32m INFO[0m [2mmoq_transport::session::subscribed[0m[2m:[0m [PUBLISHER] serve_subgroup: completed subgroup (group_id=108, subgroup_id=0, 30 objects sent)
timestamp: 5234688 segment: 110:0 priority: 127
[mp4 @ 0x91b010500] Packet duration: -1024 / dts: 5234688 in stream 1 is out of range
[mp4 @ 0x91b010500] pts has no value
[mp4 @ 0x91b010500] Packet duration: -1024 / dts: 5236736 in stream 1 is out of range
[mp4 @ 0x91b010500] pts has no value
[mp4 @ 0x91b010500] Packet duration: -1024 / dts: 5238784 in stream 1 is out of range
[mp4 @ 0x91b010500] pts has no value
[mp4 @ 0x91b010500] Packet duration: -1024 / dts: 5239808 in stream 1 is out of range
[mp4 @ 0x91b010500] pts has no value
[mp4 @ 0x91b010500] Packet duration: -1024 / dts: 5241856 in stream 1 is out of range
[mp4 @ 0x91b010500] pts has no value
[mp4 @ 0x91b010500] Packet duration: -1024 / dts: 5242880 in stream 1 is out of range
[mp4 @ 0x91b010500] pts has no value
[mp4 @ 0x91b010500] Packet duration: -1024 / dts: 5244928 in stream 1 is out of range
[mp4 @ 0x91b010500] pts has no value
[mp4 @ 0x91b010500] Packet duration: -1024 / dts: 5245952 in stream 1 is out of range
[mp4 @ 0x91b010500] pts has no value
[mp4 @ 0x91b010500] Packet duration: -1024 / dts: 5248000 in stream 1 is out of range
[mp4 @ 0x91b010500] pts has no value
[mp4 @ 0x91b010500] Packet duration: -1024 / dts: 5249024 in stream 1 is out of range
[mp4 @ 0x91b010500] pts has no value
[mp4 @ 0x91b010500] Packet duration: -1024 / dts: 5251072 in stream 1 is out of range
[mp4 @ 0x91b010500] pts has no value
[mp4 @ 0x91b010500] Packet duration: -1024 / dts: 5253120 in stream 1 is out of range
[mp4 @ 0x91b010500] pts has no value
[mp4 @ 0x91b010500] Packet duration: -1024 / dts: 5254144 in stream 1 is out of range
[mp4 @ 0x91b010500] pts has no value
[mp4 @ 0x91b010500] Packet duration: -1024 / dts: 5256192 in stream 1 is out of range
[mp4 @ 0x91b010500] pts has no value
[mp4 @ 0x91b010500] Packet duration: -1024 / dts: 5257216 in stream 1 is out of range
[mp4 @ 0x91b010500] pts has no value
[mp4 @ 0x91b010500] Packet duration: -1024 / dts: 5259264 in stream 1 is out of range
[mp4 @ 0x91b010500] pts has no value
[mp4 @ 0x91b010500] Packet duration: -1024 / dts: 5260288 in stream 1 is out of range
[mp4 @ 0x91b010500] pts has no value
[mp4 @ 0x91b010500] Packet duration: -1024 / dts: 5262336 in stream 1 is out of range
[mp4 @ 0x91b010500] pts has no value
[mp4 @ 0x91b010500] Packet duration: -1024 / dts: 5264384 in stream 1 is out of range
[mp4 @ 0x91b010500] pts has no value
[mp4 @ 0x91b010500] Packet duration: -1024 / dts: 5265408 in stream 1 is out of range
[mp4 @ 0x91b010500] pts has no value
[mp4 @ 0x91b010500] Packet duration: -1024 / dts: 5267456 in stream 1 is out of range
[mp4 @ 0x91b010500] pts has no value
[mp4 @ 0x91b010500] Packet duration: -1024 / dts: 5268480 in stream 1 is out of range
[mp4 @ 0x91b010500] pts has no value
[mp4 @ 0x91b010500] Packet duration: -1024 / dts: 5270528 in stream 1 is out of range
[mp4 @ 0x91b010500] pts has no value
[mp4 @ 0x91b010500] Packet duration: -1024 / dts: 5271552 in stream 1 is out of range
[mp4 @ 0x91b010500] pts has no value
[mp4 @ 0x91b010500] Packet duration: -1024 / dts: 5273600 in stream 1 is out of range
[mp4 @ 0x91b010500] pts has no value
[mp4 @ 0x91b010500] Packet duration: -1024 / dts: 5274624 in stream 1 is out of range
[mp4 @ 0x91b010500] pts has no value
[mp4 @ 0x91b010500] Packet duration: -1024 / dts: 5276672 in stream 1 is out of range
[mp4 @ 0x91b010500] pts has no value
[mp4 @ 0x91b010500] Packet duration: -1024 / dts: 5278720 in stream 1 is out of range
[mp4 @ 0x91b010500] pts has no value
[mp4 @ 0x91b010500] Packet duration: -1024 / dts: 5279744 in stream 1 is out of range
[mp4 @ 0x91b010500] pts has no value
[mp4 @ 0x91b010500] Packet duration: -1024 / dts: 5281792 in stream 1 is out of range
[mp4 @ 0x91b010500] pts has no value
timestamp: 1689928 segment: 110:0 priority: 127
[2m2026-08-26T07:58:18.444579Z[0m [32m INFO[0m [2mmoq_transport::session::subscribed[0m[2m:[0m [PUBLISHER] serve_subgroup: completed subgroup (group_id=110, subgroup_id=0, 47 objects sent)
[2m2026-08-26T07:58:18.444729Z[0m [32m INFO[0m [2mmoq_transport::session::subscribed[0m[2m:[0m [PUBLISHER] serve_subgroup: completed subgroup (group_id=109, subgroup_id=0, 30 objects sent)
timestamp: 5282816 segment: 111:0 priority: 127
[mp4 @ 0x91b010500] Packet duration: -1024 / dts: 5282816 in stream 1 is out of range
[mp4 @ 0x91b010500] pts has no value
[mp4 @ 0x91b010500] Packet duration: -1024 / dts: 5284864 in stream 1 is out of range
[mp4 @ 0x91b010500] pts has no value
[mp4 @ 0x91b010500] Packet duration: -1024 / dts: 5285888 in stream 1 is out of range
[mp4 @ 0x91b010500] pts has no value
[mp4 @ 0x91b010500] Packet duration: -1024 / dts: 5287936 in stream 1 is out of range
[mp4 @ 0x91b010500] pts has no value
[mp4 @ 0x91b010500] Packet duration: -1024 / dts: 5289984 in stream 1 is out of range
[mp4 @ 0x91b010500] pts has no value
[mp4 @ 0x91b010500] Packet duration: -1024 / dts: 5291008 in stream 1 is out of range
[mp4 @ 0x91b010500] pts has no value
[mp4 @ 0x91b010500] Packet duration: -1024 / dts: 5293056 in stream 1 is out of range
[mp4 @ 0x91b010500] pts has no value
[mp4 @ 0x91b010500] Packet duration: -1024 / dts: 5294080 in stream 1 is out of range
[mp4 @ 0x91b010500] pts has no value
[mp4 @ 0x91b010500] Packet duration: -1024 / dts: 5296128 in stream 1 is out of range
[mp4 @ 0x91b010500] pts has no value
[mp4 @ 0x91b010500] Packet duration: -1024 / dts: 5297152 in stream 1 is out of range
[mp4 @ 0x91b010500] pts has no value
[mp4 @ 0x91b010500] Packet duration: -1024 / dts: 5299200 in stream 1 is out of range
[mp4 @ 0x91b010500] pts has no value
[mp4 @ 0x91b010500] Packet duration: -1024 / dts: 5300224 in stream 1 is out of range
[mp4 @ 0x91b010500] pts has no value
[mp4 @ 0x91b010500] Packet duration: -1024 / dts: 5302272 in stream 1 is out of range
[mp4 @ 0x91b010500] pts has no value
[mp4 @ 0x91b010500] Packet duration: -1024 / dts: 5304320 in stream 1 is out of range
[mp4 @ 0x91b010500] pts has no value
[mp4 @ 0x91b010500] Packet duration: -1024 / dts: 5305344 in stream 1 is out of range
[mp4 @ 0x91b010500] pts has no value
[mp4 @ 0x91b010500] Packet duration: -1024 / dts: 5307392 in stream 1 is out of range
[mp4 @ 0x91b010500] pts has no value
[mp4 @ 0x91b010500] Packet duration: -1024 / dts: 5308416 in stream 1 is out of range
[mp4 @ 0x91b010500] pts has no value
[mp4 @ 0x91b010500] Packet duration: -1024 / dts: 5310464 in stream 1 is out of range
[mp4 @ 0x91b010500] pts has no value
[mp4 @ 0x91b010500] Packet duration: -1024 / dts: 5311488 in stream 1 is out of range
[mp4 @ 0x91b010500] pts has no value
[mp4 @ 0x91b010500] Packet duration: -1024 / dts: 5313536 in stream 1 is out of range
[mp4 @ 0x91b010500] pts has no value
[mp4 @ 0x91b010500] Packet duration: -1024 / dts: 5315584 in stream 1 is out of range
[mp4 @ 0x91b010500] pts has no value
[mp4 @ 0x91b010500] Packet duration: -1024 / dts: 5316608 in stream 1 is out of range
[mp4 @ 0x91b010500] pts has no value
[mp4 @ 0x91b010500] Packet duration: -1024 / dts: 5318656 in stream 1 is out of range
[mp4 @ 0x91b010500] pts has no value
[mp4 @ 0x91b010500] Packet duration: -1024 / dts: 5319680 in stream 1 is out of range
[mp4 @ 0x91b010500] pts has no value
[mp4 @ 0x91b010500] Packet duration: -1024 / dts: 5321728 in stream 1 is out of range
[mp4 @ 0x91b010500] pts has no value
[mp4 @ 0x91b010500] Packet duration: -1024 / dts: 5322752 in stream 1 is out of range
[mp4 @ 0x91b010500] pts has no value
[mp4 @ 0x91b010500] Packet duration: -1024 / dts: 5324800 in stream 1 is out of range
[mp4 @ 0x91b010500] pts has no value
[mp4 @ 0x91b010500] Packet duration: -1024 / dts: 5325824 in stream 1 is out of range
[mp4 @ 0x91b010500] pts has no value
[mp4 @ 0x91b010500] Packet duration: -1024 / dts: 5327872 in stream 1 is out of range
[mp4 @ 0x91b010500] pts has no value
[mp4 @ 0x91b010500] Packet duration: -1024 / dts: 5329920 in stream 1 is out of range
[mp4 @ 0x91b010500] pts has no value
timestamp: 1705288 segment: 111:0 priority: 127
[2m2026-08-26T07:58:19.442932Z[0m [32m INFO[0m [2mmoq_transport::session::subscribed[0m[2m:[0m [PUBLISHER] serve_subgroup: completed subgroup (group_id=111, subgroup_id=0, 47 objects sent)
[2m2026-08-26T07:58:19.443015Z[0m [32m INFO[0m [2mmoq_transport::session::subscribed[0m[2m:[0m [PUBLISHER] serve_subgroup: completed subgroup (group_id=110, subgroup_id=0, 30 objects sent)
timestamp: 5330944 segment: 112:0 priority: 127
[mp4 @ 0x91b010500] Packet duration: -1024 / dts: 5330944 in stream 1 is out of range
[mp4 @ 0x91b010500] pts has no value
[mp4 @ 0x91b010500] Packet duration: -1024 / dts: 5332992 in stream 1 is out of range
[mp4 @ 0x91b010500] pts has no value
[mp4 @ 0x91b010500] Packet duration: -1024 / dts: 5334016 in stream 1 is out of range
[mp4 @ 0x91b010500] pts has no value
[mp4 @ 0x91b010500] Packet duration: -1024 / dts: 5336064 in stream 1 is out of range
[mp4 @ 0x91b010500] pts has no value
[mp4 @ 0x91b010500] Packet duration: -1024 / dts: 5337088 in stream 1 is out of range
[mp4 @ 0x91b010500] pts has no value
[mp4 @ 0x91b010500] Packet duration: -1024 / dts: 5339136 in stream 1 is out of range
[mp4 @ 0x91b010500] pts has no value
[mp4 @ 0x91b010500] Packet duration: -1024 / dts: 5341184 in stream 1 is out of range
[mp4 @ 0x91b010500] pts has no value
[mp4 @ 0x91b010500] Packet duration: -1024 / dts: 5342208 in stream 1 is out of range
[mp4 @ 0x91b010500] pts has no value
[mp4 @ 0x91b010500] Packet duration: -1024 / dts: 5344256 in stream 1 is out of range
[mp4 @ 0x91b010500] pts has no value
[mp4 @ 0x91b010500] Packet duration: -1024 / dts: 5345280 in stream 1 is out of range
[mp4 @ 0x91b010500] pts has no value
[mp4 @ 0x91b010500] Packet duration: -1024 / dts: 5347328 in stream 1 is out of range
[mp4 @ 0x91b010500] pts has no value
[mp4 @ 0x91b010500] Packet duration: -1024 / dts: 5348352 in stream 1 is out of range
[mp4 @ 0x91b010500] pts has no value
[mp4 @ 0x91b010500] Packet duration: -1024 / dts: 5350400 in stream 1 is out of range
[mp4 @ 0x91b010500] pts has no value
[mp4 @ 0x91b010500] Packet duration: -1024 / dts: 5351424 in stream 1 is out of range
[mp4 @ 0x91b010500] pts has no value
[mp4 @ 0x91b010500] Packet duration: -1024 / dts: 5353472 in stream 1 is out of range
[mp4 @ 0x91b010500] pts has no value
[mp4 @ 0x91b010500] Packet duration: -1024 / dts: 5355520 in stream 1 is out of range
[mp4 @ 0x91b010500] pts has no value
[mp4 @ 0x91b010500] Packet duration: -1024 / dts: 5356544 in stream 1 is out of range
[mp4 @ 0x91b010500] pts has no value
[mp4 @ 0x91b010500] Packet duration: -1024 / dts: 5358592 in stream 1 is out of range
[mp4 @ 0x91b010500] pts has no value
[mp4 @ 0x91b010500] Packet duration: -1024 / dts: 5359616 in stream 1 is out of range
[mp4 @ 0x91b010500] pts has no value
[mp4 @ 0x91b010500] Packet duration: -1024 / dts: 5361664 in stream 1 is out of range
[mp4 @ 0x91b010500] pts has no value
[mp4 @ 0x91b010500] Packet duration: -1024 / dts: 5362688 in stream 1 is out of range
[mp4 @ 0x91b010500] pts has no value
[mp4 @ 0x91b010500] Packet duration: -1024 / dts: 5364736 in stream 1 is out of range
[mp4 @ 0x91b010500] pts has no value
[mp4 @ 0x91b010500] Packet duration: -1024 / dts: 5366784 in stream 1 is out of range
[mp4 @ 0x91b010500] pts has no value
[mp4 @ 0x91b010500] Packet duration: -1024 / dts: 5367808 in stream 1 is out of range
[mp4 @ 0x91b010500] pts has no value
[mp4 @ 0x91b010500] Packet duration: -1024 / dts: 5369856 in stream 1 is out of range
[mp4 @ 0x91b010500] pts has no value
[mp4 @ 0x91b010500] Packet duration: -1024 / dts: 5370880 in stream 1 is out of range
[mp4 @ 0x91b010500] pts has no value
[mp4 @ 0x91b010500] Packet duration: -1024 / dts: 5372928 in stream 1 is out of range
[mp4 @ 0x91b010500] pts has no value
[mp4 @ 0x91b010500] Packet duration: -1024 / dts: 5373952 in stream 1 is out of range
[mp4 @ 0x91b010500] pts has no value
[mp4 @ 0x91b010500] Packet duration: -1024 / dts: 5376000 in stream 1 is out of range
[mp4 @ 0x91b010500] pts has no value
[mp4 @ 0x91b010500] Packet duration: -1024 / dts: 5377024 in stream 1 is out of range
[mp4 @ 0x91b010500] pts has no value
timestamp: 1720648 segment: 112:0 priority: 127
[2m2026-08-26T07:58:20.444063Z[0m [32m INFO[0m [2mmoq_transport::session::subscribed[0m[2m:[0m [PUBLISHER] serve_subgroup: completed subgroup (group_id=112, subgroup_id=0, 46 objects sent)
[2m2026-08-26T07:58:20.444291Z[0m [32m INFO[0m [2mmoq_transport::session::subscribed[0m[2m:[0m [PUBLISHER] serve_subgroup: completed subgroup (group_id=111, subgroup_id=0, 30 objects sent)
timestamp: 5378048 segment: 113:0 priority: 127
[mp4 @ 0x91b010500] Packet duration: -1024 / dts: 5379072 in stream 1 is out of range
[mp4 @ 0x91b010500] pts has no value
[mp4 @ 0x91b010500] Packet duration: -1024 / dts: 5381120 in stream 1 is out of range
[mp4 @ 0x91b010500] pts has no value
[mp4 @ 0x91b010500] Packet duration: -1024 / dts: 5382144 in stream 1 is out of range
[mp4 @ 0x91b010500] pts has no value
[mp4 @ 0x91b010500] Packet duration: -1024 / dts: 5384192 in stream 1 is out of range
[mp4 @ 0x91b010500] pts has no value
[mp4 @ 0x91b010500] Packet duration: -1024 / dts: 5385216 in stream 1 is out of range
[mp4 @ 0x91b010500] pts has no value
[mp4 @ 0x91b010500] Packet duration: -1024 / dts: 5387264 in stream 1 is out of range
[mp4 @ 0x91b010500] pts has no value
[mp4 @ 0x91b010500] Packet duration: -1024 / dts: 5388288 in stream 1 is out of range
[mp4 @ 0x91b010500] pts has no value
[mp4 @ 0x91b010500] Packet duration: -1024 / dts: 5390336 in stream 1 is out of range
[mp4 @ 0x91b010500] pts has no value
[mp4 @ 0x91b010500] Packet duration: -1024 / dts: 5392384 in stream 1 is out of range
[mp4 @ 0x91b010500] pts has no value
[mp4 @ 0x91b010500] Packet duration: -1024 / dts: 5393408 in stream 1 is out of range
[mp4 @ 0x91b010500] pts has no value
[mp4 @ 0x91b010500] Packet duration: -1024 / dts: 5395456 in stream 1 is out of range
[mp4 @ 0x91b010500] pts has no value
[mp4 @ 0x91b010500] Packet duration: -1024 / dts: 5396480 in stream 1 is out of range
[mp4 @ 0x91b010500] pts has no value
[mp4 @ 0x91b010500] Packet duration: -1024 / dts: 5398528 in stream 1 is out of range
[mp4 @ 0x91b010500] pts has no value
[mp4 @ 0x91b010500] Packet duration: -1024 / dts: 5399552 in stream 1 is out of range
[mp4 @ 0x91b010500] pts has no value
[mp4 @ 0x91b010500] Packet duration: -1024 / dts: 5401600 in stream 1 is out of range
[mp4 @ 0x91b010500] pts has no value
[mp4 @ 0x91b010500] Packet duration: -1024 / dts: 5402624 in stream 1 is out of range
[mp4 @ 0x91b010500] pts has no value
[mp4 @ 0x91b010500] Packet duration: -1024 / dts: 5404672 in stream 1 is out of range
[mp4 @ 0x91b010500] pts has no value
[mp4 @ 0x91b010500] Packet duration: -1024 / dts: 5406720 in stream 1 is out of range
[mp4 @ 0x91b010500] pts has no value
[mp4 @ 0x91b010500] Packet duration: -1024 / dts: 5407744 in stream 1 is out of range
[mp4 @ 0x91b010500] pts has no value
[mp4 @ 0x91b010500] Packet duration: -1024 / dts: 5409792 in stream 1 is out of range
[mp4 @ 0x91b010500] pts has no value
[mp4 @ 0x91b010500] Packet duration: -1024 / dts: 5410816 in stream 1 is out of range
[mp4 @ 0x91b010500] pts has no value
[mp4 @ 0x91b010500] Packet duration: -1024 / dts: 5412864 in stream 1 is out of range
[mp4 @ 0x91b010500] pts has no value
[mp4 @ 0x91b010500] Packet duration: -1024 / dts: 5413888 in stream 1 is out of range
[mp4 @ 0x91b010500] pts has no value
[mp4 @ 0x91b010500] Packet duration: -1024 / dts: 5415936 in stream 1 is out of range
[mp4 @ 0x91b010500] pts has no value
[mp4 @ 0x91b010500] Packet duration: -1024 / dts: 5417984 in stream 1 is out of range
[mp4 @ 0x91b010500] pts has no value
[mp4 @ 0x91b010500] Packet duration: -1024 / dts: 5419008 in stream 1 is out of range
[mp4 @ 0x91b010500] pts has no value
[mp4 @ 0x91b010500] Packet duration: -1024 / dts: 5421056 in stream 1 is out of range
[mp4 @ 0x91b010500] pts has no value
[mp4 @ 0x91b010500] Packet duration: -1024 / dts: 5422080 in stream 1 is out of range
[mp4 @ 0x91b010500] pts has no value
[mp4 @ 0x91b010500] Packet duration: -1024 / dts: 5424128 in stream 1 is out of range
[mp4 @ 0x91b010500] pts has no value
[mp4 @ 0x91b010500] Packet duration: -1024 / dts: 5425152 in stream 1 is out of range
[mp4 @ 0x91b010500] pts has no value
timestamp: 1736008 segment: 113:0 priority: 127
[2m2026-08-26T07:58:21.443731Z[0m [32m INFO[0m [2mmoq_transport::session::subscribed[0m[2m:[0m [PUBLISHER] serve_subgroup: completed subgroup (group_id=113, subgroup_id=0, 47 objects sent)
[2m2026-08-26T07:58:21.443797Z[0m [32m INFO[0m [2mmoq_transport::session::subscribed[0m[2m:[0m [PUBLISHER] serve_subgroup: completed subgroup (group_id=112, subgroup_id=0, 30 objects sent)
timestamp: 5426176 segment: 114:0 priority: 127
[mp4 @ 0x91b010500] Packet duration: -1024 / dts: 5427200 in stream 1 is out of range
[mp4 @ 0x91b010500] pts has no value
[mp4 @ 0x91b010500] Packet duration: -1024 / dts: 5428224 in stream 1 is out of range
[mp4 @ 0x91b010500] pts has no value
[mp4 @ 0x91b010500] Packet duration: -1024 / dts: 5430272 in stream 1 is out of range
[mp4 @ 0x91b010500] pts has no value
[mp4 @ 0x91b010500] Packet duration: -1024 / dts: 5432320 in stream 1 is out of range
[mp4 @ 0x91b010500] pts has no value
[mp4 @ 0x91b010500] Packet duration: -1024 / dts: 5433344 in stream 1 is out of range
[mp4 @ 0x91b010500] pts has no value
[mp4 @ 0x91b010500] Packet duration: -1024 / dts: 5435392 in stream 1 is out of range
[mp4 @ 0x91b010500] pts has no value
[mp4 @ 0x91b010500] Packet duration: -1024 / dts: 5436416 in stream 1 is out of range
[mp4 @ 0x91b010500] pts has no value
[mp4 @ 0x91b010500] Packet duration: -1024 / dts: 5438464 in stream 1 is out of range
[mp4 @ 0x91b010500] pts has no value
[mp4 @ 0x91b010500] Packet duration: -1024 / dts: 5439488 in stream 1 is out of range
[mp4 @ 0x91b010500] pts has no value
[mp4 @ 0x91b010500] Packet duration: -1024 / dts: 5441536 in stream 1 is out of range
[mp4 @ 0x91b010500] pts has no value
[mp4 @ 0x91b010500] Packet duration: -1024 / dts: 5443584 in stream 1 is out of range
[mp4 @ 0x91b010500] pts has no value
[mp4 @ 0x91b010500] Packet duration: -1024 / dts: 5444608 in stream 1 is out of range
[mp4 @ 0x91b010500] pts has no value
[mp4 @ 0x91b010500] Packet duration: -1024 / dts: 5446656 in stream 1 is out of range
[mp4 @ 0x91b010500] pts has no value
[mp4 @ 0x91b010500] Packet duration: -1024 / dts: 5447680 in stream 1 is out of range
[mp4 @ 0x91b010500] pts has no value
[mp4 @ 0x91b010500] Packet duration: -1024 / dts: 5449728 in stream 1 is out of range
[mp4 @ 0x91b010500] pts has no value
[mp4 @ 0x91b010500] Packet duration: -1024 / dts: 5450752 in stream 1 is out of range
[mp4 @ 0x91b010500] pts has no value
[mp4 @ 0x91b010500] Packet duration: -1024 / dts: 5452800 in stream 1 is out of range
[mp4 @ 0x91b010500] pts has no value
[mp4 @ 0x91b010500] Packet duration: -1024 / dts: 5453824 in stream 1 is out of range
[mp4 @ 0x91b010500] pts has no value
[mp4 @ 0x91b010500] Packet duration: -1024 / dts: 5455872 in stream 1 is out of range
[mp4 @ 0x91b010500] pts has no value
[mp4 @ 0x91b010500] Packet duration: -1024 / dts: 5457920 in stream 1 is out of range
[mp4 @ 0x91b010500] pts has no value
[mp4 @ 0x91b010500] Packet duration: -1024 / dts: 5458944 in stream 1 is out of range
[mp4 @ 0x91b010500] pts has no value
[mp4 @ 0x91b010500] Packet duration: -1024 / dts: 5460992 in stream 1 is out of range
[mp4 @ 0x91b010500] pts has no value
[mp4 @ 0x91b010500] Packet duration: -1024 / dts: 5462016 in stream 1 is out of range
[mp4 @ 0x91b010500] pts has no value
[mp4 @ 0x91b010500] Packet duration: -1024 / dts: 5464064 in stream 1 is out of range
[mp4 @ 0x91b010500] pts has no value
[mp4 @ 0x91b010500] Packet duration: -1024 / dts: 5465088 in stream 1 is out of range
[mp4 @ 0x91b010500] pts has no value
[mp4 @ 0x91b010500] Packet duration: -1024 / dts: 5467136 in stream 1 is out of range
[mp4 @ 0x91b010500] pts has no value
[mp4 @ 0x91b010500] Packet duration: -1024 / dts: 5469184 in stream 1 is out of range
[mp4 @ 0x91b010500] pts has no value
[mp4 @ 0x91b010500] Packet duration: -1024 / dts: 5470208 in stream 1 is out of range
[mp4 @ 0x91b010500] pts has no value
[mp4 @ 0x91b010500] Packet duration: -1024 / dts: 5472256 in stream 1 is out of range
[mp4 @ 0x91b010500] pts has no value
[mp4 @ 0x91b010500] Packet duration: -1024 / dts: 5473280 in stream 1 is out of range
[mp4 @ 0x91b010500] pts has no value
timestamp: 1751368 segment: 114:0 priority: 127
[2m2026-08-26T07:58:22.444393Z[0m [32m INFO[0m [2mmoq_transport::session::subscribed[0m[2m:[0m [PUBLISHER] serve_subgroup: completed subgroup (group_id=114, subgroup_id=0, 47 objects sent)
[2m2026-08-26T07:58:22.444445Z[0m [32m INFO[0m [2mmoq_transport::session::subscribed[0m[2m:[0m [PUBLISHER] serve_subgroup: completed subgroup (group_id=113, subgroup_id=0, 30 objects sent)
timestamp: 5474304 segment: 115:0 priority: 127
[mp4 @ 0x91b010500] Packet duration: -1024 / dts: 5475328 in stream 1 is out of range
[mp4 @ 0x91b010500] pts has no value
[mp4 @ 0x91b010500] Packet duration: -1024 / dts: 5476352 in stream 1 is out of range
[mp4 @ 0x91b010500] pts has no value
[mp4 @ 0x91b010500] Packet duration: -1024 / dts: 5478400 in stream 1 is out of range
[mp4 @ 0x91b010500] pts has no value
[mp4 @ 0x91b010500] Packet duration: -1024 / dts: 5479424 in stream 1 is out of range
[mp4 @ 0x91b010500] pts has no value
[mp4 @ 0x91b010500] Packet duration: -1024 / dts: 5481472 in stream 1 is out of range
[mp4 @ 0x91b010500] pts has no value
[mp4 @ 0x91b010500] Packet duration: -1024 / dts: 5483520 in stream 1 is out of range
[mp4 @ 0x91b010500] pts has no value
[mp4 @ 0x91b010500] Packet duration: -1024 / dts: 5484544 in stream 1 is out of range
[mp4 @ 0x91b010500] pts has no value
[mp4 @ 0x91b010500] Packet duration: -1024 / dts: 5486592 in stream 1 is out of range
[mp4 @ 0x91b010500] pts has no value
[mp4 @ 0x91b010500] Packet duration: -1024 / dts: 5487616 in stream 1 is out of range
[mp4 @ 0x91b010500] pts has no value
[mp4 @ 0x91b010500] Packet duration: -1024 / dts: 5489664 in stream 1 is out of range
[mp4 @ 0x91b010500] pts has no value
[mp4 @ 0x91b010500] Packet duration: -1024 / dts: 5490688 in stream 1 is out of range
[mp4 @ 0x91b010500] pts has no value
[mp4 @ 0x91b010500] Packet duration: -1024 / dts: 5492736 in stream 1 is out of range
[mp4 @ 0x91b010500] pts has no value
[mp4 @ 0x91b010500] Packet duration: -1024 / dts: 5494784 in stream 1 is out of range
[mp4 @ 0x91b010500] pts has no value
[mp4 @ 0x91b010500] Packet duration: -1024 / dts: 5495808 in stream 1 is out of range
[mp4 @ 0x91b010500] pts has no value
[mp4 @ 0x91b010500] Packet duration: -1024 / dts: 5497856 in stream 1 is out of range
[mp4 @ 0x91b010500] pts has no value
[mp4 @ 0x91b010500] Packet duration: -1024 / dts: 5498880 in stream 1 is out of range
[mp4 @ 0x91b010500] pts has no value
[mp4 @ 0x91b010500] Packet duration: -1024 / dts: 5500928 in stream 1 is out of range
[mp4 @ 0x91b010500] pts has no value
[mp4 @ 0x91b010500] Packet duration: -1024 / dts: 5501952 in stream 1 is out of range
[mp4 @ 0x91b010500] pts has no value
[mp4 @ 0x91b010500] Packet duration: -1024 / dts: 5504000 in stream 1 is out of range
[mp4 @ 0x91b010500] pts has no value
[mp4 @ 0x91b010500] Packet duration: -1024 / dts: 5505024 in stream 1 is out of range
[mp4 @ 0x91b010500] pts has no value
[mp4 @ 0x91b010500] Packet duration: -1024 / dts: 5507072 in stream 1 is out of range
[mp4 @ 0x91b010500] pts has no value
[mp4 @ 0x91b010500] Packet duration: -1024 / dts: 5509120 in stream 1 is out of range
[mp4 @ 0x91b010500] pts has no value
[mp4 @ 0x91b010500] Packet duration: -1024 / dts: 5510144 in stream 1 is out of range
[mp4 @ 0x91b010500] pts has no value
[mp4 @ 0x91b010500] Packet duration: -1024 / dts: 5512192 in stream 1 is out of range
[mp4 @ 0x91b010500] pts has no value
[mp4 @ 0x91b010500] Packet duration: -1024 / dts: 5513216 in stream 1 is out of range
[mp4 @ 0x91b010500] pts has no value
[mp4 @ 0x91b010500] Packet duration: -1024 / dts: 5515264 in stream 1 is out of range
[mp4 @ 0x91b010500] pts has no value
[mp4 @ 0x91b010500] Packet duration: -1024 / dts: 5516288 in stream 1 is out of range
[mp4 @ 0x91b010500] pts has no value
[mp4 @ 0x91b010500] Packet duration: -1024 / dts: 5518336 in stream 1 is out of range
[mp4 @ 0x91b010500] pts has no value
[mp4 @ 0x91b010500] Packet duration: -1024 / dts: 5520384 in stream 1 is out of range
[mp4 @ 0x91b010500] pts has no value
[mp4 @ 0x91b010500] Packet duration: -1024 / dts: 5521408 in stream 1 is out of range
[mp4 @ 0x91b010500] pts has no value
timestamp: 1766728 segment: 115:0 priority: 127
[2m2026-08-26T07:58:23.445195Z[0m [32m INFO[0m [2mmoq_transport::session::subscribed[0m[2m:[0m [PUBLISHER] serve_subgroup: completed subgroup (group_id=115, subgroup_id=0, 47 objects sent)
[2m2026-08-26T07:58:23.445377Z[0m [32m INFO[0m [2mmoq_transport::session::subscribed[0m[2m:[0m [PUBLISHER] serve_subgroup: completed subgroup (group_id=114, subgroup_id=0, 30 objects sent)
timestamp: 5522432 segment: 116:0 priority: 127
[mp4 @ 0x91b010500] Packet duration: -1024 / dts: 5523456 in stream 1 is out of range
[mp4 @ 0x91b010500] pts has no value
[mp4 @ 0x91b010500] Packet duration: -1024 / dts: 5524480 in stream 1 is out of range
[mp4 @ 0x91b010500] pts has no value
[mp4 @ 0x91b010500] Packet duration: -1024 / dts: 5526528 in stream 1 is out of range
[mp4 @ 0x91b010500] pts has no value
[mp4 @ 0x91b010500] Packet duration: -1024 / dts: 5527552 in stream 1 is out of range
[mp4 @ 0x91b010500] pts has no value
[mp4 @ 0x91b010500] Packet duration: -1024 / dts: 5529600 in stream 1 is out of range
[mp4 @ 0x91b010500] pts has no value
[mp4 @ 0x91b010500] Packet duration: -1024 / dts: 5530624 in stream 1 is out of range
[mp4 @ 0x91b010500] pts has no value
[mp4 @ 0x91b010500] Packet duration: -1024 / dts: 5532672 in stream 1 is out of range
[mp4 @ 0x91b010500] pts has no value
[mp4 @ 0x91b010500] Packet duration: -1024 / dts: 5534720 in stream 1 is out of range
[mp4 @ 0x91b010500] pts has no value
[mp4 @ 0x91b010500] Packet duration: -1024 / dts: 5535744 in stream 1 is out of range
[mp4 @ 0x91b010500] pts has no value
[mp4 @ 0x91b010500] Packet duration: -1024 / dts: 5537792 in stream 1 is out of range
[mp4 @ 0x91b010500] pts has no value
[mp4 @ 0x91b010500] Packet duration: -1024 / dts: 5538816 in stream 1 is out of range
[mp4 @ 0x91b010500] pts has no value
[mp4 @ 0x91b010500] Packet duration: -1024 / dts: 5540864 in stream 1 is out of range
[mp4 @ 0x91b010500] pts has no value
[mp4 @ 0x91b010500] Packet duration: -1024 / dts: 5541888 in stream 1 is out of range
[mp4 @ 0x91b010500] pts has no value
[mp4 @ 0x91b010500] Packet duration: -1024 / dts: 5543936 in stream 1 is out of range
[mp4 @ 0x91b010500] pts has no value
[mp4 @ 0x91b010500] Packet duration: -1024 / dts: 5545984 in stream 1 is out of range
[mp4 @ 0x91b010500] pts has no value
[mp4 @ 0x91b010500] Packet duration: -1024 / dts: 5547008 in stream 1 is out of range
[mp4 @ 0x91b010500] pts has no value
[mp4 @ 0x91b010500] Packet duration: -1024 / dts: 5549056 in stream 1 is out of range
[mp4 @ 0x91b010500] pts has no value
[mp4 @ 0x91b010500] Packet duration: -1024 / dts: 5550080 in stream 1 is out of range
[mp4 @ 0x91b010500] pts has no value
[mp4 @ 0x91b010500] Packet duration: -1024 / dts: 5552128 in stream 1 is out of range
[mp4 @ 0x91b010500] pts has no value
[mp4 @ 0x91b010500] Packet duration: -1024 / dts: 5553152 in stream 1 is out of range
[mp4 @ 0x91b010500] pts has no value
[mp4 @ 0x91b010500] Packet duration: -1024 / dts: 5555200 in stream 1 is out of range
[mp4 @ 0x91b010500] pts has no value
[mp4 @ 0x91b010500] Packet duration: -1024 / dts: 5556224 in stream 1 is out of range
[mp4 @ 0x91b010500] pts has no value
[mp4 @ 0x91b010500] Packet duration: -1024 / dts: 5558272 in stream 1 is out of range
[mp4 @ 0x91b010500] pts has no value
[mp4 @ 0x91b010500] Packet duration: -1024 / dts: 5560320 in stream 1 is out of range
[mp4 @ 0x91b010500] pts has no value
[mp4 @ 0x91b010500] Packet duration: -1024 / dts: 5561344 in stream 1 is out of range
[mp4 @ 0x91b010500] pts has no value
[mp4 @ 0x91b010500] Packet duration: -1024 / dts: 5563392 in stream 1 is out of range
[mp4 @ 0x91b010500] pts has no value
[mp4 @ 0x91b010500] Packet duration: -1024 / dts: 5564416 in stream 1 is out of range
[mp4 @ 0x91b010500] pts has no value
[mp4 @ 0x91b010500] Packet duration: -1024 / dts: 5566464 in stream 1 is out of range
[mp4 @ 0x91b010500] pts has no value
[mp4 @ 0x91b010500] Packet duration: -1024 / dts: 5567488 in stream 1 is out of range
[mp4 @ 0x91b010500] pts has no value
[mp4 @ 0x91b010500] Packet duration: -1024 / dts: 5569536 in stream 1 is out of range
[mp4 @ 0x91b010500] pts has no value
timestamp: 1782088 segment: 116:0 priority: 127
[2m2026-08-26T07:58:24.447306Z[0m [32m INFO[0m [2mmoq_transport::session::subscribed[0m[2m:[0m [PUBLISHER] serve_subgroup: completed subgroup (group_id=116, subgroup_id=0, 47 objects sent)
[2m2026-08-26T07:58:24.447481Z[0m [32m INFO[0m [2mmoq_transport::session::subscribed[0m[2m:[0m [PUBLISHER] serve_subgroup: completed subgroup (group_id=115, subgroup_id=0, 30 objects sent)
timestamp: 5570560 segment: 117:0 priority: 127
[mp4 @ 0x91b010500] Packet duration: -1024 / dts: 5571584 in stream 1 is out of range
[mp4 @ 0x91b010500] pts has no value
[mp4 @ 0x91b010500] Packet duration: -1024 / dts: 5572608 in stream 1 is out of range
[mp4 @ 0x91b010500] pts has no value
[mp4 @ 0x91b010500] Packet duration: -1024 / dts: 5574656 in stream 1 is out of range
[mp4 @ 0x91b010500] pts has no value
[mp4 @ 0x91b010500] Packet duration: -1024 / dts: 5575680 in stream 1 is out of range
[mp4 @ 0x91b010500] pts has no value
[mp4 @ 0x91b010500] Packet duration: -1024 / dts: 5577728 in stream 1 is out of range
[mp4 @ 0x91b010500] pts has no value
[mp4 @ 0x91b010500] Packet duration: -1024 / dts: 5578752 in stream 1 is out of range
[mp4 @ 0x91b010500] pts has no value
[mp4 @ 0x91b010500] Packet duration: -1024 / dts: 5580800 in stream 1 is out of range
[mp4 @ 0x91b010500] pts has no value
[mp4 @ 0x91b010500] Packet duration: -1024 / dts: 5581824 in stream 1 is out of range
[mp4 @ 0x91b010500] pts has no value
[mp4 @ 0x91b010500] Packet duration: -1024 / dts: 5583872 in stream 1 is out of range
[mp4 @ 0x91b010500] pts has no value
[mp4 @ 0x91b010500] Packet duration: -1024 / dts: 5585920 in stream 1 is out of range
[mp4 @ 0x91b010500] pts has no value
[mp4 @ 0x91b010500] Packet duration: -1024 / dts: 5586944 in stream 1 is out of range
[mp4 @ 0x91b010500] pts has no value
[mp4 @ 0x91b010500] Packet duration: -1024 / dts: 5588992 in stream 1 is out of range
[mp4 @ 0x91b010500] pts has no value
[mp4 @ 0x91b010500] Packet duration: -1024 / dts: 5590016 in stream 1 is out of range
[mp4 @ 0x91b010500] pts has no value
[mp4 @ 0x91b010500] Packet duration: -1024 / dts: 5592064 in stream 1 is out of range
[mp4 @ 0x91b010500] pts has no value
[mp4 @ 0x91b010500] Packet duration: -1024 / dts: 5593088 in stream 1 is out of range
[mp4 @ 0x91b010500] pts has no value
[mp4 @ 0x91b010500] Packet duration: -1024 / dts: 5595136 in stream 1 is out of range
[mp4 @ 0x91b010500] pts has no value
[mp4 @ 0x91b010500] Packet duration: -1024 / dts: 5597184 in stream 1 is out of range
[mp4 @ 0x91b010500] pts has no value
[mp4 @ 0x91b010500] Packet duration: -1024 / dts: 5598208 in stream 1 is out of range
[mp4 @ 0x91b010500] pts has no value
[mp4 @ 0x91b010500] Packet duration: -1024 / dts: 5600256 in stream 1 is out of range
[mp4 @ 0x91b010500] pts has no value
[mp4 @ 0x91b010500] Packet duration: -1024 / dts: 5601280 in stream 1 is out of range
[mp4 @ 0x91b010500] pts has no value
[mp4 @ 0x91b010500] Packet duration: -1024 / dts: 5603328 in stream 1 is out of range
[mp4 @ 0x91b010500] pts has no value
[mp4 @ 0x91b010500] Packet duration: -1024 / dts: 5604352 in stream 1 is out of range
[mp4 @ 0x91b010500] pts has no value
[mp4 @ 0x91b010500] Packet duration: -1024 / dts: 5606400 in stream 1 is out of range
[mp4 @ 0x91b010500] pts has no value
[mp4 @ 0x91b010500] Packet duration: -1024 / dts: 5607424 in stream 1 is out of range
[mp4 @ 0x91b010500] pts has no value
[mp4 @ 0x91b010500] Packet duration: -1024 / dts: 5609472 in stream 1 is out of range
[mp4 @ 0x91b010500] pts has no value
[mp4 @ 0x91b010500] Packet duration: -1024 / dts: 5611520 in stream 1 is out of range
[mp4 @ 0x91b010500] pts has no value
[mp4 @ 0x91b010500] Packet duration: -1024 / dts: 5612544 in stream 1 is out of range
[mp4 @ 0x91b010500] pts has no value
[mp4 @ 0x91b010500] Packet duration: -1024 / dts: 5614592 in stream 1 is out of range
[mp4 @ 0x91b010500] pts has no value
[mp4 @ 0x91b010500] Packet duration: -1024 / dts: 5615616 in stream 1 is out of range
[mp4 @ 0x91b010500] pts has no value
[mp4 @ 0x91b010500] Packet duration: -1024 / dts: 5617664 in stream 1 is out of range
[mp4 @ 0x91b010500] pts has no value
timestamp: 1797448 segment: 117:0 priority: 127
[2m2026-08-26T07:58:25.449071Z[0m [32m INFO[0m [2mmoq_transport::session::subscribed[0m[2m:[0m [PUBLISHER] serve_subgroup: completed subgroup (group_id=117, subgroup_id=0, 47 objects sent)
[2m2026-08-26T07:58:25.450742Z[0m [33m WARN[0m [2mmoq_transport::session::publisher[0m[2m:[0m failed serving subscribe: SubscribeInfo { id: 3, track_namespace: /elektron-shim-test, track_name: "2.m4s", subscriber_priority: 127, group_order: Publisher, forward: true, filter_type: LargestObject, start_location: None, end_group_id: None, params: {  }, track_status: false }, error: serve error: cancelled
[2m2026-08-26T07:58:25.451061Z[0m [32m INFO[0m [2mmoq_transport::session::subscribed[0m[2m:[0m [PUBLISHER] serve_subgroup: completed subgroup (group_id=116, subgroup_id=0, 30 objects sent)
timestamp: 5618688 segment: 118:0 priority: 127
[mp4 @ 0x91b010500] Packet duration: -1024 / dts: 5618688 in stream 1 is out of range
[mp4 @ 0x91b010500] pts has no value
[mp4 @ 0x91b010500] Packet duration: -1024 / dts: 5620736 in stream 1 is out of range
[mp4 @ 0x91b010500] pts has no value
[mp4 @ 0x91b010500] Packet duration: -1024 / dts: 5622784 in stream 1 is out of range
[mp4 @ 0x91b010500] pts has no value
[mp4 @ 0x91b010500] Packet duration: -1024 / dts: 5623808 in stream 1 is out of range
[mp4 @ 0x91b010500] pts has no value
[mp4 @ 0x91b010500] Packet duration: -1024 / dts: 5625856 in stream 1 is out of range
[mp4 @ 0x91b010500] pts has no value
[mp4 @ 0x91b010500] Packet duration: -1024 / dts: 5626880 in stream 1 is out of range
[mp4 @ 0x91b010500] pts has no value
[mp4 @ 0x91b010500] Packet duration: -1024 / dts: 5628928 in stream 1 is out of range
[mp4 @ 0x91b010500] pts has no value
[mp4 @ 0x91b010500] Packet duration: -1024 / dts: 5629952 in stream 1 is out of range
[mp4 @ 0x91b010500] pts has no value
[mp4 @ 0x91b010500] Packet duration: -1024 / dts: 5632000 in stream 1 is out of range
[mp4 @ 0x91b010500] pts has no value
[mp4 @ 0x91b010500] Packet duration: -1024 / dts: 5633024 in stream 1 is out of range
[mp4 @ 0x91b010500] pts has no value
[mp4 @ 0x91b010500] Packet duration: -1024 / dts: 5635072 in stream 1 is out of range
[mp4 @ 0x91b010500] pts has no value
[mp4 @ 0x91b010500] Packet duration: -1024 / dts: 5637120 in stream 1 is out of range
[mp4 @ 0x91b010500] pts has no value
[mp4 @ 0x91b010500] Packet duration: -1024 / dts: 5638144 in stream 1 is out of range
[mp4 @ 0x91b010500] pts has no value
[mp4 @ 0x91b010500] Packet duration: -1024 / dts: 5640192 in stream 1 is out of range
[mp4 @ 0x91b010500] pts has no value
[mp4 @ 0x91b010500] Packet duration: -1024 / dts: 5641216 in stream 1 is out of range
[mp4 @ 0x91b010500] pts has no value
[mp4 @ 0x91b010500] Packet duration: -1024 / dts: 5643264 in stream 1 is out of range
[mp4 @ 0x91b010500] pts has no value
[mp4 @ 0x91b010500] Packet duration: -1024 / dts: 5644288 in stream 1 is out of range
[mp4 @ 0x91b010500] pts has no value
[mp4 @ 0x91b010500] Packet duration: -1024 / dts: 5646336 in stream 1 is out of range
[mp4 @ 0x91b010500] pts has no value
[mp4 @ 0x91b010500] Packet duration: -1024 / dts: 5648384 in stream 1 is out of range
[mp4 @ 0x91b010500] pts has no value
[mp4 @ 0x91b010500] Packet duration: -1024 / dts: 5649408 in stream 1 is out of range
[mp4 @ 0x91b010500] pts has no value
[mp4 @ 0x91b010500] Packet duration: -1024 / dts: 5651456 in stream 1 is out of range
[mp4 @ 0x91b010500] pts has no value
[mp4 @ 0x91b010500] Packet duration: -1024 / dts: 5652480 in stream 1 is out of range
[mp4 @ 0x91b010500] pts has no value
[mp4 @ 0x91b010500] Packet duration: -1024 / dts: 5654528 in stream 1 is out of range
[mp4 @ 0x91b010500] pts has no value
[mp4 @ 0x91b010500] Packet duration: -1024 / dts: 5655552 in stream 1 is out of range
[mp4 @ 0x91b010500] pts has no value
[mp4 @ 0x91b010500] Packet duration: -1024 / dts: 5657600 in stream 1 is out of range
[mp4 @ 0x91b010500] pts has no value
[mp4 @ 0x91b010500] Packet duration: -1024 / dts: 5658624 in stream 1 is out of range
[mp4 @ 0x91b010500] pts has no value
[mp4 @ 0x91b010500] Packet duration: -1024 / dts: 5660672 in stream 1 is out of range
[mp4 @ 0x91b010500] pts has no value
[mp4 @ 0x91b010500] Packet duration: -1024 / dts: 5662720 in stream 1 is out of range
[mp4 @ 0x91b010500] pts has no value
[mp4 @ 0x91b010500] Packet duration: -1024 / dts: 5663744 in stream 1 is out of range
[mp4 @ 0x91b010500] pts has no value
[mp4 @ 0x91b010500] Packet duration: -1024 / dts: 5665792 in stream 1 is out of range
[mp4 @ 0x91b010500] pts has no value
timestamp: 1812808 segment: 118:0 priority: 127
[2m2026-08-26T07:58:26.445344Z[0m [32m INFO[0m [2mmoq_transport::session::subscribed[0m[2m:[0m [PUBLISHER] serve_subgroup: completed subgroup (group_id=117, subgroup_id=0, 30 objects sent)
timestamp: 5666816 segment: 119:0 priority: 127
[mp4 @ 0x91b010500] Packet duration: -1024 / dts: 5666816 in stream 1 is out of range
[mp4 @ 0x91b010500] pts has no value
[mp4 @ 0x91b010500] Packet duration: -1024 / dts: 5668864 in stream 1 is out of range
[mp4 @ 0x91b010500] pts has no value
[mp4 @ 0x91b010500] Packet duration: -1024 / dts: 5669888 in stream 1 is out of range
[mp4 @ 0x91b010500] pts has no value
[mp4 @ 0x91b010500] Packet duration: -1024 / dts: 5671936 in stream 1 is out of range
[mp4 @ 0x91b010500] pts has no value
[mp4 @ 0x91b010500] Packet duration: -1024 / dts: 5673984 in stream 1 is out of range
[mp4 @ 0x91b010500] pts has no value
[mp4 @ 0x91b010500] Packet duration: -1024 / dts: 5675008 in stream 1 is out of range
[mp4 @ 0x91b010500] pts has no value
[mp4 @ 0x91b010500] Packet duration: -1024 / dts: 5677056 in stream 1 is out of range
[mp4 @ 0x91b010500] pts has no value
[mp4 @ 0x91b010500] Packet duration: -1024 / dts: 5678080 in stream 1 is out of range
[mp4 @ 0x91b010500] pts has no value
[mp4 @ 0x91b010500] Packet duration: -1024 / dts: 5680128 in stream 1 is out of range
[mp4 @ 0x91b010500] pts has no value
[mp4 @ 0x91b010500] Packet duration: -1024 / dts: 5681152 in stream 1 is out of range
[mp4 @ 0x91b010500] pts has no value
[mp4 @ 0x91b010500] Packet duration: -1024 / dts: 5683200 in stream 1 is out of range
[mp4 @ 0x91b010500] pts has no value
[mp4 @ 0x91b010500] Packet duration: -1024 / dts: 5684224 in stream 1 is out of range
[mp4 @ 0x91b010500] pts has no value
[mp4 @ 0x91b010500] Packet duration: -1024 / dts: 5686272 in stream 1 is out of range
[mp4 @ 0x91b010500] pts has no value
[mp4 @ 0x91b010500] Packet duration: -1024 / dts: 5688320 in stream 1 is out of range
[mp4 @ 0x91b010500] pts has no value
[mp4 @ 0x91b010500] Packet duration: -1024 / dts: 5689344 in stream 1 is out of range
[mp4 @ 0x91b010500] pts has no value
[mp4 @ 0x91b010500] Packet duration: -1024 / dts: 5691392 in stream 1 is out of range
[mp4 @ 0x91b010500] pts has no value
[mp4 @ 0x91b010500] Packet duration: -1024 / dts: 5692416 in stream 1 is out of range
[mp4 @ 0x91b010500] pts has no value
[mp4 @ 0x91b010500] Packet duration: -1024 / dts: 5694464 in stream 1 is out of range
[mp4 @ 0x91b010500] pts has no value
[mp4 @ 0x91b010500] Packet duration: -1024 / dts: 5695488 in stream 1 is out of range
[mp4 @ 0x91b010500] pts has no value
[mp4 @ 0x91b010500] Packet duration: -1024 / dts: 5697536 in stream 1 is out of range
[mp4 @ 0x91b010500] pts has no value
[mp4 @ 0x91b010500] Packet duration: -1024 / dts: 5699584 in stream 1 is out of range
[mp4 @ 0x91b010500] pts has no value
[mp4 @ 0x91b010500] Packet duration: -1024 / dts: 5700608 in stream 1 is out of range
[mp4 @ 0x91b010500] pts has no value
[mp4 @ 0x91b010500] Packet duration: -1024 / dts: 5702656 in stream 1 is out of range
[mp4 @ 0x91b010500] pts has no value
[mp4 @ 0x91b010500] Packet duration: -1024 / dts: 5703680 in stream 1 is out of range
[mp4 @ 0x91b010500] pts has no value
[mp4 @ 0x91b010500] Packet duration: -1024 / dts: 5705728 in stream 1 is out of range
[mp4 @ 0x91b010500] pts has no value
[mp4 @ 0x91b010500] Packet duration: -1024 / dts: 5706752 in stream 1 is out of range
[mp4 @ 0x91b010500] pts has no value
[mp4 @ 0x91b010500] Packet duration: -1024 / dts: 5708800 in stream 1 is out of range
[mp4 @ 0x91b010500] pts has no value
[mp4 @ 0x91b010500] Packet duration: -1024 / dts: 5709824 in stream 1 is out of range
[mp4 @ 0x91b010500] pts has no value
[mp4 @ 0x91b010500] Packet duration: -1024 / dts: 5711872 in stream 1 is out of range
[mp4 @ 0x91b010500] pts has no value
[mp4 @ 0x91b010500] Packet duration: -1024 / dts: 5713920 in stream 1 is out of range
[mp4 @ 0x91b010500] pts has no value
timestamp: 1828168 segment: 119:0 priority: 127
[2m2026-08-26T07:58:27.444061Z[0m [32m INFO[0m [2mmoq_transport::session::subscribed[0m[2m:[0m [PUBLISHER] serve_subgroup: completed subgroup (group_id=118, subgroup_id=0, 30 objects sent)
timestamp: 5714944 segment: 120:0 priority: 127
[mp4 @ 0x91b010500] Packet duration: -1024 / dts: 5714944 in stream 1 is out of range
[mp4 @ 0x91b010500] pts has no value
[mp4 @ 0x91b010500] Packet duration: -1024 / dts: 5716992 in stream 1 is out of range
[mp4 @ 0x91b010500] pts has no value
[mp4 @ 0x91b010500] Packet duration: -1024 / dts: 5718016 in stream 1 is out of range
[mp4 @ 0x91b010500] pts has no value
[mp4 @ 0x91b010500] Packet duration: -1024 / dts: 5720064 in stream 1 is out of range
[mp4 @ 0x91b010500] pts has no value
[mp4 @ 0x91b010500] Packet duration: -1024 / dts: 5721088 in stream 1 is out of range
[mp4 @ 0x91b010500] pts has no value
[mp4 @ 0x91b010500] Packet duration: -1024 / dts: 5723136 in stream 1 is out of range
[mp4 @ 0x91b010500] pts has no value
[mp4 @ 0x91b010500] Packet duration: -1024 / dts: 5725184 in stream 1 is out of range
[mp4 @ 0x91b010500] pts has no value
[mp4 @ 0x91b010500] Packet duration: -1024 / dts: 5726208 in stream 1 is out of range
[mp4 @ 0x91b010500] pts has no value
[mp4 @ 0x91b010500] Packet duration: -1024 / dts: 5728256 in stream 1 is out of range
[mp4 @ 0x91b010500] pts has no value
[mp4 @ 0x91b010500] Packet duration: -1024 / dts: 5729280 in stream 1 is out of range
[mp4 @ 0x91b010500] pts has no value
[mp4 @ 0x91b010500] Packet duration: -1024 / dts: 5731328 in stream 1 is out of range
[mp4 @ 0x91b010500] pts has no value
[mp4 @ 0x91b010500] Packet duration: -1024 / dts: 5732352 in stream 1 is out of range
[mp4 @ 0x91b010500] pts has no value
[mp4 @ 0x91b010500] Packet duration: -1024 / dts: 5734400 in stream 1 is out of range
[mp4 @ 0x91b010500] pts has no value
[mp4 @ 0x91b010500] Packet duration: -1024 / dts: 5735424 in stream 1 is out of range
[mp4 @ 0x91b010500] pts has no value
[mp4 @ 0x91b010500] Packet duration: -1024 / dts: 5737472 in stream 1 is out of range
[mp4 @ 0x91b010500] pts has no value
[mp4 @ 0x91b010500] Packet duration: -1024 / dts: 5739520 in stream 1 is out of range
[mp4 @ 0x91b010500] pts has no value
[mp4 @ 0x91b010500] Packet duration: -1024 / dts: 5740544 in stream 1 is out of range
[mp4 @ 0x91b010500] pts has no value
[mp4 @ 0x91b010500] Packet duration: -1024 / dts: 5742592 in stream 1 is out of range
[mp4 @ 0x91b010500] pts has no value
[mp4 @ 0x91b010500] Packet duration: -1024 / dts: 5743616 in stream 1 is out of range
[mp4 @ 0x91b010500] pts has no value
[mp4 @ 0x91b010500] Packet duration: -1024 / dts: 5745664 in stream 1 is out of range
[mp4 @ 0x91b010500] pts has no value
[mp4 @ 0x91b010500] Packet duration: -1024 / dts: 5746688 in stream 1 is out of range
[mp4 @ 0x91b010500] pts has no value
[mp4 @ 0x91b010500] Packet duration: -1024 / dts: 5748736 in stream 1 is out of range
[mp4 @ 0x91b010500] pts has no value
[mp4 @ 0x91b010500] Packet duration: -1024 / dts: 5750784 in stream 1 is out of range
[mp4 @ 0x91b010500] pts has no value
[mp4 @ 0x91b010500] Packet duration: -1024 / dts: 5751808 in stream 1 is out of range
[mp4 @ 0x91b010500] pts has no value
[mp4 @ 0x91b010500] Packet duration: -1024 / dts: 5753856 in stream 1 is out of range
[mp4 @ 0x91b010500] pts has no value
[mp4 @ 0x91b010500] Packet duration: -1024 / dts: 5754880 in stream 1 is out of range
[mp4 @ 0x91b010500] pts has no value
[mp4 @ 0x91b010500] Packet duration: -1024 / dts: 5756928 in stream 1 is out of range
[mp4 @ 0x91b010500] pts has no value
[mp4 @ 0x91b010500] Packet duration: -1024 / dts: 5757952 in stream 1 is out of range
[mp4 @ 0x91b010500] pts has no value
[mp4 @ 0x91b010500] Packet duration: -1024 / dts: 5760000 in stream 1 is out of range
[mp4 @ 0x91b010500] pts has no value
[mp4 @ 0x91b010500] Packet duration: -1024 / dts: 5761024 in stream 1 is out of range
[mp4 @ 0x91b010500] pts has no value
timestamp: 1843528 segment: 120:0 priority: 127
[2m2026-08-26T07:58:28.445631Z[0m [32m INFO[0m [2mmoq_transport::session::subscribed[0m[2m:[0m [PUBLISHER] serve_subgroup: completed subgroup (group_id=119, subgroup_id=0, 30 objects sent)
timestamp: 5762048 segment: 121:0 priority: 127
[mp4 @ 0x91b010500] Packet duration: -1024 / dts: 5763072 in stream 1 is out of range
[mp4 @ 0x91b010500] pts has no value
[mp4 @ 0x91b010500] Packet duration: -1024 / dts: 5765120 in stream 1 is out of range
[mp4 @ 0x91b010500] pts has no value
[mp4 @ 0x91b010500] Packet duration: -1024 / dts: 5766144 in stream 1 is out of range
[mp4 @ 0x91b010500] pts has no value
[mp4 @ 0x91b010500] Packet duration: -1024 / dts: 5768192 in stream 1 is out of range
[mp4 @ 0x91b010500] pts has no value
[mp4 @ 0x91b010500] Packet duration: -1024 / dts: 5769216 in stream 1 is out of range
[mp4 @ 0x91b010500] pts has no value
[mp4 @ 0x91b010500] Packet duration: -1024 / dts: 5771264 in stream 1 is out of range
[mp4 @ 0x91b010500] pts has no value
[mp4 @ 0x91b010500] Packet duration: -1024 / dts: 5772288 in stream 1 is out of range
[mp4 @ 0x91b010500] pts has no value
[mp4 @ 0x91b010500] Packet duration: -1024 / dts: 5774336 in stream 1 is out of range
[mp4 @ 0x91b010500] pts has no value
[mp4 @ 0x91b010500] Packet duration: -1024 / dts: 5776384 in stream 1 is out of range
[mp4 @ 0x91b010500] pts has no value
[mp4 @ 0x91b010500] Packet duration: -1024 / dts: 5777408 in stream 1 is out of range
[mp4 @ 0x91b010500] pts has no value
[mp4 @ 0x91b010500] Packet duration: -1024 / dts: 5779456 in stream 1 is out of range
[mp4 @ 0x91b010500] pts has no value
[mp4 @ 0x91b010500] Packet duration: -1024 / dts: 5780480 in stream 1 is out of range
[mp4 @ 0x91b010500] pts has no value
[mp4 @ 0x91b010500] Packet duration: -1024 / dts: 5782528 in stream 1 is out of range
[mp4 @ 0x91b010500] pts has no value
[mp4 @ 0x91b010500] Packet duration: -1024 / dts: 5783552 in stream 1 is out of range
[mp4 @ 0x91b010500] pts has no value
[mp4 @ 0x91b010500] Packet duration: -1024 / dts: 5785600 in stream 1 is out of range
[mp4 @ 0x91b010500] pts has no value
[mp4 @ 0x91b010500] Packet duration: -1024 / dts: 5786624 in stream 1 is out of range
[mp4 @ 0x91b010500] pts has no value
[mp4 @ 0x91b010500] Packet duration: -1024 / dts: 5788672 in stream 1 is out of range
[mp4 @ 0x91b010500] pts has no value
[mp4 @ 0x91b010500] Packet duration: -1024 / dts: 5790720 in stream 1 is out of range
[mp4 @ 0x91b010500] pts has no value
[mp4 @ 0x91b010500] Packet duration: -1024 / dts: 5791744 in stream 1 is out of range
[mp4 @ 0x91b010500] pts has no value
[mp4 @ 0x91b010500] Packet duration: -1024 / dts: 5793792 in stream 1 is out of range
[mp4 @ 0x91b010500] pts has no value
[mp4 @ 0x91b010500] Packet duration: -1024 / dts: 5794816 in stream 1 is out of range
[mp4 @ 0x91b010500] pts has no value
[mp4 @ 0x91b010500] Packet duration: -1024 / dts: 5796864 in stream 1 is out of range
[mp4 @ 0x91b010500] pts has no value
[mp4 @ 0x91b010500] Packet duration: -1024 / dts: 5797888 in stream 1 is out of range
[mp4 @ 0x91b010500] pts has no value
[mp4 @ 0x91b010500] Packet duration: -1024 / dts: 5799936 in stream 1 is out of range
[mp4 @ 0x91b010500] pts has no value
[mp4 @ 0x91b010500] Packet duration: -1024 / dts: 5801984 in stream 1 is out of range
[mp4 @ 0x91b010500] pts has no value
[mp4 @ 0x91b010500] Packet duration: -1024 / dts: 5803008 in stream 1 is out of range
[mp4 @ 0x91b010500] pts has no value
[mp4 @ 0x91b010500] Packet duration: -1024 / dts: 5805056 in stream 1 is out of range
[mp4 @ 0x91b010500] pts has no value
[mp4 @ 0x91b010500] Packet duration: -1024 / dts: 5806080 in stream 1 is out of range
[mp4 @ 0x91b010500] pts has no value
[mp4 @ 0x91b010500] Packet duration: -1024 / dts: 5808128 in stream 1 is out of range
[mp4 @ 0x91b010500] pts has no value
[mp4 @ 0x91b010500] Packet duration: -1024 / dts: 5809152 in stream 1 is out of range
[mp4 @ 0x91b010500] pts has no value
timestamp: 1858888 segment: 121:0 priority: 127
[2m2026-08-26T07:58:29.445840Z[0m [32m INFO[0m [2mmoq_transport::session::subscribed[0m[2m:[0m [PUBLISHER] serve_subgroup: completed subgroup (group_id=120, subgroup_id=0, 30 objects sent)
timestamp: 5810176 segment: 122:0 priority: 127
[mp4 @ 0x91b010500] Packet duration: -1024 / dts: 5811200 in stream 1 is out of range
[mp4 @ 0x91b010500] pts has no value
[mp4 @ 0x91b010500] Packet duration: -1024 / dts: 5812224 in stream 1 is out of range
[mp4 @ 0x91b010500] pts has no value
[mp4 @ 0x91b010500] Packet duration: -1024 / dts: 5814272 in stream 1 is out of range
[mp4 @ 0x91b010500] pts has no value
[mp4 @ 0x91b010500] Packet duration: -1024 / dts: 5816320 in stream 1 is out of range
[mp4 @ 0x91b010500] pts has no value
[mp4 @ 0x91b010500] Packet duration: -1024 / dts: 5817344 in stream 1 is out of range
[mp4 @ 0x91b010500] pts has no value
[mp4 @ 0x91b010500] Packet duration: -1024 / dts: 5819392 in stream 1 is out of range
[mp4 @ 0x91b010500] pts has no value
[mp4 @ 0x91b010500] Packet duration: -1024 / dts: 5820416 in stream 1 is out of range
[mp4 @ 0x91b010500] pts has no value
[mp4 @ 0x91b010500] Packet duration: -1024 / dts: 5822464 in stream 1 is out of range
[mp4 @ 0x91b010500] pts has no value
[mp4 @ 0x91b010500] Packet duration: -1024 / dts: 5823488 in stream 1 is out of range
[mp4 @ 0x91b010500] pts has no value
[mp4 @ 0x91b010500] Packet duration: -1024 / dts: 5825536 in stream 1 is out of range
[mp4 @ 0x91b010500] pts has no value
[mp4 @ 0x91b010500] Packet duration: -1024 / dts: 5827584 in stream 1 is out of range
[mp4 @ 0x91b010500] pts has no value
[mp4 @ 0x91b010500] Packet duration: -1024 / dts: 5828608 in stream 1 is out of range
[mp4 @ 0x91b010500] pts has no value
[mp4 @ 0x91b010500] Packet duration: -1024 / dts: 5830656 in stream 1 is out of range
[mp4 @ 0x91b010500] pts has no value
[mp4 @ 0x91b010500] Packet duration: -1024 / dts: 5831680 in stream 1 is out of range
[mp4 @ 0x91b010500] pts has no value
[mp4 @ 0x91b010500] Packet duration: -1024 / dts: 5833728 in stream 1 is out of range
[mp4 @ 0x91b010500] pts has no value
[mp4 @ 0x91b010500] Packet duration: -1024 / dts: 5834752 in stream 1 is out of range
[mp4 @ 0x91b010500] pts has no value
[mp4 @ 0x91b010500] Packet duration: -1024 / dts: 5836800 in stream 1 is out of range
[mp4 @ 0x91b010500] pts has no value
[mp4 @ 0x91b010500] Packet duration: -1024 / dts: 5837824 in stream 1 is out of range
[mp4 @ 0x91b010500] pts has no value
[mp4 @ 0x91b010500] Packet duration: -1024 / dts: 5839872 in stream 1 is out of range
[mp4 @ 0x91b010500] pts has no value
[mp4 @ 0x91b010500] Packet duration: -1024 / dts: 5841920 in stream 1 is out of range
[mp4 @ 0x91b010500] pts has no value
[mp4 @ 0x91b010500] Packet duration: -1024 / dts: 5842944 in stream 1 is out of range
[mp4 @ 0x91b010500] pts has no value
[mp4 @ 0x91b010500] Packet duration: -1024 / dts: 5844992 in stream 1 is out of range
[mp4 @ 0x91b010500] pts has no value
[mp4 @ 0x91b010500] Packet duration: -1024 / dts: 5846016 in stream 1 is out of range
[mp4 @ 0x91b010500] pts has no value
[mp4 @ 0x91b010500] Packet duration: -1024 / dts: 5848064 in stream 1 is out of range
[mp4 @ 0x91b010500] pts has no value
[mp4 @ 0x91b010500] Packet duration: -1024 / dts: 5849088 in stream 1 is out of range
[mp4 @ 0x91b010500] pts has no value
[mp4 @ 0x91b010500] Packet duration: -1024 / dts: 5851136 in stream 1 is out of range
[mp4 @ 0x91b010500] pts has no value
[mp4 @ 0x91b010500] Packet duration: -1024 / dts: 5853184 in stream 1 is out of range
[mp4 @ 0x91b010500] pts has no value
[mp4 @ 0x91b010500] Packet duration: -1024 / dts: 5854208 in stream 1 is out of range
[mp4 @ 0x91b010500] pts has no value
[mp4 @ 0x91b010500] Packet duration: -1024 / dts: 5856256 in stream 1 is out of range
[mp4 @ 0x91b010500] pts has no value
[mp4 @ 0x91b010500] Packet duration: -1024 / dts: 5857280 in stream 1 is out of range
[mp4 @ 0x91b010500] pts has no value
timestamp: 1874248 segment: 122:0 priority: 127
[2m2026-08-26T07:58:30.444730Z[0m [32m INFO[0m [2mmoq_transport::session::subscribed[0m[2m:[0m [PUBLISHER] serve_subgroup: completed subgroup (group_id=121, subgroup_id=0, 30 objects sent)
timestamp: 5858304 segment: 123:0 priority: 127
[mp4 @ 0x91b010500] Packet duration: -1024 / dts: 5859328 in stream 1 is out of range
[mp4 @ 0x91b010500] pts has no value
[mp4 @ 0x91b010500] Packet duration: -1024 / dts: 5860352 in stream 1 is out of range
[mp4 @ 0x91b010500] pts has no value
[mp4 @ 0x91b010500] Packet duration: -1024 / dts: 5862400 in stream 1 is out of range
[mp4 @ 0x91b010500] pts has no value
[mp4 @ 0x91b010500] Packet duration: -1024 / dts: 5863424 in stream 1 is out of range
[mp4 @ 0x91b010500] pts has no value
[mp4 @ 0x91b010500] Packet duration: -1024 / dts: 5865472 in stream 1 is out of range
[mp4 @ 0x91b010500] pts has no value
[mp4 @ 0x91b010500] Packet duration: -1024 / dts: 5867520 in stream 1 is out of range
[mp4 @ 0x91b010500] pts has no value
[mp4 @ 0x91b010500] Packet duration: -1024 / dts: 5868544 in stream 1 is out of range
[mp4 @ 0x91b010500] pts has no value
[mp4 @ 0x91b010500] Packet duration: -1024 / dts: 5870592 in stream 1 is out of range
[mp4 @ 0x91b010500] pts has no value
[mp4 @ 0x91b010500] Packet duration: -1024 / dts: 5871616 in stream 1 is out of range
[mp4 @ 0x91b010500] pts has no value
[mp4 @ 0x91b010500] Packet duration: -1024 / dts: 5873664 in stream 1 is out of range
[mp4 @ 0x91b010500] pts has no value
[mp4 @ 0x91b010500] Packet duration: -1024 / dts: 5874688 in stream 1 is out of range
[mp4 @ 0x91b010500] pts has no value
[mp4 @ 0x91b010500] Packet duration: -1024 / dts: 5876736 in stream 1 is out of range
[mp4 @ 0x91b010500] pts has no value
[mp4 @ 0x91b010500] Packet duration: -1024 / dts: 5878784 in stream 1 is out of range
[mp4 @ 0x91b010500] pts has no value
[mp4 @ 0x91b010500] Packet duration: -1024 / dts: 5879808 in stream 1 is out of range
[mp4 @ 0x91b010500] pts has no value
[mp4 @ 0x91b010500] Packet duration: -1024 / dts: 5881856 in stream 1 is out of range
[mp4 @ 0x91b010500] pts has no value
[mp4 @ 0x91b010500] Packet duration: -1024 / dts: 5882880 in stream 1 is out of range
[mp4 @ 0x91b010500] pts has no value
[mp4 @ 0x91b010500] Packet duration: -1024 / dts: 5884928 in stream 1 is out of range
[mp4 @ 0x91b010500] pts has no value
[mp4 @ 0x91b010500] Packet duration: -1024 / dts: 5885952 in stream 1 is out of range
[mp4 @ 0x91b010500] pts has no value
[mp4 @ 0x91b010500] Packet duration: -1024 / dts: 5888000 in stream 1 is out of range
[mp4 @ 0x91b010500] pts has no value
[mp4 @ 0x91b010500] Packet duration: -1024 / dts: 5889024 in stream 1 is out of range
[mp4 @ 0x91b010500] pts has no value
[mp4 @ 0x91b010500] Packet duration: -1024 / dts: 5891072 in stream 1 is out of range
[mp4 @ 0x91b010500] pts has no value
[mp4 @ 0x91b010500] Packet duration: -1024 / dts: 5893120 in stream 1 is out of range
[mp4 @ 0x91b010500] pts has no value
[mp4 @ 0x91b010500] Packet duration: -1024 / dts: 5894144 in stream 1 is out of range
[mp4 @ 0x91b010500] pts has no value
[mp4 @ 0x91b010500] Packet duration: -1024 / dts: 5896192 in stream 1 is out of range
[mp4 @ 0x91b010500] pts has no value
[mp4 @ 0x91b010500] Packet duration: -1024 / dts: 5897216 in stream 1 is out of range
[mp4 @ 0x91b010500] pts has no value
[mp4 @ 0x91b010500] Packet duration: -1024 / dts: 5899264 in stream 1 is out of range
[mp4 @ 0x91b010500] pts has no value
[mp4 @ 0x91b010500] Packet duration: -1024 / dts: 5900288 in stream 1 is out of range
[mp4 @ 0x91b010500] pts has no value
[mp4 @ 0x91b010500] Packet duration: -1024 / dts: 5902336 in stream 1 is out of range
[mp4 @ 0x91b010500] pts has no value
[mp4 @ 0x91b010500] Packet duration: -1024 / dts: 5904384 in stream 1 is out of range
[mp4 @ 0x91b010500] pts has no value
[mp4 @ 0x91b010500] Packet duration: -1024 / dts: 5905408 in stream 1 is out of range
[mp4 @ 0x91b010500] pts has no value
timestamp: 1889608 segment: 123:0 priority: 127
[2m2026-08-26T07:58:31.443774Z[0m [32m INFO[0m [2mmoq_transport::session::subscribed[0m[2m:[0m [PUBLISHER] serve_subgroup: completed subgroup (group_id=122, subgroup_id=0, 30 objects sent)
timestamp: 5906432 segment: 124:0 priority: 127
[mp4 @ 0x91b010500] Packet duration: -1024 / dts: 5907456 in stream 1 is out of range
[mp4 @ 0x91b010500] pts has no value
[mp4 @ 0x91b010500] Packet duration: -1024 / dts: 5908480 in stream 1 is out of range
[mp4 @ 0x91b010500] pts has no value
[mp4 @ 0x91b010500] Packet duration: -1024 / dts: 5910528 in stream 1 is out of range
[mp4 @ 0x91b010500] pts has no value
[mp4 @ 0x91b010500] Packet duration: -1024 / dts: 5911552 in stream 1 is out of range
[mp4 @ 0x91b010500] pts has no value
[mp4 @ 0x91b010500] Packet duration: -1024 / dts: 5913600 in stream 1 is out of range
[mp4 @ 0x91b010500] pts has no value
[mp4 @ 0x91b010500] Packet duration: -1024 / dts: 5914624 in stream 1 is out of range
[mp4 @ 0x91b010500] pts has no value
[mp4 @ 0x91b010500] Packet duration: -1024 / dts: 5916672 in stream 1 is out of range
[mp4 @ 0x91b010500] pts has no value
[mp4 @ 0x91b010500] Packet duration: -1024 / dts: 5918720 in stream 1 is out of range
[mp4 @ 0x91b010500] pts has no value
[mp4 @ 0x91b010500] Packet duration: -1024 / dts: 5919744 in stream 1 is out of range
[mp4 @ 0x91b010500] pts has no value
[mp4 @ 0x91b010500] Packet duration: -1024 / dts: 5921792 in stream 1 is out of range
[mp4 @ 0x91b010500] pts has no value
[mp4 @ 0x91b010500] Packet duration: -1024 / dts: 5922816 in stream 1 is out of range
[mp4 @ 0x91b010500] pts has no value
[mp4 @ 0x91b010500] Packet duration: -1024 / dts: 5924864 in stream 1 is out of range
[mp4 @ 0x91b010500] pts has no value
[mp4 @ 0x91b010500] Packet duration: -1024 / dts: 5925888 in stream 1 is out of range
[mp4 @ 0x91b010500] pts has no value
[mp4 @ 0x91b010500] Packet duration: -1024 / dts: 5927936 in stream 1 is out of range
[mp4 @ 0x91b010500] pts has no value
[mp4 @ 0x91b010500] Packet duration: -1024 / dts: 5929984 in stream 1 is out of range
[mp4 @ 0x91b010500] pts has no value
[mp4 @ 0x91b010500] Packet duration: -1024 / dts: 5931008 in stream 1 is out of range
[mp4 @ 0x91b010500] pts has no value
[mp4 @ 0x91b010500] Packet duration: -1024 / dts: 5933056 in stream 1 is out of range
[mp4 @ 0x91b010500] pts has no value
[mp4 @ 0x91b010500] Packet duration: -1024 / dts: 5934080 in stream 1 is out of range
[mp4 @ 0x91b010500] pts has no value
[mp4 @ 0x91b010500] Packet duration: -1024 / dts: 5936128 in stream 1 is out of range
[mp4 @ 0x91b010500] pts has no value
[mp4 @ 0x91b010500] Packet duration: -1024 / dts: 5937152 in stream 1 is out of range
[mp4 @ 0x91b010500] pts has no value
[mp4 @ 0x91b010500] Packet duration: -1024 / dts: 5939200 in stream 1 is out of range
[mp4 @ 0x91b010500] pts has no value
[mp4 @ 0x91b010500] Packet duration: -1024 / dts: 5940224 in stream 1 is out of range
[mp4 @ 0x91b010500] pts has no value
[mp4 @ 0x91b010500] Packet duration: -1024 / dts: 5942272 in stream 1 is out of range
[mp4 @ 0x91b010500] pts has no value
[mp4 @ 0x91b010500] Packet duration: -1024 / dts: 5944320 in stream 1 is out of range
[mp4 @ 0x91b010500] pts has no value
[mp4 @ 0x91b010500] Packet duration: -1024 / dts: 5945344 in stream 1 is out of range
[mp4 @ 0x91b010500] pts has no value
[mp4 @ 0x91b010500] Packet duration: -1024 / dts: 5947392 in stream 1 is out of range
[mp4 @ 0x91b010500] pts has no value
[mp4 @ 0x91b010500] Packet duration: -1024 / dts: 5948416 in stream 1 is out of range
[mp4 @ 0x91b010500] pts has no value
[mp4 @ 0x91b010500] Packet duration: -1024 / dts: 5950464 in stream 1 is out of range
[mp4 @ 0x91b010500] pts has no value
[mp4 @ 0x91b010500] Packet duration: -1024 / dts: 5951488 in stream 1 is out of range
[mp4 @ 0x91b010500] pts has no value
[mp4 @ 0x91b010500] Packet duration: -1024 / dts: 5953536 in stream 1 is out of range
[mp4 @ 0x91b010500] pts has no value
timestamp: 1904968 segment: 124:0 priority: 127
[2m2026-08-26T07:58:32.443154Z[0m [32m INFO[0m [2mmoq_transport::session::subscribed[0m[2m:[0m [PUBLISHER] serve_subgroup: completed subgroup (group_id=123, subgroup_id=0, 30 objects sent)
timestamp: 5954560 segment: 125:0 priority: 127
[mp4 @ 0x91b010500] Packet duration: -1024 / dts: 5955584 in stream 1 is out of range
[mp4 @ 0x91b010500] pts has no value
[mp4 @ 0x91b010500] Packet duration: -1024 / dts: 5956608 in stream 1 is out of range
[mp4 @ 0x91b010500] pts has no value
[mp4 @ 0x91b010500] Packet duration: -1024 / dts: 5958656 in stream 1 is out of range
[mp4 @ 0x91b010500] pts has no value
[mp4 @ 0x91b010500] Packet duration: -1024 / dts: 5959680 in stream 1 is out of range
[mp4 @ 0x91b010500] pts has no value
[mp4 @ 0x91b010500] Packet duration: -1024 / dts: 5961728 in stream 1 is out of range
[mp4 @ 0x91b010500] pts has no value
[mp4 @ 0x91b010500] Packet duration: -1024 / dts: 5962752 in stream 1 is out of range
[mp4 @ 0x91b010500] pts has no value
[mp4 @ 0x91b010500] Packet duration: -1024 / dts: 5964800 in stream 1 is out of range
[mp4 @ 0x91b010500] pts has no value
[mp4 @ 0x91b010500] Packet duration: -1024 / dts: 5965824 in stream 1 is out of range
[mp4 @ 0x91b010500] pts has no value
[mp4 @ 0x91b010500] Packet duration: -1024 / dts: 5967872 in stream 1 is out of range
[mp4 @ 0x91b010500] pts has no value
[mp4 @ 0x91b010500] Packet duration: -1024 / dts: 5969920 in stream 1 is out of range
[mp4 @ 0x91b010500] pts has no value
[mp4 @ 0x91b010500] Packet duration: -1024 / dts: 5970944 in stream 1 is out of range
[mp4 @ 0x91b010500] pts has no value
[mp4 @ 0x91b010500] Packet duration: -1024 / dts: 5972992 in stream 1 is out of range
[mp4 @ 0x91b010500] pts has no value
[mp4 @ 0x91b010500] Packet duration: -1024 / dts: 5974016 in stream 1 is out of range
[mp4 @ 0x91b010500] pts has no value
[mp4 @ 0x91b010500] Packet duration: -1024 / dts: 5976064 in stream 1 is out of range
[mp4 @ 0x91b010500] pts has no value
[mp4 @ 0x91b010500] Packet duration: -1024 / dts: 5977088 in stream 1 is out of range
[mp4 @ 0x91b010500] pts has no value
[mp4 @ 0x91b010500] Packet duration: -1024 / dts: 5979136 in stream 1 is out of range
[mp4 @ 0x91b010500] pts has no value
[mp4 @ 0x91b010500] Packet duration: -1024 / dts: 5981184 in stream 1 is out of range
[mp4 @ 0x91b010500] pts has no value
[mp4 @ 0x91b010500] Packet duration: -1024 / dts: 5982208 in stream 1 is out of range
[mp4 @ 0x91b010500] pts has no value
[mp4 @ 0x91b010500] Packet duration: -1024 / dts: 5984256 in stream 1 is out of range
[mp4 @ 0x91b010500] pts has no value
[mp4 @ 0x91b010500] Packet duration: -1024 / dts: 5985280 in stream 1 is out of range
[mp4 @ 0x91b010500] pts has no value
[mp4 @ 0x91b010500] Packet duration: -1024 / dts: 5987328 in stream 1 is out of range
[mp4 @ 0x91b010500] pts has no value
[mp4 @ 0x91b010500] Packet duration: -1024 / dts: 5988352 in stream 1 is out of range
[mp4 @ 0x91b010500] pts has no value
[mp4 @ 0x91b010500] Packet duration: -1024 / dts: 5990400 in stream 1 is out of range
[mp4 @ 0x91b010500] pts has no value
[mp4 @ 0x91b010500] Packet duration: -1024 / dts: 5991424 in stream 1 is out of range
[mp4 @ 0x91b010500] pts has no value
[mp4 @ 0x91b010500] Packet duration: -1024 / dts: 5993472 in stream 1 is out of range
[mp4 @ 0x91b010500] pts has no value
[mp4 @ 0x91b010500] Packet duration: -1024 / dts: 5995520 in stream 1 is out of range
[mp4 @ 0x91b010500] pts has no value
[mp4 @ 0x91b010500] Packet duration: -1024 / dts: 5996544 in stream 1 is out of range
[mp4 @ 0x91b010500] pts has no value
[mp4 @ 0x91b010500] Packet duration: -1024 / dts: 5998592 in stream 1 is out of range
[mp4 @ 0x91b010500] pts has no value
[mp4 @ 0x91b010500] Packet duration: -1024 / dts: 5999616 in stream 1 is out of range
[mp4 @ 0x91b010500] pts has no value
[mp4 @ 0x91b010500] Packet duration: -1024 / dts: 6001664 in stream 1 is out of range
[mp4 @ 0x91b010500] pts has no value
timestamp: 1920328 segment: 125:0 priority: 127
[2m2026-08-26T07:58:33.443978Z[0m [32m INFO[0m [2mmoq_transport::session::subscribed[0m[2m:[0m [PUBLISHER] serve_subgroup: completed subgroup (group_id=124, subgroup_id=0, 30 objects sent)
timestamp: 6002688 segment: 126:0 priority: 127
[mp4 @ 0x91b010500] Packet duration: -1024 / dts: 6002688 in stream 1 is out of range
[mp4 @ 0x91b010500] pts has no value
[mp4 @ 0x91b010500] Packet duration: -1024 / dts: 6004736 in stream 1 is out of range
[mp4 @ 0x91b010500] pts has no value
[mp4 @ 0x91b010500] Packet duration: -1024 / dts: 6006784 in stream 1 is out of range
[mp4 @ 0x91b010500] pts has no value
[mp4 @ 0x91b010500] Packet duration: -1024 / dts: 6007808 in stream 1 is out of range
[mp4 @ 0x91b010500] pts has no value
[mp4 @ 0x91b010500] Packet duration: -1024 / dts: 6009856 in stream 1 is out of range
[mp4 @ 0x91b010500] pts has no value
[mp4 @ 0x91b010500] Packet duration: -1024 / dts: 6010880 in stream 1 is out of range
[mp4 @ 0x91b010500] pts has no value
[mp4 @ 0x91b010500] Packet duration: -1024 / dts: 6012928 in stream 1 is out of range
[mp4 @ 0x91b010500] pts has no value
[mp4 @ 0x91b010500] Packet duration: -1024 / dts: 6013952 in stream 1 is out of range
[mp4 @ 0x91b010500] pts has no value
[mp4 @ 0x91b010500] Packet duration: -1024 / dts: 6016000 in stream 1 is out of range
[mp4 @ 0x91b010500] pts has no value
[mp4 @ 0x91b010500] Packet duration: -1024 / dts: 6017024 in stream 1 is out of range
[mp4 @ 0x91b010500] pts has no value
[mp4 @ 0x91b010500] Packet duration: -1024 / dts: 6019072 in stream 1 is out of range
[mp4 @ 0x91b010500] pts has no value
[mp4 @ 0x91b010500] Packet duration: -1024 / dts: 6021120 in stream 1 is out of range
[mp4 @ 0x91b010500] pts has no value
[mp4 @ 0x91b010500] Packet duration: -1024 / dts: 6022144 in stream 1 is out of range
[mp4 @ 0x91b010500] pts has no value
[mp4 @ 0x91b010500] Packet duration: -1024 / dts: 6024192 in stream 1 is out of range
[mp4 @ 0x91b010500] pts has no value
[mp4 @ 0x91b010500] Packet duration: -1024 / dts: 6025216 in stream 1 is out of range
[mp4 @ 0x91b010500] pts has no value
[mp4 @ 0x91b010500] Packet duration: -1024 / dts: 6027264 in stream 1 is out of range
[mp4 @ 0x91b010500] pts has no value
[mp4 @ 0x91b010500] Packet duration: -1024 / dts: 6028288 in stream 1 is out of range
[mp4 @ 0x91b010500] pts has no value
[mp4 @ 0x91b010500] Packet duration: -1024 / dts: 6030336 in stream 1 is out of range
[mp4 @ 0x91b010500] pts has no value
[mp4 @ 0x91b010500] Packet duration: -1024 / dts: 6032384 in stream 1 is out of range
[mp4 @ 0x91b010500] pts has no value
[mp4 @ 0x91b010500] Packet duration: -1024 / dts: 6033408 in stream 1 is out of range
[mp4 @ 0x91b010500] pts has no value
[mp4 @ 0x91b010500] Packet duration: -1024 / dts: 6035456 in stream 1 is out of range
[mp4 @ 0x91b010500] pts has no value
[mp4 @ 0x91b010500] Packet duration: -1024 / dts: 6036480 in stream 1 is out of range
[mp4 @ 0x91b010500] pts has no value
[mp4 @ 0x91b010500] Packet duration: -1024 / dts: 6038528 in stream 1 is out of range
[mp4 @ 0x91b010500] pts has no value
[mp4 @ 0x91b010500] Packet duration: -1024 / dts: 6039552 in stream 1 is out of range
[mp4 @ 0x91b010500] pts has no value
[mp4 @ 0x91b010500] Packet duration: -1024 / dts: 6041600 in stream 1 is out of range
[mp4 @ 0x91b010500] pts has no value
[mp4 @ 0x91b010500] Packet duration: -1024 / dts: 6042624 in stream 1 is out of range
[mp4 @ 0x91b010500] pts has no value
[mp4 @ 0x91b010500] Packet duration: -1024 / dts: 6044672 in stream 1 is out of range
[mp4 @ 0x91b010500] pts has no value
[mp4 @ 0x91b010500] Packet duration: -1024 / dts: 6046720 in stream 1 is out of range
[mp4 @ 0x91b010500] pts has no value
[mp4 @ 0x91b010500] Packet duration: -1024 / dts: 6047744 in stream 1 is out of range
[mp4 @ 0x91b010500] pts has no value
[mp4 @ 0x91b010500] Packet duration: -1024 / dts: 6049792 in stream 1 is out of range
[mp4 @ 0x91b010500] pts has no value
timestamp: 1935688 segment: 126:0 priority: 127
[2m2026-08-26T07:58:34.443866Z[0m [32m INFO[0m [2mmoq_transport::session::subscribed[0m[2m:[0m [PUBLISHER] serve_subgroup: completed subgroup (group_id=125, subgroup_id=0, 30 objects sent)
timestamp: 6050816 segment: 127:0 priority: 127
[mp4 @ 0x91b010500] Packet duration: -1024 / dts: 6050816 in stream 1 is out of range
[mp4 @ 0x91b010500] pts has no value
[mp4 @ 0x91b010500] Packet duration: -1024 / dts: 6052864 in stream 1 is out of range
[mp4 @ 0x91b010500] pts has no value
[mp4 @ 0x91b010500] Packet duration: -1024 / dts: 6053888 in stream 1 is out of range
[mp4 @ 0x91b010500] pts has no value
[mp4 @ 0x91b010500] Packet duration: -1024 / dts: 6055936 in stream 1 is out of range
[mp4 @ 0x91b010500] pts has no value
[mp4 @ 0x91b010500] Packet duration: -1024 / dts: 6057984 in stream 1 is out of range
[mp4 @ 0x91b010500] pts has no value
[mp4 @ 0x91b010500] Packet duration: -1024 / dts: 6059008 in stream 1 is out of range
[mp4 @ 0x91b010500] pts has no value
[mp4 @ 0x91b010500] Packet duration: -1024 / dts: 6061056 in stream 1 is out of range
[mp4 @ 0x91b010500] pts has no value
[mp4 @ 0x91b010500] Packet duration: -1024 / dts: 6062080 in stream 1 is out of range
[mp4 @ 0x91b010500] pts has no value
[mp4 @ 0x91b010500] Packet duration: -1024 / dts: 6064128 in stream 1 is out of range
[mp4 @ 0x91b010500] pts has no value
[mp4 @ 0x91b010500] Packet duration: -1024 / dts: 6065152 in stream 1 is out of range
[mp4 @ 0x91b010500] pts has no value
[mp4 @ 0x91b010500] Packet duration: -1024 / dts: 6067200 in stream 1 is out of range
[mp4 @ 0x91b010500] pts has no value
[mp4 @ 0x91b010500] Packet duration: -1024 / dts: 6068224 in stream 1 is out of range
[mp4 @ 0x91b010500] pts has no value
[mp4 @ 0x91b010500] Packet duration: -1024 / dts: 6070272 in stream 1 is out of range
[mp4 @ 0x91b010500] pts has no value
[mp4 @ 0x91b010500] Packet duration: -1024 / dts: 6072320 in stream 1 is out of range
[mp4 @ 0x91b010500] pts has no value
[mp4 @ 0x91b010500] Packet duration: -1024 / dts: 6073344 in stream 1 is out of range
[mp4 @ 0x91b010500] pts has no value
[mp4 @ 0x91b010500] Packet duration: -1024 / dts: 6075392 in stream 1 is out of range
[mp4 @ 0x91b010500] pts has no value
[mp4 @ 0x91b010500] Packet duration: -1024 / dts: 6076416 in stream 1 is out of range
[mp4 @ 0x91b010500] pts has no value
[mp4 @ 0x91b010500] Packet duration: -1024 / dts: 6078464 in stream 1 is out of range
[mp4 @ 0x91b010500] pts has no value
[mp4 @ 0x91b010500] Packet duration: -1024 / dts: 6079488 in stream 1 is out of range
[mp4 @ 0x91b010500] pts has no value
[mp4 @ 0x91b010500] Packet duration: -1024 / dts: 6081536 in stream 1 is out of range
[mp4 @ 0x91b010500] pts has no value
[mp4 @ 0x91b010500] Packet duration: -1024 / dts: 6083584 in stream 1 is out of range
[mp4 @ 0x91b010500] pts has no value
[mp4 @ 0x91b010500] Packet duration: -1024 / dts: 6084608 in stream 1 is out of range
[mp4 @ 0x91b010500] pts has no value
[mp4 @ 0x91b010500] Packet duration: -1024 / dts: 6086656 in stream 1 is out of range
[mp4 @ 0x91b010500] pts has no value
[mp4 @ 0x91b010500] Packet duration: -1024 / dts: 6087680 in stream 1 is out of range
[mp4 @ 0x91b010500] pts has no value
[mp4 @ 0x91b010500] Packet duration: -1024 / dts: 6089728 in stream 1 is out of range
[mp4 @ 0x91b010500] pts has no value
[mp4 @ 0x91b010500] Packet duration: -1024 / dts: 6090752 in stream 1 is out of range
[mp4 @ 0x91b010500] pts has no value
[mp4 @ 0x91b010500] Packet duration: -1024 / dts: 6092800 in stream 1 is out of range
[mp4 @ 0x91b010500] pts has no value
[mp4 @ 0x91b010500] Packet duration: -1024 / dts: 6093824 in stream 1 is out of range
[mp4 @ 0x91b010500] pts has no value
[mp4 @ 0x91b010500] Packet duration: -1024 / dts: 6095872 in stream 1 is out of range
[mp4 @ 0x91b010500] pts has no value
[mp4 @ 0x91b010500] Packet duration: -1024 / dts: 6097920 in stream 1 is out of range
[mp4 @ 0x91b010500] pts has no value
timestamp: 1951048 segment: 127:0 priority: 127
[2m2026-08-26T07:58:35.443998Z[0m [32m INFO[0m [2mmoq_transport::session::subscribed[0m[2m:[0m [PUBLISHER] serve_subgroup: completed subgroup (group_id=126, subgroup_id=0, 30 objects sent)
timestamp: 6098944 segment: 128:0 priority: 127
[mp4 @ 0x91b010500] Packet duration: -1024 / dts: 6098944 in stream 1 is out of range
[mp4 @ 0x91b010500] pts has no value
[mp4 @ 0x91b010500] Packet duration: -1024 / dts: 6100992 in stream 1 is out of range
[mp4 @ 0x91b010500] pts has no value
[mp4 @ 0x91b010500] Packet duration: -1024 / dts: 6102016 in stream 1 is out of range
[mp4 @ 0x91b010500] pts has no value
[mp4 @ 0x91b010500] Packet duration: -1024 / dts: 6104064 in stream 1 is out of range
[mp4 @ 0x91b010500] pts has no value
[mp4 @ 0x91b010500] Packet duration: -1024 / dts: 6105088 in stream 1 is out of range
[mp4 @ 0x91b010500] pts has no value
[mp4 @ 0x91b010500] Packet duration: -1024 / dts: 6107136 in stream 1 is out of range
[mp4 @ 0x91b010500] pts has no value
[mp4 @ 0x91b010500] Packet duration: -1024 / dts: 6109184 in stream 1 is out of range
[mp4 @ 0x91b010500] pts has no value
[mp4 @ 0x91b010500] Packet duration: -1024 / dts: 6110208 in stream 1 is out of range
[mp4 @ 0x91b010500] pts has no value
[mp4 @ 0x91b010500] Packet duration: -1024 / dts: 6112256 in stream 1 is out of range
[mp4 @ 0x91b010500] pts has no value
[mp4 @ 0x91b010500] Packet duration: -1024 / dts: 6113280 in stream 1 is out of range
[mp4 @ 0x91b010500] pts has no value
[mp4 @ 0x91b010500] Packet duration: -1024 / dts: 6115328 in stream 1 is out of range
[mp4 @ 0x91b010500] pts has no value
[mp4 @ 0x91b010500] Packet duration: -1024 / dts: 6116352 in stream 1 is out of range
[mp4 @ 0x91b010500] pts has no value
[mp4 @ 0x91b010500] Packet duration: -1024 / dts: 6118400 in stream 1 is out of range
[mp4 @ 0x91b010500] pts has no value
[mp4 @ 0x91b010500] Packet duration: -1024 / dts: 6119424 in stream 1 is out of range
[mp4 @ 0x91b010500] pts has no value
[mp4 @ 0x91b010500] Packet duration: -1024 / dts: 6121472 in stream 1 is out of range
[mp4 @ 0x91b010500] pts has no value
[mp4 @ 0x91b010500] Packet duration: -1024 / dts: 6123520 in stream 1 is out of range
[mp4 @ 0x91b010500] pts has no value
[mp4 @ 0x91b010500] Packet duration: -1024 / dts: 6124544 in stream 1 is out of range
[mp4 @ 0x91b010500] pts has no value
[mp4 @ 0x91b010500] Packet duration: -1024 / dts: 6126592 in stream 1 is out of range
[mp4 @ 0x91b010500] pts has no value
[mp4 @ 0x91b010500] Packet duration: -1024 / dts: 6127616 in stream 1 is out of range
[mp4 @ 0x91b010500] pts has no value
[mp4 @ 0x91b010500] Packet duration: -1024 / dts: 6129664 in stream 1 is out of range
[mp4 @ 0x91b010500] pts has no value
[mp4 @ 0x91b010500] Packet duration: -1024 / dts: 6130688 in stream 1 is out of range
[mp4 @ 0x91b010500] pts has no value
[mp4 @ 0x91b010500] Packet duration: -1024 / dts: 6132736 in stream 1 is out of range
[mp4 @ 0x91b010500] pts has no value
[mp4 @ 0x91b010500] Packet duration: -1024 / dts: 6134784 in stream 1 is out of range
[mp4 @ 0x91b010500] pts has no value
[mp4 @ 0x91b010500] Packet duration: -1024 / dts: 6135808 in stream 1 is out of range
[mp4 @ 0x91b010500] pts has no value
[mp4 @ 0x91b010500] Packet duration: -1024 / dts: 6137856 in stream 1 is out of range
[mp4 @ 0x91b010500] pts has no value
[mp4 @ 0x91b010500] Packet duration: -1024 / dts: 6138880 in stream 1 is out of range
[mp4 @ 0x91b010500] pts has no value
[mp4 @ 0x91b010500] Packet duration: -1024 / dts: 6140928 in stream 1 is out of range
[mp4 @ 0x91b010500] pts has no value
[mp4 @ 0x91b010500] Packet duration: -1024 / dts: 6141952 in stream 1 is out of range
[mp4 @ 0x91b010500] pts has no value
[mp4 @ 0x91b010500] Packet duration: -1024 / dts: 6144000 in stream 1 is out of range
[mp4 @ 0x91b010500] pts has no value
[mp4 @ 0x91b010500] Packet duration: -1024 / dts: 6145024 in stream 1 is out of range
[mp4 @ 0x91b010500] pts has no value
timestamp: 1966408 segment: 128:0 priority: 127
[2m2026-08-26T07:58:36.442364Z[0m [32m INFO[0m [2mmoq_transport::session::subscribed[0m[2m:[0m [PUBLISHER] serve_subgroup: completed subgroup (group_id=127, subgroup_id=0, 30 objects sent)
timestamp: 6146048 segment: 129:0 priority: 127
[mp4 @ 0x91b010500] Packet duration: -1024 / dts: 6147072 in stream 1 is out of range
[mp4 @ 0x91b010500] pts has no value
[mp4 @ 0x91b010500] Packet duration: -1024 / dts: 6149120 in stream 1 is out of range
[mp4 @ 0x91b010500] pts has no value
[mp4 @ 0x91b010500] Packet duration: -1024 / dts: 6150144 in stream 1 is out of range
[mp4 @ 0x91b010500] pts has no value
[mp4 @ 0x91b010500] Packet duration: -1024 / dts: 6152192 in stream 1 is out of range
[mp4 @ 0x91b010500] pts has no value
[mp4 @ 0x91b010500] Packet duration: -1024 / dts: 6153216 in stream 1 is out of range
[mp4 @ 0x91b010500] pts has no value
[mp4 @ 0x91b010500] Packet duration: -1024 / dts: 6155264 in stream 1 is out of range
[mp4 @ 0x91b010500] pts has no value
[mp4 @ 0x91b010500] Packet duration: -1024 / dts: 6156288 in stream 1 is out of range
[mp4 @ 0x91b010500] pts has no value
[mp4 @ 0x91b010500] Packet duration: -1024 / dts: 6158336 in stream 1 is out of range
[mp4 @ 0x91b010500] pts has no value
[mp4 @ 0x91b010500] Packet duration: -1024 / dts: 6160384 in stream 1 is out of range
[mp4 @ 0x91b010500] pts has no value
[mp4 @ 0x91b010500] Packet duration: -1024 / dts: 6161408 in stream 1 is out of range
[mp4 @ 0x91b010500] pts has no value
[mp4 @ 0x91b010500] Packet duration: -1024 / dts: 6163456 in stream 1 is out of range
[mp4 @ 0x91b010500] pts has no value
[mp4 @ 0x91b010500] Packet duration: -1024 / dts: 6164480 in stream 1 is out of range
[mp4 @ 0x91b010500] pts has no value
[mp4 @ 0x91b010500] Packet duration: -1024 / dts: 6166528 in stream 1 is out of range
[mp4 @ 0x91b010500] pts has no value
[mp4 @ 0x91b010500] Packet duration: -1024 / dts: 6167552 in stream 1 is out of range
[mp4 @ 0x91b010500] pts has no value
[mp4 @ 0x91b010500] Packet duration: -1024 / dts: 6169600 in stream 1 is out of range
[mp4 @ 0x91b010500] pts has no value
[mp4 @ 0x91b010500] Packet duration: -1024 / dts: 6170624 in stream 1 is out of range
[mp4 @ 0x91b010500] pts has no value
[mp4 @ 0x91b010500] Packet duration: -1024 / dts: 6172672 in stream 1 is out of range
[mp4 @ 0x91b010500] pts has no value
[mp4 @ 0x91b010500] Packet duration: -1024 / dts: 6174720 in stream 1 is out of range
[mp4 @ 0x91b010500] pts has no value
[mp4 @ 0x91b010500] Packet duration: -1024 / dts: 6175744 in stream 1 is out of range
[mp4 @ 0x91b010500] pts has no value
[mp4 @ 0x91b010500] Packet duration: -1024 / dts: 6177792 in stream 1 is out of range
[mp4 @ 0x91b010500] pts has no value
[mp4 @ 0x91b010500] Packet duration: -1024 / dts: 6178816 in stream 1 is out of range
[mp4 @ 0x91b010500] pts has no value
[mp4 @ 0x91b010500] Packet duration: -1024 / dts: 6180864 in stream 1 is out of range
[mp4 @ 0x91b010500] pts has no value
[mp4 @ 0x91b010500] Packet duration: -1024 / dts: 6181888 in stream 1 is out of range
[mp4 @ 0x91b010500] pts has no value
[mp4 @ 0x91b010500] Packet duration: -1024 / dts: 6183936 in stream 1 is out of range
[mp4 @ 0x91b010500] pts has no value
[mp4 @ 0x91b010500] Packet duration: -1024 / dts: 6185984 in stream 1 is out of range
[mp4 @ 0x91b010500] pts has no value
[mp4 @ 0x91b010500] Packet duration: -1024 / dts: 6187008 in stream 1 is out of range
[mp4 @ 0x91b010500] pts has no value
[mp4 @ 0x91b010500] Packet duration: -1024 / dts: 6189056 in stream 1 is out of range
[mp4 @ 0x91b010500] pts has no value
[mp4 @ 0x91b010500] Packet duration: -1024 / dts: 6190080 in stream 1 is out of range
[mp4 @ 0x91b010500] pts has no value
[mp4 @ 0x91b010500] Packet duration: -1024 / dts: 6192128 in stream 1 is out of range
[mp4 @ 0x91b010500] pts has no value
[mp4 @ 0x91b010500] Packet duration: -1024 / dts: 6193152 in stream 1 is out of range
[mp4 @ 0x91b010500] pts has no value
timestamp: 1981768 segment: 129:0 priority: 127
[2m2026-08-26T07:58:37.443809Z[0m [32m INFO[0m [2mmoq_transport::session::subscribed[0m[2m:[0m [PUBLISHER] serve_subgroup: completed subgroup (group_id=128, subgroup_id=0, 30 objects sent)
timestamp: 6194176 segment: 130:0 priority: 127
[mp4 @ 0x91b010500] Packet duration: -1024 / dts: 6195200 in stream 1 is out of range
[mp4 @ 0x91b010500] pts has no value
[mp4 @ 0x91b010500] Packet duration: -1024 / dts: 6196224 in stream 1 is out of range
[mp4 @ 0x91b010500] pts has no value
[mp4 @ 0x91b010500] Packet duration: -1024 / dts: 6198272 in stream 1 is out of range
[mp4 @ 0x91b010500] pts has no value
[mp4 @ 0x91b010500] Packet duration: -1024 / dts: 6200320 in stream 1 is out of range
[mp4 @ 0x91b010500] pts has no value
[mp4 @ 0x91b010500] Packet duration: -1024 / dts: 6201344 in stream 1 is out of range
[mp4 @ 0x91b010500] pts has no value
[mp4 @ 0x91b010500] Packet duration: -1024 / dts: 6203392 in stream 1 is out of range
[mp4 @ 0x91b010500] pts has no value
[mp4 @ 0x91b010500] Packet duration: -1024 / dts: 6204416 in stream 1 is out of range
[mp4 @ 0x91b010500] pts has no value
[mp4 @ 0x91b010500] Packet duration: -1024 / dts: 6206464 in stream 1 is out of range
[mp4 @ 0x91b010500] pts has no value
[mp4 @ 0x91b010500] Packet duration: -1024 / dts: 6207488 in stream 1 is out of range
[mp4 @ 0x91b010500] pts has no value
[mp4 @ 0x91b010500] Packet duration: -1024 / dts: 6209536 in stream 1 is out of range
[mp4 @ 0x91b010500] pts has no value
[mp4 @ 0x91b010500] Packet duration: -1024 / dts: 6211584 in stream 1 is out of range
[mp4 @ 0x91b010500] pts has no value
[mp4 @ 0x91b010500] Packet duration: -1024 / dts: 6212608 in stream 1 is out of range
[mp4 @ 0x91b010500] pts has no value
[mp4 @ 0x91b010500] Packet duration: -1024 / dts: 6214656 in stream 1 is out of range
[mp4 @ 0x91b010500] pts has no value
[mp4 @ 0x91b010500] Packet duration: -1024 / dts: 6215680 in stream 1 is out of range
[mp4 @ 0x91b010500] pts has no value
[mp4 @ 0x91b010500] Packet duration: -1024 / dts: 6217728 in stream 1 is out of range
[mp4 @ 0x91b010500] pts has no value
[mp4 @ 0x91b010500] Packet duration: -1024 / dts: 6218752 in stream 1 is out of range
[mp4 @ 0x91b010500] pts has no value
[mp4 @ 0x91b010500] Packet duration: -1024 / dts: 6220800 in stream 1 is out of range
[mp4 @ 0x91b010500] pts has no value
[mp4 @ 0x91b010500] Packet duration: -1024 / dts: 6221824 in stream 1 is out of range
[mp4 @ 0x91b010500] pts has no value
[mp4 @ 0x91b010500] Packet duration: -1024 / dts: 6223872 in stream 1 is out of range
[mp4 @ 0x91b010500] pts has no value
[mp4 @ 0x91b010500] Packet duration: -1024 / dts: 6225920 in stream 1 is out of range
[mp4 @ 0x91b010500] pts has no value
[mp4 @ 0x91b010500] Packet duration: -1024 / dts: 6226944 in stream 1 is out of range
[mp4 @ 0x91b010500] pts has no value
[mp4 @ 0x91b010500] Packet duration: -1024 / dts: 6228992 in stream 1 is out of range
[mp4 @ 0x91b010500] pts has no value
[mp4 @ 0x91b010500] Packet duration: -1024 / dts: 6230016 in stream 1 is out of range
[mp4 @ 0x91b010500] pts has no value
[mp4 @ 0x91b010500] Packet duration: -1024 / dts: 6232064 in stream 1 is out of range
[mp4 @ 0x91b010500] pts has no value
[mp4 @ 0x91b010500] Packet duration: -1024 / dts: 6233088 in stream 1 is out of range
[mp4 @ 0x91b010500] pts has no value
[mp4 @ 0x91b010500] Packet duration: -1024 / dts: 6235136 in stream 1 is out of range
[mp4 @ 0x91b010500] pts has no value
[mp4 @ 0x91b010500] Packet duration: -1024 / dts: 6237184 in stream 1 is out of range
[mp4 @ 0x91b010500] pts has no value
[mp4 @ 0x91b010500] Packet duration: -1024 / dts: 6238208 in stream 1 is out of range
[mp4 @ 0x91b010500] pts has no value
[mp4 @ 0x91b010500] Packet duration: -1024 / dts: 6240256 in stream 1 is out of range
[mp4 @ 0x91b010500] pts has no value
[mp4 @ 0x91b010500] Packet duration: -1024 / dts: 6241280 in stream 1 is out of range
[mp4 @ 0x91b010500] pts has no value
timestamp: 1997128 segment: 130:0 priority: 127
timestamp: 6242304 segment: 131:0 priority: 127
[2m2026-08-26T07:58:38.443348Z[0m [32m INFO[0m [2mmoq_transport::session::subscribed[0m[2m:[0m [PUBLISHER] serve_subgroup: completed subgroup (group_id=129, subgroup_id=0, 30 objects sent)
[mp4 @ 0x91b010500] Packet duration: -1024 / dts: 6243328 in stream 1 is out of range
[mp4 @ 0x91b010500] pts has no value
[mp4 @ 0x91b010500] Packet duration: -1024 / dts: 6244352 in stream 1 is out of range
[mp4 @ 0x91b010500] pts has no value
[mp4 @ 0x91b010500] Packet duration: -1024 / dts: 6246400 in stream 1 is out of range
[mp4 @ 0x91b010500] pts has no value
[mp4 @ 0x91b010500] Packet duration: -1024 / dts: 6247424 in stream 1 is out of range
[mp4 @ 0x91b010500] pts has no value
[mp4 @ 0x91b010500] Packet duration: -1024 / dts: 6249472 in stream 1 is out of range
[mp4 @ 0x91b010500] pts has no value
[mp4 @ 0x91b010500] Packet duration: -1024 / dts: 6251520 in stream 1 is out of range
[mp4 @ 0x91b010500] pts has no value
[mp4 @ 0x91b010500] Packet duration: -1024 / dts: 6252544 in stream 1 is out of range
[mp4 @ 0x91b010500] pts has no value
[mp4 @ 0x91b010500] Packet duration: -1024 / dts: 6254592 in stream 1 is out of range
[mp4 @ 0x91b010500] pts has no value
[mp4 @ 0x91b010500] Packet duration: -1024 / dts: 6255616 in stream 1 is out of range
[mp4 @ 0x91b010500] pts has no value
[mp4 @ 0x91b010500] Packet duration: -1024 / dts: 6257664 in stream 1 is out of range
[mp4 @ 0x91b010500] pts has no value
[mp4 @ 0x91b010500] Packet duration: -1024 / dts: 6258688 in stream 1 is out of range
[mp4 @ 0x91b010500] pts has no value
[mp4 @ 0x91b010500] Packet duration: -1024 / dts: 6260736 in stream 1 is out of range
[mp4 @ 0x91b010500] pts has no value
[mp4 @ 0x91b010500] Packet duration: -1024 / dts: 6262784 in stream 1 is out of range
[mp4 @ 0x91b010500] pts has no value
[mp4 @ 0x91b010500] Packet duration: -1024 / dts: 6263808 in stream 1 is out of range
[mp4 @ 0x91b010500] pts has no value
[mp4 @ 0x91b010500] Packet duration: -1024 / dts: 6265856 in stream 1 is out of range
[mp4 @ 0x91b010500] pts has no value
[mp4 @ 0x91b010500] Packet duration: -1024 / dts: 6266880 in stream 1 is out of range
[mp4 @ 0x91b010500] pts has no value
[mp4 @ 0x91b010500] Packet duration: -1024 / dts: 6268928 in stream 1 is out of range
[mp4 @ 0x91b010500] pts has no value
[mp4 @ 0x91b010500] Packet duration: -1024 / dts: 6269952 in stream 1 is out of range
[mp4 @ 0x91b010500] pts has no value
[mp4 @ 0x91b010500] Packet duration: -1024 / dts: 6272000 in stream 1 is out of range
[mp4 @ 0x91b010500] pts has no value
[mp4 @ 0x91b010500] Packet duration: -1024 / dts: 6273024 in stream 1 is out of range
[mp4 @ 0x91b010500] pts has no value
[mp4 @ 0x91b010500] Packet duration: -1024 / dts: 6275072 in stream 1 is out of range
[mp4 @ 0x91b010500] pts has no value
[mp4 @ 0x91b010500] Packet duration: -1024 / dts: 6277120 in stream 1 is out of range
[mp4 @ 0x91b010500] pts has no value
[mp4 @ 0x91b010500] Packet duration: -1024 / dts: 6278144 in stream 1 is out of range
[mp4 @ 0x91b010500] pts has no value
[mp4 @ 0x91b010500] Packet duration: -1024 / dts: 6280192 in stream 1 is out of range
[mp4 @ 0x91b010500] pts has no value
[mp4 @ 0x91b010500] Packet duration: -1024 / dts: 6281216 in stream 1 is out of range
[mp4 @ 0x91b010500] pts has no value
[mp4 @ 0x91b010500] Packet duration: -1024 / dts: 6283264 in stream 1 is out of range
[mp4 @ 0x91b010500] pts has no value
[mp4 @ 0x91b010500] Packet duration: -1024 / dts: 6284288 in stream 1 is out of range
[mp4 @ 0x91b010500] pts has no value
[mp4 @ 0x91b010500] Packet duration: -1024 / dts: 6286336 in stream 1 is out of range
[mp4 @ 0x91b010500] pts has no value
[mp4 @ 0x91b010500] Packet duration: -1024 / dts: 6288384 in stream 1 is out of range
[mp4 @ 0x91b010500] pts has no value
[mp4 @ 0x91b010500] Packet duration: -1024 / dts: 6289408 in stream 1 is out of range
[mp4 @ 0x91b010500] pts has no value
timestamp: 2012488 segment: 131:0 priority: 127
[2m2026-08-26T07:58:39.443963Z[0m [32m INFO[0m [2mmoq_transport::session::subscribed[0m[2m:[0m [PUBLISHER] serve_subgroup: completed subgroup (group_id=130, subgroup_id=0, 30 objects sent)
timestamp: 6290432 segment: 132:0 priority: 127
[mp4 @ 0x91b010500] Packet duration: -1024 / dts: 6291456 in stream 1 is out of range
[mp4 @ 0x91b010500] pts has no value
[mp4 @ 0x91b010500] Packet duration: -1024 / dts: 6292480 in stream 1 is out of range
[mp4 @ 0x91b010500] pts has no value
[mp4 @ 0x91b010500] Packet duration: -1024 / dts: 6294528 in stream 1 is out of range
[mp4 @ 0x91b010500] pts has no value
[mp4 @ 0x91b010500] Packet duration: -1024 / dts: 6295552 in stream 1 is out of range
[mp4 @ 0x91b010500] pts has no value
[mp4 @ 0x91b010500] Packet duration: -1024 / dts: 6297600 in stream 1 is out of range
[mp4 @ 0x91b010500] pts has no value
[mp4 @ 0x91b010500] Packet duration: -1024 / dts: 6298624 in stream 1 is out of range
[mp4 @ 0x91b010500] pts has no value
[mp4 @ 0x91b010500] Packet duration: -1024 / dts: 6300672 in stream 1 is out of range
[mp4 @ 0x91b010500] pts has no value
[mp4 @ 0x91b010500] Packet duration: -1024 / dts: 6302720 in stream 1 is out of range
[mp4 @ 0x91b010500] pts has no value
[mp4 @ 0x91b010500] Packet duration: -1024 / dts: 6303744 in stream 1 is out of range
[mp4 @ 0x91b010500] pts has no value
[mp4 @ 0x91b010500] Packet duration: -1024 / dts: 6305792 in stream 1 is out of range
[mp4 @ 0x91b010500] pts has no value
[mp4 @ 0x91b010500] Packet duration: -1024 / dts: 6306816 in stream 1 is out of range
[mp4 @ 0x91b010500] pts has no value
[mp4 @ 0x91b010500] Packet duration: -1024 / dts: 6308864 in stream 1 is out of range
[mp4 @ 0x91b010500] pts has no value
[mp4 @ 0x91b010500] Packet duration: -1024 / dts: 6309888 in stream 1 is out of range
[mp4 @ 0x91b010500] pts has no value
[mp4 @ 0x91b010500] Packet duration: -1024 / dts: 6311936 in stream 1 is out of range
[mp4 @ 0x91b010500] pts has no value
[mp4 @ 0x91b010500] Packet duration: -1024 / dts: 6313984 in stream 1 is out of range
[mp4 @ 0x91b010500] pts has no value
[mp4 @ 0x91b010500] Packet duration: -1024 / dts: 6315008 in stream 1 is out of range
[mp4 @ 0x91b010500] pts has no value
[mp4 @ 0x91b010500] Packet duration: -1024 / dts: 6317056 in stream 1 is out of range
[mp4 @ 0x91b010500] pts has no value
[mp4 @ 0x91b010500] Packet duration: -1024 / dts: 6318080 in stream 1 is out of range
[mp4 @ 0x91b010500] pts has no value
[mp4 @ 0x91b010500] Packet duration: -1024 / dts: 6320128 in stream 1 is out of range
[mp4 @ 0x91b010500] pts has no value
[mp4 @ 0x91b010500] Packet duration: -1024 / dts: 6321152 in stream 1 is out of range
[mp4 @ 0x91b010500] pts has no value
[mp4 @ 0x91b010500] Packet duration: -1024 / dts: 6323200 in stream 1 is out of range
[mp4 @ 0x91b010500] pts has no value
[mp4 @ 0x91b010500] Packet duration: -1024 / dts: 6324224 in stream 1 is out of range
[mp4 @ 0x91b010500] pts has no value
[mp4 @ 0x91b010500] Packet duration: -1024 / dts: 6326272 in stream 1 is out of range
[mp4 @ 0x91b010500] pts has no value
[mp4 @ 0x91b010500] Packet duration: -1024 / dts: 6328320 in stream 1 is out of range
[mp4 @ 0x91b010500] pts has no value
[mp4 @ 0x91b010500] Packet duration: -1024 / dts: 6329344 in stream 1 is out of range
[mp4 @ 0x91b010500] pts has no value
[mp4 @ 0x91b010500] Packet duration: -1024 / dts: 6331392 in stream 1 is out of range
[mp4 @ 0x91b010500] pts has no value
[mp4 @ 0x91b010500] Packet duration: -1024 / dts: 6332416 in stream 1 is out of range
[mp4 @ 0x91b010500] pts has no value
[mp4 @ 0x91b010500] Packet duration: -1024 / dts: 6334464 in stream 1 is out of range
[mp4 @ 0x91b010500] pts has no value
[mp4 @ 0x91b010500] Packet duration: -1024 / dts: 6335488 in stream 1 is out of range
[mp4 @ 0x91b010500] pts has no value
[mp4 @ 0x91b010500] Packet duration: -1024 / dts: 6337536 in stream 1 is out of range
[mp4 @ 0x91b010500] pts has no value
timestamp: 2027848 segment: 132:0 priority: 127
[2m2026-08-26T07:58:40.444464Z[0m [32m INFO[0m [2mmoq_transport::session::subscribed[0m[2m:[0m [PUBLISHER] serve_subgroup: completed subgroup (group_id=131, subgroup_id=0, 30 objects sent)
timestamp: 6338560 segment: 133:0 priority: 127
[mp4 @ 0x91b010500] Packet duration: -1024 / dts: 6339584 in stream 1 is out of range
[mp4 @ 0x91b010500] pts has no value
[mp4 @ 0x91b010500] Packet duration: -1024 / dts: 6340608 in stream 1 is out of range
[mp4 @ 0x91b010500] pts has no value
[mp4 @ 0x91b010500] Packet duration: -1024 / dts: 6342656 in stream 1 is out of range
[mp4 @ 0x91b010500] pts has no value
[mp4 @ 0x91b010500] Packet duration: -1024 / dts: 6343680 in stream 1 is out of range
[mp4 @ 0x91b010500] pts has no value
[mp4 @ 0x91b010500] Packet duration: -1024 / dts: 6345728 in stream 1 is out of range
[mp4 @ 0x91b010500] pts has no value
[mp4 @ 0x91b010500] Packet duration: -1024 / dts: 6346752 in stream 1 is out of range
[mp4 @ 0x91b010500] pts has no value
[mp4 @ 0x91b010500] Packet duration: -1024 / dts: 6348800 in stream 1 is out of range
[mp4 @ 0x91b010500] pts has no value
[mp4 @ 0x91b010500] Packet duration: -1024 / dts: 6349824 in stream 1 is out of range
[mp4 @ 0x91b010500] pts has no value
[mp4 @ 0x91b010500] Packet duration: -1024 / dts: 6351872 in stream 1 is out of range
[mp4 @ 0x91b010500] pts has no value
[mp4 @ 0x91b010500] Packet duration: -1024 / dts: 6353920 in stream 1 is out of range
[mp4 @ 0x91b010500] pts has no value
[mp4 @ 0x91b010500] Packet duration: -1024 / dts: 6354944 in stream 1 is out of range
[mp4 @ 0x91b010500] pts has no value
[mp4 @ 0x91b010500] Packet duration: -1024 / dts: 6356992 in stream 1 is out of range
[mp4 @ 0x91b010500] pts has no value
[mp4 @ 0x91b010500] Packet duration: -1024 / dts: 6358016 in stream 1 is out of range
[mp4 @ 0x91b010500] pts has no value
[mp4 @ 0x91b010500] Packet duration: -1024 / dts: 6360064 in stream 1 is out of range
[mp4 @ 0x91b010500] pts has no value
[mp4 @ 0x91b010500] Packet duration: -1024 / dts: 6361088 in stream 1 is out of range
[mp4 @ 0x91b010500] pts has no value
[mp4 @ 0x91b010500] Packet duration: -1024 / dts: 6363136 in stream 1 is out of range
[mp4 @ 0x91b010500] pts has no value
[mp4 @ 0x91b010500] Packet duration: -1024 / dts: 6365184 in stream 1 is out of range
[mp4 @ 0x91b010500] pts has no value
[mp4 @ 0x91b010500] Packet duration: -1024 / dts: 6366208 in stream 1 is out of range
[mp4 @ 0x91b010500] pts has no value
[mp4 @ 0x91b010500] Packet duration: -1024 / dts: 6368256 in stream 1 is out of range
[mp4 @ 0x91b010500] pts has no value
[mp4 @ 0x91b010500] Packet duration: -1024 / dts: 6369280 in stream 1 is out of range
[mp4 @ 0x91b010500] pts has no value
[mp4 @ 0x91b010500] Packet duration: -1024 / dts: 6371328 in stream 1 is out of range
[mp4 @ 0x91b010500] pts has no value
[mp4 @ 0x91b010500] Packet duration: -1024 / dts: 6372352 in stream 1 is out of range
[mp4 @ 0x91b010500] pts has no value
[mp4 @ 0x91b010500] Packet duration: -1024 / dts: 6374400 in stream 1 is out of range
[mp4 @ 0x91b010500] pts has no value
[mp4 @ 0x91b010500] Packet duration: -1024 / dts: 6375424 in stream 1 is out of range
[mp4 @ 0x91b010500] pts has no value
[mp4 @ 0x91b010500] Packet duration: -1024 / dts: 6377472 in stream 1 is out of range
[mp4 @ 0x91b010500] pts has no value
[mp4 @ 0x91b010500] Packet duration: -1024 / dts: 6379520 in stream 1 is out of range
[mp4 @ 0x91b010500] pts has no value
[mp4 @ 0x91b010500] Packet duration: -1024 / dts: 6380544 in stream 1 is out of range
[mp4 @ 0x91b010500] pts has no value
[mp4 @ 0x91b010500] Packet duration: -1024 / dts: 6382592 in stream 1 is out of range
[mp4 @ 0x91b010500] pts has no value
[mp4 @ 0x91b010500] Packet duration: -1024 / dts: 6383616 in stream 1 is out of range
[mp4 @ 0x91b010500] pts has no value
[mp4 @ 0x91b010500] Packet duration: -1024 / dts: 6385664 in stream 1 is out of range
[mp4 @ 0x91b010500] pts has no value
timestamp: 2043208 segment: 133:0 priority: 127
[2m2026-08-26T07:58:41.445342Z[0m [32m INFO[0m [2mmoq_transport::session::subscribed[0m[2m:[0m [PUBLISHER] serve_subgroup: completed subgroup (group_id=132, subgroup_id=0, 30 objects sent)
timestamp: 6386688 segment: 134:0 priority: 127
[mp4 @ 0x91b010500] Packet duration: -1024 / dts: 6386688 in stream 1 is out of range
[mp4 @ 0x91b010500] pts has no value
[mp4 @ 0x91b010500] Packet duration: -1024 / dts: 6388736 in stream 1 is out of range
[mp4 @ 0x91b010500] pts has no value
[mp4 @ 0x91b010500] Packet duration: -1024 / dts: 6390784 in stream 1 is out of range
[mp4 @ 0x91b010500] pts has no value
[mp4 @ 0x91b010500] Packet duration: -1024 / dts: 6391808 in stream 1 is out of range
[mp4 @ 0x91b010500] pts has no value
[mp4 @ 0x91b010500] Packet duration: -1024 / dts: 6393856 in stream 1 is out of range
[mp4 @ 0x91b010500] pts has no value
[mp4 @ 0x91b010500] Packet duration: -1024 / dts: 6394880 in stream 1 is out of range
[mp4 @ 0x91b010500] pts has no value
[mp4 @ 0x91b010500] Packet duration: -1024 / dts: 6396928 in stream 1 is out of range
[mp4 @ 0x91b010500] pts has no value
[mp4 @ 0x91b010500] Packet duration: -1024 / dts: 6397952 in stream 1 is out of range
[mp4 @ 0x91b010500] pts has no value
[mp4 @ 0x91b010500] Packet duration: -1024 / dts: 6400000 in stream 1 is out of range
[mp4 @ 0x91b010500] pts has no value
[mp4 @ 0x91b010500] Packet duration: -1024 / dts: 6401024 in stream 1 is out of range
[mp4 @ 0x91b010500] pts has no value
[mp4 @ 0x91b010500] Packet duration: -1024 / dts: 6403072 in stream 1 is out of range
[mp4 @ 0x91b010500] pts has no value
[mp4 @ 0x91b010500] Packet duration: -1024 / dts: 6405120 in stream 1 is out of range
[mp4 @ 0x91b010500] pts has no value
[mp4 @ 0x91b010500] Packet duration: -1024 / dts: 6406144 in stream 1 is out of range
[mp4 @ 0x91b010500] pts has no value
[mp4 @ 0x91b010500] Packet duration: -1024 / dts: 6408192 in stream 1 is out of range
[mp4 @ 0x91b010500] pts has no value
[mp4 @ 0x91b010500] Packet duration: -1024 / dts: 6409216 in stream 1 is out of range
[mp4 @ 0x91b010500] pts has no value
[mp4 @ 0x91b010500] Packet duration: -1024 / dts: 6411264 in stream 1 is out of range
[mp4 @ 0x91b010500] pts has no value
[mp4 @ 0x91b010500] Packet duration: -1024 / dts: 6412288 in stream 1 is out of range
[mp4 @ 0x91b010500] pts has no value
[mp4 @ 0x91b010500] Packet duration: -1024 / dts: 6414336 in stream 1 is out of range
[mp4 @ 0x91b010500] pts has no value
[mp4 @ 0x91b010500] Packet duration: -1024 / dts: 6416384 in stream 1 is out of range
[mp4 @ 0x91b010500] pts has no value
[mp4 @ 0x91b010500] Packet duration: -1024 / dts: 6417408 in stream 1 is out of range
[mp4 @ 0x91b010500] pts has no value
[mp4 @ 0x91b010500] Packet duration: -1024 / dts: 6419456 in stream 1 is out of range
[mp4 @ 0x91b010500] pts has no value
[mp4 @ 0x91b010500] Packet duration: -1024 / dts: 6420480 in stream 1 is out of range
[mp4 @ 0x91b010500] pts has no value
[mp4 @ 0x91b010500] Packet duration: -1024 / dts: 6422528 in stream 1 is out of range
[mp4 @ 0x91b010500] pts has no value
[mp4 @ 0x91b010500] Packet duration: -1024 / dts: 6423552 in stream 1 is out of range
[mp4 @ 0x91b010500] pts has no value
[mp4 @ 0x91b010500] Packet duration: -1024 / dts: 6425600 in stream 1 is out of range
[mp4 @ 0x91b010500] pts has no value
[mp4 @ 0x91b010500] Packet duration: -1024 / dts: 6426624 in stream 1 is out of range
[mp4 @ 0x91b010500] pts has no value
[mp4 @ 0x91b010500] Packet duration: -1024 / dts: 6428672 in stream 1 is out of range
[mp4 @ 0x91b010500] pts has no value
[mp4 @ 0x91b010500] Packet duration: -1024 / dts: 6430720 in stream 1 is out of range
[mp4 @ 0x91b010500] pts has no value
[mp4 @ 0x91b010500] Packet duration: -1024 / dts: 6431744 in stream 1 is out of range
[mp4 @ 0x91b010500] pts has no value
[mp4 @ 0x91b010500] Packet duration: -1024 / dts: 6433792 in stream 1 is out of range
[mp4 @ 0x91b010500] pts has no value
timestamp: 2058568 segment: 134:0 priority: 127
[2m2026-08-26T07:58:42.445869Z[0m [32m INFO[0m [2mmoq_transport::session::subscribed[0m[2m:[0m [PUBLISHER] serve_subgroup: completed subgroup (group_id=133, subgroup_id=0, 30 objects sent)
timestamp: 6434816 segment: 135:0 priority: 127
[mp4 @ 0x91b010500] Packet duration: -1024 / dts: 6434816 in stream 1 is out of range
[mp4 @ 0x91b010500] pts has no value
[mp4 @ 0x91b010500] Packet duration: -1024 / dts: 6436864 in stream 1 is out of range
[mp4 @ 0x91b010500] pts has no value
[mp4 @ 0x91b010500] Packet duration: -1024 / dts: 6437888 in stream 1 is out of range
[mp4 @ 0x91b010500] pts has no value
[mp4 @ 0x91b010500] Packet duration: -1024 / dts: 6439936 in stream 1 is out of range
[mp4 @ 0x91b010500] pts has no value
[mp4 @ 0x91b010500] Packet duration: -1024 / dts: 6441984 in stream 1 is out of range
[mp4 @ 0x91b010500] pts has no value
[mp4 @ 0x91b010500] Packet duration: -1024 / dts: 6443008 in stream 1 is out of range
[mp4 @ 0x91b010500] pts has no value
[mp4 @ 0x91b010500] Packet duration: -1024 / dts: 6445056 in stream 1 is out of range
[mp4 @ 0x91b010500] pts has no value
[mp4 @ 0x91b010500] Packet duration: -1024 / dts: 6446080 in stream 1 is out of range
[mp4 @ 0x91b010500] pts has no value
[mp4 @ 0x91b010500] Packet duration: -1024 / dts: 6448128 in stream 1 is out of range
[mp4 @ 0x91b010500] pts has no value
[mp4 @ 0x91b010500] Packet duration: -1024 / dts: 6449152 in stream 1 is out of range
[mp4 @ 0x91b010500] pts has no value
[mp4 @ 0x91b010500] Packet duration: -1024 / dts: 6451200 in stream 1 is out of range
[mp4 @ 0x91b010500] pts has no value
[mp4 @ 0x91b010500] Packet duration: -1024 / dts: 6452224 in stream 1 is out of range
[mp4 @ 0x91b010500] pts has no value
[mp4 @ 0x91b010500] Packet duration: -1024 / dts: 6454272 in stream 1 is out of range
[mp4 @ 0x91b010500] pts has no value
[mp4 @ 0x91b010500] Packet duration: -1024 / dts: 6456320 in stream 1 is out of range
[mp4 @ 0x91b010500] pts has no value
[mp4 @ 0x91b010500] Packet duration: -1024 / dts: 6457344 in stream 1 is out of range
[mp4 @ 0x91b010500] pts has no value
[mp4 @ 0x91b010500] Packet duration: -1024 / dts: 6459392 in stream 1 is out of range
[mp4 @ 0x91b010500] pts has no value
[mp4 @ 0x91b010500] Packet duration: -1024 / dts: 6460416 in stream 1 is out of range
[mp4 @ 0x91b010500] pts has no value
[mp4 @ 0x91b010500] Packet duration: -1024 / dts: 6462464 in stream 1 is out of range
[mp4 @ 0x91b010500] pts has no value
[mp4 @ 0x91b010500] Packet duration: -1024 / dts: 6463488 in stream 1 is out of range
[mp4 @ 0x91b010500] pts has no value
[mp4 @ 0x91b010500] Packet duration: -1024 / dts: 6465536 in stream 1 is out of range
[mp4 @ 0x91b010500] pts has no value
[mp4 @ 0x91b010500] Packet duration: -1024 / dts: 6467584 in stream 1 is out of range
[mp4 @ 0x91b010500] pts has no value
[mp4 @ 0x91b010500] Packet duration: -1024 / dts: 6468608 in stream 1 is out of range
[mp4 @ 0x91b010500] pts has no value
[mp4 @ 0x91b010500] Packet duration: -1024 / dts: 6470656 in stream 1 is out of range
[mp4 @ 0x91b010500] pts has no value
[mp4 @ 0x91b010500] Packet duration: -1024 / dts: 6471680 in stream 1 is out of range
[mp4 @ 0x91b010500] pts has no value
[mp4 @ 0x91b010500] Packet duration: -1024 / dts: 6473728 in stream 1 is out of range
[mp4 @ 0x91b010500] pts has no value
[mp4 @ 0x91b010500] Packet duration: -1024 / dts: 6474752 in stream 1 is out of range
[mp4 @ 0x91b010500] pts has no value
[mp4 @ 0x91b010500] Packet duration: -1024 / dts: 6476800 in stream 1 is out of range
[mp4 @ 0x91b010500] pts has no value
[mp4 @ 0x91b010500] Packet duration: -1024 / dts: 6477824 in stream 1 is out of range
[mp4 @ 0x91b010500] pts has no value
[mp4 @ 0x91b010500] Packet duration: -1024 / dts: 6479872 in stream 1 is out of range
[mp4 @ 0x91b010500] pts has no value
[mp4 @ 0x91b010500] Packet duration: -1024 / dts: 6481920 in stream 1 is out of range
[mp4 @ 0x91b010500] pts has no value
timestamp: 2073928 segment: 135:0 priority: 127
[2m2026-08-26T07:58:43.446320Z[0m [32m INFO[0m [2mmoq_transport::session::subscribed[0m[2m:[0m [PUBLISHER] serve_subgroup: completed subgroup (group_id=134, subgroup_id=0, 30 objects sent)
timestamp: 6482944 segment: 136:0 priority: 127
[mp4 @ 0x91b010500] Packet duration: -1024 / dts: 6482944 in stream 1 is out of range
[mp4 @ 0x91b010500] pts has no value
[mp4 @ 0x91b010500] Packet duration: -1024 / dts: 6484992 in stream 1 is out of range
[mp4 @ 0x91b010500] pts has no value
[mp4 @ 0x91b010500] Packet duration: -1024 / dts: 6486016 in stream 1 is out of range
[mp4 @ 0x91b010500] pts has no value
[mp4 @ 0x91b010500] Packet duration: -1024 / dts: 6488064 in stream 1 is out of range
[mp4 @ 0x91b010500] pts has no value
[mp4 @ 0x91b010500] Packet duration: -1024 / dts: 6489088 in stream 1 is out of range
[mp4 @ 0x91b010500] pts has no value
[mp4 @ 0x91b010500] Packet duration: -1024 / dts: 6491136 in stream 1 is out of range
[mp4 @ 0x91b010500] pts has no value
[mp4 @ 0x91b010500] Packet duration: -1024 / dts: 6493184 in stream 1 is out of range
[mp4 @ 0x91b010500] pts has no value
[mp4 @ 0x91b010500] Packet duration: -1024 / dts: 6494208 in stream 1 is out of range
[mp4 @ 0x91b010500] pts has no value
[mp4 @ 0x91b010500] Packet duration: -1024 / dts: 6496256 in stream 1 is out of range
[mp4 @ 0x91b010500] pts has no value
[mp4 @ 0x91b010500] Packet duration: -1024 / dts: 6497280 in stream 1 is out of range
[mp4 @ 0x91b010500] pts has no value
[mp4 @ 0x91b010500] Packet duration: -1024 / dts: 6499328 in stream 1 is out of range
[mp4 @ 0x91b010500] pts has no value
[mp4 @ 0x91b010500] Packet duration: -1024 / dts: 6500352 in stream 1 is out of range
[mp4 @ 0x91b010500] pts has no value
[mp4 @ 0x91b010500] Packet duration: -1024 / dts: 6502400 in stream 1 is out of range
[mp4 @ 0x91b010500] pts has no value
[mp4 @ 0x91b010500] Packet duration: -1024 / dts: 6503424 in stream 1 is out of range
[mp4 @ 0x91b010500] pts has no value
[mp4 @ 0x91b010500] Packet duration: -1024 / dts: 6505472 in stream 1 is out of range
[mp4 @ 0x91b010500] pts has no value
[mp4 @ 0x91b010500] Packet duration: -1024 / dts: 6507520 in stream 1 is out of range
[mp4 @ 0x91b010500] pts has no value
[mp4 @ 0x91b010500] Packet duration: -1024 / dts: 6508544 in stream 1 is out of range
[mp4 @ 0x91b010500] pts has no value
[mp4 @ 0x91b010500] Packet duration: -1024 / dts: 6510592 in stream 1 is out of range
[mp4 @ 0x91b010500] pts has no value
[mp4 @ 0x91b010500] Packet duration: -1024 / dts: 6511616 in stream 1 is out of range
[mp4 @ 0x91b010500] pts has no value
[mp4 @ 0x91b010500] Packet duration: -1024 / dts: 6513664 in stream 1 is out of range
[mp4 @ 0x91b010500] pts has no value
[mp4 @ 0x91b010500] Packet duration: -1024 / dts: 6514688 in stream 1 is out of range
[mp4 @ 0x91b010500] pts has no value
[mp4 @ 0x91b010500] Packet duration: -1024 / dts: 6516736 in stream 1 is out of range
[mp4 @ 0x91b010500] pts has no value
[mp4 @ 0x91b010500] Packet duration: -1024 / dts: 6518784 in stream 1 is out of range
[mp4 @ 0x91b010500] pts has no value
[mp4 @ 0x91b010500] Packet duration: -1024 / dts: 6519808 in stream 1 is out of range
[mp4 @ 0x91b010500] pts has no value
[mp4 @ 0x91b010500] Packet duration: -1024 / dts: 6521856 in stream 1 is out of range
[mp4 @ 0x91b010500] pts has no value
[mp4 @ 0x91b010500] Packet duration: -1024 / dts: 6522880 in stream 1 is out of range
[mp4 @ 0x91b010500] pts has no value
[mp4 @ 0x91b010500] Packet duration: -1024 / dts: 6524928 in stream 1 is out of range
[mp4 @ 0x91b010500] pts has no value
[mp4 @ 0x91b010500] Packet duration: -1024 / dts: 6525952 in stream 1 is out of range
[mp4 @ 0x91b010500] pts has no value
[mp4 @ 0x91b010500] Packet duration: -1024 / dts: 6528000 in stream 1 is out of range
[mp4 @ 0x91b010500] pts has no value
[mp4 @ 0x91b010500] Packet duration: -1024 / dts: 6529024 in stream 1 is out of range
[mp4 @ 0x91b010500] pts has no value
timestamp: 2089288 segment: 136:0 priority: 127
[2m2026-08-26T07:58:44.443924Z[0m [32m INFO[0m [2mmoq_transport::session::subscribed[0m[2m:[0m [PUBLISHER] serve_subgroup: completed subgroup (group_id=135, subgroup_id=0, 30 objects sent)
timestamp: 6530048 segment: 137:0 priority: 127
[mp4 @ 0x91b010500] Packet duration: -1024 / dts: 6531072 in stream 1 is out of range
[mp4 @ 0x91b010500] pts has no value
[mp4 @ 0x91b010500] Packet duration: -1024 / dts: 6533120 in stream 1 is out of range
[mp4 @ 0x91b010500] pts has no value
[mp4 @ 0x91b010500] Packet duration: -1024 / dts: 6534144 in stream 1 is out of range
[mp4 @ 0x91b010500] pts has no value
[mp4 @ 0x91b010500] Packet duration: -1024 / dts: 6536192 in stream 1 is out of range
[mp4 @ 0x91b010500] pts has no value
[mp4 @ 0x91b010500] Packet duration: -1024 / dts: 6537216 in stream 1 is out of range
[mp4 @ 0x91b010500] pts has no value
[mp4 @ 0x91b010500] Packet duration: -1024 / dts: 6539264 in stream 1 is out of range
[mp4 @ 0x91b010500] pts has no value
[mp4 @ 0x91b010500] Packet duration: -1024 / dts: 6540288 in stream 1 is out of range
[mp4 @ 0x91b010500] pts has no value
[mp4 @ 0x91b010500] Packet duration: -1024 / dts: 6542336 in stream 1 is out of range
[mp4 @ 0x91b010500] pts has no value
[mp4 @ 0x91b010500] Packet duration: -1024 / dts: 6544384 in stream 1 is out of range
[mp4 @ 0x91b010500] pts has no value
[mp4 @ 0x91b010500] Packet duration: -1024 / dts: 6545408 in stream 1 is out of range
[mp4 @ 0x91b010500] pts has no value
[mp4 @ 0x91b010500] Packet duration: -1024 / dts: 6547456 in stream 1 is out of range
[mp4 @ 0x91b010500] pts has no value
[mp4 @ 0x91b010500] Packet duration: -1024 / dts: 6548480 in stream 1 is out of range
[mp4 @ 0x91b010500] pts has no value
[mp4 @ 0x91b010500] Packet duration: -1024 / dts: 6550528 in stream 1 is out of range
[mp4 @ 0x91b010500] pts has no value
[mp4 @ 0x91b010500] Packet duration: -1024 / dts: 6551552 in stream 1 is out of range
[mp4 @ 0x91b010500] pts has no value
[mp4 @ 0x91b010500] Packet duration: -1024 / dts: 6553600 in stream 1 is out of range
[mp4 @ 0x91b010500] pts has no value
[mp4 @ 0x91b010500] Packet duration: -1024 / dts: 6554624 in stream 1 is out of range
[mp4 @ 0x91b010500] pts has no value
[mp4 @ 0x91b010500] Packet duration: -1024 / dts: 6556672 in stream 1 is out of range
[mp4 @ 0x91b010500] pts has no value
[mp4 @ 0x91b010500] Packet duration: -1024 / dts: 6558720 in stream 1 is out of range
[mp4 @ 0x91b010500] pts has no value
[mp4 @ 0x91b010500] Packet duration: -1024 / dts: 6559744 in stream 1 is out of range
[mp4 @ 0x91b010500] pts has no value
[mp4 @ 0x91b010500] Packet duration: -1024 / dts: 6561792 in stream 1 is out of range
[mp4 @ 0x91b010500] pts has no value
[mp4 @ 0x91b010500] Packet duration: -1024 / dts: 6562816 in stream 1 is out of range
[mp4 @ 0x91b010500] pts has no value
[mp4 @ 0x91b010500] Packet duration: -1024 / dts: 6564864 in stream 1 is out of range
[mp4 @ 0x91b010500] pts has no value
[mp4 @ 0x91b010500] Packet duration: -1024 / dts: 6565888 in stream 1 is out of range
[mp4 @ 0x91b010500] pts has no value
[mp4 @ 0x91b010500] Packet duration: -1024 / dts: 6567936 in stream 1 is out of range
[mp4 @ 0x91b010500] pts has no value
[mp4 @ 0x91b010500] Packet duration: -1024 / dts: 6569984 in stream 1 is out of range
[mp4 @ 0x91b010500] pts has no value
[mp4 @ 0x91b010500] Packet duration: -1024 / dts: 6571008 in stream 1 is out of range
[mp4 @ 0x91b010500] pts has no value
[mp4 @ 0x91b010500] Packet duration: -1024 / dts: 6573056 in stream 1 is out of range
[mp4 @ 0x91b010500] pts has no value
[mp4 @ 0x91b010500] Packet duration: -1024 / dts: 6574080 in stream 1 is out of range
[mp4 @ 0x91b010500] pts has no value
[mp4 @ 0x91b010500] Packet duration: -1024 / dts: 6576128 in stream 1 is out of range
[mp4 @ 0x91b010500] pts has no value
[mp4 @ 0x91b010500] Packet duration: -1024 / dts: 6577152 in stream 1 is out of range
[mp4 @ 0x91b010500] pts has no value
timestamp: 2104648 segment: 137:0 priority: 127
timestamp: 6578176 segment: 138:0 priority: 127
[2m2026-08-26T07:58:45.443961Z[0m [32m INFO[0m [2mmoq_transport::session::subscribed[0m[2m:[0m [PUBLISHER] serve_subgroup: completed subgroup (group_id=136, subgroup_id=0, 30 objects sent)
[mp4 @ 0x91b010500] Packet duration: -1024 / dts: 6579200 in stream 1 is out of range
[mp4 @ 0x91b010500] pts has no value
[mp4 @ 0x91b010500] Packet duration: -1024 / dts: 6580224 in stream 1 is out of range
[mp4 @ 0x91b010500] pts has no value
[mp4 @ 0x91b010500] Packet duration: -1024 / dts: 6582272 in stream 1 is out of range
[mp4 @ 0x91b010500] pts has no value
[mp4 @ 0x91b010500] Packet duration: -1024 / dts: 6584320 in stream 1 is out of range
[mp4 @ 0x91b010500] pts has no value
[mp4 @ 0x91b010500] Packet duration: -1024 / dts: 6585344 in stream 1 is out of range
[mp4 @ 0x91b010500] pts has no value
[mp4 @ 0x91b010500] Packet duration: -1024 / dts: 6587392 in stream 1 is out of range
[mp4 @ 0x91b010500] pts has no value
[mp4 @ 0x91b010500] Packet duration: -1024 / dts: 6588416 in stream 1 is out of range
[mp4 @ 0x91b010500] pts has no value
[mp4 @ 0x91b010500] Packet duration: -1024 / dts: 6590464 in stream 1 is out of range
[mp4 @ 0x91b010500] pts has no value
[mp4 @ 0x91b010500] Packet duration: -1024 / dts: 6591488 in stream 1 is out of range
[mp4 @ 0x91b010500] pts has no value
[mp4 @ 0x91b010500] Packet duration: -1024 / dts: 6593536 in stream 1 is out of range
[mp4 @ 0x91b010500] pts has no value
[mp4 @ 0x91b010500] Packet duration: -1024 / dts: 6595584 in stream 1 is out of range
[mp4 @ 0x91b010500] pts has no value
[mp4 @ 0x91b010500] Packet duration: -1024 / dts: 6596608 in stream 1 is out of range
[mp4 @ 0x91b010500] pts has no value
[mp4 @ 0x91b010500] Packet duration: -1024 / dts: 6598656 in stream 1 is out of range
[mp4 @ 0x91b010500] pts has no value
[mp4 @ 0x91b010500] Packet duration: -1024 / dts: 6599680 in stream 1 is out of range
[mp4 @ 0x91b010500] pts has no value
[mp4 @ 0x91b010500] Packet duration: -1024 / dts: 6601728 in stream 1 is out of range
[mp4 @ 0x91b010500] pts has no value
[mp4 @ 0x91b010500] Packet duration: -1024 / dts: 6602752 in stream 1 is out of range
[mp4 @ 0x91b010500] pts has no value
[mp4 @ 0x91b010500] Packet duration: -1024 / dts: 6604800 in stream 1 is out of range
[mp4 @ 0x91b010500] pts has no value
[mp4 @ 0x91b010500] Packet duration: -1024 / dts: 6605824 in stream 1 is out of range
[mp4 @ 0x91b010500] pts has no value
[mp4 @ 0x91b010500] Packet duration: -1024 / dts: 6607872 in stream 1 is out of range
[mp4 @ 0x91b010500] pts has no value
[mp4 @ 0x91b010500] Packet duration: -1024 / dts: 6609920 in stream 1 is out of range
[mp4 @ 0x91b010500] pts has no value
[mp4 @ 0x91b010500] Packet duration: -1024 / dts: 6610944 in stream 1 is out of range
[mp4 @ 0x91b010500] pts has no value
[mp4 @ 0x91b010500] Packet duration: -1024 / dts: 6612992 in stream 1 is out of range
[mp4 @ 0x91b010500] pts has no value
[mp4 @ 0x91b010500] Packet duration: -1024 / dts: 6614016 in stream 1 is out of range
[mp4 @ 0x91b010500] pts has no value
[mp4 @ 0x91b010500] Packet duration: -1024 / dts: 6616064 in stream 1 is out of range
[mp4 @ 0x91b010500] pts has no value
[mp4 @ 0x91b010500] Packet duration: -1024 / dts: 6617088 in stream 1 is out of range
[mp4 @ 0x91b010500] pts has no value
[mp4 @ 0x91b010500] Packet duration: -1024 / dts: 6619136 in stream 1 is out of range
[mp4 @ 0x91b010500] pts has no value
[mp4 @ 0x91b010500] Packet duration: -1024 / dts: 6621184 in stream 1 is out of range
[mp4 @ 0x91b010500] pts has no value
[mp4 @ 0x91b010500] Packet duration: -1024 / dts: 6622208 in stream 1 is out of range
[mp4 @ 0x91b010500] pts has no value
[mp4 @ 0x91b010500] Packet duration: -1024 / dts: 6624256 in stream 1 is out of range
[mp4 @ 0x91b010500] pts has no value
[mp4 @ 0x91b010500] Packet duration: -1024 / dts: 6625280 in stream 1 is out of range
[mp4 @ 0x91b010500] pts has no value
timestamp: 2120008 segment: 138:0 priority: 127
[2m2026-08-26T07:58:46.443598Z[0m [32m INFO[0m [2mmoq_transport::session::subscribed[0m[2m:[0m [PUBLISHER] serve_subgroup: completed subgroup (group_id=137, subgroup_id=0, 30 objects sent)
timestamp: 6626304 segment: 139:0 priority: 127
[mp4 @ 0x91b010500] Packet duration: -1024 / dts: 6627328 in stream 1 is out of range
[mp4 @ 0x91b010500] pts has no value
[mp4 @ 0x91b010500] Packet duration: -1024 / dts: 6628352 in stream 1 is out of range
[mp4 @ 0x91b010500] pts has no value
[mp4 @ 0x91b010500] Packet duration: -1024 / dts: 6630400 in stream 1 is out of range
[mp4 @ 0x91b010500] pts has no value
[mp4 @ 0x91b010500] Packet duration: -1024 / dts: 6631424 in stream 1 is out of range
[mp4 @ 0x91b010500] pts has no value
[mp4 @ 0x91b010500] Packet duration: -1024 / dts: 6633472 in stream 1 is out of range
[mp4 @ 0x91b010500] pts has no value
[mp4 @ 0x91b010500] Packet duration: -1024 / dts: 6635520 in stream 1 is out of range
[mp4 @ 0x91b010500] pts has no value
[mp4 @ 0x91b010500] Packet duration: -1024 / dts: 6636544 in stream 1 is out of range
[mp4 @ 0x91b010500] pts has no value
[mp4 @ 0x91b010500] Packet duration: -1024 / dts: 6638592 in stream 1 is out of range
[mp4 @ 0x91b010500] pts has no value
[mp4 @ 0x91b010500] Packet duration: -1024 / dts: 6639616 in stream 1 is out of range
[mp4 @ 0x91b010500] pts has no value
[mp4 @ 0x91b010500] Packet duration: -1024 / dts: 6641664 in stream 1 is out of range
[mp4 @ 0x91b010500] pts has no value
[mp4 @ 0x91b010500] Packet duration: -1024 / dts: 6642688 in stream 1 is out of range
[mp4 @ 0x91b010500] pts has no value
[mp4 @ 0x91b010500] Packet duration: -1024 / dts: 6644736 in stream 1 is out of range
[mp4 @ 0x91b010500] pts has no value
[mp4 @ 0x91b010500] Packet duration: -1024 / dts: 6646784 in stream 1 is out of range
[mp4 @ 0x91b010500] pts has no value
[mp4 @ 0x91b010500] Packet duration: -1024 / dts: 6647808 in stream 1 is out of range
[mp4 @ 0x91b010500] pts has no value
[mp4 @ 0x91b010500] Packet duration: -1024 / dts: 6649856 in stream 1 is out of range
[mp4 @ 0x91b010500] pts has no value
[mp4 @ 0x91b010500] Packet duration: -1024 / dts: 6650880 in stream 1 is out of range
[mp4 @ 0x91b010500] pts has no value
[mp4 @ 0x91b010500] Packet duration: -1024 / dts: 6652928 in stream 1 is out of range
[mp4 @ 0x91b010500] pts has no value
[mp4 @ 0x91b010500] Packet duration: -1024 / dts: 6653952 in stream 1 is out of range
[mp4 @ 0x91b010500] pts has no value
[mp4 @ 0x91b010500] Packet duration: -1024 / dts: 6656000 in stream 1 is out of range
[mp4 @ 0x91b010500] pts has no value
[mp4 @ 0x91b010500] Packet duration: -1024 / dts: 6657024 in stream 1 is out of range
[mp4 @ 0x91b010500] pts has no value
[mp4 @ 0x91b010500] Packet duration: -1024 / dts: 6659072 in stream 1 is out of range
[mp4 @ 0x91b010500] pts has no value
[mp4 @ 0x91b010500] Packet duration: -1024 / dts: 6661120 in stream 1 is out of range
[mp4 @ 0x91b010500] pts has no value
[mp4 @ 0x91b010500] Packet duration: -1024 / dts: 6662144 in stream 1 is out of range
[mp4 @ 0x91b010500] pts has no value
[mp4 @ 0x91b010500] Packet duration: -1024 / dts: 6664192 in stream 1 is out of range
[mp4 @ 0x91b010500] pts has no value
[mp4 @ 0x91b010500] Packet duration: -1024 / dts: 6665216 in stream 1 is out of range
[mp4 @ 0x91b010500] pts has no value
[mp4 @ 0x91b010500] Packet duration: -1024 / dts: 6667264 in stream 1 is out of range
[mp4 @ 0x91b010500] pts has no value
[mp4 @ 0x91b010500] Packet duration: -1024 / dts: 6668288 in stream 1 is out of range
[mp4 @ 0x91b010500] pts has no value
[mp4 @ 0x91b010500] Packet duration: -1024 / dts: 6670336 in stream 1 is out of range
[mp4 @ 0x91b010500] pts has no value
[mp4 @ 0x91b010500] Packet duration: -1024 / dts: 6672384 in stream 1 is out of range
[mp4 @ 0x91b010500] pts has no value
[mp4 @ 0x91b010500] Packet duration: -1024 / dts: 6673408 in stream 1 is out of range
[mp4 @ 0x91b010500] pts has no value
timestamp: 2135368 segment: 139:0 priority: 127
[2m2026-08-26T07:58:47.444022Z[0m [32m INFO[0m [2mmoq_transport::session::subscribed[0m[2m:[0m [PUBLISHER] serve_subgroup: completed subgroup (group_id=138, subgroup_id=0, 30 objects sent)
timestamp: 6674432 segment: 140:0 priority: 127
[mp4 @ 0x91b010500] Packet duration: -1024 / dts: 6675456 in stream 1 is out of range
[mp4 @ 0x91b010500] pts has no value
[mp4 @ 0x91b010500] Packet duration: -1024 / dts: 6676480 in stream 1 is out of range
[mp4 @ 0x91b010500] pts has no value
[mp4 @ 0x91b010500] Packet duration: -1024 / dts: 6678528 in stream 1 is out of range
[mp4 @ 0x91b010500] pts has no value
[mp4 @ 0x91b010500] Packet duration: -1024 / dts: 6679552 in stream 1 is out of range
[mp4 @ 0x91b010500] pts has no value
[mp4 @ 0x91b010500] Packet duration: -1024 / dts: 6681600 in stream 1 is out of range
[mp4 @ 0x91b010500] pts has no value
[mp4 @ 0x91b010500] Packet duration: -1024 / dts: 6682624 in stream 1 is out of range
[mp4 @ 0x91b010500] pts has no value
[mp4 @ 0x91b010500] Packet duration: -1024 / dts: 6684672 in stream 1 is out of range
[mp4 @ 0x91b010500] pts has no value
[mp4 @ 0x91b010500] Packet duration: -1024 / dts: 6686720 in stream 1 is out of range
[mp4 @ 0x91b010500] pts has no value
[mp4 @ 0x91b010500] Packet duration: -1024 / dts: 6687744 in stream 1 is out of range
[mp4 @ 0x91b010500] pts has no value
[mp4 @ 0x91b010500] Packet duration: -1024 / dts: 6689792 in stream 1 is out of range
[mp4 @ 0x91b010500] pts has no value
[mp4 @ 0x91b010500] Packet duration: -1024 / dts: 6690816 in stream 1 is out of range
[mp4 @ 0x91b010500] pts has no value
[mp4 @ 0x91b010500] Packet duration: -1024 / dts: 6692864 in stream 1 is out of range
[mp4 @ 0x91b010500] pts has no value
[mp4 @ 0x91b010500] Packet duration: -1024 / dts: 6693888 in stream 1 is out of range
[mp4 @ 0x91b010500] pts has no value
[mp4 @ 0x91b010500] Packet duration: -1024 / dts: 6695936 in stream 1 is out of range
[mp4 @ 0x91b010500] pts has no value
[mp4 @ 0x91b010500] Packet duration: -1024 / dts: 6697984 in stream 1 is out of range
[mp4 @ 0x91b010500] pts has no value
[mp4 @ 0x91b010500] Packet duration: -1024 / dts: 6699008 in stream 1 is out of range
[mp4 @ 0x91b010500] pts has no value
[mp4 @ 0x91b010500] Packet duration: -1024 / dts: 6701056 in stream 1 is out of range
[mp4 @ 0x91b010500] pts has no value
[mp4 @ 0x91b010500] Packet duration: -1024 / dts: 6702080 in stream 1 is out of range
[mp4 @ 0x91b010500] pts has no value
[mp4 @ 0x91b010500] Packet duration: -1024 / dts: 6704128 in stream 1 is out of range
[mp4 @ 0x91b010500] pts has no value
[mp4 @ 0x91b010500] Packet duration: -1024 / dts: 6705152 in stream 1 is out of range
[mp4 @ 0x91b010500] pts has no value
[mp4 @ 0x91b010500] Packet duration: -1024 / dts: 6707200 in stream 1 is out of range
[mp4 @ 0x91b010500] pts has no value
[mp4 @ 0x91b010500] Packet duration: -1024 / dts: 6708224 in stream 1 is out of range
[mp4 @ 0x91b010500] pts has no value
[mp4 @ 0x91b010500] Packet duration: -1024 / dts: 6710272 in stream 1 is out of range
[mp4 @ 0x91b010500] pts has no value
[mp4 @ 0x91b010500] Packet duration: -1024 / dts: 6712320 in stream 1 is out of range
[mp4 @ 0x91b010500] pts has no value
[mp4 @ 0x91b010500] Packet duration: -1024 / dts: 6713344 in stream 1 is out of range
[mp4 @ 0x91b010500] pts has no value
[mp4 @ 0x91b010500] Packet duration: -1024 / dts: 6715392 in stream 1 is out of range
[mp4 @ 0x91b010500] pts has no value
[mp4 @ 0x91b010500] Packet duration: -1024 / dts: 6716416 in stream 1 is out of range
[mp4 @ 0x91b010500] pts has no value
[mp4 @ 0x91b010500] Packet duration: -1024 / dts: 6718464 in stream 1 is out of range
[mp4 @ 0x91b010500] pts has no value
[mp4 @ 0x91b010500] Packet duration: -1024 / dts: 6719488 in stream 1 is out of range
[mp4 @ 0x91b010500] pts has no value
[mp4 @ 0x91b010500] Packet duration: -1024 / dts: 6721536 in stream 1 is out of range
[mp4 @ 0x91b010500] pts has no value
timestamp: 2150728 segment: 140:0 priority: 127
[2m2026-08-26T07:58:48.443350Z[0m [32m INFO[0m [2mmoq_transport::session::subscribed[0m[2m:[0m [PUBLISHER] serve_subgroup: completed subgroup (group_id=139, subgroup_id=0, 30 objects sent)
timestamp: 6722560 segment: 141:0 priority: 127
[mp4 @ 0x91b010500] Packet duration: -1024 / dts: 6723584 in stream 1 is out of range
[mp4 @ 0x91b010500] pts has no value
[mp4 @ 0x91b010500] Packet duration: -1024 / dts: 6724608 in stream 1 is out of range
[mp4 @ 0x91b010500] pts has no value
[mp4 @ 0x91b010500] Packet duration: -1024 / dts: 6726656 in stream 1 is out of range
[mp4 @ 0x91b010500] pts has no value
[mp4 @ 0x91b010500] Packet duration: -1024 / dts: 6727680 in stream 1 is out of range
[mp4 @ 0x91b010500] pts has no value
[mp4 @ 0x91b010500] Packet duration: -1024 / dts: 6729728 in stream 1 is out of range
[mp4 @ 0x91b010500] pts has no value
[mp4 @ 0x91b010500] Packet duration: -1024 / dts: 6730752 in stream 1 is out of range
[mp4 @ 0x91b010500] pts has no value
[mp4 @ 0x91b010500] Packet duration: -1024 / dts: 6732800 in stream 1 is out of range
[mp4 @ 0x91b010500] pts has no value
[mp4 @ 0x91b010500] Packet duration: -1024 / dts: 6733824 in stream 1 is out of range
[mp4 @ 0x91b010500] pts has no value
[mp4 @ 0x91b010500] Packet duration: -1024 / dts: 6735872 in stream 1 is out of range
[mp4 @ 0x91b010500] pts has no value
[mp4 @ 0x91b010500] Packet duration: -1024 / dts: 6737920 in stream 1 is out of range
[mp4 @ 0x91b010500] pts has no value
[mp4 @ 0x91b010500] Packet duration: -1024 / dts: 6738944 in stream 1 is out of range
[mp4 @ 0x91b010500] pts has no value
[mp4 @ 0x91b010500] Packet duration: -1024 / dts: 6740992 in stream 1 is out of range
[mp4 @ 0x91b010500] pts has no value
[mp4 @ 0x91b010500] Packet duration: -1024 / dts: 6742016 in stream 1 is out of range
[mp4 @ 0x91b010500] pts has no value
[mp4 @ 0x91b010500] Packet duration: -1024 / dts: 6744064 in stream 1 is out of range
[mp4 @ 0x91b010500] pts has no value
[mp4 @ 0x91b010500] Packet duration: -1024 / dts: 6745088 in stream 1 is out of range
[mp4 @ 0x91b010500] pts has no value
[mp4 @ 0x91b010500] Packet duration: -1024 / dts: 6747136 in stream 1 is out of range
[mp4 @ 0x91b010500] pts has no value
[mp4 @ 0x91b010500] Packet duration: -1024 / dts: 6749184 in stream 1 is out of range
[mp4 @ 0x91b010500] pts has no value
[mp4 @ 0x91b010500] Packet duration: -1024 / dts: 6750208 in stream 1 is out of range
[mp4 @ 0x91b010500] pts has no value
[mp4 @ 0x91b010500] Packet duration: -1024 / dts: 6752256 in stream 1 is out of range
[mp4 @ 0x91b010500] pts has no value
[2m2026-08-26T07:58:49.076558Z[0m [33m WARN[0m [2mmoq_transport::session::publisher[0m[2m:[0m failed serving subscribe: SubscribeInfo { id: 7, track_namespace: /elektron-shim-test, track_name: "0.mp4", subscriber_priority: 127, group_order: Publisher, forward: true, filter_type: LargestObject, start_location: None, end_group_id: None, params: {  }, track_status: false }, error: serve error: cancelled
[mp4 @ 0x91b010500] Packet duration: -1024 / dts: 6753280 in stream 1 is out of range
[mp4 @ 0x91b010500] pts has no value
[mp4 @ 0x91b010500] Packet duration: -1024 / dts: 6755328 in stream 1 is out of range
[mp4 @ 0x91b010500] pts has no value
[mp4 @ 0x91b010500] Packet duration: -1024 / dts: 6756352 in stream 1 is out of range
[mp4 @ 0x91b010500] pts has no value
[mp4 @ 0x91b010500] Packet duration: -1024 / dts: 6758400 in stream 1 is out of range
[mp4 @ 0x91b010500] pts has no value
[mp4 @ 0x91b010500] Packet duration: -1024 / dts: 6759424 in stream 1 is out of range
[mp4 @ 0x91b010500] pts has no value
[mp4 @ 0x91b010500] Packet duration: -1024 / dts: 6761472 in stream 1 is out of range
[mp4 @ 0x91b010500] pts has no value
[mp4 @ 0x91b010500] Packet duration: -1024 / dts: 6763520 in stream 1 is out of range
[mp4 @ 0x91b010500] pts has no value
[mp4 @ 0x91b010500] Packet duration: -1024 / dts: 6764544 in stream 1 is out of range
[mp4 @ 0x91b010500] pts has no value
[mp4 @ 0x91b010500] Packet duration: -1024 / dts: 6766592 in stream 1 is out of range
[mp4 @ 0x91b010500] pts has no value
[mp4 @ 0x91b010500] Packet duration: -1024 / dts: 6767616 in stream 1 is out of range
[mp4 @ 0x91b010500] pts has no value
[mp4 @ 0x91b010500] Packet duration: -1024 / dts: 6769664 in stream 1 is out of range
[mp4 @ 0x91b010500] pts has no value
timestamp: 2166088 segment: 141:0 priority: 127
[2m2026-08-26T07:58:49.445523Z[0m [32m INFO[0m [2mmoq_transport::session::subscribed[0m[2m:[0m [PUBLISHER] serve_subgroup: completed subgroup (group_id=140, subgroup_id=0, 30 objects sent)
timestamp: 6770688 segment: 142:0 priority: 127
[mp4 @ 0x91b010500] Packet duration: -1024 / dts: 6770688 in stream 1 is out of range
[mp4 @ 0x91b010500] pts has no value
[mp4 @ 0x91b010500] Packet duration: -1024 / dts: 6772736 in stream 1 is out of range
[mp4 @ 0x91b010500] pts has no value
[mp4 @ 0x91b010500] Packet duration: -1024 / dts: 6774784 in stream 1 is out of range
[mp4 @ 0x91b010500] pts has no value
[mp4 @ 0x91b010500] Packet duration: -1024 / dts: 6775808 in stream 1 is out of range
[mp4 @ 0x91b010500] pts has no value
[mp4 @ 0x91b010500] Packet duration: -1024 / dts: 6777856 in stream 1 is out of range
[mp4 @ 0x91b010500] pts has no value
[mp4 @ 0x91b010500] Packet duration: -1024 / dts: 6778880 in stream 1 is out of range
[mp4 @ 0x91b010500] pts has no value
[mp4 @ 0x91b010500] Packet duration: -1024 / dts: 6780928 in stream 1 is out of range
[mp4 @ 0x91b010500] pts has no value
[mp4 @ 0x91b010500] Packet duration: -1024 / dts: 6781952 in stream 1 is out of range
[mp4 @ 0x91b010500] pts has no value
[mp4 @ 0x91b010500] Packet duration: -1024 / dts: 6784000 in stream 1 is out of range
[mp4 @ 0x91b010500] pts has no value
[mp4 @ 0x91b010500] Packet duration: -1024 / dts: 6785024 in stream 1 is out of range
[mp4 @ 0x91b010500] pts has no value
[mp4 @ 0x91b010500] Packet duration: -1024 / dts: 6787072 in stream 1 is out of range
[mp4 @ 0x91b010500] pts has no value
[mp4 @ 0x91b010500] Packet duration: -1024 / dts: 6789120 in stream 1 is out of range
[mp4 @ 0x91b010500] pts has no value
[mp4 @ 0x91b010500] Packet duration: -1024 / dts: 6790144 in stream 1 is out of range
[mp4 @ 0x91b010500] pts has no value
[mp4 @ 0x91b010500] Packet duration: -1024 / dts: 6792192 in stream 1 is out of range
[mp4 @ 0x91b010500] pts has no value
[mp4 @ 0x91b010500] Packet duration: -1024 / dts: 6793216 in stream 1 is out of range
[mp4 @ 0x91b010500] pts has no value
[mp4 @ 0x91b010500] Packet duration: -1024 / dts: 6795264 in stream 1 is out of range
[mp4 @ 0x91b010500] pts has no value
[mp4 @ 0x91b010500] Packet duration: -1024 / dts: 6796288 in stream 1 is out of range
[mp4 @ 0x91b010500] pts has no value
[mp4 @ 0x91b010500] Packet duration: -1024 / dts: 6798336 in stream 1 is out of range
[mp4 @ 0x91b010500] pts has no value
[mp4 @ 0x91b010500] Packet duration: -1024 / dts: 6800384 in stream 1 is out of range
[mp4 @ 0x91b010500] pts has no value
[mp4 @ 0x91b010500] Packet duration: -1024 / dts: 6801408 in stream 1 is out of range
[mp4 @ 0x91b010500] pts has no value
[mp4 @ 0x91b010500] Packet duration: -1024 / dts: 6803456 in stream 1 is out of range
[mp4 @ 0x91b010500] pts has no value
[mp4 @ 0x91b010500] Packet duration: -1024 / dts: 6804480 in stream 1 is out of range
[mp4 @ 0x91b010500] pts has no value
[mp4 @ 0x91b010500] Packet duration: -1024 / dts: 6806528 in stream 1 is out of range
[mp4 @ 0x91b010500] pts has no value
[mp4 @ 0x91b010500] Packet duration: -1024 / dts: 6807552 in stream 1 is out of range
[mp4 @ 0x91b010500] pts has no value
[mp4 @ 0x91b010500] Packet duration: -1024 / dts: 6809600 in stream 1 is out of range
[mp4 @ 0x91b010500] pts has no value
[mp4 @ 0x91b010500] Packet duration: -1024 / dts: 6810624 in stream 1 is out of range
[mp4 @ 0x91b010500] pts has no value
[mp4 @ 0x91b010500] Packet duration: -1024 / dts: 6812672 in stream 1 is out of range
[mp4 @ 0x91b010500] pts has no value
[mp4 @ 0x91b010500] Packet duration: -1024 / dts: 6814720 in stream 1 is out of range
[mp4 @ 0x91b010500] pts has no value
[mp4 @ 0x91b010500] Packet duration: -1024 / dts: 6815744 in stream 1 is out of range
[mp4 @ 0x91b010500] pts has no value
[mp4 @ 0x91b010500] Packet duration: -1024 / dts: 6817792 in stream 1 is out of range
[mp4 @ 0x91b010500] pts has no value
timestamp: 2181448 segment: 142:0 priority: 127
timestamp: 6818816 segment: 143:0 priority: 127
[2m2026-08-26T07:58:50.446999Z[0m [32m INFO[0m [2mmoq_transport::session::subscribed[0m[2m:[0m [PUBLISHER] serve_subgroup: completed subgroup (group_id=141, subgroup_id=0, 30 objects sent)
[mp4 @ 0x91b010500] Packet duration: -1024 / dts: 6818816 in stream 1 is out of range
[mp4 @ 0x91b010500] pts has no value
[mp4 @ 0x91b010500] Packet duration: -1024 / dts: 6820864 in stream 1 is out of range
[mp4 @ 0x91b010500] pts has no value
[mp4 @ 0x91b010500] Packet duration: -1024 / dts: 6821888 in stream 1 is out of range
[mp4 @ 0x91b010500] pts has no value
[mp4 @ 0x91b010500] Packet duration: -1024 / dts: 6823936 in stream 1 is out of range
[mp4 @ 0x91b010500] pts has no value
[mp4 @ 0x91b010500] Packet duration: -1024 / dts: 6825984 in stream 1 is out of range
[mp4 @ 0x91b010500] pts has no value
[mp4 @ 0x91b010500] Packet duration: -1024 / dts: 6827008 in stream 1 is out of range
[mp4 @ 0x91b010500] pts has no value
[mp4 @ 0x91b010500] Packet duration: -1024 / dts: 6829056 in stream 1 is out of range
[mp4 @ 0x91b010500] pts has no value
[mp4 @ 0x91b010500] Packet duration: -1024 / dts: 6830080 in stream 1 is out of range
[mp4 @ 0x91b010500] pts has no value
[mp4 @ 0x91b010500] Packet duration: -1024 / dts: 6832128 in stream 1 is out of range
[mp4 @ 0x91b010500] pts has no value
[mp4 @ 0x91b010500] Packet duration: -1024 / dts: 6833152 in stream 1 is out of range
[mp4 @ 0x91b010500] pts has no value
[mp4 @ 0x91b010500] Packet duration: -1024 / dts: 6835200 in stream 1 is out of range
[mp4 @ 0x91b010500] pts has no value
[mp4 @ 0x91b010500] Packet duration: -1024 / dts: 6836224 in stream 1 is out of range
[mp4 @ 0x91b010500] pts has no value
[mp4 @ 0x91b010500] Packet duration: -1024 / dts: 6838272 in stream 1 is out of range
[mp4 @ 0x91b010500] pts has no value
[mp4 @ 0x91b010500] Packet duration: -1024 / dts: 6840320 in stream 1 is out of range
[mp4 @ 0x91b010500] pts has no value
[mp4 @ 0x91b010500] Packet duration: -1024 / dts: 6841344 in stream 1 is out of range
[mp4 @ 0x91b010500] pts has no value
[mp4 @ 0x91b010500] Packet duration: -1024 / dts: 6843392 in stream 1 is out of range
[mp4 @ 0x91b010500] pts has no value
[mp4 @ 0x91b010500] Packet duration: -1024 / dts: 6844416 in stream 1 is out of range
[mp4 @ 0x91b010500] pts has no value
[mp4 @ 0x91b010500] Packet duration: -1024 / dts: 6846464 in stream 1 is out of range
[mp4 @ 0x91b010500] pts has no value
[mp4 @ 0x91b010500] Packet duration: -1024 / dts: 6847488 in stream 1 is out of range
[mp4 @ 0x91b010500] pts has no value
[mp4 @ 0x91b010500] Packet duration: -1024 / dts: 6849536 in stream 1 is out of range
[mp4 @ 0x91b010500] pts has no value
[mp4 @ 0x91b010500] Packet duration: -1024 / dts: 6851584 in stream 1 is out of range
[mp4 @ 0x91b010500] pts has no value
[mp4 @ 0x91b010500] Packet duration: -1024 / dts: 6852608 in stream 1 is out of range
[mp4 @ 0x91b010500] pts has no value
[mp4 @ 0x91b010500] Packet duration: -1024 / dts: 6854656 in stream 1 is out of range
[mp4 @ 0x91b010500] pts has no value
[mp4 @ 0x91b010500] Packet duration: -1024 / dts: 6855680 in stream 1 is out of range
[mp4 @ 0x91b010500] pts has no value
[mp4 @ 0x91b010500] Packet duration: -1024 / dts: 6857728 in stream 1 is out of range
[mp4 @ 0x91b010500] pts has no value
[mp4 @ 0x91b010500] Packet duration: -1024 / dts: 6858752 in stream 1 is out of range
[mp4 @ 0x91b010500] pts has no value
[mp4 @ 0x91b010500] Packet duration: -1024 / dts: 6860800 in stream 1 is out of range
[mp4 @ 0x91b010500] pts has no value
[mp4 @ 0x91b010500] Packet duration: -1024 / dts: 6861824 in stream 1 is out of range
[mp4 @ 0x91b010500] pts has no value
[mp4 @ 0x91b010500] Packet duration: -1024 / dts: 6863872 in stream 1 is out of range
[mp4 @ 0x91b010500] pts has no value
[mp4 @ 0x91b010500] Packet duration: -1024 / dts: 6865920 in stream 1 is out of range
[mp4 @ 0x91b010500] pts has no value
timestamp: 2196808 segment: 143:0 priority: 127
[2m2026-08-26T07:58:51.444336Z[0m [32m INFO[0m [2mmoq_transport::session::subscribed[0m[2m:[0m [PUBLISHER] serve_subgroup: completed subgroup (group_id=142, subgroup_id=0, 30 objects sent)
timestamp: 6866944 segment: 144:0 priority: 127
[mp4 @ 0x91b010500] Packet duration: -1024 / dts: 6866944 in stream 1 is out of range
[mp4 @ 0x91b010500] pts has no value
[mp4 @ 0x91b010500] Packet duration: -1024 / dts: 6868992 in stream 1 is out of range
[mp4 @ 0x91b010500] pts has no value
[mp4 @ 0x91b010500] Packet duration: -1024 / dts: 6870016 in stream 1 is out of range
[mp4 @ 0x91b010500] pts has no value
[mp4 @ 0x91b010500] Packet duration: -1024 / dts: 6872064 in stream 1 is out of range
[mp4 @ 0x91b010500] pts has no value
[mp4 @ 0x91b010500] Packet duration: -1024 / dts: 6873088 in stream 1 is out of range
[mp4 @ 0x91b010500] pts has no value
[mp4 @ 0x91b010500] Packet duration: -1024 / dts: 6875136 in stream 1 is out of range
[mp4 @ 0x91b010500] pts has no value
[mp4 @ 0x91b010500] Packet duration: -1024 / dts: 6877184 in stream 1 is out of range
[mp4 @ 0x91b010500] pts has no value
[mp4 @ 0x91b010500] Packet duration: -1024 / dts: 6878208 in stream 1 is out of range
[mp4 @ 0x91b010500] pts has no value
[mp4 @ 0x91b010500] Packet duration: -1024 / dts: 6880256 in stream 1 is out of range
[mp4 @ 0x91b010500] pts has no value
[mp4 @ 0x91b010500] Packet duration: -1024 / dts: 6881280 in stream 1 is out of range
[mp4 @ 0x91b010500] pts has no value
[mp4 @ 0x91b010500] Packet duration: -1024 / dts: 6883328 in stream 1 is out of range
[mp4 @ 0x91b010500] pts has no value
[mp4 @ 0x91b010500] Packet duration: -1024 / dts: 6884352 in stream 1 is out of range
[mp4 @ 0x91b010500] pts has no value
[mp4 @ 0x91b010500] Packet duration: -1024 / dts: 6886400 in stream 1 is out of range
[mp4 @ 0x91b010500] pts has no value
[mp4 @ 0x91b010500] Packet duration: -1024 / dts: 6887424 in stream 1 is out of range
[mp4 @ 0x91b010500] pts has no value
[mp4 @ 0x91b010500] Packet duration: -1024 / dts: 6889472 in stream 1 is out of range
[mp4 @ 0x91b010500] pts has no value
[mp4 @ 0x91b010500] Packet duration: -1024 / dts: 6891520 in stream 1 is out of range
[mp4 @ 0x91b010500] pts has no value
[mp4 @ 0x91b010500] Packet duration: -1024 / dts: 6892544 in stream 1 is out of range
[mp4 @ 0x91b010500] pts has no value
[mp4 @ 0x91b010500] Packet duration: -1024 / dts: 6894592 in stream 1 is out of range
[mp4 @ 0x91b010500] pts has no value
[mp4 @ 0x91b010500] Packet duration: -1024 / dts: 6895616 in stream 1 is out of range
[mp4 @ 0x91b010500] pts has no value
[mp4 @ 0x91b010500] Packet duration: -1024 / dts: 6897664 in stream 1 is out of range
[mp4 @ 0x91b010500] pts has no value
[mp4 @ 0x91b010500] Packet duration: -1024 / dts: 6898688 in stream 1 is out of range
[mp4 @ 0x91b010500] pts has no value
[mp4 @ 0x91b010500] Packet duration: -1024 / dts: 6900736 in stream 1 is out of range
[mp4 @ 0x91b010500] pts has no value
[mp4 @ 0x91b010500] Packet duration: -1024 / dts: 6902784 in stream 1 is out of range
[mp4 @ 0x91b010500] pts has no value
[mp4 @ 0x91b010500] Packet duration: -1024 / dts: 6903808 in stream 1 is out of range
[mp4 @ 0x91b010500] pts has no value
[mp4 @ 0x91b010500] Packet duration: -1024 / dts: 6905856 in stream 1 is out of range
[mp4 @ 0x91b010500] pts has no value
[mp4 @ 0x91b010500] Packet duration: -1024 / dts: 6906880 in stream 1 is out of range
[mp4 @ 0x91b010500] pts has no value
[mp4 @ 0x91b010500] Packet duration: -1024 / dts: 6908928 in stream 1 is out of range
[mp4 @ 0x91b010500] pts has no value
[mp4 @ 0x91b010500] Packet duration: -1024 / dts: 6909952 in stream 1 is out of range
[mp4 @ 0x91b010500] pts has no value
[mp4 @ 0x91b010500] Packet duration: -1024 / dts: 6912000 in stream 1 is out of range
[mp4 @ 0x91b010500] pts has no value
[mp4 @ 0x91b010500] Packet duration: -1024 / dts: 6913024 in stream 1 is out of range
[mp4 @ 0x91b010500] pts has no value
timestamp: 2212168 segment: 144:0 priority: 127
[2m2026-08-26T07:58:52.445722Z[0m [32m INFO[0m [2mmoq_transport::session::subscribed[0m[2m:[0m [PUBLISHER] serve_subgroup: completed subgroup (group_id=143, subgroup_id=0, 30 objects sent)
timestamp: 6914048 segment: 145:0 priority: 127
[mp4 @ 0x91b010500] Packet duration: -1024 / dts: 6915072 in stream 1 is out of range
[mp4 @ 0x91b010500] pts has no value
[mp4 @ 0x91b010500] Packet duration: -1024 / dts: 6917120 in stream 1 is out of range
[mp4 @ 0x91b010500] pts has no value
[mp4 @ 0x91b010500] Packet duration: -1024 / dts: 6918144 in stream 1 is out of range
[mp4 @ 0x91b010500] pts has no value
[mp4 @ 0x91b010500] Packet duration: -1024 / dts: 6920192 in stream 1 is out of range
[mp4 @ 0x91b010500] pts has no value
[mp4 @ 0x91b010500] Packet duration: -1024 / dts: 6921216 in stream 1 is out of range
[mp4 @ 0x91b010500] pts has no value
[mp4 @ 0x91b010500] Packet duration: -1024 / dts: 6923264 in stream 1 is out of range
[mp4 @ 0x91b010500] pts has no value
[mp4 @ 0x91b010500] Packet duration: -1024 / dts: 6924288 in stream 1 is out of range
[mp4 @ 0x91b010500] pts has no value
[mp4 @ 0x91b010500] Packet duration: -1024 / dts: 6926336 in stream 1 is out of range
[mp4 @ 0x91b010500] pts has no value
[mp4 @ 0x91b010500] Packet duration: -1024 / dts: 6928384 in stream 1 is out of range
[mp4 @ 0x91b010500] pts has no value
[mp4 @ 0x91b010500] Packet duration: -1024 / dts: 6929408 in stream 1 is out of range
[mp4 @ 0x91b010500] pts has no value
[mp4 @ 0x91b010500] Packet duration: -1024 / dts: 6931456 in stream 1 is out of range
[mp4 @ 0x91b010500] pts has no value
[mp4 @ 0x91b010500] Packet duration: -1024 / dts: 6932480 in stream 1 is out of range
[mp4 @ 0x91b010500] pts has no value
[mp4 @ 0x91b010500] Packet duration: -1024 / dts: 6934528 in stream 1 is out of range
[mp4 @ 0x91b010500] pts has no value
[mp4 @ 0x91b010500] Packet duration: -1024 / dts: 6935552 in stream 1 is out of range
[mp4 @ 0x91b010500] pts has no value
[mp4 @ 0x91b010500] Packet duration: -1024 / dts: 6937600 in stream 1 is out of range
[mp4 @ 0x91b010500] pts has no value
[mp4 @ 0x91b010500] Packet duration: -1024 / dts: 6938624 in stream 1 is out of range
[mp4 @ 0x91b010500] pts has no value
[mp4 @ 0x91b010500] Packet duration: -1024 / dts: 6940672 in stream 1 is out of range
[mp4 @ 0x91b010500] pts has no value
[mp4 @ 0x91b010500] Packet duration: -1024 / dts: 6942720 in stream 1 is out of range
[mp4 @ 0x91b010500] pts has no value
[mp4 @ 0x91b010500] Packet duration: -1024 / dts: 6943744 in stream 1 is out of range
[mp4 @ 0x91b010500] pts has no value
[mp4 @ 0x91b010500] Packet duration: -1024 / dts: 6945792 in stream 1 is out of range
[mp4 @ 0x91b010500] pts has no value
[mp4 @ 0x91b010500] Packet duration: -1024 / dts: 6946816 in stream 1 is out of range
[mp4 @ 0x91b010500] pts has no value
[mp4 @ 0x91b010500] Packet duration: -1024 / dts: 6948864 in stream 1 is out of range
[mp4 @ 0x91b010500] pts has no value
[mp4 @ 0x91b010500] Packet duration: -1024 / dts: 6949888 in stream 1 is out of range
[mp4 @ 0x91b010500] pts has no value
[mp4 @ 0x91b010500] Packet duration: -1024 / dts: 6951936 in stream 1 is out of range
[mp4 @ 0x91b010500] pts has no value
[mp4 @ 0x91b010500] Packet duration: -1024 / dts: 6953984 in stream 1 is out of range
[mp4 @ 0x91b010500] pts has no value
[mp4 @ 0x91b010500] Packet duration: -1024 / dts: 6955008 in stream 1 is out of range
[mp4 @ 0x91b010500] pts has no value
[mp4 @ 0x91b010500] Packet duration: -1024 / dts: 6957056 in stream 1 is out of range
[mp4 @ 0x91b010500] pts has no value
[mp4 @ 0x91b010500] Packet duration: -1024 / dts: 6958080 in stream 1 is out of range
[mp4 @ 0x91b010500] pts has no value
[mp4 @ 0x91b010500] Packet duration: -1024 / dts: 6960128 in stream 1 is out of range
[mp4 @ 0x91b010500] pts has no value
[mp4 @ 0x91b010500] Packet duration: -1024 / dts: 6961152 in stream 1 is out of range
[mp4 @ 0x91b010500] pts has no value
timestamp: 2227528 segment: 145:0 priority: 127
[2m2026-08-26T07:58:53.446516Z[0m [32m INFO[0m [2mmoq_transport::session::subscribed[0m[2m:[0m [PUBLISHER] serve_subgroup: completed subgroup (group_id=144, subgroup_id=0, 30 objects sent)
timestamp: 6962176 segment: 146:0 priority: 127
[mp4 @ 0x91b010500] Packet duration: -1024 / dts: 6963200 in stream 1 is out of range
[mp4 @ 0x91b010500] pts has no value
[mp4 @ 0x91b010500] Packet duration: -1024 / dts: 6964224 in stream 1 is out of range
[mp4 @ 0x91b010500] pts has no value
[mp4 @ 0x91b010500] Packet duration: -1024 / dts: 6966272 in stream 1 is out of range
[mp4 @ 0x91b010500] pts has no value
[mp4 @ 0x91b010500] Packet duration: -1024 / dts: 6968320 in stream 1 is out of range
[mp4 @ 0x91b010500] pts has no value
[mp4 @ 0x91b010500] Packet duration: -1024 / dts: 6969344 in stream 1 is out of range
[mp4 @ 0x91b010500] pts has no value
[mp4 @ 0x91b010500] Packet duration: -1024 / dts: 6971392 in stream 1 is out of range
[mp4 @ 0x91b010500] pts has no value
[mp4 @ 0x91b010500] Packet duration: -1024 / dts: 6972416 in stream 1 is out of range
[mp4 @ 0x91b010500] pts has no value
[mp4 @ 0x91b010500] Packet duration: -1024 / dts: 6974464 in stream 1 is out of range
[mp4 @ 0x91b010500] pts has no value
[mp4 @ 0x91b010500] Packet duration: -1024 / dts: 6975488 in stream 1 is out of range
[mp4 @ 0x91b010500] pts has no value
[mp4 @ 0x91b010500] Packet duration: -1024 / dts: 6977536 in stream 1 is out of range
[mp4 @ 0x91b010500] pts has no value
[mp4 @ 0x91b010500] Packet duration: -1024 / dts: 6979584 in stream 1 is out of range
[mp4 @ 0x91b010500] pts has no value
[mp4 @ 0x91b010500] Packet duration: -1024 / dts: 6980608 in stream 1 is out of range
[mp4 @ 0x91b010500] pts has no value
[mp4 @ 0x91b010500] Packet duration: -1024 / dts: 6982656 in stream 1 is out of range
[mp4 @ 0x91b010500] pts has no value
[mp4 @ 0x91b010500] Packet duration: -1024 / dts: 6983680 in stream 1 is out of range
[mp4 @ 0x91b010500] pts has no value
[mp4 @ 0x91b010500] Packet duration: -1024 / dts: 6985728 in stream 1 is out of range
[mp4 @ 0x91b010500] pts has no value
[mp4 @ 0x91b010500] Packet duration: -1024 / dts: 6986752 in stream 1 is out of range
[mp4 @ 0x91b010500] pts has no value
[mp4 @ 0x91b010500] Packet duration: -1024 / dts: 6988800 in stream 1 is out of range
[mp4 @ 0x91b010500] pts has no value
[mp4 @ 0x91b010500] Packet duration: -1024 / dts: 6989824 in stream 1 is out of range
[mp4 @ 0x91b010500] pts has no value
[mp4 @ 0x91b010500] Packet duration: -1024 / dts: 6991872 in stream 1 is out of range
[mp4 @ 0x91b010500] pts has no value
[mp4 @ 0x91b010500] Packet duration: -1024 / dts: 6993920 in stream 1 is out of range
[mp4 @ 0x91b010500] pts has no value
[mp4 @ 0x91b010500] Packet duration: -1024 / dts: 6994944 in stream 1 is out of range
[mp4 @ 0x91b010500] pts has no value
[mp4 @ 0x91b010500] Packet duration: -1024 / dts: 6996992 in stream 1 is out of range
[mp4 @ 0x91b010500] pts has no value
[mp4 @ 0x91b010500] Packet duration: -1024 / dts: 6998016 in stream 1 is out of range
[mp4 @ 0x91b010500] pts has no value
[mp4 @ 0x91b010500] Packet duration: -1024 / dts: 7000064 in stream 1 is out of range
[mp4 @ 0x91b010500] pts has no value
[mp4 @ 0x91b010500] Packet duration: -1024 / dts: 7001088 in stream 1 is out of range
[mp4 @ 0x91b010500] pts has no value
[mp4 @ 0x91b010500] Packet duration: -1024 / dts: 7003136 in stream 1 is out of range
[mp4 @ 0x91b010500] pts has no value
[mp4 @ 0x91b010500] Packet duration: -1024 / dts: 7005184 in stream 1 is out of range
[mp4 @ 0x91b010500] pts has no value
[mp4 @ 0x91b010500] Packet duration: -1024 / dts: 7006208 in stream 1 is out of range
[mp4 @ 0x91b010500] pts has no value
[mp4 @ 0x91b010500] Packet duration: -1024 / dts: 7008256 in stream 1 is out of range
[mp4 @ 0x91b010500] pts has no value
[mp4 @ 0x91b010500] Packet duration: -1024 / dts: 7009280 in stream 1 is out of range
[mp4 @ 0x91b010500] pts has no value
timestamp: 2242888 segment: 146:0 priority: 127
[2m2026-08-26T07:58:54.452123Z[0m [32m INFO[0m [2mmoq_transport::session::subscribed[0m[2m:[0m [PUBLISHER] serve_subgroup: completed subgroup (group_id=145, subgroup_id=0, 30 objects sent)
timestamp: 7010304 segment: 147:0 priority: 127
[mp4 @ 0x91b010500] Packet duration: -1024 / dts: 7011328 in stream 1 is out of range
[mp4 @ 0x91b010500] pts has no value
[mp4 @ 0x91b010500] Packet duration: -1024 / dts: 7012352 in stream 1 is out of range
[mp4 @ 0x91b010500] pts has no value
[mp4 @ 0x91b010500] Packet duration: -1024 / dts: 7014400 in stream 1 is out of range
[mp4 @ 0x91b010500] pts has no value
[mp4 @ 0x91b010500] Packet duration: -1024 / dts: 7015424 in stream 1 is out of range
[mp4 @ 0x91b010500] pts has no value
[mp4 @ 0x91b010500] Packet duration: -1024 / dts: 7017472 in stream 1 is out of range
[mp4 @ 0x91b010500] pts has no value
[mp4 @ 0x91b010500] Packet duration: -1024 / dts: 7019520 in stream 1 is out of range
[mp4 @ 0x91b010500] pts has no value
[mp4 @ 0x91b010500] Packet duration: -1024 / dts: 7020544 in stream 1 is out of range
[mp4 @ 0x91b010500] pts has no value
[mp4 @ 0x91b010500] Packet duration: -1024 / dts: 7022592 in stream 1 is out of range
[mp4 @ 0x91b010500] pts has no value
[mp4 @ 0x91b010500] Packet duration: -1024 / dts: 7023616 in stream 1 is out of range
[mp4 @ 0x91b010500] pts has no value
[mp4 @ 0x91b010500] Packet duration: -1024 / dts: 7025664 in stream 1 is out of range
[mp4 @ 0x91b010500] pts has no value
[mp4 @ 0x91b010500] Packet duration: -1024 / dts: 7026688 in stream 1 is out of range
[mp4 @ 0x91b010500] pts has no value
[mp4 @ 0x91b010500] Packet duration: -1024 / dts: 7028736 in stream 1 is out of range
[mp4 @ 0x91b010500] pts has no value
[mp4 @ 0x91b010500] Packet duration: -1024 / dts: 7030784 in stream 1 is out of range
[mp4 @ 0x91b010500] pts has no value
[mp4 @ 0x91b010500] Packet duration: -1024 / dts: 7031808 in stream 1 is out of range
[mp4 @ 0x91b010500] pts has no value
[mp4 @ 0x91b010500] Packet duration: -1024 / dts: 7033856 in stream 1 is out of range
[mp4 @ 0x91b010500] pts has no value
[mp4 @ 0x91b010500] Packet duration: -1024 / dts: 7034880 in stream 1 is out of range
[mp4 @ 0x91b010500] pts has no value
[mp4 @ 0x91b010500] Packet duration: -1024 / dts: 7036928 in stream 1 is out of range
[mp4 @ 0x91b010500] pts has no value
[mp4 @ 0x91b010500] Packet duration: -1024 / dts: 7037952 in stream 1 is out of range
[mp4 @ 0x91b010500] pts has no value
[mp4 @ 0x91b010500] Packet duration: -1024 / dts: 7040000 in stream 1 is out of range
[mp4 @ 0x91b010500] pts has no value
[mp4 @ 0x91b010500] Packet duration: -1024 / dts: 7041024 in stream 1 is out of range
[mp4 @ 0x91b010500] pts has no value
[mp4 @ 0x91b010500] Packet duration: -1024 / dts: 7043072 in stream 1 is out of range
[mp4 @ 0x91b010500] pts has no value
[mp4 @ 0x91b010500] Packet duration: -1024 / dts: 7045120 in stream 1 is out of range
[mp4 @ 0x91b010500] pts has no value
[mp4 @ 0x91b010500] Packet duration: -1024 / dts: 7046144 in stream 1 is out of range
[mp4 @ 0x91b010500] pts has no value
[mp4 @ 0x91b010500] Packet duration: -1024 / dts: 7048192 in stream 1 is out of range
[mp4 @ 0x91b010500] pts has no value
[mp4 @ 0x91b010500] Packet duration: -1024 / dts: 7049216 in stream 1 is out of range
[mp4 @ 0x91b010500] pts has no value
[mp4 @ 0x91b010500] Packet duration: -1024 / dts: 7051264 in stream 1 is out of range
[mp4 @ 0x91b010500] pts has no value
[mp4 @ 0x91b010500] Packet duration: -1024 / dts: 7052288 in stream 1 is out of range
[mp4 @ 0x91b010500] pts has no value
[mp4 @ 0x91b010500] Packet duration: -1024 / dts: 7054336 in stream 1 is out of range
[mp4 @ 0x91b010500] pts has no value
[mp4 @ 0x91b010500] Packet duration: -1024 / dts: 7056384 in stream 1 is out of range
[mp4 @ 0x91b010500] pts has no value
[mp4 @ 0x91b010500] Packet duration: -1024 / dts: 7057408 in stream 1 is out of range
[mp4 @ 0x91b010500] pts has no value
timestamp: 2258248 segment: 147:0 priority: 127
[2m2026-08-26T07:58:55.459991Z[0m [32m INFO[0m [2mmoq_transport::session::subscribed[0m[2m:[0m [PUBLISHER] serve_subgroup: completed subgroup (group_id=146, subgroup_id=0, 30 objects sent)
timestamp: 7058432 segment: 148:0 priority: 127
[mp4 @ 0x91b010500] Packet duration: -1024 / dts: 7059456 in stream 1 is out of range
[mp4 @ 0x91b010500] pts has no value
[mp4 @ 0x91b010500] Packet duration: -1024 / dts: 7060480 in stream 1 is out of range
[mp4 @ 0x91b010500] pts has no value
[mp4 @ 0x91b010500] Packet duration: -1024 / dts: 7062528 in stream 1 is out of range
[mp4 @ 0x91b010500] pts has no value
[mp4 @ 0x91b010500] Packet duration: -1024 / dts: 7063552 in stream 1 is out of range
[mp4 @ 0x91b010500] pts has no value
[mp4 @ 0x91b010500] Packet duration: -1024 / dts: 7065600 in stream 1 is out of range
[mp4 @ 0x91b010500] pts has no value
[mp4 @ 0x91b010500] Packet duration: -1024 / dts: 7066624 in stream 1 is out of range
[mp4 @ 0x91b010500] pts has no value
[mp4 @ 0x91b010500] Packet duration: -1024 / dts: 7068672 in stream 1 is out of range
[mp4 @ 0x91b010500] pts has no value
[mp4 @ 0x91b010500] Packet duration: -1024 / dts: 7070720 in stream 1 is out of range
[mp4 @ 0x91b010500] pts has no value
[mp4 @ 0x91b010500] Packet duration: -1024 / dts: 7071744 in stream 1 is out of range
[mp4 @ 0x91b010500] pts has no value
[mp4 @ 0x91b010500] Packet duration: -1024 / dts: 7073792 in stream 1 is out of range
[mp4 @ 0x91b010500] pts has no value
[mp4 @ 0x91b010500] Packet duration: -1024 / dts: 7074816 in stream 1 is out of range
[mp4 @ 0x91b010500] pts has no value
[mp4 @ 0x91b010500] Packet duration: -1024 / dts: 7076864 in stream 1 is out of range
[mp4 @ 0x91b010500] pts has no value
[mp4 @ 0x91b010500] Packet duration: -1024 / dts: 7077888 in stream 1 is out of range
[mp4 @ 0x91b010500] pts has no value
[mp4 @ 0x91b010500] Packet duration: -1024 / dts: 7079936 in stream 1 is out of range
[mp4 @ 0x91b010500] pts has no value
[mp4 @ 0x91b010500] Packet duration: -1024 / dts: 7081984 in stream 1 is out of range
[mp4 @ 0x91b010500] pts has no value
[mp4 @ 0x91b010500] Packet duration: -1024 / dts: 7083008 in stream 1 is out of range
[mp4 @ 0x91b010500] pts has no value
[mp4 @ 0x91b010500] Packet duration: -1024 / dts: 7085056 in stream 1 is out of range
[mp4 @ 0x91b010500] pts has no value
[mp4 @ 0x91b010500] Packet duration: -1024 / dts: 7086080 in stream 1 is out of range
[mp4 @ 0x91b010500] pts has no value
[mp4 @ 0x91b010500] Packet duration: -1024 / dts: 7088128 in stream 1 is out of range
[mp4 @ 0x91b010500] pts has no value
[mp4 @ 0x91b010500] Packet duration: -1024 / dts: 7089152 in stream 1 is out of range
[mp4 @ 0x91b010500] pts has no value
[mp4 @ 0x91b010500] Packet duration: -1024 / dts: 7091200 in stream 1 is out of range
[mp4 @ 0x91b010500] pts has no value
[mp4 @ 0x91b010500] Packet duration: -1024 / dts: 7092224 in stream 1 is out of range
[mp4 @ 0x91b010500] pts has no value
[mp4 @ 0x91b010500] Packet duration: -1024 / dts: 7094272 in stream 1 is out of range
[mp4 @ 0x91b010500] pts has no value
[mp4 @ 0x91b010500] Packet duration: -1024 / dts: 7096320 in stream 1 is out of range
[mp4 @ 0x91b010500] pts has no value
[mp4 @ 0x91b010500] Packet duration: -1024 / dts: 7097344 in stream 1 is out of range
[mp4 @ 0x91b010500] pts has no value
[mp4 @ 0x91b010500] Packet duration: -1024 / dts: 7099392 in stream 1 is out of range
[mp4 @ 0x91b010500] pts has no value
[mp4 @ 0x91b010500] Packet duration: -1024 / dts: 7100416 in stream 1 is out of range
[mp4 @ 0x91b010500] pts has no value
[mp4 @ 0x91b010500] Packet duration: -1024 / dts: 7102464 in stream 1 is out of range
[mp4 @ 0x91b010500] pts has no value
[mp4 @ 0x91b010500] Packet duration: -1024 / dts: 7103488 in stream 1 is out of range
[mp4 @ 0x91b010500] pts has no value
[mp4 @ 0x91b010500] Packet duration: -1024 / dts: 7105536 in stream 1 is out of range
[mp4 @ 0x91b010500] pts has no value
timestamp: 2273608 segment: 148:0 priority: 127
[2m2026-08-26T07:58:56.470656Z[0m [32m INFO[0m [2mmoq_transport::session::subscribed[0m[2m:[0m [PUBLISHER] serve_subgroup: completed subgroup (group_id=147, subgroup_id=0, 30 objects sent)
timestamp: 7106560 segment: 149:0 priority: 127
[mp4 @ 0x91b010500] Packet duration: -1024 / dts: 7107584 in stream 1 is out of range
[mp4 @ 0x91b010500] pts has no value
[mp4 @ 0x91b010500] Packet duration: -1024 / dts: 7108608 in stream 1 is out of range
[mp4 @ 0x91b010500] pts has no value
[mp4 @ 0x91b010500] Packet duration: -1024 / dts: 7110656 in stream 1 is out of range
[mp4 @ 0x91b010500] pts has no value
[mp4 @ 0x91b010500] Packet duration: -1024 / dts: 7111680 in stream 1 is out of range
[mp4 @ 0x91b010500] pts has no value
[mp4 @ 0x91b010500] Packet duration: -1024 / dts: 7113728 in stream 1 is out of range
[mp4 @ 0x91b010500] pts has no value
[mp4 @ 0x91b010500] Packet duration: -1024 / dts: 7114752 in stream 1 is out of range
[mp4 @ 0x91b010500] pts has no value
[mp4 @ 0x91b010500] Packet duration: -1024 / dts: 7116800 in stream 1 is out of range
[mp4 @ 0x91b010500] pts has no value
[mp4 @ 0x91b010500] Packet duration: -1024 / dts: 7117824 in stream 1 is out of range
[mp4 @ 0x91b010500] pts has no value
[mp4 @ 0x91b010500] Packet duration: -1024 / dts: 7119872 in stream 1 is out of range
[mp4 @ 0x91b010500] pts has no value
[mp4 @ 0x91b010500] Packet duration: -1024 / dts: 7121920 in stream 1 is out of range
[mp4 @ 0x91b010500] pts has no value
[mp4 @ 0x91b010500] Packet duration: -1024 / dts: 7122944 in stream 1 is out of range
[mp4 @ 0x91b010500] pts has no value
[mp4 @ 0x91b010500] Packet duration: -1024 / dts: 7124992 in stream 1 is out of range
[mp4 @ 0x91b010500] pts has no value
[mp4 @ 0x91b010500] Packet duration: -1024 / dts: 7126016 in stream 1 is out of range
[mp4 @ 0x91b010500] pts has no value
[mp4 @ 0x91b010500] Packet duration: -1024 / dts: 7128064 in stream 1 is out of range
[mp4 @ 0x91b010500] pts has no value
[mp4 @ 0x91b010500] Packet duration: -1024 / dts: 7129088 in stream 1 is out of range
[mp4 @ 0x91b010500] pts has no value
[mp4 @ 0x91b010500] Packet duration: -1024 / dts: 7131136 in stream 1 is out of range
[mp4 @ 0x91b010500] pts has no value
[mp4 @ 0x91b010500] Packet duration: -1024 / dts: 7133184 in stream 1 is out of range
[mp4 @ 0x91b010500] pts has no value
[mp4 @ 0x91b010500] Packet duration: -1024 / dts: 7134208 in stream 1 is out of range
[mp4 @ 0x91b010500] pts has no value
[mp4 @ 0x91b010500] Packet duration: -1024 / dts: 7136256 in stream 1 is out of range
[mp4 @ 0x91b010500] pts has no value
[mp4 @ 0x91b010500] Packet duration: -1024 / dts: 7137280 in stream 1 is out of range
[mp4 @ 0x91b010500] pts has no value
[mp4 @ 0x91b010500] Packet duration: -1024 / dts: 7139328 in stream 1 is out of range
[mp4 @ 0x91b010500] pts has no value
[mp4 @ 0x91b010500] Packet duration: -1024 / dts: 7140352 in stream 1 is out of range
[mp4 @ 0x91b010500] pts has no value
[mp4 @ 0x91b010500] Packet duration: -1024 / dts: 7142400 in stream 1 is out of range
[mp4 @ 0x91b010500] pts has no value
[mp4 @ 0x91b010500] Packet duration: -1024 / dts: 7143424 in stream 1 is out of range
[mp4 @ 0x91b010500] pts has no value
[mp4 @ 0x91b010500] Packet duration: -1024 / dts: 7145472 in stream 1 is out of range
[mp4 @ 0x91b010500] pts has no value
[mp4 @ 0x91b010500] Packet duration: -1024 / dts: 7147520 in stream 1 is out of range
[mp4 @ 0x91b010500] pts has no value
[mp4 @ 0x91b010500] Packet duration: -1024 / dts: 7148544 in stream 1 is out of range
[mp4 @ 0x91b010500] pts has no value
[mp4 @ 0x91b010500] Packet duration: -1024 / dts: 7150592 in stream 1 is out of range
[mp4 @ 0x91b010500] pts has no value
[mp4 @ 0x91b010500] Packet duration: -1024 / dts: 7151616 in stream 1 is out of range
[mp4 @ 0x91b010500] pts has no value
[mp4 @ 0x91b010500] Packet duration: -1024 / dts: 7153664 in stream 1 is out of range
[mp4 @ 0x91b010500] pts has no value
timestamp: 2288968 segment: 149:0 priority: 127
[2m2026-08-26T07:58:57.474947Z[0m [32m INFO[0m [2mmoq_transport::session::subscribed[0m[2m:[0m [PUBLISHER] serve_subgroup: completed subgroup (group_id=148, subgroup_id=0, 30 objects sent)
timestamp: 7154688 segment: 150:0 priority: 127
[mp4 @ 0x91b010500] Packet duration: -1024 / dts: 7154688 in stream 1 is out of range
[mp4 @ 0x91b010500] pts has no value
[mp4 @ 0x91b010500] Packet duration: -1024 / dts: 7156736 in stream 1 is out of range
[mp4 @ 0x91b010500] pts has no value
[mp4 @ 0x91b010500] Packet duration: -1024 / dts: 7158784 in stream 1 is out of range
[mp4 @ 0x91b010500] pts has no value
[mp4 @ 0x91b010500] Packet duration: -1024 / dts: 7159808 in stream 1 is out of range
[mp4 @ 0x91b010500] pts has no value
[mp4 @ 0x91b010500] Packet duration: -1024 / dts: 7161856 in stream 1 is out of range
[mp4 @ 0x91b010500] pts has no value
[mp4 @ 0x91b010500] Packet duration: -1024 / dts: 7162880 in stream 1 is out of range
[mp4 @ 0x91b010500] pts has no value
[mp4 @ 0x91b010500] Packet duration: -1024 / dts: 7164928 in stream 1 is out of range
[mp4 @ 0x91b010500] pts has no value
[mp4 @ 0x91b010500] Packet duration: -1024 / dts: 7165952 in stream 1 is out of range
[mp4 @ 0x91b010500] pts has no value
[mp4 @ 0x91b010500] Packet duration: -1024 / dts: 7168000 in stream 1 is out of range
[mp4 @ 0x91b010500] pts has no value
[mp4 @ 0x91b010500] Packet duration: -1024 / dts: 7169024 in stream 1 is out of range
[mp4 @ 0x91b010500] pts has no value
[mp4 @ 0x91b010500] Packet duration: -1024 / dts: 7171072 in stream 1 is out of range
[mp4 @ 0x91b010500] pts has no value
[mp4 @ 0x91b010500] Packet duration: -1024 / dts: 7173120 in stream 1 is out of range
[mp4 @ 0x91b010500] pts has no value
[mp4 @ 0x91b010500] Packet duration: -1024 / dts: 7174144 in stream 1 is out of range
[mp4 @ 0x91b010500] pts has no value
[mp4 @ 0x91b010500] Packet duration: -1024 / dts: 7176192 in stream 1 is out of range
[mp4 @ 0x91b010500] pts has no value
[mp4 @ 0x91b010500] Packet duration: -1024 / dts: 7177216 in stream 1 is out of range
[mp4 @ 0x91b010500] pts has no value
[mp4 @ 0x91b010500] Packet duration: -1024 / dts: 7179264 in stream 1 is out of range
[mp4 @ 0x91b010500] pts has no value
[mp4 @ 0x91b010500] Packet duration: -1024 / dts: 7180288 in stream 1 is out of range
[mp4 @ 0x91b010500] pts has no value
[mp4 @ 0x91b010500] Packet duration: -1024 / dts: 7182336 in stream 1 is out of range
[mp4 @ 0x91b010500] pts has no value
[mp4 @ 0x91b010500] Packet duration: -1024 / dts: 7184384 in stream 1 is out of range
[mp4 @ 0x91b010500] pts has no value
[mp4 @ 0x91b010500] Packet duration: -1024 / dts: 7185408 in stream 1 is out of range
[mp4 @ 0x91b010500] pts has no value
[mp4 @ 0x91b010500] Packet duration: -1024 / dts: 7187456 in stream 1 is out of range
[mp4 @ 0x91b010500] pts has no value
[mp4 @ 0x91b010500] Packet duration: -1024 / dts: 7188480 in stream 1 is out of range
[mp4 @ 0x91b010500] pts has no value
[mp4 @ 0x91b010500] Packet duration: -1024 / dts: 7190528 in stream 1 is out of range
[mp4 @ 0x91b010500] pts has no value
[mp4 @ 0x91b010500] Packet duration: -1024 / dts: 7191552 in stream 1 is out of range
[mp4 @ 0x91b010500] pts has no value
[mp4 @ 0x91b010500] Packet duration: -1024 / dts: 7193600 in stream 1 is out of range
[mp4 @ 0x91b010500] pts has no value
[mp4 @ 0x91b010500] Packet duration: -1024 / dts: 7194624 in stream 1 is out of range
[mp4 @ 0x91b010500] pts has no value
[mp4 @ 0x91b010500] Packet duration: -1024 / dts: 7196672 in stream 1 is out of range
[mp4 @ 0x91b010500] pts has no value
[mp4 @ 0x91b010500] Packet duration: -1024 / dts: 7198720 in stream 1 is out of range
[mp4 @ 0x91b010500] pts has no value
[mp4 @ 0x91b010500] Packet duration: -1024 / dts: 7199744 in stream 1 is out of range
[mp4 @ 0x91b010500] pts has no value
[mp4 @ 0x91b010500] Packet duration: -1024 / dts: 7201792 in stream 1 is out of range
[mp4 @ 0x91b010500] pts has no value
timestamp: 2304328 segment: 150:0 priority: 127
[2m2026-08-26T07:58:58.482691Z[0m [32m INFO[0m [2mmoq_transport::session::subscribed[0m[2m:[0m [PUBLISHER] serve_subgroup: completed subgroup (group_id=149, subgroup_id=0, 30 objects sent)
timestamp: 7202816 segment: 151:0 priority: 127
[mp4 @ 0x91b010500] Packet duration: -1024 / dts: 7202816 in stream 1 is out of range
[mp4 @ 0x91b010500] pts has no value
[mp4 @ 0x91b010500] Packet duration: -1024 / dts: 7204864 in stream 1 is out of range
[mp4 @ 0x91b010500] pts has no value
[mp4 @ 0x91b010500] Packet duration: -1024 / dts: 7205888 in stream 1 is out of range
[mp4 @ 0x91b010500] pts has no value
[mp4 @ 0x91b010500] Packet duration: -1024 / dts: 7207936 in stream 1 is out of range
[mp4 @ 0x91b010500] pts has no value
[mp4 @ 0x91b010500] Packet duration: -1024 / dts: 7209984 in stream 1 is out of range
[mp4 @ 0x91b010500] pts has no value
[mp4 @ 0x91b010500] Packet duration: -1024 / dts: 7211008 in stream 1 is out of range
[mp4 @ 0x91b010500] pts has no value
[mp4 @ 0x91b010500] Packet duration: -1024 / dts: 7213056 in stream 1 is out of range
[mp4 @ 0x91b010500] pts has no value
[mp4 @ 0x91b010500] Packet duration: -1024 / dts: 7214080 in stream 1 is out of range
[mp4 @ 0x91b010500] pts has no value
[mp4 @ 0x91b010500] Packet duration: -1024 / dts: 7216128 in stream 1 is out of range
[mp4 @ 0x91b010500] pts has no value
[mp4 @ 0x91b010500] Packet duration: -1024 / dts: 7217152 in stream 1 is out of range
[mp4 @ 0x91b010500] pts has no value
[mp4 @ 0x91b010500] Packet duration: -1024 / dts: 7219200 in stream 1 is out of range
[mp4 @ 0x91b010500] pts has no value
[mp4 @ 0x91b010500] Packet duration: -1024 / dts: 7220224 in stream 1 is out of range
[mp4 @ 0x91b010500] pts has no value
[mp4 @ 0x91b010500] Packet duration: -1024 / dts: 7222272 in stream 1 is out of range
[mp4 @ 0x91b010500] pts has no value
[mp4 @ 0x91b010500] Packet duration: -1024 / dts: 7224320 in stream 1 is out of range
[mp4 @ 0x91b010500] pts has no value
[mp4 @ 0x91b010500] Packet duration: -1024 / dts: 7225344 in stream 1 is out of range
[mp4 @ 0x91b010500] pts has no value
[mp4 @ 0x91b010500] Packet duration: -1024 / dts: 7227392 in stream 1 is out of range
[mp4 @ 0x91b010500] pts has no value
[mp4 @ 0x91b010500] Packet duration: -1024 / dts: 7228416 in stream 1 is out of range
[mp4 @ 0x91b010500] pts has no value
[mp4 @ 0x91b010500] Packet duration: -1024 / dts: 7230464 in stream 1 is out of range
[mp4 @ 0x91b010500] pts has no value
[mp4 @ 0x91b010500] Packet duration: -1024 / dts: 7231488 in stream 1 is out of range
[mp4 @ 0x91b010500] pts has no value
[mp4 @ 0x91b010500] Packet duration: -1024 / dts: 7233536 in stream 1 is out of range
[mp4 @ 0x91b010500] pts has no value
[mp4 @ 0x91b010500] Packet duration: -1024 / dts: 7235584 in stream 1 is out of range
[mp4 @ 0x91b010500] pts has no value
[mp4 @ 0x91b010500] Packet duration: -1024 / dts: 7236608 in stream 1 is out of range
[mp4 @ 0x91b010500] pts has no value
[mp4 @ 0x91b010500] Packet duration: -1024 / dts: 7238656 in stream 1 is out of range
[mp4 @ 0x91b010500] pts has no value
[mp4 @ 0x91b010500] Packet duration: -1024 / dts: 7239680 in stream 1 is out of range
[mp4 @ 0x91b010500] pts has no value
[mp4 @ 0x91b010500] Packet duration: -1024 / dts: 7241728 in stream 1 is out of range
[mp4 @ 0x91b010500] pts has no value
[mp4 @ 0x91b010500] Packet duration: -1024 / dts: 7242752 in stream 1 is out of range
[mp4 @ 0x91b010500] pts has no value
[mp4 @ 0x91b010500] Packet duration: -1024 / dts: 7244800 in stream 1 is out of range
[mp4 @ 0x91b010500] pts has no value
[mp4 @ 0x91b010500] Packet duration: -1024 / dts: 7245824 in stream 1 is out of range
[mp4 @ 0x91b010500] pts has no value
[mp4 @ 0x91b010500] Packet duration: -1024 / dts: 7247872 in stream 1 is out of range
[mp4 @ 0x91b010500] pts has no value
[mp4 @ 0x91b010500] Packet duration: -1024 / dts: 7249920 in stream 1 is out of range
[mp4 @ 0x91b010500] pts has no value
timestamp: 2319688 segment: 151:0 priority: 127
[2m2026-08-26T07:58:59.490697Z[0m [32m INFO[0m [2mmoq_transport::session::subscribed[0m[2m:[0m [PUBLISHER] serve_subgroup: completed subgroup (group_id=150, subgroup_id=0, 30 objects sent)
timestamp: 7250944 segment: 152:0 priority: 127
[mp4 @ 0x91b010500] Packet duration: -1024 / dts: 7250944 in stream 1 is out of range
[mp4 @ 0x91b010500] pts has no value
[mp4 @ 0x91b010500] Packet duration: -1024 / dts: 7252992 in stream 1 is out of range
[mp4 @ 0x91b010500] pts has no value
[mp4 @ 0x91b010500] Packet duration: -1024 / dts: 7254016 in stream 1 is out of range
[mp4 @ 0x91b010500] pts has no value
[mp4 @ 0x91b010500] Packet duration: -1024 / dts: 7256064 in stream 1 is out of range
[mp4 @ 0x91b010500] pts has no value
[mp4 @ 0x91b010500] Packet duration: -1024 / dts: 7257088 in stream 1 is out of range
[mp4 @ 0x91b010500] pts has no value
[mp4 @ 0x91b010500] Packet duration: -1024 / dts: 7259136 in stream 1 is out of range
[mp4 @ 0x91b010500] pts has no value
[mp4 @ 0x91b010500] Packet duration: -1024 / dts: 7261184 in stream 1 is out of range
[mp4 @ 0x91b010500] pts has no value
[mp4 @ 0x91b010500] Packet duration: -1024 / dts: 7262208 in stream 1 is out of range
[mp4 @ 0x91b010500] pts has no value
[mp4 @ 0x91b010500] Packet duration: -1024 / dts: 7264256 in stream 1 is out of range
[mp4 @ 0x91b010500] pts has no value
[mp4 @ 0x91b010500] Packet duration: -1024 / dts: 7265280 in stream 1 is out of range
[mp4 @ 0x91b010500] pts has no value
[mp4 @ 0x91b010500] Packet duration: -1024 / dts: 7267328 in stream 1 is out of range
[mp4 @ 0x91b010500] pts has no value
[mp4 @ 0x91b010500] Packet duration: -1024 / dts: 7268352 in stream 1 is out of range
[mp4 @ 0x91b010500] pts has no value
[mp4 @ 0x91b010500] Packet duration: -1024 / dts: 7270400 in stream 1 is out of range
[mp4 @ 0x91b010500] pts has no value
[mp4 @ 0x91b010500] Packet duration: -1024 / dts: 7271424 in stream 1 is out of range
[mp4 @ 0x91b010500] pts has no value
[mp4 @ 0x91b010500] Packet duration: -1024 / dts: 7273472 in stream 1 is out of range
[mp4 @ 0x91b010500] pts has no value
[mp4 @ 0x91b010500] Packet duration: -1024 / dts: 7275520 in stream 1 is out of range
[mp4 @ 0x91b010500] pts has no value
[mp4 @ 0x91b010500] Packet duration: -1024 / dts: 7276544 in stream 1 is out of range
[mp4 @ 0x91b010500] pts has no value
[mp4 @ 0x91b010500] Packet duration: -1024 / dts: 7278592 in stream 1 is out of range
[mp4 @ 0x91b010500] pts has no value
[mp4 @ 0x91b010500] Packet duration: -1024 / dts: 7279616 in stream 1 is out of range
[mp4 @ 0x91b010500] pts has no value
[mp4 @ 0x91b010500] Packet duration: -1024 / dts: 7281664 in stream 1 is out of range
[mp4 @ 0x91b010500] pts has no value
[mp4 @ 0x91b010500] Packet duration: -1024 / dts: 7282688 in stream 1 is out of range
[mp4 @ 0x91b010500] pts has no value
[mp4 @ 0x91b010500] Packet duration: -1024 / dts: 7284736 in stream 1 is out of range
[mp4 @ 0x91b010500] pts has no value
[mp4 @ 0x91b010500] Packet duration: -1024 / dts: 7286784 in stream 1 is out of range
[mp4 @ 0x91b010500] pts has no value
[mp4 @ 0x91b010500] Packet duration: -1024 / dts: 7287808 in stream 1 is out of range
[mp4 @ 0x91b010500] pts has no value
[mp4 @ 0x91b010500] Packet duration: -1024 / dts: 7289856 in stream 1 is out of range
[mp4 @ 0x91b010500] pts has no value
[mp4 @ 0x91b010500] Packet duration: -1024 / dts: 7290880 in stream 1 is out of range
[mp4 @ 0x91b010500] pts has no value
[mp4 @ 0x91b010500] Packet duration: -1024 / dts: 7292928 in stream 1 is out of range
[mp4 @ 0x91b010500] pts has no value
[mp4 @ 0x91b010500] Packet duration: -1024 / dts: 7293952 in stream 1 is out of range
[mp4 @ 0x91b010500] pts has no value
[mp4 @ 0x91b010500] Packet duration: -1024 / dts: 7296000 in stream 1 is out of range
[mp4 @ 0x91b010500] pts has no value
[mp4 @ 0x91b010500] Packet duration: -1024 / dts: 7297024 in stream 1 is out of range
[mp4 @ 0x91b010500] pts has no value
timestamp: 2335048 segment: 152:0 priority: 127
[2m2026-08-26T07:59:00.500877Z[0m [32m INFO[0m [2mmoq_transport::session::subscribed[0m[2m:[0m [PUBLISHER] serve_subgroup: completed subgroup (group_id=151, subgroup_id=0, 30 objects sent)
timestamp: 7298048 segment: 153:0 priority: 127
[mp4 @ 0x91b010500] Packet duration: -1024 / dts: 7299072 in stream 1 is out of range
[mp4 @ 0x91b010500] pts has no value
[mp4 @ 0x91b010500] Packet duration: -1024 / dts: 7301120 in stream 1 is out of range
[mp4 @ 0x91b010500] pts has no value
[mp4 @ 0x91b010500] Packet duration: -1024 / dts: 7302144 in stream 1 is out of range
[mp4 @ 0x91b010500] pts has no value
[mp4 @ 0x91b010500] Packet duration: -1024 / dts: 7304192 in stream 1 is out of range
[mp4 @ 0x91b010500] pts has no value
[mp4 @ 0x91b010500] Packet duration: -1024 / dts: 7305216 in stream 1 is out of range
[mp4 @ 0x91b010500] pts has no value
[mp4 @ 0x91b010500] Packet duration: -1024 / dts: 7307264 in stream 1 is out of range
[mp4 @ 0x91b010500] pts has no value
[mp4 @ 0x91b010500] Packet duration: -1024 / dts: 7308288 in stream 1 is out of range
[mp4 @ 0x91b010500] pts has no value
[mp4 @ 0x91b010500] Packet duration: -1024 / dts: 7310336 in stream 1 is out of range
[mp4 @ 0x91b010500] pts has no value
[mp4 @ 0x91b010500] Packet duration: -1024 / dts: 7312384 in stream 1 is out of range
[mp4 @ 0x91b010500] pts has no value
[mp4 @ 0x91b010500] Packet duration: -1024 / dts: 7313408 in stream 1 is out of range
[mp4 @ 0x91b010500] pts has no value
[mp4 @ 0x91b010500] Packet duration: -1024 / dts: 7315456 in stream 1 is out of range
[mp4 @ 0x91b010500] pts has no value
[mp4 @ 0x91b010500] Packet duration: -1024 / dts: 7316480 in stream 1 is out of range
[mp4 @ 0x91b010500] pts has no value
[mp4 @ 0x91b010500] Packet duration: -1024 / dts: 7318528 in stream 1 is out of range
[mp4 @ 0x91b010500] pts has no value
[mp4 @ 0x91b010500] Packet duration: -1024 / dts: 7319552 in stream 1 is out of range
[mp4 @ 0x91b010500] pts has no value
[mp4 @ 0x91b010500] Packet duration: -1024 / dts: 7321600 in stream 1 is out of range
[mp4 @ 0x91b010500] pts has no value
[mp4 @ 0x91b010500] Packet duration: -1024 / dts: 7322624 in stream 1 is out of range
[mp4 @ 0x91b010500] pts has no value
[mp4 @ 0x91b010500] Packet duration: -1024 / dts: 7324672 in stream 1 is out of range
[mp4 @ 0x91b010500] pts has no value
[mp4 @ 0x91b010500] Packet duration: -1024 / dts: 7326720 in stream 1 is out of range
[mp4 @ 0x91b010500] pts has no value
[mp4 @ 0x91b010500] Packet duration: -1024 / dts: 7327744 in stream 1 is out of range
[mp4 @ 0x91b010500] pts has no value
[mp4 @ 0x91b010500] Packet duration: -1024 / dts: 7329792 in stream 1 is out of range
[mp4 @ 0x91b010500] pts has no value
[mp4 @ 0x91b010500] Packet duration: -1024 / dts: 7330816 in stream 1 is out of range
[mp4 @ 0x91b010500] pts has no value
[mp4 @ 0x91b010500] Packet duration: -1024 / dts: 7332864 in stream 1 is out of range
[mp4 @ 0x91b010500] pts has no value
[mp4 @ 0x91b010500] Packet duration: -1024 / dts: 7333888 in stream 1 is out of range
[mp4 @ 0x91b010500] pts has no value
[mp4 @ 0x91b010500] Packet duration: -1024 / dts: 7335936 in stream 1 is out of range
[mp4 @ 0x91b010500] pts has no value
[mp4 @ 0x91b010500] Packet duration: -1024 / dts: 7337984 in stream 1 is out of range
[mp4 @ 0x91b010500] pts has no value
[mp4 @ 0x91b010500] Packet duration: -1024 / dts: 7339008 in stream 1 is out of range
[mp4 @ 0x91b010500] pts has no value
[mp4 @ 0x91b010500] Packet duration: -1024 / dts: 7341056 in stream 1 is out of range
[mp4 @ 0x91b010500] pts has no value
[mp4 @ 0x91b010500] Packet duration: -1024 / dts: 7342080 in stream 1 is out of range
[mp4 @ 0x91b010500] pts has no value
[mp4 @ 0x91b010500] Packet duration: -1024 / dts: 7344128 in stream 1 is out of range
[mp4 @ 0x91b010500] pts has no value
[mp4 @ 0x91b010500] Packet duration: -1024 / dts: 7345152 in stream 1 is out of range
[mp4 @ 0x91b010500] pts has no value
timestamp: 2350408 segment: 153:0 priority: 127
[2m2026-08-26T07:59:01.504479Z[0m [32m INFO[0m [2mmoq_transport::session::subscribed[0m[2m:[0m [PUBLISHER] serve_subgroup: completed subgroup (group_id=152, subgroup_id=0, 30 objects sent)
timestamp: 7346176 segment: 154:0 priority: 127
[mp4 @ 0x91b010500] Packet duration: -1024 / dts: 7347200 in stream 1 is out of range
[mp4 @ 0x91b010500] pts has no value
[mp4 @ 0x91b010500] Packet duration: -1024 / dts: 7348224 in stream 1 is out of range
[mp4 @ 0x91b010500] pts has no value
[mp4 @ 0x91b010500] Packet duration: -1024 / dts: 7350272 in stream 1 is out of range
[mp4 @ 0x91b010500] pts has no value
[mp4 @ 0x91b010500] Packet duration: -1024 / dts: 7352320 in stream 1 is out of range
[mp4 @ 0x91b010500] pts has no value
[mp4 @ 0x91b010500] Packet duration: -1024 / dts: 7353344 in stream 1 is out of range
[mp4 @ 0x91b010500] pts has no value
[mp4 @ 0x91b010500] Packet duration: -1024 / dts: 7355392 in stream 1 is out of range
[mp4 @ 0x91b010500] pts has no value
[mp4 @ 0x91b010500] Packet duration: -1024 / dts: 7356416 in stream 1 is out of range
[mp4 @ 0x91b010500] pts has no value
[mp4 @ 0x91b010500] Packet duration: -1024 / dts: 7358464 in stream 1 is out of range
[mp4 @ 0x91b010500] pts has no value
[mp4 @ 0x91b010500] Packet duration: -1024 / dts: 7359488 in stream 1 is out of range
[mp4 @ 0x91b010500] pts has no value
[mp4 @ 0x91b010500] Packet duration: -1024 / dts: 7361536 in stream 1 is out of range
[mp4 @ 0x91b010500] pts has no value
[mp4 @ 0x91b010500] Packet duration: -1024 / dts: 7363584 in stream 1 is out of range
[mp4 @ 0x91b010500] pts has no value
[mp4 @ 0x91b010500] Packet duration: -1024 / dts: 7364608 in stream 1 is out of range
[mp4 @ 0x91b010500] pts has no value
[mp4 @ 0x91b010500] Packet duration: -1024 / dts: 7366656 in stream 1 is out of range
[mp4 @ 0x91b010500] pts has no value
[mp4 @ 0x91b010500] Packet duration: -1024 / dts: 7367680 in stream 1 is out of range
[mp4 @ 0x91b010500] pts has no value
[mp4 @ 0x91b010500] Packet duration: -1024 / dts: 7369728 in stream 1 is out of range
[mp4 @ 0x91b010500] pts has no value
[mp4 @ 0x91b010500] Packet duration: -1024 / dts: 7370752 in stream 1 is out of range
[mp4 @ 0x91b010500] pts has no value
[mp4 @ 0x91b010500] Packet duration: -1024 / dts: 7372800 in stream 1 is out of range
[mp4 @ 0x91b010500] pts has no value
[mp4 @ 0x91b010500] Packet duration: -1024 / dts: 7373824 in stream 1 is out of range
[mp4 @ 0x91b010500] pts has no value
[mp4 @ 0x91b010500] Packet duration: -1024 / dts: 7375872 in stream 1 is out of range
[mp4 @ 0x91b010500] pts has no value
[mp4 @ 0x91b010500] Packet duration: -1024 / dts: 7377920 in stream 1 is out of range
[mp4 @ 0x91b010500] pts has no value
[mp4 @ 0x91b010500] Packet duration: -1024 / dts: 7378944 in stream 1 is out of range
[mp4 @ 0x91b010500] pts has no value
[mp4 @ 0x91b010500] Packet duration: -1024 / dts: 7380992 in stream 1 is out of range
[mp4 @ 0x91b010500] pts has no value
[mp4 @ 0x91b010500] Packet duration: -1024 / dts: 7382016 in stream 1 is out of range
[mp4 @ 0x91b010500] pts has no value
[mp4 @ 0x91b010500] Packet duration: -1024 / dts: 7384064 in stream 1 is out of range
[mp4 @ 0x91b010500] pts has no value
[mp4 @ 0x91b010500] Packet duration: -1024 / dts: 7385088 in stream 1 is out of range
[mp4 @ 0x91b010500] pts has no value
[mp4 @ 0x91b010500] Packet duration: -1024 / dts: 7387136 in stream 1 is out of range
[mp4 @ 0x91b010500] pts has no value
[mp4 @ 0x91b010500] Packet duration: -1024 / dts: 7389184 in stream 1 is out of range
[mp4 @ 0x91b010500] pts has no value
[mp4 @ 0x91b010500] Packet duration: -1024 / dts: 7390208 in stream 1 is out of range
[mp4 @ 0x91b010500] pts has no value
[mp4 @ 0x91b010500] Packet duration: -1024 / dts: 7392256 in stream 1 is out of range
[mp4 @ 0x91b010500] pts has no value
[mp4 @ 0x91b010500] Packet duration: -1024 / dts: 7393280 in stream 1 is out of range
[mp4 @ 0x91b010500] pts has no value
timestamp: 2365768 segment: 154:0 priority: 127
[2m2026-08-26T07:59:02.512077Z[0m [32m INFO[0m [2mmoq_transport::session::subscribed[0m[2m:[0m [PUBLISHER] serve_subgroup: completed subgroup (group_id=153, subgroup_id=0, 30 objects sent)
timestamp: 7394304 segment: 155:0 priority: 127
[mp4 @ 0x91b010500] Packet duration: -1024 / dts: 7395328 in stream 1 is out of range
[mp4 @ 0x91b010500] pts has no value
[mp4 @ 0x91b010500] Packet duration: -1024 / dts: 7396352 in stream 1 is out of range
[mp4 @ 0x91b010500] pts has no value
[mp4 @ 0x91b010500] Packet duration: -1024 / dts: 7398400 in stream 1 is out of range
[mp4 @ 0x91b010500] pts has no value
[mp4 @ 0x91b010500] Packet duration: -1024 / dts: 7399424 in stream 1 is out of range
[mp4 @ 0x91b010500] pts has no value
[mp4 @ 0x91b010500] Packet duration: -1024 / dts: 7401472 in stream 1 is out of range
[mp4 @ 0x91b010500] pts has no value
[mp4 @ 0x91b010500] Packet duration: -1024 / dts: 7403520 in stream 1 is out of range
[mp4 @ 0x91b010500] pts has no value
[mp4 @ 0x91b010500] Packet duration: -1024 / dts: 7404544 in stream 1 is out of range
[mp4 @ 0x91b010500] pts has no value
[mp4 @ 0x91b010500] Packet duration: -1024 / dts: 7406592 in stream 1 is out of range
[mp4 @ 0x91b010500] pts has no value
[mp4 @ 0x91b010500] Packet duration: -1024 / dts: 7407616 in stream 1 is out of range
[mp4 @ 0x91b010500] pts has no value
[mp4 @ 0x91b010500] Packet duration: -1024 / dts: 7409664 in stream 1 is out of range
[mp4 @ 0x91b010500] pts has no value
[mp4 @ 0x91b010500] Packet duration: -1024 / dts: 7410688 in stream 1 is out of range
[mp4 @ 0x91b010500] pts has no value
[mp4 @ 0x91b010500] Packet duration: -1024 / dts: 7412736 in stream 1 is out of range
[mp4 @ 0x91b010500] pts has no value
[mp4 @ 0x91b010500] Packet duration: -1024 / dts: 7414784 in stream 1 is out of range
[mp4 @ 0x91b010500] pts has no value
[mp4 @ 0x91b010500] Packet duration: -1024 / dts: 7415808 in stream 1 is out of range
[mp4 @ 0x91b010500] pts has no value
[mp4 @ 0x91b010500] Packet duration: -1024 / dts: 7417856 in stream 1 is out of range
[mp4 @ 0x91b010500] pts has no value
[mp4 @ 0x91b010500] Packet duration: -1024 / dts: 7418880 in stream 1 is out of range
[mp4 @ 0x91b010500] pts has no value
[mp4 @ 0x91b010500] Packet duration: -1024 / dts: 7420928 in stream 1 is out of range
[mp4 @ 0x91b010500] pts has no value
[mp4 @ 0x91b010500] Packet duration: -1024 / dts: 7421952 in stream 1 is out of range
[mp4 @ 0x91b010500] pts has no value
[mp4 @ 0x91b010500] Packet duration: -1024 / dts: 7424000 in stream 1 is out of range
[mp4 @ 0x91b010500] pts has no value
[mp4 @ 0x91b010500] Packet duration: -1024 / dts: 7425024 in stream 1 is out of range
[mp4 @ 0x91b010500] pts has no value
[mp4 @ 0x91b010500] Packet duration: -1024 / dts: 7427072 in stream 1 is out of range
[mp4 @ 0x91b010500] pts has no value
[mp4 @ 0x91b010500] Packet duration: -1024 / dts: 7429120 in stream 1 is out of range
[mp4 @ 0x91b010500] pts has no value
[mp4 @ 0x91b010500] Packet duration: -1024 / dts: 7430144 in stream 1 is out of range
[mp4 @ 0x91b010500] pts has no value
[mp4 @ 0x91b010500] Packet duration: -1024 / dts: 7432192 in stream 1 is out of range
[mp4 @ 0x91b010500] pts has no value
[mp4 @ 0x91b010500] Packet duration: -1024 / dts: 7433216 in stream 1 is out of range
[mp4 @ 0x91b010500] pts has no value
[mp4 @ 0x91b010500] Packet duration: -1024 / dts: 7435264 in stream 1 is out of range
[mp4 @ 0x91b010500] pts has no value
[mp4 @ 0x91b010500] Packet duration: -1024 / dts: 7436288 in stream 1 is out of range
[mp4 @ 0x91b010500] pts has no value
[mp4 @ 0x91b010500] Packet duration: -1024 / dts: 7438336 in stream 1 is out of range
[mp4 @ 0x91b010500] pts has no value
[mp4 @ 0x91b010500] Packet duration: -1024 / dts: 7440384 in stream 1 is out of range
[mp4 @ 0x91b010500] pts has no value
[mp4 @ 0x91b010500] Packet duration: -1024 / dts: 7441408 in stream 1 is out of range
[mp4 @ 0x91b010500] pts has no value
timestamp: 2381128 segment: 155:0 priority: 127
[2m2026-08-26T07:59:03.519569Z[0m [32m INFO[0m [2mmoq_transport::session::subscribed[0m[2m:[0m [PUBLISHER] serve_subgroup: completed subgroup (group_id=154, subgroup_id=0, 30 objects sent)
timestamp: 7442432 segment: 156:0 priority: 127
[mp4 @ 0x91b010500] Packet duration: -1024 / dts: 7443456 in stream 1 is out of range
[mp4 @ 0x91b010500] pts has no value
[mp4 @ 0x91b010500] Packet duration: -1024 / dts: 7444480 in stream 1 is out of range
[mp4 @ 0x91b010500] pts has no value
[mp4 @ 0x91b010500] Packet duration: -1024 / dts: 7446528 in stream 1 is out of range
[mp4 @ 0x91b010500] pts has no value
[mp4 @ 0x91b010500] Packet duration: -1024 / dts: 7447552 in stream 1 is out of range
[mp4 @ 0x91b010500] pts has no value
[mp4 @ 0x91b010500] Packet duration: -1024 / dts: 7449600 in stream 1 is out of range
[mp4 @ 0x91b010500] pts has no value
[mp4 @ 0x91b010500] Packet duration: -1024 / dts: 7450624 in stream 1 is out of range
[mp4 @ 0x91b010500] pts has no value
[mp4 @ 0x91b010500] Packet duration: -1024 / dts: 7452672 in stream 1 is out of range
[mp4 @ 0x91b010500] pts has no value
[mp4 @ 0x91b010500] Packet duration: -1024 / dts: 7454720 in stream 1 is out of range
[mp4 @ 0x91b010500] pts has no value
[mp4 @ 0x91b010500] Packet duration: -1024 / dts: 7455744 in stream 1 is out of range
[mp4 @ 0x91b010500] pts has no value
[mp4 @ 0x91b010500] Packet duration: -1024 / dts: 7457792 in stream 1 is out of range
[mp4 @ 0x91b010500] pts has no value
[mp4 @ 0x91b010500] Packet duration: -1024 / dts: 7458816 in stream 1 is out of range
[mp4 @ 0x91b010500] pts has no value
[mp4 @ 0x91b010500] Packet duration: -1024 / dts: 7460864 in stream 1 is out of range
[mp4 @ 0x91b010500] pts has no value
[mp4 @ 0x91b010500] Packet duration: -1024 / dts: 7461888 in stream 1 is out of range
[mp4 @ 0x91b010500] pts has no value
[mp4 @ 0x91b010500] Packet duration: -1024 / dts: 7463936 in stream 1 is out of range
[mp4 @ 0x91b010500] pts has no value
[mp4 @ 0x91b010500] Packet duration: -1024 / dts: 7465984 in stream 1 is out of range
[mp4 @ 0x91b010500] pts has no value
[mp4 @ 0x91b010500] Packet duration: -1024 / dts: 7467008 in stream 1 is out of range
[mp4 @ 0x91b010500] pts has no value
[mp4 @ 0x91b010500] Packet duration: -1024 / dts: 7469056 in stream 1 is out of range
[mp4 @ 0x91b010500] pts has no value
[mp4 @ 0x91b010500] Packet duration: -1024 / dts: 7470080 in stream 1 is out of range
[mp4 @ 0x91b010500] pts has no value
[mp4 @ 0x91b010500] Packet duration: -1024 / dts: 7472128 in stream 1 is out of range
[mp4 @ 0x91b010500] pts has no value
[mp4 @ 0x91b010500] Packet duration: -1024 / dts: 7473152 in stream 1 is out of range
[mp4 @ 0x91b010500] pts has no value
[mp4 @ 0x91b010500] Packet duration: -1024 / dts: 7475200 in stream 1 is out of range
[mp4 @ 0x91b010500] pts has no value
[mp4 @ 0x91b010500] Packet duration: -1024 / dts: 7476224 in stream 1 is out of range
[mp4 @ 0x91b010500] pts has no value
[mp4 @ 0x91b010500] Packet duration: -1024 / dts: 7478272 in stream 1 is out of range
[mp4 @ 0x91b010500] pts has no value
[mp4 @ 0x91b010500] Packet duration: -1024 / dts: 7480320 in stream 1 is out of range
[mp4 @ 0x91b010500] pts has no value
[mp4 @ 0x91b010500] Packet duration: -1024 / dts: 7481344 in stream 1 is out of range
[mp4 @ 0x91b010500] pts has no value
[mp4 @ 0x91b010500] Packet duration: -1024 / dts: 7483392 in stream 1 is out of range
[mp4 @ 0x91b010500] pts has no value
[mp4 @ 0x91b010500] Packet duration: -1024 / dts: 7484416 in stream 1 is out of range
[mp4 @ 0x91b010500] pts has no value
[mp4 @ 0x91b010500] Packet duration: -1024 / dts: 7486464 in stream 1 is out of range
[mp4 @ 0x91b010500] pts has no value
[mp4 @ 0x91b010500] Packet duration: -1024 / dts: 7487488 in stream 1 is out of range
[mp4 @ 0x91b010500] pts has no value
[mp4 @ 0x91b010500] Packet duration: -1024 / dts: 7489536 in stream 1 is out of range
[mp4 @ 0x91b010500] pts has no value
timestamp: 2396488 segment: 156:0 priority: 127
[2m2026-08-26T07:59:04.530338Z[0m [32m INFO[0m [2mmoq_transport::session::subscribed[0m[2m:[0m [PUBLISHER] serve_subgroup: completed subgroup (group_id=155, subgroup_id=0, 30 objects sent)
timestamp: 7490560 segment: 157:0 priority: 127
[mp4 @ 0x91b010500] Packet duration: -1024 / dts: 7491584 in stream 1 is out of range
[mp4 @ 0x91b010500] pts has no value
[mp4 @ 0x91b010500] Packet duration: -1024 / dts: 7492608 in stream 1 is out of range
[mp4 @ 0x91b010500] pts has no value
[mp4 @ 0x91b010500] Packet duration: -1024 / dts: 7494656 in stream 1 is out of range
[mp4 @ 0x91b010500] pts has no value
[mp4 @ 0x91b010500] Packet duration: -1024 / dts: 7495680 in stream 1 is out of range
[mp4 @ 0x91b010500] pts has no value
[mp4 @ 0x91b010500] Packet duration: -1024 / dts: 7497728 in stream 1 is out of range
[mp4 @ 0x91b010500] pts has no value
[mp4 @ 0x91b010500] Packet duration: -1024 / dts: 7498752 in stream 1 is out of range
[mp4 @ 0x91b010500] pts has no value
[mp4 @ 0x91b010500] Packet duration: -1024 / dts: 7500800 in stream 1 is out of range
[mp4 @ 0x91b010500] pts has no value
[mp4 @ 0x91b010500] Packet duration: -1024 / dts: 7501824 in stream 1 is out of range
[mp4 @ 0x91b010500] pts has no value
[mp4 @ 0x91b010500] Packet duration: -1024 / dts: 7503872 in stream 1 is out of range
[mp4 @ 0x91b010500] pts has no value
[mp4 @ 0x91b010500] Packet duration: -1024 / dts: 7505920 in stream 1 is out of range
[mp4 @ 0x91b010500] pts has no value
[mp4 @ 0x91b010500] Packet duration: -1024 / dts: 7506944 in stream 1 is out of range
[mp4 @ 0x91b010500] pts has no value
[mp4 @ 0x91b010500] Packet duration: -1024 / dts: 7508992 in stream 1 is out of range
[mp4 @ 0x91b010500] pts has no value
[mp4 @ 0x91b010500] Packet duration: -1024 / dts: 7510016 in stream 1 is out of range
[mp4 @ 0x91b010500] pts has no value
[mp4 @ 0x91b010500] Packet duration: -1024 / dts: 7512064 in stream 1 is out of range
[mp4 @ 0x91b010500] pts has no value
[mp4 @ 0x91b010500] Packet duration: -1024 / dts: 7513088 in stream 1 is out of range
[mp4 @ 0x91b010500] pts has no value
[mp4 @ 0x91b010500] Packet duration: -1024 / dts: 7515136 in stream 1 is out of range
[mp4 @ 0x91b010500] pts has no value
[mp4 @ 0x91b010500] Packet duration: -1024 / dts: 7517184 in stream 1 is out of range
[mp4 @ 0x91b010500] pts has no value
[mp4 @ 0x91b010500] Packet duration: -1024 / dts: 7518208 in stream 1 is out of range
[mp4 @ 0x91b010500] pts has no value
[mp4 @ 0x91b010500] Packet duration: -1024 / dts: 7520256 in stream 1 is out of range
[mp4 @ 0x91b010500] pts has no value
[mp4 @ 0x91b010500] Packet duration: -1024 / dts: 7521280 in stream 1 is out of range
[mp4 @ 0x91b010500] pts has no value
[mp4 @ 0x91b010500] Packet duration: -1024 / dts: 7523328 in stream 1 is out of range
[mp4 @ 0x91b010500] pts has no value
[mp4 @ 0x91b010500] Packet duration: -1024 / dts: 7524352 in stream 1 is out of range
[mp4 @ 0x91b010500] pts has no value
[mp4 @ 0x91b010500] Packet duration: -1024 / dts: 7526400 in stream 1 is out of range
[mp4 @ 0x91b010500] pts has no value
[mp4 @ 0x91b010500] Packet duration: -1024 / dts: 7527424 in stream 1 is out of range
[mp4 @ 0x91b010500] pts has no value
[mp4 @ 0x91b010500] Packet duration: -1024 / dts: 7529472 in stream 1 is out of range
[mp4 @ 0x91b010500] pts has no value
[mp4 @ 0x91b010500] Packet duration: -1024 / dts: 7531520 in stream 1 is out of range
[mp4 @ 0x91b010500] pts has no value
[mp4 @ 0x91b010500] Packet duration: -1024 / dts: 7532544 in stream 1 is out of range
[mp4 @ 0x91b010500] pts has no value
[mp4 @ 0x91b010500] Packet duration: -1024 / dts: 7534592 in stream 1 is out of range
[mp4 @ 0x91b010500] pts has no value
[mp4 @ 0x91b010500] Packet duration: -1024 / dts: 7535616 in stream 1 is out of range
[mp4 @ 0x91b010500] pts has no value
[mp4 @ 0x91b010500] Packet duration: -1024 / dts: 7537664 in stream 1 is out of range
[mp4 @ 0x91b010500] pts has no value
timestamp: 2411848 segment: 157:0 priority: 127
[2m2026-08-26T07:59:05.537348Z[0m [32m INFO[0m [2mmoq_transport::session::subscribed[0m[2m:[0m [PUBLISHER] serve_subgroup: completed subgroup (group_id=156, subgroup_id=0, 30 objects sent)
timestamp: 7538688 segment: 158:0 priority: 127
[mp4 @ 0x91b010500] Packet duration: -1024 / dts: 7538688 in stream 1 is out of range
[mp4 @ 0x91b010500] pts has no value
[mp4 @ 0x91b010500] Packet duration: -1024 / dts: 7540736 in stream 1 is out of range
[mp4 @ 0x91b010500] pts has no value
[mp4 @ 0x91b010500] Packet duration: -1024 / dts: 7542784 in stream 1 is out of range
[mp4 @ 0x91b010500] pts has no value
[mp4 @ 0x91b010500] Packet duration: -1024 / dts: 7543808 in stream 1 is out of range
[mp4 @ 0x91b010500] pts has no value
[mp4 @ 0x91b010500] Packet duration: -1024 / dts: 7545856 in stream 1 is out of range
[mp4 @ 0x91b010500] pts has no value
[mp4 @ 0x91b010500] Packet duration: -1024 / dts: 7546880 in stream 1 is out of range
[mp4 @ 0x91b010500] pts has no value
[mp4 @ 0x91b010500] Packet duration: -1024 / dts: 7548928 in stream 1 is out of range
[mp4 @ 0x91b010500] pts has no value
[mp4 @ 0x91b010500] Packet duration: -1024 / dts: 7549952 in stream 1 is out of range
[mp4 @ 0x91b010500] pts has no value
[mp4 @ 0x91b010500] Packet duration: -1024 / dts: 7552000 in stream 1 is out of range
[mp4 @ 0x91b010500] pts has no value
[mp4 @ 0x91b010500] Packet duration: -1024 / dts: 7553024 in stream 1 is out of range
[mp4 @ 0x91b010500] pts has no value
[mp4 @ 0x91b010500] Packet duration: -1024 / dts: 7555072 in stream 1 is out of range
[mp4 @ 0x91b010500] pts has no value
[mp4 @ 0x91b010500] Packet duration: -1024 / dts: 7557120 in stream 1 is out of range
[mp4 @ 0x91b010500] pts has no value
[mp4 @ 0x91b010500] Packet duration: -1024 / dts: 7558144 in stream 1 is out of range
[mp4 @ 0x91b010500] pts has no value
[mp4 @ 0x91b010500] Packet duration: -1024 / dts: 7560192 in stream 1 is out of range
[mp4 @ 0x91b010500] pts has no value
[mp4 @ 0x91b010500] Packet duration: -1024 / dts: 7561216 in stream 1 is out of range
[mp4 @ 0x91b010500] pts has no value
[mp4 @ 0x91b010500] Packet duration: -1024 / dts: 7563264 in stream 1 is out of range
[mp4 @ 0x91b010500] pts has no value
[mp4 @ 0x91b010500] Packet duration: -1024 / dts: 7564288 in stream 1 is out of range
[mp4 @ 0x91b010500] pts has no value
[mp4 @ 0x91b010500] Packet duration: -1024 / dts: 7566336 in stream 1 is out of range
[mp4 @ 0x91b010500] pts has no value
[mp4 @ 0x91b010500] Packet duration: -1024 / dts: 7568384 in stream 1 is out of range
[mp4 @ 0x91b010500] pts has no value
[mp4 @ 0x91b010500] Packet duration: -1024 / dts: 7569408 in stream 1 is out of range
[mp4 @ 0x91b010500] pts has no value
[mp4 @ 0x91b010500] Packet duration: -1024 / dts: 7571456 in stream 1 is out of range
[mp4 @ 0x91b010500] pts has no value
[mp4 @ 0x91b010500] Packet duration: -1024 / dts: 7572480 in stream 1 is out of range
[mp4 @ 0x91b010500] pts has no value
[mp4 @ 0x91b010500] Packet duration: -1024 / dts: 7574528 in stream 1 is out of range
[mp4 @ 0x91b010500] pts has no value
[mp4 @ 0x91b010500] Packet duration: -1024 / dts: 7575552 in stream 1 is out of range
[mp4 @ 0x91b010500] pts has no value
[mp4 @ 0x91b010500] Packet duration: -1024 / dts: 7577600 in stream 1 is out of range
[mp4 @ 0x91b010500] pts has no value
[mp4 @ 0x91b010500] Packet duration: -1024 / dts: 7578624 in stream 1 is out of range
[mp4 @ 0x91b010500] pts has no value
[mp4 @ 0x91b010500] Packet duration: -1024 / dts: 7580672 in stream 1 is out of range
[mp4 @ 0x91b010500] pts has no value
[mp4 @ 0x91b010500] Packet duration: -1024 / dts: 7582720 in stream 1 is out of range
[mp4 @ 0x91b010500] pts has no value
[mp4 @ 0x91b010500] Packet duration: -1024 / dts: 7583744 in stream 1 is out of range
[mp4 @ 0x91b010500] pts has no value
[mp4 @ 0x91b010500] Packet duration: -1024 / dts: 7585792 in stream 1 is out of range
[mp4 @ 0x91b010500] pts has no value
timestamp: 2427208 segment: 158:0 priority: 127
[2m2026-08-26T07:59:06.542350Z[0m [32m INFO[0m [2mmoq_transport::session::subscribed[0m[2m:[0m [PUBLISHER] serve_subgroup: completed subgroup (group_id=157, subgroup_id=0, 30 objects sent)
timestamp: 7586816 segment: 159:0 priority: 127
[mp4 @ 0x91b010500] Packet duration: -1024 / dts: 7586816 in stream 1 is out of range
[mp4 @ 0x91b010500] pts has no value
[mp4 @ 0x91b010500] Packet duration: -1024 / dts: 7588864 in stream 1 is out of range
[mp4 @ 0x91b010500] pts has no value
[mp4 @ 0x91b010500] Packet duration: -1024 / dts: 7589888 in stream 1 is out of range
[mp4 @ 0x91b010500] pts has no value
[mp4 @ 0x91b010500] Packet duration: -1024 / dts: 7591936 in stream 1 is out of range
[mp4 @ 0x91b010500] pts has no value
[mp4 @ 0x91b010500] Packet duration: -1024 / dts: 7593984 in stream 1 is out of range
[mp4 @ 0x91b010500] pts has no value
[mp4 @ 0x91b010500] Packet duration: -1024 / dts: 7595008 in stream 1 is out of range
[mp4 @ 0x91b010500] pts has no value
[mp4 @ 0x91b010500] Packet duration: -1024 / dts: 7597056 in stream 1 is out of range
[mp4 @ 0x91b010500] pts has no value
[mp4 @ 0x91b010500] Packet duration: -1024 / dts: 7598080 in stream 1 is out of range
[mp4 @ 0x91b010500] pts has no value
[mp4 @ 0x91b010500] Packet duration: -1024 / dts: 7600128 in stream 1 is out of range
[mp4 @ 0x91b010500] pts has no value
[mp4 @ 0x91b010500] Packet duration: -1024 / dts: 7601152 in stream 1 is out of range
[mp4 @ 0x91b010500] pts has no value
[mp4 @ 0x91b010500] Packet duration: -1024 / dts: 7603200 in stream 1 is out of range
[mp4 @ 0x91b010500] pts has no value
[mp4 @ 0x91b010500] Packet duration: -1024 / dts: 7604224 in stream 1 is out of range
[mp4 @ 0x91b010500] pts has no value
[mp4 @ 0x91b010500] Packet duration: -1024 / dts: 7606272 in stream 1 is out of range
[mp4 @ 0x91b010500] pts has no value
[mp4 @ 0x91b010500] Packet duration: -1024 / dts: 7608320 in stream 1 is out of range
[mp4 @ 0x91b010500] pts has no value
[mp4 @ 0x91b010500] Packet duration: -1024 / dts: 7609344 in stream 1 is out of range
[mp4 @ 0x91b010500] pts has no value
[mp4 @ 0x91b010500] Packet duration: -1024 / dts: 7611392 in stream 1 is out of range
[mp4 @ 0x91b010500] pts has no value
[mp4 @ 0x91b010500] Packet duration: -1024 / dts: 7612416 in stream 1 is out of range
[mp4 @ 0x91b010500] pts has no value
[mp4 @ 0x91b010500] Packet duration: -1024 / dts: 7614464 in stream 1 is out of range
[mp4 @ 0x91b010500] pts has no value
[mp4 @ 0x91b010500] Packet duration: -1024 / dts: 7615488 in stream 1 is out of range
[mp4 @ 0x91b010500] pts has no value
[mp4 @ 0x91b010500] Packet duration: -1024 / dts: 7617536 in stream 1 is out of range
[mp4 @ 0x91b010500] pts has no value
[mp4 @ 0x91b010500] Packet duration: -1024 / dts: 7619584 in stream 1 is out of range
[mp4 @ 0x91b010500] pts has no value
[mp4 @ 0x91b010500] Packet duration: -1024 / dts: 7620608 in stream 1 is out of range
[mp4 @ 0x91b010500] pts has no value
[mp4 @ 0x91b010500] Packet duration: -1024 / dts: 7622656 in stream 1 is out of range
[mp4 @ 0x91b010500] pts has no value
[mp4 @ 0x91b010500] Packet duration: -1024 / dts: 7623680 in stream 1 is out of range
[mp4 @ 0x91b010500] pts has no value
[mp4 @ 0x91b010500] Packet duration: -1024 / dts: 7625728 in stream 1 is out of range
[mp4 @ 0x91b010500] pts has no value
[mp4 @ 0x91b010500] Packet duration: -1024 / dts: 7626752 in stream 1 is out of range
[mp4 @ 0x91b010500] pts has no value
[mp4 @ 0x91b010500] Packet duration: -1024 / dts: 7628800 in stream 1 is out of range
[mp4 @ 0x91b010500] pts has no value
[mp4 @ 0x91b010500] Packet duration: -1024 / dts: 7629824 in stream 1 is out of range
[mp4 @ 0x91b010500] pts has no value
[mp4 @ 0x91b010500] Packet duration: -1024 / dts: 7631872 in stream 1 is out of range
[mp4 @ 0x91b010500] pts has no value
[mp4 @ 0x91b010500] Packet duration: -1024 / dts: 7633920 in stream 1 is out of range
[mp4 @ 0x91b010500] pts has no value
timestamp: 2442568 segment: 159:0 priority: 127
[2m2026-08-26T07:59:07.553068Z[0m [32m INFO[0m [2mmoq_transport::session::subscribed[0m[2m:[0m [PUBLISHER] serve_subgroup: completed subgroup (group_id=158, subgroup_id=0, 30 objects sent)
timestamp: 7634944 segment: 160:0 priority: 127
[mp4 @ 0x91b010500] Packet duration: -1024 / dts: 7634944 in stream 1 is out of range
[mp4 @ 0x91b010500] pts has no value
[mp4 @ 0x91b010500] Packet duration: -1024 / dts: 7636992 in stream 1 is out of range
[mp4 @ 0x91b010500] pts has no value
[mp4 @ 0x91b010500] Packet duration: -1024 / dts: 7638016 in stream 1 is out of range
[mp4 @ 0x91b010500] pts has no value
[mp4 @ 0x91b010500] Packet duration: -1024 / dts: 7640064 in stream 1 is out of range
[mp4 @ 0x91b010500] pts has no value
[mp4 @ 0x91b010500] Packet duration: -1024 / dts: 7641088 in stream 1 is out of range
[mp4 @ 0x91b010500] pts has no value
[mp4 @ 0x91b010500] Packet duration: -1024 / dts: 7643136 in stream 1 is out of range
[mp4 @ 0x91b010500] pts has no value
[mp4 @ 0x91b010500] Packet duration: -1024 / dts: 7645184 in stream 1 is out of range
[mp4 @ 0x91b010500] pts has no value
[mp4 @ 0x91b010500] Packet duration: -1024 / dts: 7646208 in stream 1 is out of range
[mp4 @ 0x91b010500] pts has no value
[mp4 @ 0x91b010500] Packet duration: -1024 / dts: 7648256 in stream 1 is out of range
[mp4 @ 0x91b010500] pts has no value
[mp4 @ 0x91b010500] Packet duration: -1024 / dts: 7649280 in stream 1 is out of range
[mp4 @ 0x91b010500] pts has no value
[mp4 @ 0x91b010500] Packet duration: -1024 / dts: 7651328 in stream 1 is out of range
[mp4 @ 0x91b010500] pts has no value
[mp4 @ 0x91b010500] Packet duration: -1024 / dts: 7652352 in stream 1 is out of range
[mp4 @ 0x91b010500] pts has no value
[mp4 @ 0x91b010500] Packet duration: -1024 / dts: 7654400 in stream 1 is out of range
[mp4 @ 0x91b010500] pts has no value
[mp4 @ 0x91b010500] Packet duration: -1024 / dts: 7655424 in stream 1 is out of range
[mp4 @ 0x91b010500] pts has no value
[mp4 @ 0x91b010500] Packet duration: -1024 / dts: 7657472 in stream 1 is out of range
[mp4 @ 0x91b010500] pts has no value
[mp4 @ 0x91b010500] Packet duration: -1024 / dts: 7659520 in stream 1 is out of range
[mp4 @ 0x91b010500] pts has no value
[mp4 @ 0x91b010500] Packet duration: -1024 / dts: 7660544 in stream 1 is out of range
[mp4 @ 0x91b010500] pts has no value
[mp4 @ 0x91b010500] Packet duration: -1024 / dts: 7662592 in stream 1 is out of range
[mp4 @ 0x91b010500] pts has no value
[mp4 @ 0x91b010500] Packet duration: -1024 / dts: 7663616 in stream 1 is out of range
[mp4 @ 0x91b010500] pts has no value
[mp4 @ 0x91b010500] Packet duration: -1024 / dts: 7665664 in stream 1 is out of range
[mp4 @ 0x91b010500] pts has no value
[mp4 @ 0x91b010500] Packet duration: -1024 / dts: 7666688 in stream 1 is out of range
[mp4 @ 0x91b010500] pts has no value
[mp4 @ 0x91b010500] Packet duration: -1024 / dts: 7668736 in stream 1 is out of range
[mp4 @ 0x91b010500] pts has no value
[mp4 @ 0x91b010500] Packet duration: -1024 / dts: 7670784 in stream 1 is out of range
[mp4 @ 0x91b010500] pts has no value
[mp4 @ 0x91b010500] Packet duration: -1024 / dts: 7671808 in stream 1 is out of range
[mp4 @ 0x91b010500] pts has no value
[mp4 @ 0x91b010500] Packet duration: -1024 / dts: 7673856 in stream 1 is out of range
[mp4 @ 0x91b010500] pts has no value
[mp4 @ 0x91b010500] Packet duration: -1024 / dts: 7674880 in stream 1 is out of range
[mp4 @ 0x91b010500] pts has no value
[mp4 @ 0x91b010500] Packet duration: -1024 / dts: 7676928 in stream 1 is out of range
[mp4 @ 0x91b010500] pts has no value
[mp4 @ 0x91b010500] Packet duration: -1024 / dts: 7677952 in stream 1 is out of range
[mp4 @ 0x91b010500] pts has no value
[mp4 @ 0x91b010500] Packet duration: -1024 / dts: 7680000 in stream 1 is out of range
[mp4 @ 0x91b010500] pts has no value
[mp4 @ 0x91b010500] Packet duration: -1024 / dts: 7681024 in stream 1 is out of range
[mp4 @ 0x91b010500] pts has no value
timestamp: 2457928 segment: 160:0 priority: 127
[2m2026-08-26T07:59:08.557009Z[0m [32m INFO[0m [2mmoq_transport::session::subscribed[0m[2m:[0m [PUBLISHER] serve_subgroup: completed subgroup (group_id=159, subgroup_id=0, 30 objects sent)
timestamp: 7682048 segment: 161:0 priority: 127
[mp4 @ 0x91b010500] Packet duration: -1024 / dts: 7683072 in stream 1 is out of range
[mp4 @ 0x91b010500] pts has no value
[mp4 @ 0x91b010500] Packet duration: -1024 / dts: 7685120 in stream 1 is out of range
[mp4 @ 0x91b010500] pts has no value
[mp4 @ 0x91b010500] Packet duration: -1024 / dts: 7686144 in stream 1 is out of range
[mp4 @ 0x91b010500] pts has no value
[mp4 @ 0x91b010500] Packet duration: -1024 / dts: 7688192 in stream 1 is out of range
[mp4 @ 0x91b010500] pts has no value
[mp4 @ 0x91b010500] Packet duration: -1024 / dts: 7689216 in stream 1 is out of range
[mp4 @ 0x91b010500] pts has no value
[mp4 @ 0x91b010500] Packet duration: -1024 / dts: 7691264 in stream 1 is out of range
[mp4 @ 0x91b010500] pts has no value
[mp4 @ 0x91b010500] Packet duration: -1024 / dts: 7692288 in stream 1 is out of range
[mp4 @ 0x91b010500] pts has no value
[mp4 @ 0x91b010500] Packet duration: -1024 / dts: 7694336 in stream 1 is out of range
[mp4 @ 0x91b010500] pts has no value
[mp4 @ 0x91b010500] Packet duration: -1024 / dts: 7696384 in stream 1 is out of range
[mp4 @ 0x91b010500] pts has no value
[mp4 @ 0x91b010500] Packet duration: -1024 / dts: 7697408 in stream 1 is out of range
[mp4 @ 0x91b010500] pts has no value
[mp4 @ 0x91b010500] Packet duration: -1024 / dts: 7699456 in stream 1 is out of range
[mp4 @ 0x91b010500] pts has no value
[mp4 @ 0x91b010500] Packet duration: -1024 / dts: 7700480 in stream 1 is out of range
[mp4 @ 0x91b010500] pts has no value
[mp4 @ 0x91b010500] Packet duration: -1024 / dts: 7702528 in stream 1 is out of range
[mp4 @ 0x91b010500] pts has no value
[mp4 @ 0x91b010500] Packet duration: -1024 / dts: 7703552 in stream 1 is out of range
[mp4 @ 0x91b010500] pts has no value
[mp4 @ 0x91b010500] Packet duration: -1024 / dts: 7705600 in stream 1 is out of range
[mp4 @ 0x91b010500] pts has no value
[mp4 @ 0x91b010500] Packet duration: -1024 / dts: 7706624 in stream 1 is out of range
[mp4 @ 0x91b010500] pts has no value
[mp4 @ 0x91b010500] Packet duration: -1024 / dts: 7708672 in stream 1 is out of range
[mp4 @ 0x91b010500] pts has no value
[mp4 @ 0x91b010500] Packet duration: -1024 / dts: 7710720 in stream 1 is out of range
[mp4 @ 0x91b010500] pts has no value
[mp4 @ 0x91b010500] Packet duration: -1024 / dts: 7711744 in stream 1 is out of range
[mp4 @ 0x91b010500] pts has no value
[mp4 @ 0x91b010500] Packet duration: -1024 / dts: 7713792 in stream 1 is out of range
[mp4 @ 0x91b010500] pts has no value
[mp4 @ 0x91b010500] Packet duration: -1024 / dts: 7714816 in stream 1 is out of range
[mp4 @ 0x91b010500] pts has no value
[mp4 @ 0x91b010500] Packet duration: -1024 / dts: 7716864 in stream 1 is out of range
[mp4 @ 0x91b010500] pts has no value
[mp4 @ 0x91b010500] Packet duration: -1024 / dts: 7717888 in stream 1 is out of range
[mp4 @ 0x91b010500] pts has no value
[mp4 @ 0x91b010500] Packet duration: -1024 / dts: 7719936 in stream 1 is out of range
[mp4 @ 0x91b010500] pts has no value
[mp4 @ 0x91b010500] Packet duration: -1024 / dts: 7721984 in stream 1 is out of range
[mp4 @ 0x91b010500] pts has no value
[mp4 @ 0x91b010500] Packet duration: -1024 / dts: 7723008 in stream 1 is out of range
[mp4 @ 0x91b010500] pts has no value
[mp4 @ 0x91b010500] Packet duration: -1024 / dts: 7725056 in stream 1 is out of range
[mp4 @ 0x91b010500] pts has no value
[mp4 @ 0x91b010500] Packet duration: -1024 / dts: 7726080 in stream 1 is out of range
[mp4 @ 0x91b010500] pts has no value
[mp4 @ 0x91b010500] Packet duration: -1024 / dts: 7728128 in stream 1 is out of range
[mp4 @ 0x91b010500] pts has no value
[mp4 @ 0x91b010500] Packet duration: -1024 / dts: 7729152 in stream 1 is out of range
[mp4 @ 0x91b010500] pts has no value
timestamp: 2473288 segment: 161:0 priority: 127
[2m2026-08-26T07:59:09.565081Z[0m [32m INFO[0m [2mmoq_transport::session::subscribed[0m[2m:[0m [PUBLISHER] serve_subgroup: completed subgroup (group_id=160, subgroup_id=0, 30 objects sent)
timestamp: 7730176 segment: 162:0 priority: 127
[mp4 @ 0x91b010500] Packet duration: -1024 / dts: 7731200 in stream 1 is out of range
[mp4 @ 0x91b010500] pts has no value
[mp4 @ 0x91b010500] Packet duration: -1024 / dts: 7732224 in stream 1 is out of range
[mp4 @ 0x91b010500] pts has no value
[mp4 @ 0x91b010500] Packet duration: -1024 / dts: 7734272 in stream 1 is out of range
[mp4 @ 0x91b010500] pts has no value
[mp4 @ 0x91b010500] Packet duration: -1024 / dts: 7736320 in stream 1 is out of range
[mp4 @ 0x91b010500] pts has no value
[mp4 @ 0x91b010500] Packet duration: -1024 / dts: 7737344 in stream 1 is out of range
[mp4 @ 0x91b010500] pts has no value
[mp4 @ 0x91b010500] Packet duration: -1024 / dts: 7739392 in stream 1 is out of range
[mp4 @ 0x91b010500] pts has no value
[mp4 @ 0x91b010500] Packet duration: -1024 / dts: 7740416 in stream 1 is out of range
[mp4 @ 0x91b010500] pts has no value
[mp4 @ 0x91b010500] Packet duration: -1024 / dts: 7742464 in stream 1 is out of range
[mp4 @ 0x91b010500] pts has no value
[mp4 @ 0x91b010500] Packet duration: -1024 / dts: 7743488 in stream 1 is out of range
[mp4 @ 0x91b010500] pts has no value
[mp4 @ 0x91b010500] Packet duration: -1024 / dts: 7745536 in stream 1 is out of range
[mp4 @ 0x91b010500] pts has no value
[mp4 @ 0x91b010500] Packet duration: -1024 / dts: 7747584 in stream 1 is out of range
[mp4 @ 0x91b010500] pts has no value
[mp4 @ 0x91b010500] Packet duration: -1024 / dts: 7748608 in stream 1 is out of range
[mp4 @ 0x91b010500] pts has no value
[mp4 @ 0x91b010500] Packet duration: -1024 / dts: 7750656 in stream 1 is out of range
[mp4 @ 0x91b010500] pts has no value
[mp4 @ 0x91b010500] Packet duration: -1024 / dts: 7751680 in stream 1 is out of range
[mp4 @ 0x91b010500] pts has no value
[mp4 @ 0x91b010500] Packet duration: -1024 / dts: 7753728 in stream 1 is out of range
[mp4 @ 0x91b010500] pts has no value
[mp4 @ 0x91b010500] Packet duration: -1024 / dts: 7754752 in stream 1 is out of range
[mp4 @ 0x91b010500] pts has no value
[mp4 @ 0x91b010500] Packet duration: -1024 / dts: 7756800 in stream 1 is out of range
[mp4 @ 0x91b010500] pts has no value
[mp4 @ 0x91b010500] Packet duration: -1024 / dts: 7757824 in stream 1 is out of range
[mp4 @ 0x91b010500] pts has no value
[mp4 @ 0x91b010500] Packet duration: -1024 / dts: 7759872 in stream 1 is out of range
[mp4 @ 0x91b010500] pts has no value
[mp4 @ 0x91b010500] Packet duration: -1024 / dts: 7761920 in stream 1 is out of range
[mp4 @ 0x91b010500] pts has no value
[mp4 @ 0x91b010500] Packet duration: -1024 / dts: 7762944 in stream 1 is out of range
[mp4 @ 0x91b010500] pts has no value
[mp4 @ 0x91b010500] Packet duration: -1024 / dts: 7764992 in stream 1 is out of range
[mp4 @ 0x91b010500] pts has no value
[mp4 @ 0x91b010500] Packet duration: -1024 / dts: 7766016 in stream 1 is out of range
[mp4 @ 0x91b010500] pts has no value
[mp4 @ 0x91b010500] Packet duration: -1024 / dts: 7768064 in stream 1 is out of range
[mp4 @ 0x91b010500] pts has no value
[mp4 @ 0x91b010500] Packet duration: -1024 / dts: 7769088 in stream 1 is out of range
[mp4 @ 0x91b010500] pts has no value
[mp4 @ 0x91b010500] Packet duration: -1024 / dts: 7771136 in stream 1 is out of range
[mp4 @ 0x91b010500] pts has no value
[mp4 @ 0x91b010500] Packet duration: -1024 / dts: 7773184 in stream 1 is out of range
[mp4 @ 0x91b010500] pts has no value
[mp4 @ 0x91b010500] Packet duration: -1024 / dts: 7774208 in stream 1 is out of range
[mp4 @ 0x91b010500] pts has no value
[mp4 @ 0x91b010500] Packet duration: -1024 / dts: 7776256 in stream 1 is out of range
[mp4 @ 0x91b010500] pts has no value
[mp4 @ 0x91b010500] Packet duration: -1024 / dts: 7777280 in stream 1 is out of range
[mp4 @ 0x91b010500] pts has no value
timestamp: 2488648 segment: 162:0 priority: 127
[2m2026-08-26T07:59:10.573288Z[0m [32m INFO[0m [2mmoq_transport::session::subscribed[0m[2m:[0m [PUBLISHER] serve_subgroup: completed subgroup (group_id=161, subgroup_id=0, 30 objects sent)
timestamp: 7778304 segment: 163:0 priority: 127
[mp4 @ 0x91b010500] Packet duration: -1024 / dts: 7779328 in stream 1 is out of range
[mp4 @ 0x91b010500] pts has no value
[mp4 @ 0x91b010500] Packet duration: -1024 / dts: 7780352 in stream 1 is out of range
[mp4 @ 0x91b010500] pts has no value
[mp4 @ 0x91b010500] Packet duration: -1024 / dts: 7782400 in stream 1 is out of range
[mp4 @ 0x91b010500] pts has no value
[mp4 @ 0x91b010500] Packet duration: -1024 / dts: 7783424 in stream 1 is out of range
[mp4 @ 0x91b010500] pts has no value
[mp4 @ 0x91b010500] Packet duration: -1024 / dts: 7785472 in stream 1 is out of range
[mp4 @ 0x91b010500] pts has no value
[mp4 @ 0x91b010500] Packet duration: -1024 / dts: 7787520 in stream 1 is out of range
[mp4 @ 0x91b010500] pts has no value
[mp4 @ 0x91b010500] Packet duration: -1024 / dts: 7788544 in stream 1 is out of range
[mp4 @ 0x91b010500] pts has no value
[mp4 @ 0x91b010500] Packet duration: -1024 / dts: 7790592 in stream 1 is out of range
[mp4 @ 0x91b010500] pts has no value
[mp4 @ 0x91b010500] Packet duration: -1024 / dts: 7791616 in stream 1 is out of range
[mp4 @ 0x91b010500] pts has no value
[mp4 @ 0x91b010500] Packet duration: -1024 / dts: 7793664 in stream 1 is out of range
[mp4 @ 0x91b010500] pts has no value
[mp4 @ 0x91b010500] Packet duration: -1024 / dts: 7794688 in stream 1 is out of range
[mp4 @ 0x91b010500] pts has no value
[mp4 @ 0x91b010500] Packet duration: -1024 / dts: 7796736 in stream 1 is out of range
[mp4 @ 0x91b010500] pts has no value
[mp4 @ 0x91b010500] Packet duration: -1024 / dts: 7798784 in stream 1 is out of range
[mp4 @ 0x91b010500] pts has no value
[mp4 @ 0x91b010500] Packet duration: -1024 / dts: 7799808 in stream 1 is out of range
[mp4 @ 0x91b010500] pts has no value
[mp4 @ 0x91b010500] Packet duration: -1024 / dts: 7801856 in stream 1 is out of range
[mp4 @ 0x91b010500] pts has no value
[mp4 @ 0x91b010500] Packet duration: -1024 / dts: 7802880 in stream 1 is out of range
[mp4 @ 0x91b010500] pts has no value
[mp4 @ 0x91b010500] Packet duration: -1024 / dts: 7804928 in stream 1 is out of range
[mp4 @ 0x91b010500] pts has no value
[mp4 @ 0x91b010500] Packet duration: -1024 / dts: 7805952 in stream 1 is out of range
[mp4 @ 0x91b010500] pts has no value
[mp4 @ 0x91b010500] Packet duration: -1024 / dts: 7808000 in stream 1 is out of range
[mp4 @ 0x91b010500] pts has no value
[mp4 @ 0x91b010500] Packet duration: -1024 / dts: 7809024 in stream 1 is out of range
[mp4 @ 0x91b010500] pts has no value
[mp4 @ 0x91b010500] Packet duration: -1024 / dts: 7811072 in stream 1 is out of range
[mp4 @ 0x91b010500] pts has no value
[mp4 @ 0x91b010500] Packet duration: -1024 / dts: 7813120 in stream 1 is out of range
[mp4 @ 0x91b010500] pts has no value
[mp4 @ 0x91b010500] Packet duration: -1024 / dts: 7814144 in stream 1 is out of range
[mp4 @ 0x91b010500] pts has no value
[mp4 @ 0x91b010500] Packet duration: -1024 / dts: 7816192 in stream 1 is out of range
[mp4 @ 0x91b010500] pts has no value
[mp4 @ 0x91b010500] Packet duration: -1024 / dts: 7817216 in stream 1 is out of range
[mp4 @ 0x91b010500] pts has no value
[mp4 @ 0x91b010500] Packet duration: -1024 / dts: 7819264 in stream 1 is out of range
[mp4 @ 0x91b010500] pts has no value
[mp4 @ 0x91b010500] Packet duration: -1024 / dts: 7820288 in stream 1 is out of range
[mp4 @ 0x91b010500] pts has no value
[mp4 @ 0x91b010500] Packet duration: -1024 / dts: 7822336 in stream 1 is out of range
[mp4 @ 0x91b010500] pts has no value
[mp4 @ 0x91b010500] Packet duration: -1024 / dts: 7824384 in stream 1 is out of range
[mp4 @ 0x91b010500] pts has no value
[mp4 @ 0x91b010500] Packet duration: -1024 / dts: 7825408 in stream 1 is out of range
[mp4 @ 0x91b010500] pts has no value
timestamp: 2504008 segment: 163:0 priority: 127
[2m2026-08-26T07:59:11.587628Z[0m [32m INFO[0m [2mmoq_transport::session::subscribed[0m[2m:[0m [PUBLISHER] serve_subgroup: completed subgroup (group_id=162, subgroup_id=0, 30 objects sent)
timestamp: 7826432 segment: 164:0 priority: 127
[mp4 @ 0x91b010500] Packet duration: -1024 / dts: 7827456 in stream 1 is out of range
[mp4 @ 0x91b010500] pts has no value
[mp4 @ 0x91b010500] Packet duration: -1024 / dts: 7828480 in stream 1 is out of range
[mp4 @ 0x91b010500] pts has no value
[mp4 @ 0x91b010500] Packet duration: -1024 / dts: 7830528 in stream 1 is out of range
[mp4 @ 0x91b010500] pts has no value
[mp4 @ 0x91b010500] Packet duration: -1024 / dts: 7831552 in stream 1 is out of range
[mp4 @ 0x91b010500] pts has no value
[mp4 @ 0x91b010500] Packet duration: -1024 / dts: 7833600 in stream 1 is out of range
[mp4 @ 0x91b010500] pts has no value
[mp4 @ 0x91b010500] Packet duration: -1024 / dts: 7834624 in stream 1 is out of range
[mp4 @ 0x91b010500] pts has no value
[mp4 @ 0x91b010500] Packet duration: -1024 / dts: 7836672 in stream 1 is out of range
[mp4 @ 0x91b010500] pts has no value
[mp4 @ 0x91b010500] Packet duration: -1024 / dts: 7838720 in stream 1 is out of range
[mp4 @ 0x91b010500] pts has no value
[mp4 @ 0x91b010500] Packet duration: -1024 / dts: 7839744 in stream 1 is out of range
[mp4 @ 0x91b010500] pts has no value
[mp4 @ 0x91b010500] Packet duration: -1024 / dts: 7841792 in stream 1 is out of range
[mp4 @ 0x91b010500] pts has no value
[mp4 @ 0x91b010500] Packet duration: -1024 / dts: 7842816 in stream 1 is out of range
[mp4 @ 0x91b010500] pts has no value
[mp4 @ 0x91b010500] Packet duration: -1024 / dts: 7844864 in stream 1 is out of range
[mp4 @ 0x91b010500] pts has no value
[mp4 @ 0x91b010500] Packet duration: -1024 / dts: 7845888 in stream 1 is out of range
[mp4 @ 0x91b010500] pts has no value
[mp4 @ 0x91b010500] Packet duration: -1024 / dts: 7847936 in stream 1 is out of range
[mp4 @ 0x91b010500] pts has no value
[mp4 @ 0x91b010500] Packet duration: -1024 / dts: 7849984 in stream 1 is out of range
[mp4 @ 0x91b010500] pts has no value
[mp4 @ 0x91b010500] Packet duration: -1024 / dts: 7851008 in stream 1 is out of range
[mp4 @ 0x91b010500] pts has no value
[mp4 @ 0x91b010500] Packet duration: -1024 / dts: 7853056 in stream 1 is out of range
[mp4 @ 0x91b010500] pts has no value
[mp4 @ 0x91b010500] Packet duration: -1024 / dts: 7854080 in stream 1 is out of range
[mp4 @ 0x91b010500] pts has no value
[mp4 @ 0x91b010500] Packet duration: -1024 / dts: 7856128 in stream 1 is out of range
[mp4 @ 0x91b010500] pts has no value
[mp4 @ 0x91b010500] Packet duration: -1024 / dts: 7857152 in stream 1 is out of range
[mp4 @ 0x91b010500] pts has no value
[mp4 @ 0x91b010500] Packet duration: -1024 / dts: 7859200 in stream 1 is out of range
[mp4 @ 0x91b010500] pts has no value
[mp4 @ 0x91b010500] Packet duration: -1024 / dts: 7860224 in stream 1 is out of range
[mp4 @ 0x91b010500] pts has no value
[mp4 @ 0x91b010500] Packet duration: -1024 / dts: 7862272 in stream 1 is out of range
[mp4 @ 0x91b010500] pts has no value
[mp4 @ 0x91b010500] Packet duration: -1024 / dts: 7864320 in stream 1 is out of range
[mp4 @ 0x91b010500] pts has no value
[mp4 @ 0x91b010500] Packet duration: -1024 / dts: 7865344 in stream 1 is out of range
[mp4 @ 0x91b010500] pts has no value
[mp4 @ 0x91b010500] Packet duration: -1024 / dts: 7867392 in stream 1 is out of range
[mp4 @ 0x91b010500] pts has no value
[mp4 @ 0x91b010500] Packet duration: -1024 / dts: 7868416 in stream 1 is out of range
[mp4 @ 0x91b010500] pts has no value
[mp4 @ 0x91b010500] Packet duration: -1024 / dts: 7870464 in stream 1 is out of range
[mp4 @ 0x91b010500] pts has no value
[mp4 @ 0x91b010500] Packet duration: -1024 / dts: 7871488 in stream 1 is out of range
[mp4 @ 0x91b010500] pts has no value
[mp4 @ 0x91b010500] Packet duration: -1024 / dts: 7873536 in stream 1 is out of range
[mp4 @ 0x91b010500] pts has no value
timestamp: 2519368 segment: 164:0 priority: 127
[2m2026-08-26T07:59:12.589269Z[0m [32m INFO[0m [2mmoq_transport::session::subscribed[0m[2m:[0m [PUBLISHER] serve_subgroup: completed subgroup (group_id=163, subgroup_id=0, 30 objects sent)
timestamp: 7874560 segment: 165:0 priority: 127
[mp4 @ 0x91b010500] Packet duration: -1024 / dts: 7875584 in stream 1 is out of range
[mp4 @ 0x91b010500] pts has no value
[mp4 @ 0x91b010500] Packet duration: -1024 / dts: 7876608 in stream 1 is out of range
[mp4 @ 0x91b010500] pts has no value
[mp4 @ 0x91b010500] Packet duration: -1024 / dts: 7878656 in stream 1 is out of range
[mp4 @ 0x91b010500] pts has no value
[mp4 @ 0x91b010500] Packet duration: -1024 / dts: 7879680 in stream 1 is out of range
[mp4 @ 0x91b010500] pts has no value
[mp4 @ 0x91b010500] Packet duration: -1024 / dts: 7881728 in stream 1 is out of range
[mp4 @ 0x91b010500] pts has no value
[mp4 @ 0x91b010500] Packet duration: -1024 / dts: 7882752 in stream 1 is out of range
[mp4 @ 0x91b010500] pts has no value
[mp4 @ 0x91b010500] Packet duration: -1024 / dts: 7884800 in stream 1 is out of range
[mp4 @ 0x91b010500] pts has no value
[mp4 @ 0x91b010500] Packet duration: -1024 / dts: 7885824 in stream 1 is out of range
[mp4 @ 0x91b010500] pts has no value
[mp4 @ 0x91b010500] Packet duration: -1024 / dts: 7887872 in stream 1 is out of range
[mp4 @ 0x91b010500] pts has no value
[mp4 @ 0x91b010500] Packet duration: -1024 / dts: 7889920 in stream 1 is out of range
[mp4 @ 0x91b010500] pts has no value
[mp4 @ 0x91b010500] Packet duration: -1024 / dts: 7890944 in stream 1 is out of range
[mp4 @ 0x91b010500] pts has no value
[mp4 @ 0x91b010500] Packet duration: -1024 / dts: 7892992 in stream 1 is out of range
[mp4 @ 0x91b010500] pts has no value
[mp4 @ 0x91b010500] Packet duration: -1024 / dts: 7894016 in stream 1 is out of range
[mp4 @ 0x91b010500] pts has no value
[mp4 @ 0x91b010500] Packet duration: -1024 / dts: 7896064 in stream 1 is out of range
[mp4 @ 0x91b010500] pts has no value
[mp4 @ 0x91b010500] Packet duration: -1024 / dts: 7897088 in stream 1 is out of range
[mp4 @ 0x91b010500] pts has no value
[mp4 @ 0x91b010500] Packet duration: -1024 / dts: 7899136 in stream 1 is out of range
[mp4 @ 0x91b010500] pts has no value
[mp4 @ 0x91b010500] Packet duration: -1024 / dts: 7901184 in stream 1 is out of range
[mp4 @ 0x91b010500] pts has no value
[mp4 @ 0x91b010500] Packet duration: -1024 / dts: 7902208 in stream 1 is out of range
[mp4 @ 0x91b010500] pts has no value
[mp4 @ 0x91b010500] Packet duration: -1024 / dts: 7904256 in stream 1 is out of range
[mp4 @ 0x91b010500] pts has no value
[mp4 @ 0x91b010500] Packet duration: -1024 / dts: 7905280 in stream 1 is out of range
[mp4 @ 0x91b010500] pts has no value
[mp4 @ 0x91b010500] Packet duration: -1024 / dts: 7907328 in stream 1 is out of range
[mp4 @ 0x91b010500] pts has no value
[mp4 @ 0x91b010500] Packet duration: -1024 / dts: 7908352 in stream 1 is out of range
[mp4 @ 0x91b010500] pts has no value
[mp4 @ 0x91b010500] Packet duration: -1024 / dts: 7910400 in stream 1 is out of range
[mp4 @ 0x91b010500] pts has no value
[mp4 @ 0x91b010500] Packet duration: -1024 / dts: 7911424 in stream 1 is out of range
[mp4 @ 0x91b010500] pts has no value
[mp4 @ 0x91b010500] Packet duration: -1024 / dts: 7913472 in stream 1 is out of range
[mp4 @ 0x91b010500] pts has no value
[mp4 @ 0x91b010500] Packet duration: -1024 / dts: 7915520 in stream 1 is out of range
[mp4 @ 0x91b010500] pts has no value
[mp4 @ 0x91b010500] Packet duration: -1024 / dts: 7916544 in stream 1 is out of range
[mp4 @ 0x91b010500] pts has no value
[mp4 @ 0x91b010500] Packet duration: -1024 / dts: 7918592 in stream 1 is out of range
[mp4 @ 0x91b010500] pts has no value
[mp4 @ 0x91b010500] Packet duration: -1024 / dts: 7919616 in stream 1 is out of range
[mp4 @ 0x91b010500] pts has no value
[mp4 @ 0x91b010500] Packet duration: -1024 / dts: 7921664 in stream 1 is out of range
[mp4 @ 0x91b010500] pts has no value
timestamp: 2534728 segment: 165:0 priority: 127
[2m2026-08-26T07:59:13.593918Z[0m [32m INFO[0m [2mmoq_transport::session::subscribed[0m[2m:[0m [PUBLISHER] serve_subgroup: completed subgroup (group_id=164, subgroup_id=0, 30 objects sent)
timestamp: 7922688 segment: 166:0 priority: 127
[mp4 @ 0x91b010500] Packet duration: -1024 / dts: 7922688 in stream 1 is out of range
[mp4 @ 0x91b010500] pts has no value
[mp4 @ 0x91b010500] Packet duration: -1024 / dts: 7924736 in stream 1 is out of range
[mp4 @ 0x91b010500] pts has no value
[mp4 @ 0x91b010500] Packet duration: -1024 / dts: 7926784 in stream 1 is out of range
[mp4 @ 0x91b010500] pts has no value
[mp4 @ 0x91b010500] Packet duration: -1024 / dts: 7927808 in stream 1 is out of range
[mp4 @ 0x91b010500] pts has no value
[mp4 @ 0x91b010500] Packet duration: -1024 / dts: 7929856 in stream 1 is out of range
[mp4 @ 0x91b010500] pts has no value
[mp4 @ 0x91b010500] Packet duration: -1024 / dts: 7930880 in stream 1 is out of range
[mp4 @ 0x91b010500] pts has no value
[mp4 @ 0x91b010500] Packet duration: -1024 / dts: 7932928 in stream 1 is out of range
[mp4 @ 0x91b010500] pts has no value
[mp4 @ 0x91b010500] Packet duration: -1024 / dts: 7933952 in stream 1 is out of range
[mp4 @ 0x91b010500] pts has no value
[mp4 @ 0x91b010500] Packet duration: -1024 / dts: 7936000 in stream 1 is out of range
[mp4 @ 0x91b010500] pts has no value
[mp4 @ 0x91b010500] Packet duration: -1024 / dts: 7937024 in stream 1 is out of range
[mp4 @ 0x91b010500] pts has no value
[mp4 @ 0x91b010500] Packet duration: -1024 / dts: 7939072 in stream 1 is out of range
[mp4 @ 0x91b010500] pts has no value
[mp4 @ 0x91b010500] Packet duration: -1024 / dts: 7941120 in stream 1 is out of range
[mp4 @ 0x91b010500] pts has no value
[mp4 @ 0x91b010500] Packet duration: -1024 / dts: 7942144 in stream 1 is out of range
[mp4 @ 0x91b010500] pts has no value
[mp4 @ 0x91b010500] Packet duration: -1024 / dts: 7944192 in stream 1 is out of range
[mp4 @ 0x91b010500] pts has no value
[mp4 @ 0x91b010500] Packet duration: -1024 / dts: 7945216 in stream 1 is out of range
[mp4 @ 0x91b010500] pts has no value
[mp4 @ 0x91b010500] Packet duration: -1024 / dts: 7947264 in stream 1 is out of range
[mp4 @ 0x91b010500] pts has no value
[mp4 @ 0x91b010500] Packet duration: -1024 / dts: 7948288 in stream 1 is out of range
[mp4 @ 0x91b010500] pts has no value
[mp4 @ 0x91b010500] Packet duration: -1024 / dts: 7950336 in stream 1 is out of range
[mp4 @ 0x91b010500] pts has no value
[mp4 @ 0x91b010500] Packet duration: -1024 / dts: 7952384 in stream 1 is out of range
[mp4 @ 0x91b010500] pts has no value
[mp4 @ 0x91b010500] Packet duration: -1024 / dts: 7953408 in stream 1 is out of range
[mp4 @ 0x91b010500] pts has no value
[mp4 @ 0x91b010500] Packet duration: -1024 / dts: 7955456 in stream 1 is out of range
[mp4 @ 0x91b010500] pts has no value
[mp4 @ 0x91b010500] Packet duration: -1024 / dts: 7956480 in stream 1 is out of range
[mp4 @ 0x91b010500] pts has no value
[mp4 @ 0x91b010500] Packet duration: -1024 / dts: 7958528 in stream 1 is out of range
[mp4 @ 0x91b010500] pts has no value
[mp4 @ 0x91b010500] Packet duration: -1024 / dts: 7959552 in stream 1 is out of range
[mp4 @ 0x91b010500] pts has no value
[mp4 @ 0x91b010500] Packet duration: -1024 / dts: 7961600 in stream 1 is out of range
[mp4 @ 0x91b010500] pts has no value
[mp4 @ 0x91b010500] Packet duration: -1024 / dts: 7962624 in stream 1 is out of range
[mp4 @ 0x91b010500] pts has no value
[mp4 @ 0x91b010500] Packet duration: -1024 / dts: 7964672 in stream 1 is out of range
[mp4 @ 0x91b010500] pts has no value
[mp4 @ 0x91b010500] Packet duration: -1024 / dts: 7966720 in stream 1 is out of range
[mp4 @ 0x91b010500] pts has no value
[mp4 @ 0x91b010500] Packet duration: -1024 / dts: 7967744 in stream 1 is out of range
[mp4 @ 0x91b010500] pts has no value
[mp4 @ 0x91b010500] Packet duration: -1024 / dts: 7969792 in stream 1 is out of range
[mp4 @ 0x91b010500] pts has no value
timestamp: 2550088 segment: 166:0 priority: 127
[2m2026-08-26T07:59:14.600741Z[0m [32m INFO[0m [2mmoq_transport::session::subscribed[0m[2m:[0m [PUBLISHER] serve_subgroup: completed subgroup (group_id=165, subgroup_id=0, 30 objects sent)
timestamp: 7970816 segment: 167:0 priority: 127
[mp4 @ 0x91b010500] Packet duration: -1024 / dts: 7970816 in stream 1 is out of range
[mp4 @ 0x91b010500] pts has no value
[mp4 @ 0x91b010500] Packet duration: -1024 / dts: 7972864 in stream 1 is out of range
[mp4 @ 0x91b010500] pts has no value
[mp4 @ 0x91b010500] Packet duration: -1024 / dts: 7973888 in stream 1 is out of range
[mp4 @ 0x91b010500] pts has no value
[mp4 @ 0x91b010500] Packet duration: -1024 / dts: 7975936 in stream 1 is out of range
[mp4 @ 0x91b010500] pts has no value
[mp4 @ 0x91b010500] Packet duration: -1024 / dts: 7977984 in stream 1 is out of range
[mp4 @ 0x91b010500] pts has no value
[mp4 @ 0x91b010500] Packet duration: -1024 / dts: 7979008 in stream 1 is out of range
[mp4 @ 0x91b010500] pts has no value
[mp4 @ 0x91b010500] Packet duration: -1024 / dts: 7981056 in stream 1 is out of range
[mp4 @ 0x91b010500] pts has no value
[mp4 @ 0x91b010500] Packet duration: -1024 / dts: 7982080 in stream 1 is out of range
[mp4 @ 0x91b010500] pts has no value
[mp4 @ 0x91b010500] Packet duration: -1024 / dts: 7984128 in stream 1 is out of range
[mp4 @ 0x91b010500] pts has no value
[mp4 @ 0x91b010500] Packet duration: -1024 / dts: 7985152 in stream 1 is out of range
[mp4 @ 0x91b010500] pts has no value
[mp4 @ 0x91b010500] Packet duration: -1024 / dts: 7987200 in stream 1 is out of range
[mp4 @ 0x91b010500] pts has no value
[mp4 @ 0x91b010500] Packet duration: -1024 / dts: 7988224 in stream 1 is out of range
[mp4 @ 0x91b010500] pts has no value
[mp4 @ 0x91b010500] Packet duration: -1024 / dts: 7990272 in stream 1 is out of range
[mp4 @ 0x91b010500] pts has no value
[mp4 @ 0x91b010500] Packet duration: -1024 / dts: 7992320 in stream 1 is out of range
[mp4 @ 0x91b010500] pts has no value
[mp4 @ 0x91b010500] Packet duration: -1024 / dts: 7993344 in stream 1 is out of range
[mp4 @ 0x91b010500] pts has no value
[mp4 @ 0x91b010500] Packet duration: -1024 / dts: 7995392 in stream 1 is out of range
[mp4 @ 0x91b010500] pts has no value
[mp4 @ 0x91b010500] Packet duration: -1024 / dts: 7996416 in stream 1 is out of range
[mp4 @ 0x91b010500] pts has no value
[mp4 @ 0x91b010500] Packet duration: -1024 / dts: 7998464 in stream 1 is out of range
[mp4 @ 0x91b010500] pts has no value
[mp4 @ 0x91b010500] Packet duration: -1024 / dts: 7999488 in stream 1 is out of range
[mp4 @ 0x91b010500] pts has no value
[mp4 @ 0x91b010500] Packet duration: -1024 / dts: 8001536 in stream 1 is out of range
[mp4 @ 0x91b010500] pts has no value
[mp4 @ 0x91b010500] Packet duration: -1024 / dts: 8003584 in stream 1 is out of range
[mp4 @ 0x91b010500] pts has no value
[mp4 @ 0x91b010500] Packet duration: -1024 / dts: 8004608 in stream 1 is out of range
[mp4 @ 0x91b010500] pts has no value
[mp4 @ 0x91b010500] Packet duration: -1024 / dts: 8006656 in stream 1 is out of range
[mp4 @ 0x91b010500] pts has no value
[mp4 @ 0x91b010500] Packet duration: -1024 / dts: 8007680 in stream 1 is out of range
[mp4 @ 0x91b010500] pts has no value
[mp4 @ 0x91b010500] Packet duration: -1024 / dts: 8009728 in stream 1 is out of range
[mp4 @ 0x91b010500] pts has no value
[mp4 @ 0x91b010500] Packet duration: -1024 / dts: 8010752 in stream 1 is out of range
[mp4 @ 0x91b010500] pts has no value
[mp4 @ 0x91b010500] Packet duration: -1024 / dts: 8012800 in stream 1 is out of range
[mp4 @ 0x91b010500] pts has no value
[mp4 @ 0x91b010500] Packet duration: -1024 / dts: 8013824 in stream 1 is out of range
[mp4 @ 0x91b010500] pts has no value
[mp4 @ 0x91b010500] Packet duration: -1024 / dts: 8015872 in stream 1 is out of range
[mp4 @ 0x91b010500] pts has no value
[mp4 @ 0x91b010500] Packet duration: -1024 / dts: 8017920 in stream 1 is out of range
[mp4 @ 0x91b010500] pts has no value
timestamp: 2565448 segment: 167:0 priority: 127
[2m2026-08-26T07:59:15.607041Z[0m [32m INFO[0m [2mmoq_transport::session::subscribed[0m[2m:[0m [PUBLISHER] serve_subgroup: completed subgroup (group_id=166, subgroup_id=0, 30 objects sent)
timestamp: 8018944 segment: 168:0 priority: 127
[mp4 @ 0x91b010500] Packet duration: -1024 / dts: 8018944 in stream 1 is out of range
[mp4 @ 0x91b010500] pts has no value
[mp4 @ 0x91b010500] Packet duration: -1024 / dts: 8020992 in stream 1 is out of range
[mp4 @ 0x91b010500] pts has no value
[mp4 @ 0x91b010500] Packet duration: -1024 / dts: 8022016 in stream 1 is out of range
[mp4 @ 0x91b010500] pts has no value
[mp4 @ 0x91b010500] Packet duration: -1024 / dts: 8024064 in stream 1 is out of range
[mp4 @ 0x91b010500] pts has no value
[mp4 @ 0x91b010500] Packet duration: -1024 / dts: 8025088 in stream 1 is out of range
[mp4 @ 0x91b010500] pts has no value
[mp4 @ 0x91b010500] Packet duration: -1024 / dts: 8027136 in stream 1 is out of range
[mp4 @ 0x91b010500] pts has no value
[mp4 @ 0x91b010500] Packet duration: -1024 / dts: 8029184 in stream 1 is out of range
[mp4 @ 0x91b010500] pts has no value
[mp4 @ 0x91b010500] Packet duration: -1024 / dts: 8030208 in stream 1 is out of range
[mp4 @ 0x91b010500] pts has no value
[mp4 @ 0x91b010500] Packet duration: -1024 / dts: 8032256 in stream 1 is out of range
[mp4 @ 0x91b010500] pts has no value
[mp4 @ 0x91b010500] Packet duration: -1024 / dts: 8033280 in stream 1 is out of range
[mp4 @ 0x91b010500] pts has no value
[mp4 @ 0x91b010500] Packet duration: -1024 / dts: 8035328 in stream 1 is out of range
[mp4 @ 0x91b010500] pts has no value
[mp4 @ 0x91b010500] Packet duration: -1024 / dts: 8036352 in stream 1 is out of range
[mp4 @ 0x91b010500] pts has no value
[mp4 @ 0x91b010500] Packet duration: -1024 / dts: 8038400 in stream 1 is out of range
[mp4 @ 0x91b010500] pts has no value
[mp4 @ 0x91b010500] Packet duration: -1024 / dts: 8039424 in stream 1 is out of range
[mp4 @ 0x91b010500] pts has no value
[mp4 @ 0x91b010500] Packet duration: -1024 / dts: 8041472 in stream 1 is out of range
[mp4 @ 0x91b010500] pts has no value
[mp4 @ 0x91b010500] Packet duration: -1024 / dts: 8043520 in stream 1 is out of range
[mp4 @ 0x91b010500] pts has no value
[mp4 @ 0x91b010500] Packet duration: -1024 / dts: 8044544 in stream 1 is out of range
[mp4 @ 0x91b010500] pts has no value
[mp4 @ 0x91b010500] Packet duration: -1024 / dts: 8046592 in stream 1 is out of range
[mp4 @ 0x91b010500] pts has no value
[mp4 @ 0x91b010500] Packet duration: -1024 / dts: 8047616 in stream 1 is out of range
[mp4 @ 0x91b010500] pts has no value
[mp4 @ 0x91b010500] Packet duration: -1024 / dts: 8049664 in stream 1 is out of range
[mp4 @ 0x91b010500] pts has no value
[mp4 @ 0x91b010500] Packet duration: -1024 / dts: 8050688 in stream 1 is out of range
[mp4 @ 0x91b010500] pts has no value
[mp4 @ 0x91b010500] Packet duration: -1024 / dts: 8052736 in stream 1 is out of range
[mp4 @ 0x91b010500] pts has no value
[mp4 @ 0x91b010500] Packet duration: -1024 / dts: 8054784 in stream 1 is out of range
[mp4 @ 0x91b010500] pts has no value
[mp4 @ 0x91b010500] Packet duration: -1024 / dts: 8055808 in stream 1 is out of range
[mp4 @ 0x91b010500] pts has no value
[mp4 @ 0x91b010500] Packet duration: -1024 / dts: 8057856 in stream 1 is out of range
[mp4 @ 0x91b010500] pts has no value
[mp4 @ 0x91b010500] Packet duration: -1024 / dts: 8058880 in stream 1 is out of range
[mp4 @ 0x91b010500] pts has no value
[mp4 @ 0x91b010500] Packet duration: -1024 / dts: 8060928 in stream 1 is out of range
[mp4 @ 0x91b010500] pts has no value
[mp4 @ 0x91b010500] Packet duration: -1024 / dts: 8061952 in stream 1 is out of range
[mp4 @ 0x91b010500] pts has no value
[mp4 @ 0x91b010500] Packet duration: -1024 / dts: 8064000 in stream 1 is out of range
[mp4 @ 0x91b010500] pts has no value
[mp4 @ 0x91b010500] Packet duration: -1024 / dts: 8065024 in stream 1 is out of range
[mp4 @ 0x91b010500] pts has no value
timestamp: 2580808 segment: 168:0 priority: 127
[2m2026-08-26T07:59:16.619784Z[0m [32m INFO[0m [2mmoq_transport::session::subscribed[0m[2m:[0m [PUBLISHER] serve_subgroup: completed subgroup (group_id=167, subgroup_id=0, 30 objects sent)
timestamp: 8066048 segment: 169:0 priority: 127
[mp4 @ 0x91b010500] Packet duration: -1024 / dts: 8067072 in stream 1 is out of range
[mp4 @ 0x91b010500] pts has no value
[mp4 @ 0x91b010500] Packet duration: -1024 / dts: 8069120 in stream 1 is out of range
[mp4 @ 0x91b010500] pts has no value
[mp4 @ 0x91b010500] Packet duration: -1024 / dts: 8070144 in stream 1 is out of range
[mp4 @ 0x91b010500] pts has no value
[mp4 @ 0x91b010500] Packet duration: -1024 / dts: 8072192 in stream 1 is out of range
[mp4 @ 0x91b010500] pts has no value
[mp4 @ 0x91b010500] Packet duration: -1024 / dts: 8073216 in stream 1 is out of range
[mp4 @ 0x91b010500] pts has no value
[mp4 @ 0x91b010500] Packet duration: -1024 / dts: 8075264 in stream 1 is out of range
[mp4 @ 0x91b010500] pts has no value
[mp4 @ 0x91b010500] Packet duration: -1024 / dts: 8076288 in stream 1 is out of range
[mp4 @ 0x91b010500] pts has no value
[mp4 @ 0x91b010500] Packet duration: -1024 / dts: 8078336 in stream 1 is out of range
[mp4 @ 0x91b010500] pts has no value
[mp4 @ 0x91b010500] Packet duration: -1024 / dts: 8080384 in stream 1 is out of range
[mp4 @ 0x91b010500] pts has no value
[mp4 @ 0x91b010500] Packet duration: -1024 / dts: 8081408 in stream 1 is out of range
[mp4 @ 0x91b010500] pts has no value
[mp4 @ 0x91b010500] Packet duration: -1024 / dts: 8083456 in stream 1 is out of range
[mp4 @ 0x91b010500] pts has no value
[mp4 @ 0x91b010500] Packet duration: -1024 / dts: 8084480 in stream 1 is out of range
[mp4 @ 0x91b010500] pts has no value
[mp4 @ 0x91b010500] Packet duration: -1024 / dts: 8086528 in stream 1 is out of range
[mp4 @ 0x91b010500] pts has no value
[mp4 @ 0x91b010500] Packet duration: -1024 / dts: 8087552 in stream 1 is out of range
[mp4 @ 0x91b010500] pts has no value
[mp4 @ 0x91b010500] Packet duration: -1024 / dts: 8089600 in stream 1 is out of range
[mp4 @ 0x91b010500] pts has no value
[mp4 @ 0x91b010500] Packet duration: -1024 / dts: 8090624 in stream 1 is out of range
[mp4 @ 0x91b010500] pts has no value
[mp4 @ 0x91b010500] Packet duration: -1024 / dts: 8092672 in stream 1 is out of range
[mp4 @ 0x91b010500] pts has no value
[mp4 @ 0x91b010500] Packet duration: -1024 / dts: 8094720 in stream 1 is out of range
[mp4 @ 0x91b010500] pts has no value
[mp4 @ 0x91b010500] Packet duration: -1024 / dts: 8095744 in stream 1 is out of range
[mp4 @ 0x91b010500] pts has no value
[mp4 @ 0x91b010500] Packet duration: -1024 / dts: 8097792 in stream 1 is out of range
[mp4 @ 0x91b010500] pts has no value
[mp4 @ 0x91b010500] Packet duration: -1024 / dts: 8098816 in stream 1 is out of range
[mp4 @ 0x91b010500] pts has no value
[mp4 @ 0x91b010500] Packet duration: -1024 / dts: 8100864 in stream 1 is out of range
[mp4 @ 0x91b010500] pts has no value
[mp4 @ 0x91b010500] Packet duration: -1024 / dts: 8101888 in stream 1 is out of range
[mp4 @ 0x91b010500] pts has no value
[mp4 @ 0x91b010500] Packet duration: -1024 / dts: 8103936 in stream 1 is out of range
[mp4 @ 0x91b010500] pts has no value
[mp4 @ 0x91b010500] Packet duration: -1024 / dts: 8105984 in stream 1 is out of range
[mp4 @ 0x91b010500] pts has no value
[mp4 @ 0x91b010500] Packet duration: -1024 / dts: 8107008 in stream 1 is out of range
[mp4 @ 0x91b010500] pts has no value
[mp4 @ 0x91b010500] Packet duration: -1024 / dts: 8109056 in stream 1 is out of range
[mp4 @ 0x91b010500] pts has no value
[mp4 @ 0x91b010500] Packet duration: -1024 / dts: 8110080 in stream 1 is out of range
[mp4 @ 0x91b010500] pts has no value
[mp4 @ 0x91b010500] Packet duration: -1024 / dts: 8112128 in stream 1 is out of range
[mp4 @ 0x91b010500] pts has no value
[mp4 @ 0x91b010500] Packet duration: -1024 / dts: 8113152 in stream 1 is out of range
[mp4 @ 0x91b010500] pts has no value
timestamp: 2596168 segment: 169:0 priority: 127
[2m2026-08-26T07:59:17.624923Z[0m [32m INFO[0m [2mmoq_transport::session::subscribed[0m[2m:[0m [PUBLISHER] serve_subgroup: completed subgroup (group_id=168, subgroup_id=0, 30 objects sent)
timestamp: 8114176 segment: 170:0 priority: 127
[mp4 @ 0x91b010500] Packet duration: -1024 / dts: 8115200 in stream 1 is out of range
[mp4 @ 0x91b010500] pts has no value
[mp4 @ 0x91b010500] Packet duration: -1024 / dts: 8116224 in stream 1 is out of range
[mp4 @ 0x91b010500] pts has no value
[mp4 @ 0x91b010500] Packet duration: -1024 / dts: 8118272 in stream 1 is out of range
[mp4 @ 0x91b010500] pts has no value
[mp4 @ 0x91b010500] Packet duration: -1024 / dts: 8120320 in stream 1 is out of range
[mp4 @ 0x91b010500] pts has no value
[mp4 @ 0x91b010500] Packet duration: -1024 / dts: 8121344 in stream 1 is out of range
[mp4 @ 0x91b010500] pts has no value
[mp4 @ 0x91b010500] Packet duration: -1024 / dts: 8123392 in stream 1 is out of range
[mp4 @ 0x91b010500] pts has no value
[mp4 @ 0x91b010500] Packet duration: -1024 / dts: 8124416 in stream 1 is out of range
[mp4 @ 0x91b010500] pts has no value
[mp4 @ 0x91b010500] Packet duration: -1024 / dts: 8126464 in stream 1 is out of range
[mp4 @ 0x91b010500] pts has no value
[mp4 @ 0x91b010500] Packet duration: -1024 / dts: 8127488 in stream 1 is out of range
[mp4 @ 0x91b010500] pts has no value
[mp4 @ 0x91b010500] Packet duration: -1024 / dts: 8129536 in stream 1 is out of range
[mp4 @ 0x91b010500] pts has no value
[mp4 @ 0x91b010500] Packet duration: -1024 / dts: 8131584 in stream 1 is out of range
[mp4 @ 0x91b010500] pts has no value
[mp4 @ 0x91b010500] Packet duration: -1024 / dts: 8132608 in stream 1 is out of range
[mp4 @ 0x91b010500] pts has no value
[mp4 @ 0x91b010500] Packet duration: -1024 / dts: 8134656 in stream 1 is out of range
[mp4 @ 0x91b010500] pts has no value
[mp4 @ 0x91b010500] Packet duration: -1024 / dts: 8135680 in stream 1 is out of range
[mp4 @ 0x91b010500] pts has no value
[mp4 @ 0x91b010500] Packet duration: -1024 / dts: 8137728 in stream 1 is out of range
[mp4 @ 0x91b010500] pts has no value
[mp4 @ 0x91b010500] Packet duration: -1024 / dts: 8138752 in stream 1 is out of range
[mp4 @ 0x91b010500] pts has no value
[mp4 @ 0x91b010500] Packet duration: -1024 / dts: 8140800 in stream 1 is out of range
[mp4 @ 0x91b010500] pts has no value
[mp4 @ 0x91b010500] Packet duration: -1024 / dts: 8141824 in stream 1 is out of range
[mp4 @ 0x91b010500] pts has no value
[mp4 @ 0x91b010500] Packet duration: -1024 / dts: 8143872 in stream 1 is out of range
[mp4 @ 0x91b010500] pts has no value
[mp4 @ 0x91b010500] Packet duration: -1024 / dts: 8145920 in stream 1 is out of range
[mp4 @ 0x91b010500] pts has no value
[mp4 @ 0x91b010500] Packet duration: -1024 / dts: 8146944 in stream 1 is out of range
[mp4 @ 0x91b010500] pts has no value
[mp4 @ 0x91b010500] Packet duration: -1024 / dts: 8148992 in stream 1 is out of range
[mp4 @ 0x91b010500] pts has no value
[mp4 @ 0x91b010500] Packet duration: -1024 / dts: 8150016 in stream 1 is out of range
[mp4 @ 0x91b010500] pts has no value
[mp4 @ 0x91b010500] Packet duration: -1024 / dts: 8152064 in stream 1 is out of range
[mp4 @ 0x91b010500] pts has no value
[mp4 @ 0x91b010500] Packet duration: -1024 / dts: 8153088 in stream 1 is out of range
[mp4 @ 0x91b010500] pts has no value
[mp4 @ 0x91b010500] Packet duration: -1024 / dts: 8155136 in stream 1 is out of range
[mp4 @ 0x91b010500] pts has no value
[mp4 @ 0x91b010500] Packet duration: -1024 / dts: 8157184 in stream 1 is out of range
[mp4 @ 0x91b010500] pts has no value
[mp4 @ 0x91b010500] Packet duration: -1024 / dts: 8158208 in stream 1 is out of range
[mp4 @ 0x91b010500] pts has no value
[mp4 @ 0x91b010500] Packet duration: -1024 / dts: 8160256 in stream 1 is out of range
[mp4 @ 0x91b010500] pts has no value
[mp4 @ 0x91b010500] Packet duration: -1024 / dts: 8161280 in stream 1 is out of range
[mp4 @ 0x91b010500] pts has no value
timestamp: 2611528 segment: 170:0 priority: 127
[2m2026-08-26T07:59:18.634232Z[0m [32m INFO[0m [2mmoq_transport::session::subscribed[0m[2m:[0m [PUBLISHER] serve_subgroup: completed subgroup (group_id=169, subgroup_id=0, 30 objects sent)
timestamp: 8162304 segment: 171:0 priority: 127
[mp4 @ 0x91b010500] Packet duration: -1024 / dts: 8163328 in stream 1 is out of range
[mp4 @ 0x91b010500] pts has no value
[mp4 @ 0x91b010500] Packet duration: -1024 / dts: 8164352 in stream 1 is out of range
[mp4 @ 0x91b010500] pts has no value
[mp4 @ 0x91b010500] Packet duration: -1024 / dts: 8166400 in stream 1 is out of range
[mp4 @ 0x91b010500] pts has no value
[mp4 @ 0x91b010500] Packet duration: -1024 / dts: 8167424 in stream 1 is out of range
[mp4 @ 0x91b010500] pts has no value
[mp4 @ 0x91b010500] Packet duration: -1024 / dts: 8169472 in stream 1 is out of range
[mp4 @ 0x91b010500] pts has no value
[mp4 @ 0x91b010500] Packet duration: -1024 / dts: 8171520 in stream 1 is out of range
[mp4 @ 0x91b010500] pts has no value
[mp4 @ 0x91b010500] Packet duration: -1024 / dts: 8172544 in stream 1 is out of range
[mp4 @ 0x91b010500] pts has no value
[mp4 @ 0x91b010500] Packet duration: -1024 / dts: 8174592 in stream 1 is out of range
[mp4 @ 0x91b010500] pts has no value
[mp4 @ 0x91b010500] Packet duration: -1024 / dts: 8175616 in stream 1 is out of range
[mp4 @ 0x91b010500] pts has no value
[mp4 @ 0x91b010500] Packet duration: -1024 / dts: 8177664 in stream 1 is out of range
[mp4 @ 0x91b010500] pts has no value
[mp4 @ 0x91b010500] Packet duration: -1024 / dts: 8178688 in stream 1 is out of range
[mp4 @ 0x91b010500] pts has no value
[mp4 @ 0x91b010500] Packet duration: -1024 / dts: 8180736 in stream 1 is out of range
[mp4 @ 0x91b010500] pts has no value
[mp4 @ 0x91b010500] Packet duration: -1024 / dts: 8182784 in stream 1 is out of range
[mp4 @ 0x91b010500] pts has no value
[mp4 @ 0x91b010500] Packet duration: -1024 / dts: 8183808 in stream 1 is out of range
[mp4 @ 0x91b010500] pts has no value
[mp4 @ 0x91b010500] Packet duration: -1024 / dts: 8185856 in stream 1 is out of range
[mp4 @ 0x91b010500] pts has no value
[mp4 @ 0x91b010500] Packet duration: -1024 / dts: 8186880 in stream 1 is out of range
[mp4 @ 0x91b010500] pts has no value
[mp4 @ 0x91b010500] Packet duration: -1024 / dts: 8188928 in stream 1 is out of range
[mp4 @ 0x91b010500] pts has no value
[mp4 @ 0x91b010500] Packet duration: -1024 / dts: 8189952 in stream 1 is out of range
[mp4 @ 0x91b010500] pts has no value
[mp4 @ 0x91b010500] Packet duration: -1024 / dts: 8192000 in stream 1 is out of range
[mp4 @ 0x91b010500] pts has no value
[mp4 @ 0x91b010500] Packet duration: -1024 / dts: 8193024 in stream 1 is out of range
[mp4 @ 0x91b010500] pts has no value
[mp4 @ 0x91b010500] Packet duration: -1024 / dts: 8195072 in stream 1 is out of range
[mp4 @ 0x91b010500] pts has no value
[mp4 @ 0x91b010500] Packet duration: -1024 / dts: 8197120 in stream 1 is out of range
[mp4 @ 0x91b010500] pts has no value
[mp4 @ 0x91b010500] Packet duration: -1024 / dts: 8198144 in stream 1 is out of range
[mp4 @ 0x91b010500] pts has no value
[mp4 @ 0x91b010500] Packet duration: -1024 / dts: 8200192 in stream 1 is out of range
[mp4 @ 0x91b010500] pts has no value
[mp4 @ 0x91b010500] Packet duration: -1024 / dts: 8201216 in stream 1 is out of range
[mp4 @ 0x91b010500] pts has no value
[mp4 @ 0x91b010500] Packet duration: -1024 / dts: 8203264 in stream 1 is out of range
[mp4 @ 0x91b010500] pts has no value
[mp4 @ 0x91b010500] Packet duration: -1024 / dts: 8204288 in stream 1 is out of range
[mp4 @ 0x91b010500] pts has no value
[mp4 @ 0x91b010500] Packet duration: -1024 / dts: 8206336 in stream 1 is out of range
[mp4 @ 0x91b010500] pts has no value
[mp4 @ 0x91b010500] Packet duration: -1024 / dts: 8208384 in stream 1 is out of range
[mp4 @ 0x91b010500] pts has no value
[mp4 @ 0x91b010500] Packet duration: -1024 / dts: 8209408 in stream 1 is out of range
[mp4 @ 0x91b010500] pts has no value
timestamp: 2626888 segment: 171:0 priority: 127
[2m2026-08-26T07:59:19.643145Z[0m [32m INFO[0m [2mmoq_transport::session::subscribed[0m[2m:[0m [PUBLISHER] serve_subgroup: completed subgroup (group_id=170, subgroup_id=0, 30 objects sent)
timestamp: 8210432 segment: 172:0 priority: 127
[mp4 @ 0x91b010500] Packet duration: -1024 / dts: 8211456 in stream 1 is out of range
[mp4 @ 0x91b010500] pts has no value
[mp4 @ 0x91b010500] Packet duration: -1024 / dts: 8212480 in stream 1 is out of range
[mp4 @ 0x91b010500] pts has no value
[mp4 @ 0x91b010500] Packet duration: -1024 / dts: 8214528 in stream 1 is out of range
[mp4 @ 0x91b010500] pts has no value
[mp4 @ 0x91b010500] Packet duration: -1024 / dts: 8215552 in stream 1 is out of range
[mp4 @ 0x91b010500] pts has no value
[mp4 @ 0x91b010500] Packet duration: -1024 / dts: 8217600 in stream 1 is out of range
[mp4 @ 0x91b010500] pts has no value
[mp4 @ 0x91b010500] Packet duration: -1024 / dts: 8218624 in stream 1 is out of range
[mp4 @ 0x91b010500] pts has no value
[mp4 @ 0x91b010500] Packet duration: -1024 / dts: 8220672 in stream 1 is out of range
[mp4 @ 0x91b010500] pts has no value
[mp4 @ 0x91b010500] Packet duration: -1024 / dts: 8222720 in stream 1 is out of range
[mp4 @ 0x91b010500] pts has no value
[mp4 @ 0x91b010500] Packet duration: -1024 / dts: 8223744 in stream 1 is out of range
[mp4 @ 0x91b010500] pts has no value
[mp4 @ 0x91b010500] Packet duration: -1024 / dts: 8225792 in stream 1 is out of range
[mp4 @ 0x91b010500] pts has no value
[mp4 @ 0x91b010500] Packet duration: -1024 / dts: 8226816 in stream 1 is out of range
[mp4 @ 0x91b010500] pts has no value
[mp4 @ 0x91b010500] Packet duration: -1024 / dts: 8228864 in stream 1 is out of range
[mp4 @ 0x91b010500] pts has no value
[mp4 @ 0x91b010500] Packet duration: -1024 / dts: 8229888 in stream 1 is out of range
[mp4 @ 0x91b010500] pts has no value
[mp4 @ 0x91b010500] Packet duration: -1024 / dts: 8231936 in stream 1 is out of range
[mp4 @ 0x91b010500] pts has no value
[mp4 @ 0x91b010500] Packet duration: -1024 / dts: 8233984 in stream 1 is out of range
[mp4 @ 0x91b010500] pts has no value
[mp4 @ 0x91b010500] Packet duration: -1024 / dts: 8235008 in stream 1 is out of range
[mp4 @ 0x91b010500] pts has no value
[mp4 @ 0x91b010500] Packet duration: -1024 / dts: 8237056 in stream 1 is out of range
[mp4 @ 0x91b010500] pts has no value
[mp4 @ 0x91b010500] Packet duration: -1024 / dts: 8238080 in stream 1 is out of range
[mp4 @ 0x91b010500] pts has no value
[mp4 @ 0x91b010500] Packet duration: -1024 / dts: 8240128 in stream 1 is out of range
[mp4 @ 0x91b010500] pts has no value
[mp4 @ 0x91b010500] Packet duration: -1024 / dts: 8241152 in stream 1 is out of range
[mp4 @ 0x91b010500] pts has no value
[mp4 @ 0x91b010500] Packet duration: -1024 / dts: 8243200 in stream 1 is out of range
[mp4 @ 0x91b010500] pts has no value
[mp4 @ 0x91b010500] Packet duration: -1024 / dts: 8244224 in stream 1 is out of range
[mp4 @ 0x91b010500] pts has no value
[mp4 @ 0x91b010500] Packet duration: -1024 / dts: 8246272 in stream 1 is out of range
[mp4 @ 0x91b010500] pts has no value
[mp4 @ 0x91b010500] Packet duration: -1024 / dts: 8248320 in stream 1 is out of range
[mp4 @ 0x91b010500] pts has no value
[mp4 @ 0x91b010500] Packet duration: -1024 / dts: 8249344 in stream 1 is out of range
[mp4 @ 0x91b010500] pts has no value
[mp4 @ 0x91b010500] Packet duration: -1024 / dts: 8251392 in stream 1 is out of range
[mp4 @ 0x91b010500] pts has no value
[mp4 @ 0x91b010500] Packet duration: -1024 / dts: 8252416 in stream 1 is out of range
[mp4 @ 0x91b010500] pts has no value
[mp4 @ 0x91b010500] Packet duration: -1024 / dts: 8254464 in stream 1 is out of range
[mp4 @ 0x91b010500] pts has no value
[mp4 @ 0x91b010500] Packet duration: -1024 / dts: 8255488 in stream 1 is out of range
[mp4 @ 0x91b010500] pts has no value
[mp4 @ 0x91b010500] Packet duration: -1024 / dts: 8257536 in stream 1 is out of range
[mp4 @ 0x91b010500] pts has no value
timestamp: 2642248 segment: 172:0 priority: 127
[2m2026-08-26T07:59:20.650105Z[0m [32m INFO[0m [2mmoq_transport::session::subscribed[0m[2m:[0m [PUBLISHER] serve_subgroup: completed subgroup (group_id=171, subgroup_id=0, 30 objects sent)
timestamp: 8258560 segment: 173:0 priority: 127
[mp4 @ 0x91b010500] Packet duration: -1024 / dts: 8259584 in stream 1 is out of range
[mp4 @ 0x91b010500] pts has no value
[mp4 @ 0x91b010500] Packet duration: -1024 / dts: 8260608 in stream 1 is out of range
[mp4 @ 0x91b010500] pts has no value
[mp4 @ 0x91b010500] Packet duration: -1024 / dts: 8262656 in stream 1 is out of range
[mp4 @ 0x91b010500] pts has no value
[mp4 @ 0x91b010500] Packet duration: -1024 / dts: 8263680 in stream 1 is out of range
[mp4 @ 0x91b010500] pts has no value
[mp4 @ 0x91b010500] Packet duration: -1024 / dts: 8265728 in stream 1 is out of range
[mp4 @ 0x91b010500] pts has no value
[mp4 @ 0x91b010500] Packet duration: -1024 / dts: 8266752 in stream 1 is out of range
[mp4 @ 0x91b010500] pts has no value
[mp4 @ 0x91b010500] Packet duration: -1024 / dts: 8268800 in stream 1 is out of range
[mp4 @ 0x91b010500] pts has no value
[mp4 @ 0x91b010500] Packet duration: -1024 / dts: 8269824 in stream 1 is out of range
[mp4 @ 0x91b010500] pts has no value
[mp4 @ 0x91b010500] Packet duration: -1024 / dts: 8271872 in stream 1 is out of range
[mp4 @ 0x91b010500] pts has no value
[mp4 @ 0x91b010500] Packet duration: -1024 / dts: 8273920 in stream 1 is out of range
[mp4 @ 0x91b010500] pts has no value
[mp4 @ 0x91b010500] Packet duration: -1024 / dts: 8274944 in stream 1 is out of range
[mp4 @ 0x91b010500] pts has no value
[mp4 @ 0x91b010500] Packet duration: -1024 / dts: 8276992 in stream 1 is out of range
[mp4 @ 0x91b010500] pts has no value
[mp4 @ 0x91b010500] Packet duration: -1024 / dts: 8278016 in stream 1 is out of range
[mp4 @ 0x91b010500] pts has no value
[mp4 @ 0x91b010500] Packet duration: -1024 / dts: 8280064 in stream 1 is out of range
[mp4 @ 0x91b010500] pts has no value
[mp4 @ 0x91b010500] Packet duration: -1024 / dts: 8281088 in stream 1 is out of range
[mp4 @ 0x91b010500] pts has no value
[mp4 @ 0x91b010500] Packet duration: -1024 / dts: 8283136 in stream 1 is out of range
[mp4 @ 0x91b010500] pts has no value
[mp4 @ 0x91b010500] Packet duration: -1024 / dts: 8285184 in stream 1 is out of range
[mp4 @ 0x91b010500] pts has no value
[mp4 @ 0x91b010500] Packet duration: -1024 / dts: 8286208 in stream 1 is out of range
[mp4 @ 0x91b010500] pts has no value
[mp4 @ 0x91b010500] Packet duration: -1024 / dts: 8288256 in stream 1 is out of range
[mp4 @ 0x91b010500] pts has no value
[mp4 @ 0x91b010500] Packet duration: -1024 / dts: 8289280 in stream 1 is out of range
[mp4 @ 0x91b010500] pts has no value
[mp4 @ 0x91b010500] Packet duration: -1024 / dts: 8291328 in stream 1 is out of range
[mp4 @ 0x91b010500] pts has no value
[mp4 @ 0x91b010500] Packet duration: -1024 / dts: 8292352 in stream 1 is out of range
[mp4 @ 0x91b010500] pts has no value
[mp4 @ 0x91b010500] Packet duration: -1024 / dts: 8294400 in stream 1 is out of range
[mp4 @ 0x91b010500] pts has no value
[mp4 @ 0x91b010500] Packet duration: -1024 / dts: 8295424 in stream 1 is out of range
[mp4 @ 0x91b010500] pts has no value
[mp4 @ 0x91b010500] Packet duration: -1024 / dts: 8297472 in stream 1 is out of range
[mp4 @ 0x91b010500] pts has no value
[mp4 @ 0x91b010500] Packet duration: -1024 / dts: 8299520 in stream 1 is out of range
[mp4 @ 0x91b010500] pts has no value
[mp4 @ 0x91b010500] Packet duration: -1024 / dts: 8300544 in stream 1 is out of range
[mp4 @ 0x91b010500] pts has no value
[mp4 @ 0x91b010500] Packet duration: -1024 / dts: 8302592 in stream 1 is out of range
[mp4 @ 0x91b010500] pts has no value
[mp4 @ 0x91b010500] Packet duration: -1024 / dts: 8303616 in stream 1 is out of range
[mp4 @ 0x91b010500] pts has no value
[mp4 @ 0x91b010500] Packet duration: -1024 / dts: 8305664 in stream 1 is out of range
[mp4 @ 0x91b010500] pts has no value
timestamp: 2657608 segment: 173:0 priority: 127
[2m2026-08-26T07:59:21.654987Z[0m [32m INFO[0m [2mmoq_transport::session::subscribed[0m[2m:[0m [PUBLISHER] serve_subgroup: completed subgroup (group_id=172, subgroup_id=0, 30 objects sent)
timestamp: 8306688 segment: 174:0 priority: 127
[mp4 @ 0x91b010500] Packet duration: -1024 / dts: 8306688 in stream 1 is out of range
[mp4 @ 0x91b010500] pts has no value
[mp4 @ 0x91b010500] Packet duration: -1024 / dts: 8308736 in stream 1 is out of range
[mp4 @ 0x91b010500] pts has no value
[mp4 @ 0x91b010500] Packet duration: -1024 / dts: 8310784 in stream 1 is out of range
[mp4 @ 0x91b010500] pts has no value
[mp4 @ 0x91b010500] Packet duration: -1024 / dts: 8311808 in stream 1 is out of range
[mp4 @ 0x91b010500] pts has no value
[mp4 @ 0x91b010500] Packet duration: -1024 / dts: 8313856 in stream 1 is out of range
[mp4 @ 0x91b010500] pts has no value
[mp4 @ 0x91b010500] Packet duration: -1024 / dts: 8314880 in stream 1 is out of range
[mp4 @ 0x91b010500] pts has no value
[mp4 @ 0x91b010500] Packet duration: -1024 / dts: 8316928 in stream 1 is out of range
[mp4 @ 0x91b010500] pts has no value
[mp4 @ 0x91b010500] Packet duration: -1024 / dts: 8317952 in stream 1 is out of range
[mp4 @ 0x91b010500] pts has no value
[mp4 @ 0x91b010500] Packet duration: -1024 / dts: 8320000 in stream 1 is out of range
[mp4 @ 0x91b010500] pts has no value
[mp4 @ 0x91b010500] Packet duration: -1024 / dts: 8321024 in stream 1 is out of range
[mp4 @ 0x91b010500] pts has no value
[mp4 @ 0x91b010500] Packet duration: -1024 / dts: 8323072 in stream 1 is out of range
[mp4 @ 0x91b010500] pts has no value
[mp4 @ 0x91b010500] Packet duration: -1024 / dts: 8325120 in stream 1 is out of range
[mp4 @ 0x91b010500] pts has no value
[mp4 @ 0x91b010500] Packet duration: -1024 / dts: 8326144 in stream 1 is out of range
[mp4 @ 0x91b010500] pts has no value
[mp4 @ 0x91b010500] Packet duration: -1024 / dts: 8328192 in stream 1 is out of range
[mp4 @ 0x91b010500] pts has no value
[mp4 @ 0x91b010500] Packet duration: -1024 / dts: 8329216 in stream 1 is out of range
[mp4 @ 0x91b010500] pts has no value
[mp4 @ 0x91b010500] Packet duration: -1024 / dts: 8331264 in stream 1 is out of range
[mp4 @ 0x91b010500] pts has no value
[mp4 @ 0x91b010500] Packet duration: -1024 / dts: 8332288 in stream 1 is out of range
[mp4 @ 0x91b010500] pts has no value
[mp4 @ 0x91b010500] Packet duration: -1024 / dts: 8334336 in stream 1 is out of range
[mp4 @ 0x91b010500] pts has no value
[mp4 @ 0x91b010500] Packet duration: -1024 / dts: 8336384 in stream 1 is out of range
[mp4 @ 0x91b010500] pts has no value
[mp4 @ 0x91b010500] Packet duration: -1024 / dts: 8337408 in stream 1 is out of range
[mp4 @ 0x91b010500] pts has no value
[mp4 @ 0x91b010500] Packet duration: -1024 / dts: 8339456 in stream 1 is out of range
[mp4 @ 0x91b010500] pts has no value
[mp4 @ 0x91b010500] Packet duration: -1024 / dts: 8340480 in stream 1 is out of range
[mp4 @ 0x91b010500] pts has no value
[mp4 @ 0x91b010500] Packet duration: -1024 / dts: 8342528 in stream 1 is out of range
[mp4 @ 0x91b010500] pts has no value
[mp4 @ 0x91b010500] Packet duration: -1024 / dts: 8343552 in stream 1 is out of range
[mp4 @ 0x91b010500] pts has no value
[mp4 @ 0x91b010500] Packet duration: -1024 / dts: 8345600 in stream 1 is out of range
[mp4 @ 0x91b010500] pts has no value
[mp4 @ 0x91b010500] Packet duration: -1024 / dts: 8346624 in stream 1 is out of range
[mp4 @ 0x91b010500] pts has no value
[mp4 @ 0x91b010500] Packet duration: -1024 / dts: 8348672 in stream 1 is out of range
[mp4 @ 0x91b010500] pts has no value
[mp4 @ 0x91b010500] Packet duration: -1024 / dts: 8350720 in stream 1 is out of range
[mp4 @ 0x91b010500] pts has no value
[mp4 @ 0x91b010500] Packet duration: -1024 / dts: 8351744 in stream 1 is out of range
[mp4 @ 0x91b010500] pts has no value
[mp4 @ 0x91b010500] Packet duration: -1024 / dts: 8353792 in stream 1 is out of range
[mp4 @ 0x91b010500] pts has no value
timestamp: 2672968 segment: 174:0 priority: 127
[2m2026-08-26T07:59:22.666606Z[0m [32m INFO[0m [2mmoq_transport::session::subscribed[0m[2m:[0m [PUBLISHER] serve_subgroup: completed subgroup (group_id=173, subgroup_id=0, 30 objects sent)
timestamp: 8354816 segment: 175:0 priority: 127
[mp4 @ 0x91b010500] Packet duration: -1024 / dts: 8354816 in stream 1 is out of range
[mp4 @ 0x91b010500] pts has no value
[mp4 @ 0x91b010500] Packet duration: -1024 / dts: 8356864 in stream 1 is out of range
[mp4 @ 0x91b010500] pts has no value
[mp4 @ 0x91b010500] Packet duration: -1024 / dts: 8357888 in stream 1 is out of range
[mp4 @ 0x91b010500] pts has no value
[mp4 @ 0x91b010500] Packet duration: -1024 / dts: 8359936 in stream 1 is out of range
[mp4 @ 0x91b010500] pts has no value
[mp4 @ 0x91b010500] Packet duration: -1024 / dts: 8361984 in stream 1 is out of range
[mp4 @ 0x91b010500] pts has no value
[mp4 @ 0x91b010500] Packet duration: -1024 / dts: 8363008 in stream 1 is out of range
[mp4 @ 0x91b010500] pts has no value
[mp4 @ 0x91b010500] Packet duration: -1024 / dts: 8365056 in stream 1 is out of range
[mp4 @ 0x91b010500] pts has no value
[mp4 @ 0x91b010500] Packet duration: -1024 / dts: 8366080 in stream 1 is out of range
[mp4 @ 0x91b010500] pts has no value
[mp4 @ 0x91b010500] Packet duration: -1024 / dts: 8368128 in stream 1 is out of range
[mp4 @ 0x91b010500] pts has no value
[mp4 @ 0x91b010500] Packet duration: -1024 / dts: 8369152 in stream 1 is out of range
[mp4 @ 0x91b010500] pts has no value
[mp4 @ 0x91b010500] Packet duration: -1024 / dts: 8371200 in stream 1 is out of range
[mp4 @ 0x91b010500] pts has no value
[mp4 @ 0x91b010500] Packet duration: -1024 / dts: 8372224 in stream 1 is out of range
[mp4 @ 0x91b010500] pts has no value
[mp4 @ 0x91b010500] Packet duration: -1024 / dts: 8374272 in stream 1 is out of range
[mp4 @ 0x91b010500] pts has no value
[mp4 @ 0x91b010500] Packet duration: -1024 / dts: 8376320 in stream 1 is out of range
[mp4 @ 0x91b010500] pts has no value
[mp4 @ 0x91b010500] Packet duration: -1024 / dts: 8377344 in stream 1 is out of range
[mp4 @ 0x91b010500] pts has no value
[mp4 @ 0x91b010500] Packet duration: -1024 / dts: 8379392 in stream 1 is out of range
[mp4 @ 0x91b010500] pts has no value
[mp4 @ 0x91b010500] Packet duration: -1024 / dts: 8380416 in stream 1 is out of range
[mp4 @ 0x91b010500] pts has no value
[mp4 @ 0x91b010500] Packet duration: -1024 / dts: 8382464 in stream 1 is out of range
[mp4 @ 0x91b010500] pts has no value
[mp4 @ 0x91b010500] Packet duration: -1024 / dts: 8383488 in stream 1 is out of range
[mp4 @ 0x91b010500] pts has no value
[mp4 @ 0x91b010500] Packet duration: -1024 / dts: 8385536 in stream 1 is out of range
[mp4 @ 0x91b010500] pts has no value
[mp4 @ 0x91b010500] Packet duration: -1024 / dts: 8387584 in stream 1 is out of range
[mp4 @ 0x91b010500] pts has no value
[mp4 @ 0x91b010500] Packet duration: -1024 / dts: 8388608 in stream 1 is out of range
[mp4 @ 0x91b010500] pts has no value
[mp4 @ 0x91b010500] Packet duration: -1024 / dts: 8390656 in stream 1 is out of range
[mp4 @ 0x91b010500] pts has no value
[mp4 @ 0x91b010500] Packet duration: -1024 / dts: 8391680 in stream 1 is out of range
[mp4 @ 0x91b010500] pts has no value
[mp4 @ 0x91b010500] Packet duration: -1024 / dts: 8393728 in stream 1 is out of range
[mp4 @ 0x91b010500] pts has no value
[mp4 @ 0x91b010500] Packet duration: -1024 / dts: 8394752 in stream 1 is out of range
[mp4 @ 0x91b010500] pts has no value
[mp4 @ 0x91b010500] Packet duration: -1024 / dts: 8396800 in stream 1 is out of range
[mp4 @ 0x91b010500] pts has no value
[mp4 @ 0x91b010500] Packet duration: -1024 / dts: 8397824 in stream 1 is out of range
[mp4 @ 0x91b010500] pts has no value
[mp4 @ 0x91b010500] Packet duration: -1024 / dts: 8399872 in stream 1 is out of range
[mp4 @ 0x91b010500] pts has no value
[mp4 @ 0x91b010500] Packet duration: -1024 / dts: 8401920 in stream 1 is out of range
[mp4 @ 0x91b010500] pts has no value
timestamp: 2688328 segment: 175:0 priority: 127
[2m2026-08-26T07:59:23.673875Z[0m [32m INFO[0m [2mmoq_transport::session::subscribed[0m[2m:[0m [PUBLISHER] serve_subgroup: completed subgroup (group_id=174, subgroup_id=0, 30 objects sent)
timestamp: 8402944 segment: 176:0 priority: 127
[mp4 @ 0x91b010500] Packet duration: -1024 / dts: 8402944 in stream 1 is out of range
[mp4 @ 0x91b010500] pts has no value
[mp4 @ 0x91b010500] Packet duration: -1024 / dts: 8404992 in stream 1 is out of range
[mp4 @ 0x91b010500] pts has no value
[mp4 @ 0x91b010500] Packet duration: -1024 / dts: 8406016 in stream 1 is out of range
[mp4 @ 0x91b010500] pts has no value
[mp4 @ 0x91b010500] Packet duration: -1024 / dts: 8408064 in stream 1 is out of range
[mp4 @ 0x91b010500] pts has no value
[mp4 @ 0x91b010500] Packet duration: -1024 / dts: 8409088 in stream 1 is out of range
[mp4 @ 0x91b010500] pts has no value
[mp4 @ 0x91b010500] Packet duration: -1024 / dts: 8411136 in stream 1 is out of range
[mp4 @ 0x91b010500] pts has no value
[mp4 @ 0x91b010500] Packet duration: -1024 / dts: 8413184 in stream 1 is out of range
[mp4 @ 0x91b010500] pts has no value
[mp4 @ 0x91b010500] Packet duration: -1024 / dts: 8414208 in stream 1 is out of range
[mp4 @ 0x91b010500] pts has no value
[mp4 @ 0x91b010500] Packet duration: -1024 / dts: 8416256 in stream 1 is out of range
[mp4 @ 0x91b010500] pts has no value
[mp4 @ 0x91b010500] Packet duration: -1024 / dts: 8417280 in stream 1 is out of range
[mp4 @ 0x91b010500] pts has no value
[mp4 @ 0x91b010500] Packet duration: -1024 / dts: 8419328 in stream 1 is out of range
[mp4 @ 0x91b010500] pts has no value
[mp4 @ 0x91b010500] Packet duration: -1024 / dts: 8420352 in stream 1 is out of range
[mp4 @ 0x91b010500] pts has no value
[mp4 @ 0x91b010500] Packet duration: -1024 / dts: 8422400 in stream 1 is out of range
[mp4 @ 0x91b010500] pts has no value
[mp4 @ 0x91b010500] Packet duration: -1024 / dts: 8423424 in stream 1 is out of range
[mp4 @ 0x91b010500] pts has no value
[mp4 @ 0x91b010500] Packet duration: -1024 / dts: 8425472 in stream 1 is out of range
[mp4 @ 0x91b010500] pts has no value
[mp4 @ 0x91b010500] Packet duration: -1024 / dts: 8427520 in stream 1 is out of range
[mp4 @ 0x91b010500] pts has no value
[mp4 @ 0x91b010500] Packet duration: -1024 / dts: 8428544 in stream 1 is out of range
[mp4 @ 0x91b010500] pts has no value
[mp4 @ 0x91b010500] Packet duration: -1024 / dts: 8430592 in stream 1 is out of range
[mp4 @ 0x91b010500] pts has no value
[mp4 @ 0x91b010500] Packet duration: -1024 / dts: 8431616 in stream 1 is out of range
[mp4 @ 0x91b010500] pts has no value
[mp4 @ 0x91b010500] Packet duration: -1024 / dts: 8433664 in stream 1 is out of range
[mp4 @ 0x91b010500] pts has no value
[mp4 @ 0x91b010500] Packet duration: -1024 / dts: 8434688 in stream 1 is out of range
[mp4 @ 0x91b010500] pts has no value
[mp4 @ 0x91b010500] Packet duration: -1024 / dts: 8436736 in stream 1 is out of range
[mp4 @ 0x91b010500] pts has no value
[mp4 @ 0x91b010500] Packet duration: -1024 / dts: 8438784 in stream 1 is out of range
[mp4 @ 0x91b010500] pts has no value
[mp4 @ 0x91b010500] Packet duration: -1024 / dts: 8439808 in stream 1 is out of range
[mp4 @ 0x91b010500] pts has no value
[mp4 @ 0x91b010500] Packet duration: -1024 / dts: 8441856 in stream 1 is out of range
[mp4 @ 0x91b010500] pts has no value
[mp4 @ 0x91b010500] Packet duration: -1024 / dts: 8442880 in stream 1 is out of range
[mp4 @ 0x91b010500] pts has no value
[mp4 @ 0x91b010500] Packet duration: -1024 / dts: 8444928 in stream 1 is out of range
[mp4 @ 0x91b010500] pts has no value
[mp4 @ 0x91b010500] Packet duration: -1024 / dts: 8445952 in stream 1 is out of range
[mp4 @ 0x91b010500] pts has no value
[mp4 @ 0x91b010500] Packet duration: -1024 / dts: 8448000 in stream 1 is out of range
[mp4 @ 0x91b010500] pts has no value
[mp4 @ 0x91b010500] Packet duration: -1024 / dts: 8449024 in stream 1 is out of range
[mp4 @ 0x91b010500] pts has no value
timestamp: 2703688 segment: 176:0 priority: 127
[2m2026-08-26T07:59:24.679807Z[0m [32m INFO[0m [2mmoq_transport::session::subscribed[0m[2m:[0m [PUBLISHER] serve_subgroup: completed subgroup (group_id=175, subgroup_id=0, 30 objects sent)
timestamp: 8450048 segment: 177:0 priority: 127
[mp4 @ 0x91b010500] Packet duration: -1024 / dts: 8451072 in stream 1 is out of range
[mp4 @ 0x91b010500] pts has no value
[mp4 @ 0x91b010500] Packet duration: -1024 / dts: 8453120 in stream 1 is out of range
[mp4 @ 0x91b010500] pts has no value
[mp4 @ 0x91b010500] Packet duration: -1024 / dts: 8454144 in stream 1 is out of range
[mp4 @ 0x91b010500] pts has no value
[mp4 @ 0x91b010500] Packet duration: -1024 / dts: 8456192 in stream 1 is out of range
[mp4 @ 0x91b010500] pts has no value
[mp4 @ 0x91b010500] Packet duration: -1024 / dts: 8457216 in stream 1 is out of range
[mp4 @ 0x91b010500] pts has no value
[mp4 @ 0x91b010500] Packet duration: -1024 / dts: 8459264 in stream 1 is out of range
[mp4 @ 0x91b010500] pts has no value
[mp4 @ 0x91b010500] Packet duration: -1024 / dts: 8460288 in stream 1 is out of range
[mp4 @ 0x91b010500] pts has no value
[mp4 @ 0x91b010500] Packet duration: -1024 / dts: 8462336 in stream 1 is out of range
[mp4 @ 0x91b010500] pts has no value
[mp4 @ 0x91b010500] Packet duration: -1024 / dts: 8464384 in stream 1 is out of range
[mp4 @ 0x91b010500] pts has no value
[mp4 @ 0x91b010500] Packet duration: -1024 / dts: 8465408 in stream 1 is out of range
[mp4 @ 0x91b010500] pts has no value
[mp4 @ 0x91b010500] Packet duration: -1024 / dts: 8467456 in stream 1 is out of range
[mp4 @ 0x91b010500] pts has no value
[mp4 @ 0x91b010500] Packet duration: -1024 / dts: 8468480 in stream 1 is out of range
[mp4 @ 0x91b010500] pts has no value
[mp4 @ 0x91b010500] Packet duration: -1024 / dts: 8470528 in stream 1 is out of range
[mp4 @ 0x91b010500] pts has no value
[mp4 @ 0x91b010500] Packet duration: -1024 / dts: 8471552 in stream 1 is out of range
[mp4 @ 0x91b010500] pts has no value
[mp4 @ 0x91b010500] Packet duration: -1024 / dts: 8473600 in stream 1 is out of range
[mp4 @ 0x91b010500] pts has no value
[mp4 @ 0x91b010500] Packet duration: -1024 / dts: 8474624 in stream 1 is out of range
[mp4 @ 0x91b010500] pts has no value
[mp4 @ 0x91b010500] Packet duration: -1024 / dts: 8476672 in stream 1 is out of range
[mp4 @ 0x91b010500] pts has no value
[mp4 @ 0x91b010500] Packet duration: -1024 / dts: 8478720 in stream 1 is out of range
[mp4 @ 0x91b010500] pts has no value
[mp4 @ 0x91b010500] Packet duration: -1024 / dts: 8479744 in stream 1 is out of range
[mp4 @ 0x91b010500] pts has no value
[mp4 @ 0x91b010500] Packet duration: -1024 / dts: 8481792 in stream 1 is out of range
[mp4 @ 0x91b010500] pts has no value
[mp4 @ 0x91b010500] Packet duration: -1024 / dts: 8482816 in stream 1 is out of range
[mp4 @ 0x91b010500] pts has no value
[mp4 @ 0x91b010500] Packet duration: -1024 / dts: 8484864 in stream 1 is out of range
[mp4 @ 0x91b010500] pts has no value
[mp4 @ 0x91b010500] Packet duration: -1024 / dts: 8485888 in stream 1 is out of range
[mp4 @ 0x91b010500] pts has no value
[mp4 @ 0x91b010500] Packet duration: -1024 / dts: 8487936 in stream 1 is out of range
[mp4 @ 0x91b010500] pts has no value
[mp4 @ 0x91b010500] Packet duration: -1024 / dts: 8489984 in stream 1 is out of range
[mp4 @ 0x91b010500] pts has no value
[mp4 @ 0x91b010500] Packet duration: -1024 / dts: 8491008 in stream 1 is out of range
[mp4 @ 0x91b010500] pts has no value
[mp4 @ 0x91b010500] Packet duration: -1024 / dts: 8493056 in stream 1 is out of range
[mp4 @ 0x91b010500] pts has no value
[mp4 @ 0x91b010500] Packet duration: -1024 / dts: 8494080 in stream 1 is out of range
[mp4 @ 0x91b010500] pts has no value
[mp4 @ 0x91b010500] Packet duration: -1024 / dts: 8496128 in stream 1 is out of range
[mp4 @ 0x91b010500] pts has no value
[mp4 @ 0x91b010500] Packet duration: -1024 / dts: 8497152 in stream 1 is out of range
[mp4 @ 0x91b010500] pts has no value
timestamp: 2719048 segment: 177:0 priority: 127
timestamp: 8498176 segment: 178:0 priority: 127
[2m2026-08-26T07:59:25.684361Z[0m [32m INFO[0m [2mmoq_transport::session::subscribed[0m[2m:[0m [PUBLISHER] serve_subgroup: completed subgroup (group_id=176, subgroup_id=0, 30 objects sent)
[mp4 @ 0x91b010500] Packet duration: -1024 / dts: 8499200 in stream 1 is out of range
[mp4 @ 0x91b010500] pts has no value
[mp4 @ 0x91b010500] Packet duration: -1024 / dts: 8500224 in stream 1 is out of range
[mp4 @ 0x91b010500] pts has no value
[mp4 @ 0x91b010500] Packet duration: -1024 / dts: 8502272 in stream 1 is out of range
[mp4 @ 0x91b010500] pts has no value
[mp4 @ 0x91b010500] Packet duration: -1024 / dts: 8504320 in stream 1 is out of range
[mp4 @ 0x91b010500] pts has no value
[mp4 @ 0x91b010500] Packet duration: -1024 / dts: 8505344 in stream 1 is out of range
[mp4 @ 0x91b010500] pts has no value
[mp4 @ 0x91b010500] Packet duration: -1024 / dts: 8507392 in stream 1 is out of range
[mp4 @ 0x91b010500] pts has no value
[mp4 @ 0x91b010500] Packet duration: -1024 / dts: 8508416 in stream 1 is out of range
[mp4 @ 0x91b010500] pts has no value
[mp4 @ 0x91b010500] Packet duration: -1024 / dts: 8510464 in stream 1 is out of range
[mp4 @ 0x91b010500] pts has no value
[mp4 @ 0x91b010500] Packet duration: -1024 / dts: 8511488 in stream 1 is out of range
[mp4 @ 0x91b010500] pts has no value
[mp4 @ 0x91b010500] Packet duration: -1024 / dts: 8513536 in stream 1 is out of range
[mp4 @ 0x91b010500] pts has no value
[mp4 @ 0x91b010500] Packet duration: -1024 / dts: 8515584 in stream 1 is out of range
[mp4 @ 0x91b010500] pts has no value
[mp4 @ 0x91b010500] Packet duration: -1024 / dts: 8516608 in stream 1 is out of range
[mp4 @ 0x91b010500] pts has no value
[mp4 @ 0x91b010500] Packet duration: -1024 / dts: 8518656 in stream 1 is out of range
[mp4 @ 0x91b010500] pts has no value
[mp4 @ 0x91b010500] Packet duration: -1024 / dts: 8519680 in stream 1 is out of range
[mp4 @ 0x91b010500] pts has no value
[mp4 @ 0x91b010500] Packet duration: -1024 / dts: 8521728 in stream 1 is out of range
[mp4 @ 0x91b010500] pts has no value
[mp4 @ 0x91b010500] Packet duration: -1024 / dts: 8522752 in stream 1 is out of range
[mp4 @ 0x91b010500] pts has no value
[mp4 @ 0x91b010500] Packet duration: -1024 / dts: 8524800 in stream 1 is out of range
[mp4 @ 0x91b010500] pts has no value
[mp4 @ 0x91b010500] Packet duration: -1024 / dts: 8525824 in stream 1 is out of range
[mp4 @ 0x91b010500] pts has no value
[mp4 @ 0x91b010500] Packet duration: -1024 / dts: 8527872 in stream 1 is out of range
[mp4 @ 0x91b010500] pts has no value
[mp4 @ 0x91b010500] Packet duration: -1024 / dts: 8529920 in stream 1 is out of range
[mp4 @ 0x91b010500] pts has no value
[mp4 @ 0x91b010500] Packet duration: -1024 / dts: 8530944 in stream 1 is out of range
[mp4 @ 0x91b010500] pts has no value
[mp4 @ 0x91b010500] Packet duration: -1024 / dts: 8532992 in stream 1 is out of range
[mp4 @ 0x91b010500] pts has no value
[mp4 @ 0x91b010500] Packet duration: -1024 / dts: 8534016 in stream 1 is out of range
[mp4 @ 0x91b010500] pts has no value
[mp4 @ 0x91b010500] Packet duration: -1024 / dts: 8536064 in stream 1 is out of range
[mp4 @ 0x91b010500] pts has no value
[mp4 @ 0x91b010500] Packet duration: -1024 / dts: 8537088 in stream 1 is out of range
[mp4 @ 0x91b010500] pts has no value
[mp4 @ 0x91b010500] Packet duration: -1024 / dts: 8539136 in stream 1 is out of range
[mp4 @ 0x91b010500] pts has no value
[mp4 @ 0x91b010500] Packet duration: -1024 / dts: 8541184 in stream 1 is out of range
[mp4 @ 0x91b010500] pts has no value
[mp4 @ 0x91b010500] Packet duration: -1024 / dts: 8542208 in stream 1 is out of range
[mp4 @ 0x91b010500] pts has no value
[mp4 @ 0x91b010500] Packet duration: -1024 / dts: 8544256 in stream 1 is out of range
[mp4 @ 0x91b010500] pts has no value
[mp4 @ 0x91b010500] Packet duration: -1024 / dts: 8545280 in stream 1 is out of range
[mp4 @ 0x91b010500] pts has no value
timestamp: 2734408 segment: 178:0 priority: 127
[2m2026-08-26T07:59:26.693829Z[0m [32m INFO[0m [2mmoq_transport::session::subscribed[0m[2m:[0m [PUBLISHER] serve_subgroup: completed subgroup (group_id=177, subgroup_id=0, 30 objects sent)
timestamp: 8546304 segment: 179:0 priority: 127
[mp4 @ 0x91b010500] Packet duration: -1024 / dts: 8547328 in stream 1 is out of range
[mp4 @ 0x91b010500] pts has no value
[mp4 @ 0x91b010500] Packet duration: -1024 / dts: 8548352 in stream 1 is out of range
[mp4 @ 0x91b010500] pts has no value
[mp4 @ 0x91b010500] Packet duration: -1024 / dts: 8550400 in stream 1 is out of range
[mp4 @ 0x91b010500] pts has no value
[mp4 @ 0x91b010500] Packet duration: -1024 / dts: 8551424 in stream 1 is out of range
[mp4 @ 0x91b010500] pts has no value
[mp4 @ 0x91b010500] Packet duration: -1024 / dts: 8553472 in stream 1 is out of range
[mp4 @ 0x91b010500] pts has no value
[mp4 @ 0x91b010500] Packet duration: -1024 / dts: 8555520 in stream 1 is out of range
[mp4 @ 0x91b010500] pts has no value
[mp4 @ 0x91b010500] Packet duration: -1024 / dts: 8556544 in stream 1 is out of range
[mp4 @ 0x91b010500] pts has no value
[mp4 @ 0x91b010500] Packet duration: -1024 / dts: 8558592 in stream 1 is out of range
[mp4 @ 0x91b010500] pts has no value
[mp4 @ 0x91b010500] Packet duration: -1024 / dts: 8559616 in stream 1 is out of range
[mp4 @ 0x91b010500] pts has no value
[mp4 @ 0x91b010500] Packet duration: -1024 / dts: 8561664 in stream 1 is out of range
[mp4 @ 0x91b010500] pts has no value
[mp4 @ 0x91b010500] Packet duration: -1024 / dts: 8562688 in stream 1 is out of range
[mp4 @ 0x91b010500] pts has no value
[mp4 @ 0x91b010500] Packet duration: -1024 / dts: 8564736 in stream 1 is out of range
[mp4 @ 0x91b010500] pts has no value
[mp4 @ 0x91b010500] Packet duration: -1024 / dts: 8566784 in stream 1 is out of range
[mp4 @ 0x91b010500] pts has no value
[mp4 @ 0x91b010500] Packet duration: -1024 / dts: 8567808 in stream 1 is out of range
[mp4 @ 0x91b010500] pts has no value
[mp4 @ 0x91b010500] Packet duration: -1024 / dts: 8569856 in stream 1 is out of range
[mp4 @ 0x91b010500] pts has no value
[mp4 @ 0x91b010500] Packet duration: -1024 / dts: 8570880 in stream 1 is out of range
[mp4 @ 0x91b010500] pts has no value
[mp4 @ 0x91b010500] Packet duration: -1024 / dts: 8572928 in stream 1 is out of range
[mp4 @ 0x91b010500] pts has no value
[mp4 @ 0x91b010500] Packet duration: -1024 / dts: 8573952 in stream 1 is out of range
[mp4 @ 0x91b010500] pts has no value
[mp4 @ 0x91b010500] Packet duration: -1024 / dts: 8576000 in stream 1 is out of range
[mp4 @ 0x91b010500] pts has no value
[mp4 @ 0x91b010500] Packet duration: -1024 / dts: 8577024 in stream 1 is out of range
[mp4 @ 0x91b010500] pts has no value
[mp4 @ 0x91b010500] Packet duration: -1024 / dts: 8579072 in stream 1 is out of range
[mp4 @ 0x91b010500] pts has no value
[mp4 @ 0x91b010500] Packet duration: -1024 / dts: 8581120 in stream 1 is out of range
[mp4 @ 0x91b010500] pts has no value
[mp4 @ 0x91b010500] Packet duration: -1024 / dts: 8582144 in stream 1 is out of range
[mp4 @ 0x91b010500] pts has no value
[mp4 @ 0x91b010500] Packet duration: -1024 / dts: 8584192 in stream 1 is out of range
[mp4 @ 0x91b010500] pts has no value
[mp4 @ 0x91b010500] Packet duration: -1024 / dts: 8585216 in stream 1 is out of range
[mp4 @ 0x91b010500] pts has no value
[mp4 @ 0x91b010500] Packet duration: -1024 / dts: 8587264 in stream 1 is out of range
[mp4 @ 0x91b010500] pts has no value
[mp4 @ 0x91b010500] Packet duration: -1024 / dts: 8588288 in stream 1 is out of range
[mp4 @ 0x91b010500] pts has no value
[mp4 @ 0x91b010500] Packet duration: -1024 / dts: 8590336 in stream 1 is out of range
[mp4 @ 0x91b010500] pts has no value
[mp4 @ 0x91b010500] Packet duration: -1024 / dts: 8592384 in stream 1 is out of range
[mp4 @ 0x91b010500] pts has no value
[mp4 @ 0x91b010500] Packet duration: -1024 / dts: 8593408 in stream 1 is out of range
[mp4 @ 0x91b010500] pts has no value
timestamp: 2749768 segment: 179:0 priority: 127
[2m2026-08-26T07:59:27.701027Z[0m [32m INFO[0m [2mmoq_transport::session::subscribed[0m[2m:[0m [PUBLISHER] serve_subgroup: completed subgroup (group_id=178, subgroup_id=0, 30 objects sent)
timestamp: 8594432 segment: 180:0 priority: 127
[mp4 @ 0x91b010500] Packet duration: -1024 / dts: 8595456 in stream 1 is out of range
[mp4 @ 0x91b010500] pts has no value
[mp4 @ 0x91b010500] Packet duration: -1024 / dts: 8596480 in stream 1 is out of range
[mp4 @ 0x91b010500] pts has no value
[mp4 @ 0x91b010500] Packet duration: -1024 / dts: 8598528 in stream 1 is out of range
[mp4 @ 0x91b010500] pts has no value
[mp4 @ 0x91b010500] Packet duration: -1024 / dts: 8599552 in stream 1 is out of range
[mp4 @ 0x91b010500] pts has no value
[mp4 @ 0x91b010500] Packet duration: -1024 / dts: 8601600 in stream 1 is out of range
[mp4 @ 0x91b010500] pts has no value
[mp4 @ 0x91b010500] Packet duration: -1024 / dts: 8602624 in stream 1 is out of range
[mp4 @ 0x91b010500] pts has no value
[mp4 @ 0x91b010500] Packet duration: -1024 / dts: 8604672 in stream 1 is out of range
[mp4 @ 0x91b010500] pts has no value
[mp4 @ 0x91b010500] Packet duration: -1024 / dts: 8606720 in stream 1 is out of range
[mp4 @ 0x91b010500] pts has no value
[mp4 @ 0x91b010500] Packet duration: -1024 / dts: 8607744 in stream 1 is out of range
[mp4 @ 0x91b010500] pts has no value
[mp4 @ 0x91b010500] Packet duration: -1024 / dts: 8609792 in stream 1 is out of range
[mp4 @ 0x91b010500] pts has no value
[mp4 @ 0x91b010500] Packet duration: -1024 / dts: 8610816 in stream 1 is out of range
[mp4 @ 0x91b010500] pts has no value
[mp4 @ 0x91b010500] Packet duration: -1024 / dts: 8612864 in stream 1 is out of range
[mp4 @ 0x91b010500] pts has no value
[mp4 @ 0x91b010500] Packet duration: -1024 / dts: 8613888 in stream 1 is out of range
[mp4 @ 0x91b010500] pts has no value
[mp4 @ 0x91b010500] Packet duration: -1024 / dts: 8615936 in stream 1 is out of range
[mp4 @ 0x91b010500] pts has no value
[mp4 @ 0x91b010500] Packet duration: -1024 / dts: 8617984 in stream 1 is out of range
[mp4 @ 0x91b010500] pts has no value
[mp4 @ 0x91b010500] Packet duration: -1024 / dts: 8619008 in stream 1 is out of range
[mp4 @ 0x91b010500] pts has no value
[mp4 @ 0x91b010500] Packet duration: -1024 / dts: 8621056 in stream 1 is out of range
[mp4 @ 0x91b010500] pts has no value
[mp4 @ 0x91b010500] Packet duration: -1024 / dts: 8622080 in stream 1 is out of range
[mp4 @ 0x91b010500] pts has no value
[mp4 @ 0x91b010500] Packet duration: -1024 / dts: 8624128 in stream 1 is out of range
[mp4 @ 0x91b010500] pts has no value
[mp4 @ 0x91b010500] Packet duration: -1024 / dts: 8625152 in stream 1 is out of range
[mp4 @ 0x91b010500] pts has no value
[mp4 @ 0x91b010500] Packet duration: -1024 / dts: 8627200 in stream 1 is out of range
[mp4 @ 0x91b010500] pts has no value
[mp4 @ 0x91b010500] Packet duration: -1024 / dts: 8628224 in stream 1 is out of range
[mp4 @ 0x91b010500] pts has no value
[mp4 @ 0x91b010500] Packet duration: -1024 / dts: 8630272 in stream 1 is out of range
[mp4 @ 0x91b010500] pts has no value
[mp4 @ 0x91b010500] Packet duration: -1024 / dts: 8632320 in stream 1 is out of range
[mp4 @ 0x91b010500] pts has no value
[mp4 @ 0x91b010500] Packet duration: -1024 / dts: 8633344 in stream 1 is out of range
[mp4 @ 0x91b010500] pts has no value
[mp4 @ 0x91b010500] Packet duration: -1024 / dts: 8635392 in stream 1 is out of range
[mp4 @ 0x91b010500] pts has no value
[mp4 @ 0x91b010500] Packet duration: -1024 / dts: 8636416 in stream 1 is out of range
[mp4 @ 0x91b010500] pts has no value
[mp4 @ 0x91b010500] Packet duration: -1024 / dts: 8638464 in stream 1 is out of range
[mp4 @ 0x91b010500] pts has no value
[mp4 @ 0x91b010500] Packet duration: -1024 / dts: 8639488 in stream 1 is out of range
[mp4 @ 0x91b010500] pts has no value
[mp4 @ 0x91b010500] Packet duration: -1024 / dts: 8641536 in stream 1 is out of range
[mp4 @ 0x91b010500] pts has no value
timestamp: 2765128 segment: 180:0 priority: 127
[2m2026-08-26T07:59:28.711777Z[0m [32m INFO[0m [2mmoq_transport::session::subscribed[0m[2m:[0m [PUBLISHER] serve_subgroup: completed subgroup (group_id=179, subgroup_id=0, 30 objects sent)
timestamp: 8642560 segment: 181:0 priority: 127
[mp4 @ 0x91b010500] Packet duration: -1024 / dts: 8643584 in stream 1 is out of range
[mp4 @ 0x91b010500] pts has no value
[mp4 @ 0x91b010500] Packet duration: -1024 / dts: 8644608 in stream 1 is out of range
[mp4 @ 0x91b010500] pts has no value
[mp4 @ 0x91b010500] Packet duration: -1024 / dts: 8646656 in stream 1 is out of range
[mp4 @ 0x91b010500] pts has no value
[mp4 @ 0x91b010500] Packet duration: -1024 / dts: 8647680 in stream 1 is out of range
[mp4 @ 0x91b010500] pts has no value
[mp4 @ 0x91b010500] Packet duration: -1024 / dts: 8649728 in stream 1 is out of range
[mp4 @ 0x91b010500] pts has no value
[mp4 @ 0x91b010500] Packet duration: -1024 / dts: 8650752 in stream 1 is out of range
[mp4 @ 0x91b010500] pts has no value
[mp4 @ 0x91b010500] Packet duration: -1024 / dts: 8652800 in stream 1 is out of range
[mp4 @ 0x91b010500] pts has no value
[mp4 @ 0x91b010500] Packet duration: -1024 / dts: 8653824 in stream 1 is out of range
[mp4 @ 0x91b010500] pts has no value
[mp4 @ 0x91b010500] Packet duration: -1024 / dts: 8655872 in stream 1 is out of range
[mp4 @ 0x91b010500] pts has no value
[mp4 @ 0x91b010500] Packet duration: -1024 / dts: 8657920 in stream 1 is out of range
[mp4 @ 0x91b010500] pts has no value
[mp4 @ 0x91b010500] Packet duration: -1024 / dts: 8658944 in stream 1 is out of range
[mp4 @ 0x91b010500] pts has no value
[mp4 @ 0x91b010500] Packet duration: -1024 / dts: 8660992 in stream 1 is out of range
[mp4 @ 0x91b010500] pts has no value
[mp4 @ 0x91b010500] Packet duration: -1024 / dts: 8662016 in stream 1 is out of range
[mp4 @ 0x91b010500] pts has no value
[mp4 @ 0x91b010500] Packet duration: -1024 / dts: 8664064 in stream 1 is out of range
[mp4 @ 0x91b010500] pts has no value
[mp4 @ 0x91b010500] Packet duration: -1024 / dts: 8665088 in stream 1 is out of range
[mp4 @ 0x91b010500] pts has no value
[mp4 @ 0x91b010500] Packet duration: -1024 / dts: 8667136 in stream 1 is out of range
[mp4 @ 0x91b010500] pts has no value
[mp4 @ 0x91b010500] Packet duration: -1024 / dts: 8669184 in stream 1 is out of range
[mp4 @ 0x91b010500] pts has no value
[mp4 @ 0x91b010500] Packet duration: -1024 / dts: 8670208 in stream 1 is out of range
[mp4 @ 0x91b010500] pts has no value
[mp4 @ 0x91b010500] Packet duration: -1024 / dts: 8672256 in stream 1 is out of range
[mp4 @ 0x91b010500] pts has no value
[mp4 @ 0x91b010500] Packet duration: -1024 / dts: 8673280 in stream 1 is out of range
[mp4 @ 0x91b010500] pts has no value
[mp4 @ 0x91b010500] Packet duration: -1024 / dts: 8675328 in stream 1 is out of range
[mp4 @ 0x91b010500] pts has no value
[mp4 @ 0x91b010500] Packet duration: -1024 / dts: 8676352 in stream 1 is out of range
[mp4 @ 0x91b010500] pts has no value
[mp4 @ 0x91b010500] Packet duration: -1024 / dts: 8678400 in stream 1 is out of range
[mp4 @ 0x91b010500] pts has no value
[mp4 @ 0x91b010500] Packet duration: -1024 / dts: 8679424 in stream 1 is out of range
[mp4 @ 0x91b010500] pts has no value
[mp4 @ 0x91b010500] Packet duration: -1024 / dts: 8681472 in stream 1 is out of range
[mp4 @ 0x91b010500] pts has no value
[mp4 @ 0x91b010500] Packet duration: -1024 / dts: 8683520 in stream 1 is out of range
[mp4 @ 0x91b010500] pts has no value
[mp4 @ 0x91b010500] Packet duration: -1024 / dts: 8684544 in stream 1 is out of range
[mp4 @ 0x91b010500] pts has no value
[mp4 @ 0x91b010500] Packet duration: -1024 / dts: 8686592 in stream 1 is out of range
[mp4 @ 0x91b010500] pts has no value
[mp4 @ 0x91b010500] Packet duration: -1024 / dts: 8687616 in stream 1 is out of range
[mp4 @ 0x91b010500] pts has no value
[mp4 @ 0x91b010500] Packet duration: -1024 / dts: 8689664 in stream 1 is out of range
[mp4 @ 0x91b010500] pts has no value
timestamp: 2780488 segment: 181:0 priority: 127
[2m2026-08-26T07:59:29.718201Z[0m [32m INFO[0m [2mmoq_transport::session::subscribed[0m[2m:[0m [PUBLISHER] serve_subgroup: completed subgroup (group_id=180, subgroup_id=0, 30 objects sent)
timestamp: 8690688 segment: 182:0 priority: 127
[mp4 @ 0x91b010500] Packet duration: -1024 / dts: 8690688 in stream 1 is out of range
[mp4 @ 0x91b010500] pts has no value
[mp4 @ 0x91b010500] Packet duration: -1024 / dts: 8692736 in stream 1 is out of range
[mp4 @ 0x91b010500] pts has no value
[mp4 @ 0x91b010500] Packet duration: -1024 / dts: 8694784 in stream 1 is out of range
[mp4 @ 0x91b010500] pts has no value
[mp4 @ 0x91b010500] Packet duration: -1024 / dts: 8695808 in stream 1 is out of range
[mp4 @ 0x91b010500] pts has no value
[mp4 @ 0x91b010500] Packet duration: -1024 / dts: 8697856 in stream 1 is out of range
[mp4 @ 0x91b010500] pts has no value
[mp4 @ 0x91b010500] Packet duration: -1024 / dts: 8698880 in stream 1 is out of range
[mp4 @ 0x91b010500] pts has no value
[mp4 @ 0x91b010500] Packet duration: -1024 / dts: 8700928 in stream 1 is out of range
[mp4 @ 0x91b010500] pts has no value
[mp4 @ 0x91b010500] Packet duration: -1024 / dts: 8701952 in stream 1 is out of range
[mp4 @ 0x91b010500] pts has no value
[mp4 @ 0x91b010500] Packet duration: -1024 / dts: 8704000 in stream 1 is out of range
[mp4 @ 0x91b010500] pts has no value
[mp4 @ 0x91b010500] Packet duration: -1024 / dts: 8705024 in stream 1 is out of range
[mp4 @ 0x91b010500] pts has no value
[mp4 @ 0x91b010500] Packet duration: -1024 / dts: 8707072 in stream 1 is out of range
[mp4 @ 0x91b010500] pts has no value
[mp4 @ 0x91b010500] Packet duration: -1024 / dts: 8709120 in stream 1 is out of range
[mp4 @ 0x91b010500] pts has no value
[mp4 @ 0x91b010500] Packet duration: -1024 / dts: 8710144 in stream 1 is out of range
[mp4 @ 0x91b010500] pts has no value
[mp4 @ 0x91b010500] Packet duration: -1024 / dts: 8712192 in stream 1 is out of range
[mp4 @ 0x91b010500] pts has no value
[mp4 @ 0x91b010500] Packet duration: -1024 / dts: 8713216 in stream 1 is out of range
[mp4 @ 0x91b010500] pts has no value
[mp4 @ 0x91b010500] Packet duration: -1024 / dts: 8715264 in stream 1 is out of range
[mp4 @ 0x91b010500] pts has no value
[mp4 @ 0x91b010500] Packet duration: -1024 / dts: 8716288 in stream 1 is out of range
[mp4 @ 0x91b010500] pts has no value
[mp4 @ 0x91b010500] Packet duration: -1024 / dts: 8718336 in stream 1 is out of range
[mp4 @ 0x91b010500] pts has no value
[mp4 @ 0x91b010500] Packet duration: -1024 / dts: 8720384 in stream 1 is out of range
[mp4 @ 0x91b010500] pts has no value
[mp4 @ 0x91b010500] Packet duration: -1024 / dts: 8721408 in stream 1 is out of range
[mp4 @ 0x91b010500] pts has no value
[mp4 @ 0x91b010500] Packet duration: -1024 / dts: 8723456 in stream 1 is out of range
[mp4 @ 0x91b010500] pts has no value
[mp4 @ 0x91b010500] Packet duration: -1024 / dts: 8724480 in stream 1 is out of range
[mp4 @ 0x91b010500] pts has no value
[mp4 @ 0x91b010500] Packet duration: -1024 / dts: 8726528 in stream 1 is out of range
[mp4 @ 0x91b010500] pts has no value
[mp4 @ 0x91b010500] Packet duration: -1024 / dts: 8727552 in stream 1 is out of range
[mp4 @ 0x91b010500] pts has no value
[mp4 @ 0x91b010500] Packet duration: -1024 / dts: 8729600 in stream 1 is out of range
[mp4 @ 0x91b010500] pts has no value
[mp4 @ 0x91b010500] Packet duration: -1024 / dts: 8730624 in stream 1 is out of range
[mp4 @ 0x91b010500] pts has no value
[mp4 @ 0x91b010500] Packet duration: -1024 / dts: 8732672 in stream 1 is out of range
[mp4 @ 0x91b010500] pts has no value
[mp4 @ 0x91b010500] Packet duration: -1024 / dts: 8734720 in stream 1 is out of range
[mp4 @ 0x91b010500] pts has no value
[mp4 @ 0x91b010500] Packet duration: -1024 / dts: 8735744 in stream 1 is out of range
[mp4 @ 0x91b010500] pts has no value
[mp4 @ 0x91b010500] Packet duration: -1024 / dts: 8737792 in stream 1 is out of range
[mp4 @ 0x91b010500] pts has no value
timestamp: 2795848 segment: 182:0 priority: 127
[2m2026-08-26T07:59:30.726286Z[0m [32m INFO[0m [2mmoq_transport::session::subscribed[0m[2m:[0m [PUBLISHER] serve_subgroup: completed subgroup (group_id=181, subgroup_id=0, 30 objects sent)
timestamp: 8738816 segment: 183:0 priority: 127
[mp4 @ 0x91b010500] Packet duration: -1024 / dts: 8738816 in stream 1 is out of range
[mp4 @ 0x91b010500] pts has no value
[mp4 @ 0x91b010500] Packet duration: -1024 / dts: 8740864 in stream 1 is out of range
[mp4 @ 0x91b010500] pts has no value
[mp4 @ 0x91b010500] Packet duration: -1024 / dts: 8741888 in stream 1 is out of range
[mp4 @ 0x91b010500] pts has no value
[mp4 @ 0x91b010500] Packet duration: -1024 / dts: 8743936 in stream 1 is out of range
[mp4 @ 0x91b010500] pts has no value
[mp4 @ 0x91b010500] Packet duration: -1024 / dts: 8745984 in stream 1 is out of range
[mp4 @ 0x91b010500] pts has no value
[mp4 @ 0x91b010500] Packet duration: -1024 / dts: 8747008 in stream 1 is out of range
[mp4 @ 0x91b010500] pts has no value
[mp4 @ 0x91b010500] Packet duration: -1024 / dts: 8749056 in stream 1 is out of range
[mp4 @ 0x91b010500] pts has no value
[mp4 @ 0x91b010500] Packet duration: -1024 / dts: 8750080 in stream 1 is out of range
[mp4 @ 0x91b010500] pts has no value
[mp4 @ 0x91b010500] Packet duration: -1024 / dts: 8752128 in stream 1 is out of range
[mp4 @ 0x91b010500] pts has no value
[mp4 @ 0x91b010500] Packet duration: -1024 / dts: 8753152 in stream 1 is out of range
[mp4 @ 0x91b010500] pts has no value
[mp4 @ 0x91b010500] Packet duration: -1024 / dts: 8755200 in stream 1 is out of range
[mp4 @ 0x91b010500] pts has no value
[mp4 @ 0x91b010500] Packet duration: -1024 / dts: 8756224 in stream 1 is out of range
[mp4 @ 0x91b010500] pts has no value
[mp4 @ 0x91b010500] Packet duration: -1024 / dts: 8758272 in stream 1 is out of range
[mp4 @ 0x91b010500] pts has no value
[mp4 @ 0x91b010500] Packet duration: -1024 / dts: 8760320 in stream 1 is out of range
[mp4 @ 0x91b010500] pts has no value
[mp4 @ 0x91b010500] Packet duration: -1024 / dts: 8761344 in stream 1 is out of range
[mp4 @ 0x91b010500] pts has no value
[mp4 @ 0x91b010500] Packet duration: -1024 / dts: 8763392 in stream 1 is out of range
[mp4 @ 0x91b010500] pts has no value
[mp4 @ 0x91b010500] Packet duration: -1024 / dts: 8764416 in stream 1 is out of range
[mp4 @ 0x91b010500] pts has no value
[mp4 @ 0x91b010500] Packet duration: -1024 / dts: 8766464 in stream 1 is out of range
[mp4 @ 0x91b010500] pts has no value
[mp4 @ 0x91b010500] Packet duration: -1024 / dts: 8767488 in stream 1 is out of range
[mp4 @ 0x91b010500] pts has no value
[mp4 @ 0x91b010500] Packet duration: -1024 / dts: 8769536 in stream 1 is out of range
[mp4 @ 0x91b010500] pts has no value
[mp4 @ 0x91b010500] Packet duration: -1024 / dts: 8771584 in stream 1 is out of range
[mp4 @ 0x91b010500] pts has no value
[mp4 @ 0x91b010500] Packet duration: -1024 / dts: 8772608 in stream 1 is out of range
[mp4 @ 0x91b010500] pts has no value
[mp4 @ 0x91b010500] Packet duration: -1024 / dts: 8774656 in stream 1 is out of range
[mp4 @ 0x91b010500] pts has no value
[mp4 @ 0x91b010500] Packet duration: -1024 / dts: 8775680 in stream 1 is out of range
[mp4 @ 0x91b010500] pts has no value
[mp4 @ 0x91b010500] Packet duration: -1024 / dts: 8777728 in stream 1 is out of range
[mp4 @ 0x91b010500] pts has no value
[mp4 @ 0x91b010500] Packet duration: -1024 / dts: 8778752 in stream 1 is out of range
[mp4 @ 0x91b010500] pts has no value
[mp4 @ 0x91b010500] Packet duration: -1024 / dts: 8780800 in stream 1 is out of range
[mp4 @ 0x91b010500] pts has no value
[mp4 @ 0x91b010500] Packet duration: -1024 / dts: 8781824 in stream 1 is out of range
[mp4 @ 0x91b010500] pts has no value
[mp4 @ 0x91b010500] Packet duration: -1024 / dts: 8783872 in stream 1 is out of range
[mp4 @ 0x91b010500] pts has no value
[mp4 @ 0x91b010500] Packet duration: -1024 / dts: 8785920 in stream 1 is out of range
[mp4 @ 0x91b010500] pts has no value
timestamp: 2811208 segment: 183:0 priority: 127
[2m2026-08-26T07:59:31.729613Z[0m [32m INFO[0m [2mmoq_transport::session::subscribed[0m[2m:[0m [PUBLISHER] serve_subgroup: completed subgroup (group_id=182, subgroup_id=0, 30 objects sent)
timestamp: 8786944 segment: 184:0 priority: 127
[mp4 @ 0x91b010500] Packet duration: -1024 / dts: 8786944 in stream 1 is out of range
[mp4 @ 0x91b010500] pts has no value
[mp4 @ 0x91b010500] Packet duration: -1024 / dts: 8788992 in stream 1 is out of range
[mp4 @ 0x91b010500] pts has no value
[mp4 @ 0x91b010500] Packet duration: -1024 / dts: 8790016 in stream 1 is out of range
[mp4 @ 0x91b010500] pts has no value
[mp4 @ 0x91b010500] Packet duration: -1024 / dts: 8792064 in stream 1 is out of range
[mp4 @ 0x91b010500] pts has no value
[mp4 @ 0x91b010500] Packet duration: -1024 / dts: 8793088 in stream 1 is out of range
[mp4 @ 0x91b010500] pts has no value
[mp4 @ 0x91b010500] Packet duration: -1024 / dts: 8795136 in stream 1 is out of range
[mp4 @ 0x91b010500] pts has no value
[mp4 @ 0x91b010500] Packet duration: -1024 / dts: 8797184 in stream 1 is out of range
[mp4 @ 0x91b010500] pts has no value
[mp4 @ 0x91b010500] Packet duration: -1024 / dts: 8798208 in stream 1 is out of range
[mp4 @ 0x91b010500] pts has no value
[mp4 @ 0x91b010500] Packet duration: -1024 / dts: 8800256 in stream 1 is out of range
[mp4 @ 0x91b010500] pts has no value
[mp4 @ 0x91b010500] Packet duration: -1024 / dts: 8801280 in stream 1 is out of range
[mp4 @ 0x91b010500] pts has no value
[mp4 @ 0x91b010500] Packet duration: -1024 / dts: 8803328 in stream 1 is out of range
[mp4 @ 0x91b010500] pts has no value
[mp4 @ 0x91b010500] Packet duration: -1024 / dts: 8804352 in stream 1 is out of range
[mp4 @ 0x91b010500] pts has no value
[mp4 @ 0x91b010500] Packet duration: -1024 / dts: 8806400 in stream 1 is out of range
[mp4 @ 0x91b010500] pts has no value
[mp4 @ 0x91b010500] Packet duration: -1024 / dts: 8807424 in stream 1 is out of range
[mp4 @ 0x91b010500] pts has no value
[mp4 @ 0x91b010500] Packet duration: -1024 / dts: 8809472 in stream 1 is out of range
[mp4 @ 0x91b010500] pts has no value
[mp4 @ 0x91b010500] Packet duration: -1024 / dts: 8811520 in stream 1 is out of range
[mp4 @ 0x91b010500] pts has no value
[mp4 @ 0x91b010500] Packet duration: -1024 / dts: 8812544 in stream 1 is out of range
[mp4 @ 0x91b010500] pts has no value
[mp4 @ 0x91b010500] Packet duration: -1024 / dts: 8814592 in stream 1 is out of range
[mp4 @ 0x91b010500] pts has no value
[mp4 @ 0x91b010500] Packet duration: -1024 / dts: 8815616 in stream 1 is out of range
[mp4 @ 0x91b010500] pts has no value
[mp4 @ 0x91b010500] Packet duration: -1024 / dts: 8817664 in stream 1 is out of range
[mp4 @ 0x91b010500] pts has no value
[mp4 @ 0x91b010500] Packet duration: -1024 / dts: 8818688 in stream 1 is out of range
[mp4 @ 0x91b010500] pts has no value
[mp4 @ 0x91b010500] Packet duration: -1024 / dts: 8820736 in stream 1 is out of range
[mp4 @ 0x91b010500] pts has no value
[mp4 @ 0x91b010500] Packet duration: -1024 / dts: 8822784 in stream 1 is out of range
[mp4 @ 0x91b010500] pts has no value
[mp4 @ 0x91b010500] Packet duration: -1024 / dts: 8823808 in stream 1 is out of range
[mp4 @ 0x91b010500] pts has no value
[mp4 @ 0x91b010500] Packet duration: -1024 / dts: 8825856 in stream 1 is out of range
[mp4 @ 0x91b010500] pts has no value
[mp4 @ 0x91b010500] Packet duration: -1024 / dts: 8826880 in stream 1 is out of range
[mp4 @ 0x91b010500] pts has no value
[mp4 @ 0x91b010500] Packet duration: -1024 / dts: 8828928 in stream 1 is out of range
[mp4 @ 0x91b010500] pts has no value
[mp4 @ 0x91b010500] Packet duration: -1024 / dts: 8829952 in stream 1 is out of range
[mp4 @ 0x91b010500] pts has no value
[mp4 @ 0x91b010500] Packet duration: -1024 / dts: 8832000 in stream 1 is out of range
[mp4 @ 0x91b010500] pts has no value
[mp4 @ 0x91b010500] Packet duration: -1024 / dts: 8833024 in stream 1 is out of range
[mp4 @ 0x91b010500] pts has no value
timestamp: 2826568 segment: 184:0 priority: 127
[2m2026-08-26T07:59:32.744148Z[0m [32m INFO[0m [2mmoq_transport::session::subscribed[0m[2m:[0m [PUBLISHER] serve_subgroup: completed subgroup (group_id=183, subgroup_id=0, 30 objects sent)
timestamp: 8834048 segment: 185:0 priority: 127
[mp4 @ 0x91b010500] Packet duration: -1024 / dts: 8835072 in stream 1 is out of range
[mp4 @ 0x91b010500] pts has no value
[mp4 @ 0x91b010500] Packet duration: -1024 / dts: 8837120 in stream 1 is out of range
[mp4 @ 0x91b010500] pts has no value
[mp4 @ 0x91b010500] Packet duration: -1024 / dts: 8838144 in stream 1 is out of range
[mp4 @ 0x91b010500] pts has no value
[mp4 @ 0x91b010500] Packet duration: -1024 / dts: 8840192 in stream 1 is out of range
[mp4 @ 0x91b010500] pts has no value
[mp4 @ 0x91b010500] Packet duration: -1024 / dts: 8841216 in stream 1 is out of range
[mp4 @ 0x91b010500] pts has no value
[mp4 @ 0x91b010500] Packet duration: -1024 / dts: 8843264 in stream 1 is out of range
[mp4 @ 0x91b010500] pts has no value
[mp4 @ 0x91b010500] Packet duration: -1024 / dts: 8844288 in stream 1 is out of range
[mp4 @ 0x91b010500] pts has no value
[mp4 @ 0x91b010500] Packet duration: -1024 / dts: 8846336 in stream 1 is out of range
[mp4 @ 0x91b010500] pts has no value
[mp4 @ 0x91b010500] Packet duration: -1024 / dts: 8848384 in stream 1 is out of range
[mp4 @ 0x91b010500] pts has no value
[mp4 @ 0x91b010500] Packet duration: -1024 / dts: 8849408 in stream 1 is out of range
[mp4 @ 0x91b010500] pts has no value
[mp4 @ 0x91b010500] Packet duration: -1024 / dts: 8851456 in stream 1 is out of range
[mp4 @ 0x91b010500] pts has no value
[mp4 @ 0x91b010500] Packet duration: -1024 / dts: 8852480 in stream 1 is out of range
[mp4 @ 0x91b010500] pts has no value
[mp4 @ 0x91b010500] Packet duration: -1024 / dts: 8854528 in stream 1 is out of range
[mp4 @ 0x91b010500] pts has no value
[mp4 @ 0x91b010500] Packet duration: -1024 / dts: 8855552 in stream 1 is out of range
[mp4 @ 0x91b010500] pts has no value
[mp4 @ 0x91b010500] Packet duration: -1024 / dts: 8857600 in stream 1 is out of range
[mp4 @ 0x91b010500] pts has no value
[mp4 @ 0x91b010500] Packet duration: -1024 / dts: 8858624 in stream 1 is out of range
[mp4 @ 0x91b010500] pts has no value
[mp4 @ 0x91b010500] Packet duration: -1024 / dts: 8860672 in stream 1 is out of range
[mp4 @ 0x91b010500] pts has no value
[mp4 @ 0x91b010500] Packet duration: -1024 / dts: 8862720 in stream 1 is out of range
[mp4 @ 0x91b010500] pts has no value
[mp4 @ 0x91b010500] Packet duration: -1024 / dts: 8863744 in stream 1 is out of range
[mp4 @ 0x91b010500] pts has no value
[mp4 @ 0x91b010500] Packet duration: -1024 / dts: 8865792 in stream 1 is out of range
[mp4 @ 0x91b010500] pts has no value
[mp4 @ 0x91b010500] Packet duration: -1024 / dts: 8866816 in stream 1 is out of range
[mp4 @ 0x91b010500] pts has no value
[mp4 @ 0x91b010500] Packet duration: -1024 / dts: 8868864 in stream 1 is out of range
[mp4 @ 0x91b010500] pts has no value
[mp4 @ 0x91b010500] Packet duration: -1024 / dts: 8869888 in stream 1 is out of range
[mp4 @ 0x91b010500] pts has no value
[mp4 @ 0x91b010500] Packet duration: -1024 / dts: 8871936 in stream 1 is out of range
[mp4 @ 0x91b010500] pts has no value
[mp4 @ 0x91b010500] Packet duration: -1024 / dts: 8873984 in stream 1 is out of range
[mp4 @ 0x91b010500] pts has no value
[mp4 @ 0x91b010500] Packet duration: -1024 / dts: 8875008 in stream 1 is out of range
[mp4 @ 0x91b010500] pts has no value
[mp4 @ 0x91b010500] Packet duration: -1024 / dts: 8877056 in stream 1 is out of range
[mp4 @ 0x91b010500] pts has no value
[mp4 @ 0x91b010500] Packet duration: -1024 / dts: 8878080 in stream 1 is out of range
[mp4 @ 0x91b010500] pts has no value
[mp4 @ 0x91b010500] Packet duration: -1024 / dts: 8880128 in stream 1 is out of range
[mp4 @ 0x91b010500] pts has no value
[mp4 @ 0x91b010500] Packet duration: -1024 / dts: 8881152 in stream 1 is out of range
[mp4 @ 0x91b010500] pts has no value
timestamp: 2841928 segment: 185:0 priority: 127
[2m2026-08-26T07:59:33.748510Z[0m [32m INFO[0m [2mmoq_transport::session::subscribed[0m[2m:[0m [PUBLISHER] serve_subgroup: completed subgroup (group_id=184, subgroup_id=0, 30 objects sent)
timestamp: 8882176 segment: 186:0 priority: 127
[mp4 @ 0x91b010500] Packet duration: -1024 / dts: 8883200 in stream 1 is out of range
[mp4 @ 0x91b010500] pts has no value
[mp4 @ 0x91b010500] Packet duration: -1024 / dts: 8884224 in stream 1 is out of range
[mp4 @ 0x91b010500] pts has no value
[mp4 @ 0x91b010500] Packet duration: -1024 / dts: 8886272 in stream 1 is out of range
[mp4 @ 0x91b010500] pts has no value
[mp4 @ 0x91b010500] Packet duration: -1024 / dts: 8888320 in stream 1 is out of range
[mp4 @ 0x91b010500] pts has no value
[mp4 @ 0x91b010500] Packet duration: -1024 / dts: 8889344 in stream 1 is out of range
[mp4 @ 0x91b010500] pts has no value
[mp4 @ 0x91b010500] Packet duration: -1024 / dts: 8891392 in stream 1 is out of range
[mp4 @ 0x91b010500] pts has no value
[mp4 @ 0x91b010500] Packet duration: -1024 / dts: 8892416 in stream 1 is out of range
[mp4 @ 0x91b010500] pts has no value
[mp4 @ 0x91b010500] Packet duration: -1024 / dts: 8894464 in stream 1 is out of range
[mp4 @ 0x91b010500] pts has no value
[mp4 @ 0x91b010500] Packet duration: -1024 / dts: 8895488 in stream 1 is out of range
[mp4 @ 0x91b010500] pts has no value
[mp4 @ 0x91b010500] Packet duration: -1024 / dts: 8897536 in stream 1 is out of range
[mp4 @ 0x91b010500] pts has no value
[mp4 @ 0x91b010500] Packet duration: -1024 / dts: 8899584 in stream 1 is out of range
[mp4 @ 0x91b010500] pts has no value
[mp4 @ 0x91b010500] Packet duration: -1024 / dts: 8900608 in stream 1 is out of range
[mp4 @ 0x91b010500] pts has no value
[mp4 @ 0x91b010500] Packet duration: -1024 / dts: 8902656 in stream 1 is out of range
[mp4 @ 0x91b010500] pts has no value
[mp4 @ 0x91b010500] Packet duration: -1024 / dts: 8903680 in stream 1 is out of range
[mp4 @ 0x91b010500] pts has no value
[mp4 @ 0x91b010500] Packet duration: -1024 / dts: 8905728 in stream 1 is out of range
[mp4 @ 0x91b010500] pts has no value
[mp4 @ 0x91b010500] Packet duration: -1024 / dts: 8906752 in stream 1 is out of range
[mp4 @ 0x91b010500] pts has no value
[mp4 @ 0x91b010500] Packet duration: -1024 / dts: 8908800 in stream 1 is out of range
[mp4 @ 0x91b010500] pts has no value
[mp4 @ 0x91b010500] Packet duration: -1024 / dts: 8909824 in stream 1 is out of range
[mp4 @ 0x91b010500] pts has no value
[mp4 @ 0x91b010500] Packet duration: -1024 / dts: 8911872 in stream 1 is out of range
[mp4 @ 0x91b010500] pts has no value
[mp4 @ 0x91b010500] Packet duration: -1024 / dts: 8913920 in stream 1 is out of range
[mp4 @ 0x91b010500] pts has no value
[mp4 @ 0x91b010500] Packet duration: -1024 / dts: 8914944 in stream 1 is out of range
[mp4 @ 0x91b010500] pts has no value
[mp4 @ 0x91b010500] Packet duration: -1024 / dts: 8916992 in stream 1 is out of range
[mp4 @ 0x91b010500] pts has no value
[mp4 @ 0x91b010500] Packet duration: -1024 / dts: 8918016 in stream 1 is out of range
[mp4 @ 0x91b010500] pts has no value
[mp4 @ 0x91b010500] Packet duration: -1024 / dts: 8920064 in stream 1 is out of range
[mp4 @ 0x91b010500] pts has no value
[mp4 @ 0x91b010500] Packet duration: -1024 / dts: 8921088 in stream 1 is out of range
[mp4 @ 0x91b010500] pts has no value
[mp4 @ 0x91b010500] Packet duration: -1024 / dts: 8923136 in stream 1 is out of range
[mp4 @ 0x91b010500] pts has no value
[mp4 @ 0x91b010500] Packet duration: -1024 / dts: 8925184 in stream 1 is out of range
[mp4 @ 0x91b010500] pts has no value
[mp4 @ 0x91b010500] Packet duration: -1024 / dts: 8926208 in stream 1 is out of range
[mp4 @ 0x91b010500] pts has no value
[mp4 @ 0x91b010500] Packet duration: -1024 / dts: 8928256 in stream 1 is out of range
[mp4 @ 0x91b010500] pts has no value
[mp4 @ 0x91b010500] Packet duration: -1024 / dts: 8929280 in stream 1 is out of range
[mp4 @ 0x91b010500] pts has no value
timestamp: 2857288 segment: 186:0 priority: 127
[2m2026-08-26T07:59:34.755848Z[0m [32m INFO[0m [2mmoq_transport::session::subscribed[0m[2m:[0m [PUBLISHER] serve_subgroup: completed subgroup (group_id=185, subgroup_id=0, 30 objects sent)
timestamp: 8930304 segment: 187:0 priority: 127
[mp4 @ 0x91b010500] Packet duration: -1024 / dts: 8931328 in stream 1 is out of range
[mp4 @ 0x91b010500] pts has no value
[mp4 @ 0x91b010500] Packet duration: -1024 / dts: 8932352 in stream 1 is out of range
[mp4 @ 0x91b010500] pts has no value
[mp4 @ 0x91b010500] Packet duration: -1024 / dts: 8934400 in stream 1 is out of range
[mp4 @ 0x91b010500] pts has no value
[mp4 @ 0x91b010500] Packet duration: -1024 / dts: 8935424 in stream 1 is out of range
[mp4 @ 0x91b010500] pts has no value
[mp4 @ 0x91b010500] Packet duration: -1024 / dts: 8937472 in stream 1 is out of range
[mp4 @ 0x91b010500] pts has no value
[mp4 @ 0x91b010500] Packet duration: -1024 / dts: 8939520 in stream 1 is out of range
[mp4 @ 0x91b010500] pts has no value
[mp4 @ 0x91b010500] Packet duration: -1024 / dts: 8940544 in stream 1 is out of range
[mp4 @ 0x91b010500] pts has no value
[mp4 @ 0x91b010500] Packet duration: -1024 / dts: 8942592 in stream 1 is out of range
[mp4 @ 0x91b010500] pts has no value
[mp4 @ 0x91b010500] Packet duration: -1024 / dts: 8943616 in stream 1 is out of range
[mp4 @ 0x91b010500] pts has no value
[mp4 @ 0x91b010500] Packet duration: -1024 / dts: 8945664 in stream 1 is out of range
[mp4 @ 0x91b010500] pts has no value
[mp4 @ 0x91b010500] Packet duration: -1024 / dts: 8946688 in stream 1 is out of range
[mp4 @ 0x91b010500] pts has no value
[mp4 @ 0x91b010500] Packet duration: -1024 / dts: 8948736 in stream 1 is out of range
[mp4 @ 0x91b010500] pts has no value
[mp4 @ 0x91b010500] Packet duration: -1024 / dts: 8950784 in stream 1 is out of range
[mp4 @ 0x91b010500] pts has no value
[mp4 @ 0x91b010500] Packet duration: -1024 / dts: 8951808 in stream 1 is out of range
[mp4 @ 0x91b010500] pts has no value
[mp4 @ 0x91b010500] Packet duration: -1024 / dts: 8953856 in stream 1 is out of range
[mp4 @ 0x91b010500] pts has no value
[mp4 @ 0x91b010500] Packet duration: -1024 / dts: 8954880 in stream 1 is out of range
[mp4 @ 0x91b010500] pts has no value
[mp4 @ 0x91b010500] Packet duration: -1024 / dts: 8956928 in stream 1 is out of range
[mp4 @ 0x91b010500] pts has no value
[mp4 @ 0x91b010500] Packet duration: -1024 / dts: 8957952 in stream 1 is out of range
[mp4 @ 0x91b010500] pts has no value
[mp4 @ 0x91b010500] Packet duration: -1024 / dts: 8960000 in stream 1 is out of range
[mp4 @ 0x91b010500] pts has no value
[mp4 @ 0x91b010500] Packet duration: -1024 / dts: 8961024 in stream 1 is out of range
[mp4 @ 0x91b010500] pts has no value
[mp4 @ 0x91b010500] Packet duration: -1024 / dts: 8963072 in stream 1 is out of range
[mp4 @ 0x91b010500] pts has no value
[mp4 @ 0x91b010500] Packet duration: -1024 / dts: 8965120 in stream 1 is out of range
[mp4 @ 0x91b010500] pts has no value
[mp4 @ 0x91b010500] Packet duration: -1024 / dts: 8966144 in stream 1 is out of range
[mp4 @ 0x91b010500] pts has no value
[mp4 @ 0x91b010500] Packet duration: -1024 / dts: 8968192 in stream 1 is out of range
[mp4 @ 0x91b010500] pts has no value
[mp4 @ 0x91b010500] Packet duration: -1024 / dts: 8969216 in stream 1 is out of range
[mp4 @ 0x91b010500] pts has no value
[mp4 @ 0x91b010500] Packet duration: -1024 / dts: 8971264 in stream 1 is out of range
[mp4 @ 0x91b010500] pts has no value
[mp4 @ 0x91b010500] Packet duration: -1024 / dts: 8972288 in stream 1 is out of range
[mp4 @ 0x91b010500] pts has no value
[mp4 @ 0x91b010500] Packet duration: -1024 / dts: 8974336 in stream 1 is out of range
[mp4 @ 0x91b010500] pts has no value
[mp4 @ 0x91b010500] Packet duration: -1024 / dts: 8976384 in stream 1 is out of range
[mp4 @ 0x91b010500] pts has no value
[mp4 @ 0x91b010500] Packet duration: -1024 / dts: 8977408 in stream 1 is out of range
[mp4 @ 0x91b010500] pts has no value
timestamp: 2872648 segment: 187:0 priority: 127
timestamp: 8978432 segment: 188:0 priority: 127
[2m2026-08-26T07:59:35.764669Z[0m [32m INFO[0m [2mmoq_transport::session::subscribed[0m[2m:[0m [PUBLISHER] serve_subgroup: completed subgroup (group_id=186, subgroup_id=0, 30 objects sent)
[mp4 @ 0x91b010500] Packet duration: -1024 / dts: 8979456 in stream 1 is out of range
[mp4 @ 0x91b010500] pts has no value
[mp4 @ 0x91b010500] Packet duration: -1024 / dts: 8980480 in stream 1 is out of range
[mp4 @ 0x91b010500] pts has no value
[mp4 @ 0x91b010500] Packet duration: -1024 / dts: 8982528 in stream 1 is out of range
[mp4 @ 0x91b010500] pts has no value
[mp4 @ 0x91b010500] Packet duration: -1024 / dts: 8983552 in stream 1 is out of range
[mp4 @ 0x91b010500] pts has no value
[mp4 @ 0x91b010500] Packet duration: -1024 / dts: 8985600 in stream 1 is out of range
[mp4 @ 0x91b010500] pts has no value
[mp4 @ 0x91b010500] Packet duration: -1024 / dts: 8986624 in stream 1 is out of range
[mp4 @ 0x91b010500] pts has no value
[mp4 @ 0x91b010500] Packet duration: -1024 / dts: 8988672 in stream 1 is out of range
[mp4 @ 0x91b010500] pts has no value
[mp4 @ 0x91b010500] Packet duration: -1024 / dts: 8990720 in stream 1 is out of range
[mp4 @ 0x91b010500] pts has no value
[mp4 @ 0x91b010500] Packet duration: -1024 / dts: 8991744 in stream 1 is out of range
[mp4 @ 0x91b010500] pts has no value
[mp4 @ 0x91b010500] Packet duration: -1024 / dts: 8993792 in stream 1 is out of range
[mp4 @ 0x91b010500] pts has no value
[mp4 @ 0x91b010500] Packet duration: -1024 / dts: 8994816 in stream 1 is out of range
[mp4 @ 0x91b010500] pts has no value
[mp4 @ 0x91b010500] Packet duration: -1024 / dts: 8996864 in stream 1 is out of range
[mp4 @ 0x91b010500] pts has no value
[mp4 @ 0x91b010500] Packet duration: -1024 / dts: 8997888 in stream 1 is out of range
[mp4 @ 0x91b010500] pts has no value
[mp4 @ 0x91b010500] Packet duration: -1024 / dts: 8999936 in stream 1 is out of range
[mp4 @ 0x91b010500] pts has no value
[mp4 @ 0x91b010500] Packet duration: -1024 / dts: 9001984 in stream 1 is out of range
[mp4 @ 0x91b010500] pts has no value
[mp4 @ 0x91b010500] Packet duration: -1024 / dts: 9003008 in stream 1 is out of range
[mp4 @ 0x91b010500] pts has no value
[mp4 @ 0x91b010500] Packet duration: -1024 / dts: 9005056 in stream 1 is out of range
[mp4 @ 0x91b010500] pts has no value
[mp4 @ 0x91b010500] Packet duration: -1024 / dts: 9006080 in stream 1 is out of range
[mp4 @ 0x91b010500] pts has no value
[mp4 @ 0x91b010500] Packet duration: -1024 / dts: 9008128 in stream 1 is out of range
[mp4 @ 0x91b010500] pts has no value
[mp4 @ 0x91b010500] Packet duration: -1024 / dts: 9009152 in stream 1 is out of range
[mp4 @ 0x91b010500] pts has no value
[mp4 @ 0x91b010500] Packet duration: -1024 / dts: 9011200 in stream 1 is out of range
[mp4 @ 0x91b010500] pts has no value
[mp4 @ 0x91b010500] Packet duration: -1024 / dts: 9012224 in stream 1 is out of range
[mp4 @ 0x91b010500] pts has no value
[mp4 @ 0x91b010500] Packet duration: -1024 / dts: 9014272 in stream 1 is out of range
[mp4 @ 0x91b010500] pts has no value
[mp4 @ 0x91b010500] Packet duration: -1024 / dts: 9016320 in stream 1 is out of range
[mp4 @ 0x91b010500] pts has no value
[mp4 @ 0x91b010500] Packet duration: -1024 / dts: 9017344 in stream 1 is out of range
[mp4 @ 0x91b010500] pts has no value
[mp4 @ 0x91b010500] Packet duration: -1024 / dts: 9019392 in stream 1 is out of range
[mp4 @ 0x91b010500] pts has no value
[mp4 @ 0x91b010500] Packet duration: -1024 / dts: 9020416 in stream 1 is out of range
[mp4 @ 0x91b010500] pts has no value
[mp4 @ 0x91b010500] Packet duration: -1024 / dts: 9022464 in stream 1 is out of range
[mp4 @ 0x91b010500] pts has no value
[mp4 @ 0x91b010500] Packet duration: -1024 / dts: 9023488 in stream 1 is out of range
[mp4 @ 0x91b010500] pts has no value
[mp4 @ 0x91b010500] Packet duration: -1024 / dts: 9025536 in stream 1 is out of range
[mp4 @ 0x91b010500] pts has no value
timestamp: 2888008 segment: 188:0 priority: 127
[2m2026-08-26T07:59:36.767813Z[0m [32m INFO[0m [2mmoq_transport::session::subscribed[0m[2m:[0m [PUBLISHER] serve_subgroup: completed subgroup (group_id=187, subgroup_id=0, 30 objects sent)
timestamp: 9026560 segment: 189:0 priority: 127
[mp4 @ 0x91b010500] Packet duration: -1024 / dts: 9027584 in stream 1 is out of range
[mp4 @ 0x91b010500] pts has no value
[mp4 @ 0x91b010500] Packet duration: -1024 / dts: 9028608 in stream 1 is out of range
[mp4 @ 0x91b010500] pts has no value
[mp4 @ 0x91b010500] Packet duration: -1024 / dts: 9030656 in stream 1 is out of range
[mp4 @ 0x91b010500] pts has no value
[mp4 @ 0x91b010500] Packet duration: -1024 / dts: 9031680 in stream 1 is out of range
[mp4 @ 0x91b010500] pts has no value
[mp4 @ 0x91b010500] Packet duration: -1024 / dts: 9033728 in stream 1 is out of range
[mp4 @ 0x91b010500] pts has no value
[mp4 @ 0x91b010500] Packet duration: -1024 / dts: 9034752 in stream 1 is out of range
[mp4 @ 0x91b010500] pts has no value
[mp4 @ 0x91b010500] Packet duration: -1024 / dts: 9036800 in stream 1 is out of range
[mp4 @ 0x91b010500] pts has no value
[mp4 @ 0x91b010500] Packet duration: -1024 / dts: 9037824 in stream 1 is out of range
[mp4 @ 0x91b010500] pts has no value
[mp4 @ 0x91b010500] Packet duration: -1024 / dts: 9039872 in stream 1 is out of range
[mp4 @ 0x91b010500] pts has no value
[mp4 @ 0x91b010500] Packet duration: -1024 / dts: 9041920 in stream 1 is out of range
[mp4 @ 0x91b010500] pts has no value
[mp4 @ 0x91b010500] Packet duration: -1024 / dts: 9042944 in stream 1 is out of range
[mp4 @ 0x91b010500] pts has no value
[mp4 @ 0x91b010500] Packet duration: -1024 / dts: 9044992 in stream 1 is out of range
[mp4 @ 0x91b010500] pts has no value
[mp4 @ 0x91b010500] Packet duration: -1024 / dts: 9046016 in stream 1 is out of range
[mp4 @ 0x91b010500] pts has no value
[mp4 @ 0x91b010500] Packet duration: -1024 / dts: 9048064 in stream 1 is out of range
[mp4 @ 0x91b010500] pts has no value
[mp4 @ 0x91b010500] Packet duration: -1024 / dts: 9049088 in stream 1 is out of range
[mp4 @ 0x91b010500] pts has no value
[mp4 @ 0x91b010500] Packet duration: -1024 / dts: 9051136 in stream 1 is out of range
[mp4 @ 0x91b010500] pts has no value
[mp4 @ 0x91b010500] Packet duration: -1024 / dts: 9053184 in stream 1 is out of range
[mp4 @ 0x91b010500] pts has no value
[mp4 @ 0x91b010500] Packet duration: -1024 / dts: 9054208 in stream 1 is out of range
[mp4 @ 0x91b010500] pts has no value
[mp4 @ 0x91b010500] Packet duration: -1024 / dts: 9056256 in stream 1 is out of range
[mp4 @ 0x91b010500] pts has no value
[mp4 @ 0x91b010500] Packet duration: -1024 / dts: 9057280 in stream 1 is out of range
[mp4 @ 0x91b010500] pts has no value
[mp4 @ 0x91b010500] Packet duration: -1024 / dts: 9059328 in stream 1 is out of range
[mp4 @ 0x91b010500] pts has no value
[mp4 @ 0x91b010500] Packet duration: -1024 / dts: 9060352 in stream 1 is out of range
[mp4 @ 0x91b010500] pts has no value
[mp4 @ 0x91b010500] Packet duration: -1024 / dts: 9062400 in stream 1 is out of range
[mp4 @ 0x91b010500] pts has no value
[mp4 @ 0x91b010500] Packet duration: -1024 / dts: 9063424 in stream 1 is out of range
[mp4 @ 0x91b010500] pts has no value
[mp4 @ 0x91b010500] Packet duration: -1024 / dts: 9065472 in stream 1 is out of range
[mp4 @ 0x91b010500] pts has no value
[mp4 @ 0x91b010500] Packet duration: -1024 / dts: 9067520 in stream 1 is out of range
[mp4 @ 0x91b010500] pts has no value
[mp4 @ 0x91b010500] Packet duration: -1024 / dts: 9068544 in stream 1 is out of range
[mp4 @ 0x91b010500] pts has no value
[mp4 @ 0x91b010500] Packet duration: -1024 / dts: 9070592 in stream 1 is out of range
[mp4 @ 0x91b010500] pts has no value
[mp4 @ 0x91b010500] Packet duration: -1024 / dts: 9071616 in stream 1 is out of range
[mp4 @ 0x91b010500] pts has no value
[mp4 @ 0x91b010500] Packet duration: -1024 / dts: 9073664 in stream 1 is out of range
[mp4 @ 0x91b010500] pts has no value
timestamp: 2903368 segment: 189:0 priority: 127
[2m2026-08-26T07:59:37.779303Z[0m [32m INFO[0m [2mmoq_transport::session::subscribed[0m[2m:[0m [PUBLISHER] serve_subgroup: completed subgroup (group_id=188, subgroup_id=0, 30 objects sent)
timestamp: 9074688 segment: 190:0 priority: 127
[mp4 @ 0x91b010500] Packet duration: -1024 / dts: 9074688 in stream 1 is out of range
[mp4 @ 0x91b010500] pts has no value
[mp4 @ 0x91b010500] Packet duration: -1024 / dts: 9076736 in stream 1 is out of range
[mp4 @ 0x91b010500] pts has no value
[mp4 @ 0x91b010500] Packet duration: -1024 / dts: 9078784 in stream 1 is out of range
[mp4 @ 0x91b010500] pts has no value
[mp4 @ 0x91b010500] Packet duration: -1024 / dts: 9079808 in stream 1 is out of range
[mp4 @ 0x91b010500] pts has no value
[mp4 @ 0x91b010500] Packet duration: -1024 / dts: 9081856 in stream 1 is out of range
[mp4 @ 0x91b010500] pts has no value
[mp4 @ 0x91b010500] Packet duration: -1024 / dts: 9082880 in stream 1 is out of range
[mp4 @ 0x91b010500] pts has no value
[mp4 @ 0x91b010500] Packet duration: -1024 / dts: 9084928 in stream 1 is out of range
[mp4 @ 0x91b010500] pts has no value
[mp4 @ 0x91b010500] Packet duration: -1024 / dts: 9085952 in stream 1 is out of range
[mp4 @ 0x91b010500] pts has no value
[mp4 @ 0x91b010500] Packet duration: -1024 / dts: 9088000 in stream 1 is out of range
[mp4 @ 0x91b010500] pts has no value
[mp4 @ 0x91b010500] Packet duration: -1024 / dts: 9089024 in stream 1 is out of range
[mp4 @ 0x91b010500] pts has no value
[mp4 @ 0x91b010500] Packet duration: -1024 / dts: 9091072 in stream 1 is out of range
[mp4 @ 0x91b010500] pts has no value
[mp4 @ 0x91b010500] Packet duration: -1024 / dts: 9093120 in stream 1 is out of range
[mp4 @ 0x91b010500] pts has no value
[mp4 @ 0x91b010500] Packet duration: -1024 / dts: 9094144 in stream 1 is out of range
[mp4 @ 0x91b010500] pts has no value
[mp4 @ 0x91b010500] Packet duration: -1024 / dts: 9096192 in stream 1 is out of range
[mp4 @ 0x91b010500] pts has no value
[mp4 @ 0x91b010500] Packet duration: -1024 / dts: 9097216 in stream 1 is out of range
[mp4 @ 0x91b010500] pts has no value
[mp4 @ 0x91b010500] Packet duration: -1024 / dts: 9099264 in stream 1 is out of range
[mp4 @ 0x91b010500] pts has no value
[mp4 @ 0x91b010500] Packet duration: -1024 / dts: 9100288 in stream 1 is out of range
[mp4 @ 0x91b010500] pts has no value
[mp4 @ 0x91b010500] Packet duration: -1024 / dts: 9102336 in stream 1 is out of range
[mp4 @ 0x91b010500] pts has no value
[mp4 @ 0x91b010500] Packet duration: -1024 / dts: 9104384 in stream 1 is out of range
[mp4 @ 0x91b010500] pts has no value
[mp4 @ 0x91b010500] Packet duration: -1024 / dts: 9105408 in stream 1 is out of range
[mp4 @ 0x91b010500] pts has no value
[mp4 @ 0x91b010500] Packet duration: -1024 / dts: 9107456 in stream 1 is out of range
[mp4 @ 0x91b010500] pts has no value
[mp4 @ 0x91b010500] Packet duration: -1024 / dts: 9108480 in stream 1 is out of range
[mp4 @ 0x91b010500] pts has no value
[mp4 @ 0x91b010500] Packet duration: -1024 / dts: 9110528 in stream 1 is out of range
[mp4 @ 0x91b010500] pts has no value
[mp4 @ 0x91b010500] Packet duration: -1024 / dts: 9111552 in stream 1 is out of range
[mp4 @ 0x91b010500] pts has no value
[mp4 @ 0x91b010500] Packet duration: -1024 / dts: 9113600 in stream 1 is out of range
[mp4 @ 0x91b010500] pts has no value
[mp4 @ 0x91b010500] Packet duration: -1024 / dts: 9114624 in stream 1 is out of range
[mp4 @ 0x91b010500] pts has no value
[mp4 @ 0x91b010500] Packet duration: -1024 / dts: 9116672 in stream 1 is out of range
[mp4 @ 0x91b010500] pts has no value
[mp4 @ 0x91b010500] Packet duration: -1024 / dts: 9118720 in stream 1 is out of range
[mp4 @ 0x91b010500] pts has no value
[mp4 @ 0x91b010500] Packet duration: -1024 / dts: 9119744 in stream 1 is out of range
[mp4 @ 0x91b010500] pts has no value
[mp4 @ 0x91b010500] Packet duration: -1024 / dts: 9121792 in stream 1 is out of range
[mp4 @ 0x91b010500] pts has no value
timestamp: 2918728 segment: 190:0 priority: 127
[2m2026-08-26T07:59:38.782710Z[0m [32m INFO[0m [2mmoq_transport::session::subscribed[0m[2m:[0m [PUBLISHER] serve_subgroup: completed subgroup (group_id=189, subgroup_id=0, 30 objects sent)
timestamp: 9122816 segment: 191:0 priority: 127
[mp4 @ 0x91b010500] Packet duration: -1024 / dts: 9122816 in stream 1 is out of range
[mp4 @ 0x91b010500] pts has no value
[mp4 @ 0x91b010500] Packet duration: -1024 / dts: 9124864 in stream 1 is out of range
[mp4 @ 0x91b010500] pts has no value
[mp4 @ 0x91b010500] Packet duration: -1024 / dts: 9125888 in stream 1 is out of range
[mp4 @ 0x91b010500] pts has no value
[mp4 @ 0x91b010500] Packet duration: -1024 / dts: 9127936 in stream 1 is out of range
[mp4 @ 0x91b010500] pts has no value
[mp4 @ 0x91b010500] Packet duration: -1024 / dts: 9129984 in stream 1 is out of range
[mp4 @ 0x91b010500] pts has no value
[mp4 @ 0x91b010500] Packet duration: -1024 / dts: 9131008 in stream 1 is out of range
[mp4 @ 0x91b010500] pts has no value
[mp4 @ 0x91b010500] Packet duration: -1024 / dts: 9133056 in stream 1 is out of range
[mp4 @ 0x91b010500] pts has no value
[mp4 @ 0x91b010500] Packet duration: -1024 / dts: 9134080 in stream 1 is out of range
[mp4 @ 0x91b010500] pts has no value
[mp4 @ 0x91b010500] Packet duration: -1024 / dts: 9136128 in stream 1 is out of range
[mp4 @ 0x91b010500] pts has no value
[mp4 @ 0x91b010500] Packet duration: -1024 / dts: 9137152 in stream 1 is out of range
[mp4 @ 0x91b010500] pts has no value
[mp4 @ 0x91b010500] Packet duration: -1024 / dts: 9139200 in stream 1 is out of range
[mp4 @ 0x91b010500] pts has no value
[mp4 @ 0x91b010500] Packet duration: -1024 / dts: 9140224 in stream 1 is out of range
[mp4 @ 0x91b010500] pts has no value
[mp4 @ 0x91b010500] Packet duration: -1024 / dts: 9142272 in stream 1 is out of range
[mp4 @ 0x91b010500] pts has no value
[mp4 @ 0x91b010500] Packet duration: -1024 / dts: 9144320 in stream 1 is out of range
[mp4 @ 0x91b010500] pts has no value
[mp4 @ 0x91b010500] Packet duration: -1024 / dts: 9145344 in stream 1 is out of range
[mp4 @ 0x91b010500] pts has no value
[mp4 @ 0x91b010500] Packet duration: -1024 / dts: 9147392 in stream 1 is out of range
[mp4 @ 0x91b010500] pts has no value
[mp4 @ 0x91b010500] Packet duration: -1024 / dts: 9148416 in stream 1 is out of range
[mp4 @ 0x91b010500] pts has no value
[mp4 @ 0x91b010500] Packet duration: -1024 / dts: 9150464 in stream 1 is out of range
[mp4 @ 0x91b010500] pts has no value
[mp4 @ 0x91b010500] Packet duration: -1024 / dts: 9151488 in stream 1 is out of range
[mp4 @ 0x91b010500] pts has no value
[mp4 @ 0x91b010500] Packet duration: -1024 / dts: 9153536 in stream 1 is out of range
[mp4 @ 0x91b010500] pts has no value
[mp4 @ 0x91b010500] Packet duration: -1024 / dts: 9155584 in stream 1 is out of range
[mp4 @ 0x91b010500] pts has no value
[mp4 @ 0x91b010500] Packet duration: -1024 / dts: 9156608 in stream 1 is out of range
[mp4 @ 0x91b010500] pts has no value
[mp4 @ 0x91b010500] Packet duration: -1024 / dts: 9158656 in stream 1 is out of range
[mp4 @ 0x91b010500] pts has no value
[mp4 @ 0x91b010500] Packet duration: -1024 / dts: 9159680 in stream 1 is out of range
[mp4 @ 0x91b010500] pts has no value
[mp4 @ 0x91b010500] Packet duration: -1024 / dts: 9161728 in stream 1 is out of range
[mp4 @ 0x91b010500] pts has no value
[mp4 @ 0x91b010500] Packet duration: -1024 / dts: 9162752 in stream 1 is out of range
[mp4 @ 0x91b010500] pts has no value
[mp4 @ 0x91b010500] Packet duration: -1024 / dts: 9164800 in stream 1 is out of range
[mp4 @ 0x91b010500] pts has no value
[mp4 @ 0x91b010500] Packet duration: -1024 / dts: 9165824 in stream 1 is out of range
[mp4 @ 0x91b010500] pts has no value
[mp4 @ 0x91b010500] Packet duration: -1024 / dts: 9167872 in stream 1 is out of range
[mp4 @ 0x91b010500] pts has no value
[mp4 @ 0x91b010500] Packet duration: -1024 / dts: 9169920 in stream 1 is out of range
[mp4 @ 0x91b010500] pts has no value
timestamp: 2934088 segment: 191:0 priority: 127
timestamp: 9170944 segment: 192:0 priority: 127
[2m2026-08-26T07:59:39.793028Z[0m [32m INFO[0m [2mmoq_transport::session::subscribed[0m[2m:[0m [PUBLISHER] serve_subgroup: completed subgroup (group_id=190, subgroup_id=0, 30 objects sent)
[mp4 @ 0x91b010500] Packet duration: -1024 / dts: 9170944 in stream 1 is out of range
[mp4 @ 0x91b010500] pts has no value
[mp4 @ 0x91b010500] Packet duration: -1024 / dts: 9172992 in stream 1 is out of range
[mp4 @ 0x91b010500] pts has no value
[mp4 @ 0x91b010500] Packet duration: -1024 / dts: 9174016 in stream 1 is out of range
[mp4 @ 0x91b010500] pts has no value
[mp4 @ 0x91b010500] Packet duration: -1024 / dts: 9176064 in stream 1 is out of range
[mp4 @ 0x91b010500] pts has no value
[mp4 @ 0x91b010500] Packet duration: -1024 / dts: 9177088 in stream 1 is out of range
[mp4 @ 0x91b010500] pts has no value
[mp4 @ 0x91b010500] Packet duration: -1024 / dts: 9179136 in stream 1 is out of range
[mp4 @ 0x91b010500] pts has no value
[mp4 @ 0x91b010500] Packet duration: -1024 / dts: 9181184 in stream 1 is out of range
[mp4 @ 0x91b010500] pts has no value
[mp4 @ 0x91b010500] Packet duration: -1024 / dts: 9182208 in stream 1 is out of range
[mp4 @ 0x91b010500] pts has no value
[mp4 @ 0x91b010500] Packet duration: -1024 / dts: 9184256 in stream 1 is out of range
[mp4 @ 0x91b010500] pts has no value
[mp4 @ 0x91b010500] Packet duration: -1024 / dts: 9185280 in stream 1 is out of range
[mp4 @ 0x91b010500] pts has no value
[mp4 @ 0x91b010500] Packet duration: -1024 / dts: 9187328 in stream 1 is out of range
[mp4 @ 0x91b010500] pts has no value
[mp4 @ 0x91b010500] Packet duration: -1024 / dts: 9188352 in stream 1 is out of range
[mp4 @ 0x91b010500] pts has no value
[mp4 @ 0x91b010500] Packet duration: -1024 / dts: 9190400 in stream 1 is out of range
[mp4 @ 0x91b010500] pts has no value
[mp4 @ 0x91b010500] Packet duration: -1024 / dts: 9191424 in stream 1 is out of range
[mp4 @ 0x91b010500] pts has no value
[mp4 @ 0x91b010500] Packet duration: -1024 / dts: 9193472 in stream 1 is out of range
[mp4 @ 0x91b010500] pts has no value
[mp4 @ 0x91b010500] Packet duration: -1024 / dts: 9195520 in stream 1 is out of range
[mp4 @ 0x91b010500] pts has no value
[mp4 @ 0x91b010500] Packet duration: -1024 / dts: 9196544 in stream 1 is out of range
[mp4 @ 0x91b010500] pts has no value
[mp4 @ 0x91b010500] Packet duration: -1024 / dts: 9198592 in stream 1 is out of range
[mp4 @ 0x91b010500] pts has no value
[mp4 @ 0x91b010500] Packet duration: -1024 / dts: 9199616 in stream 1 is out of range
[mp4 @ 0x91b010500] pts has no value
[mp4 @ 0x91b010500] Packet duration: -1024 / dts: 9201664 in stream 1 is out of range
[mp4 @ 0x91b010500] pts has no value
[mp4 @ 0x91b010500] Packet duration: -1024 / dts: 9202688 in stream 1 is out of range
[mp4 @ 0x91b010500] pts has no value
[mp4 @ 0x91b010500] Packet duration: -1024 / dts: 9204736 in stream 1 is out of range
[mp4 @ 0x91b010500] pts has no value
[mp4 @ 0x91b010500] Packet duration: -1024 / dts: 9206784 in stream 1 is out of range
[mp4 @ 0x91b010500] pts has no value
[mp4 @ 0x91b010500] Packet duration: -1024 / dts: 9207808 in stream 1 is out of range
[mp4 @ 0x91b010500] pts has no value
[mp4 @ 0x91b010500] Packet duration: -1024 / dts: 9209856 in stream 1 is out of range
[mp4 @ 0x91b010500] pts has no value
[mp4 @ 0x91b010500] Packet duration: -1024 / dts: 9210880 in stream 1 is out of range
[mp4 @ 0x91b010500] pts has no value
[mp4 @ 0x91b010500] Packet duration: -1024 / dts: 9212928 in stream 1 is out of range
[mp4 @ 0x91b010500] pts has no value
[mp4 @ 0x91b010500] Packet duration: -1024 / dts: 9213952 in stream 1 is out of range
[mp4 @ 0x91b010500] pts has no value
[mp4 @ 0x91b010500] Packet duration: -1024 / dts: 9216000 in stream 1 is out of range
[mp4 @ 0x91b010500] pts has no value
[mp4 @ 0x91b010500] Packet duration: -1024 / dts: 9217024 in stream 1 is out of range
[mp4 @ 0x91b010500] pts has no value
timestamp: 2949448 segment: 192:0 priority: 127
[2m2026-08-26T07:59:40.800562Z[0m [32m INFO[0m [2mmoq_transport::session::subscribed[0m[2m:[0m [PUBLISHER] serve_subgroup: completed subgroup (group_id=191, subgroup_id=0, 30 objects sent)
timestamp: 9218048 segment: 193:0 priority: 127
[mp4 @ 0x91b010500] Packet duration: -1024 / dts: 9219072 in stream 1 is out of range
[mp4 @ 0x91b010500] pts has no value
[mp4 @ 0x91b010500] Packet duration: -1024 / dts: 9221120 in stream 1 is out of range
[mp4 @ 0x91b010500] pts has no value
[mp4 @ 0x91b010500] Packet duration: -1024 / dts: 9222144 in stream 1 is out of range
[mp4 @ 0x91b010500] pts has no value
[mp4 @ 0x91b010500] Packet duration: -1024 / dts: 9224192 in stream 1 is out of range
[mp4 @ 0x91b010500] pts has no value
[mp4 @ 0x91b010500] Packet duration: -1024 / dts: 9225216 in stream 1 is out of range
[mp4 @ 0x91b010500] pts has no value
[mp4 @ 0x91b010500] Packet duration: -1024 / dts: 9227264 in stream 1 is out of range
[mp4 @ 0x91b010500] pts has no value
[mp4 @ 0x91b010500] Packet duration: -1024 / dts: 9228288 in stream 1 is out of range
[mp4 @ 0x91b010500] pts has no value
[mp4 @ 0x91b010500] Packet duration: -1024 / dts: 9230336 in stream 1 is out of range
[mp4 @ 0x91b010500] pts has no value
[mp4 @ 0x91b010500] Packet duration: -1024 / dts: 9232384 in stream 1 is out of range
[mp4 @ 0x91b010500] pts has no value
[mp4 @ 0x91b010500] Packet duration: -1024 / dts: 9233408 in stream 1 is out of range
[mp4 @ 0x91b010500] pts has no value
[mp4 @ 0x91b010500] Packet duration: -1024 / dts: 9235456 in stream 1 is out of range
[mp4 @ 0x91b010500] pts has no value
[mp4 @ 0x91b010500] Packet duration: -1024 / dts: 9236480 in stream 1 is out of range
[mp4 @ 0x91b010500] pts has no value
[mp4 @ 0x91b010500] Packet duration: -1024 / dts: 9238528 in stream 1 is out of range
[mp4 @ 0x91b010500] pts has no value
[mp4 @ 0x91b010500] Packet duration: -1024 / dts: 9239552 in stream 1 is out of range
[mp4 @ 0x91b010500] pts has no value
[mp4 @ 0x91b010500] Packet duration: -1024 / dts: 9241600 in stream 1 is out of range
[mp4 @ 0x91b010500] pts has no value
[mp4 @ 0x91b010500] Packet duration: -1024 / dts: 9242624 in stream 1 is out of range
[mp4 @ 0x91b010500] pts has no value
[mp4 @ 0x91b010500] Packet duration: -1024 / dts: 9244672 in stream 1 is out of range
[mp4 @ 0x91b010500] pts has no value
[mp4 @ 0x91b010500] Packet duration: -1024 / dts: 9246720 in stream 1 is out of range
[mp4 @ 0x91b010500] pts has no value
[mp4 @ 0x91b010500] Packet duration: -1024 / dts: 9247744 in stream 1 is out of range
[mp4 @ 0x91b010500] pts has no value
[mp4 @ 0x91b010500] Packet duration: -1024 / dts: 9249792 in stream 1 is out of range
[mp4 @ 0x91b010500] pts has no value
[mp4 @ 0x91b010500] Packet duration: -1024 / dts: 9250816 in stream 1 is out of range
[mp4 @ 0x91b010500] pts has no value
[mp4 @ 0x91b010500] Packet duration: -1024 / dts: 9252864 in stream 1 is out of range
[mp4 @ 0x91b010500] pts has no value
[mp4 @ 0x91b010500] Packet duration: -1024 / dts: 9253888 in stream 1 is out of range
[mp4 @ 0x91b010500] pts has no value
[mp4 @ 0x91b010500] Packet duration: -1024 / dts: 9255936 in stream 1 is out of range
[mp4 @ 0x91b010500] pts has no value
[mp4 @ 0x91b010500] Packet duration: -1024 / dts: 9257984 in stream 1 is out of range
[mp4 @ 0x91b010500] pts has no value
[mp4 @ 0x91b010500] Packet duration: -1024 / dts: 9259008 in stream 1 is out of range
[mp4 @ 0x91b010500] pts has no value
[mp4 @ 0x91b010500] Packet duration: -1024 / dts: 9261056 in stream 1 is out of range
[mp4 @ 0x91b010500] pts has no value
[mp4 @ 0x91b010500] Packet duration: -1024 / dts: 9262080 in stream 1 is out of range
[mp4 @ 0x91b010500] pts has no value
[mp4 @ 0x91b010500] Packet duration: -1024 / dts: 9264128 in stream 1 is out of range
[mp4 @ 0x91b010500] pts has no value
[mp4 @ 0x91b010500] Packet duration: -1024 / dts: 9265152 in stream 1 is out of range
[mp4 @ 0x91b010500] pts has no value
timestamp: 2964808 segment: 193:0 priority: 127
[2m2026-08-26T07:59:41.802791Z[0m [32m INFO[0m [2mmoq_transport::session::subscribed[0m[2m:[0m [PUBLISHER] serve_subgroup: completed subgroup (group_id=192, subgroup_id=0, 30 objects sent)
timestamp: 9266176 segment: 194:0 priority: 127
[mp4 @ 0x91b010500] Packet duration: -1024 / dts: 9267200 in stream 1 is out of range
[mp4 @ 0x91b010500] pts has no value
[mp4 @ 0x91b010500] Packet duration: -1024 / dts: 9268224 in stream 1 is out of range
[mp4 @ 0x91b010500] pts has no value
[mp4 @ 0x91b010500] Packet duration: -1024 / dts: 9270272 in stream 1 is out of range
[mp4 @ 0x91b010500] pts has no value
[mp4 @ 0x91b010500] Packet duration: -1024 / dts: 9272320 in stream 1 is out of range
[mp4 @ 0x91b010500] pts has no value
[mp4 @ 0x91b010500] Packet duration: -1024 / dts: 9273344 in stream 1 is out of range
[mp4 @ 0x91b010500] pts has no value
[mp4 @ 0x91b010500] Packet duration: -1024 / dts: 9275392 in stream 1 is out of range
[mp4 @ 0x91b010500] pts has no value
[mp4 @ 0x91b010500] Packet duration: -1024 / dts: 9276416 in stream 1 is out of range
[mp4 @ 0x91b010500] pts has no value
[mp4 @ 0x91b010500] Packet duration: -1024 / dts: 9278464 in stream 1 is out of range
[mp4 @ 0x91b010500] pts has no value
[mp4 @ 0x91b010500] Packet duration: -1024 / dts: 9279488 in stream 1 is out of range
[mp4 @ 0x91b010500] pts has no value
[mp4 @ 0x91b010500] Packet duration: -1024 / dts: 9281536 in stream 1 is out of range
[mp4 @ 0x91b010500] pts has no value
[mp4 @ 0x91b010500] Packet duration: -1024 / dts: 9283584 in stream 1 is out of range
[mp4 @ 0x91b010500] pts has no value
[mp4 @ 0x91b010500] Packet duration: -1024 / dts: 9284608 in stream 1 is out of range
[mp4 @ 0x91b010500] pts has no value
[mp4 @ 0x91b010500] Packet duration: -1024 / dts: 9286656 in stream 1 is out of range
[mp4 @ 0x91b010500] pts has no value
[mp4 @ 0x91b010500] Packet duration: -1024 / dts: 9287680 in stream 1 is out of range
[mp4 @ 0x91b010500] pts has no value
[mp4 @ 0x91b010500] Packet duration: -1024 / dts: 9289728 in stream 1 is out of range
[mp4 @ 0x91b010500] pts has no value
[mp4 @ 0x91b010500] Packet duration: -1024 / dts: 9290752 in stream 1 is out of range
[mp4 @ 0x91b010500] pts has no value
[mp4 @ 0x91b010500] Packet duration: -1024 / dts: 9292800 in stream 1 is out of range
[mp4 @ 0x91b010500] pts has no value
[mp4 @ 0x91b010500] Packet duration: -1024 / dts: 9293824 in stream 1 is out of range
[mp4 @ 0x91b010500] pts has no value
[mp4 @ 0x91b010500] Packet duration: -1024 / dts: 9295872 in stream 1 is out of range
[mp4 @ 0x91b010500] pts has no value
[mp4 @ 0x91b010500] Packet duration: -1024 / dts: 9297920 in stream 1 is out of range
[mp4 @ 0x91b010500] pts has no value
[mp4 @ 0x91b010500] Packet duration: -1024 / dts: 9298944 in stream 1 is out of range
[mp4 @ 0x91b010500] pts has no value
[mp4 @ 0x91b010500] Packet duration: -1024 / dts: 9300992 in stream 1 is out of range
[mp4 @ 0x91b010500] pts has no value
[mp4 @ 0x91b010500] Packet duration: -1024 / dts: 9302016 in stream 1 is out of range
[mp4 @ 0x91b010500] pts has no value
[mp4 @ 0x91b010500] Packet duration: -1024 / dts: 9304064 in stream 1 is out of range
[mp4 @ 0x91b010500] pts has no value
[mp4 @ 0x91b010500] Packet duration: -1024 / dts: 9305088 in stream 1 is out of range
[mp4 @ 0x91b010500] pts has no value
[mp4 @ 0x91b010500] Packet duration: -1024 / dts: 9307136 in stream 1 is out of range
[mp4 @ 0x91b010500] pts has no value
[mp4 @ 0x91b010500] Packet duration: -1024 / dts: 9309184 in stream 1 is out of range
[mp4 @ 0x91b010500] pts has no value
[mp4 @ 0x91b010500] Packet duration: -1024 / dts: 9310208 in stream 1 is out of range
[mp4 @ 0x91b010500] pts has no value
[mp4 @ 0x91b010500] Packet duration: -1024 / dts: 9312256 in stream 1 is out of range
[mp4 @ 0x91b010500] pts has no value
[mp4 @ 0x91b010500] Packet duration: -1024 / dts: 9313280 in stream 1 is out of range
[mp4 @ 0x91b010500] pts has no value
timestamp: 2980168 segment: 194:0 priority: 127
[2m2026-08-26T07:59:42.815278Z[0m [32m INFO[0m [2mmoq_transport::session::subscribed[0m[2m:[0m [PUBLISHER] serve_subgroup: completed subgroup (group_id=193, subgroup_id=0, 30 objects sent)
timestamp: 9314304 segment: 195:0 priority: 127
[mp4 @ 0x91b010500] Packet duration: -1024 / dts: 9315328 in stream 1 is out of range
[mp4 @ 0x91b010500] pts has no value
[mp4 @ 0x91b010500] Packet duration: -1024 / dts: 9316352 in stream 1 is out of range
[mp4 @ 0x91b010500] pts has no value
[mp4 @ 0x91b010500] Packet duration: -1024 / dts: 9318400 in stream 1 is out of range
[mp4 @ 0x91b010500] pts has no value
[mp4 @ 0x91b010500] Packet duration: -1024 / dts: 9319424 in stream 1 is out of range
[mp4 @ 0x91b010500] pts has no value
[mp4 @ 0x91b010500] Packet duration: -1024 / dts: 9321472 in stream 1 is out of range
[mp4 @ 0x91b010500] pts has no value
[mp4 @ 0x91b010500] Packet duration: -1024 / dts: 9323520 in stream 1 is out of range
[mp4 @ 0x91b010500] pts has no value
[mp4 @ 0x91b010500] Packet duration: -1024 / dts: 9324544 in stream 1 is out of range
[mp4 @ 0x91b010500] pts has no value
[mp4 @ 0x91b010500] Packet duration: -1024 / dts: 9326592 in stream 1 is out of range
[mp4 @ 0x91b010500] pts has no value
[mp4 @ 0x91b010500] Packet duration: -1024 / dts: 9327616 in stream 1 is out of range
[mp4 @ 0x91b010500] pts has no value
[mp4 @ 0x91b010500] Packet duration: -1024 / dts: 9329664 in stream 1 is out of range
[mp4 @ 0x91b010500] pts has no value
[mp4 @ 0x91b010500] Packet duration: -1024 / dts: 9330688 in stream 1 is out of range
[mp4 @ 0x91b010500] pts has no value
[mp4 @ 0x91b010500] Packet duration: -1024 / dts: 9332736 in stream 1 is out of range
[mp4 @ 0x91b010500] pts has no value
[mp4 @ 0x91b010500] Packet duration: -1024 / dts: 9334784 in stream 1 is out of range
[mp4 @ 0x91b010500] pts has no value
[mp4 @ 0x91b010500] Packet duration: -1024 / dts: 9335808 in stream 1 is out of range
[mp4 @ 0x91b010500] pts has no value
[mp4 @ 0x91b010500] Packet duration: -1024 / dts: 9337856 in stream 1 is out of range
[mp4 @ 0x91b010500] pts has no value
[mp4 @ 0x91b010500] Packet duration: -1024 / dts: 9338880 in stream 1 is out of range
[mp4 @ 0x91b010500] pts has no value
[mp4 @ 0x91b010500] Packet duration: -1024 / dts: 9340928 in stream 1 is out of range
[mp4 @ 0x91b010500] pts has no value
[mp4 @ 0x91b010500] Packet duration: -1024 / dts: 9341952 in stream 1 is out of range
[mp4 @ 0x91b010500] pts has no value
[mp4 @ 0x91b010500] Packet duration: -1024 / dts: 9344000 in stream 1 is out of range
[mp4 @ 0x91b010500] pts has no value
[mp4 @ 0x91b010500] Packet duration: -1024 / dts: 9345024 in stream 1 is out of range
[mp4 @ 0x91b010500] pts has no value
[mp4 @ 0x91b010500] Packet duration: -1024 / dts: 9347072 in stream 1 is out of range
[mp4 @ 0x91b010500] pts has no value
[mp4 @ 0x91b010500] Packet duration: -1024 / dts: 9349120 in stream 1 is out of range
[mp4 @ 0x91b010500] pts has no value
[mp4 @ 0x91b010500] Packet duration: -1024 / dts: 9350144 in stream 1 is out of range
[mp4 @ 0x91b010500] pts has no value
[mp4 @ 0x91b010500] Packet duration: -1024 / dts: 9352192 in stream 1 is out of range
[mp4 @ 0x91b010500] pts has no value
[mp4 @ 0x91b010500] Packet duration: -1024 / dts: 9353216 in stream 1 is out of range
[mp4 @ 0x91b010500] pts has no value
[mp4 @ 0x91b010500] Packet duration: -1024 / dts: 9355264 in stream 1 is out of range
[mp4 @ 0x91b010500] pts has no value
[mp4 @ 0x91b010500] Packet duration: -1024 / dts: 9356288 in stream 1 is out of range
[mp4 @ 0x91b010500] pts has no value
[mp4 @ 0x91b010500] Packet duration: -1024 / dts: 9358336 in stream 1 is out of range
[mp4 @ 0x91b010500] pts has no value
[mp4 @ 0x91b010500] Packet duration: -1024 / dts: 9360384 in stream 1 is out of range
[mp4 @ 0x91b010500] pts has no value
[mp4 @ 0x91b010500] Packet duration: -1024 / dts: 9361408 in stream 1 is out of range
[mp4 @ 0x91b010500] pts has no value
timestamp: 2995528 segment: 195:0 priority: 127
[2m2026-08-26T07:59:43.824050Z[0m [32m INFO[0m [2mmoq_transport::session::subscribed[0m[2m:[0m [PUBLISHER] serve_subgroup: completed subgroup (group_id=194, subgroup_id=0, 30 objects sent)
timestamp: 9362432 segment: 196:0 priority: 127
[mp4 @ 0x91b010500] Packet duration: -1024 / dts: 9363456 in stream 1 is out of range
[mp4 @ 0x91b010500] pts has no value
[mp4 @ 0x91b010500] Packet duration: -1024 / dts: 9364480 in stream 1 is out of range
[mp4 @ 0x91b010500] pts has no value
[mp4 @ 0x91b010500] Packet duration: -1024 / dts: 9366528 in stream 1 is out of range
[mp4 @ 0x91b010500] pts has no value
[mp4 @ 0x91b010500] Packet duration: -1024 / dts: 9367552 in stream 1 is out of range
[mp4 @ 0x91b010500] pts has no value
[mp4 @ 0x91b010500] Packet duration: -1024 / dts: 9369600 in stream 1 is out of range
[mp4 @ 0x91b010500] pts has no value
[mp4 @ 0x91b010500] Packet duration: -1024 / dts: 9370624 in stream 1 is out of range
[mp4 @ 0x91b010500] pts has no value
[mp4 @ 0x91b010500] Packet duration: -1024 / dts: 9372672 in stream 1 is out of range
[mp4 @ 0x91b010500] pts has no value
[mp4 @ 0x91b010500] Packet duration: -1024 / dts: 9374720 in stream 1 is out of range
[mp4 @ 0x91b010500] pts has no value
[mp4 @ 0x91b010500] Packet duration: -1024 / dts: 9375744 in stream 1 is out of range
[mp4 @ 0x91b010500] pts has no value
[mp4 @ 0x91b010500] Packet duration: -1024 / dts: 9377792 in stream 1 is out of range
[mp4 @ 0x91b010500] pts has no value
[mp4 @ 0x91b010500] Packet duration: -1024 / dts: 9378816 in stream 1 is out of range
[mp4 @ 0x91b010500] pts has no value
[mp4 @ 0x91b010500] Packet duration: -1024 / dts: 9380864 in stream 1 is out of range
[mp4 @ 0x91b010500] pts has no value
[mp4 @ 0x91b010500] Packet duration: -1024 / dts: 9381888 in stream 1 is out of range
[mp4 @ 0x91b010500] pts has no value
[mp4 @ 0x91b010500] Packet duration: -1024 / dts: 9383936 in stream 1 is out of range
[mp4 @ 0x91b010500] pts has no value
[mp4 @ 0x91b010500] Packet duration: -1024 / dts: 9385984 in stream 1 is out of range
[mp4 @ 0x91b010500] pts has no value
[mp4 @ 0x91b010500] Packet duration: -1024 / dts: 9387008 in stream 1 is out of range
[mp4 @ 0x91b010500] pts has no value
[mp4 @ 0x91b010500] Packet duration: -1024 / dts: 9389056 in stream 1 is out of range
[mp4 @ 0x91b010500] pts has no value
[mp4 @ 0x91b010500] Packet duration: -1024 / dts: 9390080 in stream 1 is out of range
[mp4 @ 0x91b010500] pts has no value
[mp4 @ 0x91b010500] Packet duration: -1024 / dts: 9392128 in stream 1 is out of range
[mp4 @ 0x91b010500] pts has no value
[mp4 @ 0x91b010500] Packet duration: -1024 / dts: 9393152 in stream 1 is out of range
[mp4 @ 0x91b010500] pts has no value
[mp4 @ 0x91b010500] Packet duration: -1024 / dts: 9395200 in stream 1 is out of range
[mp4 @ 0x91b010500] pts has no value
[mp4 @ 0x91b010500] Packet duration: -1024 / dts: 9396224 in stream 1 is out of range
[mp4 @ 0x91b010500] pts has no value
[mp4 @ 0x91b010500] Packet duration: -1024 / dts: 9398272 in stream 1 is out of range
[mp4 @ 0x91b010500] pts has no value
[mp4 @ 0x91b010500] Packet duration: -1024 / dts: 9400320 in stream 1 is out of range
[mp4 @ 0x91b010500] pts has no value
[mp4 @ 0x91b010500] Packet duration: -1024 / dts: 9401344 in stream 1 is out of range
[mp4 @ 0x91b010500] pts has no value
[mp4 @ 0x91b010500] Packet duration: -1024 / dts: 9403392 in stream 1 is out of range
[mp4 @ 0x91b010500] pts has no value
[mp4 @ 0x91b010500] Packet duration: -1024 / dts: 9404416 in stream 1 is out of range
[mp4 @ 0x91b010500] pts has no value
[mp4 @ 0x91b010500] Packet duration: -1024 / dts: 9406464 in stream 1 is out of range
[mp4 @ 0x91b010500] pts has no value
[mp4 @ 0x91b010500] Packet duration: -1024 / dts: 9407488 in stream 1 is out of range
[mp4 @ 0x91b010500] pts has no value
[mp4 @ 0x91b010500] Packet duration: -1024 / dts: 9409536 in stream 1 is out of range
[mp4 @ 0x91b010500] pts has no value
[mp4 @ 0x91b010500] Packet duration: -1024 / dts: 9411584 in stream 1 is out of range
[mp4 @ 0x91b010500] pts has no value
[mp4 @ 0x91b010500] Packet duration: -1024 / dts: 9412608 in stream 1 is out of range
[mp4 @ 0x91b010500] pts has no value
[mp4 @ 0x91b010500] Packet duration: -1024 / dts: 9414656 in stream 1 is out of range
[mp4 @ 0x91b010500] pts has no value
[vost#0:0/libx264 @ 0x91a804000] Error submitting a packet to the muxer: Broken pipe
    Last message repeated 1 times
[out#0/mp4 @ 0x91ac34600] Error muxing a packet
[out#0/mp4 @ 0x91ac34600] Task finished with error code: -32 (Broken pipe)
[out#0/mp4 @ 0x91ac34600] Terminating thread with return code -32 (Broken pipe)
[out#0/mp4 @ 0x91ac34600] Error writing trailer: Broken pipe
[out#0/mp4 @ 0x91ac34600] Error closing file: Broken pipe
